split_type,horizon,factor,split_value,ic_days,mean_ic,median_ic,std_ic,icir,positive_ic_rate,mean_group_n,factor_group
size_bucket,3d,industry_amount_share,size_q5,2029,-0.015567839744091067,-0.014895738766099325,0.1923057062408272,-1.28509860321434,0.4691966485953672,879.4430754066043,industry_crowding
size_bucket,3d,stock_amount_share_in_industry,size_q5,2029,0.0013357296859012689,0.0011899122193582115,0.12424103120113766,0.1706686688061946,0.50418925579103,879.4430754066043,liquidity_crowding
size_bucket,3d,turnover_rate,size_q5,2029,-0.03398135190541421,-0.03577371005390699,0.20381725858256794,-2.6466710517276977,0.44208969935929027,879.4430754066043,liquidity
size_bucket,3d,log_amount,size_q5,2029,-0.016923637068041807,-0.015562981475614947,0.14945519979781596,-1.7975581319884157,0.4603252833908329,879.4430754066043,liquidity
size_bucket,3d,log_total_mv,size_q5,2029,0.01234617789017098,0.011520766458418583,0.12616959340327696,1.5533813873117295,0.5327747658945293,879.4430754066043,size
size_bucket,3d,stock_ret_1d,size_q5,2028,-0.00900063038303036,-0.008240077260924742,0.1542094404142849,-0.9265358685824445,0.4723865877712032,879.5655818540434,price_momentum_reversal
size_bucket,3d,stock_rel_industry_ret_1d,size_q5,2028,-0.0041269426088159375,-0.007170842650580695,0.09680332053148775,-0.6767658645187558,0.4718934911242604,879.5655818540434,relative_strength
size_bucket,3d,stock_ret_5d,size_q5,2024,-0.01574051607386058,-0.00861544214062317,0.16209071850088397,-1.5415623334048993,0.4817193675889328,880.0064229249011,price_momentum_reversal
size_bucket,3d,stock_rel_industry_ret_5d,size_q5,2024,-0.011305487420937795,-0.010195098219887958,0.10653864660130306,-1.684544104156354,0.4673913043478261,880.0064229249011,relative_strength
size_bucket,3d,industry_ret_5d,size_q5,2024,-0.010038472067608115,-0.004510071623682188,0.17081860639349694,-0.9328948828716316,0.48863636363636365,880.0568181818181,industry_strength
size_bucket,3d,industry_breadth_20d,size_q5,2020,-0.01088365076386626,-0.013370780822412326,0.17226215863501074,-1.0029631640230432,0.46683168316831686,880.5440594059406,industry_breadth
size_bucket,3d,industry_amount_share_roll20d,size_q5,2020,-0.0131308435471041,-0.01186310632379534,0.1951705177264417,-1.0680182724778822,0.47425742574257423,880.5440594059406,industry_crowding
size_bucket,3d,stock_ret_20d,size_q5,2009,-0.01845481130494934,-0.01257337741896412,0.18058903209411806,-1.6222527128914055,0.47486311597809855,881.6172224987556,price_momentum
size_bucket,3d,stock_rel_industry_ret_20d,size_q5,2009,-0.011191552878366512,-0.011197039928740663,0.11914370180438687,-1.491143816367303,0.4649079143852663,881.6172224987556,relative_strength
size_bucket,3d,industry_ret_20d,size_q5,2009,-0.012407160328417061,-0.011886322632825828,0.18440294423632234,-1.068082535496702,0.4698855151816824,881.9029367844698,industry_strength
size_bucket,3d,industry_breadth_60d,size_q5,2000,-0.015101642886024095,-0.008484798332034386,0.18746987507737928,-1.2787715823175034,0.4815,883.154,industry_breadth
size_bucket,3d,industry_amount_share_roll60d,size_q5,2000,-0.011037840390145888,-0.009372471203925443,0.1962031397255849,-0.8930554543947103,0.483,883.154,industry_crowding
size_bucket,3d,stock_ret_60d,size_q5,1969,-0.015981485339049563,-0.005588868180532625,0.20299876154548438,-1.2497525245958474,0.4906043676993398,886.2254951752159,price_momentum
size_bucket,3d,stock_rel_industry_ret_60d,size_q5,1969,-0.007930487392769288,-0.0051810304015565654,0.1386111850404455,-0.9082426101765811,0.4819705434230574,886.2254951752159,relative_strength
size_bucket,3d,industry_ret_60d,size_q5,1969,-0.012530708393855257,0.003999918219300421,0.1964683999000687,-1.0124723826877065,0.5078720162519045,887.2569832402235,industry_strength
size_bucket,3d,industry_crowding_score,size_q5,1969,-0.01528611840069248,-0.010676105198262273,0.16539676724828004,-1.4671363342553334,0.47638395124428645,887.2569832402235,industry_crowding
size_bucket,3d,industry_amount_share,size_q1,2028,-0.006967864937142962,-0.003232955629543539,0.13180401826039403,-0.839211339809658,0.48520710059171596,791.3121301775147,industry_crowding
size_bucket,3d,stock_amount_share_in_industry,size_q1,2028,-0.01929399932947143,-0.02524493468924171,0.12673605370647814,-2.4166978154387215,0.3969428007889546,791.3121301775147,liquidity_crowding
size_bucket,3d,turnover_rate,size_q1,2028,-0.04493967338271441,-0.05266320931284833,0.15704674280786188,-4.542566027616293,0.3678500986193294,791.3121301775147,liquidity
size_bucket,3d,log_amount,size_q1,2028,-0.044104310193221384,-0.04754465040050169,0.14824850749671978,-4.7227066965202384,0.3796844181459566,791.3121301775147,liquidity
size_bucket,3d,log_total_mv,size_q1,2028,-0.014770157481128884,-0.01310386345466091,0.12689093698765821,-1.8477992730463364,0.44822485207100593,791.3121301775147,size
size_bucket,3d,stock_ret_1d,size_q1,2027,-0.007189496483320061,-0.00516485451397532,0.14218362099425225,-0.8026924457384833,0.4849531327084361,791.4089787863838,price_momentum_reversal
size_bucket,3d,stock_rel_industry_ret_1d,size_q1,2027,-0.010565226515840775,-0.007661450249773925,0.12096418502264822,-1.386507679148822,0.4706462752836704,791.4089787863838,relative_strength
size_bucket,3d,stock_ret_5d,size_q1,2023,-0.028980730137180794,-0.01949208767855629,0.15036381659169362,-3.059611274603317,0.4379634206623826,791.7424616905586,price_momentum_reversal
size_bucket,3d,stock_rel_industry_ret_5d,size_q1,2023,-0.03191121391685035,-0.025605028553111614,0.12854640292876568,-3.940793400728112,0.40533860603064753,791.7424616905586,relative_strength
size_bucket,3d,industry_ret_5d,size_q1,2023,0.0005687984594211451,4.6438340945082617e-05,0.11146008535568949,0.08101012653682826,0.5002471576866041,791.7889273356401,industry_strength
size_bucket,3d,industry_breadth_20d,size_q1,2019,0.0006055613840057779,-0.003139443196430258,0.11170479024165865,0.08605708791166261,0.48588410104011887,792.1500742942051,industry_breadth
size_bucket,3d,industry_amount_share_roll20d,size_q1,2019,-0.006169547960871196,-0.003087145599021869,0.13309264731121662,-0.7358673797200147,0.4943041109460129,792.1500742942051,industry_crowding
size_bucket,3d,stock_ret_20d,size_q1,2008,-0.0383911234246256,-0.034461613171898366,0.15682470518144873,-3.886123618715189,0.39641434262948205,792.8411354581673,price_momentum
size_bucket,3d,stock_rel_industry_ret_20d,size_q1,2008,-0.03600194471271411,-0.03365869635948074,0.13192616004668062,-4.3320684415055055,0.3660358565737052,792.8411354581673,relative_strength
size_bucket,3d,industry_ret_20d,size_q1,2008,-0.006251425953388783,-0.004723383244631842,0.11329857291173064,-0.8759007984198063,0.47808764940239046,793.1364541832669,industry_strength
size_bucket,3d,industry_breadth_60d,size_q1,1999,-0.0029378252605931653,-0.00037041333624216204,0.11246628521554294,-0.41467120675301744,0.49824912456228115,794.2011005502751,industry_breadth
size_bucket,3d,industry_amount_share_roll60d,size_q1,1999,-0.004628117368085695,-0.002326418865669534,0.1319581535857613,-0.5567604848190959,0.49224612306153076,794.2011005502751,industry_crowding
size_bucket,3d,stock_ret_60d,size_q1,1968,-0.03004830390037574,-0.031168375235874193,0.16314563941719096,-2.9237804843704307,0.4166666666666667,795.9481707317074,price_momentum
size_bucket,3d,stock_rel_industry_ret_60d,size_q1,1968,-0.02408302751273933,-0.021719548723260713,0.13774621827462197,-2.7754388794559257,0.41615853658536583,795.9481707317074,relative_strength
size_bucket,3d,industry_ret_60d,size_q1,1968,-0.01072830651039339,-0.004765906364073126,0.11558133241507709,-1.4734783077309535,0.48272357723577236,797.1935975609756,industry_strength
size_bucket,3d,industry_crowding_score,size_q1,1968,-0.01091407346163889,-0.010070911941187465,0.09710520579427301,-1.7842044986566128,0.45934959349593496,797.1935975609756,industry_crowding
size_bucket,3d,industry_amount_share,size_q2,2029,-0.004720775212607789,-0.0058329396123249335,0.1518642634168359,-0.49346687339005474,0.4810251355347462,849.4923607688517,industry_crowding
size_bucket,3d,stock_amount_share_in_industry,size_q2,2029,-0.03299956764873073,-0.036630503817629397,0.11381749129212577,-4.602560557960616,0.37456875308033516,849.4923607688517,liquidity_crowding
size_bucket,3d,turnover_rate,size_q2,2029,-0.062340246011419555,-0.07042441740964764,0.1575730920439164,-6.280391612960176,0.3351404632824051,849.4923607688517,liquidity
size_bucket,3d,log_amount,size_q2,2029,-0.05985814481261092,-0.06811929698847843,0.14819141539978284,-6.4121028072490445,0.32577624445539677,849.4923607688517,liquidity
size_bucket,3d,log_total_mv,size_q2,2029,-0.00507065843854808,-0.00521706894561272,0.05063160972171677,-1.5898014642021252,0.4563824544110399,849.4923607688517,size
size_bucket,3d,stock_ret_1d,size_q2,2028,-0.007139770563067422,-0.0029654940978379755,0.12689038511699288,-0.8932145951256768,0.4921104536489152,849.6089743589744,price_momentum_reversal
size_bucket,3d,stock_rel_industry_ret_1d,size_q2,2028,-0.008847654100173862,-0.005708490126125213,0.08848583158751513,-1.5872841119583603,0.46942800788954636,849.6089743589744,relative_strength
size_bucket,3d,stock_ret_5d,size_q2,2024,-0.026632538946977646,-0.02678696708804422,0.1375738581954892,-3.0731016383571297,0.43379446640316205,850.0158102766799,price_momentum_reversal
size_bucket,3d,stock_rel_industry_ret_5d,size_q2,2024,-0.02777974563345547,-0.023617470951215566,0.10138113564062093,-4.349820978014772,0.3967391304347826,850.0158102766799,relative_strength
size_bucket,3d,industry_ret_5d,size_q2,2024,-0.0011335363285087474,-5.5011921789651024e-05,0.1320135800771976,-0.13630666900500402,0.49950592885375494,850.0775691699605,industry_strength
size_bucket,3d,industry_breadth_20d,size_q2,2020,-0.0023500792448628424,-0.0004945180713508488,0.1319331072955452,-0.28276717060592543,0.498019801980198,850.5618811881188,industry_breadth
size_bucket,3d,industry_amount_share_roll20d,size_q2,2020,-0.003618995707752809,-0.0031059185199141977,0.1535617595843696,-0.3741151181559676,0.4910891089108911,850.5618811881188,industry_crowding
size_bucket,3d,stock_ret_20d,size_q2,2009,-0.04277614780189169,-0.04287355140199628,0.13952312892372698,-4.866937116541458,0.37630662020905925,851.5798904927825,price_momentum
size_bucket,3d,stock_rel_industry_ret_20d,size_q2,2009,-0.0409372173020221,-0.03992595810219528,0.10269682245390331,-6.327928776770699,0.335490293678447,851.5798904927825,relative_strength
size_bucket,3d,industry_ret_20d,size_q2,2009,-0.0077330615803717926,-0.003311244109650585,0.1370920851633012,-0.8954459095333178,0.4883026381284221,851.8949726231956,industry_strength
size_bucket,3d,industry_breadth_60d,size_q2,2000,-0.008203829877358784,-0.004074212870418042,0.1380659391427132,-0.9432577124472521,0.49,853.218,industry_breadth
size_bucket,3d,industry_amount_share_roll60d,size_q2,2000,-0.0019417171853908118,-0.003251356198199405,0.15246989284835416,-0.2021632215905309,0.491,853.218,industry_crowding
size_bucket,3d,stock_ret_60d,size_q2,1969,-0.03737101318039051,-0.036914894419384385,0.14123533882703243,-4.200410801106347,0.40020314880650076,855.9598781107161,price_momentum
size_bucket,3d,stock_rel_industry_ret_60d,size_q2,1969,-0.031008640754030613,-0.029792728484258183,0.10041211307812771,-4.902266235477402,0.38344337227018793,855.9598781107161,relative_strength
size_bucket,3d,industry_ret_60d,size_q2,1969,-0.013889973542460255,-0.007595711289008591,0.14112195095701358,-1.5624535571426765,0.4779075672930422,857.209751142712,industry_strength
size_bucket,3d,industry_crowding_score,size_q2,1969,-0.012704168779429006,-0.009556552547036114,0.11805573435237056,-1.7082815022183733,0.4662265109192483,857.209751142712,industry_crowding
size_bucket,3d,stock_ret_1d,size_q4,2028,-0.010727022866929371,-0.008668488977329969,0.13565626151058977,-1.2552771762083115,0.47682445759368836,865.0710059171597,price_momentum_reversal
size_bucket,3d,stock_ret_5d,size_q4,2024,-0.02051174974460807,-0.013977212527702712,0.1445052840233142,-2.2533012192247557,0.45701581027667987,865.4599802371541,price_momentum_reversal
size_bucket,3d,stock_ret_20d,size_q4,2009,-0.030238886537043534,-0.02369716848906582,0.15209005535713097,-3.15620532240533,0.42857142857142855,866.9556993529119,price_momentum
size_bucket,3d,stock_rel_industry_ret_1d,size_q4,2028,-0.009795200818285887,-0.0077192007277452936,0.08504916152192868,-1.8282836615929856,0.45956607495069035,865.0710059171597,relative_strength
size_bucket,3d,stock_rel_industry_ret_5d,size_q4,2024,-0.017779857897642616,-0.013235596271514735,0.09591005223034217,-2.942824943745456,0.44219367588932806,865.4599802371541,relative_strength
size_bucket,3d,stock_rel_industry_ret_20d,size_q4,2009,-0.025067067862354818,-0.025324333379221138,0.10100193031227928,-3.939799613115355,0.4101543056246889,866.9556993529119,relative_strength
size_bucket,3d,industry_ret_5d,size_q4,2024,-0.0071100365626558,-0.0028082069666138677,0.15278974725144018,-0.738716657201085,0.491600790513834,865.5395256916996,industry_strength
size_bucket,3d,industry_ret_20d,size_q4,2009,-0.012142000877977024,-0.009407336360660792,0.1618549872859234,-1.1908702455404299,0.4753608760577402,867.3300149328024,industry_strength
size_bucket,3d,industry_breadth_20d,size_q4,2020,-0.00850876793118686,-0.006695048225440651,0.15133012916868963,-0.8925684805721988,0.4801980198019802,866.0108910891089,industry_breadth
size_bucket,3d,industry_breadth_60d,size_q4,2000,-0.011963577440155604,-0.007675480136107131,0.1625490936981176,-1.1683602772747175,0.4825,868.5655,industry_breadth
size_bucket,3d,industry_amount_share,size_q4,2029,-0.012347214718113802,-0.012029819240658187,0.18087201025888527,-1.0836721330742487,0.4756037456875308,864.9556431739774,industry_crowding
size_bucket,3d,industry_amount_share_roll20d,size_q4,2020,-0.009994001521477077,-0.007225527199465582,0.18304638565385936,-0.8667194121460763,0.48267326732673266,866.0108910891089,industry_crowding
size_bucket,3d,industry_amount_share_roll60d,size_q4,2000,-0.008227378497682604,-0.00609298335533658,0.1831055397351278,-0.7132803566191299,0.488,868.5655,industry_crowding
size_bucket,3d,stock_amount_share_in_industry,size_q4,2029,-0.01824908882513956,-0.019465747161071197,0.1094567890334914,-2.646663643864452,0.4346968950221784,864.9556431739774,liquidity_crowding
size_bucket,3d,turnover_rate,size_q4,2029,-0.04932070658884986,-0.05193020013552478,0.18010353284345051,-4.347177050663617,0.39822572695909314,864.9556431739774,liquidity
size_bucket,3d,log_amount,size_q4,2029,-0.04347416093343627,-0.04110264146403475,0.16618725737498896,-4.152730604159403,0.393790044356826,864.9556431739774,liquidity
size_bucket,3d,log_total_mv,size_q4,2029,0.0024736340464518196,0.0024461779887893545,0.058827381257083984,0.6675075838810155,0.5170034499753573,864.9556431739774,size
size_bucket,3d,stock_ret_60d,size_q4,1969,-0.028551258436584463,-0.021471175921280283,0.16490521228372726,-2.748470896523317,0.44794311833417977,870.8054850177755,price_momentum
size_bucket,3d,stock_rel_industry_ret_60d,size_q4,1969,-0.021571455737799533,-0.02116179100897749,0.10992578799561553,-3.11515841772076,0.42356526155408836,870.8054850177755,relative_strength
size_bucket,3d,industry_ret_60d,size_q4,1969,-0.015153499158013804,-0.007546822189567228,0.1681165021327995,-1.4308788163886919,0.47536820721178263,872.4667343829356,industry_strength
size_bucket,3d,industry_crowding_score,size_q4,1969,-0.017471463004518677,-0.014354364734418529,0.14247070779705007,-1.946722110046774,0.457592686642966,872.4667343829356,industry_crowding
size_bucket,3d,stock_ret_1d,size_q3,2028,-0.009776474282412875,-0.003944369872216176,0.12963767769070908,-1.1971574982388118,0.48570019723865876,856.4561143984221,price_momentum_reversal
size_bucket,3d,stock_ret_5d,size_q3,2024,-0.02670793896937758,-0.023603482107158753,0.1386054516556992,-3.0588651615057145,0.4258893280632411,856.8695652173913,price_momentum_reversal
size_bucket,3d,stock_ret_20d,size_q3,2009,-0.03979862168134883,-0.034378030469871916,0.1444662628561918,-4.373225419286021,0.406172224987556,858.3524141363863,price_momentum
size_bucket,3d,stock_rel_industry_ret_1d,size_q3,2028,-0.00994191807792521,-0.005735053942190929,0.08502537822321146,-1.8561876469479728,0.4630177514792899,856.4561143984221,relative_strength
size_bucket,3d,stock_rel_industry_ret_5d,size_q3,2024,-0.02697996770605203,-0.02494291518486002,0.0965654045275969,-4.435270702585885,0.391304347826087,856.8695652173913,relative_strength
size_bucket,3d,stock_rel_industry_ret_20d,size_q3,2009,-0.036990678116093634,-0.034037322090016184,0.09946475955549533,-5.903687028060536,0.3628670980587357,858.3524141363863,relative_strength
size_bucket,3d,industry_ret_5d,size_q3,2024,-0.0030436102200678424,-0.0022028684669687776,0.1415631462956944,-0.3413022078483855,0.4950592885375494,856.9303359683795,industry_strength
size_bucket,3d,industry_ret_20d,size_q3,2009,-0.00957894844148924,-0.006948599876111518,0.1478888862968098,-1.0282117621804139,0.4808362369337979,858.6829268292682,industry_strength
size_bucket,3d,industry_breadth_20d,size_q3,2020,-0.003563742085043301,0.00014791615852908767,0.13980827851587377,-0.40464450577133027,0.5004950495049505,857.3950495049505,industry_breadth
size_bucket,3d,industry_breadth_60d,size_q3,2000,-0.009013097303388286,-0.0018294462028664138,0.14709161469412907,-0.9727167951801977,0.493,859.9465,industry_breadth
size_bucket,3d,industry_amount_share,size_q3,2029,-0.011623107486942098,-0.014323158122761588,0.17069702782429114,-1.0809274981826797,0.47116806308526366,856.3366190241499,industry_crowding
size_bucket,3d,industry_amount_share_roll20d,size_q3,2020,-0.009955945373011532,-0.008977872305238329,0.17318266604878746,-0.9125955659827585,0.48316831683168315,857.3950495049505,industry_crowding
size_bucket,3d,industry_amount_share_roll60d,size_q3,2000,-0.008180253529636828,-0.004757055318242064,0.17265136761825914,-0.7521371003118015,0.49,859.9465,industry_crowding
size_bucket,3d,stock_amount_share_in_industry,size_q3,2029,-0.02600276132327929,-0.026791568826164944,0.11199240466411892,-3.6857949466500317,0.4021685559388862,856.3366190241499,liquidity_crowding
size_bucket,3d,turnover_rate,size_q3,2029,-0.05906091014951433,-0.059828853866878015,0.1688798132136494,-5.5516575067404,0.3592902907836373,856.3366190241499,liquidity
size_bucket,3d,log_amount,size_q3,2029,-0.05651867089084948,-0.05869635459525873,0.16103129926450166,-5.571625452644796,0.3518974864465254,856.3366190241499,liquidity
size_bucket,3d,log_total_mv,size_q3,2029,-0.0051147416842151966,-0.005508742953350374,0.047155260256241976,-1.7218441094250285,0.4494825036964022,856.3366190241499,size
size_bucket,3d,stock_ret_60d,size_q3,1969,-0.03554343904413918,-0.03275040309094078,0.15054082798788587,-3.748050347843563,0.41239207719654647,862.4941594718131,price_momentum
size_bucket,3d,stock_rel_industry_ret_60d,size_q3,1969,-0.029037454735478356,-0.02837596924712696,0.10159060536188025,-4.537381207408252,0.39106145251396646,862.4941594718131,relative_strength
size_bucket,3d,industry_ret_60d,size_q3,1969,-0.015160824256174297,-0.004444707446774466,0.15061646601890738,-1.5979038034616069,0.48908075165058407,863.8176739461655,industry_strength
size_bucket,3d,industry_crowding_score,size_q3,1969,-0.015812527314754174,-0.007555302427228247,0.12732988973025303,-1.9713838579245444,0.4728288471305231,863.8176739461655,industry_crowding
size_bucket,3d,stock_ret_1d,size_qnan,235,0.07304987797335771,0.07057098370762876,0.2200865492368116,5.268976530132981,0.6127659574468085,42.48936170212766,price_momentum_reversal
size_bucket,3d,stock_ret_5d,size_qnan,235,-0.006436755783218862,-9.049978508620379e-05,0.22786195749700158,-0.44843084575040537,0.4978723404255319,42.48936170212766,price_momentum_reversal
size_bucket,3d,stock_ret_20d,size_qnan,235,0.04295763175708966,0.05205278592375366,0.23132621117214353,2.9479204271488015,0.6,42.48936170212766,price_momentum
size_bucket,3d,stock_ret_60d,size_qnan,235,0.04806243184393161,0.038489736070381225,0.2650020057781057,2.8791006699891306,0.5787234042553191,42.48936170212766,price_momentum
size_bucket,3d,stock_rel_industry_ret_1d,size_qnan,235,0.05201344722398998,0.05749511005298813,0.21360227204300072,3.8655388316700177,0.5957446808510638,42.48936170212766,relative_strength
size_bucket,3d,stock_rel_industry_ret_5d,size_qnan,235,-0.013978529235242086,-0.01099706744868035,0.21168916413176275,-1.0482457768469386,0.46808510638297873,42.48936170212766,relative_strength
size_bucket,3d,stock_rel_industry_ret_20d,size_qnan,235,0.032132309744443976,0.039999999999999966,0.21560226672282784,2.3658591885730376,0.5914893617021276,42.48936170212766,relative_strength
size_bucket,3d,stock_rel_industry_ret_60d,size_qnan,235,0.030164855418532466,0.029692082111436948,0.23214826598204427,2.062700027520231,0.548936170212766,42.48936170212766,relative_strength
size_bucket,3d,industry_ret_5d,size_qnan,235,0.024482888146242,0.02991651912054378,0.16876748074846978,2.3028950763841327,0.548936170212766,42.48936170212766,industry_strength
size_bucket,3d,industry_ret_20d,size_qnan,235,0.011453073475761858,0.015852893095651233,0.1585487815655596,1.1467253370857178,0.5319148936170213,42.48936170212766,industry_strength
size_bucket,3d,industry_ret_60d,size_qnan,235,0.021877014029304375,0.007386405220147998,0.16806505519414172,2.066383347210946,0.5106382978723404,42.48936170212766,industry_strength
size_bucket,3d,industry_breadth_20d,size_qnan,235,0.03381390500134258,0.037597406261007035,0.156077839831145,3.439175615947888,0.5872340425531914,42.48936170212766,industry_breadth
size_bucket,3d,industry_breadth_60d,size_qnan,235,0.035540098466356224,0.022851178022385184,0.17652797418871152,3.195989617335322,0.5531914893617021,42.48936170212766,industry_breadth
size_bucket,3d,industry_amount_share,size_qnan,235,-0.001824014803351041,0.01198814078183765,0.18213920617323456,-0.15897366609066968,0.5106382978723404,42.48936170212766,industry_crowding
size_bucket,3d,industry_amount_share_roll20d,size_qnan,235,-0.008268430212838724,0.0008152916449191943,0.18318442887606534,-0.7165306639964892,0.502127659574468,42.48936170212766,industry_crowding
size_bucket,3d,industry_amount_share_roll60d,size_qnan,235,-0.011972976560005696,-0.005913550226112886,0.17753426181226634,-1.0705827069417648,0.49361702127659574,42.48936170212766,industry_crowding
size_bucket,3d,industry_crowding_score,size_qnan,235,0.03313881856089695,0.032166741529195665,0.1465153313197569,3.590494122281735,0.5531914893617021,42.48936170212766,industry_crowding
size_bucket,3d,stock_amount_share_in_industry,size_qnan,235,0.022247178607160936,0.03023362347273252,0.20265835548415506,1.7426521149872705,0.5829787234042553,42.48936170212766,liquidity_crowding
size_bucket,3d,log_amount,size_qnan,235,0.020408920418183603,0.04040816326530612,0.2690167801829128,1.2043173199182888,0.5914893617021276,42.48936170212766,liquidity
size_bucket,5d,industry_amount_share,size_q5,2027,-0.016550146040253146,-0.013559957366174578,0.1963425740095161,-1.338097072584613,0.4706462752836704,878.9338924518994,industry_crowding
size_bucket,5d,stock_amount_share_in_industry,size_q5,2027,-0.0019438415238138506,0.00037872943602169494,0.12615911186573753,-0.24459214324236261,0.5017266896891959,878.9338924518994,liquidity_crowding
size_bucket,5d,turnover_rate,size_q5,2027,-0.041014326082496805,-0.05140378464057278,0.20505351632479524,-3.1751820388190533,0.42328564380858413,878.9338924518994,liquidity
size_bucket,5d,log_amount,size_q5,2027,-0.02206278787772283,-0.020698177691607356,0.15018030259471563,-2.3321027702581985,0.45239269856931424,878.9338924518994,liquidity
size_bucket,5d,log_total_mv,size_q5,2027,0.013585956012515426,0.014670842653896298,0.12631762553025602,1.707365576955159,0.5510606808090774,878.9338924518994,size
size_bucket,5d,stock_ret_1d,size_q5,2026,-0.009831968187480382,-0.005941599083983227,0.15431525801200294,-1.0114207651591354,0.48420533070088845,879.0572556762093,price_momentum_reversal
size_bucket,5d,stock_rel_industry_ret_1d,size_q5,2026,-0.0065119660366888205,-0.007342030569910148,0.09361111861972522,-1.1042946350742864,0.46396841066140176,879.0572556762093,relative_strength
size_bucket,5d,stock_ret_5d,size_q5,2022,-0.014752821600735875,-0.008393391207313555,0.15978168979887128,-1.4657110138657958,0.4772502472799209,879.5009891196835,price_momentum_reversal
size_bucket,5d,stock_rel_industry_ret_5d,size_q5,2022,-0.010775823223637548,-0.00552815280834769,0.10472854045741495,-1.6333741478999524,0.4792284866468843,879.5009891196835,relative_strength
size_bucket,5d,industry_ret_5d,size_q5,2022,-0.008292737397278536,-0.005930529121559887,0.1704072740146712,-0.7725205734800411,0.4812067260138477,879.551434223541,industry_strength
size_bucket,5d,industry_breadth_20d,size_q5,2018,-0.01329865821912466,-0.01410519065137051,0.17119297180705767,-1.2331677654957942,0.4613478691774034,880.0445986124876,industry_breadth
size_bucket,5d,industry_amount_share_roll20d,size_q5,2018,-0.014015877418996937,-0.00771880956738792,0.1986520879338901,-1.120024252733931,0.48513379583746286,880.0445986124876,industry_crowding
size_bucket,5d,stock_ret_20d,size_q5,2007,-0.022693684790137277,-0.0166501567823819,0.17846748062800602,-2.0185810683866467,0.46437468858993525,881.136023916293,price_momentum
size_bucket,5d,stock_rel_industry_ret_20d,size_q5,2007,-0.013361128655569892,-0.01176282648531234,0.11851793106474794,-1.7896139431491296,0.45490782262082713,881.136023916293,relative_strength
size_bucket,5d,industry_ret_20d,size_q5,2007,-0.014634319040097245,-0.014476497843411464,0.18289026683224505,-1.2702295028873025,0.46686596910812156,881.4220229197807,industry_strength
size_bucket,5d,industry_breadth_60d,size_q5,1998,-0.02019789373636338,-0.013356221919583607,0.18523349465938435,-1.7309592068753654,0.46396396396396394,882.6811811811812,industry_breadth
size_bucket,5d,industry_amount_share_roll60d,size_q5,1998,-0.010928097404692751,-0.004283433784001406,0.20034578251347537,-0.8658937864278532,0.492992992992993,882.6811811811812,industry_crowding
size_bucket,5d,stock_ret_60d,size_q5,1967,-0.022828893444931928,-0.014106554663929835,0.20053221421488368,-1.8071782131930276,0.47127605490594815,885.7727503812913,price_momentum
size_bucket,5d,stock_rel_industry_ret_60d,size_q5,1967,-0.011795135267538956,-0.007707483765382206,0.13813857752930916,-1.355464714771113,0.4748347737671581,885.7727503812913,relative_strength
size_bucket,5d,industry_ret_60d,size_q5,1967,-0.017755320259546358,-0.0019800569904055744,0.19262143676266583,-1.463268968747661,0.49466192170818507,886.7961362480935,industry_strength
size_bucket,5d,industry_crowding_score,size_q5,1967,-0.01960680053289431,-0.01588057345776476,0.16296341202323444,-1.9099275440412729,0.4595831215048297,886.7961362480935,industry_crowding
size_bucket,5d,industry_amount_share,size_q1,2026,-0.0063482005030933925,-0.0021092139758355525,0.1379415596557088,-0.7305598042771644,0.49358341559723595,790.6539980256663,industry_crowding
size_bucket,5d,stock_amount_share_in_industry,size_q1,2026,-0.026028347965602307,-0.03202355352287242,0.13295232634458928,-3.107784766835269,0.3790720631786772,790.6539980256663,liquidity_crowding
size_bucket,5d,turnover_rate,size_q1,2026,-0.054024886711544505,-0.06402658039268905,0.15682884207525907,-5.468499784443699,0.34698914116485685,790.6539980256663,liquidity
size_bucket,5d,log_amount,size_q1,2026,-0.054771863296065856,-0.05885537922476117,0.1475548115162798,-5.892565385129246,0.34995064165844025,790.6539980256663,liquidity
size_bucket,5d,log_total_mv,size_q1,2026,-0.019431430066185806,-0.01988994304396772,0.1282822979745055,-2.4045748658332378,0.42793682132280353,790.6539980256663,size
size_bucket,5d,stock_ret_1d,size_q1,2025,-0.010225159642349779,-0.005272514728303063,0.13954817093890526,-1.163178106064995,0.48592592592592593,790.7525925925926,price_momentum_reversal
size_bucket,5d,stock_rel_industry_ret_1d,size_q1,2025,-0.014406524120514045,-0.00922582745683364,0.11630587831169359,-1.9663363864164085,0.4622222222222222,790.7525925925926,relative_strength
size_bucket,5d,stock_ret_5d,size_q1,2021,-0.029897964921801214,-0.018469062710489818,0.14674990508611485,-3.2341791230570225,0.4388916378030678,791.0870856011875,price_momentum_reversal
size_bucket,5d,stock_rel_industry_ret_5d,size_q1,2021,-0.0332456484164389,-0.027038221478645413,0.12457687282585181,-4.236406769077247,0.39633844631370607,791.0870856011875,relative_strength
size_bucket,5d,industry_ret_5d,size_q1,2021,0.0006125484212542777,0.0035748158631076624,0.11337709968334446,0.08576603881121139,0.5121227115289461,791.1335972290946,industry_strength
size_bucket,5d,industry_breadth_20d,size_q1,2017,0.0010285746657693108,0.00033947156944929077,0.11490657564108245,0.1420990620582386,0.5027268220128904,791.4962816063461,industry_breadth
size_bucket,5d,industry_amount_share_roll20d,size_q1,2017,-0.005276488026699067,-0.0015274394996056698,0.13895522922708772,-0.6027959591923414,0.496777392166584,791.4962816063461,industry_crowding
size_bucket,5d,stock_ret_20d,size_q1,2006,-0.04540393024791331,-0.04496134116761116,0.15822428642194913,-4.555337642435564,0.37836490528414757,792.2033898305085,price_momentum
size_bucket,5d,stock_rel_industry_ret_20d,size_q1,2006,-0.04271864781429287,-0.04097625034580506,0.13279371221494174,-5.106698950261956,0.357926221335992,792.2033898305085,relative_strength
size_bucket,5d,industry_ret_20d,size_q1,2006,-0.007884945026793646,-0.007436408869264688,0.1154433325471388,-1.0842516331790644,0.47058823529411764,792.4970089730807,industry_strength
size_bucket,5d,industry_breadth_60d,size_q1,1997,-0.0038391003508462767,0.0026371256988947174,0.1137795772516547,-0.5356306482363389,0.5092638958437656,793.5703555332999,industry_breadth
size_bucket,5d,industry_amount_share_roll60d,size_q1,1997,-0.003477254403911686,0.000504676091539418,0.13770516994393148,-0.4008542483248966,0.5012518778167251,793.5703555332999,industry_crowding
size_bucket,5d,stock_ret_60d,size_q1,1966,-0.035784961021823915,-0.036544371839376505,0.16294061887475347,-3.486353796630471,0.4170905391658189,795.3479145473042,price_momentum
size_bucket,5d,stock_rel_industry_ret_60d,size_q1,1966,-0.028165721219494524,-0.02622848300966072,0.1386011312794032,-3.2259257838235853,0.4059003051881994,795.3479145473042,relative_strength
size_bucket,5d,industry_ret_60d,size_q1,1966,-0.01379015867463825,-0.008586618543031548,0.1154267958744172,-1.896543871818556,0.47202441505595116,796.5813835198372,industry_strength
size_bucket,5d,industry_crowding_score,size_q1,1966,-0.013965250166554812,-0.01116234321159574,0.09873797266202612,-2.2452504102335613,0.4526958290946083,796.5813835198372,industry_crowding
size_bucket,5d,industry_amount_share,size_q2,2027,-0.00397476428880645,-0.002983091531154238,0.1542547573978613,-0.40904687825575686,0.48840651208682784,848.9185989146522,industry_crowding
size_bucket,5d,stock_amount_share_in_industry,size_q2,2027,-0.045139363913159536,-0.04479261185510009,0.11539161985068798,-6.209854653660179,0.3275777010360138,848.9185989146522,liquidity_crowding
size_bucket,5d,turnover_rate,size_q2,2027,-0.07907607012454058,-0.08661420854620056,0.1568853777521489,-8.001342860761532,0.2994573260976813,848.9185989146522,liquidity
size_bucket,5d,log_amount,size_q2,2027,-0.0769197507849967,-0.0850155159780319,0.14592447439603917,-8.367775138274839,0.29797730636408487,848.9185989146522,liquidity
size_bucket,5d,log_total_mv,size_q2,2027,-0.007354427489686949,-0.007748029279024537,0.04973733307075907,-2.3472894469777916,0.4346324617661569,848.9185989146522,size
size_bucket,5d,stock_ret_1d,size_q2,2026,-0.009425802572311794,-0.0033638436837267437,0.12458481865890808,-1.2010289752143943,0.48519249753208293,849.0360315893386,price_momentum_reversal
size_bucket,5d,stock_rel_industry_ret_1d,size_q2,2026,-0.0116756855972029,-0.008019379262060122,0.08409180240917417,-2.2040883599617613,0.45952615992102663,849.0360315893386,relative_strength
size_bucket,5d,stock_ret_5d,size_q2,2022,-0.030603264044703073,-0.027301568375035976,0.13302677650531167,-3.651984725010426,0.4149357072205737,849.4455984174085,price_momentum_reversal
size_bucket,5d,stock_rel_industry_ret_5d,size_q2,2022,-0.0319631212957028,-0.027801967670026927,0.09646458853860602,-5.259949045860156,0.3669634025717112,849.4455984174085,relative_strength
size_bucket,5d,industry_ret_5d,size_q2,2022,-0.0012623963953597044,0.0027514076046312886,0.13298179682500552,-0.15069672682350657,0.5084075173095944,849.5074183976261,industry_strength
size_bucket,5d,industry_breadth_20d,size_q2,2018,-0.0030068487021349282,-0.0022346413617895427,0.1318922847501584,-0.3619032262993743,0.4930624380574827,849.9970267591675,industry_breadth
size_bucket,5d,industry_amount_share_roll20d,size_q2,2018,-0.0024411579997574476,-0.001278171506604695,0.1559082261155206,-0.24855764725031862,0.49702675916749256,849.9970267591675,industry_crowding
size_bucket,5d,stock_ret_20d,size_q2,2007,-0.05359801757340673,-0.0533258903826931,0.13860291674879258,-6.138703077467777,0.3418036870951669,851.0363726955655,price_momentum
size_bucket,5d,stock_rel_industry_ret_20d,size_q2,2007,-0.05135915527131604,-0.04999795799634277,0.102729478228715,-7.9363910770611925,0.3034379671150972,851.0363726955655,relative_strength
size_bucket,5d,industry_ret_20d,size_q2,2007,-0.010422433318830807,-0.010606435218947776,0.13695682623664454,-1.208052232612344,0.4653712007972098,851.3512705530643,industry_strength
size_bucket,5d,industry_breadth_60d,size_q2,1998,-0.011213870982485701,-0.007533976396108127,0.13714657659414783,-1.2979885283678334,0.4794794794794795,852.6886886886887,industry_breadth
size_bucket,5d,industry_amount_share_roll60d,size_q2,1998,-0.00041250497395473463,0.0011509068115851148,0.15503317746732012,-0.042238142576602744,0.503003003003003,852.6886886886887,industry_crowding
size_bucket,5d,stock_ret_60d,size_q2,1967,-0.04845581670710718,-0.04552961141695925,0.1385083233459958,-5.55354526650144,0.373157092018302,855.4529740721912,price_momentum
size_bucket,5d,stock_rel_industry_ret_60d,size_q2,1967,-0.03993150381876513,-0.03667421845151891,0.09952931007648355,-6.368907520815272,0.3462125063548551,855.4529740721912,relative_strength
size_bucket,5d,industry_ret_60d,size_q2,1967,-0.018484549685510394,-0.013956405289551884,0.14001084240023545,-2.0957886143592885,0.4550076258261312,856.7000508388409,industry_strength
size_bucket,5d,industry_crowding_score,size_q2,1967,-0.017240753364804302,-0.012359328768134925,0.12032355405908148,-2.274604312117031,0.456532791052364,856.7000508388409,industry_crowding
size_bucket,5d,stock_ret_1d,size_q4,2026,-0.010659077004268528,-0.00957750302098086,0.1334629563423568,-1.2678244689758182,0.47038499506416587,864.5029615004936,price_momentum_reversal
size_bucket,5d,stock_ret_5d,size_q4,2022,-0.020438980320139417,-0.016256492951606055,0.13963884613416785,-2.323556537850841,0.4540059347181009,864.8956478733927,price_momentum_reversal
size_bucket,5d,stock_ret_20d,size_q4,2007,-0.0374669229328032,-0.03511663554526757,0.14891122721892605,-3.9941176628119783,0.41006477329347285,866.4334828101644,price_momentum
size_bucket,5d,stock_rel_industry_ret_1d,size_q4,2026,-0.010310573369125995,-0.006291499840982313,0.07989705373389225,-2.0485771427855,0.4615004935834156,864.5029615004936,relative_strength
size_bucket,5d,stock_rel_industry_ret_5d,size_q4,2022,-0.018453377479032078,-0.01153663685002555,0.09239816782308853,-3.1703906349441033,0.44510385756676557,864.8956478733927,relative_strength
size_bucket,5d,stock_rel_industry_ret_20d,size_q4,2007,-0.03146010378680501,-0.03114360744949853,0.09904402839959202,-5.042339988698015,0.39212755356253115,866.4334828101644,relative_strength
size_bucket,5d,industry_ret_5d,size_q4,2022,-0.005907950349196851,0.0029965582430011876,0.149626178549491,-0.6268007724432489,0.5059347181008902,864.9742828882295,industry_strength
size_bucket,5d,industry_ret_20d,size_q4,2007,-0.014892414878842462,-0.013547451435282815,0.1596419001017165,-1.4808753653837878,0.46387643248629795,866.8066766317887,industry_strength
size_bucket,5d,industry_breadth_20d,size_q4,2018,-0.009705851033778834,-0.007714055047735783,0.14905954575985214,-1.0336514028691388,0.4781962338949455,865.4519326065412,industry_breadth
size_bucket,5d,industry_breadth_60d,size_q4,1998,-0.016869315440077474,-0.010210441209522317,0.1575108623980388,-1.7001499234850044,0.47047047047047047,868.0575575575575,industry_breadth
size_bucket,5d,industry_amount_share,size_q4,2027,-0.012921102557970007,-0.014931819427015486,0.18163123865449027,-1.1292999250480211,0.4706462752836704,864.3872718302911,industry_crowding
size_bucket,5d,industry_amount_share_roll20d,size_q4,2018,-0.010076155410887015,-0.00745422939285082,0.18346346369414876,-0.8718575628754511,0.48315163528245786,865.4519326065412,industry_crowding
size_bucket,5d,industry_amount_share_roll60d,size_q4,1998,-0.00776599803674838,-0.007249210220967717,0.1842297250780881,-0.6691721266611999,0.4864864864864865,868.0575575575575,industry_crowding
size_bucket,5d,stock_amount_share_in_industry,size_q4,2027,-0.026539440539626577,-0.027822342534980043,0.11155426579346976,-3.776642288120272,0.4079921065614208,864.3872718302911,liquidity_crowding
size_bucket,5d,turnover_rate,size_q4,2027,-0.06236534517089066,-0.06718439295808895,0.17740526762014117,-5.580551106436703,0.3547113961519487,864.3872718302911,liquidity
size_bucket,5d,log_amount,size_q4,2027,-0.055457838716867866,-0.05682669152156471,0.16323737916564274,-5.393163633621147,0.3532313764183522,864.3872718302911,liquidity
size_bucket,5d,log_total_mv,size_q4,2027,0.0034799184771123217,0.0038930507177748486,0.058386260441544845,0.9461471384113406,0.5268870251603355,864.3872718302911,size
size_bucket,5d,stock_ret_60d,size_q4,1967,-0.03812634540040755,-0.02953881049359298,0.15969932552214666,-3.7898530128196795,0.4123029994916116,870.33604473818,price_momentum
size_bucket,5d,stock_rel_industry_ret_60d,size_q4,1967,-0.02877567087114672,-0.022511557130629557,0.10837200329769416,-4.2151072205409434,0.41382816471784445,870.33604473818,relative_strength
size_bucket,5d,industry_ret_60d,size_q4,1967,-0.021365321454709374,-0.01141882371688598,0.16205453577858742,-2.092900157784395,0.46619217081850534,871.9923741738688,industry_strength
size_bucket,5d,industry_crowding_score,size_q4,1967,-0.022630136339677736,-0.01737134842754897,0.1411361876301307,-2.545359084539587,0.44636502287747837,871.9923741738688,industry_crowding
size_bucket,5d,stock_ret_1d,size_q3,2026,-0.010332424383904209,-0.007769053048229802,0.12748050353643142,-1.286644997556568,0.46594274432379074,855.8879565646595,price_momentum_reversal
size_bucket,5d,stock_ret_5d,size_q3,2022,-0.028824507474505618,-0.02585268984393032,0.13279306206161634,-3.445773924818979,0.4134520276953511,856.3026706231454,price_momentum_reversal
size_bucket,5d,stock_ret_20d,size_q3,2007,-0.04987154565296098,-0.047498796528285064,0.14179692795802035,-5.583239744172858,0.375186846038864,857.8256103637269,price_momentum
size_bucket,5d,stock_rel_industry_ret_1d,size_q3,2026,-0.011545235423955757,-0.008741609644153978,0.08127407159984573,-2.255023366606253,0.44866732477788746,855.8879565646595,relative_strength
size_bucket,5d,stock_rel_industry_ret_5d,size_q3,2022,-0.030760561782628107,-0.028254987501043775,0.09131180109868339,-5.347707241751809,0.3630069238377844,856.3026706231454,relative_strength
size_bucket,5d,stock_rel_industry_ret_20d,size_q3,2007,-0.046519822248425234,-0.04414712144975301,0.09786326308860539,-7.5460316866499495,0.3278525161933234,857.8256103637269,relative_strength
size_bucket,5d,industry_ret_5d,size_q3,2022,-0.0012852222904084474,0.00014703686539229728,0.14003138010519423,-0.1456978524657755,0.5009891196834817,856.3630069238378,industry_strength
size_bucket,5d,industry_ret_20d,size_q3,2007,-0.012344334144489435,-0.011517110437714334,0.1476290594005419,-1.3273824968994863,0.46437468858993525,858.1539611360239,industry_strength
size_bucket,5d,industry_breadth_20d,size_q3,2018,-0.0040841382619080735,-0.002847223711436129,0.1399902843401489,-0.46312988984679065,0.4910802775024777,856.8295341922695,industry_breadth
size_bucket,5d,industry_breadth_60d,size_q3,1998,-0.012353740521247322,-0.004859604968875453,0.14517136761225705,-1.3508831273646644,0.481981981981982,859.4329329329329,industry_breadth
size_bucket,5d,industry_amount_share,size_q3,2027,-0.011719954053021443,-0.012598925021850385,0.17330210848918606,-1.073550139870334,0.4750863344844598,855.7681302417366,industry_crowding
size_bucket,5d,industry_amount_share_roll20d,size_q3,2018,-0.009783154045494633,-0.008570283555385132,0.1754685953773479,-0.8850743662665375,0.4836471754212091,856.8295341922695,industry_crowding
size_bucket,5d,industry_amount_share_roll60d,size_q3,1998,-0.007524841400309198,-0.007637882081579723,0.17528979674549616,-0.6814609647586132,0.487987987987988,859.4329329329329,industry_crowding
size_bucket,5d,stock_amount_share_in_industry,size_q3,2027,-0.036860143973591414,-0.036948701716961976,0.11461542939292602,-5.105217059903704,0.3719782930439072,855.7681302417366,liquidity_crowding
size_bucket,5d,turnover_rate,size_q3,2027,-0.07376618477903187,-0.0808501121334658,0.16656656379102674,-7.030233762985405,0.32264430192402566,855.7681302417366,liquidity
size_bucket,5d,log_amount,size_q3,2027,-0.07165399244597234,-0.07791734231402375,0.15789384453268088,-7.204029201443807,0.31623088307844105,855.7681302417366,liquidity
size_bucket,5d,log_total_mv,size_q3,2027,-0.005900523076277371,-0.006409237208297174,0.04731437521656661,-1.9796922090047924,0.4390725209669462,855.7681302417366,size
size_bucket,5d,stock_ret_60d,size_q3,1967,-0.04622492134623085,-0.04581346531550139,0.1467936781177099,-4.998838416906989,0.3853584138281647,862.0025419420438,price_momentum
size_bucket,5d,stock_rel_industry_ret_60d,size_q3,1967,-0.03748564717786007,-0.03509537178787529,0.10031723321020926,-5.9318442301397925,0.3594306049822064,862.0025419420438,relative_strength
size_bucket,5d,industry_ret_60d,size_q3,1967,-0.02074511979210045,-0.01171704949613043,0.14754998120860705,-2.231911957096477,0.46517539400101676,863.3228266395527,industry_strength
size_bucket,5d,industry_crowding_score,size_q3,1967,-0.020668440157121926,-0.015542101604431287,0.12856706857918382,-2.55198566387252,0.4428063040162684,863.3228266395527,industry_crowding
size_bucket,5d,stock_ret_1d,size_qnan,235,0.03245150666136742,0.0074452314644613184,0.21701633583748367,2.3737922575459245,0.5234042553191489,42.46382978723404,price_momentum_reversal
size_bucket,5d,stock_ret_5d,size_qnan,235,-0.037865896229473735,-0.0469208211143695,0.22728758147850112,-2.64467800507373,0.44680851063829785,42.46382978723404,price_momentum_reversal
size_bucket,5d,stock_ret_20d,size_qnan,235,0.030159940012941235,0.031134039407087307,0.2434455194409336,1.9666585200857456,0.5617021276595745,42.46382978723404,price_momentum
size_bucket,5d,stock_ret_60d,size_qnan,235,0.03166379432941678,0.02308462914337457,0.27803577097810694,1.8078506603439288,0.548936170212766,42.46382978723404,price_momentum
size_bucket,5d,stock_rel_industry_ret_1d,size_qnan,235,0.0161654301191292,0.006475485661424614,0.21392322921686277,1.1995810297417966,0.5234042553191489,42.46382978723404,relative_strength
size_bucket,5d,stock_rel_industry_ret_5d,size_qnan,235,-0.0416658448052861,-0.03561517113783537,0.22171805156354146,-2.9831796574833294,0.4127659574468085,42.46382978723404,relative_strength
size_bucket,5d,stock_rel_industry_ret_20d,size_qnan,235,0.022786678414235612,0.014146648959686698,0.2273039972297052,1.5913811905827504,0.5234042553191489,42.46382978723404,relative_strength
size_bucket,5d,stock_rel_industry_ret_60d,size_qnan,235,0.017137183478594546,0.03079178885630498,0.23748880938312994,1.1455038856159279,0.5404255319148936,42.46382978723404,relative_strength
size_bucket,5d,industry_ret_5d,size_qnan,235,0.02310807527291238,0.005785244267275018,0.17127600451445546,2.1417438113227543,0.5106382978723404,42.46382978723404,industry_strength
size_bucket,5d,industry_ret_20d,size_qnan,235,0.012681329371492632,0.004391695137900901,0.17388897133628803,1.1576919531871475,0.5148936170212766,42.46382978723404,industry_strength
size_bucket,5d,industry_ret_60d,size_qnan,235,0.01888451752842394,0.009347760009066102,0.1753396938632237,1.7097236538564335,0.5148936170212766,42.46382978723404,industry_strength
size_bucket,5d,industry_breadth_20d,size_qnan,235,0.034970918984618286,0.0391079755481337,0.1683337270485005,3.2978900797234485,0.5702127659574469,42.46382978723404,industry_breadth
size_bucket,5d,industry_breadth_60d,size_qnan,235,0.03384156566948533,0.034188059672575204,0.18288153483022201,2.9375201872066623,0.5914893617021276,42.46382978723404,industry_breadth
size_bucket,5d,industry_amount_share,size_qnan,235,-0.007424825811252396,-0.014970167467238098,0.18752798396197204,-0.6285219584677285,0.46382978723404256,42.46382978723404,industry_crowding
size_bucket,5d,industry_amount_share_roll20d,size_qnan,235,-0.013089827336116496,-0.019068765695054803,0.18902888070438073,-1.0992741756843105,0.44680851063829785,42.46382978723404,industry_crowding
size_bucket,5d,industry_amount_share_roll60d,size_qnan,235,-0.015678153212110354,-0.004302928125962467,0.18264298411143168,-1.3626746612080638,0.4808510638297872,42.46382978723404,industry_crowding
size_bucket,5d,industry_crowding_score,size_qnan,235,0.030917501424629158,0.02440473458820891,0.14559974563985092,3.370885830998257,0.6085106382978723,42.46382978723404,industry_crowding
size_bucket,5d,stock_amount_share_in_industry,size_qnan,235,0.025926413089279756,0.0406891495601173,0.21620112949693784,1.9036396779731612,0.5829787234042553,42.46382978723404,liquidity_crowding
size_bucket,5d,log_amount,size_qnan,235,0.022420329291491275,0.04253489899050146,0.2909614253221443,1.2232263892394737,0.5446808510638298,42.46382978723404,liquidity
size_bucket,10d,industry_amount_share,size_q5,2022,-0.01926900484857456,-0.015514087358393271,0.20329620622236966,-1.5046319591009587,0.47477744807121663,877.8748763600396,industry_crowding
size_bucket,10d,stock_amount_share_in_industry,size_q5,2022,-0.004563879727662094,-0.0076182149021708,0.12610586002820648,-0.574512117214962,0.4762611275964392,877.8748763600396,liquidity_crowding
size_bucket,10d,turnover_rate,size_q5,2022,-0.052028787711445104,-0.05117630615249191,0.20800958670689246,-3.9706410309240585,0.41295746785361026,877.8748763600396,liquidity
size_bucket,10d,log_amount,size_q5,2022,-0.028979197862739423,-0.02225096195813791,0.15078171043319977,-3.0509701946739995,0.44411473788328387,877.8748763600396,liquidity
size_bucket,10d,log_total_mv,size_q5,2022,0.015908251372175573,0.019624395531009878,0.12422010050589373,2.032969386754681,0.5628090999010881,877.8748763600396,size
size_bucket,10d,stock_ret_1d,size_q5,2021,-0.005329947587150353,-0.0023380932521874375,0.14763736514411369,-0.5730954004567929,0.491835724888669,877.9995051954478,price_momentum_reversal
size_bucket,10d,stock_rel_industry_ret_1d,size_q5,2021,-0.002700203871561237,-0.004350049196117571,0.08898634066798461,-0.4816964859795685,0.47996041563582387,877.9995051954478,relative_strength
size_bucket,10d,stock_ret_5d,size_q5,2017,-0.011750520072780601,-0.00805126222590969,0.15609831253422432,-1.194975911662102,0.4739712444224095,878.456618740704,price_momentum_reversal
size_bucket,10d,stock_rel_industry_ret_5d,size_q5,2017,-0.0065669930042000935,-0.004511596616698814,0.09994689704975672,-1.0430317016424084,0.47992067426871593,878.456618740704,relative_strength
size_bucket,10d,industry_ret_5d,size_q5,2017,-0.007424734755347179,-0.00809294827866081,0.171640960924952,-0.6866892940032796,0.47892910262766486,878.5061973227565,industry_strength
size_bucket,10d,industry_breadth_20d,size_q5,2013,-0.01663052097421505,-0.016916970341847623,0.16967486913765503,-1.555924795280785,0.4585196224540487,879.0104321907601,industry_breadth
size_bucket,10d,industry_amount_share_roll20d,size_q5,2013,-0.017050746342174277,-0.0060825589548141445,0.20527722210230742,-1.31856912405861,0.4873323397913562,879.0104321907601,industry_crowding
size_bucket,10d,stock_ret_20d,size_q5,2002,-0.02634481274363544,-0.017184155774070314,0.17284335451860733,-2.4195951201139496,0.46003996003996006,880.1493506493506,price_momentum
size_bucket,10d,stock_rel_industry_ret_20d,size_q5,2002,-0.01416829100883692,-0.004109373261739626,0.11645041491884751,-1.9314198857066256,0.4885114885114885,880.1493506493506,relative_strength
size_bucket,10d,industry_ret_20d,size_q5,2002,-0.019193445484594184,-0.017760496340029457,0.17781318025723944,-1.7135203413351352,0.46553446553446554,880.436063936064,industry_strength
size_bucket,10d,industry_breadth_60d,size_q5,1993,-0.027611236154080343,-0.026481044094841588,0.18034640384428421,-2.430404910691122,0.4420471650777722,881.6999498243854,industry_breadth
size_bucket,10d,industry_amount_share_roll60d,size_q5,1993,-0.01259748220034559,-0.002768392489324709,0.207072824468029,-0.9657415491376505,0.4942298043151029,881.6999498243854,industry_crowding
size_bucket,10d,stock_ret_60d,size_q5,1962,-0.030084273983222536,-0.02130510538358999,0.19136256417560285,-2.4956450916020434,0.45310907237512743,884.8389398572884,price_momentum
size_bucket,10d,stock_rel_industry_ret_60d,size_q5,1962,-0.014809292613674732,-0.00431411289952309,0.1350930130381556,-1.7402101471007663,0.49184505606523954,884.8389398572884,relative_strength
size_bucket,10d,industry_ret_60d,size_q5,1962,-0.024333729063504714,-0.02282258997901246,0.182590684469485,-2.115584234538021,0.45922528032619775,885.8465851172273,industry_strength
size_bucket,10d,industry_crowding_score,size_q5,1962,-0.025368945110037268,-0.028264635912152634,0.1630192849676037,-2.470379616689348,0.4398572884811417,885.8465851172273,industry_crowding
size_bucket,10d,industry_amount_share,size_q1,2021,-0.004044963853099726,-0.005404345946614237,0.1453978698563466,-0.4416282753573094,0.4863928748144483,789.2884710539337,industry_crowding
size_bucket,10d,stock_amount_share_in_industry,size_q1,2021,-0.033895362667606115,-0.044192270545456026,0.13783721141911665,-3.903678808945686,0.34537357743691244,789.2884710539337,liquidity_crowding
size_bucket,10d,turnover_rate,size_q1,2021,-0.06239381442644106,-0.07595673164556742,0.159069712016864,-6.226647960621548,0.3280554181098466,789.2884710539337,liquidity
size_bucket,10d,log_amount,size_q1,2021,-0.06605305574926808,-0.07493603273125897,0.1494601104778359,-7.015649525069679,0.3280554181098466,789.2884710539337,liquidity
size_bucket,10d,log_total_mv,size_q1,2021,-0.02828969521336377,-0.024508964903873318,0.13644896181708033,-3.2912305320745503,0.4195942602671945,789.2884710539337,size
size_bucket,10d,stock_ret_1d,size_q1,2020,-0.003948366599963581,0.0010572540089303548,0.1379968947268578,-0.45420135557807484,0.5069306930693069,789.3871287128712,price_momentum_reversal
size_bucket,10d,stock_rel_industry_ret_1d,size_q1,2020,-0.0077503470099705325,-0.003349671637545573,0.11477921798809441,-1.071909590722008,0.48118811881188117,789.3871287128712,relative_strength
size_bucket,10d,stock_ret_5d,size_q1,2016,-0.02819177965830043,-0.024277390603414238,0.14741320073063766,-3.035892482728936,0.4270833333333333,789.7296626984127,price_momentum_reversal
size_bucket,10d,stock_rel_industry_ret_5d,size_q1,2016,-0.030381188779728063,-0.02707081783230558,0.12660792717213562,-3.8092908638989362,0.38591269841269843,789.7296626984127,relative_strength
size_bucket,10d,industry_ret_5d,size_q1,2016,-0.0018132419952971734,0.0017742076065673017,0.11250742451899619,-0.25584377600919284,0.5054563492063492,789.7738095238095,industry_strength
size_bucket,10d,industry_breadth_20d,size_q1,2012,0.00025035267139017313,0.0005952115408653356,0.11901129924343049,0.03339368174802797,0.5034791252485089,790.1431411530815,industry_breadth
size_bucket,10d,industry_amount_share_roll20d,size_q1,2012,-0.0024646219763704274,-0.0006334664642352256,0.14622732723619072,-0.26756052846653383,0.49801192842942343,790.1431411530815,industry_crowding
size_bucket,10d,stock_ret_20d,size_q1,2001,-0.04912995973845325,-0.047534492640627604,0.15874923312722353,-4.9128674008670465,0.383808095952024,790.8990504747626,price_momentum
size_bucket,10d,stock_rel_industry_ret_20d,size_q1,2001,-0.04451059111974582,-0.045992800974406264,0.13603490840945784,-5.194135366645635,0.36231884057971014,790.8990504747626,relative_strength
size_bucket,10d,industry_ret_20d,size_q1,2001,-0.012361427764598492,-0.007385856293946744,0.11624361613500292,-1.6881063133910157,0.4702648675662169,791.1894052973513,industry_strength
size_bucket,10d,industry_breadth_60d,size_q1,1992,-0.005971580285177458,0.003614635364619919,0.11962420221251378,-0.7924474851954149,0.5160642570281124,792.2625502008032,industry_breadth
size_bucket,10d,industry_amount_share_roll60d,size_q1,1992,-0.00035913241686595236,0.0023430684646564576,0.14451088411701102,-0.03945066429734918,0.5055220883534136,792.2625502008032,industry_crowding
size_bucket,10d,stock_ret_60d,size_q1,1961,-0.03861367955635344,-0.04059940943020438,0.1633176204048694,-3.753257966580221,0.40591534931157575,794.1183069862315,price_momentum
size_bucket,10d,stock_rel_industry_ret_60d,size_q1,1961,-0.02869131735133656,-0.029815698896615207,0.1414092474450947,-3.220868162583613,0.41152473227944925,794.1183069862315,relative_strength
size_bucket,10d,industry_ret_60d,size_q1,1961,-0.01776157866443174,-0.008979866434010523,0.1158600167677161,-2.4335946782509765,0.4579296277409485,795.3238143804182,industry_strength
size_bucket,10d,industry_crowding_score,size_q1,1961,-0.020100949090147542,-0.01707511170411118,0.10118214903511197,-3.1536459493726703,0.42835288118306986,795.3238143804182,industry_crowding
size_bucket,10d,industry_amount_share,size_q2,2022,-0.0023792074335247547,0.0004544222822108442,0.16042024766306232,-0.23543628481726192,0.5014836795252225,847.8175074183977,industry_crowding
size_bucket,10d,stock_amount_share_in_industry,size_q2,2022,-0.059524833631118344,-0.06184215419127258,0.1169923592451269,-8.076830365842522,0.2898120672601385,847.8175074183977,liquidity_crowding
size_bucket,10d,turnover_rate,size_q2,2022,-0.10016208525446185,-0.10916909155660992,0.15913196436388294,-9.9918568632124,0.26310583580613256,847.8175074183977,liquidity
size_bucket,10d,log_amount,size_q2,2022,-0.0968963204759366,-0.10521115638321737,0.14675430369345488,-10.481337602420622,0.23936696340257171,847.8175074183977,liquidity
size_bucket,10d,log_total_mv,size_q2,2022,-0.010871613351397335,-0.010480982985634749,0.04866668078179269,-3.546194416686981,0.4025717111770524,847.8175074183977,size
size_bucket,10d,stock_ret_1d,size_q2,2021,-0.005745913850389221,-0.0013460809677396785,0.11830624490944379,-0.7709952647673607,0.4938149430974765,847.9376546264226,price_momentum_reversal
size_bucket,10d,stock_rel_industry_ret_1d,size_q2,2021,-0.007470525558766905,-0.005002961842232046,0.07740765290520876,-1.5320309077697722,0.4715487382483919,847.9376546264226,relative_strength
size_bucket,10d,stock_ret_5d,size_q2,2017,-0.03182637037923042,-0.027482377742289895,0.12583945929069443,-4.0148612350324795,0.39762022806147745,848.35845314824,price_momentum_reversal
size_bucket,10d,stock_rel_industry_ret_5d,size_q2,2017,-0.032866567584024155,-0.03159070337538575,0.08986349079393677,-5.805923863453477,0.34952900347050075,848.35845314824,relative_strength
size_bucket,10d,industry_ret_5d,size_q2,2017,-0.001280835486562228,0.0016560148219143553,0.13244121128402506,-0.15352194992672127,0.504214179474467,848.4199305899851,industry_strength
size_bucket,10d,industry_breadth_20d,size_q2,2013,-0.0033817186380840462,-0.005026773416593535,0.13483078583189284,-0.3981517929377548,0.48633879781420764,848.9150521609538,industry_breadth
size_bucket,10d,industry_amount_share_roll20d,size_q2,2013,-0.0004710705204700591,0.0048408633943795385,0.1615429133287878,-0.04629118374016972,0.5106805762543467,848.9150521609538,industry_crowding
size_bucket,10d,stock_ret_20d,size_q2,2002,-0.06336630060311428,-0.059598517992209166,0.1347266181196304,-7.46629620358183,0.31518481518481517,850.0234765234766,price_momentum
size_bucket,10d,stock_rel_industry_ret_20d,size_q2,2002,-0.06013154803531702,-0.05530191605952639,0.1008350263911025,-9.466539222217419,0.27172827172827174,850.0234765234766,relative_strength
size_bucket,10d,industry_ret_20d,size_q2,2002,-0.013941194246295877,-0.013760937537103661,0.13736873243161477,-1.6110623852471926,0.45604395604395603,850.3391608391609,industry_strength
size_bucket,10d,industry_breadth_60d,size_q2,1993,-0.015912592700609372,-0.01154284602035213,0.14016515089982212,-1.8021924592439122,0.45960863020572,851.6768690416458,industry_breadth
size_bucket,10d,industry_amount_share_roll60d,size_q2,1993,0.0016376615339381885,0.006363473849972681,0.16060894348191074,0.1618656491935027,0.5188158554942298,851.6768690416458,industry_crowding
size_bucket,10d,stock_ret_60d,size_q2,1962,-0.058996727018967056,-0.05866573409968735,0.13303137389377398,-7.040023565430098,0.3256880733944954,854.4755351681957,price_momentum
size_bucket,10d,stock_rel_industry_ret_60d,size_q2,1962,-0.04820684974679061,-0.045442863666793086,0.09484141163903921,-8.068838309068239,0.31753312945973494,854.4755351681957,relative_strength
size_bucket,10d,industry_ret_60d,size_q2,1962,-0.02443220000622211,-0.02121401796948026,0.13846576906938923,-2.8010471743204937,0.42456676860346587,855.7232415902141,industry_strength
size_bucket,10d,industry_crowding_score,size_q2,1962,-0.022279107854001307,-0.021285892250785296,0.12340008774916152,-2.8660423127360652,0.4332313965341488,855.7232415902141,industry_crowding
size_bucket,10d,stock_ret_1d,size_q4,2021,-0.0053059644873983,-0.0016670622406384117,0.1276068852546563,-0.6600707698952615,0.4962889658584859,863.3750618505691,price_momentum_reversal
size_bucket,10d,stock_ret_5d,size_q4,2017,-0.020605154675353402,-0.014003709790248169,0.13394128678896494,-2.4420900965166648,0.4561229548834903,863.776400594943,price_momentum_reversal
size_bucket,10d,stock_ret_20d,size_q4,2002,-0.04578402706065634,-0.03990702802339068,0.14582873739048918,-4.983920938594717,0.3926073926073926,865.4270729270729,price_momentum
size_bucket,10d,stock_rel_industry_ret_1d,size_q4,2021,-0.00519806857081926,-0.0018563102760962738,0.0760663391542562,-1.0848002064376339,0.4888668975754577,863.3750618505691,relative_strength
size_bucket,10d,stock_rel_industry_ret_5d,size_q4,2017,-0.017549541903423893,-0.012983909547388076,0.08635384565173625,-3.2261486317696964,0.4407535944471988,863.776400594943,relative_strength
size_bucket,10d,stock_rel_industry_ret_20d,size_q4,2002,-0.03875091629365096,-0.035742364969821944,0.09615342553911407,-6.397605931190158,0.3596403596403596,865.4270729270729,relative_strength
size_bucket,10d,industry_ret_5d,size_q4,2017,-0.00609354616819729,0.00024331502551412537,0.15087714896836307,-0.6411311934422024,0.5012394645513139,863.8517600396628,industry_strength
size_bucket,10d,industry_ret_20d,size_q4,2002,-0.018873966139938685,-0.016466144130539706,0.1585356299400777,-1.8898901406052089,0.46553446553446554,865.7972027972028,industry_strength
size_bucket,10d,industry_breadth_20d,size_q4,2013,-0.011476828307181391,-0.009675636778970266,0.15136637170942935,-1.203629308055752,0.47292598112270245,864.3387978142076,industry_breadth
size_bucket,10d,industry_breadth_60d,size_q4,1993,-0.022028007407703224,-0.01577955518539164,0.1545202049874378,-2.2630294653236875,0.4440541896638234,867.0561966884094,industry_breadth
size_bucket,10d,industry_amount_share,size_q4,2022,-0.014285797331036814,-0.01514646397922827,0.1867845481208351,-1.2141261383273152,0.4752720079129575,863.2591493570723,industry_crowding
size_bucket,10d,industry_amount_share_roll20d,size_q4,2013,-0.011357366491389456,-0.005559465991500589,0.18818153728434936,-0.9580780681825303,0.4843517138599106,864.3387978142076,industry_crowding
size_bucket,10d,industry_amount_share_roll60d,size_q4,1993,-0.008643755076384775,-0.007290036391590422,0.1892006096176797,-0.725237398719118,0.48569994982438536,867.0561966884094,industry_crowding
size_bucket,10d,stock_amount_share_in_industry,size_q4,2022,-0.03601815138585144,-0.04134984781868404,0.11059688968116152,-5.169859922424459,0.37833827893175076,863.2591493570723,liquidity_crowding
size_bucket,10d,turnover_rate,size_q4,2022,-0.07982003756950934,-0.084968640476781,0.1812420325649752,-6.991224918194785,0.33283877349159247,863.2591493570723,liquidity
size_bucket,10d,log_amount,size_q4,2022,-0.07061496520895741,-0.07680031601405937,0.16662158161222138,-6.727686832928583,0.327893175074184,863.2591493570723,liquidity
size_bucket,10d,log_total_mv,size_q4,2022,0.0045085015711879995,0.006315054288479378,0.06007689496101002,1.1913106312151065,0.5400593471810089,863.2591493570723,size
size_bucket,10d,stock_ret_60d,size_q4,1962,-0.04837029694596169,-0.043749859180635134,0.15363608737729553,-4.997879550801711,0.382262996941896,869.3853211009174,price_momentum
size_bucket,10d,stock_rel_industry_ret_60d,size_q4,1962,-0.03667960560092743,-0.03350685681434334,0.10552971181021024,-5.5175995239624935,0.38328236493374107,869.3853211009174,relative_strength
size_bucket,10d,industry_ret_60d,size_q4,1962,-0.026990385675322155,-0.020371753937983392,0.1551183380037945,-2.7621433753967524,0.43730886850152906,871.0417940876656,industry_strength
size_bucket,10d,industry_crowding_score,size_q4,1962,-0.02825271851801361,-0.028373012332180467,0.14199372748071842,-3.158576159090847,0.4215086646279307,871.0417940876656,industry_crowding
size_bucket,10d,stock_ret_1d,size_q3,2021,-0.006503341754059815,-0.006007755563840473,0.12111864813097441,-0.8523654402168611,0.4705591291439881,854.764473033152,price_momentum_reversal
size_bucket,10d,stock_ret_5d,size_q3,2017,-0.029978523467799535,-0.02377609666412002,0.12694935409078736,-3.7486941940006506,0.4149727317798711,855.1869112543382,price_momentum_reversal
size_bucket,10d,stock_ret_20d,size_q3,2002,-0.05910976297938776,-0.05279326571308862,0.13800446034100897,-6.799333840934999,0.34765234765234765,856.8276723276723,price_momentum
size_bucket,10d,stock_rel_industry_ret_1d,size_q3,2021,-0.007907747991066296,-0.008380868919840419,0.07426638082595861,-1.6902884763399522,0.45967342899554675,854.764473033152,relative_strength
size_bucket,10d,stock_rel_industry_ret_5d,size_q3,2017,-0.030749406711055086,-0.02630114407267708,0.08443587075580837,-5.781093916033491,0.36440257808626675,855.1869112543382,relative_strength
size_bucket,10d,stock_rel_industry_ret_20d,size_q3,2002,-0.05444909439716474,-0.04979623618482866,0.09388961372906572,-9.206051052885408,0.2922077922077922,856.8276723276723,relative_strength
size_bucket,10d,industry_ret_5d,size_q3,2017,-0.001796472477767292,0.0050374727319939545,0.14114629292954473,-0.20204651420991157,0.5146256817055033,855.2444224095191,industry_strength
size_bucket,10d,industry_ret_20d,size_q3,2002,-0.017082161781556165,-0.01330398536644245,0.14687995335927123,-1.846207772907775,0.45854145854145856,857.1553446553446,industry_strength
size_bucket,10d,industry_breadth_20d,size_q3,2013,-0.004745350643047219,9.725501602557438e-05,0.14163394702300267,-0.5318647661466779,0.5012419274714357,855.7163437655241,industry_breadth
size_bucket,10d,industry_breadth_60d,size_q3,1993,-0.01690394144672791,-0.010167284841565424,0.14602723768314574,-1.8376143774717741,0.46562970396387354,858.4365278474661,industry_breadth
size_bucket,10d,industry_amount_share,size_q3,2022,-0.012762330341088446,-0.012932144154255552,0.1793062360450136,-1.1298865999405883,0.4772502472799209,854.64490603363,industry_crowding
size_bucket,10d,industry_amount_share_roll20d,size_q3,2013,-0.010660837365232803,-0.005662575783077359,0.180862649363788,-0.9357130795771172,0.48931942374565324,855.7163437655241,industry_crowding
size_bucket,10d,industry_amount_share_roll60d,size_q3,1993,-0.008072294583877917,-0.00423846414350217,0.1806187030337547,-0.709470845041001,0.49121926743602606,858.4365278474661,industry_crowding
size_bucket,10d,stock_amount_share_in_industry,size_q3,2022,-0.04838180480889304,-0.05427973850689244,0.11527962046431232,-6.66238610029571,0.3303659742828882,854.64490603363,liquidity_crowding
size_bucket,10d,turnover_rate,size_q3,2022,-0.09259905765160038,-0.10189817516228203,0.16837523505319113,-8.73028903951362,0.28536102868447083,854.64490603363,liquidity
size_bucket,10d,log_amount,size_q3,2022,-0.09023391389784581,-0.1035136551793912,0.15918912869973592,-8.998221095161167,0.27200791295746785,854.64490603363,liquidity
size_bucket,10d,log_total_mv,size_q3,2022,-0.006821702044908761,-0.009176503223128633,0.04709335654305964,-2.299499774985045,0.4169139465875371,854.64490603363,size
size_bucket,10d,stock_ret_60d,size_q3,1962,-0.05836746554756505,-0.06125863430601672,0.14099502755847573,-6.571542323303917,0.3363914373088685,861.0468909276249,price_momentum
size_bucket,10d,stock_rel_industry_ret_60d,size_q3,1962,-0.046532071626441726,-0.046454581262328,0.09623764319374699,-7.675517734636845,0.3211009174311927,861.0468909276249,relative_strength
size_bucket,10d,industry_ret_60d,size_q3,1962,-0.027144174044919877,-0.026218355735322964,0.14362023550001962,-3.0002764088394374,0.41743119266055045,862.3577981651376,industry_strength
size_bucket,10d,industry_crowding_score,size_q3,1962,-0.0270581366140496,-0.0240982192356221,0.13167356806891226,-3.262117134281038,0.4260958205912334,862.3577981651376,industry_crowding
size_bucket,10d,stock_ret_1d,size_qnan,235,0.02984919759644971,0.007728923921169932,0.21777826553076937,2.175797115912144,0.5191489361702127,42.4,price_momentum_reversal
size_bucket,10d,stock_ret_5d,size_qnan,235,0.009556952721229823,0.005131964809384164,0.22681534621260868,0.668878555552618,0.5063829787234042,42.4,price_momentum_reversal
size_bucket,10d,stock_ret_20d,size_qnan,235,0.03879794467008437,0.02312673450508789,0.24890295457777903,2.474451454020256,0.5531914893617021,42.4,price_momentum
size_bucket,10d,stock_ret_60d,size_qnan,235,0.02904310127765322,0.005131964809384164,0.28196474697204954,1.635115540674659,0.5148936170212766,42.4,price_momentum
size_bucket,10d,stock_rel_industry_ret_1d,size_qnan,235,0.010815112456146893,-0.005074353372330683,0.21304968033734795,0.8058429728179846,0.48936170212765956,42.4,relative_strength
size_bucket,10d,stock_rel_industry_ret_5d,size_qnan,235,-0.00983366605652631,-0.009302325581395312,0.21964684784490374,-0.7107072589540785,0.48936170212765956,42.4,relative_strength
size_bucket,10d,stock_rel_industry_ret_20d,size_qnan,235,0.026986833060544852,0.01857142857142862,0.23157462205788706,1.8499552753298598,0.548936170212766,42.4,relative_strength
size_bucket,10d,stock_rel_industry_ret_60d,size_qnan,235,0.021575002956128537,0.0007331378299120235,0.23137577626875738,1.4802437820741032,0.502127659574468,42.4,relative_strength
size_bucket,10d,industry_ret_5d,size_qnan,235,0.04215990281028638,0.04083089533615998,0.1767840847597802,3.7857916323035954,0.625531914893617,42.4,industry_strength
size_bucket,10d,industry_ret_20d,size_qnan,235,0.027057700692723615,0.02908014348069533,0.17628234141663685,2.4365893885980774,0.5829787234042553,42.4,industry_strength
size_bucket,10d,industry_ret_60d,size_qnan,235,0.02328236731534912,0.033954331517181593,0.18110154794676817,2.04082255113728,0.574468085106383,42.4,industry_strength
size_bucket,10d,industry_breadth_20d,size_qnan,235,0.049883228344844995,0.058205201469535145,0.17523167684410326,4.518998591022701,0.6595744680851063,42.4,industry_breadth
size_bucket,10d,industry_breadth_60d,size_qnan,235,0.04042487503036102,0.07029464308692188,0.19256446908742206,3.3325202707871493,0.625531914893617,42.4,industry_breadth
size_bucket,10d,industry_amount_share,size_qnan,235,-0.005217462843785517,-0.012480511044153233,0.1682896121007097,-0.49215548079517285,0.4595744680851064,42.4,industry_crowding
size_bucket,10d,industry_amount_share_roll20d,size_qnan,235,-0.019206494350570865,-0.026429317505265667,0.1682458108354725,-1.812191603106365,0.44680851063829785,42.4,industry_crowding
size_bucket,10d,industry_amount_share_roll60d,size_qnan,235,-0.02110611784477389,-0.024593948234066663,0.15956785342240104,-2.099728902593168,0.4425531914893617,42.4,industry_crowding
size_bucket,10d,industry_crowding_score,size_qnan,235,0.03998985064636747,0.05123794390079435,0.16038464063166025,3.9581046923274323,0.6553191489361702,42.4,industry_crowding
size_bucket,10d,stock_amount_share_in_industry,size_qnan,235,0.0426959278730053,0.06440895538248427,0.24197139510431362,2.8010618469614927,0.6,42.4,liquidity_crowding
size_bucket,10d,log_amount,size_qnan,235,0.04357258335721152,0.054981992797118844,0.3276384701872614,2.1111480494569057,0.5446808510638298,42.4,liquidity
liquidity_bucket,3d,industry_amount_share,liq_q5,2029,0.0011322156238257448,0.0023338870731291162,0.16420930813914844,0.10945400130203528,0.5046821094135042,846.0330211927057,industry_crowding
liquidity_bucket,3d,stock_amount_share_in_industry,liq_q5,2029,-0.0040197199933903645,-0.004399274029036633,0.1419770453896039,-0.44944643326422623,0.4894036471168063,846.0330211927057,liquidity_crowding
liquidity_bucket,3d,turnover_rate,liq_q5,2029,-0.06591144802304963,-0.06636648304604777,0.20444336175413855,-5.1178565601224015,0.366190241498275,846.0300640709709,liquidity
liquidity_bucket,3d,log_amount,liq_q5,2029,-0.008969752268756086,-0.00882774104012624,0.08892283735464605,-1.6012804717648428,0.46081813701330704,846.0330211927057,liquidity
liquidity_bucket,3d,log_total_mv,liq_q5,2029,0.05460257793229461,0.06361236533227949,0.19487380060644488,4.447950674815254,0.6155741744701824,846.0300640709709,size
liquidity_bucket,3d,stock_ret_1d,liq_q5,2028,-0.014662692165587552,-0.009456016237785192,0.14244445858579713,-1.6340616155653453,0.46893491124260356,846.1597633136095,price_momentum_reversal
liquidity_bucket,3d,stock_rel_industry_ret_1d,liq_q5,2028,-0.010273257361210203,-0.0073897630897075085,0.1025117509258748,-1.5908703472627121,0.46745562130177515,846.1597633136095,relative_strength
liquidity_bucket,3d,stock_ret_5d,liq_q5,2024,-0.041178490145633566,-0.0341591121197092,0.15429615676961259,-4.236581645509662,0.4076086956521739,846.5306324110672,price_momentum_reversal
liquidity_bucket,3d,stock_rel_industry_ret_5d,liq_q5,2024,-0.037456307958958865,-0.03589476091230724,0.1124608857426607,-5.2871756381229735,0.37450592885375494,846.5306324110672,relative_strength
liquidity_bucket,3d,industry_ret_5d,liq_q5,2024,-0.013944478197447761,-0.009102888529420754,0.16799982348943882,-1.3176307227011452,0.4723320158102767,846.6615612648221,industry_strength
liquidity_bucket,3d,industry_breadth_20d,liq_q5,2020,-0.014172391684372948,-0.01411267135132388,0.16155703665206073,-1.392571613972062,0.47178217821782176,847.1896039603961,industry_breadth
liquidity_bucket,3d,industry_amount_share_roll20d,liq_q5,2020,0.0052943632031283725,0.005880447905121733,0.1670102832853194,0.5032349425573479,0.5173267326732673,847.1896039603961,industry_crowding
liquidity_bucket,3d,stock_ret_20d,liq_q5,2009,-0.052205509437202556,-0.04219691725209128,0.16910642738746381,-4.900681677407827,0.3837730214036834,848.1692384270782,price_momentum
liquidity_bucket,3d,stock_rel_industry_ret_20d,liq_q5,2009,-0.047370700209642805,-0.04459526557927114,0.12281270002834621,-6.1230357523342125,0.36087605774016923,848.1692384270782,relative_strength
liquidity_bucket,3d,industry_ret_20d,liq_q5,2009,-0.017784243899841606,-0.01225770735470145,0.17757221308194662,-1.5898665381587944,0.4673967147834744,848.674962667994,industry_strength
liquidity_bucket,3d,industry_breadth_60d,liq_q5,2000,-0.01476579573434738,-0.012500991003676666,0.17193937637386178,-1.363269691223578,0.4735,850.001,industry_breadth
liquidity_bucket,3d,industry_amount_share_roll60d,liq_q5,2000,0.007942937819235923,0.012422293310023928,0.16710301934248148,0.7545658324417404,0.5255,850.001,industry_crowding
liquidity_bucket,3d,stock_ret_60d,liq_q5,1969,-0.04387496499101253,-0.03603639259977802,0.184262027260619,-3.779907815201614,0.4139156932453022,852.4865413915693,price_momentum
liquidity_bucket,3d,stock_rel_industry_ret_60d,liq_q5,1969,-0.03888563027721341,-0.03844591490924998,0.13644990076769678,-4.523933255004605,0.38750634840020315,852.4865413915693,relative_strength
liquidity_bucket,3d,industry_ret_60d,liq_q5,1969,-0.014776233769595993,-0.006865854597204171,0.18129882751559895,-1.2938056049526898,0.48755713560182834,854.266124936516,industry_strength
liquidity_bucket,3d,industry_crowding_score,liq_q5,1969,-0.02305191714476428,-0.01825147903167565,0.16238661804294502,-2.25349751389673,0.4484509903504317,854.266124936516,industry_crowding
liquidity_bucket,3d,industry_amount_share,liq_q1,2028,-0.01005146427766981,-0.008293912642052806,0.13861750379948243,-1.1510959609790532,0.4817554240631164,795.4812623274162,industry_crowding
liquidity_bucket,3d,stock_amount_share_in_industry,liq_q1,2028,0.00967167042979642,0.0045601051564586725,0.14142947340366843,1.0855800041105765,0.5162721893491125,795.4812623274162,liquidity_crowding
liquidity_bucket,3d,turnover_rate,liq_q1,2028,0.0030437134429335652,0.0015976007800027336,0.17821541993860682,0.2711182512126235,0.5029585798816568,790.8806706114399,liquidity
liquidity_bucket,3d,log_amount,liq_q1,2028,-0.00435638509542295,-0.00525009877702492,0.10758583270788118,-0.642793458262085,0.480276134122288,795.4812623274162,liquidity
liquidity_bucket,3d,log_total_mv,liq_q1,2028,-0.01785137320662147,-0.019060400084456468,0.17760993279953008,-1.5955288081449133,0.4556213017751479,790.8806706114399,size
liquidity_bucket,3d,stock_ret_1d,liq_q3,2027,-0.00489878710079488,0.00012627851334571624,0.14268306554023888,-0.5450249759695202,0.5007400098667982,871.5357671435619,price_momentum_reversal
liquidity_bucket,3d,stock_rel_industry_ret_1d,liq_q3,2027,-0.006219157061866071,-0.004848056062613879,0.10017735386422455,-0.9855127320961284,0.47113961519486924,871.5357671435619,relative_strength
liquidity_bucket,3d,industry_amount_share,liq_q3,2028,-0.0004063227731364576,0.0028258203829180243,0.16442107658447835,-0.03922960603614005,0.5064102564102564,871.4186390532544,industry_crowding
liquidity_bucket,3d,stock_amount_share_in_industry,liq_q3,2028,-0.0011295744879389082,-0.004313950974138548,0.1621597060053813,-0.11057888261009688,0.48767258382643,871.4186390532544,liquidity_crowding
liquidity_bucket,3d,turnover_rate,liq_q3,2028,-0.020245901628134975,-0.02086953509921869,0.1851298918175358,-1.736044468576166,0.4526627218934911,871.3298816568048,liquidity
liquidity_bucket,3d,log_amount,liq_q3,2028,-0.012390939329329767,-0.012190699988758678,0.04502774544224675,-4.368419114114133,0.386094674556213,871.4186390532544,liquidity
liquidity_bucket,3d,log_total_mv,liq_q3,2028,0.007225984614022215,0.009671543781795426,0.18199477101061984,0.6302870624288293,0.5182445759368837,871.3298816568048,size
liquidity_bucket,3d,stock_ret_1d,liq_q2,2027,-0.0016683562694490535,0.0019161966240398322,0.14551650816426356,-0.1820022694154373,0.5046867291563888,869.0695609274791,price_momentum_reversal
liquidity_bucket,3d,stock_rel_industry_ret_1d,liq_q2,2027,-0.006652667642401425,-0.005332174958741981,0.10262735509076576,-1.0290416695272087,0.4755796743956586,869.0695609274791,relative_strength
liquidity_bucket,3d,industry_amount_share,liq_q2,2028,-0.0036079135337371646,-0.0032186698631549967,0.16176640404240658,-0.3540528214841354,0.490138067061144,868.9580867850099,industry_crowding
liquidity_bucket,3d,stock_amount_share_in_industry,liq_q2,2028,0.001983087173302927,0.002176429450274556,0.15920064184133526,0.19774124380543714,0.504930966469428,868.9580867850099,liquidity_crowding
liquidity_bucket,3d,turnover_rate,liq_q2,2028,-0.005197514673844375,-0.009104623891336584,0.18462428372375495,-0.44689672404666025,0.48520710059171596,868.7524654832347,liquidity
liquidity_bucket,3d,log_amount,liq_q2,2028,-0.011768481304947192,-0.013067652760912372,0.049793483183143555,-3.751873480384722,0.39349112426035504,868.9580867850099,liquidity
liquidity_bucket,3d,log_total_mv,liq_q2,2028,-0.012340033458437085,-0.017465305750387336,0.1836467372902689,-1.06667812942313,0.46597633136094674,868.7524654832347,size
liquidity_bucket,3d,stock_ret_1d,liq_q1,2027,0.0010668129809148484,0.006677627826957122,0.14552080408216012,0.11637601348007696,0.5259003453379378,795.5742476566354,price_momentum_reversal
liquidity_bucket,3d,stock_rel_industry_ret_1d,liq_q1,2027,-0.006612070508671085,-0.0019990084484431034,0.1163622338512994,-0.9020397927143791,0.49037987173162306,795.5742476566354,relative_strength
liquidity_bucket,3d,stock_ret_5d,liq_q1,2023,-0.006084853525021701,0.0026008114088509953,0.1507736379585962,-0.640656128329931,0.5066732575383095,795.9421651013347,price_momentum_reversal
liquidity_bucket,3d,stock_rel_industry_ret_5d,liq_q1,2023,-0.01276172031141947,-0.008757396210945033,0.12415363994372948,-1.6317365287403958,0.4681166584280771,795.9421651013347,relative_strength
liquidity_bucket,3d,industry_ret_5d,liq_q1,2023,0.008739153417652173,0.01290332176544428,0.10910139338063647,1.2715672584499644,0.5496786950074147,795.9490855165595,industry_strength
liquidity_bucket,3d,stock_ret_5d,liq_q2,2023,-0.004038299632994144,0.004277149260296989,0.15338514209095458,-0.4179415190865213,0.5130993573900148,869.4864063272368,price_momentum_reversal
liquidity_bucket,3d,stock_rel_industry_ret_5d,liq_q2,2023,-0.008165153494157945,-0.0011155248900791392,0.1154542588787123,-1.1226765875257916,0.4967869500741473,869.4864063272368,relative_strength
liquidity_bucket,3d,industry_ret_5d,liq_q2,2023,0.005778408568700571,0.007669782081557548,0.13114686248327298,0.6994402347272163,0.5269401878398419,869.5056846267919,industry_strength
liquidity_bucket,3d,industry_breadth_20d,liq_q1,2019,0.006094664254977236,0.006097099958145739,0.11586228323278411,0.8350413349290102,0.5200594353640416,796.3293709757305,industry_breadth
liquidity_bucket,3d,industry_amount_share_roll20d,liq_q1,2019,-0.010838988798929123,-0.0069359368589137415,0.13909366373960244,-1.2370341561669373,0.4804358593363051,796.3293709757305,industry_crowding
liquidity_bucket,3d,industry_breadth_20d,liq_q2,2019,0.005676265485757757,0.004379627568588981,0.13091005579006063,0.6883193239934979,0.5116394254581476,869.9252105002477,industry_breadth
liquidity_bucket,3d,industry_amount_share_roll20d,liq_q2,2019,-0.003811981383238938,-0.0017401128046543124,0.1632993080258871,-0.37056696189524874,0.4962852897473997,869.9252105002477,industry_crowding
liquidity_bucket,3d,stock_ret_20d,liq_q1,2008,-0.008560702687030845,-0.0020105817343303266,0.15992872147195655,-0.8497344372937142,0.4945219123505976,797.2066733067729,price_momentum
liquidity_bucket,3d,stock_rel_industry_ret_20d,liq_q1,2008,-0.010651001185437877,-0.004111784380916854,0.13142903867991246,-1.286469138033638,0.48356573705179284,797.2066733067729,relative_strength
liquidity_bucket,3d,industry_ret_20d,liq_q1,2008,0.003912191122334638,0.007415984148205223,0.1134977028602109,0.5471838388024739,0.5333665338645418,797.3182270916335,industry_strength
liquidity_bucket,3d,stock_ret_20d,liq_q2,2008,-0.012512605263256964,-0.0050949545268937375,0.16091593545222177,-1.2343802378699242,0.4850597609561753,870.8660358565737,price_momentum
liquidity_bucket,3d,stock_rel_industry_ret_20d,liq_q2,2008,-0.013218101110568845,-0.009688079445142803,0.124698609325216,-1.682704010845773,0.46912350597609564,870.8660358565737,relative_strength
liquidity_bucket,3d,industry_ret_20d,liq_q2,2008,0.0016995544434277247,0.004261562282004862,0.13493212304921115,0.19994935062059005,0.5139442231075697,871.1145418326694,industry_strength
liquidity_bucket,3d,industry_breadth_60d,liq_q2,1999,-0.0009143678279918381,0.0026093419806307466,0.1357191554789053,-0.10694982021520315,0.511255627813907,872.2901450725362,industry_breadth
liquidity_bucket,3d,industry_amount_share_roll60d,liq_q2,1999,-0.00246617904756434,-8.720290934112571e-05,0.16313748698574426,-0.23997782124657416,0.49974987493746875,872.2901450725362,industry_crowding
liquidity_bucket,3d,industry_breadth_60d,liq_q1,1999,0.0009717868582994377,0.005924965569776034,0.11842869818297902,0.13026097865815797,0.5227613806903452,798.3226613306654,industry_breadth
liquidity_bucket,3d,industry_amount_share_roll60d,liq_q1,1999,-0.01015455228305404,-0.0040733866306671175,0.13877336515614602,-1.16159552602624,0.48724362181090547,798.3226613306654,industry_crowding
liquidity_bucket,3d,stock_ret_5d,liq_q3,2023,-0.013083544122287565,-0.00796303491554053,0.15238714998653888,-1.3629418498070816,0.47800296589223923,871.9619377162629,price_momentum_reversal
liquidity_bucket,3d,stock_ret_20d,liq_q3,2008,-0.01987841011519743,-0.015058084045911656,0.15588898186612749,-2.024260944984375,0.45617529880478086,873.3924302788845,price_momentum
liquidity_bucket,3d,stock_rel_industry_ret_5d,liq_q3,2023,-0.013699947163220693,-0.008468212763496217,0.11445061174429731,-1.900207571607645,0.4656450815620366,871.9619377162629,relative_strength
liquidity_bucket,3d,stock_rel_industry_ret_20d,liq_q3,2008,-0.018421957578502762,-0.014429668726782155,0.11842249714552762,-2.469459076976102,0.44173306772908366,873.3924302788845,relative_strength
liquidity_bucket,3d,industry_ret_5d,liq_q3,2023,0.0008650676449088566,0.004932292898093219,0.13798757174456275,0.09951999995683747,0.5170538803756797,872.011863568957,industry_strength
liquidity_bucket,3d,industry_ret_20d,liq_q3,2008,-0.002064773167028976,0.0038910777830095866,0.14423452786062801,-0.22724973256042857,0.5099601593625498,873.7250996015936,industry_strength
liquidity_bucket,3d,industry_breadth_20d,liq_q3,2019,0.002963910538738923,0.004403656435756059,0.13754286121050308,0.34207970336222066,0.5111441307578009,872.4621099554234,industry_breadth
liquidity_bucket,3d,industry_breadth_60d,liq_q3,1999,-0.0028611148234026973,0.0007168765040926778,0.14376006433455024,-0.31593467894566396,0.5012506253126563,874.9969984992496,industry_breadth
liquidity_bucket,3d,industry_amount_share_roll20d,liq_q3,2019,0.0005032337787994611,0.005644365754499979,0.1665647900564929,0.04796084801280346,0.5146111936602278,872.4621099554234,industry_crowding
liquidity_bucket,3d,industry_amount_share_roll60d,liq_q3,1999,0.0017166982658565904,0.006123268199540177,0.1662286656276318,0.1639412794577851,0.5152576288144072,874.9969984992496,industry_crowding
liquidity_bucket,3d,stock_ret_60d,liq_q1,1968,-0.0011262835799014735,-0.0016085847075524113,0.16253929276400841,-0.10999923307706252,0.4949186991869919,800.6321138211382,price_momentum
liquidity_bucket,3d,stock_rel_industry_ret_60d,liq_q1,1968,0.0007115321828739633,0.0027698670842995427,0.13970331995515406,0.08085150186728915,0.5127032520325203,800.6321138211382,relative_strength
liquidity_bucket,3d,industry_ret_60d,liq_q1,1968,-0.0033337834689697726,0.005509555970211048,0.11518211555237572,-0.4594651838889744,0.521849593495935,801.3099593495934,industry_strength
liquidity_bucket,3d,industry_crowding_score,liq_q1,1968,1.2480018563898735e-05,0.0028078897304100294,0.09018973726277014,0.0021966374321289164,0.5177845528455285,801.3099593495934,industry_crowding
liquidity_bucket,3d,stock_ret_60d,liq_q2,1968,-0.010674533724156327,-0.009913787947705593,0.15836939430354213,-1.0699855885623522,0.47459349593495936,874.7728658536586,price_momentum
liquidity_bucket,3d,stock_rel_industry_ret_60d,liq_q2,1968,-0.006457673811400302,-0.0036781960672536158,0.12537128977242135,-0.8176704084621228,0.48272357723577236,874.7728658536586,relative_strength
liquidity_bucket,3d,industry_ret_60d,liq_q2,1968,-0.004893870026630256,0.0018134594749866866,0.1366097523466179,-0.568683984125117,0.5086382113821138,875.9486788617886,industry_strength
liquidity_bucket,3d,industry_crowding_score,liq_q2,1968,-0.002184374318022438,0.002491236134362567,0.10925999913240927,-0.3173701955878597,0.5111788617886179,875.9486788617886,industry_crowding
liquidity_bucket,3d,stock_ret_60d,liq_q3,1968,-0.016366114104256823,-0.012533786609701726,0.1560684655790259,-1.6646797040409695,0.4654471544715447,877.5426829268292,price_momentum
liquidity_bucket,3d,stock_rel_industry_ret_60d,liq_q3,1968,-0.011674413336734654,-0.00942016115209953,0.11502969697681241,-1.6111106194325775,0.46239837398373984,877.5426829268292,relative_strength
liquidity_bucket,3d,industry_ret_60d,liq_q3,1968,-0.007432892573568904,0.0025735568192786617,0.14911034853314623,-0.7913167180539717,0.508130081300813,878.9065040650406,industry_strength
liquidity_bucket,3d,industry_crowding_score,liq_q3,1968,-0.00517695840519996,0.004123358831691191,0.12171386853288449,-0.6752038031319673,0.5137195121951219,878.9065040650406,industry_crowding
liquidity_bucket,3d,stock_ret_1d,liq_q4,2028,-0.008757785672123168,-0.006559084868003244,0.13879567387933417,-1.0016561298958138,0.4817554240631164,865.5695266272189,price_momentum_reversal
liquidity_bucket,3d,stock_ret_5d,liq_q4,2024,-0.020579023297790117,-0.01413994386420227,0.14948516026928535,-2.185379917543995,0.450098814229249,865.9832015810276,price_momentum_reversal
liquidity_bucket,3d,stock_ret_20d,liq_q4,2009,-0.03146451552783767,-0.028120983982434216,0.1512014522130937,-3.3034318913471252,0.4250871080139373,867.5669487307118,price_momentum
liquidity_bucket,3d,stock_ret_60d,liq_q4,1969,-0.024565030535380658,-0.023012951109531013,0.15979191992026412,-2.440409819636304,0.43981716607414933,871.9771457592686,price_momentum
liquidity_bucket,3d,stock_rel_industry_ret_1d,liq_q4,2028,-0.00779512817452386,-0.008713686388184282,0.09814126334929826,-1.2608745730687905,0.46548323471400394,865.5695266272189,relative_strength
liquidity_bucket,3d,stock_rel_industry_ret_5d,liq_q4,2024,-0.019969464618836662,-0.016268603044493915,0.11125020159434497,-2.849481786425673,0.4318181818181818,865.9832015810276,relative_strength
liquidity_bucket,3d,stock_rel_industry_ret_20d,liq_q4,2009,-0.029213790381640202,-0.025328642203585786,0.11156461650339551,-4.156824625540927,0.4066699850671976,867.5669487307118,relative_strength
liquidity_bucket,3d,stock_rel_industry_ret_60d,liq_q4,1969,-0.01992949335894615,-0.018241688026410328,0.11327179212430447,-2.7930245753728657,0.4291518537328593,871.9771457592686,relative_strength
liquidity_bucket,3d,industry_ret_5d,liq_q4,2024,-0.004694724064182995,-0.002420441780743101,0.14639892836026336,-0.5090640684472412,0.4935770750988142,866.0750988142292,industry_strength
liquidity_bucket,3d,industry_ret_20d,liq_q4,2009,-0.005885851812397273,-0.0019093385842428455,0.1533082381659456,-0.6094584479873478,0.49377799900447983,867.9696366351419,industry_strength
liquidity_bucket,3d,industry_ret_60d,liq_q4,1969,-0.008692476803007195,0.0004960854798791725,0.15946524521404923,-0.8653220405644343,0.5027932960893855,873.4926358557643,industry_strength
liquidity_bucket,3d,industry_breadth_20d,liq_q4,2020,-0.0018070679047623374,-0.00010006939384117336,0.14217448535069271,-0.20176836651448032,0.5,866.5777227722772,industry_breadth
liquidity_bucket,3d,industry_breadth_60d,liq_q4,2000,-0.006153644972688738,-0.0023476178198513064,0.15076376842331563,-0.6479413890187451,0.493,869.357,industry_breadth
liquidity_bucket,3d,industry_amount_share,liq_q4,2029,0.0007559271529679447,0.0026595555555948124,0.16206271825562896,0.07404523178043623,0.5071463775258748,865.4440611138492,industry_crowding
liquidity_bucket,3d,industry_amount_share_roll20d,liq_q4,2020,0.0028086746910209767,0.00612492791008783,0.1641673500608819,0.2715907180094041,0.5158415841584159,866.5777227722772,industry_crowding
liquidity_bucket,3d,industry_amount_share_roll60d,liq_q4,2000,0.0039578543100330255,0.007434190327418808,0.16375510937683016,0.3836765131648761,0.5175,869.357,industry_crowding
liquidity_bucket,3d,industry_crowding_score,liq_q4,1969,-0.009825512804203735,-0.004338083849118054,0.13387475997793544,-1.1650828007260725,0.4860335195530726,873.4926358557643,industry_crowding
liquidity_bucket,3d,stock_amount_share_in_industry,liq_q4,2029,-0.0025301439832172085,-0.0033242956775058133,0.1585589944322668,-0.25331133505537134,0.49088220798422866,865.4440611138492,liquidity_crowding
liquidity_bucket,3d,turnover_rate,liq_q4,2029,-0.040228565945027904,-0.040925138990239106,0.18628389161904185,-3.4281476567701104,0.4070970921636274,865.4154756037457,liquidity
liquidity_bucket,3d,log_amount,liq_q4,2029,-0.010453002247919395,-0.010409002957598215,0.048426543160910496,-3.426556090543037,0.4031542631838344,865.4440611138492,liquidity
liquidity_bucket,3d,log_total_mv,liq_q4,2029,0.0325023571040031,0.03561728896766198,0.18458997709375016,2.7951621840311915,0.5756530310497782,865.4154756037457,size
liquidity_bucket,5d,industry_amount_share,liq_q5,2027,0.0018060101732692523,0.007456147805903994,0.16657224339899945,0.1721146459777517,0.5194869264923533,845.4410458806118,industry_crowding
liquidity_bucket,5d,stock_amount_share_in_industry,liq_q5,2027,-0.007778647499409055,-0.007890071986007044,0.14399235949557074,-0.8575607855292018,0.47607301430685744,845.4410458806118,liquidity_crowding
liquidity_bucket,5d,turnover_rate,liq_q5,2027,-0.09052935625211017,-0.09437031411634532,0.20469042290762005,-7.020890169403347,0.3256043413912186,845.4380858411446,liquidity
liquidity_bucket,5d,log_amount,liq_q5,2027,-0.015439567877916121,-0.016069101038477515,0.08986808895083456,-2.7272811138299815,0.42476566354218054,845.4410458806118,liquidity
liquidity_bucket,5d,log_total_mv,liq_q5,2027,0.07372500079393655,0.07861690709885472,0.19692036956804473,5.943255680557549,0.6521953626048347,845.4380858411446,size
liquidity_bucket,5d,stock_ret_1d,liq_q5,2026,-0.018858246930494538,-0.013882497887716533,0.1432491137147881,-2.089823674863754,0.4575518262586377,845.568608094768,price_momentum_reversal
liquidity_bucket,5d,stock_rel_industry_ret_1d,liq_q5,2026,-0.015245979678361724,-0.010877990940428265,0.10032215138577952,-2.4124524942080146,0.44471865745310957,845.568608094768,relative_strength
liquidity_bucket,5d,stock_ret_5d,liq_q5,2022,-0.048505631548620386,-0.04161746718270511,0.1511455194766783,-5.094448265808379,0.38724035608308605,845.9421364985163,price_momentum_reversal
liquidity_bucket,5d,stock_rel_industry_ret_5d,liq_q5,2022,-0.04450174345515035,-0.03940159794745433,0.10936999547946047,-6.459205501927754,0.34817012858555885,845.9421364985163,relative_strength
liquidity_bucket,5d,industry_ret_5d,liq_q5,2022,-0.014837098939759779,-0.012401947719870299,0.16579720570830553,-1.420600804623742,0.4698318496538081,846.0727002967359,industry_strength
liquidity_bucket,5d,industry_breadth_20d,liq_q5,2018,-0.019784727795625807,-0.02169586857751888,0.16027942328625555,-1.9595329867457218,0.44350842418235875,846.6045589692765,industry_breadth
liquidity_bucket,5d,industry_amount_share_roll20d,liq_q5,2018,0.0069021462812661576,0.016026017580815205,0.16903730683132032,0.6481893109327252,0.5317145688800793,846.6045589692765,industry_crowding
liquidity_bucket,5d,stock_ret_20d,liq_q5,2007,-0.0689947863265031,-0.0602247209380669,0.16505527945165285,-6.63570581879278,0.34977578475336324,847.604384653712,price_momentum
liquidity_bucket,5d,stock_rel_industry_ret_20d,liq_q5,2007,-0.061678466600982376,-0.05956211549911677,0.12027840588963558,-8.140408047496303,0.30692575984055803,847.604384653712,relative_strength
liquidity_bucket,5d,industry_ret_20d,liq_q5,2007,-0.02441677283360026,-0.022258115628089662,0.17511752269002925,-2.2133950187547633,0.4504235176880917,848.1081215744892,industry_strength
liquidity_bucket,5d,industry_breadth_60d,liq_q5,1998,-0.022850463272671474,-0.019264810691180086,0.16955174034823517,-2.139405105648617,0.45395395395395394,849.4444444444445,industry_breadth
liquidity_bucket,5d,industry_amount_share_roll60d,liq_q5,1998,0.010909272649122413,0.021896365007393028,0.16992617852367642,1.0191445249322224,0.5425425425425425,849.4444444444445,industry_crowding
liquidity_bucket,5d,stock_ret_60d,liq_q5,1967,-0.060149092309421885,-0.05984064363781197,0.1783877728576413,-5.3525935310822925,0.36908998474834775,851.9562785968479,price_momentum
liquidity_bucket,5d,stock_rel_industry_ret_60d,liq_q5,1967,-0.05239566979507543,-0.05335368789865662,0.13161422036927795,-6.319647451414161,0.35129639044229793,851.9562785968479,relative_strength
liquidity_bucket,5d,industry_ret_60d,liq_q5,1967,-0.022749547160331854,-0.01374041436205295,0.17662167585174954,-2.0446973091602287,0.4702592780884596,853.7269954245044,industry_strength
liquidity_bucket,5d,industry_crowding_score,liq_q5,1967,-0.03243608141894918,-0.033386007584918005,0.16052274817357085,-3.207687605018664,0.42196237925775293,853.7269954245044,industry_crowding
liquidity_bucket,5d,industry_amount_share,liq_q1,2026,-0.008819732030756349,-0.00614929182076006,0.14379467071107166,-0.9736724233889962,0.4817374136229023,794.8988153998025,industry_crowding
liquidity_bucket,5d,stock_amount_share_in_industry,liq_q1,2026,0.009209877890570314,0.003248466658977942,0.14917814591312867,0.9800515895100718,0.5108588351431392,794.8988153998025,liquidity_crowding
liquidity_bucket,5d,turnover_rate,liq_q1,2026,0.008387892830402656,0.010448608043496009,0.1762980588926397,0.7552758751571355,0.5192497532082923,790.2956564659428,liquidity
liquidity_bucket,5d,log_amount,liq_q1,2026,-0.005026132032627985,-0.006984470057209837,0.10823596394337208,-0.7371613794764121,0.47186574531095754,794.8988153998025,liquidity
liquidity_bucket,5d,log_total_mv,liq_q1,2026,-0.02434999125889894,-0.024880391823187145,0.17881087416206534,-2.1617484372651443,0.4491609081934847,790.2956564659428,size
liquidity_bucket,5d,stock_ret_1d,liq_q3,2025,-0.0039638330796547445,-3.789244142743718e-05,0.13772990327323292,-0.4568644710306373,0.4997530864197531,870.9772839506173,price_momentum_reversal
liquidity_bucket,5d,stock_rel_industry_ret_1d,liq_q3,2025,-0.006443588480280556,-0.003701833438535142,0.09391437310492579,-1.0891708333472636,0.4795061728395062,870.9772839506173,relative_strength
liquidity_bucket,5d,industry_amount_share,liq_q3,2026,0.0032183892097041407,0.0017647387732156565,0.16663508520817416,0.3066001662418148,0.5049358341559723,870.8598223099704,industry_crowding
liquidity_bucket,5d,stock_amount_share_in_industry,liq_q3,2026,-0.00511818497280816,-0.0050118021930001845,0.1643595874759354,-0.4943348231776599,0.4901283316880553,870.8598223099704,liquidity_crowding
liquidity_bucket,5d,turnover_rate,liq_q3,2026,-0.021005767691289465,-0.017885691848156592,0.18286388522177566,-1.8235214900442003,0.4624876604146101,870.7709772951629,liquidity
liquidity_bucket,5d,log_amount,liq_q3,2026,-0.014646704904511155,-0.014991097812132141,0.044591008397296544,-5.214262708564713,0.3667324777887463,870.8598223099704,liquidity
liquidity_bucket,5d,log_total_mv,liq_q3,2026,0.005783214964850779,0.0019717238329968285,0.17917478279774549,0.5123806487666579,0.5049358341559723,870.7709772951629,size
liquidity_bucket,5d,stock_ret_1d,liq_q2,2025,-0.0018271408093176822,0.002728620233349163,0.1407879766497505,-0.2060187371160906,0.5111111111111111,868.52,price_momentum_reversal
liquidity_bucket,5d,stock_rel_industry_ret_1d,liq_q2,2025,-0.007205948276946876,-0.003734404349438865,0.09766165773446608,-1.1712977770477155,0.48148148148148145,868.52,relative_strength
liquidity_bucket,5d,industry_amount_share,liq_q2,2026,-0.0006672828195028745,-0.0012741174600176155,0.16406414213953277,-0.06456490875559341,0.49753208292201384,868.4076999012833,industry_crowding
liquidity_bucket,5d,stock_amount_share_in_industry,liq_q2,2026,-0.0010923776363100965,-0.0031520703277280546,0.1614891999037594,-0.1073815301023531,0.4950641658440276,868.4076999012833,liquidity_crowding
liquidity_bucket,5d,turnover_rate,liq_q2,2026,-0.0017774270346312898,-1.3217729943257286e-05,0.18224437377524222,-0.15482387114996576,0.5,868.2028627838105,liquidity
liquidity_bucket,5d,log_amount,liq_q2,2026,-0.01380628968243308,-0.014428522974437568,0.05026540012137514,-4.360217040751435,0.3884501480750247,868.4076999012833,liquidity
liquidity_bucket,5d,log_total_mv,liq_q2,2026,-0.019050899245834065,-0.026758122842854212,0.18037401536831923,-1.6766475443938411,0.4368213228035538,868.2028627838105,size
liquidity_bucket,5d,stock_ret_1d,liq_q1,2025,0.00036900915415305534,0.006469175969418902,0.14145259515671235,0.04141202721577441,0.5254320987654321,794.9935802469136,price_momentum_reversal
liquidity_bucket,5d,stock_rel_industry_ret_1d,liq_q1,2025,-0.008714955671901363,-0.004064605497254526,0.1123706195501686,-1.2311548420986647,0.4775308641975309,794.9935802469136,relative_strength
liquidity_bucket,5d,stock_ret_5d,liq_q1,2021,-0.0026406674104206035,0.007315669479019622,0.14881779499102893,-0.2816820097473026,0.5215239980207818,795.3641761504206,price_momentum_reversal
liquidity_bucket,5d,stock_rel_industry_ret_5d,liq_q1,2021,-0.011209622131932294,-0.00537264794645093,0.12376532849436431,-1.4377793593517914,0.48243443839683325,795.3641761504206,relative_strength
liquidity_bucket,5d,industry_ret_5d,liq_q1,2021,0.010832551451394671,0.012570471946944078,0.11222139687686196,1.5323407836110075,0.5487382483918852,795.3706086095992,industry_strength
liquidity_bucket,5d,stock_ret_5d,liq_q2,2021,-0.00039933792127691943,0.004527238623017102,0.14736189900425448,-0.04301853474672097,0.516575952498763,868.9391390400791,price_momentum_reversal
liquidity_bucket,5d,stock_rel_industry_ret_5d,liq_q2,2021,-0.006071589739615306,0.0012693819020994364,0.11216424971228063,-0.859306769583359,0.5051954477981198,868.9391390400791,relative_strength
liquidity_bucket,5d,industry_ret_5d,liq_q2,2021,0.00832676802165491,0.009617363031389988,0.13035326372820313,1.0140393932671903,0.5408213755566551,868.9584364176151,industry_strength
liquidity_bucket,5d,industry_breadth_20d,liq_q1,2017,0.01110260486116503,0.009903614675088171,0.11757591609940697,1.4990177755191296,0.532969757064948,795.7550818046603,industry_breadth
liquidity_bucket,5d,industry_amount_share_roll20d,liq_q1,2017,-0.009876324036557964,-0.005945436353562576,0.14399841427606916,-1.0887743757285742,0.4779375309866138,795.7550818046603,industry_crowding
liquidity_bucket,5d,industry_breadth_20d,liq_q2,2017,0.0086594126458891,0.004783784766684695,0.1315522322474372,1.0449379065412268,0.5215666831928607,869.3822508676252,industry_breadth
liquidity_bucket,5d,industry_amount_share_roll20d,liq_q2,2017,-0.0009563682005205323,0.0009322864539174416,0.1653322713531841,-0.09182644379145104,0.503222607833416,869.3822508676252,industry_crowding
liquidity_bucket,5d,stock_ret_20d,liq_q1,2006,-0.008498825591293961,-0.004051722775117859,0.1591617475737595,-0.8476576549370254,0.49401794616151545,796.6460618145563,price_momentum
liquidity_bucket,5d,stock_rel_industry_ret_20d,liq_q1,2006,-0.012993635150815752,-0.007366186585513197,0.1319804723488763,-1.5628642612321317,0.4760717846460618,796.6460618145563,relative_strength
liquidity_bucket,5d,industry_ret_20d,liq_q1,2006,0.0070107711166996845,0.010670960260918853,0.11386355409763166,0.9774202300594321,0.5418743768693918,796.7572283150548,industry_strength
liquidity_bucket,5d,stock_ret_20d,liq_q2,2006,-0.012790139251825412,-0.005711977278421543,0.15739433706434006,-1.2899902877846017,0.48554336989032904,870.3534396809571,price_momentum
liquidity_bucket,5d,stock_rel_industry_ret_20d,liq_q2,2006,-0.014377828394743905,-0.004038444443366066,0.12377554893095379,-1.8439906098194958,0.481555333998006,870.3534396809571,relative_strength
liquidity_bucket,5d,industry_ret_20d,liq_q2,2006,0.0024208262972275456,0.003271224316299392,0.1345999586339522,0.2855084540033645,0.5109670987038883,870.6001994017946,industry_strength
liquidity_bucket,5d,industry_breadth_60d,liq_q2,1997,-0.0003614206451146045,0.004934127534022666,0.13458664773534937,-0.042629599373249866,0.5127691537305958,871.7921882824236,industry_breadth
liquidity_bucket,5d,industry_amount_share_roll60d,liq_q2,1997,0.000563494097115022,0.0026891767127915182,0.1653470598425315,0.05409948919463296,0.5047571357035553,871.7921882824236,industry_crowding
liquidity_bucket,5d,industry_breadth_60d,liq_q1,1997,0.0020125054698785097,0.005268641259015832,0.11934383372975274,0.2676932097311179,0.5157736604907361,797.772158237356,industry_breadth
liquidity_bucket,5d,industry_amount_share_roll60d,liq_q1,1997,-0.009220906059849241,-0.006105304348742774,0.14365649440219438,-1.0189399817350784,0.48522784176264394,797.772158237356,industry_crowding
liquidity_bucket,5d,stock_ret_5d,liq_q3,2021,-0.009489692028315932,-0.004635906009880674,0.14496077625445516,-1.0392065677729605,0.4839188520534389,871.4062345373577,price_momentum_reversal
liquidity_bucket,5d,stock_ret_20d,liq_q3,2006,-0.02274265221441079,-0.01746060330468467,0.15238812222272619,-2.369137477476829,0.44516450648055833,872.8768693918245,price_momentum
liquidity_bucket,5d,stock_rel_industry_ret_5d,liq_q3,2021,-0.012406558064599749,-0.006748493267955312,0.10867642969432727,-1.81224212228204,0.47204354280059374,871.4062345373577,relative_strength
liquidity_bucket,5d,stock_rel_industry_ret_20d,liq_q3,2006,-0.021643963933127352,-0.01745286735444372,0.11617946169317048,-2.9573839533157,0.43469591226321036,872.8768693918245,relative_strength
liquidity_bucket,5d,industry_ret_5d,liq_q3,2021,0.004551104718259571,0.008528283895650409,0.13525628937005696,0.534145569032289,0.5274616526472043,871.4562097971301,industry_strength
liquidity_bucket,5d,industry_ret_20d,liq_q3,2006,-0.0014178765778525447,0.0009323783022138802,0.14304025358144995,-0.1573549565603246,0.5019940179461615,873.209371884347,industry_strength
liquidity_bucket,5d,industry_breadth_20d,liq_q3,2017,0.005431478516732448,0.006212974375796332,0.13678508877470003,0.6303468397933442,0.5250371839365394,871.9112543381259,industry_breadth
liquidity_bucket,5d,industry_breadth_60d,liq_q3,1997,-0.002962752108528478,0.0009509038019527451,0.14051867751419705,-0.3347044854463549,0.5042563845768653,874.4957436154232,industry_breadth
liquidity_bucket,5d,industry_amount_share_roll20d,liq_q3,2017,0.0038763893588101028,0.00672839452084005,0.16860907920673743,0.3649612088454668,0.5091720376797224,871.9112543381259,industry_crowding
liquidity_bucket,5d,industry_amount_share_roll60d,liq_q3,1997,0.005224595539852755,0.006771911078628726,0.16846231989522142,0.4923230491404294,0.514271407110666,874.4957436154232,industry_crowding
liquidity_bucket,5d,stock_ret_60d,liq_q1,1966,0.0002216213449168455,0.0014409890657013308,0.16302794931007974,0.021579918033259166,0.5015259409969481,800.1017293997966,price_momentum
liquidity_bucket,5d,stock_rel_industry_ret_60d,liq_q1,1966,0.0015005637033473258,0.010842794908394446,0.14236460997000647,0.1673218527962906,0.5350966429298067,800.1017293997966,relative_strength
liquidity_bucket,5d,industry_ret_60d,liq_q1,1966,-0.0035477623826445843,0.00335108264045229,0.11576428827561167,-0.4864970250348796,0.5111902339776195,800.7767039674466,industry_strength
liquidity_bucket,5d,industry_crowding_score,liq_q1,1966,0.0006767087110271371,0.005155165395316994,0.09237393681552536,0.11629273501579047,0.5289928789420142,800.7767039674466,industry_crowding
liquidity_bucket,5d,stock_ret_60d,liq_q2,1966,-0.011052394106430594,-0.008605511714734981,0.1561906767926367,-1.1233149173038162,0.4750762970498474,874.3082400813835,price_momentum
liquidity_bucket,5d,stock_rel_industry_ret_60d,liq_q2,1966,-0.00623738738222685,-0.0013729320088202456,0.12465904095952551,-0.7942902039252414,0.4938962360122075,874.3082400813835,relative_strength
liquidity_bucket,5d,industry_ret_60d,liq_q2,1966,-0.005574866315567888,0.0006526760626713293,0.1354302887941229,-0.6534598720015565,0.5020345879959308,875.4710071210579,industry_strength
liquidity_bucket,5d,industry_crowding_score,liq_q2,1966,-0.0022827789359115606,0.00023410425520780688,0.11082531010627167,-0.3269829982032338,0.5005086469989827,875.4710071210579,industry_crowding
liquidity_bucket,5d,stock_ret_60d,liq_q3,1966,-0.020549288519346568,-0.018227829905854753,0.1528581189151553,-2.1340694531907647,0.4506612410986775,877.0696846388606,price_momentum
liquidity_bucket,5d,stock_rel_industry_ret_60d,liq_q3,1966,-0.014651705397009536,-0.009747598591768212,0.1145241683809934,-2.030912914443144,0.45320447609359105,877.0696846388606,relative_strength
liquidity_bucket,5d,industry_ret_60d,liq_q3,1966,-0.009488390529603975,-0.0029379920626869584,0.14553488443964957,-1.0349651266189446,0.4903357070193286,878.4298067141403,industry_strength
liquidity_bucket,5d,industry_crowding_score,liq_q3,1966,-0.004838130370983173,0.0004232048345831194,0.1215112720389088,-0.6320643125864736,0.5010172939979655,878.4298067141403,industry_crowding
liquidity_bucket,5d,stock_ret_1d,liq_q4,2026,-0.009212479538212212,-0.004883879276538809,0.1364053523382474,-1.0721249305206189,0.4792694965449161,864.9777887462981,price_momentum_reversal
liquidity_bucket,5d,stock_ret_5d,liq_q4,2022,-0.019883143734524315,-0.012600652235235802,0.14260060710652697,-2.2134206019644185,0.4559841740850643,865.3926805143423,price_momentum_reversal
liquidity_bucket,5d,stock_ret_20d,liq_q4,2007,-0.03834915725291968,-0.03647888069681286,0.14889824745948405,-4.088523598281147,0.40059790732436473,867.0114598903837,price_momentum
liquidity_bucket,5d,stock_ret_60d,liq_q4,1967,-0.0316096738315219,-0.03127741448431914,0.15637505937253693,-3.208874982403776,0.42145399084900864,871.4570411794612,price_momentum
liquidity_bucket,5d,stock_rel_industry_ret_1d,liq_q4,2026,-0.009223024400802499,-0.006462538166887839,0.09355101491669919,-1.5650388564228035,0.4684106614017769,864.9777887462981,relative_strength
liquidity_bucket,5d,stock_rel_industry_ret_5d,liq_q4,2022,-0.02072222064425928,-0.015788450533478812,0.10503125232934843,-3.1319730778302244,0.43570722057368944,865.3926805143423,relative_strength
liquidity_bucket,5d,stock_rel_industry_ret_20d,liq_q4,2007,-0.03552426556296873,-0.03238491732513699,0.11180519728033089,-5.043864210650569,0.37917289486796213,867.0114598903837,relative_strength
liquidity_bucket,5d,stock_rel_industry_ret_60d,liq_q4,1967,-0.02492379339286407,-0.021795179113382065,0.11310677732010088,-3.4980481598862134,0.42043721403152007,871.4570411794612,relative_strength
liquidity_bucket,5d,industry_ret_5d,liq_q4,2022,-0.0016338764623224321,0.0022948066491605594,0.14450331864973112,-0.1794905819202178,0.5054401582591493,865.4841740850643,industry_strength
liquidity_bucket,5d,industry_ret_20d,liq_q4,2007,-0.007013918877568988,-0.003946353528900638,0.15112398635401994,-0.7367626614569598,0.4857997010463378,867.4135525660189,industry_strength
liquidity_bucket,5d,industry_ret_60d,liq_q4,1967,-0.01233813307036047,-0.002798037908160254,0.15464605982595953,-1.2665165262044098,0.49211997966446364,872.9700050838841,industry_strength
liquidity_bucket,5d,industry_breadth_20d,liq_q4,2018,-0.0021726747196034717,-0.0011636170646484784,0.14052467795756052,-0.24543832747912747,0.49702675916749256,865.9905847373637,industry_breadth
liquidity_bucket,5d,industry_breadth_60d,liq_q4,1998,-0.009011616394997798,-0.004410997601501472,0.14790084776638002,-0.96723566843393,0.484984984984985,868.8113113113113,industry_breadth
liquidity_bucket,5d,industry_amount_share,liq_q4,2027,0.0033529374455083865,0.0013718082270537722,0.1635573451991881,0.32542856323209907,0.5032067094227923,864.8519980266403,industry_crowding
liquidity_bucket,5d,industry_amount_share_roll20d,liq_q4,2018,0.005463797132064473,0.006659235912969455,0.16583276840690386,0.5230274534191053,0.5113974231912785,865.9905847373637,industry_crowding
liquidity_bucket,5d,industry_amount_share_roll60d,liq_q4,1998,0.007025458627429328,0.008392785172483526,0.16598875027850366,0.6718870890887733,0.5185185185185185,868.8113113113113,industry_crowding
liquidity_bucket,5d,industry_crowding_score,liq_q4,1967,-0.012395734641971957,-0.00685354760789279,0.13356294872195365,-1.4732842376314836,0.47635993899339096,872.9700050838841,industry_crowding
liquidity_bucket,5d,stock_amount_share_in_industry,liq_q4,2027,-0.005577950624936845,-0.0038196803879292055,0.16007528452688538,-0.553159854349716,0.4908732116428219,864.8519980266403,liquidity_crowding
liquidity_bucket,5d,turnover_rate,liq_q4,2027,-0.049087639866703545,-0.05382297109790761,0.18473368862307948,-4.21819177116258,0.38332511100148003,864.8233843117908,liquidity
liquidity_bucket,5d,log_amount,liq_q4,2027,-0.013139849039565433,-0.01316411126275218,0.04805240500388176,-4.340857381121218,0.39171188949185987,864.8519980266403,liquidity
liquidity_bucket,5d,log_total_mv,liq_q4,2027,0.03964497963265445,0.04256149973529108,0.1826023844393145,3.446529698797561,0.5974346324617662,864.8233843117908,size
liquidity_bucket,10d,industry_amount_share,liq_q5,2022,0.002948696175725485,0.009411749437280039,0.17181091697678058,0.2724454386298812,0.5227497527200792,844.3941641938675,industry_crowding
liquidity_bucket,10d,stock_amount_share_in_industry,liq_q5,2022,-0.011731615240281833,-0.009161369924852827,0.1496090775025853,-1.244801595772608,0.4752720079129575,844.3941641938675,liquidity_crowding
liquidity_bucket,10d,turnover_rate,liq_q5,2022,-0.11654978433281585,-0.12844059450241493,0.20869399629714924,-8.865470502480049,0.28041543026706234,844.391196834817,liquidity
liquidity_bucket,10d,log_amount,liq_q5,2022,-0.022221252865892525,-0.019161793951254953,0.09338317803671341,-3.7774625027423476,0.42037586547972305,844.3941641938675,liquidity
liquidity_bucket,10d,log_total_mv,liq_q5,2022,0.09349616771186696,0.10135293067525192,0.20290555536442836,7.314761033296573,0.6894164193867458,844.391196834817,size
liquidity_bucket,10d,stock_ret_1d,liq_q5,2021,-0.013479561239885186,-0.01009021078884054,0.13765380965974416,-1.5544894940934375,0.46808510638297873,844.5210291934686,price_momentum_reversal
liquidity_bucket,10d,stock_rel_industry_ret_1d,liq_q5,2021,-0.010341675669393334,-0.008027000479571918,0.09508047089108157,-1.7266322960629343,0.4631370608609599,844.5210291934686,relative_strength
liquidity_bucket,10d,stock_ret_5d,liq_q5,2017,-0.04836745968633198,-0.045020538770238205,0.14538942147608538,-5.281055605508093,0.37679722359940504,844.9077838373822,price_momentum_reversal
liquidity_bucket,10d,stock_rel_industry_ret_5d,liq_q5,2017,-0.04304638633968108,-0.03956528937373509,0.10248295831749243,-6.667842242139764,0.3406048587010411,844.9077838373822,relative_strength
liquidity_bucket,10d,industry_ret_5d,liq_q5,2017,-0.015369984340437338,-0.013791797901620242,0.1673391488050729,-1.4580624979916792,0.4675260287555776,845.0312345066931,industry_strength
liquidity_bucket,10d,industry_breadth_20d,liq_q5,2013,-0.027167474120426888,-0.025240257739057498,0.16363767474540064,-2.635519493329383,0.4431197218082464,845.5712866368605,industry_breadth
liquidity_bucket,10d,industry_amount_share_roll20d,liq_q5,2013,0.007997788491411893,0.01755567802720397,0.17343587722944837,0.732033984829205,0.5355191256830601,845.5712866368605,industry_crowding
liquidity_bucket,10d,stock_ret_20d,liq_q5,2002,-0.08397453275995094,-0.07420530807100907,0.16156070721616433,-8.251105134681449,0.30569430569430567,846.6163836163836,price_momentum
liquidity_bucket,10d,stock_rel_industry_ret_20d,liq_q5,2002,-0.07342151349001097,-0.06962253046960842,0.11729073753267233,-9.937105162584471,0.27672327672327673,846.6163836163836,relative_strength
liquidity_bucket,10d,industry_ret_20d,liq_q5,2002,-0.03273270107706476,-0.026345469097072013,0.17360290988542923,-2.9931267919351203,0.4500499500499501,847.1193806193806,industry_strength
liquidity_bucket,10d,industry_breadth_60d,liq_q5,1993,-0.03237502234490936,-0.03447509368094813,0.1671157218429884,-3.0753392991450563,0.4164576016056197,848.4550928248871,industry_breadth
liquidity_bucket,10d,industry_amount_share_roll60d,liq_q5,1993,0.013833980656361596,0.02121222701256717,0.17511779614012823,1.2540566384077638,0.5454089312594079,848.4550928248871,industry_crowding
liquidity_bucket,10d,stock_ret_60d,liq_q5,1962,-0.07656490072153814,-0.08046361767811473,0.1718741275234369,-7.071629315631007,0.3292558613659531,851.0005096839959,price_momentum
liquidity_bucket,10d,stock_rel_industry_ret_60d,liq_q5,1962,-0.06488339980908124,-0.06504006682907551,0.12871413871678045,-8.002167057448121,0.32313965341488277,851.0005096839959,relative_strength
liquidity_bucket,10d,industry_ret_60d,liq_q5,1962,-0.03174677185967645,-0.028787040773842074,0.1685390169501024,-2.9901941327214936,0.4271151885830785,852.7609582059123,industry_strength
liquidity_bucket,10d,industry_crowding_score,liq_q5,1962,-0.04276428967093605,-0.04258710172245403,0.16367906744538976,-4.147519065064608,0.3843017329255861,852.7609582059123,industry_crowding
liquidity_bucket,10d,industry_amount_share,liq_q1,2021,-0.005303558892910524,0.0012651865109697695,0.14834377245845579,-0.5675424452950044,0.5056902523503216,793.5329045027214,industry_crowding
liquidity_bucket,10d,stock_amount_share_in_industry,liq_q1,2021,0.006737010083368795,-0.00616838184230327,0.15324646756207366,0.6978739625502334,0.4839188520534389,793.5329045027214,liquidity_crowding
liquidity_bucket,10d,turnover_rate,liq_q1,2021,0.0148310613599721,0.01824482385930036,0.17207519961300868,1.3682145989383747,0.5388421573478476,788.9228104898565,liquidity
liquidity_bucket,10d,log_amount,liq_q1,2021,-0.006144318376979336,-0.009029598912956198,0.10596849099252907,-0.9204437044953729,0.46214745175655614,793.5329045027214,liquidity
liquidity_bucket,10d,log_total_mv,liq_q1,2021,-0.032549985828345646,-0.032472979044695885,0.18147386454225223,-2.8473246403069257,0.42305789213260764,788.9228104898565,size
liquidity_bucket,10d,stock_ret_1d,liq_q3,2020,0.0012159032604875382,0.006115598706981026,0.13150330435001978,0.1467785617158356,0.5193069306930693,869.8173267326732,price_momentum_reversal
liquidity_bucket,10d,stock_rel_industry_ret_1d,liq_q3,2020,-0.002724369171691753,1.1585112829058666e-05,0.08825238448246712,-0.4900493068893388,0.5,869.8173267326732,relative_strength
liquidity_bucket,10d,industry_amount_share,liq_q3,2021,0.006530385277684419,0.007312561208931637,0.17060846990420175,0.6076289912180357,0.5200395843641762,869.698664027709,industry_crowding
liquidity_bucket,10d,stock_amount_share_in_industry,liq_q3,2021,-0.008746303796997902,-0.009014608948425724,0.16798241631718575,-0.8265345354069289,0.4764967837704107,869.698664027709,liquidity_crowding
liquidity_bucket,10d,turnover_rate,liq_q3,2021,-0.023270750202188936,-0.023661962460521234,0.1826846017670727,-2.022128321534163,0.4492825333993073,869.6100940128649,liquidity
liquidity_bucket,10d,log_amount,liq_q3,2021,-0.017273869602440508,-0.017930844652709943,0.04461714785752778,-6.145936978368044,0.3404255319148936,869.698664027709,liquidity
liquidity_bucket,10d,log_total_mv,liq_q3,2021,0.0034986036919898446,-0.0018547337589448051,0.17900505583929915,0.3102628111226355,0.4972785749628897,869.6100940128649,size
liquidity_bucket,10d,stock_ret_1d,liq_q2,2020,0.0027462094489474898,0.0022650791192102247,0.13535719979059527,0.32207170041570055,0.5084158415841584,867.4613861386139,price_momentum_reversal
liquidity_bucket,10d,stock_rel_industry_ret_1d,liq_q2,2020,-0.002425867005142675,-0.000490328032400101,0.09445581353948942,-0.4076979850461785,0.49653465346534653,867.4613861386139,relative_strength
liquidity_bucket,10d,industry_amount_share,liq_q2,2021,0.0025944182874106767,0.00019523261007332965,0.16579557747371815,0.24840899944227485,0.500247402276101,867.3473527956457,industry_crowding
liquidity_bucket,10d,stock_amount_share_in_industry,liq_q2,2021,-0.004795310858178167,-0.001816223637379042,0.16274243042986367,-0.46775263057613836,0.49529935675408215,867.3473527956457,liquidity_crowding
liquidity_bucket,10d,turnover_rate,liq_q2,2021,0.0016755538972325484,-0.0016867481782366844,0.17756341319272015,0.1497977147651772,0.4962889658584859,867.1444829292429,liquidity
liquidity_bucket,10d,log_amount,liq_q2,2021,-0.016244289417139388,-0.01709263958737176,0.05075363071420723,-5.080820751293971,0.37209302325581395,867.3473527956457,liquidity
liquidity_bucket,10d,log_total_mv,liq_q2,2021,-0.02777905651679185,-0.03487706342621166,0.1776558280214405,-2.4822087522139524,0.4240475012370114,867.1444829292429,size
liquidity_bucket,10d,stock_ret_1d,liq_q1,2020,0.004253953933033666,0.00483006571776105,0.13944286738644085,0.4842802392039709,0.5143564356435644,793.629207920792,price_momentum_reversal
liquidity_bucket,10d,stock_rel_industry_ret_1d,liq_q1,2020,-0.004329740980063696,-0.0027615600522417046,0.1108148953385739,-0.620246105340284,0.4905940594059406,793.629207920792,relative_strength
liquidity_bucket,10d,stock_ret_5d,liq_q1,2016,0.0035328486312168426,0.007371382652425924,0.15118608746363574,0.37094837446929435,0.5238095238095238,794.0084325396825,price_momentum_reversal
liquidity_bucket,10d,stock_rel_industry_ret_5d,liq_q1,2016,-0.006590351469521112,-0.0012579187014748255,0.12474999335857595,-0.8386259864917226,0.49255952380952384,794.0084325396825,relative_strength
liquidity_bucket,10d,industry_ret_5d,liq_q1,2016,0.01285914875558436,0.015843933123808215,0.1125413322832864,1.813846112659601,0.5545634920634921,794.014880952381,industry_strength
liquidity_bucket,10d,stock_ret_5d,liq_q2,2016,0.003032751942458975,0.012495373677101015,0.14308452006031933,0.3364685749868089,0.5372023809523809,867.889880952381,price_momentum_reversal
liquidity_bucket,10d,stock_rel_industry_ret_5d,liq_q2,2016,-0.0037295558006202527,0.0006030732422056015,0.10933989008792977,-0.5414754198807561,0.5034722222222222,867.889880952381,relative_strength
liquidity_bucket,10d,industry_ret_5d,liq_q2,2016,0.010940931760394448,0.013874368210917701,0.12712243948253854,1.366256878038026,0.5372023809523809,867.9092261904761,industry_strength
liquidity_bucket,10d,industry_breadth_20d,liq_q1,2012,0.016566657366235953,0.016257707681870966,0.11892553832878366,2.211362978681667,0.5715705765407555,794.4110337972166,industry_breadth
liquidity_bucket,10d,industry_amount_share_roll20d,liq_q1,2012,-0.006366808427757653,0.0011394918672556435,0.14858437835951366,-0.6802192234884429,0.5034791252485089,794.4110337972166,industry_crowding
liquidity_bucket,10d,industry_breadth_20d,liq_q2,2012,0.013697176550516558,0.01066603300820346,0.13010047835748237,1.6712923706630542,0.5407554671968191,868.3359840954274,industry_breadth
liquidity_bucket,10d,industry_amount_share_roll20d,liq_q2,2012,0.0023001005977483805,-0.0015954615138998722,0.16651071961669964,0.21928296938774033,0.49652087475149104,868.3359840954274,industry_crowding
liquidity_bucket,10d,stock_ret_20d,liq_q1,2001,-0.006753871812780382,0.005169452768454801,0.16004212711948573,-0.669913560574649,0.5162418790604698,795.3713143428286,price_momentum
liquidity_bucket,10d,stock_rel_industry_ret_20d,liq_q1,2001,-0.013189649904869587,-0.006095769335503884,0.13613186701115118,-1.5380616292627411,0.47926036981509246,795.3713143428286,relative_strength
liquidity_bucket,10d,industry_ret_20d,liq_q1,2001,0.008988796565078887,0.012008189620710956,0.11500963001532723,1.2407023808587647,0.5482258870564718,795.4827586206897,industry_strength
liquidity_bucket,10d,stock_ret_20d,liq_q2,2001,-0.012771197993058822,0.002293788970510158,0.15288484898538374,-1.3260730827774,0.5082458770614693,869.3993003498251,price_momentum
liquidity_bucket,10d,stock_rel_industry_ret_20d,liq_q2,2001,-0.015846966941117705,-0.006481564550973962,0.12379658722986307,-2.032065721634632,0.4777611194402799,869.3993003498251,relative_strength
liquidity_bucket,10d,industry_ret_20d,liq_q2,2001,0.00368817179282203,0.0072585127451457055,0.13202979167175008,0.44344470589867063,0.5357321339330335,869.6436781609195,industry_strength
liquidity_bucket,10d,industry_breadth_60d,liq_q2,1992,0.00036400909508100757,0.00550442174900636,0.1330605553500993,0.04342733448012588,0.5200803212851406,870.8408634538152,industry_breadth
liquidity_bucket,10d,industry_amount_share_roll60d,liq_q2,1992,0.0036177599855165736,-0.00034271652638157783,0.16597724877225273,0.34601223826518707,0.4994979919678715,870.8408634538152,industry_crowding
liquidity_bucket,10d,industry_breadth_60d,liq_q1,1992,0.003925855286576759,0.009390117271636777,0.12175347485065698,0.5118623571565818,0.5371485943775101,796.504016064257,industry_breadth
liquidity_bucket,10d,industry_amount_share_roll60d,liq_q1,1992,-0.005639422679761635,0.0011068253714499262,0.14819232834784038,-0.6041005002744128,0.5035140562248996,796.504016064257,industry_crowding
liquidity_bucket,10d,stock_ret_5d,liq_q3,2016,-0.004596232508876351,0.0011755009663306135,0.1387374585042796,-0.5259064848420381,0.5014880952380952,870.2529761904761,price_momentum_reversal
liquidity_bucket,10d,stock_ret_20d,liq_q3,2001,-0.023819443171241697,-0.015269590493301647,0.14620988962539874,-2.586158425833065,0.4527736131934033,871.8205897051474,price_momentum
liquidity_bucket,10d,stock_rel_industry_ret_5d,liq_q3,2016,-0.008462694105475137,-0.0027852227850492847,0.10351051769021695,-1.2978497948416068,0.48759920634920634,870.2529761904761,relative_strength
liquidity_bucket,10d,stock_rel_industry_ret_20d,liq_q3,2001,-0.023105962489491205,-0.01349083108238577,0.11339559084752318,-3.2346564849518162,0.43778110944527737,871.8205897051474,relative_strength
liquidity_bucket,10d,industry_ret_5d,liq_q3,2016,0.007622593404650864,0.011053300083010958,0.13359546644605458,0.9057561770875312,0.5386904761904762,870.3020833333334,industry_strength
liquidity_bucket,10d,industry_ret_20d,liq_q3,2001,-0.00191430466637825,-0.00013192492678836492,0.13984963574699225,-0.21729512789050995,0.4992503748125937,872.151924037981,industry_strength
liquidity_bucket,10d,industry_breadth_20d,liq_q3,2012,0.008936254062365916,0.011088686624451685,0.13668069756835224,1.0378834607434142,0.5382703777335984,870.7634194831014,industry_breadth
liquidity_bucket,10d,industry_breadth_60d,liq_q3,1992,-0.00352385571420271,0.0022781750595561056,0.1380622970123288,-0.40517560887843473,0.5070281124497992,873.441265060241,industry_breadth
liquidity_bucket,10d,industry_amount_share_roll20d,liq_q3,2012,0.006775833028413463,0.011423182846526065,0.17195748779907602,0.6255209708376306,0.5233598409542743,870.7634194831014,industry_crowding
liquidity_bucket,10d,industry_amount_share_roll60d,liq_q3,1992,0.008098195610185401,0.01157734901754209,0.17172255115608806,0.7486196137430001,0.5215863453815262,873.441265060241,industry_crowding
liquidity_bucket,10d,stock_ret_60d,liq_q1,1961,0.005298889873889262,0.015109296731679055,0.15949334174971905,0.5274030129619788,0.5410504844467109,798.8862825089241,price_momentum
liquidity_bucket,10d,stock_rel_industry_ret_60d,liq_q1,1961,0.0059756874434134955,0.01738048966190195,0.1405795731987525,0.6747857826643523,0.5599184089750128,798.8862825089241,relative_strength
liquidity_bucket,10d,industry_ret_60d,liq_q1,1961,-0.0036485087316650315,0.006082724704349117,0.11593951682357591,-0.49955599391994965,0.5242223355430903,799.5471698113207,industry_strength
liquidity_bucket,10d,industry_crowding_score,liq_q1,1961,-0.0008349102217845841,0.004329442659897426,0.09287719788137737,-0.14270229061361725,0.517593064762876,799.5471698113207,industry_crowding
liquidity_bucket,10d,stock_ret_60d,liq_q2,1961,-0.01039258597566017,-0.0060100819808922385,0.15110697876129678,-1.0917906583476875,0.4824069352371239,873.409994900561,price_momentum
liquidity_bucket,10d,stock_rel_industry_ret_60d,liq_q2,1961,-0.0049906027275833905,0.0036349111769917943,0.12195557260191572,-0.6496083825184156,0.5186129525752168,873.409994900561,relative_strength
liquidity_bucket,10d,industry_ret_60d,liq_q2,1961,-0.006595085747552218,-0.0030856623469039794,0.13091467365069986,-0.7997097472691013,0.48750637429882715,874.5665476797552,industry_strength
liquidity_bucket,10d,industry_crowding_score,liq_q2,1961,-0.0019887390713894493,0.002024349065717223,0.1102554549656568,-0.28633734306205366,0.5099439061703213,874.5665476797552,industry_crowding
liquidity_bucket,10d,stock_ret_60d,liq_q3,1961,-0.024338964362352552,-0.02094526897655766,0.14684210003353695,-2.6311873852365886,0.44212136664966856,876.0734319224886,price_momentum
liquidity_bucket,10d,stock_rel_industry_ret_60d,liq_q3,1961,-0.017150450833146487,-0.011821877261890042,0.11235037699157366,-2.4232670503926834,0.45181030086690466,876.0734319224886,relative_strength
liquidity_bucket,10d,industry_ret_60d,liq_q3,1961,-0.010666629873980432,-0.005356515696535596,0.1388579542704708,-1.2194296015086517,0.4813870474247833,877.4181540030596,industry_strength
liquidity_bucket,10d,industry_crowding_score,liq_q3,1961,-0.004862380345263871,-0.003519422403760642,0.12169836141178748,-0.6342558284665878,0.48342682304946455,877.4181540030596,industry_crowding
liquidity_bucket,10d,stock_ret_1d,liq_q4,2021,-0.003964907274091609,-0.001368739595109013,0.1305205546470604,-0.48223018881786534,0.4933201385452746,863.8411677387433,price_momentum_reversal
liquidity_bucket,10d,stock_ret_5d,liq_q4,2017,-0.017782443660276797,-0.007841167226239622,0.13543026108983097,-2.084375674218156,0.4620723847297967,864.2672285572633,price_momentum_reversal
liquidity_bucket,10d,stock_ret_20d,liq_q4,2002,-0.0447300411309606,-0.037250356815502574,0.1461024164457034,-4.860066021297858,0.3971028971028971,865.9825174825174,price_momentum
liquidity_bucket,10d,stock_ret_60d,liq_q4,1962,-0.03911544628896056,-0.038488451512903796,0.15143143948012494,-4.100459336205813,0.3934760448521916,870.4821610601427,price_momentum
liquidity_bucket,10d,stock_rel_industry_ret_1d,liq_q4,2021,-0.004468949673373251,-0.001261655947690881,0.08769763412562046,-0.808942880292916,0.4943097476496784,863.8411677387433,relative_strength
liquidity_bucket,10d,stock_rel_industry_ret_5d,liq_q4,2017,-0.017039760602894246,-0.012440585314284786,0.09810099522875189,-2.757340158489305,0.4392662369856222,864.2672285572633,relative_strength
liquidity_bucket,10d,stock_rel_industry_ret_20d,liq_q4,2002,-0.04045313010490692,-0.03321286957785076,0.10971607214001754,-5.853048870094567,0.3696303696303696,865.9825174825174,relative_strength
liquidity_bucket,10d,stock_rel_industry_ret_60d,liq_q4,1962,-0.02967398190051729,-0.023705229705685192,0.11203894714455018,-4.2044295409082375,0.4036697247706422,870.4821610601427,relative_strength
liquidity_bucket,10d,industry_ret_5d,liq_q4,2017,-0.0011934906023848629,0.004196949494798215,0.14480750223266728,-0.13083628723584217,0.51165096678235,864.3569657907784,industry_strength
liquidity_bucket,10d,industry_ret_20d,liq_q4,2002,-0.010778354992503101,-0.007568874257456356,0.1509917769209402,-1.1331814526879633,0.4825174825174825,866.3831168831168,industry_strength
liquidity_bucket,10d,industry_ret_60d,liq_q4,1962,-0.017175016137309936,-0.015029559353218772,0.14905857479451476,-1.8291126770326045,0.45718654434250766,871.9887869520898,industry_strength
liquidity_bucket,10d,industry_breadth_20d,liq_q4,2013,-0.004042615128277418,-0.006631160882281483,0.14312065976379137,-0.4483945627453913,0.4778936910084451,864.8723298559364,industry_breadth
liquidity_bucket,10d,industry_breadth_60d,liq_q4,1993,-0.014227233783819378,-0.014495598715587662,0.14723605030502163,-1.5339336674020554,0.45509282488710484,867.7822378324134,industry_breadth
liquidity_bucket,10d,industry_amount_share,liq_q4,2022,0.005048961512453792,0.007064761538964414,0.16795677080097401,0.4772048120734104,0.5192878338278932,863.7151335311572,industry_crowding
liquidity_bucket,10d,industry_amount_share_roll20d,liq_q4,2013,0.007070538161963547,0.01230367002302807,0.16989638017642344,0.6606457038998139,0.5290611028315947,864.8723298559364,industry_crowding
liquidity_bucket,10d,industry_amount_share_roll60d,liq_q4,1993,0.00925532012419453,0.01211667092820483,0.1697009640341838,0.8657797140614085,0.530356246864024,867.7822378324134,industry_crowding
liquidity_bucket,10d,industry_crowding_score,liq_q4,1962,-0.016087808546327995,-0.014104702094933556,0.1347641332280096,-1.895059443520694,0.4510703363914373,871.9887869520898,industry_crowding
liquidity_bucket,10d,stock_amount_share_in_industry,liq_q4,2022,-0.00827123814705564,-0.0077834876460008955,0.16411558335437904,-0.8000570838338735,0.4826904055390702,863.7151335311572,liquidity_crowding
liquidity_bucket,10d,turnover_rate,liq_q4,2022,-0.0599251089687291,-0.06596724174896773,0.18596859999456633,-5.11528082561258,0.36053412462908013,863.6864490603363,liquidity
liquidity_bucket,10d,log_amount,liq_q4,2022,-0.01776994540453448,-0.018425573292647178,0.04872605426344651,-5.789287525404626,0.361028684470821,863.7151335311572,liquidity
liquidity_bucket,10d,log_total_mv,liq_q4,2022,0.046773198137221014,0.04771466064800001,0.18492691668288713,4.0151077792458985,0.6053412462908012,863.6864490603363,size
