split_type,horizon,factor,split_value,ic_days,mean_ic,median_ic,std_ic,icir,positive_ic_rate,mean_group_n,factor_group
industry,3d,industry_amount_share,软件服务,729,1.810049168070372e-17,1.7888348416901638e-17,1.2659470744841014e-16,2.2697346781887293,0.5377229080932785,205.95610425240054,industry_crowding
industry,3d,stock_amount_share_in_industry,软件服务,2028,-0.044670997615470845,-0.048814693608289564,0.18796190284310352,-3.772733156665794,0.39990138067061143,209.19773175542406,liquidity_crowding
industry,3d,turnover_rate,软件服务,2028,-0.04368400516617709,-0.04759790595494505,0.18114208149205493,-3.82827710675395,0.3989151873767258,208.77810650887574,liquidity
industry,3d,log_amount,软件服务,2028,-0.044670997615470845,-0.048814693608289564,0.18796190284310352,-3.772733156665794,0.39990138067061143,209.19773175542406,liquidity
industry,3d,log_total_mv,软件服务,2028,-0.02038058135686659,-0.022883008202148676,0.19355768336627155,-1.671500161834997,0.45019723865877714,208.77810650887574,size
industry,3d,stock_ret_1d,软件服务,2027,-0.016908922480285745,-0.016123084435324835,0.15001735752822998,-1.7892651047057826,0.45535273803650717,209.23285643808583,price_momentum_reversal
industry,3d,stock_rel_industry_ret_1d,软件服务,2027,-0.016908922480285745,-0.016123084435324835,0.15001735752822998,-1.7892651047057826,0.45535273803650717,209.23285643808583,relative_strength
industry,3d,stock_ret_5d,软件服务,2023,-0.034606768909207886,-0.028486424171956574,0.15577954886281786,-3.526556786752907,0.4087988136431043,209.36282748393475,price_momentum_reversal
industry,3d,stock_rel_industry_ret_5d,软件服务,2023,-0.034606768909207886,-0.028486424171956574,0.15577954886281786,-3.526556786752907,0.4087988136431043,209.36282748393475,relative_strength
industry,3d,industry_ret_5d,软件服务,728,1.8198092077480596e-17,1.8101213196753067e-17,1.2665429477700217e-16,2.280899801667573,0.5384615384615384,206.04945054945054,industry_strength
industry,3d,industry_breadth_20d,软件服务,726,1.8644471136627787e-17,1.8101213196753067e-17,1.2558029121070024e-16,2.356833232903147,0.5385674931129476,206.2465564738292,industry_breadth
industry,3d,industry_amount_share_roll20d,软件服务,726,1.8644471136627787e-17,1.8101213196753067e-17,1.2558029121070024e-16,2.356833232903147,0.5385674931129476,206.2465564738292,industry_crowding
industry,3d,stock_ret_20d,软件服务,2008,-0.04912175267198532,-0.04725883476331984,0.1649259887570006,-4.728082305761378,0.374003984063745,209.8605577689243,price_momentum
industry,3d,stock_rel_industry_ret_20d,软件服务,2008,-0.04912175267198532,-0.04725883476331984,0.1649259887570006,-4.728082305761378,0.374003984063745,209.8605577689243,relative_strength
industry,3d,industry_ret_20d,软件服务,718,1.967498379963889e-17,1.8636701912027598e-17,1.2552981438269536e-16,2.488099633018104,0.541782729805014,207.016713091922,industry_strength
industry,3d,industry_breadth_60d,软件服务,713,1.940911789003567e-17,1.8959257181074074e-17,1.257191872712314e-16,2.4507809930419433,0.541374474053296,207.5483870967742,industry_breadth
industry,3d,industry_amount_share_roll60d,软件服务,713,1.940911789003567e-17,1.8959257181074074e-17,1.257191872712314e-16,2.4507809930419433,0.541374474053296,207.5483870967742,industry_crowding
industry,3d,stock_ret_60d,软件服务,1968,-0.04552395480587144,-0.04592852363264945,0.17304340824605327,-4.176237546403965,0.4024390243902439,211.25,price_momentum
industry,3d,stock_rel_industry_ret_60d,软件服务,1968,-0.04552395480587144,-0.04592852363264945,0.17304340824605327,-4.176237546403965,0.4024390243902439,211.25,relative_strength
industry,3d,industry_ret_60d,软件服务,701,2.039722503442145e-17,2.126377545106924e-17,1.259199261450534e-16,2.5714429731193116,0.5463623395149786,208.77175463623396,industry_strength
industry,3d,industry_crowding_score,软件服务,701,2.039722503442145e-17,2.126377545106924e-17,1.259199261450534e-16,2.5714429731193116,0.5463623395149786,208.77175463623396,industry_crowding
industry,3d,industry_amount_share,UNKNOWN,888,5.247943391164379e-18,-3.2606918139194074e-18,1.860241081622592e-16,0.44783721566201384,0.47635135135135137,112.31306306306307,industry_crowding
industry,3d,stock_amount_share_in_industry,UNKNOWN,1530,-0.06451417763145169,-0.06707709518679657,0.1589547594525641,-6.442907553262841,0.33464052287581697,118.29346405228758,liquidity_crowding
industry,3d,turnover_rate,UNKNOWN,1530,-0.0619834738644979,-0.06986637089279624,0.19783425753405334,-4.973643876003778,0.3627450980392157,117.85751633986928,liquidity
industry,3d,log_amount,UNKNOWN,1530,-0.06451417763145169,-0.06707709518679657,0.1589547594525641,-6.442907553262841,0.33464052287581697,118.29346405228758,liquidity
industry,3d,log_total_mv,UNKNOWN,1530,-0.018421338999096617,-0.016745372130048862,0.1903575461344237,-1.5362127574603608,0.4594771241830065,117.85751633986928,size
industry,3d,stock_ret_1d,UNKNOWN,1529,-0.008694394642613491,-0.010503314145981716,0.1619722005294442,-0.8521168181731019,0.47678221059516024,118.2531066056246,price_momentum_reversal
industry,3d,stock_rel_industry_ret_1d,UNKNOWN,1529,-0.008694394642613491,-0.010503314145981716,0.1619722005294442,-0.8521168181731019,0.47678221059516024,118.2531066056246,relative_strength
industry,3d,stock_ret_5d,UNKNOWN,1525,-0.023977688615762768,-0.01639333033580724,0.17376202726190818,-2.1905476849380605,0.45704918032786884,118.05245901639344,price_momentum_reversal
industry,3d,stock_rel_industry_ret_5d,UNKNOWN,1525,-0.023977688615762768,-0.01639333033580724,0.17376202726190818,-2.1905476849380605,0.45704918032786884,118.05245901639344,relative_strength
industry,3d,industry_ret_5d,UNKNOWN,886,5.756574861762559e-18,-2.382142612229694e-18,1.85685067972722e-16,0.4921386190295231,0.47742663656884876,112.16027088036117,industry_strength
industry,3d,industry_breadth_20d,UNKNOWN,884,5.578318409224766e-18,-3.2606918139194074e-18,1.858573279519891e-16,0.4764571859729315,0.4762443438914027,112.02036199095022,industry_breadth
industry,3d,industry_amount_share_roll20d,UNKNOWN,884,5.578318409224766e-18,-3.2606918139194074e-18,1.858573279519891e-16,0.4764571859729315,0.4762443438914027,112.02036199095022,industry_crowding
industry,3d,stock_ret_20d,UNKNOWN,1510,-0.031389510897537574,-0.03217292422842897,0.18117042283942786,-2.7504105242755714,0.4324503311258278,117.26688741721854,price_momentum
industry,3d,stock_rel_industry_ret_20d,UNKNOWN,1510,-0.031389510897537574,-0.03217292422842897,0.18117042283942786,-2.7504105242755714,0.4324503311258278,117.26688741721854,relative_strength
industry,3d,industry_ret_20d,UNKNOWN,879,5.399930896183914e-18,-2.345378482101756e-18,1.8598242291643548e-16,0.46091046747969533,0.4778156996587031,111.62912400455063,industry_strength
industry,3d,industry_breadth_60d,UNKNOWN,873,5.538483191462907e-18,-2.345378482101756e-18,1.8655686429022846e-16,0.47128094334794335,0.47766323024054985,111.43642611683849,industry_breadth
industry,3d,industry_amount_share_roll60d,UNKNOWN,873,5.538483191462907e-18,-2.345378482101756e-18,1.8655686429022846e-16,0.47128094334794335,0.47766323024054985,111.43642611683849,industry_crowding
industry,3d,stock_ret_60d,UNKNOWN,1470,-0.028780521909166246,-0.02060615942768492,0.18545189049309635,-2.4635856783719676,0.4435374149659864,115.17619047619047,price_momentum
industry,3d,stock_rel_industry_ret_60d,UNKNOWN,1470,-0.028780521909166246,-0.02060615942768492,0.18545189049309635,-2.4635856783719676,0.4435374149659864,115.17619047619047,relative_strength
industry,3d,industry_ret_60d,UNKNOWN,859,5.58188763283731e-18,0.0,1.8773683926716266e-16,0.47198897926831185,0.479627473806752,110.61350407450524,industry_strength
industry,3d,industry_crowding_score,UNKNOWN,859,5.58188763283731e-18,0.0,1.8773683926716266e-16,0.47198897926831185,0.479627473806752,110.61350407450524,industry_crowding
industry,3d,stock_ret_1d,区域地产,2019,-0.000464980728234936,-0.0013775220808686058,0.21329665919888216,-0.0346059814335938,0.4962852897473997,41.11144130757801,price_momentum_reversal
industry,3d,stock_ret_5d,区域地产,2015,-0.03280172890147925,-0.028710828052885932,0.21314860772606975,-2.4429495882367753,0.4461538461538462,41.11017369727047,price_momentum_reversal
industry,3d,stock_ret_20d,区域地产,2000,-0.04209342364686176,-0.03060198451576784,0.22312463900650018,-2.9947942449593112,0.4365,41.099,price_momentum
industry,3d,stock_rel_industry_ret_1d,区域地产,2019,-0.000464980728234936,-0.0013775220808686058,0.21329665919888216,-0.0346059814335938,0.4962852897473997,41.11144130757801,relative_strength
industry,3d,stock_rel_industry_ret_5d,区域地产,2015,-0.03280172890147925,-0.028710828052885932,0.21314860772606975,-2.4429495882367753,0.4461538461538462,41.11017369727047,relative_strength
industry,3d,stock_rel_industry_ret_20d,区域地产,2000,-0.04209342364686176,-0.03060198451576784,0.22312463900650018,-2.9947942449593112,0.4365,41.099,relative_strength
industry,3d,industry_ret_5d,区域地产,704,5.828983100123637e-17,8.521664169730518e-17,2.328092909683615e-16,3.9745938699898264,0.765625,41.33096590909091,industry_strength
industry,3d,industry_ret_20d,区域地产,699,5.750791719117227e-17,8.502320962784464e-17,2.3345491632304594e-16,3.9104333213851796,0.7639484978540773,41.35050071530758,industry_strength
industry,3d,industry_breadth_20d,区域地产,701,5.781291554633229e-17,8.502320962784466e-17,2.3319125658518115e-16,3.9356174672175595,0.7646219686162625,41.34379457917261,industry_breadth
industry,3d,industry_breadth_60d,区域地产,697,5.715639821962052e-17,8.50039423670403e-17,2.336974827303946e-16,3.882496647165374,0.763271162123386,41.36298421807747,industry_breadth
industry,3d,industry_amount_share,区域地产,706,5.855918933282464e-17,8.682589340635456e-17,2.3253387064654744e-16,3.9976899241753743,0.7662889518413598,41.31869688385269,industry_crowding
industry,3d,industry_amount_share_roll20d,区域地产,701,5.781291554633229e-17,8.502320962784466e-17,2.3319125658518115e-16,3.9356174672175595,0.7646219686162625,41.34379457917261,industry_crowding
industry,3d,industry_amount_share_roll60d,区域地产,697,5.715639821962052e-17,8.50039423670403e-17,2.336974827303946e-16,3.882496647165374,0.763271162123386,41.36298421807747,industry_crowding
industry,3d,stock_amount_share_in_industry,区域地产,2020,-0.07875378479694647,-0.07997123409772301,0.21877702690884898,-5.714391469392219,0.3589108910891089,41.11089108910891,liquidity_crowding
industry,3d,turnover_rate,区域地产,2020,-0.0522233120003594,-0.05387447126563714,0.23152859433442163,-3.580634951556241,0.4084158415841584,41.11089108910891,liquidity
industry,3d,log_amount,区域地产,2020,-0.07875378479694647,-0.07997123409772301,0.21877702690884898,-5.714391469392219,0.3589108910891089,41.11089108910891,liquidity
industry,3d,log_total_mv,区域地产,2020,-0.03242285102971119,-0.031184889344108818,0.25565429331856077,-2.013253120222465,0.4534653465346535,41.11089108910891,size
industry,3d,stock_ret_60d,区域地产,1960,-0.03323538071046719,-0.024094971003552502,0.21648018096214283,-2.4371529540755508,0.4520408163265306,41.06122448979592,price_momentum
industry,3d,stock_rel_industry_ret_60d,区域地产,1960,-0.03323538071046719,-0.024094971003552502,0.21648018096214283,-2.4371529540755508,0.4520408163265306,41.06122448979592,relative_strength
industry,3d,industry_ret_60d,区域地产,693,5.700218709051513e-17,8.502320962784464e-17,2.343604454117524e-16,3.8610682181452285,0.7619047619047619,41.35353535353536,industry_strength
industry,3d,industry_crowding_score,区域地产,693,5.700218709051513e-17,8.502320962784464e-17,2.343604454117524e-16,3.8610682181452285,0.7619047619047619,41.35353535353536,industry_crowding
industry,3d,industry_amount_share,电气设备,907,1.450714110617527e-17,9.084935157141115e-18,1.2758157047905505e-16,1.8050704717307153,0.5214994487320838,244.97574421168687,industry_crowding
industry,3d,stock_amount_share_in_industry,电气设备,2028,-0.052109035678650405,-0.0680145350727757,0.20941693672657524,-3.9500400957093733,0.3742603550295858,248.4921104536489,liquidity_crowding
industry,3d,turnover_rate,电气设备,2028,-0.0414195098875153,-0.0497599810916999,0.17941763030537883,-3.664714188968788,0.39349112426035504,248.19625246548324,liquidity
industry,3d,log_amount,电气设备,2028,-0.052109035678650405,-0.0680145350727757,0.20941693672657524,-3.9500400957093733,0.3742603550295858,248.4921104536489,liquidity
industry,3d,log_total_mv,电气设备,2028,-0.02587615657179022,-0.02971183185787899,0.2237556332354938,-1.8358029476667495,0.45808678500986194,248.19625246548324,size
industry,3d,stock_ret_1d,电气设备,2027,-0.005706768010619036,-0.002195948407284992,0.15658532195094535,-0.5785480564046811,0.4918598914652195,248.52836704489394,price_momentum_reversal
industry,3d,stock_rel_industry_ret_1d,电气设备,2027,-0.005706768010619036,-0.002195948407284992,0.15658532195094535,-0.5785480564046811,0.4918598914652195,248.52836704489394,relative_strength
industry,3d,stock_ret_5d,电气设备,2023,-0.023132491830724702,-0.019750832499283808,0.16445413465469208,-2.2329443057606198,0.4483440434997528,248.66534849233813,price_momentum_reversal
industry,3d,stock_rel_industry_ret_5d,电气设备,2023,-0.023132491830724702,-0.019750832499283808,0.16445413465469208,-2.2329443057606198,0.4483440434997528,248.66534849233813,relative_strength
industry,3d,industry_ret_5d,电气设备,906,1.4440203775166038e-17,9.014559956219298e-18,1.276361015699603e-16,1.7959740669097881,0.5209713024282561,245.0540838852097,industry_strength
industry,3d,industry_breadth_20d,电气设备,906,1.4440203775166038e-17,9.014559956219298e-18,1.276361015699603e-16,1.7959740669097881,0.5209713024282561,245.0540838852097,industry_breadth
industry,3d,industry_amount_share_roll20d,电气设备,906,1.4440203775166038e-17,9.014559956219298e-18,1.276361015699603e-16,1.7959740669097881,0.5209713024282561,245.0540838852097,industry_crowding
industry,3d,stock_ret_20d,电气设备,2008,-0.03179050060001799,-0.03463308339452898,0.17804953082806987,-2.83437170266232,0.42380478087649404,249.1688247011952,price_momentum
industry,3d,stock_rel_industry_ret_20d,电气设备,2008,-0.03179050060001799,-0.03463308339452898,0.17804953082806987,-2.83437170266232,0.42380478087649404,249.1688247011952,relative_strength
industry,3d,industry_ret_20d,电气设备,901,1.3655251988536332e-17,6.153541639863249e-18,1.2721988565575707e-16,1.7039034738333352,0.5183129855715871,245.45283018867926,industry_strength
industry,3d,industry_breadth_60d,电气设备,899,1.3547397498544118e-17,6.153541639863249e-18,1.2726327977136846e-16,1.6898689751362286,0.5183537263626251,245.63959955506118,industry_breadth
industry,3d,industry_amount_share_roll60d,电气设备,899,1.3547397498544118e-17,6.153541639863249e-18,1.2726327977136846e-16,1.6898689751362286,0.5183537263626251,245.63959955506118,industry_crowding
industry,3d,stock_ret_60d,电气设备,1968,-0.024360290459411002,-0.017800126860616286,0.19280800923942681,-2.0056616115215227,0.4603658536585366,250.6397357723577,price_momentum
industry,3d,stock_rel_industry_ret_60d,电气设备,1968,-0.024360290459411002,-0.017800126860616286,0.19280800923942681,-2.0056616115215227,0.4603658536585366,250.6397357723577,relative_strength
industry,3d,industry_ret_60d,电气设备,883,1.3904668983039042e-17,9.861397762103667e-18,1.2659493939554416e-16,1.7435908433993637,0.5232163080407701,247.18686296715742,industry_strength
industry,3d,industry_crowding_score,电气设备,883,1.3904668983039042e-17,9.861397762103667e-18,1.2659493939554416e-16,1.7435908433993637,0.5232163080407701,247.18686296715742,industry_crowding
industry,3d,industry_amount_share,建筑工程,1496,1.0983368720716744e-17,-9.381028914355876e-18,2.2292112854513867e-16,0.7821401869547242,0.4852941176470588,97.04745989304813,industry_crowding
industry,3d,stock_amount_share_in_industry,建筑工程,2028,-0.0636919614267778,-0.0759340765865259,0.22015204610658595,-4.592637500200773,0.3772189349112426,96.41124260355029,liquidity_crowding
industry,3d,turnover_rate,建筑工程,2028,-0.05195728044765913,-0.06360402936635427,0.23004555150221714,-3.5853606027001104,0.3880670611439842,96.12721893491124,liquidity
industry,3d,log_amount,建筑工程,2028,-0.0636919614267778,-0.0759340765865259,0.22015204610658595,-4.592637500200773,0.3772189349112426,96.41124260355029,liquidity
industry,3d,log_total_mv,建筑工程,2028,-0.025135174163697035,-0.032377033468546396,0.2630507906035899,-1.5168497272677812,0.4551282051282051,96.12721893491124,size
industry,3d,stock_ret_1d,建筑工程,2027,-0.0038702186387633082,-0.0066107255726363815,0.18508823231880298,-0.3319379922536891,0.48643315244203256,96.42427232363099,price_momentum_reversal
industry,3d,stock_rel_industry_ret_1d,建筑工程,2027,-0.0038702186387633082,-0.0066107255726363815,0.18508823231880298,-0.3319379922536891,0.48643315244203256,96.42427232363099,relative_strength
industry,3d,stock_ret_5d,建筑工程,2023,-0.032700045887051936,-0.024817287975182692,0.1964391377712759,-2.642534179057795,0.444389520514088,96.47207118141374,price_momentum_reversal
industry,3d,stock_rel_industry_ret_5d,建筑工程,2023,-0.032700045887051936,-0.024817287975182692,0.1964391377712759,-2.642534179057795,0.444389520514088,96.47207118141374,relative_strength
industry,3d,industry_ret_5d,建筑工程,1491,1.106490780079955e-17,-9.381003389274616e-18,2.228082642282883e-16,0.7883458296891322,0.48558014755197854,97.13749161636485,industry_strength
industry,3d,industry_breadth_20d,建筑工程,1487,1.0717168161900981e-17,-1.0834667307208315e-17,2.230052855274647e-16,0.762895686033157,0.484196368527236,97.19973100201749,industry_breadth
industry,3d,industry_amount_share_roll20d,建筑工程,1487,1.0717168161900981e-17,-1.0834667307208315e-17,2.230052855274647e-16,0.762895686033157,0.484196368527236,97.19973100201749,industry_crowding
industry,3d,stock_ret_20d,建筑工程,2008,-0.04682498176522791,-0.04468668568970082,0.20195037669878807,-3.6807237180064374,0.4073705179282869,96.63545816733068,price_momentum
industry,3d,stock_rel_industry_ret_20d,建筑工程,2008,-0.04682498176522791,-0.04468668568970082,0.20195037669878807,-3.6807237180064374,0.4073705179282869,96.63545816733068,relative_strength
industry,3d,industry_ret_20d,建筑工程,1481,1.0667169121544711e-17,-1.3037598565130298e-17,2.2322709719222746e-16,0.7585820102575968,0.4834571235651587,97.29439567859555,industry_strength
industry,3d,industry_breadth_60d,建筑工程,1475,1.0965526876689335e-17,-9.381054439437135e-18,2.2324514868815534e-16,0.7797362840177346,0.4847457627118644,97.40271186440678,industry_breadth
industry,3d,industry_amount_share_roll60d,建筑工程,1475,1.0965526876689335e-17,-9.381054439437135e-18,2.2324514868815534e-16,0.7797362840177346,0.4847457627118644,97.40271186440678,industry_crowding
industry,3d,stock_ret_60d,建筑工程,1968,-0.033901971996760955,-0.03496474953690575,0.20777632946068106,-2.590175322403484,0.42073170731707316,97.11280487804878,price_momentum
industry,3d,stock_rel_industry_ret_60d,建筑工程,1968,-0.033901971996760955,-0.03496474953690575,0.20777632946068106,-2.590175322403484,0.42073170731707316,97.11280487804878,relative_strength
industry,3d,industry_ret_60d,建筑工程,1447,1.2976284050890214e-17,-7.468168239336408e-18,2.1993305515537717e-16,0.936612839287881,0.48859709744298546,97.9053213545266,industry_strength
industry,3d,industry_crowding_score,建筑工程,1447,1.2976284050890214e-17,-7.468168239336408e-18,2.1993305515537717e-16,0.936612839287881,0.48859709744298546,97.9053213545266,industry_crowding
industry,3d,industry_amount_share,家用电器,1306,2.2802570082475076e-17,9.616346772718881e-17,2.1781430310301928e-16,1.661872397685927,0.5704441041347627,68.66079632465544,industry_crowding
industry,3d,stock_amount_share_in_industry,家用电器,2027,-0.049122995579790246,-0.05645886261481339,0.20814691810755956,-3.746408483208667,0.39368524913665515,70.5836211149482,liquidity_crowding
industry,3d,turnover_rate,家用电器,2027,-0.04555971611990705,-0.05246554104763197,0.19823761291892422,-3.648339289838199,0.3946719289590528,70.57671435619142,liquidity
industry,3d,log_amount,家用电器,2027,-0.049122995579790246,-0.05645886261481339,0.20814691810755956,-3.746408483208667,0.39368524913665515,70.5836211149482,liquidity
industry,3d,log_total_mv,家用电器,2027,-0.015401181170271993,-0.014003889969435968,0.24923330289199278,-0.9809530620596577,0.47705969412925503,70.57671435619142,size
industry,3d,stock_ret_1d,家用电器,2026,-0.007315204442534308,-0.0031780645355714687,0.18860007719207122,-0.6157222849330092,0.48963474827245806,70.59131293188548,price_momentum_reversal
industry,3d,stock_rel_industry_ret_1d,家用电器,2026,-0.007315204442534308,-0.0031780645355714687,0.18860007719207122,-0.6157222849330092,0.48963474827245806,70.59131293188548,relative_strength
industry,3d,stock_ret_5d,家用电器,2022,-0.019921790285820085,-0.021436342192836973,0.19515118980064783,-1.6205313271614195,0.45845697329376855,70.6186943620178,price_momentum_reversal
industry,3d,stock_rel_industry_ret_5d,家用电器,2022,-0.019921790285820085,-0.021436342192836973,0.19515118980064783,-1.6205313271614195,0.45845697329376855,70.6186943620178,relative_strength
industry,3d,industry_ret_5d,家用电器,1301,2.2570351386193915e-17,9.616346772718881e-17,2.1799956259889683e-16,1.6435501812749023,0.5695618754803997,68.71329746348962,industry_strength
industry,3d,industry_breadth_20d,家用电器,1297,2.2566491373274926e-17,9.616346772718881e-17,2.1816967499253616e-16,1.6419878007063768,0.569005397070162,68.7532767925983,industry_breadth
industry,3d,industry_amount_share_roll20d,家用电器,1297,2.2566491373274926e-17,9.616346772718881e-17,2.1816967499253616e-16,1.6419878007063768,0.569005397070162,68.7532767925983,industry_crowding
industry,3d,stock_ret_20d,家用电器,2007,-0.028995770443742658,-0.03054524135235485,0.2044074654427708,-2.2518433218870446,0.4469357249626308,70.72147483806677,price_momentum
industry,3d,stock_rel_industry_ret_20d,家用电器,2007,-0.028995770443742658,-0.03054524135235485,0.2044074654427708,-2.2518433218870446,0.4469357249626308,70.72147483806677,relative_strength
industry,3d,industry_ret_20d,家用电器,1287,2.2217730048053936e-17,9.616346772718881e-17,2.1859641072566466e-16,1.6134552678622656,0.5672105672105672,68.85858585858585,industry_strength
industry,3d,industry_breadth_60d,家用电器,1278,2.1472279616766747e-17,9.361831555741963e-17,2.191782603540117e-16,1.5551810254132155,0.5641627543035994,68.95774647887323,industry_breadth
industry,3d,industry_amount_share_roll60d,家用电器,1278,2.1472279616766747e-17,9.361831555741963e-17,2.191782603540117e-16,1.5551810254132155,0.5641627543035994,68.95774647887323,industry_crowding
industry,3d,stock_ret_60d,家用电器,1967,-0.03787391099802164,-0.037624209575429106,0.20933416856914916,-2.872104932407882,0.43467208947635994,71.00203355363497,price_momentum
industry,3d,stock_rel_industry_ret_60d,家用电器,1967,-0.03787391099802164,-0.037624209575429106,0.20933416856914916,-2.872104932407882,0.43467208947635994,71.00203355363497,relative_strength
industry,3d,industry_ret_60d,家用电器,1249,1.9926221769911574e-17,8.929464860381819e-17,2.2014957987847735e-16,1.4368365563470629,0.5572457966373099,69.26020816653323,industry_strength
industry,3d,industry_crowding_score,家用电器,1249,1.9926221769911574e-17,8.929464860381819e-17,2.2014957987847735e-16,1.4368365563470629,0.5572457966373099,69.26020816653323,industry_crowding
industry,3d,industry_amount_share,服饰,614,2.435553499719367e-17,1.0303228685055942e-16,1.812432457298968e-16,2.133222291103847,0.6156351791530945,54.925081433224754,industry_crowding
industry,3d,stock_amount_share_in_industry,服饰,2027,-0.07646251129572196,-0.07084521648949961,0.1980274009256606,-6.129478705340109,0.3606314750863345,53.72816970892945,liquidity_crowding
industry,3d,turnover_rate,服饰,2027,-0.04357130135612089,-0.04562694163095922,0.21904509906731778,-3.1576737807492132,0.41933892451899357,53.72816970892945,liquidity
industry,3d,log_amount,服饰,2027,-0.07646251129572196,-0.07084521648949961,0.1980274009256606,-6.129478705340109,0.3606314750863345,53.72816970892945,liquidity
industry,3d,log_total_mv,服饰,2027,-0.03501601654115085,-0.04918367346938779,0.25541930253550144,-2.1762726016166876,0.4326591021213616,53.72816970892945,size
industry,3d,stock_ret_1d,服饰,2026,-0.009566718355077882,-0.00962553362460527,0.19799941025284423,-0.7670070612294484,0.47729516288252716,53.73149062191511,price_momentum_reversal
industry,3d,stock_rel_industry_ret_1d,服饰,2026,-0.009566718355077882,-0.00962553362460527,0.19799941025284423,-0.7670070612294484,0.47729516288252716,53.73149062191511,relative_strength
industry,3d,stock_ret_5d,服饰,2022,-0.020867804906345922,-0.015345509605613952,0.20887021199502134,-1.585990314157028,0.46538081107814044,53.7433234421365,price_momentum_reversal
industry,3d,stock_rel_industry_ret_5d,服饰,2022,-0.020867804906345922,-0.015345509605613952,0.20887021199502134,-1.585990314157028,0.46538081107814044,53.7433234421365,relative_strength
industry,3d,industry_ret_5d,服饰,614,2.435553499719367e-17,1.0303228685055942e-16,1.812432457298968e-16,2.133222291103847,0.6156351791530945,54.925081433224754,industry_strength
industry,3d,industry_breadth_20d,服饰,614,2.435553499719367e-17,1.0303228685055942e-16,1.812432457298968e-16,2.133222291103847,0.6156351791530945,54.925081433224754,industry_breadth
industry,3d,industry_amount_share_roll20d,服饰,614,2.435553499719367e-17,1.0303228685055942e-16,1.812432457298968e-16,2.133222291103847,0.6156351791530945,54.925081433224754,industry_crowding
industry,3d,stock_ret_20d,服饰,2007,-0.022346487740858328,-0.021215663354763274,0.21820647881420555,-1.6257056039588789,0.465869456900847,53.780269058295964,price_momentum
industry,3d,stock_rel_industry_ret_20d,服饰,2007,-0.022346487740858328,-0.021215663354763274,0.21820647881420555,-1.6257056039588789,0.465869456900847,53.780269058295964,relative_strength
industry,3d,industry_ret_20d,服饰,614,2.435553499719367e-17,1.0303228685055942e-16,1.812432457298968e-16,2.133222291103847,0.6156351791530945,54.925081433224754,industry_strength
industry,3d,industry_breadth_60d,服饰,611,2.558275158941603e-17,1.0303228685055943e-16,1.788382768924758e-16,2.2708426764489222,0.6170212765957447,54.99018003273322,industry_breadth
industry,3d,industry_amount_share_roll60d,服饰,611,2.558275158941603e-17,1.0303228685055943e-16,1.788382768924758e-16,2.2708426764489222,0.6170212765957447,54.99018003273322,industry_crowding
industry,3d,stock_ret_60d,服饰,1967,-0.02849408661612392,-0.031790691716277214,0.22464738655025224,-2.0135093004164726,0.4443314692425013,53.89273004575496,price_momentum
industry,3d,stock_rel_industry_ret_60d,服饰,1967,-0.02849408661612392,-0.031790691716277214,0.22464738655025224,-2.0135093004164726,0.4443314692425013,53.89273004575496,relative_strength
industry,3d,industry_ret_60d,服饰,591,2.781607743878109e-17,1.0303228685055943e-16,1.793248193200469e-16,2.462383856224035,0.6294416243654822,55.34179357021996,industry_strength
industry,3d,industry_crowding_score,服饰,591,2.781607743878109e-17,1.0303228685055943e-16,1.793248193200469e-16,2.462383856224035,0.6294416243654822,55.34179357021996,industry_crowding
industry,3d,stock_ret_1d,农业综合,1873,-0.00028490790885728754,0.0013158560672755473,0.24204159689547367,-0.018685932080939827,0.5024025627335825,36.99145755472504,price_momentum_reversal
industry,3d,stock_ret_5d,农业综合,1872,-0.01938251559451461,-0.01670040485829964,0.24150116470444413,-1.2740638193279874,0.46314102564102566,36.99412393162393,price_momentum_reversal
industry,3d,stock_rel_industry_ret_1d,农业综合,1873,-0.00028490790885728754,0.0013158560672755473,0.24204159689547367,-0.018685932080939827,0.5024025627335825,36.99145755472504,relative_strength
industry,3d,stock_rel_industry_ret_5d,农业综合,1872,-0.01938251559451461,-0.01670040485829964,0.24150116470444413,-1.2740638193279874,0.46314102564102566,36.99412393162393,relative_strength
industry,3d,industry_ret_5d,农业综合,909,9.372601010047385e-17,1.5293211287913515e-16,1.9119920726294937e-16,7.781696932346055,0.812981298129813,36.19361936193619,industry_strength
industry,3d,industry_ret_20d,农业综合,909,9.372601010047385e-17,1.5293211287913515e-16,1.9119920726294937e-16,7.781696932346055,0.812981298129813,36.19361936193619,industry_strength
industry,3d,industry_ret_60d,农业综合,909,9.372601010047385e-17,1.5293211287913515e-16,1.9119920726294937e-16,7.781696932346055,0.812981298129813,36.19361936193619,industry_strength
industry,3d,industry_breadth_20d,农业综合,909,9.372601010047385e-17,1.5293211287913515e-16,1.9119920726294937e-16,7.781696932346055,0.812981298129813,36.19361936193619,industry_breadth
industry,3d,industry_breadth_60d,农业综合,909,9.372601010047385e-17,1.5293211287913515e-16,1.9119920726294937e-16,7.781696932346055,0.812981298129813,36.19361936193619,industry_breadth
industry,3d,industry_amount_share,农业综合,909,9.372601010047385e-17,1.5293211287913515e-16,1.9119920726294937e-16,7.781696932346055,0.812981298129813,36.19361936193619,industry_crowding
industry,3d,industry_amount_share_roll20d,农业综合,909,9.372601010047385e-17,1.5293211287913515e-16,1.9119920726294937e-16,7.781696932346055,0.812981298129813,36.19361936193619,industry_crowding
industry,3d,industry_amount_share_roll60d,农业综合,909,9.372601010047385e-17,1.5293211287913515e-16,1.9119920726294937e-16,7.781696932346055,0.812981298129813,36.19361936193619,industry_crowding
industry,3d,industry_crowding_score,农业综合,909,9.372601010047385e-17,1.5293211287913515e-16,1.9119920726294937e-16,7.781696932346055,0.812981298129813,36.19361936193619,industry_crowding
industry,3d,stock_amount_share_in_industry,农业综合,1873,-0.03457781606658006,-0.038095238095238106,0.26002893685963235,-2.1109412659243176,0.4436732514682328,36.99145755472504,liquidity_crowding
industry,3d,turnover_rate,农业综合,1873,-0.031246307825849588,-0.028743315508021356,0.240114838402358,-2.0657605447350185,0.4570208222103577,36.80459156433529,liquidity
industry,3d,log_amount,农业综合,1873,-0.03457781606658006,-0.038095238095238106,0.26002893685963235,-2.1109412659243176,0.4436732514682328,36.99145755472504,liquidity
industry,3d,log_total_mv,农业综合,1873,-0.007377905277143264,-0.004761904761904714,0.25671519169725604,-0.45622783203883444,0.49172450613988256,36.80459156433529,size
industry,3d,stock_ret_20d,农业综合,1855,-0.029971267952493982,-0.0302063789868668,0.24827249862052778,-1.916358563759732,0.45660377358490567,37.05498652291105,price_momentum
industry,3d,stock_rel_industry_ret_20d,农业综合,1855,-0.029971267952493982,-0.0302063789868668,0.24827249862052778,-1.916358563759732,0.45660377358490567,37.05498652291105,relative_strength
industry,3d,industry_amount_share,元器件,797,3.5065549137972494e-17,2.7471074472773793e-17,1.2991896973793394e-16,4.284580894943876,0.6235884567126725,202.93601003764115,industry_crowding
industry,3d,stock_amount_share_in_industry,元器件,2028,-0.03691285775123275,-0.042211006687108935,0.19178358231759998,-3.0553890153767034,0.42159763313609466,208.76528599605524,liquidity_crowding
industry,3d,turnover_rate,元器件,2028,-0.03761253934892714,-0.03964327017333876,0.17227558966721818,-3.4658453523376425,0.42061143984220906,208.75246548323472,liquidity
industry,3d,log_amount,元器件,2028,-0.03691285775123275,-0.042211006687108935,0.19178358231759998,-3.0553890153767034,0.42159763313609466,208.76528599605524,liquidity
industry,3d,log_total_mv,元器件,2028,-0.016196871498904548,-0.024650391435150902,0.1999342527331696,-1.2860095781755563,0.44921104536489154,208.75246548323472,size
industry,3d,stock_ret_1d,元器件,2027,-0.015547668948013755,-0.012064561040258992,0.14523420499542936,-1.6994040283210219,0.46521953626048346,208.81006413418845,price_momentum_reversal
industry,3d,stock_rel_industry_ret_1d,元器件,2027,-0.015547668948013755,-0.012064561040258992,0.14523420499542936,-1.6994040283210219,0.46521953626048346,208.81006413418845,relative_strength
industry,3d,stock_ret_5d,元器件,2023,-0.030442786760957713,-0.025738572342139995,0.15421835173418974,-3.1336365126281116,0.42560553633217996,208.976272862086,price_momentum_reversal
industry,3d,stock_rel_industry_ret_5d,元器件,2023,-0.030442786760957713,-0.025738572342139995,0.15421835173418974,-3.1336365126281116,0.42560553633217996,208.976272862086,relative_strength
industry,3d,industry_ret_5d,元器件,793,3.4951782975045485e-17,2.7471074472773793e-17,1.3012900696342932e-16,4.26378688909506,0.6229508196721312,203.35435056746533,industry_strength
industry,3d,industry_breadth_20d,元器件,791,3.485790607249634e-17,2.7471074472773793e-17,1.3018655286173942e-16,4.250455150627666,0.6232616940581542,203.56510745891276,industry_breadth
industry,3d,industry_amount_share_roll20d,元器件,791,3.485790607249634e-17,2.7471074472773793e-17,1.3018655286173942e-16,4.250455150627666,0.6232616940581542,203.56510745891276,industry_crowding
industry,3d,stock_ret_20d,元器件,2008,-0.035910693250489956,-0.03420246034091178,0.16467023135322076,-3.461855721023028,0.4208167330677291,209.57619521912352,price_momentum
industry,3d,stock_rel_industry_ret_20d,元器件,2008,-0.035910693250489956,-0.03420246034091178,0.16467023135322076,-3.461855721023028,0.4208167330677291,209.57619521912352,relative_strength
industry,3d,industry_ret_20d,元器件,784,3.6306660799045817e-17,2.7471596334733225e-17,1.291849173985912e-16,4.4614370165088815,0.6288265306122449,204.2780612244898,industry_strength
industry,3d,industry_breadth_60d,元器件,778,3.6211826356924055e-17,2.7471337280901697e-17,1.2843413564229587e-16,4.475795468895132,0.62853470437018,204.9344473007712,industry_breadth
industry,3d,industry_amount_share_roll60d,元器件,778,3.6211826356924055e-17,2.7471337280901697e-17,1.2843413564229587e-16,4.475795468895132,0.62853470437018,204.9344473007712,industry_crowding
industry,3d,stock_ret_60d,元器件,1968,-0.02925613707578443,-0.027261263403600258,0.17861195748788986,-2.6001998112648255,0.43953252032520324,211.2581300813008,price_momentum
industry,3d,stock_rel_industry_ret_60d,元器件,1968,-0.02925613707578443,-0.027261263403600258,0.17861195748788986,-2.6001998112648255,0.43953252032520324,211.2581300813008,relative_strength
industry,3d,industry_ret_60d,元器件,758,3.512391044141247e-17,2.7471337280901697e-17,1.2607446352571598e-16,4.422583106901445,0.6319261213720316,207.17018469656992,industry_strength
industry,3d,industry_crowding_score,元器件,758,3.512391044141247e-17,2.7471337280901697e-17,1.2607446352571598e-16,4.422583106901445,0.6319261213720316,207.17018469656992,industry_crowding
industry,3d,stock_ret_1d,火力发电,876,0.0012821595441824137,0.006743950510735874,0.2692297739737729,0.07559955746971118,0.5091324200913242,30.34931506849315,price_momentum_reversal
industry,3d,stock_rel_industry_ret_1d,火力发电,876,0.0012821595441824137,0.006743950510735874,0.2692297739737729,0.07559955746971118,0.5091324200913242,30.34931506849315,relative_strength
industry,3d,industry_ret_5d,火力发电,876,6.368372999337039e-17,1.0096320599967968e-16,1.8619216977318003e-16,5.429593918864573,0.7796803652968036,30.34931506849315,industry_strength
industry,3d,industry_ret_20d,火力发电,876,6.368372999337039e-17,1.0096320599967968e-16,1.8619216977318003e-16,5.429593918864573,0.7796803652968036,30.34931506849315,industry_strength
industry,3d,industry_ret_60d,火力发电,876,6.368372999337039e-17,1.0096320599967968e-16,1.8619216977318003e-16,5.429593918864573,0.7796803652968036,30.34931506849315,industry_strength
industry,3d,industry_breadth_20d,火力发电,876,6.368372999337039e-17,1.0096320599967968e-16,1.8619216977318003e-16,5.429593918864573,0.7796803652968036,30.34931506849315,industry_breadth
industry,3d,industry_breadth_60d,火力发电,876,6.368372999337039e-17,1.0096320599967968e-16,1.8619216977318003e-16,5.429593918864573,0.7796803652968036,30.34931506849315,industry_breadth
industry,3d,industry_amount_share,火力发电,876,6.368372999337039e-17,1.0096320599967968e-16,1.8619216977318003e-16,5.429593918864573,0.7796803652968036,30.34931506849315,industry_crowding
industry,3d,industry_amount_share_roll20d,火力发电,876,6.368372999337039e-17,1.0096320599967968e-16,1.8619216977318003e-16,5.429593918864573,0.7796803652968036,30.34931506849315,industry_crowding
industry,3d,industry_amount_share_roll60d,火力发电,876,6.368372999337039e-17,1.0096320599967968e-16,1.8619216977318003e-16,5.429593918864573,0.7796803652968036,30.34931506849315,industry_crowding
industry,3d,industry_crowding_score,火力发电,876,6.368372999337039e-17,1.0096320599967968e-16,1.8619216977318003e-16,5.429593918864573,0.7796803652968036,30.34931506849315,industry_crowding
industry,3d,stock_amount_share_in_industry,火力发电,876,-0.039218557113155667,-0.0520007816577793,0.286333836937786,-2.1742987139044647,0.4509132420091324,30.34931506849315,liquidity_crowding
industry,3d,turnover_rate,火力发电,876,-0.03679593196053621,-0.035873192436040036,0.2868725895489299,-2.03615588466309,0.4668949771689498,30.34931506849315,liquidity
industry,3d,log_amount,火力发电,876,-0.039218557113155667,-0.0520007816577793,0.286333836937786,-2.1742987139044647,0.4509132420091324,30.34931506849315,liquidity
industry,3d,log_total_mv,火力发电,876,-0.004130216661291044,-0.007675615418367749,0.33483579181056367,-0.19581286852584642,0.4908675799086758,30.34931506849315,size
industry,3d,stock_ret_5d,火力发电,875,-0.011599189854635516,-0.012014684688875218,0.2780759995773931,-0.6621622537398713,0.4868571428571429,30.349714285714285,price_momentum_reversal
industry,3d,stock_rel_industry_ret_5d,火力发电,875,-0.011599189854635516,-0.012014684688875218,0.2780759995773931,-0.6621622537398713,0.4868571428571429,30.349714285714285,relative_strength
industry,3d,stock_ret_20d,火力发电,861,-0.012308429238058265,-0.01757508342602891,0.290114540582277,-0.673493498017268,0.4831591173054588,30.355400696864113,price_momentum
industry,3d,stock_rel_industry_ret_20d,火力发电,861,-0.012308429238058265,-0.01757508342602891,0.290114540582277,-0.673493498017268,0.4831591173054588,30.355400696864113,relative_strength
industry,3d,industry_amount_share,汽车配件,1036,1.2171965090034681e-17,5.4169419749386305e-18,1.361479254548737e-16,1.4192207110434034,0.5106177606177607,184.24903474903476,industry_crowding
industry,3d,stock_amount_share_in_industry,汽车配件,2028,-0.05784033625743232,-0.06248193016249816,0.1844680600978038,-4.977484299592532,0.3816568047337278,182.3905325443787,liquidity_crowding
industry,3d,turnover_rate,汽车配件,2028,-0.04686730243827124,-0.05232471665596983,0.1868219884206213,-3.9823757766544525,0.40088757396449703,182.0922090729783,liquidity
industry,3d,log_amount,汽车配件,2028,-0.05784033625743232,-0.06248193016249816,0.1844680600978038,-4.977484299592532,0.3816568047337278,182.3905325443787,liquidity
industry,3d,log_total_mv,汽车配件,2028,-0.027304601821505684,-0.027659705371403713,0.19547149213990558,-2.2174441482947236,0.4423076923076923,182.0922090729783,size
industry,3d,stock_ret_1d,汽车配件,2027,-0.0142085415764926,-0.011784331131900609,0.14896864160910436,-1.5141012402984906,0.46521953626048346,182.42180562407498,price_momentum_reversal
industry,3d,stock_rel_industry_ret_1d,汽车配件,2027,-0.0142085415764926,-0.011784331131900609,0.14896864160910436,-1.5141012402984906,0.46521953626048346,182.42180562407498,relative_strength
industry,3d,stock_ret_5d,汽车配件,2023,-0.03165207762471627,-0.02877570218296724,0.1591429016164787,-3.1572954252898926,0.4226396440929313,182.53781512605042,price_momentum_reversal
industry,3d,stock_rel_industry_ret_5d,汽车配件,2023,-0.03165207762471627,-0.02877570218296724,0.1591429016164787,-3.1572954252898926,0.4226396440929313,182.53781512605042,relative_strength
industry,3d,industry_ret_5d,汽车配件,1031,1.2380519639908856e-17,5.416987382572332e-18,1.364133456708133e-16,1.4407289510218995,0.5121241513094084,184.57032007759457,industry_strength
industry,3d,industry_breadth_20d,汽车配件,1028,1.2266473322290093e-17,5.4169419749386305e-18,1.3659484258972865e-16,1.4255606108965162,0.5107003891050583,184.75972762645915,industry_breadth
industry,3d,industry_amount_share_roll20d,汽车配件,1028,1.2266473322290093e-17,5.4169419749386305e-18,1.3659484258972865e-16,1.4255606108965162,0.5107003891050583,184.75972762645915,industry_crowding
industry,3d,stock_ret_20d,汽车配件,2008,-0.037119571238797854,-0.03514129561609421,0.16522244634107058,-3.5664338513111207,0.40936254980079684,182.97111553784862,price_momentum
industry,3d,stock_rel_industry_ret_20d,汽车配件,2008,-0.037119571238797854,-0.03514129561609421,0.16522244634107058,-3.5664338513111207,0.40936254980079684,182.97111553784862,relative_strength
industry,3d,industry_ret_20d,汽车配件,1020,1.2744041858446239e-17,5.4169419749386305e-18,1.3639367616295668e-16,1.483246132978864,0.5107843137254902,185.27843137254902,industry_strength
industry,3d,industry_breadth_60d,汽车配件,1015,1.1566010100843101e-17,5.41693062316402e-18,1.3519846962279996e-16,1.3580384366835199,0.50935960591133,185.62955665024631,industry_breadth
industry,3d,industry_amount_share_roll60d,汽车配件,1015,1.1566010100843101e-17,5.41693062316402e-18,1.3519846962279996e-16,1.3580384366835199,0.50935960591133,185.62955665024631,industry_crowding
industry,3d,stock_ret_60d,汽车配件,1968,-0.03064545570699373,-0.028889117628633304,0.17961463125453253,-2.7084738269473623,0.4369918699186992,184.1316056910569,price_momentum
industry,3d,stock_rel_industry_ret_60d,汽车配件,1968,-0.03064545570699373,-0.028889117628633304,0.17961463125453253,-2.7084738269473623,0.4369918699186992,184.1316056910569,relative_strength
industry,3d,industry_ret_60d,汽车配件,993,1.0467729035126973e-17,3.752172183767242e-18,1.3460955952849193e-16,1.2344594803919873,0.5055387713997986,187.08559919436053,industry_strength
industry,3d,industry_crowding_score,汽车配件,993,1.0467729035126973e-17,3.752172183767242e-18,1.3460955952849193e-16,1.2344594803919873,0.5055387713997986,187.08559919436053,industry_crowding
industry,3d,industry_amount_share,通信设备,1241,7.821963860844025e-18,-1.654281769121736e-17,2.1879154801306154e-16,0.5675257018253503,0.41821112006446415,103.95326349717969,industry_crowding
industry,3d,stock_amount_share_in_industry,通信设备,2027,-0.03931659056552837,-0.049374936291030215,0.20174914080142356,-3.093601904487588,0.4139121854958066,107.27084361124815,liquidity_crowding
industry,3d,turnover_rate,通信设备,2027,-0.035674932231634655,-0.03724130208169375,0.20391424230928032,-2.7772557028408853,0.41736556487419835,107.15490873211643,liquidity
industry,3d,log_amount,通信设备,2027,-0.03931659056552837,-0.049374936291030215,0.20174914080142356,-3.093601904487588,0.4139121854958066,107.27084361124815,liquidity
industry,3d,log_total_mv,通信设备,2027,-0.016294053179297743,-0.019952824473391303,0.21364350336588028,-1.2107088270647037,0.45880611741489885,107.15490873211643,size
industry,3d,stock_ret_1d,通信设备,2026,-0.011391429624202698,-0.010292303502507306,0.1749527374439819,-1.0336125162757561,0.47482724580454094,107.2847976307996,price_momentum_reversal
industry,3d,stock_rel_industry_ret_1d,通信设备,2026,-0.011391429624202698,-0.010292303502507306,0.1749527374439819,-1.0336125162757561,0.47482724580454094,107.2847976307996,relative_strength
industry,3d,stock_ret_5d,通信设备,2022,-0.027606387613871537,-0.030325775608613593,0.17845184849949797,-2.45577628376419,0.43125618199802174,107.33877349159248,price_momentum_reversal
industry,3d,stock_rel_industry_ret_5d,通信设备,2022,-0.027606387613871537,-0.030325775608613593,0.17845184849949797,-2.45577628376419,0.43125618199802174,107.33877349159248,relative_strength
industry,3d,industry_ret_5d,通信设备,1236,7.093927195455527e-18,-1.846108926822077e-17,2.1813773468227616e-16,0.5162454044544965,0.4166666666666667,104.05501618122977,industry_strength
industry,3d,industry_breadth_20d,通信设备,1232,6.432276033212987e-18,-1.860992149101945e-17,2.180105027206382e-16,0.46836833645056014,0.4147727272727273,104.1396103896104,industry_breadth
industry,3d,industry_amount_share_roll20d,通信设备,1232,6.432276033212987e-18,-1.860992149101945e-17,2.180105027206382e-16,0.46836833645056014,0.4147727272727273,104.1396103896104,industry_crowding
industry,3d,stock_ret_20d,通信设备,2007,-0.03597615324600786,-0.040541306058221864,0.19172961930229238,-2.9786932753758784,0.41953163926258097,107.54758345789736,price_momentum
industry,3d,stock_rel_industry_ret_20d,通信设备,2007,-0.03597615324600786,-0.040541306058221864,0.19172961930229238,-2.9786932753758784,0.41953163926258097,107.54758345789736,relative_strength
industry,3d,industry_ret_20d,通信设备,1228,6.108415863953259e-18,-1.86099361330064e-17,2.1772682695933075e-16,0.44536586068746215,0.41368078175895767,104.22964169381108,industry_strength
industry,3d,industry_breadth_60d,通信设备,1220,6.345886822932925e-18,-1.86099361330064e-17,2.1746041538263342e-16,0.4632467482074845,0.4131147540983607,104.45081967213115,industry_breadth
industry,3d,industry_amount_share_roll60d,通信设备,1220,6.345886822932925e-18,-1.86099361330064e-17,2.1746041538263342e-16,0.4632467482074845,0.4131147540983607,104.45081967213115,industry_crowding
industry,3d,stock_ret_60d,通信设备,1967,-0.02742177893926559,-0.035078282365867054,0.20061252599317483,-2.1698906552650743,0.4351804778851042,108.11997966446366,price_momentum
industry,3d,stock_rel_industry_ret_60d,通信设备,1967,-0.02742177893926559,-0.035078282365867054,0.20061252599317483,-2.1698906552650743,0.4351804778851042,108.11997966446366,relative_strength
industry,3d,industry_ret_60d,通信设备,1194,5.202231683560274e-18,-2.059539353247414e-17,2.1755634059541007e-16,0.3795930174107295,0.40703517587939697,105.05611390284757,industry_strength
industry,3d,industry_crowding_score,通信设备,1194,5.202231683560274e-18,-2.059539353247414e-17,2.1755634059541007e-16,0.3795930174107295,0.40703517587939697,105.05611390284757,industry_crowding
industry,3d,industry_amount_share,IT设备,1245,-2.444346520127263e-17,-5.876286118264142e-17,2.1430050800525945e-16,-1.810672238863052,0.3967871485943775,64.22650602409638,industry_crowding
industry,3d,stock_amount_share_in_industry,IT设备,2023,-0.04090102726671085,-0.04801747208465349,0.21660488644517192,-2.997548622953539,0.416707859614434,59.58230350963915,liquidity_crowding
industry,3d,turnover_rate,IT设备,2023,-0.04264000967747757,-0.044736211988187426,0.2066412843359874,-3.2756724834683757,0.42165101334651506,59.46515076618883,liquidity
industry,3d,log_amount,IT设备,2023,-0.04090102726671085,-0.04801747208465349,0.21660488644517192,-2.997548622953539,0.416707859614434,59.58230350963915,liquidity
industry,3d,log_total_mv,IT设备,2023,-0.014667495313073431,-0.022773642013834694,0.23615644053126775,-0.9859535027026208,0.46910528917449335,59.46515076618883,size
industry,3d,stock_ret_1d,IT设备,2022,-0.015715453310312575,-0.01878826865935901,0.1861782877616159,-1.3399794906151083,0.4599406528189911,59.59248269040554,price_momentum_reversal
industry,3d,stock_rel_industry_ret_1d,IT设备,2022,-0.015715453310312575,-0.01878826865935901,0.1861782877616159,-1.3399794906151083,0.4599406528189911,59.59248269040554,relative_strength
industry,3d,stock_ret_5d,IT设备,2018,-0.03392867082940356,-0.03644539036706261,0.19778865554283484,-2.723113469269709,0.4345887016848365,59.63131813676908,price_momentum_reversal
industry,3d,stock_rel_industry_ret_5d,IT设备,2018,-0.03392867082940356,-0.03644539036706261,0.19778865554283484,-2.723113469269709,0.4345887016848365,59.63131813676908,relative_strength
industry,3d,industry_ret_5d,IT设备,1243,-2.445104223316372e-17,-5.876286118264142e-17,2.1434556398977647e-16,-1.8108527885850947,0.39662107803700725,64.26709573612229,industry_strength
industry,3d,industry_breadth_20d,IT设备,1242,-2.4880963664069704e-17,-5.876286118264142e-17,2.1389509280558352e-16,-1.8465737022194406,0.3961352657004831,64.2890499194847,industry_breadth
industry,3d,industry_amount_share_roll20d,IT设备,1242,-2.4880963664069704e-17,-5.876286118264142e-17,2.1389509280558352e-16,-1.8465737022194406,0.3961352657004831,64.2890499194847,industry_crowding
industry,3d,stock_ret_20d,IT设备,2003,-0.045857247501310906,-0.048490945674044245,0.20562057478393042,-3.54031320530737,0.40838741887169244,59.76185721417873,price_momentum
industry,3d,stock_rel_industry_ret_20d,IT设备,2003,-0.045857247501310906,-0.048490945674044245,0.20562057478393042,-3.54031320530737,0.40838741887169244,59.76185721417873,relative_strength
industry,3d,industry_ret_20d,IT设备,1237,-2.4601451130258346e-17,-5.876286118264142e-17,2.1338365651677132e-16,-1.830205442473238,0.39531123686337916,64.39773645917542,industry_strength
industry,3d,industry_breadth_60d,IT设备,1232,-2.469286159557849e-17,-5.974793159373829e-17,2.1298013961628828e-16,-1.8404862835983007,0.39366883116883117,64.50892857142857,industry_breadth
industry,3d,industry_amount_share_roll60d,IT设备,1232,-2.469286159557849e-17,-5.974793159373829e-17,2.1298013961628828e-16,-1.8404862835983007,0.39366883116883117,64.50892857142857,industry_crowding
industry,3d,stock_ret_60d,IT设备,1964,-0.03653712498731373,-0.037781153038692186,0.21772663609589113,-2.6639316549714627,0.4332993890020367,60.10845213849287,price_momentum
industry,3d,stock_rel_industry_ret_60d,IT设备,1964,-0.03653712498731373,-0.037781153038692186,0.21772663609589113,-2.6639316549714627,0.4332993890020367,60.10845213849287,relative_strength
industry,3d,industry_ret_60d,IT设备,1218,-2.6065389863160032e-17,-6.305643054894281e-17,2.1223859765960764e-16,-1.9495758122507612,0.3899835796387521,64.81691297208539,industry_strength
industry,3d,industry_crowding_score,IT设备,1218,-2.6065389863160032e-17,-6.305643054894281e-17,2.1223859765960764e-16,-1.9495758122507612,0.3899835796387521,64.81691297208539,industry_crowding
industry,3d,industry_amount_share,环境保护,1286,6.787394006630061e-18,-1.2346580305246942e-17,2.0266925895658527e-16,0.5316373095023823,0.48289269051321926,92.77760497667185,industry_crowding
industry,3d,stock_amount_share_in_industry,环境保护,2028,-0.06413506569733356,-0.0687275431234767,0.18807942828905866,-5.413205549300531,0.35009861932938857,88.61489151873768,liquidity_crowding
industry,3d,turnover_rate,环境保护,2028,-0.05541437061058299,-0.06316474758661514,0.20308160944328935,-4.331637239728812,0.3875739644970414,88.38313609467455,liquidity
industry,3d,log_amount,环境保护,2028,-0.06413506569733356,-0.0687275431234767,0.18807942828905866,-5.413205549300531,0.35009861932938857,88.61489151873768,liquidity
industry,3d,log_total_mv,环境保护,2028,-0.022883198296996195,-0.03772589265491563,0.21425561983861216,-1.6954491632350042,0.4285009861932939,88.38313609467455,size
industry,3d,stock_ret_1d,环境保护,2027,-0.013766033804507704,-0.014033229144567517,0.17819709364223182,-1.226333199111302,0.46521953626048346,88.63295510606808,price_momentum_reversal
industry,3d,stock_rel_industry_ret_1d,环境保护,2027,-0.013766033804507704,-0.014033229144567517,0.17819709364223182,-1.226333199111302,0.46521953626048346,88.63295510606808,relative_strength
industry,3d,stock_ret_5d,环境保护,2023,-0.040527127863215766,-0.03592456156922013,0.18763823120771037,-3.4286627300091297,0.42016806722689076,88.69698467622344,price_momentum_reversal
industry,3d,stock_rel_industry_ret_5d,环境保护,2023,-0.040527127863215766,-0.03592456156922013,0.18763823120771037,-3.4286627300091297,0.42016806722689076,88.69698467622344,relative_strength
industry,3d,industry_ret_5d,环境保护,1284,6.924717301750443e-18,-1.2346580305246942e-17,2.0264386479130085e-16,0.5424614231097427,0.48286604361370716,92.8411214953271,industry_strength
industry,3d,industry_breadth_20d,环境保护,1282,6.998352999325303e-18,-1.2346580305246942e-17,2.0262157008915424e-16,0.5482901434958973,0.4828393135725429,92.90327613104525,industry_breadth
industry,3d,industry_amount_share_roll20d,环境保护,1282,6.998352999325303e-18,-1.2346580305246942e-17,2.0262157008915424e-16,0.5482901434958973,0.4828393135725429,92.90327613104525,industry_crowding
industry,3d,stock_ret_20d,环境保护,2008,-0.04336788117754505,-0.03882758279516192,0.1973330197503909,-3.48874086948206,0.4218127490039841,88.92978087649402,price_momentum
industry,3d,stock_rel_industry_ret_20d,环境保护,2008,-0.04336788117754505,-0.03882758279516192,0.1973330197503909,-3.48874086948206,0.4218127490039841,88.92978087649402,relative_strength
industry,3d,industry_ret_20d,环境保护,1271,6.684771946462301e-18,-1.5232577820909847e-17,2.0287905268174577e-16,0.5230577698703469,0.48072383949645947,93.23210070810386,industry_strength
industry,3d,industry_breadth_60d,环境保护,1264,6.83119750362762e-18,-1.6184389367492137e-17,2.029241685909584e-16,0.5343961700627877,0.4802215189873418,93.44857594936708,industry_breadth
industry,3d,industry_amount_share_roll60d,环境保护,1264,6.83119750362762e-18,-1.6184389367492137e-17,2.029241685909584e-16,0.5343961700627877,0.4802215189873418,93.44857594936708,industry_crowding
industry,3d,stock_ret_60d,环境保护,1968,-0.03470792925860863,-0.032618944671687675,0.18950912041260165,-2.9073603151247998,0.4186991869918699,89.6255081300813,price_momentum
industry,3d,stock_rel_industry_ret_60d,环境保护,1968,-0.03470792925860863,-0.032618944671687675,0.18950912041260165,-2.9073603151247998,0.4186991869918699,89.6255081300813,relative_strength
industry,3d,industry_ret_60d,环境保护,1251,7.050416002454803e-18,-1.7483485910355586e-17,2.0265919071948862e-16,0.5522665115503715,0.478017585931255,93.87529976019185,industry_strength
industry,3d,industry_crowding_score,环境保护,1251,7.050416002454803e-18,-1.7483485910355586e-17,2.0265919071948862e-16,0.5522665115503715,0.478017585931255,93.87529976019185,industry_crowding
industry,3d,industry_amount_share,化学制药,1004,2.792040780889985e-18,0.0,2.045039754873504e-16,0.21673061970501617,0.49203187250996017,106.31673306772909,industry_crowding
industry,3d,stock_amount_share_in_industry,化学制药,2029,-0.04662075165698856,-0.047900112309341415,0.19809805163874394,-3.735935223963708,0.4031542631838344,117.67668802365698,liquidity_crowding
industry,3d,turnover_rate,化学制药,2029,-0.0461960655108429,-0.0485907538095874,0.19145610458386414,-3.830328664327351,0.4031542631838344,117.51306062099556,liquidity
industry,3d,log_amount,化学制药,2029,-0.04662075165698856,-0.047900112309341415,0.19809805163874394,-3.735935223963708,0.4031542631838344,117.67668802365698,liquidity
industry,3d,log_total_mv,化学制药,2029,-0.016021057087190576,-0.016723383568303322,0.22991858994534278,-1.1061584746971103,0.4741251848201084,117.51306062099556,size
industry,3d,stock_ret_1d,化学制药,2028,-0.013097138464433609,-0.01623104982156593,0.16410911536413814,-1.2669048097632472,0.4556213017751479,117.69575936883629,price_momentum_reversal
industry,3d,stock_rel_industry_ret_1d,化学制药,2028,-0.013097138464433609,-0.01623104982156593,0.16410911536413814,-1.2669048097632472,0.4556213017751479,117.69575936883629,relative_strength
industry,3d,stock_ret_5d,化学制药,2024,-0.02317924445200481,-0.017174003792727807,0.1755760515909908,-2.095724872817171,0.45454545454545453,117.76185770750988,price_momentum_reversal
industry,3d,stock_rel_industry_ret_5d,化学制药,2024,-0.02317924445200481,-0.017174003792727807,0.1755760515909908,-2.095724872817171,0.45454545454545453,117.76185770750988,relative_strength
industry,3d,industry_ret_5d,化学制药,999,1.926219718649182e-18,0.0,2.0433228017463053e-16,0.14964737852459847,0.4894894894894895,106.45145145145145,industry_strength
industry,3d,industry_breadth_20d,化学制药,995,2.273125084370722e-18,0.0,2.0298298405167893e-16,0.1777722512146082,0.4894472361809045,106.56281407035176,industry_breadth
industry,3d,industry_amount_share_roll20d,化学制药,995,2.273125084370722e-18,0.0,2.0298298405167893e-16,0.1777722512146082,0.4894472361809045,106.56281407035176,industry_crowding
industry,3d,stock_ret_20d,化学制药,2009,-0.02817048975634485,-0.022087094637759316,0.18598024660214432,-2.4045169818154766,0.44798407167745147,118.00647088103534,price_momentum
industry,3d,stock_rel_industry_ret_20d,化学制药,2009,-0.02817048975634485,-0.022087094637759316,0.18598024660214432,-2.4045169818154766,0.44798407167745147,118.00647088103534,relative_strength
industry,3d,industry_ret_20d,化学制药,984,2.6263878858733495e-18,-1.9591339494601745e-18,2.027241076336413e-16,0.2056618506854027,0.4878048780487805,106.85365853658537,industry_strength
industry,3d,industry_breadth_60d,化学制药,976,2.0263297005233946e-18,-2.913665340043971e-18,2.0237920507932797e-16,0.15894413044188324,0.48565573770491804,107.09733606557377,industry_breadth
industry,3d,industry_amount_share_roll60d,化学制药,976,2.0263297005233946e-18,-2.913665340043971e-18,2.0237920507932797e-16,0.15894413044188324,0.48565573770491804,107.09733606557377,industry_crowding
industry,3d,stock_ret_60d,化学制药,1969,-0.03221725809587606,-0.030233061731625367,0.18736741935451381,-2.729573363599308,0.4372778059928898,118.62061960385982,price_momentum
industry,3d,stock_rel_industry_ret_60d,化学制药,1969,-0.03221725809587606,-0.030233061731625367,0.18736741935451381,-2.729573363599308,0.4372778059928898,118.62061960385982,relative_strength
industry,3d,industry_ret_60d,化学制药,949,2.515522521248181e-18,0.0,2.0132414844613884e-16,0.19835018481308836,0.4910432033719705,107.80505795574288,industry_strength
industry,3d,industry_crowding_score,化学制药,949,2.515522521248181e-18,0.0,2.0132414844613884e-16,0.19835018481308836,0.4910432033719705,107.80505795574288,industry_crowding
industry,3d,industry_amount_share,证券,365,6.757363519882723e-17,1.0743833793379033e-16,2.441754956730742e-16,4.393144367608523,0.684931506849315,40.326027397260276,industry_crowding
industry,3d,stock_amount_share_in_industry,证券,2016,-0.027527514466005733,-0.016746698679471803,0.2581266917652057,-1.692911887354102,0.4732142857142857,45.464285714285715,liquidity_crowding
industry,3d,turnover_rate,证券,2016,-0.032071821305283264,-0.0449961769358644,0.28809636865254207,-1.7672016554090033,0.44246031746031744,45.464285714285715,liquidity
industry,3d,log_amount,证券,2016,-0.027527514466005733,-0.016746698679471803,0.2581266917652057,-1.692911887354102,0.4732142857142857,45.464285714285715,liquidity
industry,3d,log_total_mv,证券,2016,0.0005020312554018913,0.0068481723691583615,0.27893345313995555,0.0285713277605717,0.5099206349206349,45.464285714285715,size
industry,3d,stock_ret_1d,证券,2015,0.006191799478573705,0.008980454346758445,0.2321167672847945,0.4234582907537825,0.513151364764268,45.469478908188584,price_momentum_reversal
industry,3d,stock_rel_industry_ret_1d,证券,2015,0.006191799478573705,0.008980454346758445,0.2321167672847945,0.4234582907537825,0.513151364764268,45.469478908188584,relative_strength
industry,3d,stock_ret_5d,证券,2011,-0.03714403252735482,-0.03963923987893163,0.24118279959832434,-2.4447980433383507,0.4326205867727499,45.49080059671805,price_momentum_reversal
industry,3d,stock_rel_industry_ret_5d,证券,2011,-0.03714403252735482,-0.03963923987893163,0.24118279959832434,-2.4447980433383507,0.4326205867727499,45.49080059671805,relative_strength
industry,3d,industry_ret_5d,证券,361,6.777415548582878e-17,1.0735718501191998e-16,2.4491474470888213e-16,4.392881145953086,0.6842105263157895,40.38504155124654,industry_strength
industry,3d,industry_breadth_20d,证券,357,6.674757720557627e-17,1.0288396896975663e-16,2.460865661590275e-16,4.305740682843692,0.680672268907563,40.445378151260506,industry_breadth
industry,3d,industry_amount_share_roll20d,证券,357,6.674757720557627e-17,1.0288396896975663e-16,2.460865661590275e-16,4.305740682843692,0.680672268907563,40.445378151260506,industry_crowding
industry,3d,stock_ret_20d,证券,1996,-0.03635875266609378,-0.024262747736383268,0.2450673492419165,-2.355178309127538,0.45841683366733466,45.57114228456914,price_momentum
industry,3d,stock_rel_industry_ret_20d,证券,1996,-0.03635875266609378,-0.024262747736383268,0.2450673492419165,-2.355178309127538,0.45841683366733466,45.57114228456914,relative_strength
industry,3d,industry_ret_20d,证券,348,6.425659170563573e-17,8.946600970968679e-17,2.4874011453534436e-16,4.100833403586078,0.6724137931034483,40.58620689655172,industry_strength
industry,3d,industry_breadth_60d,证券,343,6.272549496084522e-17,8.946432084326665e-17,2.502185298236233e-16,3.9794669238959837,0.6676384839650146,40.667638483965014,industry_breadth
industry,3d,industry_amount_share_roll60d,证券,343,6.272549496084522e-17,8.946432084326665e-17,2.502185298236233e-16,3.9794669238959837,0.6676384839650146,40.667638483965014,industry_crowding
industry,3d,stock_ret_60d,证券,1956,-0.026263404003138962,-0.03436642742203265,0.23871421070829707,-1.7465177804408465,0.4550102249488753,45.77709611451943,price_momentum
industry,3d,stock_rel_industry_ret_60d,证券,1956,-0.026263404003138962,-0.03436642742203265,0.23871421070829707,-1.7465177804408465,0.4550102249488753,45.77709611451943,relative_strength
industry,3d,industry_ret_60d,证券,339,6.161720964696939e-17,8.946432084326663e-17,2.514672290153825e-16,3.889742942154232,0.6637168141592921,40.73451327433628,industry_strength
industry,3d,industry_crowding_score,证券,339,6.161720964696939e-17,8.946432084326663e-17,2.514672290153825e-16,3.889742942154232,0.6637168141592921,40.73451327433628,industry_crowding
industry,3d,industry_amount_share,生物制药,1168,2.5491185612119844e-17,4.965068306494546e-17,2.110015808497698e-16,1.9178056623720454,0.5873287671232876,57.788527397260275,industry_crowding
industry,3d,stock_amount_share_in_industry,生物制药,1787,-0.027211196619323714,-0.03262823902696982,0.24574606692375892,-1.7577671138121878,0.43760492445439286,57.012311135982095,liquidity_crowding
industry,3d,turnover_rate,生物制药,1787,-0.03460237025669699,-0.033938172043010736,0.22559911637062327,-2.4348304535607572,0.438164521544488,56.85506435366536,liquidity
industry,3d,log_amount,生物制药,1787,-0.027211196619323714,-0.03262823902696982,0.24574606692375892,-1.7577671138121878,0.43760492445439286,57.012311135982095,liquidity
industry,3d,log_total_mv,生物制药,1787,-0.010635030496699597,-0.02006835269993166,0.26413422006399195,-0.639166993349925,0.4661443760492445,56.85506435366536,size
industry,3d,stock_ret_1d,生物制药,1786,-0.000782401534355391,-0.001161558617967521,0.20160601393389568,-0.06160649213505503,0.49944008958566627,57.027435610302355,price_momentum_reversal
industry,3d,stock_rel_industry_ret_1d,生物制药,1786,-0.000782401534355391,-0.001161558617967521,0.20160601393389568,-0.06160649213505503,0.49944008958566627,57.027435610302355,relative_strength
industry,3d,stock_ret_5d,生物制药,1783,-0.012278703706303446,-0.012096774193548305,0.21297874434277841,-0.9152010881472978,0.4806505888951206,57.07291082445317,price_momentum_reversal
industry,3d,stock_rel_industry_ret_5d,生物制药,1783,-0.012278703706303446,-0.012096774193548305,0.21297874434277841,-0.9152010881472978,0.4806505888951206,57.07291082445317,relative_strength
industry,3d,industry_ret_5d,生物制药,1164,2.5865295237029133e-17,4.965068306494546e-17,2.1051502441597558e-16,1.9504490657888438,0.5876288659793815,57.884020618556704,industry_strength
industry,3d,industry_breadth_20d,生物制药,1160,2.5606169792229865e-17,4.964099134428235e-17,2.105950758065755e-16,1.9301749684221072,0.5870689655172414,57.980172413793106,industry_breadth
industry,3d,industry_amount_share_roll20d,生物制药,1160,2.5606169792229865e-17,4.964099134428235e-17,2.105950758065755e-16,1.9301749684221072,0.5870689655172414,57.980172413793106,industry_crowding
industry,3d,industry_amount_share,农药化肥,901,5.616893796547005e-17,1.1836057936661913e-16,1.9861622661301256e-16,4.489332330921801,0.755826859045505,50.13096559378469,industry_crowding
industry,3d,stock_amount_share_in_industry,农药化肥,2026,-0.03857708688277013,-0.03842307608900701,0.2460830872306965,-2.4885589500457965,0.43336623889437315,47.35143139190523,liquidity_crowding
industry,3d,turnover_rate,农药化肥,2026,-0.027918869337733233,-0.022365139352992214,0.22310870553146137,-1.9864680307599885,0.4461994076999013,47.235439289239885,liquidity
industry,3d,log_amount,农药化肥,2026,-0.03857708688277013,-0.03842307608900701,0.2460830872306965,-2.4885589500457965,0.43336623889437315,47.35143139190523,liquidity
industry,3d,log_total_mv,农药化肥,2026,-0.018718379942515986,-0.028763460238939033,0.2584330712853002,-1.1497950636335708,0.4600197433366239,47.235439289239885,size
industry,3d,stock_ret_1d,农药化肥,2025,-0.00658720389150669,-0.006695091445010676,0.20672523086449004,-0.5058338527713007,0.48691358024691356,47.355555555555554,price_momentum_reversal
industry,3d,stock_rel_industry_ret_1d,农药化肥,2025,-0.00658720389150669,-0.006695091445010676,0.20672523086449004,-0.5058338527713007,0.48691358024691356,47.355555555555554,relative_strength
industry,3d,stock_ret_5d,农药化肥,2021,-0.02366343054490465,-0.019425933203669893,0.21554647710264144,-1.7427578468467613,0.45571499257793174,47.365165759524984,price_momentum_reversal
industry,3d,stock_rel_industry_ret_5d,农药化肥,2021,-0.02366343054490465,-0.019425933203669893,0.21554647710264144,-1.7427578468467613,0.45571499257793174,47.365165759524984,relative_strength
industry,3d,industry_ret_5d,农药化肥,898,5.544848585427811e-17,1.1836057936661913e-16,1.9822365744108198e-16,4.440526606339323,0.755011135857461,50.16815144766147,industry_strength
industry,3d,industry_breadth_20d,农药化肥,895,5.551861686873367e-17,1.1836057936661913e-16,1.982985336227629e-16,4.444464132499768,0.7553072625698324,50.20558659217877,industry_breadth
industry,3d,industry_amount_share_roll20d,农药化肥,895,5.551861686873367e-17,1.1836057936661913e-16,1.982985336227629e-16,4.444464132499768,0.7553072625698324,50.20558659217877,industry_crowding
industry,3d,stock_ret_20d,农药化肥,2006,-0.03695475820726131,-0.03330923189119446,0.22156865011841323,-2.6476606665613627,0.4391824526420738,47.39980059820538,price_momentum
industry,3d,stock_rel_industry_ret_20d,农药化肥,2006,-0.03695475820726131,-0.03330923189119446,0.22156865011841323,-2.6476606665613627,0.4391824526420738,47.39980059820538,relative_strength
industry,3d,industry_ret_20d,农药化肥,889,5.527192917080931e-17,1.1836057936661913e-16,1.985759578062471e-16,4.4185342682246125,0.7547806524184477,50.28121484814398,industry_strength
industry,3d,industry_breadth_60d,农药化肥,888,5.560934969481977e-17,1.1836057936661913e-16,1.9843270363093763e-16,4.4487175905085,0.7556306306306306,50.296171171171174,industry_breadth
industry,3d,industry_amount_share_roll60d,农药化肥,888,5.560934969481977e-17,1.1836057936661913e-16,1.9843270363093763e-16,4.4487175905085,0.7556306306306306,50.296171171171174,industry_crowding
industry,3d,stock_ret_60d,农药化肥,1966,-0.016785749322254958,-0.01141426835168208,0.23550078946309524,-1.131484570675305,0.48067141403865715,47.489318413021365,price_momentum
industry,3d,stock_rel_industry_ret_60d,农药化肥,1966,-0.016785749322254958,-0.01141426835168208,0.23550078946309524,-1.131484570675305,0.48067141403865715,47.489318413021365,relative_strength
industry,3d,industry_ret_60d,农药化肥,871,5.3714011284610256e-17,1.183580530744112e-16,1.9900829003313395e-16,4.284663189311395,0.7520091848450058,50.51664753157291,industry_strength
industry,3d,industry_crowding_score,农药化肥,871,5.3714011284610256e-17,1.183580530744112e-16,1.9900829003313395e-16,4.284663189311395,0.7520091848450058,50.51664753157291,industry_crowding
industry,3d,industry_amount_share,百货,520,1.0783821741534745e-16,1.5389984399842228e-16,1.2676280293381377e-16,13.504581715118439,0.8846153846153846,33.91346153846154,industry_crowding
industry,3d,stock_amount_share_in_industry,百货,1966,-0.08416329733048059,-0.09520166922865936,0.236266826656437,-5.654839252895292,0.358087487283825,33.492878942014244,liquidity_crowding
industry,3d,turnover_rate,百货,1966,-0.054328784044808266,-0.06075371497572635,0.2426855677781158,-3.5537453569513406,0.4043743641912513,33.492878942014244,liquidity
industry,3d,log_amount,百货,1966,-0.08416329733048059,-0.09520166922865936,0.236266826656437,-5.654839252895292,0.358087487283825,33.492878942014244,liquidity
industry,3d,log_total_mv,百货,1966,-0.05070411364676747,-0.050880476866470986,0.24448426473555146,-3.2922480790919137,0.41810783316378436,33.492878942014244,size
industry,3d,stock_ret_1d,百货,1965,-0.002402674555354779,0.00015283509807688893,0.22335482039076882,-0.17076540395510087,0.500763358778626,33.4941475826972,price_momentum_reversal
industry,3d,stock_rel_industry_ret_1d,百货,1965,-0.002402674555354779,0.00015283509807688893,0.22335482039076882,-0.17076540395510087,0.500763358778626,33.4941475826972,relative_strength
industry,3d,stock_ret_5d,百货,1961,-0.027772003054978588,-0.02105614973262035,0.23087033413810387,-1.9095865330964317,0.46353901070882203,33.495665476797555,price_momentum_reversal
industry,3d,stock_rel_industry_ret_5d,百货,1961,-0.027772003054978588,-0.02105614973262035,0.23087033413810387,-1.9095865330964317,0.46353901070882203,33.495665476797555,relative_strength
industry,3d,industry_ret_5d,百货,518,1.0735598050626798e-16,1.5389984399842228e-16,1.2622113354720723e-16,13.501886008757102,0.8841698841698842,33.924710424710426,industry_strength
industry,3d,industry_breadth_20d,百货,518,1.0735598050626798e-16,1.5389984399842228e-16,1.2622113354720723e-16,13.501886008757102,0.8841698841698842,33.924710424710426,industry_breadth
industry,3d,industry_amount_share_roll20d,百货,518,1.0735598050626798e-16,1.5389984399842228e-16,1.2622113354720723e-16,13.501886008757102,0.8841698841698842,33.924710424710426,industry_crowding
industry,3d,industry_ret_20d,百货,513,1.0682714402496704e-16,1.5389984399842228e-16,1.2583961116547024e-16,13.476109171524374,0.8830409356725146,33.955165692007796,industry_strength
industry,3d,stock_ret_20d,百货,1945,-0.04304767404648228,-0.04110962566844914,0.24622316738386552,-2.775371008103395,0.442159383033419,33.50385604113111,price_momentum
industry,3d,stock_rel_industry_ret_20d,百货,1945,-0.04304767404648228,-0.04110962566844914,0.24622316738386552,-2.775371008103395,0.442159383033419,33.50385604113111,relative_strength
industry,3d,industry_breadth_60d,百货,509,1.0754471813551457e-16,1.5389984399842228e-16,1.254795822032645e-16,13.605555932319975,0.8840864440078585,33.982318271119844,industry_breadth
industry,3d,industry_amount_share_roll60d,百货,509,1.0754471813551457e-16,1.5389984399842228e-16,1.254795822032645e-16,13.605555932319975,0.8840864440078585,33.982318271119844,industry_crowding
industry,3d,industry_ret_60d,百货,505,1.0927925658838915e-16,1.5389984399842228e-16,1.236199219402922e-16,14.032968077614902,0.8891089108910891,34.007920792079204,industry_strength
industry,3d,industry_crowding_score,百货,505,1.0927925658838915e-16,1.5389984399842228e-16,1.236199219402922e-16,14.032968077614902,0.8891089108910891,34.007920792079204,industry_crowding
industry,3d,stock_ret_60d,百货,1904,-0.047915873206063817,-0.04446935653485595,0.24348892788151166,-3.123924002427892,0.42857142857142855,33.51260504201681,price_momentum
industry,3d,stock_rel_industry_ret_60d,百货,1904,-0.047915873206063817,-0.04446935653485595,0.24348892788151166,-3.123924002427892,0.42857142857142855,33.51260504201681,relative_strength
industry,3d,industry_amount_share,中成药,802,1.0719345043102584e-17,2.442165053873401e-17,1.8397542263742496e-16,0.9249296714192673,0.5261845386533666,61.97007481296758,industry_crowding
industry,3d,stock_amount_share_in_industry,中成药,2028,-0.05357589999890308,-0.06386880663196451,0.23732720373661997,-3.583622242165015,0.40483234714003946,62.07790927021696,liquidity_crowding
industry,3d,turnover_rate,中成药,2028,-0.0481139297479484,-0.041541455990931696,0.25317729080766554,-3.0167988362228697,0.4314595660749507,61.84516765285996,liquidity
industry,3d,log_amount,中成药,2028,-0.05357589999890308,-0.06386880663196451,0.23732720373661997,-3.583622242165015,0.40483234714003946,62.07790927021696,liquidity
industry,3d,log_total_mv,中成药,2028,-0.01172746514111239,-0.017136661799878466,0.2724345086205856,-0.6833485911090897,0.47879684418145957,61.84516765285996,size
industry,3d,stock_ret_1d,中成药,2027,-0.014305577230371161,-0.011101883834198257,0.2082229009482539,-1.0906293075475753,0.47607301430685744,62.08140108534781,price_momentum_reversal
industry,3d,stock_rel_industry_ret_1d,中成药,2027,-0.014305577230371161,-0.011101883834198257,0.2082229009482539,-1.0906293075475753,0.47607301430685744,62.08140108534781,relative_strength
industry,3d,stock_ret_5d,中成药,2023,-0.03475794409121854,-0.03381728230308724,0.21871763935848965,-2.5227286583462756,0.43994068215521503,62.08749382105783,price_momentum_reversal
industry,3d,stock_rel_industry_ret_5d,中成药,2023,-0.03475794409121854,-0.03381728230308724,0.21871763935848965,-2.5227286583462756,0.43994068215521503,62.08749382105783,relative_strength
industry,3d,industry_ret_5d,中成药,797,1.1799424746210923e-17,2.442165053873401e-17,1.8359598523147326e-16,1.020229612953776,0.5282308657465495,62.006273525721454,industry_strength
industry,3d,industry_breadth_20d,中成药,796,1.1644693468458158e-17,2.442165053873401e-17,1.836594118333389e-16,1.0065031583268689,0.5276381909547738,62.01256281407035,industry_breadth
industry,3d,industry_amount_share_roll20d,中成药,796,1.1644693468458158e-17,2.442165053873401e-17,1.836594118333389e-16,1.0065031583268689,0.5276381909547738,62.01256281407035,industry_crowding
industry,3d,stock_ret_20d,中成药,2008,-0.040490013308946804,-0.04267682686364127,0.2272303587276662,-2.828667077682846,0.42280876494023906,62.11205179282869,price_momentum
industry,3d,stock_rel_industry_ret_20d,中成药,2008,-0.040490013308946804,-0.04267682686364127,0.2272303587276662,-2.828667077682846,0.42280876494023906,62.11205179282869,relative_strength
industry,3d,industry_ret_20d,中成药,794,1.1291566217580002e-17,2.442165053873401e-17,1.8375499919424173e-16,0.975473089335284,0.5264483627204031,62.02518891687657,industry_strength
industry,3d,industry_breadth_60d,中成药,785,1.1092583609454494e-17,2.442165053873401e-17,1.8379213222273705e-16,0.9580894657310188,0.5248407643312102,62.10445859872611,industry_breadth
industry,3d,industry_amount_share_roll60d,中成药,785,1.1092583609454494e-17,2.442165053873401e-17,1.8379213222273705e-16,0.9580894657310188,0.5248407643312102,62.10445859872611,industry_crowding
industry,3d,stock_ret_60d,中成药,1968,-0.042291006120939355,-0.04907861512225244,0.2348647420340388,-2.8584490951264088,0.42022357723577236,62.1849593495935,price_momentum
industry,3d,stock_rel_industry_ret_60d,中成药,1968,-0.042291006120939355,-0.04907861512225244,0.2348647420340388,-2.8584490951264088,0.42022357723577236,62.1849593495935,relative_strength
industry,3d,industry_ret_60d,中成药,757,1.1036954967857028e-17,1.2408449859310357e-17,1.8405138954865656e-16,0.9519418945320881,0.5191545574636723,62.33421400264201,industry_strength
industry,3d,industry_crowding_score,中成药,757,1.1036954967857028e-17,1.2408449859310357e-17,1.8405138954865656e-16,0.9519418945320881,0.5191545574636723,62.33421400264201,industry_crowding
industry,3d,stock_ret_1d,医疗保健,2028,-0.012615360470274957,-0.012760788743009982,0.16604025536088346,-1.2061089558518776,0.4620315581854043,124.6129191321499,price_momentum_reversal
industry,3d,stock_ret_5d,医疗保健,2024,-0.020242556185046903,-0.015615733056382482,0.17892888475903637,-1.7959124812523617,0.4589920948616601,124.7292490118577,price_momentum_reversal
industry,3d,stock_rel_industry_ret_1d,医疗保健,2028,-0.012615360470274957,-0.012760788743009982,0.16604025536088346,-1.2061089558518776,0.4620315581854043,124.6129191321499,relative_strength
industry,3d,stock_rel_industry_ret_5d,医疗保健,2024,-0.020242556185046903,-0.015615733056382482,0.17892888475903637,-1.7959124812523617,0.4589920948616601,124.7292490118577,relative_strength
industry,3d,industry_ret_5d,医疗保健,962,-2.2387404578487272e-18,-1.654257086269678e-17,1.8743412809266106e-16,-0.18960742832997013,0.43451143451143454,112.71101871101871,industry_strength
industry,3d,industry_breadth_20d,医疗保健,961,-2.1951392498087587e-18,-1.654257086269678e-17,1.875268434412171e-16,-0.18582275822196298,0.43496357960457854,112.76482830385015,industry_breadth
industry,3d,industry_amount_share,医疗保健,963,-2.2822517189962525e-18,-1.654257086269678e-17,1.8734154976669347e-16,-0.19338808134875154,0.43406022845275183,112.65732087227414,industry_crowding
industry,3d,industry_amount_share_roll20d,医疗保健,961,-2.1951392498087587e-18,-1.654257086269678e-17,1.875268434412171e-16,-0.18582275822196298,0.43496357960457854,112.76482830385015,industry_crowding
industry,3d,stock_amount_share_in_industry,医疗保健,2029,-0.039144929223065145,-0.050021870352550075,0.20938238967898756,-2.9678068333895427,0.41005421389847213,124.58058156727452,liquidity_crowding
industry,3d,turnover_rate,医疗保健,2029,-0.03656305896241738,-0.037223191589375086,0.18632311704965407,-3.115129117142278,0.4287826515524889,124.4647609659931,liquidity
industry,3d,log_amount,医疗保健,2029,-0.039144929223065145,-0.050021870352550075,0.20938238967898756,-2.9678068333895427,0.41005421389847213,124.58058156727452,liquidity
industry,3d,log_total_mv,医疗保健,2029,-0.012691317558423367,-0.013559782553368547,0.2434340226215813,-0.8276099546249424,0.47806801379990144,124.4647609659931,size
industry,3d,stock_ret_20d,医疗保健,2009,-0.02445885633764523,-0.021396106238469693,0.19469461774759703,-1.9942631790579335,0.4539571926331508,125.13987058237929,price_momentum
industry,3d,stock_rel_industry_ret_20d,医疗保健,2009,-0.02445885633764523,-0.021396106238469693,0.19469461774759703,-1.9942631790579335,0.4539571926331508,125.13987058237929,relative_strength
industry,3d,industry_ret_20d,医疗保健,957,-3.0764635488134366e-18,-1.654257086269678e-17,1.8717680373387388e-16,-0.26091558265804077,0.43260188087774293,112.97701149425288,industry_strength
industry,3d,industry_breadth_60d,医疗保健,954,-2.9840653160605178e-18,-1.6856092366078334e-17,1.872574167672183e-16,-0.2529703183532847,0.43186582809224316,113.15303983228512,industry_breadth
industry,3d,industry_amount_share_roll60d,医疗保健,954,-2.9840653160605178e-18,-1.6856092366078334e-17,1.872574167672183e-16,-0.2529703183532847,0.43186582809224316,113.15303983228512,industry_crowding
industry,3d,stock_ret_60d,医疗保健,1969,-0.021028509067754355,-0.019953416149068315,0.20564959343395237,-1.6232331269921962,0.4657186389029964,126.24987303199593,price_momentum
industry,3d,stock_rel_industry_ret_60d,医疗保健,1969,-0.021028509067754355,-0.019953416149068315,0.20564959343395237,-1.6232331269921962,0.4657186389029964,126.24987303199593,relative_strength
industry,3d,industry_ret_60d,医疗保健,936,-3.2521742336276824e-18,-1.7326549889907738e-17,1.8778293417988929e-16,-0.27492735524693124,0.43162393162393164,114.15384615384616,industry_strength
industry,3d,industry_crowding_score,医疗保健,936,-3.2521742336276824e-18,-1.7326549889907738e-17,1.8778293417988929e-16,-0.27492735524693124,0.43162393162393164,114.15384615384616,industry_crowding
industry,3d,industry_amount_share,食品,1402,2.750069285192495e-17,7.212178124832156e-17,2.277106161950895e-16,1.917170012991272,0.5962910128388017,74.25891583452211,industry_crowding
industry,3d,stock_amount_share_in_industry,食品,2028,-0.043868796560093945,-0.038270816062008495,0.21223130948213434,-3.2813045246784798,0.4285009861932939,71.56952662721893,liquidity_crowding
industry,3d,turnover_rate,食品,2028,-0.04016884021150502,-0.04094017882112308,0.1968964321901673,-3.2385582756793316,0.4161735700197239,71.4930966469428,liquidity
industry,3d,log_amount,食品,2028,-0.043868796560093945,-0.038270816062008495,0.21223130948213434,-3.2813045246784798,0.4285009861932939,71.56952662721893,liquidity
industry,3d,log_total_mv,食品,2028,-0.010858433250113328,-0.005387392371517859,0.26674405205224744,-0.6462085385574234,0.4935897435897436,71.4930966469428,size
industry,3d,stock_ret_1d,食品,2027,-0.00785246070707768,-0.007731092436974766,0.18897876487281,-0.6596188166903336,0.48643315244203256,71.580661075481,price_momentum_reversal
industry,3d,stock_rel_industry_ret_1d,食品,2027,-0.00785246070707768,-0.007731092436974766,0.18897876487281,-0.6596188166903336,0.48643315244203256,71.580661075481,relative_strength
industry,3d,stock_ret_5d,食品,2023,-0.018569389959617117,-0.016237065528346122,0.19172046487071778,-1.5375506583855707,0.45575877409787446,71.62283737024221,price_momentum_reversal
industry,3d,stock_rel_industry_ret_5d,食品,2023,-0.018569389959617117,-0.016237065528346122,0.19172046487071778,-1.5375506583855707,0.45575877409787446,71.62283737024221,relative_strength
industry,3d,industry_ret_5d,食品,1402,2.750069285192495e-17,7.212178124832156e-17,2.277106161950895e-16,1.917170012991272,0.5962910128388017,74.25891583452211,industry_strength
industry,3d,industry_breadth_20d,食品,1402,2.750069285192495e-17,7.212178124832156e-17,2.277106161950895e-16,1.917170012991272,0.5962910128388017,74.25891583452211,industry_breadth
industry,3d,industry_amount_share_roll20d,食品,1402,2.750069285192495e-17,7.212178124832156e-17,2.277106161950895e-16,1.917170012991272,0.5962910128388017,74.25891583452211,industry_crowding
industry,3d,stock_ret_20d,食品,2008,-0.03856955939385924,-0.03057400395586997,0.20911428308589272,-2.9279337832195416,0.43725099601593626,71.77938247011951,price_momentum
industry,3d,stock_rel_industry_ret_20d,食品,2008,-0.03856955939385924,-0.03057400395586997,0.20911428308589272,-2.9279337832195416,0.43725099601593626,71.77938247011951,relative_strength
industry,3d,industry_ret_20d,食品,1402,2.750069285192495e-17,7.212178124832156e-17,2.277106161950895e-16,1.917170012991272,0.5962910128388017,74.25891583452211,industry_strength
industry,3d,industry_breadth_60d,食品,1402,2.750069285192495e-17,7.212178124832156e-17,2.277106161950895e-16,1.917170012991272,0.5962910128388017,74.25891583452211,industry_breadth
industry,3d,industry_amount_share_roll60d,食品,1402,2.750069285192495e-17,7.212178124832156e-17,2.277106161950895e-16,1.917170012991272,0.5962910128388017,74.25891583452211,industry_crowding
industry,3d,stock_ret_60d,食品,1968,-0.02669668604954235,-0.022216474369056792,0.2198401279654058,-1.9277497544334927,0.46646341463414637,72.23475609756098,price_momentum
industry,3d,stock_rel_industry_ret_60d,食品,1968,-0.02669668604954235,-0.022216474369056792,0.2198401279654058,-1.9277497544334927,0.46646341463414637,72.23475609756098,relative_strength
industry,3d,industry_ret_60d,食品,1388,2.669581702623472e-17,7.211905970470406e-17,2.2741669352312263e-16,1.8634645980354005,0.595821325648415,74.56268011527378,industry_strength
industry,3d,industry_crowding_score,食品,1388,2.669581702623472e-17,7.211905970470406e-17,2.2741669352312263e-16,1.8634645980354005,0.595821325648415,74.56268011527378,industry_crowding
industry,3d,industry_amount_share,化工原料,1031,1.8091654403397488e-17,1.4513212975761752e-17,1.4913150881146212e-16,1.9257909507626776,0.5383123181377304,188.35499515033948,industry_crowding
industry,3d,stock_amount_share_in_industry,化工原料,2028,-0.0555146474123324,-0.06554065681587666,0.1871548431594248,-4.708762499381905,0.3782051282051282,185.7051282051282,liquidity_crowding
industry,3d,turnover_rate,化工原料,2028,-0.04491577794049448,-0.04802374459705374,0.17312657514019514,-4.118465750644618,0.3890532544378698,185.42652859960552,liquidity
industry,3d,log_amount,化工原料,2028,-0.0555146474123324,-0.06554065681587666,0.1871548431594248,-4.708762499381905,0.3782051282051282,185.7051282051282,liquidity
industry,3d,log_total_mv,化工原料,2028,-0.026301918440592,-0.02939532724125085,0.19322756788228232,-2.160820092920841,0.4378698224852071,185.42652859960552,size
industry,3d,stock_ret_1d,化工原料,2027,-0.01177466721152647,-0.014067738424793128,0.14682938596067094,-1.2730220592459551,0.46373951652688705,185.7409965466206,price_momentum_reversal
industry,3d,stock_rel_industry_ret_1d,化工原料,2027,-0.01177466721152647,-0.014067738424793128,0.14682938596067094,-1.2730220592459551,0.46373951652688705,185.7409965466206,relative_strength
industry,3d,stock_ret_5d,化工原料,2023,-0.028941677512285862,-0.024802655830504245,0.16048714635055975,-2.862751926136613,0.43302026693030155,185.8655462184874,price_momentum_reversal
industry,3d,stock_rel_industry_ret_5d,化工原料,2023,-0.028941677512285862,-0.024802655830504245,0.16048714635055975,-2.862751926136613,0.43302026693030155,185.8655462184874,relative_strength
industry,3d,industry_ret_5d,化工原料,1028,1.807492115829912e-17,1.3964733189161984e-17,1.4934816404676588e-16,1.9212186500123736,0.5369649805447471,188.57490272373542,industry_strength
industry,3d,industry_breadth_20d,化工原料,1026,1.7995547209159976e-17,1.3274464608933284e-17,1.494777806605875e-16,1.9111232082072287,0.5360623781676414,188.72027290448344,industry_breadth
industry,3d,industry_amount_share_roll20d,化工原料,1026,1.7995547209159976e-17,1.3274464608933284e-17,1.494777806605875e-16,1.9111232082072287,0.5360623781676414,188.72027290448344,industry_crowding
industry,3d,stock_ret_20d,化工原料,2008,-0.03581158490239793,-0.03633458906587569,0.16386005250941155,-3.4693708291608734,0.4103585657370518,186.33565737051794,price_momentum
industry,3d,stock_rel_industry_ret_20d,化工原料,2008,-0.03581158490239793,-0.03633458906587569,0.16386005250941155,-3.4693708291608734,0.4103585657370518,186.33565737051794,relative_strength
industry,3d,industry_ret_20d,化工原料,1021,1.8653733437186608e-17,1.4513212975761752e-17,1.4768089676253257e-16,2.00512621928527,0.5377081292850147,189.09402546523017,industry_strength
industry,3d,industry_breadth_60d,化工原料,1017,1.922464087262565e-17,1.45343002273584e-17,1.4725513973914432e-16,2.0724690038092164,0.5388397246804326,189.4385447394297,industry_breadth
industry,3d,industry_amount_share_roll60d,化工原料,1017,1.922464087262565e-17,1.45343002273584e-17,1.4725513973914432e-16,2.0724690038092164,0.5388397246804326,189.4385447394297,industry_crowding
industry,3d,stock_ret_60d,化工原料,1968,-0.031628312155322316,-0.03032177031719883,0.17885622053930253,-2.8071927752711017,0.429369918699187,187.58536585365854,price_momentum
industry,3d,stock_rel_industry_ret_60d,化工原料,1968,-0.031628312155322316,-0.03032177031719883,0.17885622053930253,-2.8071927752711017,0.429369918699187,187.58536585365854,relative_strength
industry,3d,industry_ret_60d,化工原料,995,1.8094423692486953e-17,1.341625340256222e-17,1.4721392815412015e-16,1.9511745583163707,0.5376884422110553,191.01005025125627,industry_strength
industry,3d,industry_crowding_score,化工原料,995,1.8094423692486953e-17,1.341625340256222e-17,1.4721392815412015e-16,1.9511745583163707,0.5376884422110553,191.01005025125627,industry_crowding
industry,3d,industry_amount_share,专用机械,978,2.066513079188025e-17,5.7416261921830656e-18,1.555310507752163e-16,2.1092172892842354,0.5102249488752556,181.56543967280163,industry_crowding
industry,3d,stock_amount_share_in_industry,专用机械,2028,-0.04978366506353701,-0.058952844586831546,0.17618917528697492,-4.485469560666844,0.3865877712031558,190.94280078895463,liquidity_crowding
industry,3d,turnover_rate,专用机械,2028,-0.04768291685010701,-0.055267295515526796,0.1664580045045145,-4.547350191313858,0.3826429980276134,190.64546351084812,liquidity
industry,3d,log_amount,专用机械,2028,-0.04978366506353701,-0.058952844586831546,0.17618917528697492,-4.485469560666844,0.3865877712031558,190.94280078895463,liquidity
industry,3d,log_total_mv,专用机械,2028,-0.020742929912007275,-0.021107081327610293,0.18923723838806267,-1.7400581770530459,0.4541420118343195,190.64546351084812,size
industry,3d,stock_ret_1d,专用机械,2027,-0.007556580156754859,-0.004414047863855344,0.1414027531649314,-0.8483356119769172,0.4893931919092255,190.98273310310805,price_momentum_reversal
industry,3d,stock_rel_industry_ret_1d,专用机械,2027,-0.007556580156754859,-0.004414047863855344,0.1414027531649314,-0.8483356119769172,0.4893931919092255,190.98273310310805,relative_strength
industry,3d,stock_ret_5d,专用机械,2023,-0.02976694607684598,-0.027322304777814218,0.14886829039859076,-3.174185841659256,0.4310430054374691,191.1408798813643,price_momentum_reversal
industry,3d,stock_rel_industry_ret_5d,专用机械,2023,-0.02976694607684598,-0.027322304777814218,0.14886829039859076,-3.174185841659256,0.4310430054374691,191.1408798813643,relative_strength
industry,3d,industry_ret_5d,专用机械,973,2.025521705295072e-17,5.655925504987206e-18,1.5533054975203967e-16,2.0700474115088303,0.5097636176772867,181.93627954779035,industry_strength
industry,3d,industry_breadth_20d,专用机械,970,1.9803608982415922e-17,5.063983062884743e-18,1.5502163840594463e-16,2.0279268739954777,0.5092783505154639,182.15876288659794,industry_breadth
industry,3d,industry_amount_share_roll20d,专用机械,970,1.9803608982415922e-17,5.063983062884743e-18,1.5502163840594463e-16,2.0279268739954777,0.5092783505154639,182.15876288659794,industry_crowding
industry,3d,stock_ret_20d,专用机械,2008,-0.037934546883955325,-0.03952526461242973,0.1585323794348611,-3.7985442788653088,0.40936254980079684,191.7260956175299,price_momentum
industry,3d,stock_rel_industry_ret_20d,专用机械,2008,-0.037934546883955325,-0.03952526461242973,0.1585323794348611,-3.7985442788653088,0.40936254980079684,191.7260956175299,relative_strength
industry,3d,industry_ret_20d,专用机械,962,1.9885158270991493e-17,5.063983062884743e-18,1.5465963026478222e-16,2.0410439418275064,0.5093555093555093,182.77546777546777,industry_strength
industry,3d,industry_breadth_60d,专用机械,953,2.039371148356437e-17,6.056622329283273e-18,1.5120861039596945e-16,2.1410165236153116,0.5120671563483735,183.57292759706192,industry_breadth
industry,3d,industry_amount_share_roll60d,专用机械,953,2.039371148356437e-17,6.056622329283273e-18,1.5120861039596945e-16,2.1410165236153116,0.5120671563483735,183.57292759706192,industry_crowding
industry,3d,stock_ret_60d,专用机械,1968,-0.033547543955628714,-0.03411157507948797,0.17212394094786562,-3.093995800287384,0.43089430894308944,193.33638211382114,price_momentum
industry,3d,stock_rel_industry_ret_60d,专用机械,1968,-0.033547543955628714,-0.03411157507948797,0.17212394094786562,-3.093995800287384,0.43089430894308944,193.33638211382114,relative_strength
industry,3d,industry_ret_60d,专用机械,929,2.1233137058724982e-17,7.0353649149849e-18,1.5063834427358946e-16,2.2375816920467195,0.5166846071044133,185.52960172228202,industry_strength
industry,3d,industry_crowding_score,专用机械,929,2.1233137058724982e-17,7.0353649149849e-18,1.5063834427358946e-16,2.2375816920467195,0.5166846071044133,185.52960172228202,industry_crowding
industry,3d,stock_ret_1d,文教休闲,1905,-0.006190464214160422,-0.005498533724340175,0.2102360453649222,-0.467429705946498,0.49081364829396323,41.339107611548556,price_momentum_reversal
industry,3d,stock_rel_industry_ret_1d,文教休闲,1905,-0.006190464214160422,-0.005498533724340175,0.2102360453649222,-0.467429705946498,0.49081364829396323,41.339107611548556,relative_strength
industry,3d,industry_ret_5d,文教休闲,495,5.701964118220332e-17,1.0559472281917566e-16,1.818812388309407e-16,4.97664711491673,0.7737373737373737,42.36969696969697,industry_strength
industry,3d,industry_ret_20d,文教休闲,495,5.701964118220332e-17,1.0559472281917566e-16,1.818812388309407e-16,4.97664711491673,0.7737373737373737,42.36969696969697,industry_strength
industry,3d,industry_breadth_20d,文教休闲,495,5.701964118220332e-17,1.0559472281917566e-16,1.818812388309407e-16,4.97664711491673,0.7737373737373737,42.36969696969697,industry_breadth
industry,3d,industry_breadth_60d,文教休闲,495,5.701964118220332e-17,1.0559472281917566e-16,1.818812388309407e-16,4.97664711491673,0.7737373737373737,42.36969696969697,industry_breadth
industry,3d,industry_amount_share,文教休闲,495,5.701964118220332e-17,1.0559472281917566e-16,1.818812388309407e-16,4.97664711491673,0.7737373737373737,42.36969696969697,industry_crowding
industry,3d,industry_amount_share_roll20d,文教休闲,495,5.701964118220332e-17,1.0559472281917566e-16,1.818812388309407e-16,4.97664711491673,0.7737373737373737,42.36969696969697,industry_crowding
industry,3d,industry_amount_share_roll60d,文教休闲,495,5.701964118220332e-17,1.0559472281917566e-16,1.818812388309407e-16,4.97664711491673,0.7737373737373737,42.36969696969697,industry_crowding
industry,3d,stock_amount_share_in_industry,文教休闲,1905,-0.0718267863699061,-0.07232947232947239,0.22768339601561552,-5.00789651419382,0.3795275590551181,41.339107611548556,liquidity_crowding
industry,3d,turnover_rate,文教休闲,1905,-0.04803958052366953,-0.05309568480300187,0.24161807804075716,-3.1562402329527277,0.4120734908136483,41.339107611548556,liquidity
industry,3d,log_amount,文教休闲,1905,-0.0718267863699061,-0.07232947232947239,0.22768339601561552,-5.00789651419382,0.3795275590551181,41.339107611548556,liquidity
industry,3d,log_total_mv,文教休闲,1905,-0.040533979522123925,-0.049859943977591,0.21847803737868352,-2.9451792248785953,0.4083989501312336,41.339107611548556,size
industry,3d,industry_amount_share,机械基件,1046,2.6899610149011698e-17,7.692117837596268e-17,2.0558943088679247e-16,2.0770429251705127,0.5764818355640535,81.4282982791587,industry_crowding
industry,3d,stock_amount_share_in_industry,机械基件,2027,-0.059617805248869775,-0.06686338995920325,0.19549862316128644,-4.84097178331103,0.3882585101134682,86.1647755303404,liquidity_crowding
industry,3d,turnover_rate,机械基件,2027,-0.05383697151338888,-0.05713885778275476,0.19649146091088637,-4.349478719481717,0.38085841144548593,86.09965466206216,liquidity
industry,3d,log_amount,机械基件,2027,-0.059617805248869775,-0.06686338995920325,0.19549862316128644,-4.84097178331103,0.3882585101134682,86.1647755303404,liquidity
industry,3d,log_total_mv,机械基件,2027,-0.026783225232087447,-0.0392931762006855,0.19590494712012538,-2.1702898568115008,0.4356191415885545,86.09965466206216,size
industry,3d,stock_ret_1d,机械基件,2026,-0.01505946796077705,-0.009230142162560014,0.17406753051779278,-1.3733844669125708,0.472852912142152,86.18509378084896,price_momentum_reversal
industry,3d,stock_rel_industry_ret_1d,机械基件,2026,-0.01505946796077705,-0.009230142162560014,0.17406753051779278,-1.3733844669125708,0.472852912142152,86.18509378084896,relative_strength
industry,3d,stock_ret_5d,机械基件,2022,-0.03211621500055994,-0.03353106850020608,0.1803545155714312,-2.8268164290184323,0.42235410484668645,86.26013847675569,price_momentum_reversal
industry,3d,stock_rel_industry_ret_5d,机械基件,2022,-0.03211621500055994,-0.03353106850020608,0.1803545155714312,-2.8268164290184323,0.42235410484668645,86.26013847675569,relative_strength
industry,3d,industry_ret_5d,机械基件,1042,2.749511791703618e-17,7.692117837596268e-17,2.0575825216534823e-16,2.121282918512029,0.5786948176583493,81.56813819577735,industry_strength
industry,3d,industry_breadth_20d,机械基件,1041,2.7652920902276514e-17,7.692117837596268e-17,2.0579405691244182e-16,2.133086431055442,0.579250720461095,81.6032660902978,industry_breadth
industry,3d,industry_amount_share_roll20d,机械基件,1041,2.7652920902276514e-17,7.692117837596268e-17,2.0579405691244182e-16,2.133086431055442,0.579250720461095,81.6032660902978,industry_crowding
industry,3d,stock_ret_20d,机械基件,2007,-0.03824189048256091,-0.03656869446343132,0.18063450237568637,-3.360770967377806,0.4175386148480319,86.54708520179372,price_momentum
industry,3d,stock_rel_industry_ret_20d,机械基件,2007,-0.03824189048256091,-0.03656869446343132,0.18063450237568637,-3.360770967377806,0.4175386148480319,86.54708520179372,relative_strength
industry,3d,industry_ret_20d,机械基件,1036,2.7815935278463363e-17,7.692221716350053e-17,2.0595285739989451e-16,2.1440065894862386,0.5801158301158301,81.78185328185329,industry_strength
industry,3d,industry_breadth_60d,机械基件,1030,2.710444194096133e-17,7.692117837596268e-17,2.0581070943849157e-16,2.0906087830887397,0.5786407766990291,82.0135922330097,industry_breadth
industry,3d,industry_amount_share_roll60d,机械基件,1030,2.710444194096133e-17,7.692117837596268e-17,2.0581070943849157e-16,2.0906087830887397,0.5786407766990291,82.0135922330097,industry_crowding
industry,3d,stock_ret_60d,机械基件,1967,-0.03390742804894206,-0.03155095184770436,0.19273603023631058,-2.792750959080893,0.4361972547025928,87.34468734112862,price_momentum
industry,3d,stock_rel_industry_ret_60d,机械基件,1967,-0.03390742804894206,-0.03155095184770436,0.19273603023631058,-2.792750959080893,0.4361972547025928,87.34468734112862,relative_strength
industry,3d,industry_ret_60d,机械基件,1020,2.71406425073135e-17,7.692221716350053e-17,2.058387457341684e-16,2.093115858457361,0.5803921568627451,82.38627450980393,industry_strength
industry,3d,industry_crowding_score,机械基件,1020,2.71406425073135e-17,7.692221716350053e-17,2.058387457341684e-16,2.093115858457361,0.5803921568627451,82.38627450980393,industry_crowding
industry,3d,industry_amount_share,广告包装,657,5.620768555218679e-17,1.1313720302054534e-16,1.9496475203316868e-16,4.576567493070891,0.7473363774733638,44.39573820395738,industry_crowding
industry,3d,stock_amount_share_in_industry,广告包装,2016,-0.06825902274675832,-0.06989230630921445,0.23023404684018633,-4.70642117626283,0.38244047619047616,43.57539682539682,liquidity_crowding
industry,3d,turnover_rate,广告包装,2016,-0.06322067705621216,-0.07032132001736868,0.25833634703046504,-3.8848468161115344,0.4087301587301587,43.57539682539682,liquidity
industry,3d,log_amount,广告包装,2016,-0.06825902274675832,-0.06989230630921445,0.23023404684018633,-4.70642117626283,0.38244047619047616,43.57539682539682,liquidity
industry,3d,log_total_mv,广告包装,2016,-0.03324916179477117,-0.034040147397568915,0.2148135356230876,-2.457080178541408,0.43601190476190477,43.57539682539682,size
industry,3d,stock_ret_1d,广告包装,2015,-0.011182294156314039,-0.004582531409586283,0.21097793608457202,-0.8413837951164199,0.49181141439205955,43.58114143920596,price_momentum_reversal
industry,3d,stock_rel_industry_ret_1d,广告包装,2015,-0.011182294156314039,-0.004582531409586283,0.21097793608457202,-0.8413837951164199,0.49181141439205955,43.58114143920596,relative_strength
industry,3d,stock_ret_5d,广告包装,2011,-0.025821383014310254,-0.028919860627177718,0.22019457810026163,-1.8615433282604827,0.4445549477871706,43.59820984584784,price_momentum_reversal
industry,3d,stock_rel_industry_ret_5d,广告包装,2011,-0.025821383014310254,-0.028919860627177718,0.22019457810026163,-1.8615433282604827,0.4445549477871706,43.59820984584784,relative_strength
industry,3d,industry_ret_5d,广告包装,657,5.620768555218679e-17,1.1313720302054534e-16,1.9496475203316868e-16,4.576567493070891,0.7473363774733638,44.39573820395738,industry_strength
industry,3d,industry_breadth_20d,广告包装,656,5.621768098280758e-17,1.1313720302054534e-16,1.951133548603003e-16,4.573895106414505,0.7469512195121951,44.416158536585364,industry_breadth
industry,3d,industry_amount_share_roll20d,广告包装,656,5.621768098280758e-17,1.1313720302054534e-16,1.951133548603003e-16,4.573895106414505,0.7469512195121951,44.416158536585364,industry_crowding
industry,3d,industry_ret_20d,广告包装,650,5.674680354821048e-17,1.1313720302054534e-16,1.957377853353221e-16,4.602216060507638,0.7461538461538462,44.54153846153846,industry_strength
industry,3d,stock_ret_20d,广告包装,1994,-0.04498168854160066,-0.039732695296682656,0.22054053374128543,-3.237781991743502,0.4172517552657974,43.68054162487462,price_momentum
industry,3d,stock_rel_industry_ret_20d,广告包装,1994,-0.04498168854160066,-0.039732695296682656,0.22054053374128543,-3.237781991743502,0.4172517552657974,43.68054162487462,relative_strength
industry,3d,industry_breadth_60d,广告包装,645,5.731177964990193e-17,1.1313976277264179e-16,1.9568510142175082e-16,4.649287504663919,0.7457364341085271,44.648062015503875,industry_breadth
industry,3d,industry_amount_share_roll60d,广告包装,645,5.731177964990193e-17,1.1313976277264179e-16,1.9568510142175082e-16,4.649287504663919,0.7457364341085271,44.648062015503875,industry_crowding
industry,3d,industry_ret_60d,广告包装,642,5.73765807338649e-17,1.1313976277264179e-16,1.9613742593667292e-16,4.6438102154977665,0.7445482866043613,44.71183800623053,industry_strength
industry,3d,industry_crowding_score,广告包装,642,5.73765807338649e-17,1.1313976277264179e-16,1.9613742593667292e-16,4.6438102154977665,0.7445482866043613,44.71183800623053,industry_crowding
industry,3d,stock_ret_60d,广告包装,1957,-0.045751850041972124,-0.04556664179088827,0.2207462450364716,-3.290149299133368,0.4118548799182422,43.817577925396016,price_momentum
industry,3d,stock_rel_industry_ret_60d,广告包装,1957,-0.045751850041972124,-0.04556664179088827,0.2207462450364716,-3.290149299133368,0.4118548799182422,43.817577925396016,relative_strength
industry,3d,industry_amount_share,小金属,865,1.8616644384161835e-17,6.105412634683503e-17,1.982613436260212e-16,1.4906086194975685,0.5988439306358382,51.37109826589595,industry_crowding
industry,3d,stock_amount_share_in_industry,小金属,2025,-0.02908924869234475,-0.04029613960867267,0.2908498543977417,-1.5876834738326615,0.45481481481481484,50.901234567901234,liquidity_crowding
industry,3d,turnover_rate,小金属,2025,-0.04143567714437914,-0.05204216073781293,0.24052991560946488,-2.73467431737484,0.4222222222222222,50.785185185185185,liquidity
industry,3d,log_amount,小金属,2025,-0.02908924869234475,-0.04029613960867267,0.2908498543977417,-1.5876834738326615,0.45481481481481484,50.901234567901234,liquidity
industry,3d,log_total_mv,小金属,2025,-0.009417278351110251,-0.01541467650890145,0.273576543380052,-0.5464454569739304,0.48345679012345677,50.785185185185185,size
industry,3d,stock_ret_1d,小金属,2024,-0.01532762212922734,-0.012803769732236531,0.22336667704675534,-1.0893229969683595,0.4772727272727273,50.905632411067195,price_momentum_reversal
industry,3d,stock_rel_industry_ret_1d,小金属,2024,-0.01532762212922734,-0.012803769732236531,0.22336667704675534,-1.0893229969683595,0.4772727272727273,50.905632411067195,relative_strength
industry,3d,stock_ret_5d,小金属,2020,-0.027495098569781315,-0.01867388177530923,0.2345048064334161,-1.861246109072922,0.47128712871287126,50.91980198019802,price_momentum_reversal
industry,3d,stock_rel_industry_ret_5d,小金属,2020,-0.027495098569781315,-0.01867388177530923,0.2345048064334161,-1.861246109072922,0.47128712871287126,50.91980198019802,relative_strength
industry,3d,industry_ret_5d,小金属,865,1.8616644384161835e-17,6.105412634683503e-17,1.982613436260212e-16,1.4906086194975685,0.5988439306358382,51.37109826589595,industry_strength
industry,3d,industry_breadth_20d,小金属,865,1.8616644384161835e-17,6.105412634683503e-17,1.982613436260212e-16,1.4906086194975685,0.5988439306358382,51.37109826589595,industry_breadth
industry,3d,industry_amount_share_roll20d,小金属,865,1.8616644384161835e-17,6.105412634683503e-17,1.982613436260212e-16,1.4906086194975685,0.5988439306358382,51.37109826589595,industry_crowding
industry,3d,stock_ret_20d,小金属,2005,-0.03489098428586175,-0.029265447006807804,0.23602670953797641,-2.3466717203156127,0.44488778054862843,50.97506234413965,price_momentum
industry,3d,stock_rel_industry_ret_20d,小金属,2005,-0.03489098428586175,-0.029265447006807804,0.23602670953797641,-2.3466717203156127,0.44488778054862843,50.97506234413965,relative_strength
industry,3d,industry_ret_20d,小金属,864,1.8896984694001918e-17,6.105412634683503e-17,1.9820456159221224e-16,1.5134885381352654,0.5995370370370371,51.385416666666664,industry_strength
industry,3d,industry_breadth_60d,小金属,861,1.93141798867122e-17,6.105412634683503e-17,1.9812899381030931e-16,1.5474923414691226,0.6004645760743321,51.42857142857143,industry_breadth
industry,3d,industry_amount_share_roll60d,小金属,861,1.93141798867122e-17,6.105412634683503e-17,1.9812899381030931e-16,1.5474923414691226,0.6004645760743321,51.42857142857143,industry_crowding
industry,3d,stock_ret_60d,小金属,1965,-0.028631588810037256,-0.0326986373004399,0.2519754597564433,-1.8037962198042488,0.4524173027989822,51.15419847328244,price_momentum
industry,3d,stock_rel_industry_ret_60d,小金属,1965,-0.028631588810037256,-0.0326986373004399,0.2519754597564433,-1.8037962198042488,0.4524173027989822,51.15419847328244,relative_strength
industry,3d,industry_ret_60d,小金属,847,2.034934094051908e-17,6.105412634683503e-17,1.9693304240098661e-16,1.640333023334503,0.6009445100354192,51.64344746162928,industry_strength
industry,3d,industry_crowding_score,小金属,847,2.034934094051908e-17,6.105412634683503e-17,1.9693304240098661e-16,1.640333023334503,0.6009445100354192,51.64344746162928,industry_crowding
industry,3d,industry_amount_share,互联网,1263,-1.1892685554670534e-17,-1.8960667787614548e-17,2.1637852821883416e-16,-0.8725012224833965,0.4639746634996041,68.0387965162312,industry_crowding
industry,3d,stock_amount_share_in_industry,互联网,2027,-0.060274951558094605,-0.05823124244176875,0.21360136984618897,-4.47953678079922,0.3848051307350765,66.84903798717316,liquidity_crowding
industry,3d,turnover_rate,互联网,2027,-0.050246386961200526,-0.05047910547069537,0.2064343519878533,-3.863875645658353,0.40009866798223975,66.84903798717316,liquidity
industry,3d,log_amount,互联网,2027,-0.060274951558094605,-0.05823124244176875,0.21360136984618897,-4.47953678079922,0.3848051307350765,66.84903798717316,liquidity
industry,3d,log_total_mv,互联网,2027,-0.02933516800038979,-0.03357041251778093,0.22141291067108448,-2.1032258406817634,0.450419338924519,66.84903798717316,size
industry,3d,stock_ret_1d,互联网,2026,-0.012208084137681296,-0.009340173777298434,0.1876153326459737,-1.0329503721470055,0.47729516288252716,66.8558736426456,price_momentum_reversal
industry,3d,stock_rel_industry_ret_1d,互联网,2026,-0.012208084137681296,-0.009340173777298434,0.1876153326459737,-1.0329503721470055,0.47729516288252716,66.8558736426456,relative_strength
industry,3d,stock_ret_5d,互联网,2022,-0.025772664573107045,-0.025857302602388273,0.19382684643048062,-2.110793081753494,0.44609297725024727,66.87438180019782,price_momentum_reversal
industry,3d,stock_rel_industry_ret_5d,互联网,2022,-0.025772664573107045,-0.025857302602388273,0.19382684643048062,-2.110793081753494,0.44609297725024727,66.87438180019782,relative_strength
industry,3d,industry_ret_5d,互联网,1259,-1.2338931829710564e-17,-2.0397400228748184e-17,2.1657537615890957e-16,-0.9044170850237354,0.46227164416203337,68.08657664813344,industry_strength
industry,3d,industry_breadth_20d,互联网,1256,-1.240156141637194e-17,-2.0397400228748184e-17,2.1668292117253245e-16,-0.9085565359483461,0.46178343949044587,68.1234076433121,industry_breadth
industry,3d,industry_amount_share_roll20d,互联网,1256,-1.240156141637194e-17,-2.0397400228748184e-17,2.1668292117253245e-16,-0.9085565359483461,0.46178343949044587,68.1234076433121,industry_crowding
industry,3d,stock_ret_20d,互联网,2007,-0.04019584609924897,-0.04054325955734407,0.20464862235977524,-3.1179749354816604,0.43148978574987545,66.93871449925261,price_momentum
industry,3d,stock_rel_industry_ret_20d,互联网,2007,-0.04019584609924897,-0.04054325955734407,0.20464862235977524,-3.1179749354816604,0.43148978574987545,66.93871449925261,relative_strength
industry,3d,industry_ret_20d,互联网,1247,-1.2955360557039456e-17,-2.166933461441663e-17,2.1691361098347612e-16,-0.9481192634346784,0.4595028067361668,68.22373696872494,industry_strength
industry,3d,industry_breadth_60d,互联网,1244,-1.3310793894532217e-17,-2.166933461441663e-17,2.170534677012838e-16,-0.9735034626464306,0.45819935691318325,68.2596463022508,industry_breadth
industry,3d,industry_amount_share_roll60d,互联网,1244,-1.3310793894532217e-17,-2.166933461441663e-17,2.170534677012838e-16,-0.9735034626464306,0.45819935691318325,68.2596463022508,industry_crowding
industry,3d,stock_ret_60d,互联网,1967,-0.036356522317553805,-0.03779809120898488,0.20959016364407212,-2.753668824385336,0.44229791560752413,67.1240467717336,price_momentum
industry,3d,stock_rel_industry_ret_60d,互联网,1967,-0.036356522317553805,-0.03779809120898488,0.20959016364407212,-2.753668824385336,0.44229791560752413,67.1240467717336,relative_strength
industry,3d,industry_ret_60d,互联网,1232,-1.3941401207189183e-17,-2.166933461441663e-17,2.175971170595413e-16,-1.0170763570890116,0.45535714285714285,68.4034090909091,industry_strength
industry,3d,industry_crowding_score,互联网,1232,-1.3941401207189183e-17,-2.166933461441663e-17,2.175971170595413e-16,-1.0170763570890116,0.45535714285714285,68.4034090909091,industry_crowding
industry,3d,industry_amount_share,塑料,1045,1.512777077232404e-17,6.888991910192465e-17,2.124455840187993e-16,1.130387893141215,0.5559808612440191,61.62583732057416,industry_crowding
industry,3d,stock_amount_share_in_industry,塑料,2026,-0.06496714829131646,-0.06645993917662105,0.221795849051219,-4.649868385810538,0.37660414610069104,55.97433366238894,liquidity_crowding
industry,3d,turnover_rate,塑料,2026,-0.05878557495817061,-0.06355457813203869,0.21314639446485345,-4.3781743268355955,0.38153998025666336,55.85834155972359,liquidity
industry,3d,log_amount,塑料,2026,-0.06496714829131646,-0.06645993917662105,0.221795849051219,-4.649868385810538,0.37660414610069104,55.97433366238894,liquidity
industry,3d,log_total_mv,塑料,2026,-0.029653033269954613,-0.030927811413582813,0.2342783714461749,-2.0092649056777954,0.4461994076999013,55.85834155972359,size
industry,3d,stock_ret_1d,塑料,2025,-0.009480349941247596,-0.00974883546733672,0.19573475554018863,-0.7688766836686884,0.48098765432098767,55.98469135802469,price_momentum_reversal
industry,3d,stock_rel_industry_ret_1d,塑料,2025,-0.009480349941247596,-0.00974883546733672,0.19573475554018863,-0.7688766836686884,0.48098765432098767,55.98469135802469,relative_strength
industry,3d,stock_ret_5d,塑料,2021,-0.036376676000145616,-0.03550497866287339,0.19787553972471794,-2.9183082968248653,0.42998515586343394,56.02375061850569,price_momentum_reversal
industry,3d,stock_rel_industry_ret_5d,塑料,2021,-0.036376676000145616,-0.03550497866287339,0.19787553972471794,-2.9183082968248653,0.42998515586343394,56.02375061850569,relative_strength
industry,3d,industry_ret_5d,塑料,1041,1.4679883924825198e-17,6.888991910192465e-17,2.1272145001045462e-16,1.095498046063717,0.5542747358309318,61.724303554274734,industry_strength
industry,3d,industry_breadth_20d,塑料,1037,1.4561032610941045e-17,6.888991910192465e-17,2.1286811875648164e-16,1.0858799714838505,0.553519768563163,61.81967213114754,industry_breadth
industry,3d,industry_amount_share_roll20d,塑料,1037,1.4561032610941045e-17,6.888991910192465e-17,2.1286811875648164e-16,1.0858799714838505,0.553519768563163,61.81967213114754,industry_crowding
industry,3d,stock_ret_20d,塑料,2006,-0.03371604614226564,-0.035043659986667024,0.20549394474267985,-2.6045810759976047,0.42622133599202394,56.16400797607179,price_momentum
industry,3d,stock_rel_industry_ret_20d,塑料,2006,-0.03371604614226564,-0.035043659986667024,0.20549394474267985,-2.6045810759976047,0.42622133599202394,56.16400797607179,relative_strength
industry,3d,industry_ret_20d,塑料,1034,1.4517800958683428e-17,6.888991910192465e-17,2.1292906185449998e-16,1.0823461274569937,0.5531914893617021,61.89168278529981,industry_strength
industry,3d,industry_breadth_60d,塑料,1030,1.3955166139111845e-17,6.888991910192465e-17,2.1314949839228374e-16,1.0393240252640248,0.5514563106796116,61.99611650485437,industry_breadth
industry,3d,industry_amount_share_roll60d,塑料,1030,1.3955166139111845e-17,6.888991910192465e-17,2.1314949839228374e-16,1.0393240252640248,0.5514563106796116,61.99611650485437,industry_crowding
industry,3d,stock_ret_60d,塑料,1967,-0.02079149764786479,-0.02418207681365573,0.21860214596611283,-1.509842419461756,0.45907473309608543,56.5292323335028,price_momentum
industry,3d,stock_rel_industry_ret_60d,塑料,1967,-0.02079149764786479,-0.02418207681365573,0.21860214596611283,-1.509842419461756,0.45907473309608543,56.5292323335028,relative_strength
industry,3d,industry_ret_60d,塑料,1015,1.2986764956662767e-17,6.716034496207675e-17,2.1233374538865824e-16,0.9709172797103643,0.547783251231527,62.37536945812808,industry_strength
industry,3d,industry_crowding_score,塑料,1015,1.2986764956662767e-17,6.716034496207675e-17,2.1233374538865824e-16,0.9709172797103643,0.547783251231527,62.37536945812808,industry_crowding
industry,3d,industry_amount_share,家居用品,877,3.890926069665345e-17,6.868819123370629e-17,1.9938104593883217e-16,3.097914157767241,0.7115165336374002,52.532497149372865,industry_crowding
industry,3d,stock_amount_share_in_industry,家居用品,2021,-0.06532875041697407,-0.06634615384615385,0.22216727717623108,-4.667932089624922,0.3938644235526967,51.26818406729342,liquidity_crowding
industry,3d,turnover_rate,家居用品,2021,-0.031184099249673577,-0.03413852340631055,0.1908064495493846,-2.594420838573534,0.42454230578921326,51.14646214745176,liquidity
industry,3d,log_amount,家居用品,2021,-0.06532875041697407,-0.06634615384615385,0.22216727717623108,-4.667932089624922,0.3938644235526967,51.26818406729342,liquidity
industry,3d,log_total_mv,家居用品,2021,-0.035992797231668164,-0.04761904761904763,0.27756857931903717,-2.058474861200619,0.4383968332508659,51.14646214745176,size
industry,3d,stock_ret_1d,家居用品,2020,-0.00564527890602419,-0.011957424361749203,0.19657783274229895,-0.4558806206756465,0.4787128712871287,51.27772277227723,price_momentum_reversal
industry,3d,stock_rel_industry_ret_1d,家居用品,2020,-0.00564527890602419,-0.011957424361749203,0.19657783274229895,-0.4558806206756465,0.4787128712871287,51.27772277227723,relative_strength
industry,3d,stock_ret_5d,家居用品,2016,-0.018892768042683753,-0.014657414757339726,0.20823414943127727,-1.440269983240178,0.4642857142857143,51.313988095238095,price_momentum_reversal
industry,3d,stock_rel_industry_ret_5d,家居用品,2016,-0.018892768042683753,-0.014657414757339726,0.20823414943127727,-1.440269983240178,0.4642857142857143,51.313988095238095,relative_strength
industry,3d,industry_ret_5d,家居用品,877,3.890926069665345e-17,6.868819123370629e-17,1.9938104593883217e-16,3.097914157767241,0.7115165336374002,52.532497149372865,industry_strength
industry,3d,industry_breadth_20d,家居用品,877,3.890926069665345e-17,6.868819123370629e-17,1.9938104593883217e-16,3.097914157767241,0.7115165336374002,52.532497149372865,industry_breadth
industry,3d,industry_amount_share_roll20d,家居用品,877,3.890926069665345e-17,6.868819123370629e-17,1.9938104593883217e-16,3.097914157767241,0.7115165336374002,52.532497149372865,industry_crowding
industry,3d,stock_ret_20d,家居用品,2001,-0.0319936845104029,-0.03629032258064516,0.22421725949610663,-2.265142289119501,0.43478260869565216,51.4527736131934,price_momentum
industry,3d,stock_rel_industry_ret_20d,家居用品,2001,-0.0319936845104029,-0.03629032258064516,0.22421725949610663,-2.265142289119501,0.43478260869565216,51.4527736131934,relative_strength
industry,3d,industry_ret_20d,家居用品,874,3.885817651434608e-17,6.878905516781547e-17,1.9970985435257502e-16,3.0887530850703313,0.7105263157894737,52.60640732265446,industry_strength
industry,3d,industry_breadth_60d,家居用品,868,3.878452050693552e-17,6.888991910192465e-17,2.0034617717842947e-16,3.073106682405445,0.7096774193548387,52.75691244239631,industry_breadth
industry,3d,industry_amount_share_roll60d,家居用品,868,3.878452050693552e-17,6.888991910192465e-17,2.0034617717842947e-16,3.073106682405445,0.7096774193548387,52.75691244239631,industry_crowding
industry,3d,stock_ret_60d,家居用品,1964,-0.01581216589732824,-0.009336394669449806,0.23360106054503557,-1.0745257377518203,0.48370672097759676,51.80804480651731,price_momentum
industry,3d,stock_rel_industry_ret_60d,家居用品,1964,-0.01581216589732824,-0.009336394669449806,0.23360106054503557,-1.0745257377518203,0.48370672097759676,51.80804480651731,relative_strength
industry,3d,industry_ret_60d,家居用品,845,3.8573439774013063e-17,6.889060641685478e-17,2.0148774778894642e-16,3.0390650540577884,0.7053254437869823,53.353846153846156,industry_strength
industry,3d,industry_crowding_score,家居用品,845,3.8573439774013063e-17,6.889060641685478e-17,2.0148774778894642e-16,3.0390650540577884,0.7053254437869823,53.353846153846156,industry_crowding
industry,3d,industry_amount_share,半导体,907,1.0477386831865627e-17,2.6098130655836214e-17,1.7405398284943162e-16,0.9555849108349164,0.545755237045204,106.76626240352812,industry_crowding
industry,3d,stock_amount_share_in_industry,半导体,2026,-0.010137876461045865,-0.016811469249153135,0.2185295038831862,-0.736439687866422,0.47630799605133267,109.35093780848963,liquidity_crowding
industry,3d,turnover_rate,半导体,2026,-0.017951395739670323,-0.022018361613760487,0.1926078048233315,-1.4795328421058493,0.4550839091806515,109.35093780848963,liquidity
industry,3d,log_amount,半导体,2026,-0.010137876461045865,-0.016811469249153135,0.2185295038831862,-0.736439687866422,0.47630799605133267,109.35093780848963,liquidity
industry,3d,log_total_mv,半导体,2026,-0.0037787060814161166,-0.0065408417644903785,0.2331250234359073,-0.2573087115665136,0.4901283316880553,109.35093780848963,size
industry,3d,stock_ret_1d,半导体,2025,-0.010158373157354317,-0.011112540060745928,0.18299345152226387,-0.8812292093222889,0.4785185185185185,109.38024691358025,price_momentum_reversal
industry,3d,stock_rel_industry_ret_1d,半导体,2025,-0.010158373157354317,-0.011112540060745928,0.18299345152226387,-0.8812292093222889,0.4785185185185185,109.38024691358025,relative_strength
industry,3d,stock_ret_5d,半导体,2021,-0.02622924835415228,-0.022450170852162013,0.1878755964104808,-2.216234664228031,0.44680851063829785,109.49678377041069,price_momentum_reversal
industry,3d,stock_rel_industry_ret_5d,半导体,2021,-0.02622924835415228,-0.022450170852162013,0.1878755964104808,-2.216234664228031,0.44680851063829785,109.49678377041069,relative_strength
industry,3d,industry_ret_5d,半导体,907,1.0477386831865627e-17,2.6098130655836214e-17,1.7405398284943162e-16,0.9555849108349164,0.545755237045204,106.76626240352812,industry_strength
industry,3d,industry_breadth_20d,半导体,907,1.0477386831865627e-17,2.6098130655836214e-17,1.7405398284943162e-16,0.9555849108349164,0.545755237045204,106.76626240352812,industry_breadth
industry,3d,industry_amount_share_roll20d,半导体,907,1.0477386831865627e-17,2.6098130655836214e-17,1.7405398284943162e-16,0.9555849108349164,0.545755237045204,106.76626240352812,industry_crowding
industry,3d,stock_ret_20d,半导体,2006,-0.03647888795919117,-0.03135560343018327,0.19625539236674827,-2.9506674282003824,0.43469591226321036,109.93868394815553,price_momentum
industry,3d,stock_rel_industry_ret_20d,半导体,2006,-0.03647888795919117,-0.03135560343018327,0.19625539236674827,-2.9506674282003824,0.43469591226321036,109.93868394815553,relative_strength
industry,3d,industry_ret_20d,半导体,907,1.0477386831865627e-17,2.6098130655836214e-17,1.7405398284943162e-16,0.9555849108349164,0.545755237045204,106.76626240352812,industry_strength
industry,3d,industry_breadth_60d,半导体,907,1.0477386831865627e-17,2.6098130655836214e-17,1.7405398284943162e-16,0.9555849108349164,0.545755237045204,106.76626240352812,industry_breadth
industry,3d,industry_amount_share_roll60d,半导体,907,1.0477386831865627e-17,2.6098130655836214e-17,1.7405398284943162e-16,0.9555849108349164,0.545755237045204,106.76626240352812,industry_crowding
industry,3d,stock_ret_60d,半导体,1966,-0.017065644698687224,-0.017250736879219852,0.20871165251722254,-1.2980047244459927,0.46897253306205494,111.17395727365208,price_momentum
industry,3d,stock_rel_industry_ret_60d,半导体,1966,-0.017065644698687224,-0.017250736879219852,0.20871165251722254,-1.2980047244459927,0.46897253306205494,111.17395727365208,relative_strength
industry,3d,industry_ret_60d,半导体,906,1.0329259599015829e-17,2.5456890233822915e-17,1.7409290841201807e-16,0.9418644001883791,0.5452538631346578,106.84105960264901,industry_strength
industry,3d,industry_crowding_score,半导体,906,1.0329259599015829e-17,2.5456890233822915e-17,1.7409290841201807e-16,0.9418644001883791,0.5452538631346578,106.84105960264901,industry_crowding
industry,3d,stock_ret_5d,文教休闲,1904,-0.019375607191747753,-0.021857774578362812,0.21874989783711482,-1.4060725596793795,0.46165966386554624,41.34506302521008,price_momentum_reversal
industry,3d,stock_rel_industry_ret_5d,文教休闲,1904,-0.019375607191747753,-0.021857774578362812,0.21874989783711482,-1.4060725596793795,0.46165966386554624,41.34506302521008,relative_strength
industry,3d,industry_ret_60d,文教休闲,494,5.675856808869827e-17,1.0559472281917566e-16,1.8197274192193091e-16,4.951369782598992,0.7732793522267206,42.39473684210526,industry_strength
industry,3d,industry_crowding_score,文教休闲,494,5.675856808869827e-17,1.0559472281917566e-16,1.8197274192193091e-16,4.951369782598992,0.7732793522267206,42.39473684210526,industry_crowding
industry,3d,industry_amount_share,电器仪表,1143,4.980756118353155e-18,1.538447073383675e-17,2.316965222780449e-16,0.3412526498195406,0.5249343832020997,76.1583552055993,industry_crowding
industry,3d,stock_amount_share_in_industry,电器仪表,2026,-0.05210552716348133,-0.05356896429418566,0.18878256396687568,-4.381493626625859,0.38943731490621913,70.15844027640671,liquidity_crowding
industry,3d,turnover_rate,电器仪表,2026,-0.05400799616482676,-0.05740176972810991,0.19507139253374184,-4.39505941302015,0.3899308983218164,69.89930898321816,liquidity
industry,3d,log_amount,电器仪表,2026,-0.05210552716348133,-0.05356896429418566,0.18878256396687568,-4.381493626625859,0.38943731490621913,70.15844027640671,liquidity
industry,3d,log_total_mv,电器仪表,2026,-0.021947026215522348,-0.02382096215739239,0.2112624522614102,-1.6491252305971769,0.4600197433366239,69.89930898321816,size
industry,3d,stock_ret_1d,电器仪表,2025,-0.014335200832327496,-0.010923608833750499,0.1796854880798971,-1.2664587486210446,0.4785185185185185,70.17185185185186,price_momentum_reversal
industry,3d,stock_rel_industry_ret_1d,电器仪表,2025,-0.014335200832327496,-0.010923608833750499,0.1796854880798971,-1.2664587486210446,0.4785185185185185,70.17185185185186,relative_strength
industry,3d,stock_ret_5d,电器仪表,2021,-0.030790160850495563,-0.03368185808923296,0.18679819233214323,-2.6166133864905885,0.4250371103414151,70.22612568035626,price_momentum_reversal
industry,3d,stock_rel_industry_ret_5d,电器仪表,2021,-0.030790160850495563,-0.03368185808923296,0.18679819233214323,-2.6166133864905885,0.4250371103414151,70.22612568035626,relative_strength
industry,3d,industry_ret_5d,电器仪表,1139,4.6762041040744995e-18,1.538447073383675e-17,2.320418551168834e-16,0.319909693867825,0.5232660228270413,76.27480245829675,industry_strength
industry,3d,industry_breadth_20d,电器仪表,1137,4.8732725106109885e-18,1.538447073383675e-17,2.3207696028036055e-16,0.3333411585160742,0.523306948109059,76.33333333333333,industry_breadth
industry,3d,industry_amount_share_roll20d,电器仪表,1137,4.8732725106109885e-18,1.538447073383675e-17,2.3207696028036055e-16,0.3333411585160742,0.523306948109059,76.33333333333333,industry_crowding
industry,3d,stock_ret_20d,电器仪表,2006,-0.053031921504715175,-0.050914666318994904,0.18911359161695054,-4.451587259795827,0.38883349950149554,70.4356929212363,price_momentum
industry,3d,stock_rel_industry_ret_20d,电器仪表,2006,-0.053031921504715175,-0.050914666318994904,0.18911359161695054,-4.451587259795827,0.38883349950149554,70.4356929212363,relative_strength
industry,3d,industry_ret_20d,电器仪表,1133,4.629901664414754e-18,1.523213423326809e-17,2.324490546651885e-16,0.31618717700623006,0.5216240070609003,76.45101500441307,industry_strength
industry,3d,stock_ret_60d,电器仪表,1966,-0.03618267611821603,-0.04145499932536499,0.1952790231536809,-2.941340894631295,0.4150559511698881,71.01525940996949,price_momentum
industry,3d,stock_rel_industry_ret_60d,电器仪表,1966,-0.03618267611821603,-0.04145499932536499,0.1952790231536809,-2.941340894631295,0.4150559511698881,71.01525940996949,relative_strength
industry,3d,industry_ret_60d,电器仪表,1129,3.768219876029174e-18,1.4936336478672817e-17,2.321903553438258e-16,0.25762756586389657,0.5199291408325952,76.58724534986715,industry_strength
industry,3d,industry_breadth_60d,电器仪表,1131,4.366282207996388e-18,1.4936336478672817e-17,2.325681004961748e-16,0.2980313340902342,0.5207780725022104,76.52077807250221,industry_breadth
industry,3d,industry_amount_share_roll60d,电器仪表,1131,4.366282207996388e-18,1.4936336478672817e-17,2.325681004961748e-16,0.2980313340902342,0.5207780725022104,76.52077807250221,industry_crowding
industry,3d,industry_crowding_score,电器仪表,1129,3.768219876029174e-18,1.4936336478672817e-17,2.321903553438258e-16,0.25762756586389657,0.5199291408325952,76.58724534986715,industry_crowding
industry,3d,stock_ret_60d,农业综合,1823,-0.01465566455585852,-0.016194331983805616,0.2544701455268104,-0.9142583771368242,0.4805266044980801,37.16950082281953,price_momentum
industry,3d,stock_rel_industry_ret_60d,农业综合,1823,-0.01465566455585852,-0.016194331983805616,0.2544701455268104,-0.9142583771368242,0.4805266044980801,37.16950082281953,relative_strength
industry,3d,stock_ret_20d,生物制药,1775,-0.02739440829951509,-0.020811924455545857,0.21963163952423023,-1.9800095787096668,0.4563380281690141,57.19492957746479,price_momentum
industry,3d,stock_ret_60d,生物制药,1775,-0.02704950073961253,-0.018265082320291386,0.23225330795800692,-1.8488327079090432,0.4692957746478873,57.18647887323944,price_momentum
industry,3d,stock_rel_industry_ret_20d,生物制药,1775,-0.02739440829951509,-0.020811924455545857,0.21963163952423023,-1.9800095787096668,0.4563380281690141,57.19492957746479,relative_strength
industry,3d,stock_rel_industry_ret_60d,生物制药,1775,-0.02704950073961253,-0.018265082320291386,0.23225330795800692,-1.8488327079090432,0.4692957746478873,57.18647887323944,relative_strength
industry,3d,industry_ret_20d,生物制药,1156,2.5323059259115114e-17,4.923759343438298e-17,2.106678570848015e-16,1.9081748348918968,0.5865051903114187,58.076989619377166,industry_strength
industry,3d,industry_ret_60d,生物制药,1156,2.5323059259115114e-17,4.923759343438298e-17,2.106678570848015e-16,1.9081748348918968,0.5865051903114187,58.076989619377166,industry_strength
industry,3d,industry_breadth_60d,生物制药,1156,2.5323059259115114e-17,4.923759343438298e-17,2.106678570848015e-16,1.9081748348918968,0.5865051903114187,58.076989619377166,industry_breadth
industry,3d,industry_amount_share_roll60d,生物制药,1156,2.5323059259115114e-17,4.923759343438298e-17,2.106678570848015e-16,1.9081748348918968,0.5865051903114187,58.076989619377166,industry_crowding
industry,3d,industry_crowding_score,生物制药,1156,2.5323059259115114e-17,4.923759343438298e-17,2.106678570848015e-16,1.9081748348918968,0.5865051903114187,58.076989619377166,industry_crowding
industry,3d,stock_ret_1d,仓储物流,1893,-0.007779928096985997,-0.004084321475625827,0.2223982671846299,-0.5553214570372742,0.49498151082937136,37.73481246698363,price_momentum_reversal
industry,3d,stock_rel_industry_ret_1d,仓储物流,1893,-0.007779928096985997,-0.004084321475625827,0.2223982671846299,-0.5553214570372742,0.49498151082937136,37.73481246698363,relative_strength
industry,3d,industry_ret_5d,仓储物流,668,5.1113730167165284e-17,8.946432084326663e-17,2.2041707412370343e-16,3.6812271229210456,0.6736526946107785,38.959580838323355,industry_strength
industry,3d,industry_ret_20d,仓储物流,668,5.1113730167165284e-17,8.946432084326663e-17,2.2041707412370343e-16,3.6812271229210456,0.6736526946107785,38.959580838323355,industry_strength
industry,3d,industry_ret_60d,仓储物流,668,5.1113730167165284e-17,8.946432084326663e-17,2.2041707412370343e-16,3.6812271229210456,0.6736526946107785,38.959580838323355,industry_strength
industry,3d,industry_breadth_20d,仓储物流,668,5.1113730167165284e-17,8.946432084326663e-17,2.2041707412370343e-16,3.6812271229210456,0.6736526946107785,38.959580838323355,industry_breadth
industry,3d,industry_breadth_60d,仓储物流,668,5.1113730167165284e-17,8.946432084326663e-17,2.2041707412370343e-16,3.6812271229210456,0.6736526946107785,38.959580838323355,industry_breadth
industry,3d,industry_amount_share,仓储物流,668,5.1113730167165284e-17,8.946432084326663e-17,2.2041707412370343e-16,3.6812271229210456,0.6736526946107785,38.959580838323355,industry_crowding
industry,3d,industry_amount_share_roll20d,仓储物流,668,5.1113730167165284e-17,8.946432084326663e-17,2.2041707412370343e-16,3.6812271229210456,0.6736526946107785,38.959580838323355,industry_crowding
industry,3d,industry_amount_share_roll60d,仓储物流,668,5.1113730167165284e-17,8.946432084326663e-17,2.2041707412370343e-16,3.6812271229210456,0.6736526946107785,38.959580838323355,industry_crowding
industry,3d,industry_crowding_score,仓储物流,668,5.1113730167165284e-17,8.946432084326663e-17,2.2041707412370343e-16,3.6812271229210456,0.6736526946107785,38.959580838323355,industry_crowding
industry,3d,stock_amount_share_in_industry,仓储物流,1893,-0.06568738925881443,-0.07823613086770981,0.23111959686244782,-4.511754916793628,0.38193343898573695,37.73481246698363,liquidity_crowding
industry,3d,turnover_rate,仓储物流,1893,-0.03983388346973494,-0.04136346233690276,0.2640146351589769,-2.3951069837787795,0.4400422609614369,37.73481246698363,liquidity
industry,3d,log_amount,仓储物流,1893,-0.06568738925881443,-0.07823613086770981,0.23111959686244782,-4.511754916793628,0.38193343898573695,37.73481246698363,liquidity
industry,3d,log_total_mv,仓储物流,1893,-0.020295013221108042,-0.031524926686217,0.29220380811049923,-1.1025638204724777,0.46275752773375595,37.73481246698363,size
industry,3d,stock_ret_5d,仓储物流,1892,-0.018634323217713595,-0.01895379049856006,0.23523893698837686,-1.2574904235306017,0.4693446088794926,37.73890063424947,price_momentum_reversal
industry,3d,stock_rel_industry_ret_5d,仓储物流,1892,-0.018634323217713595,-0.01895379049856006,0.23523893698837686,-1.2574904235306017,0.4693446088794926,37.73890063424947,relative_strength
industry,3d,stock_ret_20d,仓储物流,1890,-0.02794533530496294,-0.03131326744933932,0.23317975249050177,-1.9024741230289361,0.45661375661375664,37.74708994708995,price_momentum
industry,3d,stock_rel_industry_ret_20d,仓储物流,1890,-0.02794533530496294,-0.03131326744933932,0.23317975249050177,-1.9024741230289361,0.45661375661375664,37.74708994708995,relative_strength
industry,3d,stock_ret_60d,仓储物流,1871,-0.032963545021570395,-0.03918252290345311,0.22779082634620718,-2.2971954715754603,0.43559593800106894,37.812399786210584,price_momentum
industry,3d,stock_rel_industry_ret_60d,仓储物流,1871,-0.032963545021570395,-0.03918252290345311,0.22779082634620718,-2.2971954715754603,0.43559593800106894,37.812399786210584,relative_strength
industry,3d,stock_ret_20d,文教休闲,1899,-0.03894533270210423,-0.04255319148936167,0.22150280265043942,-2.791106852558857,0.42496050552922593,41.37440758293839,price_momentum
industry,3d,stock_rel_industry_ret_20d,文教休闲,1899,-0.03894533270210423,-0.04255319148936167,0.22150280265043942,-2.791106852558857,0.42496050552922593,41.37440758293839,relative_strength
industry,3d,stock_ret_60d,文教休闲,1867,-0.03425145933541786,-0.04041184041184037,0.22632650583671152,-2.402392325393946,0.4327798607391537,41.53722549544724,price_momentum
industry,3d,stock_rel_industry_ret_60d,文教休闲,1867,-0.03425145933541786,-0.04041184041184037,0.22632650583671152,-2.402392325393946,0.4327798607391537,41.53722549544724,relative_strength
industry,3d,stock_ret_60d,火力发电,824,-0.003812093254935257,0.022647818913525155,0.2914132530902316,-0.20766078317012943,0.5194174757281553,30.37135922330097,price_momentum
industry,3d,stock_rel_industry_ret_60d,火力发电,824,-0.003812093254935257,0.022647818913525155,0.2914132530902316,-0.20766078317012943,0.5194174757281553,30.37135922330097,relative_strength
industry,3d,stock_ret_1d,影视音像,1622,0.0038189996742726984,0.008231368186874295,0.2505885672357522,0.24192939462373012,0.5098643649815043,31.62392108508015,price_momentum_reversal
industry,3d,stock_rel_industry_ret_1d,影视音像,1622,0.0038189996742726984,0.008231368186874295,0.2505885672357522,0.24192939462373012,0.5098643649815043,31.62392108508015,relative_strength
industry,3d,industry_ret_5d,影视音像,810,3.6640315068503314e-17,4.344434768182729e-17,1.69174736288545e-16,3.4381432035443806,0.782716049382716,30.601234567901233,industry_strength
industry,3d,industry_ret_20d,影视音像,810,3.6640315068503314e-17,4.344434768182729e-17,1.69174736288545e-16,3.4381432035443806,0.782716049382716,30.601234567901233,industry_strength
industry,3d,industry_ret_60d,影视音像,810,3.6640315068503314e-17,4.344434768182729e-17,1.69174736288545e-16,3.4381432035443806,0.782716049382716,30.601234567901233,industry_strength
industry,3d,industry_breadth_20d,影视音像,810,3.6640315068503314e-17,4.344434768182729e-17,1.69174736288545e-16,3.4381432035443806,0.782716049382716,30.601234567901233,industry_breadth
industry,3d,industry_breadth_60d,影视音像,810,3.6640315068503314e-17,4.344434768182729e-17,1.69174736288545e-16,3.4381432035443806,0.782716049382716,30.601234567901233,industry_breadth
industry,3d,industry_amount_share,影视音像,810,3.6640315068503314e-17,4.344434768182729e-17,1.69174736288545e-16,3.4381432035443806,0.782716049382716,30.601234567901233,industry_crowding
industry,3d,industry_amount_share_roll20d,影视音像,810,3.6640315068503314e-17,4.344434768182729e-17,1.69174736288545e-16,3.4381432035443806,0.782716049382716,30.601234567901233,industry_crowding
industry,3d,industry_amount_share_roll60d,影视音像,810,3.6640315068503314e-17,4.344434768182729e-17,1.69174736288545e-16,3.4381432035443806,0.782716049382716,30.601234567901233,industry_crowding
industry,3d,industry_crowding_score,影视音像,810,3.6640315068503314e-17,4.344434768182729e-17,1.69174736288545e-16,3.4381432035443806,0.782716049382716,30.601234567901233,industry_crowding
industry,3d,stock_amount_share_in_industry,影视音像,1622,-0.058787398620126496,-0.05443645048271102,0.23722411142039432,-3.9339214561788793,0.40998766954377314,31.62392108508015,liquidity_crowding
industry,3d,turnover_rate,影视音像,1595,-0.05518582119253308,-0.06362998798061065,0.28770557936741376,-3.044945303320545,0.42570532915360504,31.527899686520374,liquidity
industry,3d,log_amount,影视音像,1622,-0.058787398620126496,-0.05443645048271102,0.23722411142039432,-3.9339214561788793,0.40998766954377314,31.62392108508015,liquidity
industry,3d,log_total_mv,影视音像,1595,-0.0071455073177051475,-0.008708938120702829,0.25032109187934265,-0.45314364551795433,0.4871473354231975,31.527899686520374,size
industry,3d,stock_ret_5d,影视音像,1621,-0.02670804977418179,-0.026069518716577506,0.2532291359218104,-1.6742826400791038,0.4571252313386798,31.624922887106724,price_momentum_reversal
industry,3d,stock_rel_industry_ret_5d,影视音像,1621,-0.02670804977418179,-0.026069518716577506,0.2532291359218104,-1.6742826400791038,0.4571252313386798,31.624922887106724,relative_strength
industry,3d,stock_ret_20d,影视音像,1612,-0.041275361736483954,-0.034274193548387094,0.26173411452366685,-2.5034033326769802,0.44292803970223327,31.633995037220842,price_momentum
industry,3d,stock_rel_industry_ret_20d,影视音像,1612,-0.041275361736483954,-0.034274193548387094,0.26173411452366685,-2.5034033326769802,0.44292803970223327,31.633995037220842,relative_strength
industry,3d,stock_ret_60d,影视音像,1580,-0.03827735717328937,-0.03859844271412678,0.2631452739136078,-2.3091207321146787,0.4468354430379747,31.667088607594938,price_momentum
industry,3d,stock_rel_industry_ret_60d,影视音像,1580,-0.03827735717328937,-0.03859844271412678,0.2631452739136078,-2.3091207321146787,0.4468354430379747,31.667088607594938,relative_strength
industry,3d,stock_ret_1d,供气供热,1510,-0.0142823476669856,-0.014019472616655045,0.23686799000966074,-0.9571797370374849,0.476158940397351,37.24503311258278,price_momentum_reversal
industry,3d,stock_ret_5d,供气供热,1510,-0.04525023905195508,-0.040128174540330984,0.2556779938749706,-2.80949198990292,0.43443708609271525,37.24503311258278,price_momentum_reversal
industry,3d,stock_rel_industry_ret_1d,供气供热,1510,-0.0142823476669856,-0.014019472616655045,0.23686799000966074,-0.9571797370374849,0.476158940397351,37.24503311258278,relative_strength
industry,3d,stock_rel_industry_ret_5d,供气供热,1510,-0.04525023905195508,-0.040128174540330984,0.2556779938749706,-2.80949198990292,0.43443708609271525,37.24503311258278,relative_strength
industry,3d,industry_ret_5d,供气供热,726,6.830264316706352e-17,1.403797432809269e-16,2.240953779235889e-16,4.838434671420672,0.7534435261707989,34.5633608815427,industry_strength
industry,3d,industry_ret_20d,供气供热,726,6.830264316706352e-17,1.403797432809269e-16,2.240953779235889e-16,4.838434671420672,0.7534435261707989,34.5633608815427,industry_strength
industry,3d,industry_ret_60d,供气供热,726,6.830264316706352e-17,1.403797432809269e-16,2.240953779235889e-16,4.838434671420672,0.7534435261707989,34.5633608815427,industry_strength
industry,3d,industry_breadth_20d,供气供热,726,6.830264316706352e-17,1.403797432809269e-16,2.240953779235889e-16,4.838434671420672,0.7534435261707989,34.5633608815427,industry_breadth
industry,3d,industry_breadth_60d,供气供热,726,6.830264316706352e-17,1.403797432809269e-16,2.240953779235889e-16,4.838434671420672,0.7534435261707989,34.5633608815427,industry_breadth
industry,3d,industry_amount_share,供气供热,726,6.830264316706352e-17,1.403797432809269e-16,2.240953779235889e-16,4.838434671420672,0.7534435261707989,34.5633608815427,industry_crowding
industry,3d,industry_amount_share_roll20d,供气供热,726,6.830264316706352e-17,1.403797432809269e-16,2.240953779235889e-16,4.838434671420672,0.7534435261707989,34.5633608815427,industry_crowding
industry,3d,industry_amount_share_roll60d,供气供热,726,6.830264316706352e-17,1.403797432809269e-16,2.240953779235889e-16,4.838434671420672,0.7534435261707989,34.5633608815427,industry_crowding
industry,3d,industry_crowding_score,供气供热,726,6.830264316706352e-17,1.403797432809269e-16,2.240953779235889e-16,4.838434671420672,0.7534435261707989,34.5633608815427,industry_crowding
industry,3d,stock_amount_share_in_industry,供气供热,1510,-0.08024776355733268,-0.08785681945627949,0.24610001374548757,-5.176325407150625,0.3649006622516556,37.24503311258278,liquidity_crowding
industry,3d,turnover_rate,供气供热,1449,-0.04811748815898159,-0.058743581999395944,0.28877673205806653,-2.6450934562725483,0.432712215320911,37.45893719806763,liquidity
industry,3d,log_amount,供气供热,1510,-0.08024776355733268,-0.08785681945627949,0.24610001374548757,-5.176325407150625,0.3649006622516556,37.24503311258278,liquidity
industry,3d,log_total_mv,供气供热,1449,-0.026143594036625473,-0.026370500054710526,0.2601858781480286,-1.595077688858795,0.45134575569358176,37.45893719806763,size
industry,3d,stock_ret_20d,供气供热,1500,-0.04709999310662715,-0.04165062740622698,0.25626069885061636,-2.9176897371758397,0.438,37.29333333333334,price_momentum
industry,3d,stock_rel_industry_ret_20d,供气供热,1500,-0.04709999310662715,-0.04165062740622698,0.25626069885061636,-2.9176897371758397,0.438,37.29333333333334,relative_strength
industry,3d,stock_ret_60d,供气供热,1464,-0.02756560352490433,-0.02102025866913683,0.2555681517759483,-1.7122258268762731,0.4719945355191257,37.47267759562842,price_momentum
industry,3d,stock_rel_industry_ret_60d,供气供热,1464,-0.02756560352490433,-0.02102025866913683,0.2555681517759483,-1.7122258268762731,0.4719945355191257,37.47267759562842,relative_strength
industry,3d,stock_ret_1d,银行,1694,0.0009588183384376171,0.008771975506215206,0.27415963666772725,0.055517907161555205,0.512987012987013,39.421487603305785,price_momentum_reversal
industry,3d,stock_ret_5d,银行,1694,-0.005068690303733039,0.0017423343128342172,0.27127158588841604,-0.2966140513219463,0.5047225501770957,39.421487603305785,price_momentum_reversal
industry,3d,stock_ret_20d,银行,1694,0.002980890148315156,0.014336679737025671,0.29052019758174286,0.16288080657439227,0.5182998819362455,39.421487603305785,price_momentum
industry,3d,stock_ret_60d,银行,1694,0.0051396109013498795,0.01961572322942481,0.30857150178702825,0.2644080649416591,0.5271546635182999,39.421487603305785,price_momentum
industry,3d,stock_rel_industry_ret_1d,银行,1694,0.0009588183384376171,0.008771975506215206,0.27415963666772725,0.055517907161555205,0.512987012987013,39.421487603305785,relative_strength
industry,3d,stock_rel_industry_ret_5d,银行,1694,-0.005068690303733039,0.0017423343128342172,0.27127158588841604,-0.2966140513219463,0.5047225501770957,39.421487603305785,relative_strength
industry,3d,stock_rel_industry_ret_20d,银行,1694,0.002980890148315156,0.014336679737025671,0.29052019758174286,0.16288080657439227,0.5182998819362455,39.421487603305785,relative_strength
industry,3d,stock_rel_industry_ret_60d,银行,1694,0.0051396109013498795,0.01961572322942481,0.30857150178702825,0.2644080649416591,0.5271546635182999,39.421487603305785,relative_strength
industry,3d,industry_ret_5d,银行,166,3.934597516292444e-17,1.307559604416936e-16,2.5185845715556553e-16,2.4799563980840924,0.6867469879518072,34.83734939759036,industry_strength
industry,3d,industry_ret_20d,银行,166,3.934597516292444e-17,1.307559604416936e-16,2.5185845715556553e-16,2.4799563980840924,0.6867469879518072,34.83734939759036,industry_strength
industry,3d,industry_ret_60d,银行,166,3.934597516292444e-17,1.307559604416936e-16,2.5185845715556553e-16,2.4799563980840924,0.6867469879518072,34.83734939759036,industry_strength
industry,3d,industry_breadth_20d,银行,166,3.934597516292444e-17,1.307559604416936e-16,2.5185845715556553e-16,2.4799563980840924,0.6867469879518072,34.83734939759036,industry_breadth
industry,3d,industry_breadth_60d,银行,166,3.934597516292444e-17,1.307559604416936e-16,2.5185845715556553e-16,2.4799563980840924,0.6867469879518072,34.83734939759036,industry_breadth
industry,3d,industry_amount_share,银行,166,3.934597516292444e-17,1.307559604416936e-16,2.5185845715556553e-16,2.4799563980840924,0.6867469879518072,34.83734939759036,industry_crowding
industry,3d,industry_amount_share_roll20d,银行,166,3.934597516292444e-17,1.307559604416936e-16,2.5185845715556553e-16,2.4799563980840924,0.6867469879518072,34.83734939759036,industry_crowding
industry,3d,industry_amount_share_roll60d,银行,166,3.934597516292444e-17,1.307559604416936e-16,2.5185845715556553e-16,2.4799563980840924,0.6867469879518072,34.83734939759036,industry_crowding
industry,3d,industry_crowding_score,银行,166,3.934597516292444e-17,1.307559604416936e-16,2.5185845715556553e-16,2.4799563980840924,0.6867469879518072,34.83734939759036,industry_crowding
industry,3d,stock_amount_share_in_industry,银行,1694,0.014468306860378673,0.008847175104765782,0.3254111570956306,0.7058063193601362,0.5076741440377804,39.421487603305785,liquidity_crowding
industry,3d,turnover_rate,银行,1694,-0.022185495323749742,-0.027170393168775918,0.3254962146403485,-1.0819905246078172,0.47520661157024796,39.421487603305785,liquidity
industry,3d,log_amount,银行,1694,0.014468306860378673,0.008847175104765782,0.3254111570956306,0.7058063193601362,0.5076741440377804,39.421487603305785,liquidity
industry,3d,log_total_mv,银行,1694,0.023164718607926064,0.025581049209135176,0.3608211924418931,1.0191433193697332,0.5224321133412042,39.421487603305785,size
industry,3d,stock_ret_1d,航空,1516,-0.013017381091601624,-0.012318913098518153,0.21564585115541932,-0.9582587257357552,0.4683377308707124,43.28825857519789,price_momentum_reversal
industry,3d,stock_ret_5d,航空,1516,-0.031215258689448817,-0.03050279938959826,0.22907132189315546,-2.1631990662196614,0.44063324538258575,43.28825857519789,price_momentum_reversal
industry,3d,stock_ret_20d,航空,1516,-0.03726736335233278,-0.04307354301572619,0.23355011001189155,-2.5330797432123124,0.4287598944591029,43.28825857519789,price_momentum
industry,3d,stock_ret_60d,航空,1516,-0.031372159398509215,-0.035329213091342015,0.24651763557405018,-2.0202108055981314,0.4478891820580475,43.28825857519789,price_momentum
industry,3d,stock_rel_industry_ret_1d,航空,1516,-0.013017381091601624,-0.012318913098518153,0.21564585115541932,-0.9582587257357552,0.4683377308707124,43.28825857519789,relative_strength
industry,3d,stock_rel_industry_ret_5d,航空,1516,-0.031215258689448817,-0.03050279938959826,0.22907132189315546,-2.1631990662196614,0.44063324538258575,43.28825857519789,relative_strength
industry,3d,stock_rel_industry_ret_20d,航空,1516,-0.03726736335233278,-0.04307354301572619,0.23355011001189155,-2.5330797432123124,0.4287598944591029,43.28825857519789,relative_strength
industry,3d,stock_rel_industry_ret_60d,航空,1516,-0.031372159398509215,-0.035329213091342015,0.24651763557405018,-2.0202108055981314,0.4478891820580475,43.28825857519789,relative_strength
industry,3d,industry_ret_5d,航空,387,7.69452738592981e-17,1.3741057499859129e-16,1.991628508963682e-16,6.133013007512865,0.7596899224806202,35.72868217054263,industry_strength
industry,3d,industry_ret_20d,航空,387,7.69452738592981e-17,1.3741057499859129e-16,1.991628508963682e-16,6.133013007512865,0.7596899224806202,35.72868217054263,industry_strength
industry,3d,industry_ret_60d,航空,387,7.69452738592981e-17,1.3741057499859129e-16,1.991628508963682e-16,6.133013007512865,0.7596899224806202,35.72868217054263,industry_strength
industry,3d,industry_breadth_20d,航空,387,7.69452738592981e-17,1.3741057499859129e-16,1.991628508963682e-16,6.133013007512865,0.7596899224806202,35.72868217054263,industry_breadth
industry,3d,industry_breadth_60d,航空,387,7.69452738592981e-17,1.3741057499859129e-16,1.991628508963682e-16,6.133013007512865,0.7596899224806202,35.72868217054263,industry_breadth
industry,3d,industry_amount_share,航空,387,7.69452738592981e-17,1.3741057499859129e-16,1.991628508963682e-16,6.133013007512865,0.7596899224806202,35.72868217054263,industry_crowding
industry,3d,industry_amount_share_roll20d,航空,387,7.69452738592981e-17,1.3741057499859129e-16,1.991628508963682e-16,6.133013007512865,0.7596899224806202,35.72868217054263,industry_crowding
industry,3d,industry_amount_share_roll60d,航空,387,7.69452738592981e-17,1.3741057499859129e-16,1.991628508963682e-16,6.133013007512865,0.7596899224806202,35.72868217054263,industry_crowding
industry,3d,industry_crowding_score,航空,387,7.69452738592981e-17,1.3741057499859129e-16,1.991628508963682e-16,6.133013007512865,0.7596899224806202,35.72868217054263,industry_crowding
industry,3d,stock_amount_share_in_industry,航空,1516,-0.009522140534084239,-0.012748883337118638,0.2536944814262467,-0.5958320179586268,0.4861477572559367,43.28825857519789,liquidity_crowding
industry,3d,turnover_rate,航空,1516,-0.028823545376465063,-0.028724762632325644,0.2483535178372328,-1.842372122611731,0.4505277044854881,43.28825857519789,liquidity
industry,3d,log_amount,航空,1516,-0.009522140534084239,-0.012748883337118638,0.2536944814262467,-0.5958320179586268,0.4861477572559367,43.28825857519789,liquidity
industry,3d,log_total_mv,航空,1516,0.0035693752991760442,-0.003550934115718187,0.2742649289025717,0.2065961422467829,0.49274406332453824,43.28825857519789,size
industry,3d,stock_ret_1d,运输设备,1282,-0.019527305334852377,-0.019294652579744845,0.22330909749683628,-1.3881492765956713,0.4625585023400936,43.41497659906396,price_momentum_reversal
industry,3d,stock_ret_5d,运输设备,1282,-0.043321308086929126,-0.047270449290542624,0.232989101898189,-2.951659285371494,0.4235569422776911,43.41497659906396,price_momentum_reversal
industry,3d,stock_ret_20d,运输设备,1282,-0.0593782133390223,-0.0566641182299199,0.22193011755734618,-4.247282546041918,0.39469578783151327,43.41497659906396,price_momentum
industry,3d,stock_ret_60d,运输设备,1282,-0.03601570182668392,-0.0240879852458279,0.23250481142358126,-2.459009508063778,0.45553822152886114,43.41497659906396,price_momentum
industry,3d,stock_rel_industry_ret_1d,运输设备,1282,-0.019527305334852377,-0.019294652579744845,0.22330909749683628,-1.3881492765956713,0.4625585023400936,43.41497659906396,relative_strength
industry,3d,stock_rel_industry_ret_5d,运输设备,1282,-0.043321308086929126,-0.047270449290542624,0.232989101898189,-2.951659285371494,0.4235569422776911,43.41497659906396,relative_strength
industry,3d,stock_rel_industry_ret_20d,运输设备,1282,-0.0593782133390223,-0.0566641182299199,0.22193011755734618,-4.247282546041918,0.39469578783151327,43.41497659906396,relative_strength
industry,3d,stock_rel_industry_ret_60d,运输设备,1282,-0.03601570182668392,-0.0240879852458279,0.23250481142358126,-2.459009508063778,0.45553822152886114,43.41497659906396,relative_strength
industry,3d,industry_ret_5d,运输设备,387,2.5872645332642778e-17,7.15714566746133e-17,2.3236396144982075e-16,1.7675525468521813,0.648578811369509,40.2609819121447,industry_strength
industry,3d,industry_ret_20d,运输设备,387,2.5872645332642778e-17,7.15714566746133e-17,2.3236396144982075e-16,1.7675525468521813,0.648578811369509,40.2609819121447,industry_strength
industry,3d,industry_ret_60d,运输设备,387,2.5872645332642778e-17,7.15714566746133e-17,2.3236396144982075e-16,1.7675525468521813,0.648578811369509,40.2609819121447,industry_strength
industry,3d,industry_breadth_20d,运输设备,387,2.5872645332642778e-17,7.15714566746133e-17,2.3236396144982075e-16,1.7675525468521813,0.648578811369509,40.2609819121447,industry_breadth
industry,3d,industry_breadth_60d,运输设备,387,2.5872645332642778e-17,7.15714566746133e-17,2.3236396144982075e-16,1.7675525468521813,0.648578811369509,40.2609819121447,industry_breadth
industry,3d,industry_amount_share,运输设备,387,2.5872645332642778e-17,7.15714566746133e-17,2.3236396144982075e-16,1.7675525468521813,0.648578811369509,40.2609819121447,industry_crowding
industry,3d,industry_amount_share_roll20d,运输设备,387,2.5872645332642778e-17,7.15714566746133e-17,2.3236396144982075e-16,1.7675525468521813,0.648578811369509,40.2609819121447,industry_crowding
industry,3d,industry_amount_share_roll60d,运输设备,387,2.5872645332642778e-17,7.15714566746133e-17,2.3236396144982075e-16,1.7675525468521813,0.648578811369509,40.2609819121447,industry_crowding
industry,3d,industry_crowding_score,运输设备,387,2.5872645332642778e-17,7.15714566746133e-17,2.3236396144982075e-16,1.7675525468521813,0.648578811369509,40.2609819121447,industry_crowding
industry,3d,stock_amount_share_in_industry,运输设备,1282,-0.06602765583810104,-0.07278173769390128,0.23135185870493627,-4.530573248334574,0.38065522620904835,43.41497659906396,liquidity_crowding
industry,3d,turnover_rate,运输设备,1282,-0.06247904700983315,-0.06227066395730207,0.24741227984934006,-4.008791010074187,0.4001560062402496,43.41497659906396,liquidity
industry,3d,log_amount,运输设备,1282,-0.06602765583810104,-0.07278173769390128,0.23135185870493627,-4.530573248334574,0.38065522620904835,43.41497659906396,liquidity
industry,3d,log_total_mv,运输设备,1282,-0.021580450660316823,-0.039797223105616196,0.28415166550663956,-1.2056203617760703,0.453198127925117,43.41497659906396,size
industry,3d,stock_ret_1d,纺织,1280,-0.018820316628266272,-0.018421052631578956,0.2162672098631091,-1.381454287741659,0.4640625,38.13828125,price_momentum_reversal
industry,3d,stock_ret_5d,纺织,1280,-0.028270849275916228,-0.024269496506267075,0.22546602773973787,-1.9904808884912613,0.459375,38.13828125,price_momentum_reversal
industry,3d,stock_ret_20d,纺织,1280,-0.03526692560759169,-0.03567732164062689,0.23739163413354586,-2.358318522994264,0.4328125,38.13828125,price_momentum
industry,3d,stock_ret_60d,纺织,1280,-0.026461388904879195,-0.025553207743921176,0.2424038484250643,-1.7328995766991748,0.459375,38.13828125,price_momentum
industry,3d,stock_rel_industry_ret_1d,纺织,1280,-0.018820316628266272,-0.018421052631578956,0.2162672098631091,-1.381454287741659,0.4640625,38.13828125,relative_strength
industry,3d,stock_rel_industry_ret_5d,纺织,1280,-0.028270849275916228,-0.024269496506267075,0.22546602773973787,-1.9904808884912613,0.459375,38.13828125,relative_strength
industry,3d,stock_rel_industry_ret_20d,纺织,1280,-0.03526692560759169,-0.03567732164062689,0.23739163413354586,-2.358318522994264,0.4328125,38.13828125,relative_strength
industry,3d,stock_rel_industry_ret_60d,纺织,1280,-0.026461388904879195,-0.025553207743921176,0.2424038484250643,-1.7328995766991748,0.459375,38.13828125,relative_strength
industry,3d,industry_ret_5d,纺织,388,9.452148245079493e-17,1.4678039729849783e-16,2.05931288235721e-16,7.286323654665904,0.7912371134020618,35.68556701030928,industry_strength
industry,3d,industry_ret_20d,纺织,388,9.452148245079493e-17,1.4678039729849783e-16,2.05931288235721e-16,7.286323654665904,0.7912371134020618,35.68556701030928,industry_strength
industry,3d,industry_ret_60d,纺织,388,9.452148245079493e-17,1.4678039729849783e-16,2.05931288235721e-16,7.286323654665904,0.7912371134020618,35.68556701030928,industry_strength
industry,3d,industry_breadth_20d,纺织,388,9.452148245079493e-17,1.4678039729849783e-16,2.05931288235721e-16,7.286323654665904,0.7912371134020618,35.68556701030928,industry_breadth
industry,3d,industry_breadth_60d,纺织,388,9.452148245079493e-17,1.4678039729849783e-16,2.05931288235721e-16,7.286323654665904,0.7912371134020618,35.68556701030928,industry_breadth
industry,3d,industry_amount_share,纺织,388,9.452148245079493e-17,1.4678039729849783e-16,2.05931288235721e-16,7.286323654665904,0.7912371134020618,35.68556701030928,industry_crowding
industry,3d,industry_amount_share_roll20d,纺织,388,9.452148245079493e-17,1.4678039729849783e-16,2.05931288235721e-16,7.286323654665904,0.7912371134020618,35.68556701030928,industry_crowding
industry,3d,industry_amount_share_roll60d,纺织,388,9.452148245079493e-17,1.4678039729849783e-16,2.05931288235721e-16,7.286323654665904,0.7912371134020618,35.68556701030928,industry_crowding
industry,3d,industry_crowding_score,纺织,388,9.452148245079493e-17,1.4678039729849783e-16,2.05931288235721e-16,7.286323654665904,0.7912371134020618,35.68556701030928,industry_crowding
industry,3d,stock_amount_share_in_industry,纺织,1280,-0.08040805660762863,-0.08093837847764973,0.2110158987679298,-6.0490149538093885,0.340625,38.13828125,liquidity_crowding
industry,3d,turnover_rate,纺织,1280,-0.06433300090454173,-0.06790539428536861,0.23877994334933347,-4.276970312508098,0.390625,38.13828125,liquidity
industry,3d,log_amount,纺织,1280,-0.08040805660762863,-0.08093837847764973,0.2110158987679298,-6.0490149538093885,0.340625,38.13828125,liquidity
industry,3d,log_total_mv,纺织,1280,-0.03848826905878065,-0.05995960930731205,0.25988187832482507,-2.3510001308116992,0.4140625,38.13828125,size
industry,3d,stock_ret_1d,医药商业,964,-0.006511265415746064,-0.005042762516258371,0.2615640319602036,-0.39517334737417004,0.49066390041493774,33.878630705394194,price_momentum_reversal
industry,3d,stock_ret_5d,医药商业,964,-0.033651951540929904,-0.04326617010440535,0.27056745200476523,-1.9743992320494477,0.4367219917012448,33.878630705394194,price_momentum_reversal
industry,3d,stock_ret_20d,医药商业,964,-0.03336215559816403,-0.04537815126050425,0.2901117394749158,-1.8255304057714359,0.4429460580912863,33.878630705394194,price_momentum
industry,3d,stock_ret_60d,医药商业,964,-0.0384449004639399,-0.035675780576160096,0.2893763719133907,-2.1089969122287524,0.4460580912863071,33.878630705394194,price_momentum
industry,3d,stock_rel_industry_ret_1d,医药商业,964,-0.006511265415746064,-0.005042762516258371,0.2615640319602036,-0.39517334737417004,0.49066390041493774,33.878630705394194,relative_strength
industry,3d,stock_rel_industry_ret_5d,医药商业,964,-0.033651951540929904,-0.04326617010440535,0.27056745200476523,-1.9743992320494477,0.4367219917012448,33.878630705394194,relative_strength
industry,3d,stock_rel_industry_ret_20d,医药商业,964,-0.03336215559816403,-0.04537815126050425,0.2901117394749158,-1.8255304057714359,0.4429460580912863,33.878630705394194,relative_strength
industry,3d,stock_rel_industry_ret_60d,医药商业,964,-0.0384449004639399,-0.035675780576160096,0.2893763719133907,-2.1089969122287524,0.4460580912863071,33.878630705394194,relative_strength
industry,3d,industry_ret_5d,医药商业,439,1.1728877953826556e-16,1.538998439984223e-16,1.2939559839024883e-16,14.389219390630391,0.8929384965831435,34.37357630979499,industry_strength
industry,3d,industry_ret_20d,医药商业,439,1.1728877953826556e-16,1.538998439984223e-16,1.2939559839024883e-16,14.389219390630391,0.8929384965831435,34.37357630979499,industry_strength
industry,3d,industry_ret_60d,医药商业,439,1.1728877953826556e-16,1.538998439984223e-16,1.2939559839024883e-16,14.389219390630391,0.8929384965831435,34.37357630979499,industry_strength
industry,3d,industry_breadth_20d,医药商业,439,1.1728877953826556e-16,1.538998439984223e-16,1.2939559839024883e-16,14.389219390630391,0.8929384965831435,34.37357630979499,industry_breadth
industry,3d,industry_breadth_60d,医药商业,439,1.1728877953826556e-16,1.538998439984223e-16,1.2939559839024883e-16,14.389219390630391,0.8929384965831435,34.37357630979499,industry_breadth
industry,3d,industry_amount_share,医药商业,439,1.1728877953826556e-16,1.538998439984223e-16,1.2939559839024883e-16,14.389219390630391,0.8929384965831435,34.37357630979499,industry_crowding
industry,3d,industry_amount_share_roll20d,医药商业,439,1.1728877953826556e-16,1.538998439984223e-16,1.2939559839024883e-16,14.389219390630391,0.8929384965831435,34.37357630979499,industry_crowding
industry,3d,industry_amount_share_roll60d,医药商业,439,1.1728877953826556e-16,1.538998439984223e-16,1.2939559839024883e-16,14.389219390630391,0.8929384965831435,34.37357630979499,industry_crowding
industry,3d,industry_crowding_score,医药商业,439,1.1728877953826556e-16,1.538998439984223e-16,1.2939559839024883e-16,14.389219390630391,0.8929384965831435,34.37357630979499,industry_crowding
industry,3d,stock_amount_share_in_industry,医药商业,964,-0.08953358517569052,-0.09537318878594045,0.2580232352141586,-5.508424855605355,0.3651452282157676,33.878630705394194,liquidity_crowding
industry,3d,turnover_rate,医药商业,964,-0.07191321021161276,-0.0766120586339856,0.33076987174408856,-3.451302306289418,0.4087136929460581,33.878630705394194,liquidity
industry,3d,log_amount,医药商业,964,-0.08953358517569052,-0.09537318878594045,0.2580232352141586,-5.508424855605355,0.3651452282157676,33.878630705394194,liquidity
industry,3d,log_total_mv,医药商业,964,-0.021749879926947272,-0.02933298584880408,0.3261500144746392,-1.0586191159594642,0.4678423236514523,33.878630705394194,size
industry,3d,stock_ret_1d,造纸,877,-0.021121989083734936,-0.01723031810004443,0.23015304660942168,-1.4568618004545504,0.4709236031927024,30.916761687571267,price_momentum_reversal
industry,3d,stock_ret_5d,造纸,877,-0.03480068903598213,-0.031854838709677445,0.23638565547941331,-2.3370445670106115,0.44469783352337516,30.916761687571267,price_momentum_reversal
industry,3d,stock_ret_20d,造纸,877,-0.004318182162139478,-0.011290322580645119,0.25062146935200574,-0.27351613921430756,0.4868871151653364,30.916761687571267,price_momentum
industry,3d,stock_ret_60d,造纸,877,-0.0061649644499200615,-0.00685483870967744,0.26086922202260765,-0.37515263739228794,0.48916761687571264,30.916761687571267,price_momentum
industry,3d,stock_rel_industry_ret_1d,造纸,877,-0.021121989083734936,-0.01723031810004443,0.23015304660942168,-1.4568618004545504,0.4709236031927024,30.916761687571267,relative_strength
industry,3d,stock_rel_industry_ret_5d,造纸,877,-0.03480068903598213,-0.031854838709677445,0.23638565547941331,-2.3370445670106115,0.44469783352337516,30.916761687571267,relative_strength
industry,3d,stock_rel_industry_ret_20d,造纸,877,-0.004318182162139478,-0.011290322580645119,0.25062146935200574,-0.27351613921430756,0.4868871151653364,30.916761687571267,relative_strength
industry,3d,stock_rel_industry_ret_60d,造纸,877,-0.0061649644499200615,-0.00685483870967744,0.26086922202260765,-0.37515263739228794,0.48916761687571264,30.916761687571267,relative_strength
industry,3d,industry_ret_5d,造纸,610,5.385678306855106e-17,4.965068306494547e-17,1.7562239619919804e-16,4.868114460244139,0.7868852459016393,30.442622950819672,industry_strength
industry,3d,industry_ret_20d,造纸,610,5.385678306855106e-17,4.965068306494547e-17,1.7562239619919804e-16,4.868114460244139,0.7868852459016393,30.442622950819672,industry_strength
industry,3d,industry_ret_60d,造纸,610,5.385678306855106e-17,4.965068306494547e-17,1.7562239619919804e-16,4.868114460244139,0.7868852459016393,30.442622950819672,industry_strength
industry,3d,industry_breadth_20d,造纸,610,5.385678306855106e-17,4.965068306494547e-17,1.7562239619919804e-16,4.868114460244139,0.7868852459016393,30.442622950819672,industry_breadth
industry,3d,industry_breadth_60d,造纸,610,5.385678306855106e-17,4.965068306494547e-17,1.7562239619919804e-16,4.868114460244139,0.7868852459016393,30.442622950819672,industry_breadth
industry,3d,industry_amount_share,造纸,610,5.385678306855106e-17,4.965068306494547e-17,1.7562239619919804e-16,4.868114460244139,0.7868852459016393,30.442622950819672,industry_crowding
industry,3d,industry_amount_share_roll20d,造纸,610,5.385678306855106e-17,4.965068306494547e-17,1.7562239619919804e-16,4.868114460244139,0.7868852459016393,30.442622950819672,industry_crowding
industry,3d,industry_amount_share_roll60d,造纸,610,5.385678306855106e-17,4.965068306494547e-17,1.7562239619919804e-16,4.868114460244139,0.7868852459016393,30.442622950819672,industry_crowding
industry,3d,industry_crowding_score,造纸,610,5.385678306855106e-17,4.965068306494547e-17,1.7562239619919804e-16,4.868114460244139,0.7868852459016393,30.442622950819672,industry_crowding
industry,3d,stock_amount_share_in_industry,造纸,877,-0.047569083712622875,-0.04912023460410556,0.21790600391629933,-3.4654198600371626,0.41733181299885974,30.916761687571267,liquidity_crowding
industry,3d,turnover_rate,造纸,877,-0.016535089214192188,-0.0166852057842047,0.2788061778978327,-0.9414655219666643,0.4823261117445838,30.916761687571267,liquidity
industry,3d,log_amount,造纸,877,-0.047569083712622875,-0.04912023460410556,0.21790600391629933,-3.4654198600371626,0.41733181299885974,30.916761687571267,liquidity
industry,3d,log_total_mv,造纸,877,-0.04321848276888237,-0.055010549467773735,0.29219101515337764,-2.3480261510704663,0.4321550741163056,30.916761687571267,size
industry,3d,stock_ret_1d,新型电力,329,-0.01397402588539513,-0.00022256846184584312,0.2535605006810661,-0.8748633294498488,0.49848024316109424,30.0,price_momentum_reversal
industry,3d,stock_ret_5d,新型电力,329,0.005074120844881532,0.009789743079824243,0.2757352243810228,0.2921250683437041,0.5106382978723404,30.0,price_momentum_reversal
industry,3d,stock_ret_20d,新型电力,329,0.0183682004403786,0.026918798665183572,0.2780875158157936,1.0485409297385402,0.5501519756838906,30.0,price_momentum
industry,3d,stock_ret_60d,新型电力,329,0.02275994605061838,0.02335928809788653,0.2959292843260839,1.2209097299778502,0.5349544072948328,30.0,price_momentum
industry,3d,stock_rel_industry_ret_1d,新型电力,329,-0.01397402588539513,-0.00022256846184584312,0.2535605006810661,-0.8748633294498488,0.49848024316109424,30.0,relative_strength
industry,3d,stock_rel_industry_ret_5d,新型电力,329,0.005074120844881532,0.009789743079824243,0.2757352243810228,0.2921250683437041,0.5106382978723404,30.0,relative_strength
industry,3d,stock_rel_industry_ret_20d,新型电力,329,0.0183682004403786,0.026918798665183572,0.2780875158157936,1.0485409297385402,0.5501519756838906,30.0,relative_strength
industry,3d,stock_rel_industry_ret_60d,新型电力,329,0.02275994605061838,0.02335928809788653,0.2959292843260839,1.2209097299778502,0.5349544072948328,30.0,relative_strength
industry,3d,industry_ret_5d,新型电力,329,1.1306903269141358e-16,1.860104413412057e-16,1.8730355363274407e-16,9.582921488099794,0.7750759878419453,30.0,industry_strength
industry,3d,industry_ret_20d,新型电力,329,1.1306903269141358e-16,1.860104413412057e-16,1.8730355363274407e-16,9.582921488099794,0.7750759878419453,30.0,industry_strength
industry,3d,industry_ret_60d,新型电力,329,1.1306903269141358e-16,1.860104413412057e-16,1.8730355363274407e-16,9.582921488099794,0.7750759878419453,30.0,industry_strength
industry,3d,industry_breadth_20d,新型电力,329,1.1306903269141358e-16,1.860104413412057e-16,1.8730355363274407e-16,9.582921488099794,0.7750759878419453,30.0,industry_breadth
industry,3d,industry_breadth_60d,新型电力,329,1.1306903269141358e-16,1.860104413412057e-16,1.8730355363274407e-16,9.582921488099794,0.7750759878419453,30.0,industry_breadth
industry,3d,industry_amount_share,新型电力,329,1.1306903269141358e-16,1.860104413412057e-16,1.8730355363274407e-16,9.582921488099794,0.7750759878419453,30.0,industry_crowding
industry,3d,industry_amount_share_roll20d,新型电力,329,1.1306903269141358e-16,1.860104413412057e-16,1.8730355363274407e-16,9.582921488099794,0.7750759878419453,30.0,industry_crowding
industry,3d,industry_amount_share_roll60d,新型电力,329,1.1306903269141358e-16,1.860104413412057e-16,1.8730355363274407e-16,9.582921488099794,0.7750759878419453,30.0,industry_crowding
industry,3d,industry_crowding_score,新型电力,329,1.1306903269141358e-16,1.860104413412057e-16,1.8730355363274407e-16,9.582921488099794,0.7750759878419453,30.0,industry_crowding
industry,3d,stock_amount_share_in_industry,新型电力,329,-0.030067829932747377,-0.008231368186874345,0.26328729960567726,-1.8128941407635935,0.48632218844984804,30.0,liquidity_crowding
industry,3d,turnover_rate,新型电力,329,-0.06571133237866499,-0.07052280311457171,0.2802236410734256,-3.722509131492572,0.3951367781155015,30.0,liquidity
industry,3d,log_amount,新型电力,329,-0.030067829932747377,-0.008231368186874345,0.26328729960567726,-1.8128941407635935,0.48632218844984804,30.0,liquidity
industry,3d,log_total_mv,新型电力,329,0.0051630774025704824,-0.019354838709677444,0.30684232643498444,0.26711214777352216,0.47416413373860183,30.0,size
industry,3d,stock_ret_1d,工程机械,797,-0.01080989297815924,-0.001960784313725485,0.2459981335742497,-0.6975733052251053,0.493099121706399,34.9435382685069,price_momentum_reversal
industry,3d,stock_ret_5d,工程机械,797,-0.028497115359595822,-0.025841631104788983,0.2491350605876772,-1.8157929312645,0.45796737766624845,34.9435382685069,price_momentum_reversal
industry,3d,stock_ret_20d,工程机械,797,-0.04176241067570809,-0.05912910618792971,0.26794279530809223,-2.474250953560956,0.4178168130489335,34.9435382685069,price_momentum
industry,3d,stock_ret_60d,工程机械,797,-0.04786110791798354,-0.05722726775358356,0.2689816798423032,-2.8246218648923853,0.4228356336260979,34.9435382685069,price_momentum
industry,3d,stock_rel_industry_ret_1d,工程机械,797,-0.01080989297815924,-0.001960784313725485,0.2459981335742497,-0.6975733052251053,0.493099121706399,34.9435382685069,relative_strength
industry,3d,stock_rel_industry_ret_5d,工程机械,797,-0.028497115359595822,-0.025841631104788983,0.2491350605876772,-1.8157929312645,0.45796737766624845,34.9435382685069,relative_strength
industry,3d,stock_rel_industry_ret_20d,工程机械,797,-0.04176241067570809,-0.05912910618792971,0.26794279530809223,-2.474250953560956,0.4178168130489335,34.9435382685069,relative_strength
industry,3d,stock_rel_industry_ret_60d,工程机械,797,-0.04786110791798354,-0.05722726775358356,0.2689816798423032,-2.8246218648923853,0.4228356336260979,34.9435382685069,relative_strength
industry,3d,industry_ret_5d,工程机械,337,8.425520362097066e-17,1.4290699799853493e-16,1.9747582357623198e-16,6.7730310903038795,0.7893175074183977,35.12166172106825,industry_strength
industry,3d,industry_ret_20d,工程机械,337,8.425520362097066e-17,1.4290699799853493e-16,1.9747582357623198e-16,6.7730310903038795,0.7893175074183977,35.12166172106825,industry_strength
industry,3d,industry_ret_60d,工程机械,337,8.425520362097066e-17,1.4290699799853493e-16,1.9747582357623198e-16,6.7730310903038795,0.7893175074183977,35.12166172106825,industry_strength
industry,3d,industry_breadth_20d,工程机械,337,8.425520362097066e-17,1.4290699799853493e-16,1.9747582357623198e-16,6.7730310903038795,0.7893175074183977,35.12166172106825,industry_breadth
industry,3d,industry_breadth_60d,工程机械,337,8.425520362097066e-17,1.4290699799853493e-16,1.9747582357623198e-16,6.7730310903038795,0.7893175074183977,35.12166172106825,industry_breadth
industry,3d,industry_amount_share,工程机械,337,8.425520362097066e-17,1.4290699799853493e-16,1.9747582357623198e-16,6.7730310903038795,0.7893175074183977,35.12166172106825,industry_crowding
industry,3d,industry_amount_share_roll20d,工程机械,337,8.425520362097066e-17,1.4290699799853493e-16,1.9747582357623198e-16,6.7730310903038795,0.7893175074183977,35.12166172106825,industry_crowding
industry,3d,industry_amount_share_roll60d,工程机械,337,8.425520362097066e-17,1.4290699799853493e-16,1.9747582357623198e-16,6.7730310903038795,0.7893175074183977,35.12166172106825,industry_crowding
industry,3d,industry_crowding_score,工程机械,337,8.425520362097066e-17,1.4290699799853493e-16,1.9747582357623198e-16,6.7730310903038795,0.7893175074183977,35.12166172106825,industry_crowding
industry,3d,stock_amount_share_in_industry,工程机械,797,-0.05270132473416873,-0.05602240896358546,0.2682446904507799,-3.118822567021563,0.4316185696361355,34.9435382685069,liquidity_crowding
industry,3d,turnover_rate,工程机械,797,-0.030245927275929528,-0.030966188860925774,0.2640074336009416,-1.8186579215556469,0.4479297365119197,34.9435382685069,liquidity
industry,3d,log_amount,工程机械,797,-0.05270132473416873,-0.05602240896358546,0.2682446904507799,-3.118822567021563,0.4316185696361355,34.9435382685069,liquidity
industry,3d,log_total_mv,工程机械,797,-0.015435054464539202,-0.02862903225806447,0.30466684908680614,-0.8042354928009748,0.47176913425345046,34.9435382685069,size
industry,3d,stock_ret_1d,染料涂料,759,-0.02603982758002124,-0.030491879272882435,0.22211806216046903,-1.8610348196707391,0.45586297760210803,31.555994729907773,price_momentum_reversal
industry,3d,stock_ret_5d,染料涂料,759,-0.03369685200599073,-0.042780748663101636,0.22388180382391948,-2.389300662693901,0.42160737812911725,31.555994729907773,price_momentum_reversal
industry,3d,stock_ret_20d,染料涂料,759,-0.025978844406263895,-0.0371523915461624,0.23809860477975614,-1.7320612620488478,0.4413702239789196,31.555994729907773,price_momentum
industry,3d,stock_ret_60d,染料涂料,759,-0.05115689918316122,-0.044721407624633426,0.2206912262893747,-3.6797593278051663,0.4295125164690382,31.555994729907773,price_momentum
industry,3d,stock_rel_industry_ret_1d,染料涂料,759,-0.02603982758002124,-0.030491879272882435,0.22211806216046903,-1.8610348196707391,0.45586297760210803,31.555994729907773,relative_strength
industry,3d,stock_rel_industry_ret_5d,染料涂料,759,-0.03369685200599073,-0.042780748663101636,0.22388180382391948,-2.389300662693901,0.42160737812911725,31.555994729907773,relative_strength
industry,3d,stock_rel_industry_ret_20d,染料涂料,759,-0.025978844406263895,-0.0371523915461624,0.23809860477975614,-1.7320612620488478,0.4413702239789196,31.555994729907773,relative_strength
industry,3d,stock_rel_industry_ret_60d,染料涂料,759,-0.05115689918316122,-0.044721407624633426,0.2206912262893747,-3.6797593278051663,0.4295125164690382,31.555994729907773,relative_strength
industry,3d,industry_ret_5d,染料涂料,342,5.864506654328259e-17,4.965068306494547e-17,1.7964769847584861e-16,5.182151388882483,0.8128654970760234,30.473684210526315,industry_strength
industry,3d,industry_ret_20d,染料涂料,342,5.864506654328259e-17,4.965068306494547e-17,1.7964769847584861e-16,5.182151388882483,0.8128654970760234,30.473684210526315,industry_strength
industry,3d,industry_ret_60d,染料涂料,342,5.864506654328259e-17,4.965068306494547e-17,1.7964769847584861e-16,5.182151388882483,0.8128654970760234,30.473684210526315,industry_strength
industry,3d,industry_breadth_20d,染料涂料,342,5.864506654328259e-17,4.965068306494547e-17,1.7964769847584861e-16,5.182151388882483,0.8128654970760234,30.473684210526315,industry_breadth
industry,3d,industry_breadth_60d,染料涂料,342,5.864506654328259e-17,4.965068306494547e-17,1.7964769847584861e-16,5.182151388882483,0.8128654970760234,30.473684210526315,industry_breadth
industry,3d,industry_amount_share,染料涂料,342,5.864506654328259e-17,4.965068306494547e-17,1.7964769847584861e-16,5.182151388882483,0.8128654970760234,30.473684210526315,industry_crowding
industry,3d,industry_amount_share_roll20d,染料涂料,342,5.864506654328259e-17,4.965068306494547e-17,1.7964769847584861e-16,5.182151388882483,0.8128654970760234,30.473684210526315,industry_crowding
industry,3d,industry_amount_share_roll60d,染料涂料,342,5.864506654328259e-17,4.965068306494547e-17,1.7964769847584861e-16,5.182151388882483,0.8128654970760234,30.473684210526315,industry_crowding
industry,3d,industry_crowding_score,染料涂料,342,5.864506654328259e-17,4.965068306494547e-17,1.7964769847584861e-16,5.182151388882483,0.8128654970760234,30.473684210526315,industry_crowding
industry,3d,stock_amount_share_in_industry,染料涂料,759,-0.06760342688697943,-0.07807917888563048,0.24202855587041933,-4.43406823650462,0.391304347826087,31.555994729907773,liquidity_crowding
industry,3d,turnover_rate,染料涂料,759,-0.039906379272719596,-0.04212638149187238,0.25158706247486773,-2.5179916862661207,0.43873517786561267,31.555994729907773,liquidity
industry,3d,log_amount,染料涂料,759,-0.06760342688697943,-0.07807917888563048,0.24202855587041933,-4.43406823650462,0.391304347826087,31.555994729907773,liquidity
industry,3d,log_total_mv,染料涂料,759,-0.04588913588371079,-0.040106951871657776,0.2718609998183472,-2.679558484131387,0.4426877470355731,31.555994729907773,size
industry,3d,stock_ret_1d,矿物制品,788,0.008326495324027832,0.012813477744060619,0.2439587545384048,0.5418088634319163,0.516497461928934,32.6497461928934,price_momentum_reversal
industry,3d,stock_ret_5d,矿物制品,788,-0.039657973925530575,-0.040025325609893095,0.25575748383894115,-2.461514750599736,0.4467005076142132,32.6497461928934,price_momentum_reversal
industry,3d,stock_ret_20d,矿物制品,788,-0.04300420350304722,-0.038123167155425214,0.2527168668643322,-2.7013256980719724,0.43781725888324874,32.6497461928934,price_momentum
industry,3d,stock_ret_60d,矿物制品,788,-0.03595754665439846,-0.042631964809384165,0.2675344496589123,-2.133588246108066,0.43908629441624364,32.6497461928934,price_momentum
industry,3d,stock_rel_industry_ret_1d,矿物制品,788,0.008326495324027832,0.012813477744060619,0.2439587545384048,0.5418088634319163,0.516497461928934,32.6497461928934,relative_strength
industry,3d,stock_rel_industry_ret_5d,矿物制品,788,-0.039657973925530575,-0.040025325609893095,0.25575748383894115,-2.461514750599736,0.4467005076142132,32.6497461928934,relative_strength
industry,3d,stock_rel_industry_ret_20d,矿物制品,788,-0.04300420350304722,-0.038123167155425214,0.2527168668643322,-2.7013256980719724,0.43781725888324874,32.6497461928934,relative_strength
industry,3d,stock_rel_industry_ret_60d,矿物制品,788,-0.03595754665439846,-0.042631964809384165,0.2675344496589123,-2.133588246108066,0.43908629441624364,32.6497461928934,relative_strength
industry,3d,industry_ret_5d,矿物制品,341,6.195716200791395e-17,1.3191415199864764e-16,1.6766602026703792e-16,5.866063106330168,0.8240469208211144,32.604105571847505,industry_strength
industry,3d,industry_ret_20d,矿物制品,341,6.195716200791395e-17,1.3191415199864764e-16,1.6766602026703792e-16,5.866063106330168,0.8240469208211144,32.604105571847505,industry_strength
industry,3d,industry_ret_60d,矿物制品,341,6.195716200791395e-17,1.3191415199864764e-16,1.6766602026703792e-16,5.866063106330168,0.8240469208211144,32.604105571847505,industry_strength
industry,3d,industry_breadth_20d,矿物制品,341,6.195716200791395e-17,1.3191415199864764e-16,1.6766602026703792e-16,5.866063106330168,0.8240469208211144,32.604105571847505,industry_breadth
industry,3d,industry_breadth_60d,矿物制品,341,6.195716200791395e-17,1.3191415199864764e-16,1.6766602026703792e-16,5.866063106330168,0.8240469208211144,32.604105571847505,industry_breadth
industry,3d,industry_amount_share,矿物制品,341,6.195716200791395e-17,1.3191415199864764e-16,1.6766602026703792e-16,5.866063106330168,0.8240469208211144,32.604105571847505,industry_crowding
industry,3d,industry_amount_share_roll20d,矿物制品,341,6.195716200791395e-17,1.3191415199864764e-16,1.6766602026703792e-16,5.866063106330168,0.8240469208211144,32.604105571847505,industry_crowding
industry,3d,industry_amount_share_roll60d,矿物制品,341,6.195716200791395e-17,1.3191415199864764e-16,1.6766602026703792e-16,5.866063106330168,0.8240469208211144,32.604105571847505,industry_crowding
industry,3d,industry_crowding_score,矿物制品,341,6.195716200791395e-17,1.3191415199864764e-16,1.6766602026703792e-16,5.866063106330168,0.8240469208211144,32.604105571847505,industry_crowding
industry,3d,stock_amount_share_in_industry,矿物制品,788,-0.043780034866105565,-0.037859175928435886,0.2728657776854434,-2.5469903692865667,0.44543147208121825,32.6497461928934,liquidity_crowding
industry,3d,turnover_rate,矿物制品,788,-0.05422011599341471,-0.04350161795934876,0.2796377412769218,-3.0779738597643327,0.4403553299492386,32.6497461928934,liquidity
industry,3d,log_amount,矿物制品,788,-0.043780034866105565,-0.037859175928435886,0.2728657776854434,-2.5469903692865667,0.44543147208121825,32.6497461928934,liquidity
industry,3d,log_total_mv,矿物制品,788,-0.001640536527219516,0.002845683728036665,0.2449587999393787,-0.10631465378213498,0.5076142131979695,32.6497461928934,size
industry,3d,stock_ret_1d,化纤,555,0.007070907858091125,0.006900389922755067,0.24521208459033067,0.45775550827071776,0.5099099099099099,30.327927927927927,price_momentum_reversal
industry,3d,stock_ret_5d,化纤,555,-0.00144261530985083,-0.0028921023359288,0.25792630323742116,-0.08878818405472168,0.4918918918918919,30.327927927927927,price_momentum_reversal
industry,3d,stock_ret_20d,化纤,555,-0.001922018963962314,0.0024471635150167008,0.265287536133952,-0.1150114536378361,0.5045045045045045,30.327927927927927,price_momentum
industry,3d,stock_ret_60d,化纤,555,0.001867864882551959,0.007786429365962208,0.29176232397161883,0.10162873453909169,0.5063063063063064,30.327927927927927,price_momentum
industry,3d,stock_rel_industry_ret_1d,化纤,555,0.007070907858091125,0.006900389922755067,0.24521208459033067,0.45775550827071776,0.5099099099099099,30.327927927927927,relative_strength
industry,3d,stock_rel_industry_ret_5d,化纤,555,-0.00144261530985083,-0.0028921023359288,0.25792630323742116,-0.08878818405472168,0.4918918918918919,30.327927927927927,relative_strength
industry,3d,stock_rel_industry_ret_20d,化纤,555,-0.001922018963962314,0.0024471635150167008,0.265287536133952,-0.1150114536378361,0.5045045045045045,30.327927927927927,relative_strength
industry,3d,stock_rel_industry_ret_60d,化纤,555,0.001867864882551959,0.007786429365962208,0.29176232397161883,0.10162873453909169,0.5063063063063064,30.327927927927927,relative_strength
industry,3d,industry_ret_5d,化纤,497,8.297004071942797e-17,1.7957630974012156e-16,2.0448900872436404e-16,6.440974858704599,0.7645875251509054,30.132796780684103,industry_strength
industry,3d,industry_ret_20d,化纤,497,8.297004071942797e-17,1.7957630974012156e-16,2.0448900872436404e-16,6.440974858704599,0.7645875251509054,30.132796780684103,industry_strength
industry,3d,industry_ret_60d,化纤,497,8.297004071942797e-17,1.7957630974012156e-16,2.0448900872436404e-16,6.440974858704599,0.7645875251509054,30.132796780684103,industry_strength
industry,3d,industry_breadth_20d,化纤,497,8.297004071942797e-17,1.7957630974012156e-16,2.0448900872436404e-16,6.440974858704599,0.7645875251509054,30.132796780684103,industry_breadth
industry,3d,industry_breadth_60d,化纤,497,8.297004071942797e-17,1.7957630974012156e-16,2.0448900872436404e-16,6.440974858704599,0.7645875251509054,30.132796780684103,industry_breadth
industry,3d,industry_amount_share,化纤,497,8.297004071942797e-17,1.7957630974012156e-16,2.0448900872436404e-16,6.440974858704599,0.7645875251509054,30.132796780684103,industry_crowding
industry,3d,industry_amount_share_roll20d,化纤,497,8.297004071942797e-17,1.7957630974012156e-16,2.0448900872436404e-16,6.440974858704599,0.7645875251509054,30.132796780684103,industry_crowding
industry,3d,industry_amount_share_roll60d,化纤,497,8.297004071942797e-17,1.7957630974012156e-16,2.0448900872436404e-16,6.440974858704599,0.7645875251509054,30.132796780684103,industry_crowding
industry,3d,industry_crowding_score,化纤,497,8.297004071942797e-17,1.7957630974012156e-16,2.0448900872436404e-16,6.440974858704599,0.7645875251509054,30.132796780684103,industry_crowding
industry,3d,stock_amount_share_in_industry,化纤,555,-0.03696449303600986,-0.0549499443826474,0.26804881460404645,-2.1891278883063117,0.4144144144144144,30.327927927927927,liquidity_crowding
industry,3d,turnover_rate,化纤,555,-0.05170288136151729,-0.04249165739710786,0.28904827133364946,-2.839518095373435,0.44504504504504505,30.327927927927927,liquidity
industry,3d,log_amount,化纤,555,-0.03696449303600986,-0.0549499443826474,0.26804881460404645,-2.1891278883063117,0.4144144144144144,30.327927927927927,liquidity
industry,3d,log_total_mv,化纤,555,-0.015851670612446637,-0.026578682175600447,0.317821487045482,-0.7917572602530101,0.4702702702702703,30.327927927927927,size
industry,3d,stock_ret_1d,铝,123,0.0008899678665454276,-0.0020022246941045624,0.251125810612593,0.05625786478834795,0.4878048780487805,30.0,price_momentum_reversal
industry,3d,stock_ret_5d,铝,123,-0.020521430337711914,0.0011123470522802629,0.2376585761984787,-1.370737856535291,0.5203252032520326,30.0,price_momentum_reversal
industry,3d,stock_ret_20d,铝,123,0.013512750384187946,0.02691879866518352,0.269772590493807,0.7951447620296592,0.5365853658536586,30.0,price_momentum
industry,3d,stock_ret_60d,铝,123,0.03253144499642237,0.055394883203559564,0.2783926126826977,1.855008559761099,0.5203252032520326,30.0,price_momentum
industry,3d,stock_rel_industry_ret_1d,铝,123,0.0008899678665454276,-0.0020022246941045624,0.251125810612593,0.05625786478834795,0.4878048780487805,30.0,relative_strength
industry,3d,stock_rel_industry_ret_5d,铝,123,-0.020521430337711914,0.0011123470522802629,0.2376585761984787,-1.370737856535291,0.5203252032520326,30.0,relative_strength
industry,3d,stock_rel_industry_ret_20d,铝,123,0.013512750384187946,0.02691879866518352,0.269772590493807,0.7951447620296592,0.5365853658536586,30.0,relative_strength
industry,3d,stock_rel_industry_ret_60d,铝,123,0.03253144499642237,0.055394883203559564,0.2783926126826977,1.855008559761099,0.5203252032520326,30.0,relative_strength
industry,3d,industry_ret_5d,铝,123,1.3223279237926567e-16,1.859897493736973e-16,1.474452682132149e-16,14.236675942584826,0.8373983739837398,30.0,industry_strength
industry,3d,industry_ret_20d,铝,123,1.3223279237926567e-16,1.859897493736973e-16,1.474452682132149e-16,14.236675942584826,0.8373983739837398,30.0,industry_strength
industry,3d,industry_ret_60d,铝,123,1.3223279237926567e-16,1.859897493736973e-16,1.474452682132149e-16,14.236675942584826,0.8373983739837398,30.0,industry_strength
industry,3d,industry_breadth_20d,铝,123,1.3223279237926567e-16,1.859897493736973e-16,1.474452682132149e-16,14.236675942584826,0.8373983739837398,30.0,industry_breadth
industry,3d,industry_breadth_60d,铝,123,1.3223279237926567e-16,1.859897493736973e-16,1.474452682132149e-16,14.236675942584826,0.8373983739837398,30.0,industry_breadth
industry,3d,industry_amount_share,铝,123,1.3223279237926567e-16,1.859897493736973e-16,1.474452682132149e-16,14.236675942584826,0.8373983739837398,30.0,industry_crowding
industry,3d,industry_amount_share_roll20d,铝,123,1.3223279237926567e-16,1.859897493736973e-16,1.474452682132149e-16,14.236675942584826,0.8373983739837398,30.0,industry_crowding
industry,3d,industry_amount_share_roll60d,铝,123,1.3223279237926567e-16,1.859897493736973e-16,1.474452682132149e-16,14.236675942584826,0.8373983739837398,30.0,industry_crowding
industry,3d,industry_crowding_score,铝,123,1.3223279237926567e-16,1.859897493736973e-16,1.474452682132149e-16,14.236675942584826,0.8373983739837398,30.0,industry_crowding
industry,3d,stock_amount_share_in_industry,铝,123,0.01668898435274604,0.014905450500556142,0.34285723433210263,0.7727105828925472,0.5365853658536586,30.0,liquidity_crowding
industry,3d,turnover_rate,铝,123,-0.03990860647206145,-0.07720547383406852,0.2311234275348298,-2.741087280223174,0.3902439024390244,30.0,liquidity
industry,3d,log_amount,铝,123,0.01668898435274604,0.014905450500556142,0.34285723433210263,0.7727105828925472,0.5365853658536586,30.0,liquidity
industry,3d,log_total_mv,铝,123,0.03414689784546001,0.05406006674082308,0.34232972863625377,1.5834593174829528,0.5772357723577236,30.0,size
industry,5d,industry_amount_share,软件服务,725,2.4353612362752452e-17,2.2188294824367378e-17,1.3638274738836916e-16,2.834681207341893,0.543448275862069,205.72689655172414,industry_crowding
industry,5d,stock_amount_share_in_industry,软件服务,2026,-0.05968022186855152,-0.06339573968856597,0.18362698892686316,-5.15934044911782,0.3721618953603159,209.06071076011847,liquidity_crowding
industry,5d,turnover_rate,软件服务,2026,-0.05747599408711172,-0.0656036316060164,0.17660131222264946,-5.166457195482161,0.3657453109575518,208.6406712734452,liquidity
industry,5d,log_amount,软件服务,2026,-0.05968022186855152,-0.06339573968856597,0.18362698892686316,-5.15934044911782,0.3721618953603159,209.06071076011847,liquidity
industry,5d,log_total_mv,软件服务,2026,-0.026652828085822533,-0.02538251237422702,0.19667992992291042,-2.1512135441359006,0.44768015794669297,208.6406712734452,size
industry,5d,stock_ret_1d,软件服务,2025,-0.019393089647046752,-0.018801303615675335,0.1451346509780199,-2.121173352339037,0.44493827160493826,209.0958024691358,price_momentum_reversal
industry,5d,stock_rel_industry_ret_1d,软件服务,2025,-0.019393089647046752,-0.018801303615675335,0.1451346509780199,-2.121173352339037,0.44493827160493826,209.0958024691358,relative_strength
industry,5d,stock_ret_5d,软件服务,2021,-0.03868218265047045,-0.03738958043470315,0.15320843173160792,-4.0080079525234655,0.40771895101434935,209.22563087580406,price_momentum_reversal
industry,5d,stock_rel_industry_ret_5d,软件服务,2021,-0.03868218265047045,-0.03738958043470315,0.15320843173160792,-4.0080079525234655,0.40771895101434935,209.22563087580406,relative_strength
industry,5d,industry_ret_5d,软件服务,722,2.4642643799110268e-17,2.2459420978847952e-17,1.3659009556870802e-16,2.8639693178981966,0.5457063711911357,206.01108033240996,industry_strength
industry,5d,industry_breadth_20d,软件服务,720,2.458666800928876e-17,2.2459420978847952e-17,1.366729827707572e-16,2.8557308606951906,0.5458333333333333,206.2097222222222,industry_breadth
industry,5d,industry_amount_share_roll20d,软件服务,720,2.458666800928876e-17,2.2459420978847952e-17,1.366729827707572e-16,2.8557308606951906,0.5458333333333333,206.2097222222222,industry_crowding
industry,5d,stock_ret_20d,软件服务,2006,-0.062393520268772144,-0.06127637493033053,0.16046911807081513,-6.172318014991149,0.34795613160518446,209.72931206380858,price_momentum
industry,5d,stock_rel_industry_ret_20d,软件服务,2006,-0.062393520268772144,-0.06127637493033053,0.16046911807081513,-6.172318014991149,0.34795613160518446,209.72931206380858,relative_strength
industry,5d,industry_ret_20d,软件服务,717,2.480418799549595e-17,2.2623362240543698e-17,1.3688938821608252e-16,2.8764412098351064,0.5467224546722455,206.49511854951186,industry_strength
industry,5d,industry_breadth_60d,软件服务,710,2.4169422306562005e-17,2.2459420978847952e-17,1.371817926668837e-16,2.796855742097199,0.543661971830986,207.24788732394367,industry_breadth
industry,5d,industry_amount_share_roll60d,软件服务,710,2.4169422306562005e-17,2.2459420978847952e-17,1.371817926668837e-16,2.796855742097199,0.543661971830986,207.24788732394367,industry_crowding
industry,5d,stock_ret_60d,软件服务,1966,-0.05951887143695036,-0.06337814258506677,0.16550514943683695,-5.708781847811698,0.35249237029501523,211.12563580874874,price_momentum
industry,5d,stock_rel_industry_ret_60d,软件服务,1966,-0.05951887143695036,-0.06337814258506677,0.16550514943683695,-5.708781847811698,0.35249237029501523,211.12563580874874,relative_strength
industry,5d,industry_ret_60d,软件服务,694,2.5256993590274163e-17,2.422648931713309e-17,1.3774495701714296e-16,2.910758782843919,0.5489913544668588,208.90057636887607,industry_strength
industry,5d,industry_crowding_score,软件服务,694,2.5256993590274163e-17,2.422648931713309e-17,1.3774495701714296e-16,2.910758782843919,0.5489913544668588,208.90057636887607,industry_crowding
industry,5d,industry_amount_share,UNKNOWN,891,6.1364336768351055e-18,-7.468188744649299e-18,1.9052353565842294e-16,0.511290452058004,0.4601571268237935,110.53872053872054,industry_crowding
industry,5d,stock_amount_share_in_industry,UNKNOWN,1531,-0.08198823499740475,-0.08502394428017729,0.1618010592963083,-8.043970089429619,0.29327237099934683,117.88700195950359,liquidity_crowding
industry,5d,turnover_rate,UNKNOWN,1531,-0.07784843159343481,-0.08090336912254723,0.20122984926694845,-6.141263556166128,0.33442194644023515,117.45525800130633,liquidity
industry,5d,log_amount,UNKNOWN,1531,-0.08198823499740475,-0.08502394428017729,0.1618010592963083,-8.043970089429619,0.29327237099934683,117.88700195950359,liquidity
industry,5d,log_total_mv,UNKNOWN,1531,-0.022236667400586253,-0.028983360960429482,0.19236461297231894,-1.8350368402926878,0.4402351404310908,117.45525800130633,size
industry,5d,stock_ret_1d,UNKNOWN,1530,-0.005749121237465043,-0.003664554198028254,0.15757977597533782,-0.5791635997961944,0.4934640522875817,117.84705882352941,price_momentum_reversal
industry,5d,stock_rel_industry_ret_1d,UNKNOWN,1530,-0.005749121237465043,-0.003664554198028254,0.15757977597533782,-0.5791635997961944,0.4934640522875817,117.84705882352941,relative_strength
industry,5d,stock_ret_5d,UNKNOWN,1526,-0.02468736975463529,-0.016356526990782966,0.17182758329514744,-2.280773772492693,0.45019659239842724,117.65072083879423,price_momentum_reversal
industry,5d,stock_rel_industry_ret_5d,UNKNOWN,1526,-0.02468736975463529,-0.016356526990782966,0.17182758329514744,-2.280773772492693,0.45019659239842724,117.65072083879423,relative_strength
industry,5d,industry_ret_5d,UNKNOWN,890,6.043987492570048e-18,-7.542127930641671e-18,1.9061066559758426e-16,0.5033575990847762,0.45955056179775283,110.46741573033708,industry_strength
industry,5d,industry_breadth_20d,UNKNOWN,888,5.94234927062975e-18,-7.616078205889118e-18,1.9080495699601914e-16,0.49438899138979053,0.4583333333333333,110.32770270270271,industry_breadth
industry,5d,industry_amount_share_roll20d,UNKNOWN,888,5.94234927062975e-18,-7.616078205889118e-18,1.9080495699601914e-16,0.49438899138979053,0.4583333333333333,110.32770270270271,industry_crowding
industry,5d,stock_ret_20d,UNKNOWN,1511,-0.038609234924615925,-0.03507492930090783,0.1800891370596101,-3.403329115421034,0.40900066181336864,116.90999338186631,price_momentum
industry,5d,stock_rel_industry_ret_20d,UNKNOWN,1511,-0.038609234924615925,-0.03507492930090783,0.1800891370596101,-3.403329115421034,0.40900066181336864,116.90999338186631,relative_strength
industry,5d,industry_ret_20d,UNKNOWN,886,5.867580022917086e-18,-7.61612256349069e-18,1.910019886752576e-16,0.4876647927934464,0.4582392776523702,110.19525959367945,industry_strength
industry,5d,industry_breadth_60d,UNKNOWN,882,5.992928037984985e-18,-7.616078205889118e-18,1.9141011806998673e-16,0.4970206603545496,0.45918367346938777,110.09410430839003,industry_breadth
industry,5d,industry_amount_share_roll60d,UNKNOWN,882,5.992928037984985e-18,-7.616078205889118e-18,1.9141011806998673e-16,0.4970206603545496,0.45918367346938777,110.09410430839003,industry_crowding
industry,5d,stock_ret_60d,UNKNOWN,1471,-0.033453238023692794,-0.027215420233785034,0.18566225566214073,-2.8603212229072135,0.4418762746430999,114.85588035350102,price_momentum
industry,5d,stock_rel_industry_ret_60d,UNKNOWN,1471,-0.033453238023692794,-0.027215420233785034,0.18566225566214073,-2.8603212229072135,0.4418762746430999,114.85588035350102,relative_strength
industry,5d,industry_ret_60d,UNKNOWN,866,6.439992145532566e-18,-7.349156466566435e-18,1.9293041704686307e-16,0.5298890011153529,0.4618937644341801,109.1270207852194,industry_strength
industry,5d,industry_crowding_score,UNKNOWN,866,6.439992145532566e-18,-7.349156466566435e-18,1.9293041704686307e-16,0.5298890011153529,0.4618937644341801,109.1270207852194,industry_crowding
industry,5d,stock_ret_1d,区域地产,2017,-0.002462859409765463,-0.0016210747935292216,0.20640437966709388,-0.18941788511070742,0.49727317798710957,41.10560237977194,price_momentum_reversal
industry,5d,stock_ret_5d,区域地产,2013,-0.03315265647652029,-0.029743091402949156,0.20121976512600143,-2.615459299928184,0.44212617983109787,41.1043219076006,price_momentum_reversal
industry,5d,stock_ret_20d,区域地产,1998,-0.05367011246492705,-0.054903094464882896,0.22458763989821628,-3.7935597119258713,0.4014014014014014,41.094094094094096,price_momentum
industry,5d,stock_rel_industry_ret_1d,区域地产,2017,-0.002462859409765463,-0.0016210747935292216,0.20640437966709388,-0.18941788511070742,0.49727317798710957,41.10560237977194,relative_strength
industry,5d,stock_rel_industry_ret_5d,区域地产,2013,-0.03315265647652029,-0.029743091402949156,0.20121976512600143,-2.615459299928184,0.44212617983109787,41.1043219076006,relative_strength
industry,5d,stock_rel_industry_ret_20d,区域地产,1998,-0.05367011246492705,-0.054903094464882896,0.22458763989821628,-3.7935597119258713,0.4014014014014014,41.094094094094096,relative_strength
industry,5d,industry_ret_5d,区域地产,704,7.239712329534784e-17,8.946432084326665e-17,2.403197752494132e-16,4.782247744960116,0.7741477272727273,41.33948863636363,industry_strength
industry,5d,industry_ret_20d,区域地产,699,7.159578265021064e-17,8.946432084326665e-17,2.4098546800023694e-16,4.716250420875271,0.7725321888412017,41.359084406294706,industry_strength
industry,5d,industry_breadth_20d,区域地产,701,7.194032967143531e-17,8.946432084326665e-17,2.4072767290732255e-16,4.7440218047526965,0.7731811697574893,41.352353780313834,industry_breadth
industry,5d,industry_breadth_60d,区域地产,697,7.133200294539882e-17,8.946432084326665e-17,2.4127847128882036e-16,4.693168171338547,0.7718794835007173,41.37159253945481,industry_breadth
industry,5d,industry_amount_share,区域地产,706,7.3090459590345e-17,8.946432084326665e-17,2.405381190964286e-16,4.8236640416219165,0.7747875354107648,41.327195467422094,industry_crowding
industry,5d,industry_amount_share_roll20d,区域地产,701,7.194032967143531e-17,8.946432084326665e-17,2.4072767290732255e-16,4.7440218047526965,0.7731811697574893,41.352353780313834,industry_crowding
industry,5d,industry_amount_share_roll60d,区域地产,697,7.133200294539882e-17,8.946432084326665e-17,2.4127847128882036e-16,4.693168171338547,0.7718794835007173,41.37159253945481,industry_crowding
industry,5d,stock_amount_share_in_industry,区域地产,2018,-0.09909834067004276,-0.10363702407989955,0.21557756767856584,-7.297314861897657,0.32457879088206143,41.10505450941526,liquidity_crowding
industry,5d,turnover_rate,区域地产,2018,-0.06245623289523308,-0.06883196099622921,0.2245214869469647,-4.415888981861714,0.3904856293359762,41.10505450941526,liquidity
industry,5d,log_amount,区域地产,2018,-0.09909834067004276,-0.10363702407989955,0.21557756767856584,-7.297314861897657,0.32457879088206143,41.10505450941526,liquidity
industry,5d,log_total_mv,区域地产,2018,-0.04181095205960573,-0.04486062717770035,0.25805371107914643,-2.5720548043883573,0.4276511397423191,41.10505450941526,size
industry,5d,stock_ret_60d,区域地产,1958,-0.04190856594235876,-0.027244892931281288,0.2215480719405732,-3.0028600740856173,0.45097037793667005,41.056690500510726,price_momentum
industry,5d,stock_rel_industry_ret_60d,区域地产,1958,-0.04190856594235876,-0.027244892931281288,0.2215480719405732,-3.0028600740856173,0.45097037793667005,41.056690500510726,relative_strength
industry,5d,industry_ret_60d,区域地产,693,7.061413166748109e-17,8.946432084326665e-17,2.414255163098737e-16,4.643107347422124,0.7705627705627706,41.36219336219336,industry_strength
industry,5d,industry_crowding_score,区域地产,693,7.061413166748109e-17,8.946432084326665e-17,2.414255163098737e-16,4.643107347422124,0.7705627705627706,41.36219336219336,industry_crowding
industry,5d,industry_amount_share,电气设备,895,1.3457428186485993e-17,4.8377376585872495e-18,1.2971544535114868e-16,1.6469129719240916,0.5072625698324023,244.6804469273743,industry_crowding
industry,5d,stock_amount_share_in_industry,电气设备,2026,-0.06448183797687732,-0.081135312193781,0.20865898705703775,-4.905695453813625,0.34945705824284307,248.3045409674235,liquidity_crowding
industry,5d,turnover_rate,电气设备,2026,-0.0520107607233327,-0.058615424565271884,0.17905947589468385,-4.611011096251389,0.3790720631786772,248.00839091806515,liquidity
industry,5d,log_amount,电气设备,2026,-0.06448183797687732,-0.081135312193781,0.20865898705703775,-4.905695453813625,0.34945705824284307,248.3045409674235,liquidity
industry,5d,log_total_mv,电气设备,2026,-0.03039531670273923,-0.029599109345143204,0.22358299756114444,-2.1580831251133925,0.43928923988154,248.00839091806515,size
industry,5d,stock_ret_1d,电气设备,2025,-0.007028529469787147,-0.0021928034612975784,0.15124807157384587,-0.7376916954792198,0.49530864197530866,248.34123456790124,price_momentum_reversal
industry,5d,stock_rel_industry_ret_1d,电气设备,2025,-0.007028529469787147,-0.0021928034612975784,0.15124807157384587,-0.7376916954792198,0.49530864197530866,248.34123456790124,relative_strength
industry,5d,stock_ret_5d,电气设备,2021,-0.023402776505529094,-0.016737748707475623,0.16014937071966107,-2.319756600122078,0.44730331519049976,248.47847600197923,price_momentum_reversal
industry,5d,stock_rel_industry_ret_5d,电气设备,2021,-0.023402776505529094,-0.016737748707475623,0.16014937071966107,-2.319756600122078,0.44730331519049976,248.47847600197923,relative_strength
industry,5d,industry_ret_5d,电气设备,893,1.3304404202814634e-17,4.542466746962455e-18,1.2982034479966588e-16,1.6268703453306803,0.5061590145576708,244.8387458006719,industry_strength
industry,5d,industry_breadth_20d,电气设备,893,1.3304404202814634e-17,4.542466746962455e-18,1.2982034479966588e-16,1.6268703453306803,0.5061590145576708,244.8387458006719,industry_breadth
industry,5d,industry_amount_share_roll20d,电气设备,893,1.3304404202814634e-17,4.542466746962455e-18,1.2982034479966588e-16,1.6268703453306803,0.5061590145576708,244.8387458006719,industry_crowding
industry,5d,stock_ret_20d,电气设备,2006,-0.03741408555051598,-0.041784953981972656,0.1771140219764419,-3.353377608150989,0.4057826520438684,248.99451645064806,price_momentum
industry,5d,stock_rel_industry_ret_20d,电气设备,2006,-0.03741408555051598,-0.041784953981972656,0.1771140219764419,-3.353377608150989,0.4057826520438684,248.99451645064806,relative_strength
industry,5d,industry_ret_20d,电气设备,887,1.3166384047916396e-17,4.472081830820735e-18,1.2883466440176138e-16,1.6223107974166522,0.5050732807215332,245.34723788049607,industry_strength
industry,5d,industry_breadth_60d,电气设备,885,1.3122381243962534e-17,3.7582570979418204e-18,1.2897021143303788e-16,1.61518960051621,0.503954802259887,245.5638418079096,industry_breadth
industry,5d,industry_amount_share_roll60d,电气设备,885,1.3122381243962534e-17,3.7582570979418204e-18,1.2897021143303788e-16,1.61518960051621,0.503954802259887,245.5638418079096,industry_crowding
industry,5d,stock_ret_60d,电气设备,1966,-0.029969071108257587,-0.026694509765469443,0.1908164101728813,-2.4932040940573943,0.44659206510681587,250.4852492370295,price_momentum
industry,5d,stock_rel_industry_ret_60d,电气设备,1966,-0.029969071108257587,-0.026694509765469443,0.1908164101728813,-2.4932040940573943,0.44659206510681587,250.4852492370295,relative_strength
industry,5d,industry_ret_60d,电气设备,866,1.3461482943639299e-17,5.299544538122864e-18,1.2802191588380787e-16,1.6692018347545425,0.5069284064665127,247.42956120092379,industry_strength
industry,5d,industry_crowding_score,电气设备,866,1.3461482943639299e-17,5.299544538122864e-18,1.2802191588380787e-16,1.6692018347545425,0.5069284064665127,247.42956120092379,industry_crowding
industry,5d,industry_amount_share,建筑工程,1482,1.6446154953854773e-18,-2.6075006673846992e-17,2.2169856679112599e-16,0.11776107530400427,0.4649122807017544,97.06950067476383,industry_crowding
industry,5d,stock_amount_share_in_industry,建筑工程,2026,-0.08041867096361688,-0.09038302375840163,0.22215004050545212,-5.746597308340516,0.35932872655478776,96.34649555774926,liquidity_crowding
industry,5d,turnover_rate,建筑工程,2026,-0.06445854282689593,-0.0804709062857957,0.22803760136130355,-4.487188249012499,0.37857847976307996,96.06219151036525,liquidity
industry,5d,log_amount,建筑工程,2026,-0.08041867096361688,-0.09038302375840163,0.22215004050545212,-5.746597308340516,0.35932872655478776,96.34649555774926,liquidity
industry,5d,log_total_mv,建筑工程,2026,-0.03266805350198496,-0.04847075397762422,0.26816239345830967,-1.933862782207949,0.4432379072063179,96.06219151036525,size
industry,5d,stock_ret_1d,建筑工程,2025,-0.010278135380587023,-0.012933568500002946,0.18392400791818425,-0.8871073591627265,0.4641975308641975,96.3595061728395,price_momentum_reversal
industry,5d,stock_rel_industry_ret_1d,建筑工程,2025,-0.010278135380587023,-0.012933568500002946,0.18392400791818425,-0.8871073591627265,0.4641975308641975,96.3595061728395,relative_strength
industry,5d,stock_ret_5d,建筑工程,2021,-0.03727658532061832,-0.03365034650512844,0.19518279341338624,-3.031760313271744,0.4294903513112321,96.40722414646214,price_momentum_reversal
industry,5d,stock_rel_industry_ret_5d,建筑工程,2021,-0.03727658532061832,-0.03365034650512844,0.19518279341338624,-3.031760313271744,0.4294903513112321,96.40722414646214,relative_strength
industry,5d,industry_ret_5d,建筑工程,1477,1.7072303800824238e-18,-2.6075006673846992e-17,2.2170007516701141e-16,0.1222437208374338,0.46580907244414355,97.16046039268788,industry_strength
industry,5d,industry_breadth_20d,建筑工程,1473,1.0555382457427845e-18,-2.6075006673846992e-17,2.2147495153669182e-16,0.07565708929635208,0.46435845213849286,97.2233536999321,industry_breadth
industry,5d,industry_amount_share_roll20d,建筑工程,1473,1.0555382457427845e-18,-2.6075006673846992e-17,2.2147495153669182e-16,0.07565708929635208,0.46435845213849286,97.2233536999321,industry_crowding
industry,5d,stock_ret_20d,建筑工程,2006,-0.05945583449619227,-0.06223169826673065,0.19788998339328,-4.769478961129121,0.3698903290129611,96.57078763708873,price_momentum
industry,5d,stock_rel_industry_ret_20d,建筑工程,2006,-0.05945583449619227,-0.06223169826673065,0.19788998339328,-4.769478961129121,0.3698903290129611,96.57078763708873,relative_strength
industry,5d,industry_ret_20d,建筑工程,1466,5.672471165256388e-19,-2.6075220939203392e-17,2.2178476281243226e-16,0.04060138622366684,0.46248294679399726,97.33492496589359,industry_strength
industry,5d,industry_breadth_60d,建筑工程,1460,8.709572177913382e-19,-2.6075220939203392e-17,2.2189491326733525e-16,0.06230885152584934,0.46301369863013697,97.44246575342466,industry_breadth
industry,5d,industry_amount_share_roll60d,建筑工程,1460,8.709572177913382e-19,-2.6075220939203392e-17,2.2189491326733525e-16,0.06230885152584934,0.46301369863013697,97.44246575342466,industry_crowding
industry,5d,stock_ret_60d,建筑工程,1966,-0.04355912411101883,-0.05310943307276429,0.21093425010479538,-3.2781762943181683,0.3982706002034588,97.05442522889115,price_momentum
industry,5d,stock_rel_industry_ret_60d,建筑工程,1966,-0.04355912411101883,-0.05310943307276429,0.21093425010479538,-3.2781762943181683,0.3982706002034588,97.05442522889115,relative_strength
industry,5d,industry_ret_60d,建筑工程,1435,1.4382705247062328e-18,-2.6075006673846992e-17,2.2124499529557162e-16,0.10319707674264138,0.4641114982578397,97.89686411149826,industry_strength
industry,5d,industry_crowding_score,建筑工程,1435,1.4382705247062328e-18,-2.6075006673846992e-17,2.2124499529557162e-16,0.10319707674264138,0.4641114982578397,97.89686411149826,industry_crowding
industry,5d,industry_amount_share,家用电器,1311,1.4688304602872177e-17,9.616346772718881e-17,2.1643831639583393e-16,1.0773028123900101,0.5606407322654462,68.65141113653699,industry_crowding
industry,5d,stock_amount_share_in_industry,家用电器,2025,-0.06093267922444448,-0.06807293678417742,0.21045753361936426,-4.59606400889378,0.38074074074074077,70.54864197530864,liquidity_crowding
industry,5d,turnover_rate,家用电器,2025,-0.052738220215314546,-0.05953557713345067,0.19281650021710803,-4.341917267062851,0.38567901234567903,70.54172839506172,liquidity
industry,5d,log_amount,家用电器,2025,-0.06093267922444448,-0.06807293678417742,0.21045753361936426,-4.59606400889378,0.38074074074074077,70.54864197530864,liquidity
industry,5d,log_total_mv,家用电器,2025,-0.020942192344089963,-0.0200543008762187,0.25060616907136773,-1.3265714820092187,0.4671604938271605,70.54172839506172,size
industry,5d,stock_ret_1d,家用电器,2024,-0.009752309795625217,-0.011406043877845572,0.1814080658124909,-0.8533971070840949,0.4743083003952569,70.55632411067194,price_momentum_reversal
industry,5d,stock_rel_industry_ret_1d,家用电器,2024,-0.009752309795625217,-0.011406043877845572,0.1814080658124909,-0.8533971070840949,0.4743083003952569,70.55632411067194,relative_strength
industry,5d,stock_ret_5d,家用电器,2020,-0.02087047083718263,-0.020200478756254782,0.19130115257226174,-1.7318685696622746,0.4633663366336634,70.58366336633664,price_momentum_reversal
industry,5d,stock_rel_industry_ret_5d,家用电器,2020,-0.02087047083718263,-0.020200478756254782,0.19130115257226174,-1.7318685696622746,0.4633663366336634,70.58366336633664,relative_strength
industry,5d,industry_ret_5d,家用电器,1306,1.4123345770698172e-17,9.531575602936851e-17,2.1665755766985164e-16,1.0348181062684316,0.55895865237366,68.70367534456355,industry_strength
industry,5d,industry_breadth_20d,家用电器,1302,1.4684174801087616e-17,9.531575602936851e-17,2.1610545951841802e-16,1.0786587664686385,0.5591397849462365,68.74347158218126,industry_breadth
industry,5d,industry_amount_share_roll20d,家用电器,1302,1.4684174801087616e-17,9.531575602936851e-17,2.1610545951841802e-16,1.0786587664686385,0.5591397849462365,68.74347158218126,industry_crowding
industry,5d,stock_ret_20d,家用电器,2005,-0.03265422790651636,-0.027849927849927836,0.20496409915765776,-2.5290760669949193,0.4394014962593516,70.68728179551123,price_momentum
industry,5d,stock_rel_industry_ret_20d,家用电器,2005,-0.03265422790651636,-0.027849927849927836,0.20496409915765776,-2.5290760669949193,0.4394014962593516,70.68728179551123,relative_strength
industry,5d,industry_ret_20d,家用电器,1292,1.4481948951978064e-17,9.31443609086934e-17,2.1584944567352446e-16,1.0650655684634767,0.5572755417956656,68.8498452012384,industry_strength
industry,5d,industry_breadth_60d,家用电器,1283,1.450959368472235e-17,9.27290581655035e-17,2.1609813530665446e-16,1.0658706460347658,0.5565081839438816,68.95011691348402,industry_breadth
industry,5d,industry_amount_share_roll60d,家用电器,1283,1.450959368472235e-17,9.27290581655035e-17,2.1609813530665446e-16,1.0658706460347658,0.5565081839438816,68.95011691348402,industry_crowding
industry,5d,stock_ret_60d,家用电器,1965,-0.04683560614282709,-0.040548340548340556,0.20750286957361286,-3.5830453798981283,0.42544529262086517,70.96946564885496,price_momentum
industry,5d,stock_rel_industry_ret_60d,家用电器,1965,-0.04683560614282709,-0.040548340548340556,0.20750286957361286,-3.5830453798981283,0.42544529262086517,70.96946564885496,relative_strength
industry,5d,industry_ret_60d,家用电器,1252,1.3250765608416106e-17,8.929464860381818e-17,2.1758507274137906e-16,0.9667454675830617,0.549520766773163,69.27875399361022,industry_strength
industry,5d,industry_crowding_score,家用电器,1252,1.3250765608416106e-17,8.929464860381818e-17,2.1758507274137906e-16,0.9667454675830617,0.549520766773163,69.27875399361022,industry_crowding
industry,5d,industry_amount_share,服饰,623,4.140530525918599e-17,1.0561862113855352e-16,1.8409784133354995e-16,3.5703234719425327,0.6581059390048154,54.85232744783307,industry_crowding
industry,5d,stock_amount_share_in_industry,服饰,2025,-0.09282905085447744,-0.09013905354869552,0.1977854984247187,-7.450574029721296,0.31753086419753085,53.70617283950617,liquidity_crowding
industry,5d,turnover_rate,服饰,2025,-0.053621389650216546,-0.049183744398402944,0.21700213192079648,-3.9226028070529653,0.40296296296296297,53.70617283950617,liquidity
industry,5d,log_amount,服饰,2025,-0.09282905085447744,-0.09013905354869552,0.1977854984247187,-7.450574029721296,0.31753086419753085,53.70617283950617,liquidity
industry,5d,log_total_mv,服饰,2025,-0.04366343427776398,-0.04700390794615717,0.25811858381679426,-2.6853375710748093,0.41432098765432096,53.70617283950617,size
industry,5d,stock_ret_1d,服饰,2024,-0.008253774195665559,-0.007296871434167631,0.19462352357698753,-0.6732207956591116,0.4871541501976285,53.709486166007906,price_momentum_reversal
industry,5d,stock_rel_industry_ret_1d,服饰,2024,-0.008253774195665559,-0.007296871434167631,0.19462352357698753,-0.6732207956591116,0.4871541501976285,53.709486166007906,relative_strength
industry,5d,stock_ret_5d,服饰,2020,-0.020556553254537067,-0.016212181760695287,0.20653092853157554,-1.5800305003474229,0.4603960396039604,53.72128712871287,price_momentum_reversal
industry,5d,stock_rel_industry_ret_5d,服饰,2020,-0.020556553254537067,-0.016212181760695287,0.20653092853157554,-1.5800305003474229,0.4603960396039604,53.72128712871287,relative_strength
industry,5d,industry_ret_5d,服饰,623,4.140530525918599e-17,1.0561862113855352e-16,1.8409784133354995e-16,3.5703234719425327,0.6581059390048154,54.85232744783307,industry_strength
industry,5d,industry_breadth_20d,服饰,623,4.140530525918599e-17,1.0561862113855352e-16,1.8409784133354995e-16,3.5703234719425327,0.6581059390048154,54.85232744783307,industry_breadth
industry,5d,industry_amount_share_roll20d,服饰,623,4.140530525918599e-17,1.0561862113855352e-16,1.8409784133354995e-16,3.5703234719425327,0.6581059390048154,54.85232744783307,industry_crowding
industry,5d,stock_ret_20d,服饰,2005,-0.026039708740028998,-0.014982352521786016,0.21748976021265934,-1.9006299920871867,0.47082294264339153,53.761596009975065,price_momentum
industry,5d,stock_rel_industry_ret_20d,服饰,2005,-0.026039708740028998,-0.014982352521786016,0.21748976021265934,-1.9006299920871867,0.47082294264339153,53.761596009975065,relative_strength
industry,5d,industry_ret_20d,服饰,620,4.004804221988024e-17,1.056114506693219e-16,1.826833290203642e-16,3.480027239825706,0.6564516129032258,54.903225806451616,industry_strength
industry,5d,industry_breadth_60d,服饰,617,3.9806239395863946e-17,1.0561862113855352e-16,1.8206982650136392e-16,3.470670964890573,0.6564019448946515,54.970826580226905,industry_breadth
industry,5d,industry_amount_share_roll60d,服饰,617,3.9806239395863946e-17,1.0561862113855352e-16,1.8206982650136392e-16,3.470670964890573,0.6564019448946515,54.970826580226905,industry_crowding
industry,5d,stock_ret_60d,服饰,1965,-0.03199294659866918,-0.03702638304521169,0.2325614301763596,-2.183819914008754,0.4391857506361323,53.876335877862594,price_momentum
industry,5d,stock_rel_industry_ret_60d,服饰,1965,-0.03199294659866918,-0.03702638304521169,0.2325614301763596,-2.183819914008754,0.4391857506361323,53.876335877862594,relative_strength
industry,5d,industry_ret_60d,服饰,597,4.045346917924464e-17,1.0646669641224475e-16,1.8053545387511613e-16,3.55707923803602,0.6666666666666666,55.31825795644891,industry_strength
industry,5d,industry_crowding_score,服饰,597,4.045346917924464e-17,1.0646669641224475e-16,1.8053545387511613e-16,3.55707923803602,0.6666666666666666,55.31825795644891,industry_crowding
industry,5d,stock_ret_1d,农业综合,1865,-0.011839361329727606,-0.014662756598240468,0.233879936439894,-0.803591951591222,0.47828418230563,37.003753351206434,price_momentum_reversal
industry,5d,stock_ret_5d,农业综合,1864,-0.02130178090594908,-0.014008644271802175,0.2416989793579193,-1.3990761957616553,0.4742489270386266,37.00697424892704,price_momentum_reversal
industry,5d,stock_rel_industry_ret_1d,农业综合,1865,-0.011839361329727606,-0.014662756598240468,0.233879936439894,-0.803591951591222,0.47828418230563,37.003753351206434,relative_strength
industry,5d,stock_rel_industry_ret_5d,农业综合,1864,-0.02130178090594908,-0.014008644271802175,0.2416989793579193,-1.3990761957616553,0.4742489270386266,37.00697424892704,relative_strength
industry,5d,industry_ret_5d,农业综合,901,9.052456246390486e-17,1.5125705342077384e-16,1.9985345777219863e-16,7.190432904956485,0.7980022197558269,36.223085460599336,industry_strength
industry,5d,industry_ret_20d,农业综合,901,9.052456246390486e-17,1.5125705342077384e-16,1.9985345777219863e-16,7.190432904956485,0.7980022197558269,36.223085460599336,industry_strength
industry,5d,industry_ret_60d,农业综合,901,9.052456246390486e-17,1.5125705342077384e-16,1.9985345777219863e-16,7.190432904956485,0.7980022197558269,36.223085460599336,industry_strength
industry,5d,industry_breadth_20d,农业综合,901,9.052456246390486e-17,1.5125705342077384e-16,1.9985345777219863e-16,7.190432904956485,0.7980022197558269,36.223085460599336,industry_breadth
industry,5d,industry_breadth_60d,农业综合,901,9.052456246390486e-17,1.5125705342077384e-16,1.9985345777219863e-16,7.190432904956485,0.7980022197558269,36.223085460599336,industry_breadth
industry,5d,industry_amount_share,农业综合,901,9.052456246390486e-17,1.5125705342077384e-16,1.9985345777219863e-16,7.190432904956485,0.7980022197558269,36.223085460599336,industry_crowding
industry,5d,industry_amount_share_roll20d,农业综合,901,9.052456246390486e-17,1.5125705342077384e-16,1.9985345777219863e-16,7.190432904956485,0.7980022197558269,36.223085460599336,industry_crowding
industry,5d,industry_amount_share_roll60d,农业综合,901,9.052456246390486e-17,1.5125705342077384e-16,1.9985345777219863e-16,7.190432904956485,0.7980022197558269,36.223085460599336,industry_crowding
industry,5d,industry_crowding_score,农业综合,901,9.052456246390486e-17,1.5125705342077384e-16,1.9985345777219863e-16,7.190432904956485,0.7980022197558269,36.223085460599336,industry_crowding
industry,5d,stock_amount_share_in_industry,农业综合,1865,-0.048147733231048304,-0.04913010176168071,0.2632581092614317,-2.903316338741863,0.4337801608579088,37.003753351206434,liquidity_crowding
industry,5d,turnover_rate,农业综合,1865,-0.04082938176819319,-0.03663967611336031,0.23376397185908976,-2.7726528468194327,0.44664879356568365,36.81608579088472,liquidity
industry,5d,log_amount,农业综合,1865,-0.048147733231048304,-0.04913010176168071,0.2632581092614317,-2.903316338741863,0.4337801608579088,37.003753351206434,liquidity
industry,5d,log_total_mv,农业综合,1865,-0.016210231246596162,-0.020151730678046455,0.2584039891958299,-0.9958416053903734,0.4670241286863271,36.81608579088472,size
industry,5d,stock_ret_20d,农业综合,1847,-0.036857123480179686,-0.029268292682926834,0.2508149767610992,-2.3327502375419367,0.44612885760693016,37.06876015159718,price_momentum
industry,5d,stock_rel_industry_ret_20d,农业综合,1847,-0.036857123480179686,-0.029268292682926834,0.2508149767610992,-2.3327502375419367,0.44612885760693016,37.06876015159718,relative_strength
industry,5d,industry_amount_share,元器件,801,3.456486996174051e-17,2.7471132414767624e-17,1.3148073463716482e-16,4.173237255043559,0.630461922596754,201.8139825218477,industry_crowding
industry,5d,stock_amount_share_in_industry,元器件,2026,-0.04809885457916143,-0.05832818028082254,0.191585238363383,-3.9854095853298395,0.384995064165844,208.61944718657452,liquidity_crowding
industry,5d,turnover_rate,元器件,2026,-0.04787267324060318,-0.0469062654704714,0.1689719518714262,-4.4975223374422475,0.39585389930898324,208.606614017769,liquidity
industry,5d,log_amount,元器件,2026,-0.04809885457916143,-0.05832818028082254,0.191585238363383,-3.9854095853298395,0.384995064165844,208.61944718657452,liquidity
industry,5d,log_total_mv,元器件,2026,-0.020463361540835077,-0.030008664504138124,0.20234416574101957,-1.6054122072809804,0.43731490621915103,208.606614017769,size
industry,5d,stock_ret_1d,元器件,2025,-0.016811727698264077,-0.01603568067855164,0.14260253761241043,-1.8714807468505565,0.45382716049382715,208.6641975308642,price_momentum_reversal
industry,5d,stock_rel_industry_ret_1d,元器件,2025,-0.016811727698264077,-0.01603568067855164,0.14260253761241043,-1.8714807468505565,0.45382716049382715,208.6641975308642,relative_strength
industry,5d,stock_ret_5d,元器件,2021,-0.03259112950515381,-0.029241601328197375,0.1491566572700558,-3.468622528643141,0.42454230578921326,208.83077684314696,price_momentum_reversal
industry,5d,stock_rel_industry_ret_5d,元器件,2021,-0.03259112950515381,-0.029241601328197375,0.1491566572700558,-3.468622528643141,0.42454230578921326,208.83077684314696,relative_strength
industry,5d,industry_ret_5d,元器件,798,3.45991014885309e-17,2.7471122114863266e-17,1.3170268954051585e-16,4.170330239008979,0.6303258145363408,202.12406015037595,industry_strength
industry,5d,industry_breadth_20d,元器件,795,3.444800960679983e-17,2.7471111814958912e-17,1.3181401300695508e-16,4.14861202545805,0.630188679245283,202.43396226415095,industry_breadth
industry,5d,industry_amount_share_roll20d,元器件,795,3.444800960679983e-17,2.7471111814958912e-17,1.3181401300695508e-16,4.14861202545805,0.630188679245283,202.43396226415095,industry_crowding
industry,5d,stock_ret_20d,元器件,2006,-0.04325504677206795,-0.039491737862687074,0.1642659188427661,-4.180128081841564,0.39531405782652046,209.43419740777668,price_momentum
industry,5d,stock_rel_industry_ret_20d,元器件,2006,-0.04325504677206795,-0.039491737862687074,0.1642659188427661,-4.180128081841564,0.39531405782652046,209.43419740777668,relative_strength
industry,5d,industry_ret_20d,元器件,788,3.501839137998148e-17,2.7471122114863266e-17,1.3051040807835973e-16,4.259428329240884,0.631979695431472,203.14213197969542,industry_strength
industry,5d,industry_breadth_60d,元器件,781,3.4449832941700086e-17,2.7471085735667544e-17,1.299108345947988e-16,4.209611505726173,0.6312419974391805,203.9282970550576,industry_breadth
industry,5d,industry_amount_share_roll60d,元器件,781,3.4449832941700086e-17,2.7471085735667544e-17,1.299108345947988e-16,4.209611505726173,0.6312419974391805,203.9282970550576,industry_crowding
industry,5d,stock_ret_60d,元器件,1966,-0.03754916870890721,-0.038365556730632036,0.17588969822429407,-3.388911232798568,0.41200406917599186,211.1230925737538,price_momentum
industry,5d,stock_rel_industry_ret_60d,元器件,1966,-0.03754916870890721,-0.038365556730632036,0.17588969822429407,-3.388911232798568,0.41200406917599186,211.1230925737538,relative_strength
industry,5d,industry_ret_60d,元器件,760,3.4621743507567245e-17,2.7471098775313226e-17,1.2743679712941794e-16,4.312750728510391,0.6355263157894737,206.24736842105264,industry_strength
industry,5d,industry_crowding_score,元器件,760,3.4621743507567245e-17,2.7471098775313226e-17,1.2743679712941794e-16,4.312750728510391,0.6355263157894737,206.24736842105264,industry_crowding
industry,5d,stock_ret_1d,火力发电,865,-0.002239949436662439,-0.010033469756073419,0.25992154449544824,-0.13680318429021543,0.48554913294797686,30.346820809248555,price_momentum_reversal
industry,5d,stock_rel_industry_ret_1d,火力发电,865,-0.002239949436662439,-0.010033469756073419,0.25992154449544824,-0.13680318429021543,0.48554913294797686,30.346820809248555,relative_strength
industry,5d,industry_ret_5d,火力发电,865,7.682643361185096e-17,1.603538287424187e-16,1.79000835120685e-16,6.813274496152873,0.8023121387283237,30.346820809248555,industry_strength
industry,5d,industry_ret_20d,火力发电,865,7.682643361185096e-17,1.603538287424187e-16,1.79000835120685e-16,6.813274496152873,0.8023121387283237,30.346820809248555,industry_strength
industry,5d,industry_ret_60d,火力发电,865,7.682643361185096e-17,1.603538287424187e-16,1.79000835120685e-16,6.813274496152873,0.8023121387283237,30.346820809248555,industry_strength
industry,5d,industry_breadth_20d,火力发电,865,7.682643361185096e-17,1.603538287424187e-16,1.79000835120685e-16,6.813274496152873,0.8023121387283237,30.346820809248555,industry_breadth
industry,5d,industry_breadth_60d,火力发电,865,7.682643361185096e-17,1.603538287424187e-16,1.79000835120685e-16,6.813274496152873,0.8023121387283237,30.346820809248555,industry_breadth
industry,5d,industry_amount_share,火力发电,865,7.682643361185096e-17,1.603538287424187e-16,1.79000835120685e-16,6.813274496152873,0.8023121387283237,30.346820809248555,industry_crowding
industry,5d,industry_amount_share_roll20d,火力发电,865,7.682643361185096e-17,1.603538287424187e-16,1.79000835120685e-16,6.813274496152873,0.8023121387283237,30.346820809248555,industry_crowding
industry,5d,industry_amount_share_roll60d,火力发电,865,7.682643361185096e-17,1.603538287424187e-16,1.79000835120685e-16,6.813274496152873,0.8023121387283237,30.346820809248555,industry_crowding
industry,5d,industry_crowding_score,火力发电,865,7.682643361185096e-17,1.603538287424187e-16,1.79000835120685e-16,6.813274496152873,0.8023121387283237,30.346820809248555,industry_crowding
industry,5d,stock_amount_share_in_industry,火力发电,865,-0.047361682906977495,-0.03715239154616239,0.28684307742299,-2.621096575266027,0.45895953757225433,30.346820809248555,liquidity_crowding
industry,5d,turnover_rate,火力发电,865,-0.04788492998530818,-0.04649610678531705,0.27973280584939286,-2.717413481143336,0.4393063583815029,30.346820809248555,liquidity
industry,5d,log_amount,火力发电,865,-0.047361682906977495,-0.03715239154616239,0.28684307742299,-2.621096575266027,0.45895953757225433,30.346820809248555,liquidity
industry,5d,log_total_mv,火力发电,865,-0.0015064864611089885,0.013125695216907669,0.3417084299430991,-0.06998578051312115,0.5132947976878612,30.346820809248555,size
industry,5d,stock_ret_5d,火力发电,864,-0.00813389122089475,-0.0060066740823136585,0.27207445191621477,-0.4745815686148923,0.4930555555555556,30.34722222222222,price_momentum_reversal
industry,5d,stock_rel_industry_ret_5d,火力发电,864,-0.00813389122089475,-0.0060066740823136585,0.27207445191621477,-0.4745815686148923,0.4930555555555556,30.34722222222222,relative_strength
industry,5d,stock_ret_20d,火力发电,850,-0.024252065119475762,-0.02703156789825168,0.29622471040831755,-1.2996538944525915,0.4647058823529412,30.352941176470587,price_momentum
industry,5d,stock_rel_industry_ret_20d,火力发电,850,-0.024252065119475762,-0.02703156789825168,0.29622471040831755,-1.2996538944525915,0.4647058823529412,30.352941176470587,relative_strength
industry,5d,industry_amount_share,汽车配件,1032,1.2549913382301676e-17,5.41693062316402e-18,1.366326937235477e-16,1.4580968381764066,0.5116279069767442,184.1298449612403,industry_crowding
industry,5d,stock_amount_share_in_industry,汽车配件,2026,-0.07256365543871028,-0.08111044669559417,0.1849826810638521,-6.227136034848721,0.3464955577492596,182.24827245804542,liquidity_crowding
industry,5d,turnover_rate,汽车配件,2026,-0.05984579938891381,-0.06732960653684887,0.1853727837257786,-5.124930392019839,0.3751233958538993,181.9496544916091,liquidity
industry,5d,log_amount,汽车配件,2026,-0.07256365543871028,-0.08111044669559417,0.1849826810638521,-6.227136034848721,0.3464955577492596,182.24827245804542,liquidity
industry,5d,log_total_mv,汽车配件,2026,-0.03264089956317743,-0.0321441119058886,0.19706534159466782,-2.6293726369571124,0.4353405725567621,181.9496544916091,size
industry,5d,stock_ret_1d,汽车配件,2025,-0.015311967922548372,-0.01699838672026638,0.1420305074421737,-1.7113925706090392,0.4528395061728395,182.28,price_momentum_reversal
industry,5d,stock_rel_industry_ret_1d,汽车配件,2025,-0.015311967922548372,-0.01699838672026638,0.1420305074421737,-1.7113925706090392,0.4528395061728395,182.28,relative_strength
industry,5d,stock_ret_5d,汽车配件,2021,-0.03349535800565139,-0.03231311957011884,0.15567368145283628,-3.415621183913952,0.4210786739238001,182.3958436417615,price_momentum_reversal
industry,5d,stock_rel_industry_ret_5d,汽车配件,2021,-0.03349535800565139,-0.03231311957011884,0.15567368145283628,-3.415621183913952,0.4210786739238001,182.3958436417615,relative_strength
industry,5d,industry_ret_5d,汽车配件,1027,1.2449779960206655e-17,5.41693062316402e-18,1.3534807233481003e-16,1.4601916858055262,0.5121713729308666,184.45277507302825,industry_strength
industry,5d,industry_breadth_20d,汽车配件,1024,1.2348326541149972e-17,5.127352194493303e-18,1.3553064077966194e-16,1.4463416219871006,0.5107421875,184.642578125,industry_breadth
industry,5d,industry_amount_share_roll20d,汽车配件,1024,1.2348326541149972e-17,5.127352194493303e-18,1.3553064077966194e-16,1.4463416219871006,0.5107421875,184.642578125,industry_crowding
industry,5d,stock_ret_20d,汽车配件,2006,-0.046957543528592764,-0.045484587821972025,0.16680683033240648,-4.468809176731074,0.3848454636091725,182.83250249252242,price_momentum
industry,5d,stock_rel_industry_ret_20d,汽车配件,2006,-0.046957543528592764,-0.045484587821972025,0.16680683033240648,-4.468809176731074,0.3848454636091725,182.83250249252242,relative_strength
industry,5d,industry_ret_20d,汽车配件,1015,1.2249050946081973e-17,5.416930623164019e-18,1.3570443056116282e-16,1.4328762502099837,0.5113300492610837,185.2334975369458,industry_strength
industry,5d,industry_breadth_60d,汽车配件,1010,1.245581679192628e-17,5.6221287512714725e-18,1.3516707728949246e-16,1.4628559380789896,0.5128712871287129,185.590099009901,industry_breadth
industry,5d,industry_amount_share_roll60d,汽车配件,1010,1.245581679192628e-17,5.6221287512714725e-18,1.3516707728949246e-16,1.4628559380789896,0.5128712871287129,185.590099009901,industry_crowding
industry,5d,stock_ret_60d,汽车配件,1966,-0.03982645239638027,-0.037902495352417055,0.18162241520021022,-3.480987361387736,0.4145473041709054,183.99694811800612,price_momentum
industry,5d,stock_rel_industry_ret_60d,汽车配件,1966,-0.03982645239638027,-0.037902495352417055,0.18162241520021022,-3.480987361387736,0.4145473041709054,183.99694811800612,relative_strength
industry,5d,industry_ret_60d,汽车配件,988,1.2541089754880297e-17,5.127352194493303e-18,1.3477267609269855e-16,1.4771809371061757,0.5111336032388664,187.0587044534413,industry_strength
industry,5d,industry_crowding_score,汽车配件,988,1.2541089754880297e-17,5.127352194493303e-18,1.3477267609269855e-16,1.4771809371061757,0.5111336032388664,187.0587044534413,industry_crowding
industry,5d,industry_amount_share,通信设备,1240,-1.9550001125599113e-18,-1.860992149101945e-17,2.0847377692909998e-16,-0.14886603544471425,0.39838709677419354,103.77338709677419,industry_crowding
industry,5d,stock_amount_share_in_industry,通信设备,2025,-0.053614379368699484,-0.06012288786482334,0.20573811185510799,-4.136821706808015,0.38222222222222224,107.20444444444445,liquidity_crowding
industry,5d,turnover_rate,通信设备,2025,-0.0482025765429853,-0.051556038897811046,0.20189246512085324,-3.790097763449083,0.3995061728395062,107.08839506172839,liquidity
industry,5d,log_amount,通信设备,2025,-0.053614379368699484,-0.06012288786482334,0.20573811185510799,-4.136821706808015,0.38222222222222224,107.20444444444445,liquidity
industry,5d,log_total_mv,通信设备,2025,-0.020656626740416482,-0.024686899433774886,0.2169101669264522,-1.5117492569859972,0.45382716049382715,107.08839506172839,size
industry,5d,stock_ret_1d,通信设备,2024,-0.014329412056883997,-0.011762151417686495,0.1686156801447475,-1.3490581909253085,0.4817193675889328,107.21837944664031,price_momentum_reversal
industry,5d,stock_rel_industry_ret_1d,通信设备,2024,-0.014329412056883997,-0.011762151417686495,0.1686156801447475,-1.3490581909253085,0.4817193675889328,107.21837944664031,relative_strength
industry,5d,stock_ret_5d,通信设备,2020,-0.029133898122638283,-0.03296244259550254,0.17435518274940945,-2.6525526091820244,0.42574257425742573,107.27227722772277,price_momentum_reversal
industry,5d,stock_rel_industry_ret_5d,通信设备,2020,-0.029133898122638283,-0.03296244259550254,0.17435518274940945,-2.6525526091820244,0.42574257425742573,107.27227722772277,relative_strength
industry,5d,industry_ret_5d,通信设备,1235,-2.0959660303148552e-18,-1.860992149101945e-17,2.086305449515872e-16,-0.15948014344512745,0.3967611336032389,103.8744939271255,industry_strength
industry,5d,industry_breadth_20d,通信设备,1231,-2.4634937418797312e-18,-1.860992149101945e-17,2.082708350474067e-16,-0.18776873283945295,0.39561332250203085,103.95857026807474,industry_breadth
industry,5d,industry_amount_share_roll20d,通信设备,1231,-2.4634937418797312e-18,-1.860992149101945e-17,2.082708350474067e-16,-0.18776873283945295,0.39561332250203085,103.95857026807474,industry_crowding
industry,5d,stock_ret_20d,通信设备,2005,-0.04696539771442664,-0.04826435877261998,0.19129607263985932,-3.897375231896625,0.400997506234414,107.48478802992518,price_momentum
industry,5d,stock_rel_industry_ret_20d,通信设备,2005,-0.04696539771442664,-0.04826435877261998,0.19129607263985932,-3.897375231896625,0.400997506234414,107.48478802992518,relative_strength
industry,5d,industry_ret_20d,通信设备,1224,-2.596102088975943e-18,-1.860992149101945e-17,2.072100442766488e-16,-0.19888921493772416,0.3954248366013072,104.12091503267973,industry_strength
industry,5d,industry_breadth_60d,通信设备,1215,-2.2415702347374774e-18,-1.860992149101945e-17,2.067245253287256e-16,-0.17213160493568044,0.3958847736625514,104.37530864197531,industry_breadth
industry,5d,industry_amount_share_roll60d,通信设备,1215,-2.2415702347374774e-18,-1.860992149101945e-17,2.067245253287256e-16,-0.17213160493568044,0.3958847736625514,104.37530864197531,industry_crowding
industry,5d,stock_ret_60d,通信设备,1965,-0.03735337274679183,-0.040764233267981384,0.1971839153051964,-3.0071743356311504,0.4162849872773537,108.0615776081425,price_momentum
industry,5d,stock_rel_industry_ret_60d,通信设备,1965,-0.03735337274679183,-0.040764233267981384,0.1971839153051964,-3.0071743356311504,0.4162849872773537,108.0615776081425,relative_strength
industry,5d,industry_ret_60d,通信设备,1190,-2.8332267174771177e-18,-1.9159181942129757e-17,2.069777533473103e-16,-0.21729910140815786,0.38907563025210085,104.95966386554622,industry_strength
industry,5d,industry_crowding_score,通信设备,1190,-2.8332267174771177e-18,-1.9159181942129757e-17,2.069777533473103e-16,-0.21729910140815786,0.38907563025210085,104.95966386554622,industry_crowding
industry,5d,industry_amount_share,IT设备,1243,-2.6008598125614325e-17,-5.876286118264142e-17,2.1618056921959415e-16,-1.9098557147353228,0.39662107803700725,64.13596138374899,industry_crowding
industry,5d,stock_amount_share_in_industry,IT设备,2021,-0.05662135919777407,-0.06765708405685253,0.2180854667230358,-4.121486064599267,0.3854527461652647,59.53933696190005,liquidity_crowding
industry,5d,turnover_rate,IT设备,2021,-0.056698176368637165,-0.05292944883915364,0.20421200401581371,-4.4074570988689805,0.40029688273132114,59.4220682830282,liquidity
industry,5d,log_amount,IT设备,2021,-0.05662135919777407,-0.06765708405685253,0.2180854667230358,-4.121486064599267,0.3854527461652647,59.53933696190005,liquidity
industry,5d,log_total_mv,IT设备,2021,-0.01938787877742681,-0.023441984965152412,0.2361764076735201,-1.3031489351395418,0.45719940623453736,59.4220682830282,size
industry,5d,stock_ret_1d,IT设备,2020,-0.018364347083136744,-0.017483202343578398,0.18307990915706926,-1.592337321853367,0.4608910891089109,59.55,price_momentum_reversal
industry,5d,stock_rel_industry_ret_1d,IT设备,2020,-0.018364347083136744,-0.017483202343578398,0.18307990915706926,-1.592337321853367,0.4608910891089109,59.55,relative_strength
industry,5d,stock_ret_5d,IT设备,2016,-0.03636225864285155,-0.03455797995867055,0.19711165109425155,-2.928456829726183,0.43005952380952384,59.589285714285715,price_momentum_reversal
industry,5d,stock_rel_industry_ret_5d,IT设备,2016,-0.03636225864285155,-0.03455797995867055,0.19711165109425155,-2.928456829726183,0.43005952380952384,59.589285714285715,relative_strength
industry,5d,industry_ret_5d,IT设备,1243,-2.6008598125614325e-17,-5.876286118264142e-17,2.1618056921959415e-16,-1.9098557147353228,0.39662107803700725,64.13596138374899,industry_strength
industry,5d,industry_breadth_20d,IT设备,1242,-2.6134190709909826e-17,-6.090964586579211e-17,2.1622228058923808e-16,-1.9187079836340641,0.3961352657004831,64.15780998389694,industry_breadth
industry,5d,industry_amount_share_roll20d,IT设备,1242,-2.6134190709909826e-17,-6.090964586579211e-17,2.1622228058923808e-16,-1.9187079836340641,0.3961352657004831,64.15780998389694,industry_crowding
industry,5d,stock_ret_20d,IT设备,2001,-0.05533639057685921,-0.058163737280296016,0.20341318710647355,-4.318490752765405,0.39580209895052476,59.721639180409795,price_momentum
industry,5d,stock_rel_industry_ret_20d,IT设备,2001,-0.05533639057685921,-0.058163737280296016,0.20341318710647355,-4.318490752765405,0.39580209895052476,59.721639180409795,relative_strength
industry,5d,industry_ret_20d,IT设备,1237,-2.716448335288501e-17,-6.305643054894281e-17,2.1580422265531718e-16,-1.9982130069830761,0.3936944219886823,64.26758286176234,industry_strength
industry,5d,industry_breadth_60d,IT设备,1232,-2.781767333560812e-17,-6.305643054894281e-17,2.1540306676104766e-16,-2.050072363549864,0.39204545454545453,64.37987012987013,industry_breadth
industry,5d,industry_amount_share_roll60d,IT设备,1232,-2.781767333560812e-17,-6.305643054894281e-17,2.1540306676104766e-16,-2.050072363549864,0.39204545454545453,64.37987012987013,industry_crowding
industry,5d,stock_ret_60d,IT设备,1962,-0.04575131323967156,-0.04255368043934288,0.21564522429578334,-3.3679372417937117,0.41743119266055045,60.07084607543323,price_momentum
industry,5d,stock_rel_industry_ret_60d,IT设备,1962,-0.04575131323967156,-0.04255368043934288,0.21564522429578334,-3.3679372417937117,0.41743119266055045,60.07084607543323,relative_strength
industry,5d,industry_ret_60d,IT设备,1218,-3.0772691478767303e-17,-6.410493947197245e-17,2.1413399488104782e-16,-2.2812880935648385,0.3850574712643678,64.68637110016421,industry_strength
industry,5d,industry_crowding_score,IT设备,1218,-3.0772691478767303e-17,-6.410493947197245e-17,2.1413399488104782e-16,-2.2812880935648385,0.3850574712643678,64.68637110016421,industry_crowding
industry,5d,industry_amount_share,环境保护,1296,1.1979859711901156e-17,-1.1424100674951066e-17,2.1382538135938534e-16,0.8893910349920529,0.4845679012345679,92.19367283950618,industry_crowding
industry,5d,stock_amount_share_in_industry,环境保护,2026,-0.08031449386161743,-0.07732080363894123,0.1870356551407895,-6.8166311050771045,0.34995064165844025,88.5350444225074,liquidity_crowding
industry,5d,turnover_rate,环境保护,2026,-0.06700909419062628,-0.0789231874758777,0.2026222037195704,-5.249851069238268,0.34797630799605134,88.30306021717671,liquidity
industry,5d,log_amount,环境保护,2026,-0.08031449386161743,-0.07732080363894123,0.1870356551407895,-6.8166311050771045,0.34995064165844025,88.5350444225074,liquidity
industry,5d,log_total_mv,环境保护,2026,-0.032065005631397116,-0.042774222515367444,0.21505677736084836,-2.366892084862247,0.4106614017769003,88.30306021717671,size
industry,5d,stock_ret_1d,环境保护,2025,-0.019225962510133445,-0.01713554987212278,0.17294831639310618,-1.7647046208433108,0.4508641975308642,88.55308641975309,price_momentum_reversal
industry,5d,stock_rel_industry_ret_1d,环境保护,2025,-0.019225962510133445,-0.01713554987212278,0.17294831639310618,-1.7647046208433108,0.4508641975308642,88.55308641975309,relative_strength
industry,5d,stock_ret_5d,环境保护,2021,-0.04445165953213354,-0.0398839906780127,0.17924338550740002,-3.9368159495497945,0.40227610094012867,88.61702127659575,price_momentum_reversal
industry,5d,stock_rel_industry_ret_5d,环境保护,2021,-0.04445165953213354,-0.0398839906780127,0.17924338550740002,-3.9368159495497945,0.40227610094012867,88.61702127659575,relative_strength
industry,5d,industry_ret_5d,环境保护,1294,1.1821158778046541e-17,-1.2230813909365318e-17,2.1395128608341996e-16,0.8770925449765652,0.48377125193199383,92.25579598145286,industry_strength
industry,5d,industry_breadth_20d,环境保护,1292,1.1935308798217188e-17,-1.2230813909365318e-17,2.1394605607475576e-16,0.8855837629409758,0.48374613003095973,92.31656346749226,industry_breadth
industry,5d,industry_amount_share_roll20d,环境保护,1292,1.1935308798217188e-17,-1.2230813909365318e-17,2.1394605607475576e-16,0.8855837629409758,0.48374613003095973,92.31656346749226,industry_crowding
industry,5d,stock_ret_20d,环境保护,2006,-0.05262738522712233,-0.043794650461232834,0.19685876319319273,-4.243823476405189,0.41126620139581255,88.85044865403789,price_momentum
industry,5d,stock_rel_industry_ret_20d,环境保护,2006,-0.05262738522712233,-0.043794650461232834,0.19685876319319273,-4.243823476405189,0.41126620139581255,88.85044865403789,relative_strength
industry,5d,industry_ret_20d,环境保护,1282,1.0811692592077305e-17,-1.6950120920793084e-17,2.1439710936500572e-16,0.8005252477993946,0.4797191887675507,92.60842433697348,industry_strength
industry,5d,industry_breadth_60d,环境保护,1275,1.00681398220148e-17,-1.867042059834102e-17,2.141242477066429e-16,0.7464206717187465,0.4776470588235294,92.82117647058824,industry_breadth
industry,5d,industry_amount_share_roll60d,环境保护,1275,1.00681398220148e-17,-1.867042059834102e-17,2.141242477066429e-16,0.7464206717187465,0.4776470588235294,92.82117647058824,industry_crowding
industry,5d,stock_ret_60d,环境保护,1966,-0.04001391759245026,-0.03682910703043186,0.18966054026218196,-3.3491481607520908,0.42472024415055953,89.55645981688708,price_momentum
industry,5d,stock_rel_industry_ret_60d,环境保护,1966,-0.04001391759245026,-0.03682910703043186,0.18966054026218196,-3.3491481607520908,0.42472024415055953,89.55645981688708,relative_strength
industry,5d,industry_ret_60d,环境保护,1260,1.013396761306084e-17,-1.883946797161604e-17,2.1391682826662162e-16,0.7520294214101922,0.4746031746031746,93.2968253968254,industry_strength
industry,5d,industry_crowding_score,环境保护,1260,1.013396761306084e-17,-1.883946797161604e-17,2.1391682826662162e-16,0.7520294214101922,0.4746031746031746,93.2968253968254,industry_crowding
industry,5d,industry_amount_share,化学制药,1005,1.3624880450182204e-17,1.0833861246328039e-17,2.1119169570308666e-16,1.0241324648914505,0.5253731343283582,106.34328358208955,industry_crowding
industry,5d,stock_amount_share_in_industry,化学制药,2027,-0.05801736820360905,-0.06379115805722016,0.19597967839063068,-4.699452389647993,0.36852491366551554,117.61716822890972,liquidity_crowding
industry,5d,turnover_rate,化学制药,2027,-0.05638715009097547,-0.055026551913568936,0.19077176565046544,-4.692089810199758,0.38135175135668475,117.45337937839172,liquidity
industry,5d,log_amount,化学制药,2027,-0.05801736820360905,-0.06379115805722016,0.19597967839063068,-4.699452389647993,0.36852491366551554,117.61716822890972,liquidity
industry,5d,log_total_mv,化学制药,2027,-0.02045748548637197,-0.030686456400742114,0.22904249706666716,-1.4178701264569058,0.4538727183029107,117.45337937839172,size
industry,5d,stock_ret_1d,化学制药,2026,-0.011989855943407535,-0.014237421053131766,0.16230623735558766,-1.1726786696033518,0.46396841066140176,117.63622902270484,price_momentum_reversal
industry,5d,stock_rel_industry_ret_1d,化学制药,2026,-0.011989855943407535,-0.014237421053131766,0.16230623735558766,-1.1726786696033518,0.46396841066140176,117.63622902270484,relative_strength
industry,5d,stock_ret_5d,化学制药,2022,-0.024661960731805942,-0.017467351335035394,0.171078876021128,-2.2883976019882484,0.4540059347181009,117.70276953511375,price_momentum_reversal
industry,5d,stock_rel_industry_ret_5d,化学制药,2022,-0.024661960731805942,-0.017467351335035394,0.171078876021128,-2.2883976019882484,0.4540059347181009,117.70276953511375,relative_strength
industry,5d,industry_ret_5d,化学制药,1000,1.321485448178064e-17,1.0833861246328039e-17,2.116318389067741e-16,0.9912464613446151,0.523,106.479,industry_strength
industry,5d,industry_breadth_20d,化学制药,996,1.2490860192658385e-17,1.0833861246328039e-17,2.1143693970673267e-16,0.9378032933191789,0.5210843373493976,106.58935742971887,industry_breadth
industry,5d,industry_amount_share_roll20d,化学制药,996,1.2490860192658385e-17,1.0833861246328039e-17,2.1143693970673267e-16,0.9378032933191789,0.5210843373493976,106.58935742971887,industry_crowding
industry,5d,stock_ret_20d,化学制药,2007,-0.03218256870360849,-0.022734924148906877,0.18151944346390825,-2.814477778781699,0.4499252615844544,117.95017438963627,price_momentum
industry,5d,stock_rel_industry_ret_20d,化学制药,2007,-0.03218256870360849,-0.022734924148906877,0.18151944346390825,-2.814477778781699,0.4499252615844544,117.95017438963627,relative_strength
industry,5d,industry_ret_20d,化学制药,985,1.2429578848375164e-17,1.0833861246328039e-17,2.12183605781347e-16,0.9299184377503003,0.5187817258883248,106.88730964467005,industry_strength
industry,5d,industry_breadth_60d,化学制药,976,1.1241124026499955e-17,9.061059567097363e-18,2.1137083688115796e-16,0.8442380908301107,0.5163934426229508,107.16905737704919,industry_breadth
industry,5d,industry_amount_share_roll60d,化学制药,976,1.1241124026499955e-17,9.061059567097363e-18,2.1137083688115796e-16,0.8442380908301107,0.5163934426229508,107.16905737704919,industry_crowding
industry,5d,stock_ret_60d,化学制药,1967,-0.039733831087472464,-0.03950938997221243,0.1844499943106936,-3.419653204745191,0.40874428063040164,118.57041179461109,price_momentum
industry,5d,stock_rel_industry_ret_60d,化学制药,1967,-0.039733831087472464,-0.03950938997221243,0.1844499943106936,-3.419653204745191,0.40874428063040164,118.57041179461109,relative_strength
industry,5d,industry_ret_60d,化学制药,952,1.2164441048109354e-17,1.0833861246328039e-17,2.089694286726576e-16,0.9240802175466064,0.5210084033613446,107.80042016806723,industry_strength
industry,5d,industry_crowding_score,化学制药,952,1.2164441048109354e-17,1.0833861246328039e-17,2.089694286726576e-16,0.9240802175466064,0.5210084033613446,107.80042016806723,industry_crowding
industry,5d,industry_amount_share,证券,361,6.566258134195252e-17,9.84107529275933e-17,2.250890861438977e-16,4.630882740239853,0.7008310249307479,40.313019390581715,industry_crowding
industry,5d,stock_amount_share_in_industry,证券,2014,-0.043377292615148666,-0.037258279118744214,0.25645026193554,-2.685094441489996,0.4483614697120159,45.4364448857994,liquidity_crowding
industry,5d,turnover_rate,证券,2014,-0.052611756279549546,-0.06583208497630948,0.2893180705645721,-2.8867389350910617,0.4195630585898709,45.4364448857994,liquidity
industry,5d,log_amount,证券,2014,-0.043377292615148666,-0.037258279118744214,0.25645026193554,-2.685094441489996,0.4483614697120159,45.4364448857994,liquidity
industry,5d,log_total_mv,证券,2014,0.001920446009063849,0.013514403030476815,0.2819387869299021,0.10813033428222966,0.5148957298907646,45.4364448857994,size
industry,5d,stock_ret_1d,证券,2013,-0.00455936039812393,-0.006401137980085332,0.22996047474487383,-0.31473931590205845,0.4873323397913562,45.44162940884252,price_momentum_reversal
industry,5d,stock_rel_industry_ret_1d,证券,2013,-0.00455936039812393,-0.006401137980085332,0.22996047474487383,-0.31473931590205845,0.4873323397913562,45.44162940884252,relative_strength
industry,5d,stock_ret_5d,证券,2009,-0.042180661379975906,-0.04542726117182544,0.23911077108587211,-2.8003641903918397,0.4275759084121453,45.4629168740667,price_momentum_reversal
industry,5d,stock_rel_industry_ret_5d,证券,2009,-0.042180661379975906,-0.04542726117182544,0.23911077108587211,-2.8003641903918397,0.4275759084121453,45.4629168740667,relative_strength
industry,5d,industry_ret_5d,证券,357,6.464310174857998e-17,9.841075292759327e-17,2.261326477757381e-16,4.537944597160563,0.6974789915966386,40.372549019607845,industry_strength
industry,5d,industry_breadth_20d,证券,353,6.363169390438913e-17,9.393753688542997e-17,2.272109617028446e-16,4.445744245200046,0.6940509915014165,40.43342776203966,industry_breadth
industry,5d,industry_amount_share_roll20d,证券,353,6.363169390438913e-17,9.393753688542997e-17,2.272109617028446e-16,4.445744245200046,0.6940509915014165,40.43342776203966,industry_crowding
industry,5d,stock_ret_20d,证券,1994,-0.05223713034171999,-0.043235538971664766,0.24404415379936284,-3.3979045333283886,0.4292878635907723,45.543129388164495,price_momentum
industry,5d,stock_rel_industry_ret_20d,证券,1994,-0.05223713034171999,-0.043235538971664766,0.24404415379936284,-3.3979045333283886,0.4292878635907723,45.543129388164495,relative_strength
industry,5d,industry_ret_20d,证券,344,6.133390774950913e-17,8.946432084326665e-17,2.2969369043072197e-16,4.23888701174198,0.686046511627907,40.575581395348834,industry_strength
industry,5d,industry_breadth_60d,证券,339,6.079552394936919e-17,8.946432084326665e-17,2.3051703509608285e-16,4.186671161951853,0.6843657817109144,40.657817109144545,industry_breadth
industry,5d,industry_amount_share_roll60d,证券,339,6.079552394936919e-17,8.946432084326665e-17,2.3051703509608285e-16,4.186671161951853,0.6843657817109144,40.657817109144545,industry_crowding
industry,5d,stock_ret_60d,证券,1954,-0.03809750938770508,-0.04371806942211601,0.240011615878998,-2.5197914286356764,0.43193449334698053,45.74872057318321,price_momentum
industry,5d,stock_rel_industry_ret_60d,证券,1954,-0.03809750938770508,-0.04371806942211601,0.240011615878998,-2.5197914286356764,0.43193449334698053,45.74872057318321,relative_strength
industry,5d,industry_ret_60d,证券,335,5.960179441147087e-17,8.946432084326663e-17,2.3162984715281483e-16,4.084746270248574,0.6805970149253732,40.72537313432836,industry_strength
industry,5d,industry_crowding_score,证券,335,5.960179441147087e-17,8.946432084326663e-17,2.3162984715281483e-16,4.084746270248574,0.6805970149253732,40.72537313432836,industry_crowding
industry,5d,industry_amount_share,生物制药,1158,1.9568564077860046e-17,3.723801229870911e-17,2.068536103936905e-16,1.5017447546439988,0.5785837651122625,57.74611398963731,industry_crowding
industry,5d,stock_amount_share_in_industry,生物制药,1782,-0.035167899547640116,-0.040719700155937164,0.24692039384285386,-2.260943656070136,0.4276094276094276,57.02581369248036,liquidity_crowding
industry,5d,turnover_rate,生物制药,1782,-0.03820490466643582,-0.04461427461133152,0.22426895719022907,-2.704271100469293,0.4298540965207632,56.868125701459036,liquidity
industry,5d,log_amount,生物制药,1782,-0.035167899547640116,-0.040719700155937164,0.24692039384285386,-2.260943656070136,0.4276094276094276,57.02581369248036,liquidity
industry,5d,log_total_mv,生物制药,1782,-0.01373510660098718,-0.022349448813039276,0.2664052758823241,-0.8184449690829462,0.46296296296296297,56.868125701459036,size
industry,5d,stock_ret_1d,生物制药,1781,-0.0040798408061745095,-0.0015572858731924346,0.1975465467865595,-0.3278491374551965,0.4974733295901179,57.04098820887142,price_momentum_reversal
industry,5d,stock_rel_industry_ret_1d,生物制药,1781,-0.0040798408061745095,-0.0015572858731924346,0.1975465467865595,-0.3278491374551965,0.4974733295901179,57.04098820887142,relative_strength
industry,5d,stock_ret_5d,生物制药,1778,-0.015409045502086731,-0.010106085491944927,0.2071496071857383,-1.1808422780018684,0.484814398200225,57.08661417322835,price_momentum_reversal
industry,5d,stock_rel_industry_ret_5d,生物制药,1778,-0.015409045502086731,-0.010106085491944927,0.2071496071857383,-1.1808422780018684,0.484814398200225,57.08661417322835,relative_strength
industry,5d,industry_ret_5d,生物制药,1154,1.925289975859031e-17,3.723801229870911e-17,2.0686299811470002e-16,1.4774527656176037,0.5779896013864818,57.842287694974004,industry_strength
industry,5d,industry_breadth_20d,生物制药,1150,1.8974098316636102e-17,3.723801229870911e-17,2.069885500011405e-16,1.455174563923419,0.577391304347826,57.93913043478261,industry_breadth
industry,5d,industry_amount_share_roll20d,生物制药,1150,1.8974098316636102e-17,3.723801229870911e-17,2.069885500011405e-16,1.455174563923419,0.577391304347826,57.93913043478261,industry_crowding
industry,5d,industry_amount_share,农药化肥,901,4.4950709461222833e-17,1.169190245072428e-16,2.2034591786347695e-16,3.2384098505695964,0.7336293007769146,50.11098779134295,industry_crowding
industry,5d,stock_amount_share_in_industry,农药化肥,2024,-0.049017785238821124,-0.05102688009664756,0.24544016110352537,-3.1703581592677845,0.41205533596837945,47.330533596837945,liquidity_crowding
industry,5d,turnover_rate,农药化肥,2024,-0.03637026186648603,-0.0338287727078936,0.21836634999526444,-2.643997154848392,0.44021739130434784,47.21442687747036,liquidity
industry,5d,log_amount,农药化肥,2024,-0.049017785238821124,-0.05102688009664756,0.24544016110352537,-3.1703581592677845,0.41205533596837945,47.330533596837945,liquidity
industry,5d,log_total_mv,农药化肥,2024,-0.021905560379572173,-0.0385924348188499,0.2555483837196871,-1.360759890168526,0.4481225296442688,47.21442687747036,size
industry,5d,stock_ret_1d,农药化肥,2023,-0.008016721987073405,-0.014491274695318523,0.20230073844019275,-0.629070942734407,0.4745427582797825,47.33465150766189,price_momentum_reversal
industry,5d,stock_rel_industry_ret_1d,农药化肥,2023,-0.008016721987073405,-0.014491274695318523,0.20230073844019275,-0.629070942734407,0.4745427582797825,47.33465150766189,relative_strength
industry,5d,stock_ret_5d,农药化肥,2019,-0.028183882977564186,-0.025651867512332595,0.2131748451749625,-2.0987714177321553,0.4398216939078752,47.344725111441306,price_momentum_reversal
industry,5d,stock_rel_industry_ret_5d,农药化肥,2019,-0.028183882977564186,-0.025651867512332595,0.2131748451749625,-2.0987714177321553,0.4398216939078752,47.344725111441306,relative_strength
industry,5d,industry_ret_5d,农药化肥,897,4.4374005402780805e-17,1.1690844312123018e-16,2.2066679569199794e-16,3.1922133804524697,0.7324414715719063,50.16053511705686,industry_strength
industry,5d,industry_breadth_20d,农药化肥,894,4.448245266369792e-17,1.1690844312123018e-16,2.206528401790431e-16,3.2002173375747502,0.732662192393736,50.19798657718121,industry_breadth
industry,5d,industry_amount_share_roll20d,农药化肥,894,4.448245266369792e-17,1.1690844312123018e-16,2.206528401790431e-16,3.2002173375747502,0.732662192393736,50.19798657718121,industry_crowding
industry,5d,stock_ret_20d,农药化肥,2004,-0.043444653063142435,-0.044300962792170925,0.2219764793104984,-3.10691695329864,0.42065868263473055,47.37974051896207,price_momentum
industry,5d,stock_rel_industry_ret_20d,农药化肥,2004,-0.043444653063142435,-0.044300962792170925,0.2219764793104984,-3.10691695329864,0.42065868263473055,47.37974051896207,relative_strength
industry,5d,industry_ret_20d,农药化肥,885,4.420582444026235e-17,1.167699250973007e-16,2.2116688683760348e-16,3.1729239302100556,0.7322033898305085,50.31638418079096,industry_strength
industry,5d,industry_breadth_60d,农药化肥,883,4.442959868465513e-17,1.167699250973007e-16,2.2116209806788706e-16,3.189054634503892,0.7327293318233296,50.346545866364664,industry_breadth
industry,5d,industry_amount_share_roll60d,农药化肥,883,4.442959868465513e-17,1.167699250973007e-16,2.2116209806788706e-16,3.189054634503892,0.7327293318233296,50.346545866364664,industry_crowding
industry,5d,stock_ret_60d,农药化肥,1964,-0.01945563439290863,-0.01045110217274196,0.24120087747858263,-1.2804622621790098,0.4775967413441955,47.47046843177189,price_momentum
industry,5d,stock_rel_industry_ret_60d,农药化肥,1964,-0.01945563439290863,-0.01045110217274196,0.24120087747858263,-1.2804622621790098,0.4775967413441955,47.47046843177189,relative_strength
industry,5d,industry_ret_60d,农药化肥,866,4.231733596205929e-17,1.1653677109677369e-16,2.2197324707791965e-16,3.026341649083789,0.7286374133949192,50.569284064665126,industry_strength
industry,5d,industry_crowding_score,农药化肥,866,4.231733596205929e-17,1.1653677109677369e-16,2.2197324707791965e-16,3.026341649083789,0.7286374133949192,50.569284064665126,industry_crowding
industry,5d,industry_amount_share,百货,525,1.0235465167567084e-16,1.5389984399842228e-16,1.3626329560984247e-16,11.924192174531775,0.8819047619047619,33.88952380952381,industry_crowding
industry,5d,stock_amount_share_in_industry,百货,1964,-0.10258872537978975,-0.10787271688916972,0.23286148838317416,-6.993623288039661,0.32179226069246436,33.483706720977594,liquidity_crowding
industry,5d,turnover_rate,百货,1964,-0.06508641022721061,-0.073109243697479,0.23583110024839452,-4.381164019751951,0.3874745417515275,33.483706720977594,liquidity
industry,5d,log_amount,百货,1964,-0.10258872537978975,-0.10787271688916972,0.23286148838317416,-6.993623288039661,0.32179226069246436,33.483706720977594,liquidity
industry,5d,log_total_mv,百货,1964,-0.06314454193007957,-0.06065699006875479,0.24724777995723213,-4.054186159980385,0.395112016293279,33.483706720977594,size
industry,5d,stock_ret_1d,百货,1963,-0.005390851014419444,-0.0009165902841429882,0.21764914753529196,-0.3931883391413162,0.49821701477330615,33.48497198166072,price_momentum_reversal
industry,5d,stock_rel_industry_ret_1d,百货,1963,-0.005390851014419444,-0.0009165902841429882,0.21764914753529196,-0.3931883391413162,0.49821701477330615,33.48497198166072,relative_strength
industry,5d,stock_ret_5d,百货,1959,-0.03561798305400761,-0.039438502673796866,0.22856593998828734,-2.4737629421281073,0.4374680959673303,33.486472690148034,price_momentum_reversal
industry,5d,stock_rel_industry_ret_5d,百货,1959,-0.03561798305400761,-0.039438502673796866,0.22856593998828734,-2.4737629421281073,0.4374680959673303,33.486472690148034,relative_strength
industry,5d,industry_ret_5d,百货,523,1.025917968828808e-16,1.5389984399842228e-16,1.3646652773701825e-16,11.93402011211536,0.8814531548757171,33.90057361376673,industry_strength
industry,5d,industry_breadth_20d,百货,523,1.025917968828808e-16,1.5389984399842228e-16,1.3646652773701825e-16,11.93402011211536,0.8814531548757171,33.90057361376673,industry_breadth
industry,5d,industry_amount_share_roll20d,百货,523,1.025917968828808e-16,1.5389984399842228e-16,1.3646652773701825e-16,11.93402011211536,0.8814531548757171,33.90057361376673,industry_crowding
industry,5d,industry_ret_20d,百货,516,1.0321616305930082e-16,1.5389984399842228e-16,1.3720214844621225e-16,11.942275037081934,0.8798449612403101,33.94186046511628,industry_strength
industry,5d,stock_ret_20d,百货,1943,-0.056198166044627,-0.055147058823529445,0.2395796637002332,-3.723680946761076,0.4050437467833248,33.495625321667525,price_momentum
industry,5d,stock_rel_industry_ret_20d,百货,1943,-0.056198166044627,-0.055147058823529445,0.2395796637002332,-3.723680946761076,0.4050437467833248,33.495625321667525,relative_strength
industry,5d,industry_breadth_60d,百货,511,1.0405727666507649e-16,1.5389984399842228e-16,1.3707801293283675e-16,12.05049607615754,0.8806262230919765,33.974559686888455,industry_breadth
industry,5d,industry_amount_share_roll60d,百货,511,1.0405727666507649e-16,1.5389984399842228e-16,1.3707801293283675e-16,12.05049607615754,0.8806262230919765,33.974559686888455,industry_crowding
industry,5d,industry_ret_60d,百货,505,1.0430953212309082e-16,1.5389984399842228e-16,1.3756940941267855e-16,12.036560273803163,0.8811881188118812,34.013861386138615,industry_strength
industry,5d,industry_crowding_score,百货,505,1.0430953212309082e-16,1.5389984399842228e-16,1.3756940941267855e-16,12.036560273803163,0.8811881188118812,34.013861386138615,industry_crowding
industry,5d,stock_ret_60d,百货,1902,-0.05701270120329323,-0.05516456582633055,0.24288807089917036,-3.7261960638297134,0.4206098843322818,33.50630914826498,price_momentum
industry,5d,stock_rel_industry_ret_60d,百货,1902,-0.05701270120329323,-0.05516456582633055,0.24288807089917036,-3.7261960638297134,0.4206098843322818,33.50630914826498,relative_strength
industry,5d,industry_amount_share,中成药,796,1.8050006372910985e-17,2.4815649811809616e-17,1.909382694667234e-16,1.5006680900345015,0.5452261306532663,61.87688442211055,industry_crowding
industry,5d,stock_amount_share_in_industry,中成药,2026,-0.06847709941447337,-0.0689310635065058,0.2352487681190615,-4.6208116710404985,0.3770977295162882,62.05725567620928,liquidity_crowding
industry,5d,turnover_rate,中成药,2026,-0.05743729485331075,-0.05863092570516899,0.2556038040568038,-3.5671956931058513,0.4106614017769003,61.82428430404738,liquidity
industry,5d,log_amount,中成药,2026,-0.06847709941447337,-0.0689310635065058,0.2352487681190615,-4.6208116710404985,0.3770977295162882,62.05725567620928,liquidity
industry,5d,log_total_mv,中成药,2026,-0.01938779422314334,-0.023438902849673853,0.2711200047019266,-1.1351862148481473,0.4713721618953603,61.82428430404738,size
industry,5d,stock_ret_1d,中成药,2025,-0.01442159507381876,-0.013644688644688643,0.20429989906576504,-1.1205865763619214,0.4765432098765432,62.06074074074074,price_momentum_reversal
industry,5d,stock_rel_industry_ret_1d,中成药,2025,-0.01442159507381876,-0.013644688644688643,0.20429989906576504,-1.1205865763619214,0.4765432098765432,62.06074074074074,relative_strength
industry,5d,stock_ret_5d,中成药,2021,-0.03559987948513733,-0.03185386133987654,0.21391309413711124,-2.641869910810747,0.4388916378030678,62.06679861454725,price_momentum_reversal
industry,5d,stock_rel_industry_ret_5d,中成药,2021,-0.03559987948513733,-0.03185386133987654,0.21391309413711124,-2.641869910810747,0.4388916378030678,62.06679861454725,relative_strength
industry,5d,industry_ret_5d,中成药,791,1.765866000119472e-17,2.4815649811809616e-17,1.9009290768820695e-16,1.474660683073025,0.5448798988621998,61.91276864728192,industry_strength
industry,5d,industry_breadth_20d,中成药,790,1.795436062770238e-17,2.4815649811809616e-17,1.9003120962272595e-16,1.4998412081166637,0.5455696202531646,61.91898734177215,industry_breadth
industry,5d,industry_amount_share_roll20d,中成药,790,1.795436062770238e-17,2.4815649811809616e-17,1.9003120962272595e-16,1.4998412081166637,0.5455696202531646,61.91898734177215,industry_crowding
industry,5d,stock_ret_20d,中成药,2006,-0.049100208885788636,-0.051208669074742974,0.22397305426278333,-3.4800688625883502,0.4047856430707876,62.09272183449651,price_momentum
industry,5d,stock_rel_industry_ret_20d,中成药,2006,-0.049100208885788636,-0.051208669074742974,0.22397305426278333,-3.4800688625883502,0.4047856430707876,62.09272183449651,relative_strength
industry,5d,industry_ret_20d,中成药,786,1.7343551788668483e-17,2.4815649811809616e-17,1.9031625975421667e-16,1.446646490719601,0.5432569974554707,61.94529262086514,industry_strength
industry,5d,industry_breadth_60d,中成药,777,1.7355674836054042e-17,2.442282293740676e-17,1.9050244099020774e-16,1.4462428684867414,0.5418275418275418,62.02831402831403,industry_breadth
industry,5d,industry_amount_share_roll60d,中成药,777,1.7355674836054042e-17,2.442282293740676e-17,1.9050244099020774e-16,1.4462428684867414,0.5418275418275418,62.02831402831403,industry_crowding
industry,5d,stock_ret_60d,中成药,1966,-0.05126360727217366,-0.05529223633253698,0.23002993451570483,-3.5377332024844055,0.40488301119023395,62.16734486266531,price_momentum
industry,5d,stock_rel_industry_ret_60d,中成药,1966,-0.05126360727217366,-0.05529223633253698,0.23002993451570483,-3.5377332024844055,0.40488301119023395,62.16734486266531,relative_strength
industry,5d,industry_ret_60d,中成药,748,1.5824175248554994e-17,2.442165053873401e-17,1.9076499546117655e-16,1.3168086412027535,0.5307486631016043,62.27139037433155,industry_strength
industry,5d,industry_crowding_score,中成药,748,1.5824175248554994e-17,2.442165053873401e-17,1.9076499546117655e-16,1.3168086412027535,0.5307486631016043,62.27139037433155,industry_crowding
industry,5d,stock_ret_1d,医疗保健,2026,-0.012934793193510548,-0.013324595383397034,0.1594736021314074,-1.2875703160657461,0.4600197433366239,124.54146100691017,price_momentum_reversal
industry,5d,stock_ret_5d,医疗保健,2022,-0.022006516827255178,-0.015292915927186557,0.17490028602493993,-1.9973816648661034,0.4638971315529179,124.65924826904056,price_momentum_reversal
industry,5d,stock_rel_industry_ret_1d,医疗保健,2026,-0.012934793193510548,-0.013324595383397034,0.1594736021314074,-1.2875703160657461,0.4600197433366239,124.54146100691017,relative_strength
industry,5d,stock_rel_industry_ret_5d,医疗保健,2022,-0.022006516827255178,-0.015292915927186557,0.17490028602493993,-1.9973816648661034,0.4638971315529179,124.65924826904056,relative_strength
industry,5d,industry_ret_5d,医疗保健,952,2.905252165314552e-18,-2.0054871540825626e-17,1.985529115909265e-16,0.2322778748626161,0.4338235294117647,112.6470588235294,industry_strength
industry,5d,industry_breadth_20d,医疗保健,952,2.905252165314552e-18,-2.0054871540825626e-17,1.985529115909265e-16,0.2322778748626161,0.4338235294117647,112.6470588235294,industry_breadth
industry,5d,industry_amount_share,医疗保健,952,2.905252165314552e-18,-2.0054871540825626e-17,1.985529115909265e-16,0.2322778748626161,0.4338235294117647,112.6470588235294,industry_crowding
industry,5d,industry_amount_share_roll20d,医疗保健,952,2.905252165314552e-18,-2.0054871540825626e-17,1.985529115909265e-16,0.2322778748626161,0.4338235294117647,112.6470588235294,industry_crowding
industry,5d,stock_amount_share_in_industry,医疗保健,2027,-0.049467565217649924,-0.06350341742743391,0.20758890734914362,-3.7828285875500667,0.38085841144548593,124.50863344844598,liquidity_crowding
industry,5d,turnover_rate,医疗保健,2027,-0.041900030701887074,-0.037297017814809534,0.18413019215875473,-3.612348193312635,0.4094721262950173,124.39269856931426,liquidity
industry,5d,log_amount,医疗保健,2027,-0.049467565217649924,-0.06350341742743391,0.20758890734914362,-3.7828285875500667,0.38085841144548593,124.50863344844598,liquidity
industry,5d,log_total_mv,医疗保健,2027,-0.01877092535696493,-0.027110613936961278,0.24368604035348768,-1.2227996392664455,0.4573260976813024,124.39269856931426,size
industry,5d,stock_ret_20d,医疗保健,2007,-0.030406274035012535,-0.0212615727176843,0.1881083984772415,-2.5659919507248365,0.45789735924265074,125.07424015944196,price_momentum
industry,5d,stock_rel_industry_ret_20d,医疗保健,2007,-0.030406274035012535,-0.0212615727176843,0.1881083984772415,-2.5659919507248365,0.45789735924265074,125.07424015944196,relative_strength
industry,5d,industry_ret_20d,医疗保健,946,3.4075753255179033e-18,-1.9179745734669006e-17,1.98187967190991e-16,0.2729407949278415,0.43446088794926,112.97040169133193,industry_strength
industry,5d,industry_breadth_60d,医疗保健,942,3.908141793441351e-18,-1.8761489942587814e-17,1.982383135545245e-16,0.3129557880640409,0.43524416135881105,113.21019108280255,industry_breadth
industry,5d,industry_amount_share_roll60d,医疗保健,942,3.908141793441351e-18,-1.8761489942587814e-17,1.982383135545245e-16,0.3129557880640409,0.43524416135881105,113.21019108280255,industry_crowding
industry,5d,stock_ret_60d,医疗保健,1967,-0.023639274625918926,-0.014118687298405121,0.2024212189552658,-1.853866175402178,0.46009150991357395,126.18962887646161,price_momentum
industry,5d,stock_rel_industry_ret_60d,医疗保健,1967,-0.023639274625918926,-0.014118687298405121,0.2024212189552658,-1.853866175402178,0.46009150991357395,126.18962887646161,relative_strength
industry,5d,industry_ret_60d,医疗保健,923,2.86646703732651e-18,-2.166933461441663e-17,1.9770137307447416e-16,0.23016407435692923,0.4301191765980498,114.28060671722643,industry_strength
industry,5d,industry_crowding_score,医疗保健,923,2.86646703732651e-18,-2.166933461441663e-17,1.9770137307447416e-16,0.23016407435692923,0.4301191765980498,114.28060671722643,industry_crowding
industry,5d,industry_amount_share,食品,1400,2.9829734467802467e-17,6.83762275120341e-17,2.3396222328690774e-16,2.0239692878994804,0.5942857142857143,74.21142857142857,industry_crowding
industry,5d,stock_amount_share_in_industry,食品,2026,-0.057109391262477445,-0.053534139822036475,0.21538831738015632,-4.209065244893016,0.3914116485686081,71.53208292201381,liquidity_crowding
industry,5d,turnover_rate,食品,2026,-0.04999417442454674,-0.04889655934254067,0.1970306236382652,-4.027967330769222,0.40078973346495556,71.45557749259625,liquidity
industry,5d,log_amount,食品,2026,-0.057109391262477445,-0.053534139822036475,0.21538831738015632,-4.209065244893016,0.3914116485686081,71.53208292201381,liquidity
industry,5d,log_total_mv,食品,2026,-0.016127370267885976,-0.022230045998903804,0.2726843045269442,-0.9388661610936376,0.4684106614017769,71.45557749259625,size
industry,5d,stock_ret_1d,食品,2025,-0.01018010598760681,-0.012049062049062035,0.1867723249598301,-0.8652468860987844,0.47802469135802467,71.54320987654322,price_momentum_reversal
industry,5d,stock_rel_industry_ret_1d,食品,2025,-0.01018010598760681,-0.012049062049062035,0.1867723249598301,-0.8652468860987844,0.47802469135802467,71.54320987654322,relative_strength
industry,5d,stock_ret_5d,食品,2021,-0.023471528055263115,-0.02136986301369865,0.1956343499325098,-1.90456817464801,0.4636318654131618,71.58535378525482,price_momentum_reversal
industry,5d,stock_rel_industry_ret_5d,食品,2021,-0.023471528055263115,-0.02136986301369865,0.1956343499325098,-1.90456817464801,0.4636318654131618,71.58535378525482,relative_strength
industry,5d,industry_ret_5d,食品,1400,2.9829734467802467e-17,6.83762275120341e-17,2.3396222328690774e-16,2.0239692878994804,0.5942857142857143,74.21142857142857,industry_strength
industry,5d,industry_breadth_20d,食品,1400,2.9829734467802467e-17,6.83762275120341e-17,2.3396222328690774e-16,2.0239692878994804,0.5942857142857143,74.21142857142857,industry_breadth
industry,5d,industry_amount_share_roll20d,食品,1400,2.9829734467802467e-17,6.83762275120341e-17,2.3396222328690774e-16,2.0239692878994804,0.5942857142857143,74.21142857142857,industry_crowding
industry,5d,stock_ret_20d,食品,2006,-0.04924274269139589,-0.03649756951643743,0.20976588972364077,-3.726555863047752,0.4242273180458624,71.74376869391824,price_momentum
industry,5d,stock_rel_industry_ret_20d,食品,2006,-0.04924274269139589,-0.03649756951643743,0.20976588972364077,-3.726555863047752,0.4242273180458624,71.74376869391824,relative_strength
industry,5d,industry_ret_20d,食品,1400,2.9829734467802467e-17,6.83762275120341e-17,2.3396222328690774e-16,2.0239692878994804,0.5942857142857143,74.21142857142857,industry_strength
industry,5d,industry_breadth_60d,食品,1397,2.9576297490917714e-17,6.83762275120341e-17,2.341129304981567e-16,2.0054815689981216,0.5934144595561919,74.27702219040802,industry_breadth
industry,5d,industry_amount_share_roll60d,食品,1397,2.9576297490917714e-17,6.83762275120341e-17,2.341129304981567e-16,2.0054815689981216,0.5934144595561919,74.27702219040802,industry_crowding
industry,5d,stock_ret_60d,食品,1966,-0.03603110896572341,-0.026822914117485865,0.22418191528231962,-2.551392791834858,0.4577822990844354,72.20396744659206,price_momentum
industry,5d,stock_rel_industry_ret_60d,食品,1966,-0.03603110896572341,-0.026822914117485865,0.22418191528231962,-2.551392791834858,0.4577822990844354,72.20396744659206,relative_strength
industry,5d,industry_ret_60d,食品,1383,2.937968097069787e-17,6.83762275120341e-17,2.344027992868409e-16,1.9896860366013653,0.5936370209689081,74.5820679681851,industry_strength
industry,5d,industry_crowding_score,食品,1383,2.937968097069787e-17,6.83762275120341e-17,2.344027992868409e-16,1.9896860366013653,0.5936370209689081,74.5820679681851,industry_crowding
industry,5d,industry_amount_share,化工原料,1041,3.4145087475994366e-17,2.1667949530289333e-17,1.4351531960445345e-16,3.776854354155954,0.5667627281460135,188.12295869356387,industry_crowding
industry,5d,stock_amount_share_in_industry,化工原料,2026,-0.06966704048929281,-0.08200787777346678,0.18958764015749682,-5.833344311667601,0.35389930898321814,185.56367226061204,liquidity_crowding
industry,5d,turnover_rate,化工原料,2026,-0.05667206581931932,-0.058844437155292674,0.17025077721832238,-5.284211733727099,0.36920039486673245,185.2847976307996,liquidity
industry,5d,log_amount,化工原料,2026,-0.06966704048929281,-0.08200787777346678,0.18958764015749682,-5.833344311667601,0.35389930898321814,185.56367226061204,liquidity
industry,5d,log_total_mv,化工原料,2026,-0.033946471190640495,-0.03721801242871129,0.193619067846727,-2.783215155123629,0.4244817374136229,185.2847976307996,size
industry,5d,stock_ret_1d,化工原料,2025,-0.013901769645588816,-0.016798177075029824,0.14315198065467266,-1.5416045980388178,0.45185185185185184,185.6004938271605,price_momentum_reversal
industry,5d,stock_rel_industry_ret_1d,化工原料,2025,-0.013901769645588816,-0.016798177075029824,0.14315198065467266,-1.5416045980388178,0.45185185185185184,185.6004938271605,relative_strength
industry,5d,stock_ret_5d,化工原料,2021,-0.03130393472600874,-0.03274714008813678,0.15715553846572697,-3.1620556482346385,0.41712023750618504,185.72538347352796,price_momentum_reversal
industry,5d,stock_rel_industry_ret_5d,化工原料,2021,-0.03130393472600874,-0.03274714008813678,0.15715553846572697,-3.1620556482346385,0.41712023750618504,185.72538347352796,relative_strength
industry,5d,industry_ret_5d,化工原料,1039,3.3796419412339116e-17,2.1667722492656078e-17,1.4320791853577096e-16,3.7463118750860196,0.5659287776708374,188.26756496631376,industry_strength
industry,5d,industry_breadth_20d,化工原料,1036,3.429967589585497e-17,2.1667836011472705e-17,1.4285231417381623e-16,3.8115621575495204,0.5666023166023166,188.488416988417,industry_breadth
industry,5d,industry_amount_share_roll20d,化工原料,1036,3.429967589585497e-17,2.1667836011472705e-17,1.4285231417381623e-16,3.8115621575495204,0.5666023166023166,188.488416988417,industry_crowding
industry,5d,stock_ret_20d,化工原料,2006,-0.04366999436875532,-0.04082124579874036,0.16114860979315584,-4.301865650728987,0.39531405782652046,186.1999002991027,price_momentum
industry,5d,stock_rel_industry_ret_20d,化工原料,2006,-0.04366999436875532,-0.04082124579874036,0.16114860979315584,-4.301865650728987,0.39531405782652046,186.1999002991027,relative_strength
industry,5d,industry_ret_20d,化工原料,1032,3.456470324378714e-17,2.1979076363820338e-17,1.4302510696816605e-16,3.8363729639788136,0.5668604651162791,188.78682170542635,industry_strength
industry,5d,industry_breadth_60d,化工原料,1026,3.505850664321706e-17,2.218833920754423e-17,1.4242154059112634e-16,3.907671109170859,0.5682261208576999,189.28265107212476,industry_breadth
industry,5d,industry_amount_share_roll60d,化工原料,1026,3.505850664321706e-17,2.218833920754423e-17,1.4242154059112634e-16,3.907671109170859,0.5682261208576999,189.28265107212476,industry_crowding
industry,5d,stock_ret_60d,化工原料,1966,-0.04061615552334273,-0.03611937084628372,0.17674990512238808,-3.64787454856775,0.4242115971515768,187.45371312309257,price_momentum
industry,5d,stock_rel_industry_ret_60d,化工原料,1966,-0.04061615552334273,-0.03611937084628372,0.17674990512238808,-3.64787454856775,0.4242115971515768,187.45371312309257,relative_strength
industry,5d,industry_ret_60d,化工原料,1003,3.443615237245588e-17,2.176983571173481e-17,1.4098957613022732e-16,3.87728644009641,0.5682951146560319,190.90827517447656,industry_strength
industry,5d,industry_crowding_score,化工原料,1003,3.443615237245588e-17,2.176983571173481e-17,1.4098957613022732e-16,3.87728644009641,0.5682951146560319,190.90827517447656,industry_crowding
industry,5d,industry_amount_share,专用机械,984,1.7078609543257775e-17,0.0,1.414858517568924e-16,1.9161952815412848,0.4969512195121951,181.23069105691056,industry_crowding
industry,5d,stock_amount_share_in_industry,专用机械,2026,-0.06411327162063495,-0.06908133424861418,0.1749712750929645,-5.816764118229453,0.3588351431391905,190.79318854886475,liquidity_crowding
industry,5d,turnover_rate,专用机械,2026,-0.0597961393694749,-0.06831532938061066,0.16526585986146308,-5.74368042858971,0.35735439289239884,190.49555774925963,liquidity
industry,5d,log_amount,专用机械,2026,-0.06411327162063495,-0.06908133424861418,0.1749712750929645,-5.816764118229453,0.3588351431391905,190.79318854886475,liquidity
industry,5d,log_total_mv,专用机械,2026,-0.027395923542206244,-0.029501831624201943,0.18949677721309996,-2.2950089715174338,0.4378084896347483,190.49555774925963,size
industry,5d,stock_ret_1d,专用机械,2025,-0.01302355719952036,-0.014068967024036757,0.14134863905780132,-1.4626427434337832,0.4582716049382716,190.83308641975307,price_momentum_reversal
industry,5d,stock_rel_industry_ret_1d,专用机械,2025,-0.01302355719952036,-0.014068967024036757,0.14134863905780132,-1.4626427434337832,0.4582716049382716,190.83308641975307,relative_strength
industry,5d,stock_ret_5d,专用机械,2021,-0.03345634726859359,-0.029879725022847494,0.14553379845997522,-3.649345056034847,0.4082137555665512,190.99109351806035,price_momentum_reversal
industry,5d,stock_rel_industry_ret_5d,专用机械,2021,-0.03345634726859359,-0.029879725022847494,0.14553379845997522,-3.649345056034847,0.4082137555665512,190.99109351806035,relative_strength
industry,5d,industry_ret_5d,专用机械,979,1.620729412541126e-17,0.0,1.4048210291159164e-16,1.8314277246305974,0.49540347293156284,181.59754851889684,industry_strength
industry,5d,industry_breadth_20d,专用机械,975,1.6721751338805393e-17,0.0,1.4016894890697475e-16,1.8937830042787316,0.49641025641025643,181.89435897435897,industry_breadth
industry,5d,industry_amount_share_roll20d,专用机械,975,1.6721751338805393e-17,0.0,1.4016894890697475e-16,1.8937830042787316,0.49641025641025643,181.89435897435897,industry_crowding
industry,5d,stock_ret_20d,专用机械,2006,-0.04786804429993209,-0.05431550391538048,0.15426102879763395,-4.925946959583058,0.37038883349950147,191.58474576271186,price_momentum
industry,5d,stock_rel_industry_ret_20d,专用机械,2006,-0.04786804429993209,-0.05431550391538048,0.15426102879763395,-4.925946959583058,0.37038883349950147,191.58474576271186,relative_strength
industry,5d,industry_ret_20d,专用机械,969,1.747461297055963e-17,0.0,1.3952293385513222e-16,1.9882099193187424,0.4984520123839009,182.3642930856553,industry_strength
industry,5d,industry_breadth_60d,专用机械,960,1.6688202912603546e-17,0.0,1.3861547368268928e-16,1.9111647594151688,0.4979166666666667,183.15416666666667,industry_breadth
industry,5d,industry_amount_share_roll60d,专用机械,960,1.6688202912603546e-17,0.0,1.3861547368268928e-16,1.9111647594151688,0.4979166666666667,183.15416666666667,industry_crowding
industry,5d,stock_ret_60d,专用机械,1966,-0.04379772426300516,-0.04332597790941211,0.17016131641450677,-4.085930533408089,0.40335707019328587,193.19837232960325,price_momentum
industry,5d,stock_rel_industry_ret_60d,专用机械,1966,-0.04379772426300516,-0.04332597790941211,0.17016131641450677,-4.085930533408089,0.40335707019328587,193.19837232960325,relative_strength
industry,5d,industry_ret_60d,专用机械,938,1.706151867945826e-17,2.6517774815814555e-18,1.382506718807562e-16,1.9590733904221855,0.5010660980810234,184.92430703624734,industry_strength
industry,5d,industry_crowding_score,专用机械,938,1.706151867945826e-17,2.6517774815814555e-18,1.382506718807562e-16,1.9590733904221855,0.5010660980810234,184.92430703624734,industry_crowding
industry,5d,industry_amount_share,机械基件,1042,2.6351091792172785e-17,6.123091287239411e-17,2.0513990427154913e-16,2.039147943585945,0.5623800383877159,81.27543186180422,industry_crowding
industry,5d,stock_amount_share_in_industry,机械基件,2025,-0.07597890060096935,-0.07918313570487488,0.19385518108519637,-6.221797367074191,0.3530864197530864,86.07851851851852,liquidity_crowding
industry,5d,turnover_rate,机械基件,2025,-0.06728125035501947,-0.06802821040258594,0.195701735305808,-5.457574182222638,0.3639506172839506,86.01333333333334,liquidity
industry,5d,log_amount,机械基件,2025,-0.07597890060096935,-0.07918313570487488,0.19385518108519637,-6.221797367074191,0.3530864197530864,86.07851851851852,liquidity
industry,5d,log_total_mv,机械基件,2025,-0.03563511366827439,-0.038450961386741214,0.1974930324970165,-2.864353669060107,0.42320987654320985,86.01333333333334,size
industry,5d,stock_ret_1d,机械基件,2024,-0.016235410945319977,-0.012312987786989662,0.17289005301055996,-1.4907113178441478,0.4683794466403162,86.09881422924902,price_momentum_reversal
industry,5d,stock_rel_industry_ret_1d,机械基件,2024,-0.016235410945319977,-0.012312987786989662,0.17289005301055996,-1.4907113178441478,0.4683794466403162,86.09881422924902,relative_strength
industry,5d,stock_ret_5d,机械基件,2020,-0.032961460373138136,-0.03280437174370482,0.1681832244344727,-3.111172138246579,0.4321782178217822,86.17376237623762,price_momentum_reversal
industry,5d,stock_rel_industry_ret_5d,机械基件,2020,-0.032961460373138136,-0.03280437174370482,0.1681832244344727,-3.111172138246579,0.4321782178217822,86.17376237623762,relative_strength
industry,5d,industry_ret_5d,机械基件,1038,2.658852576405673e-17,6.1954434900055e-17,2.052629566034791e-16,2.056288033561397,0.5635838150289018,81.41522157996147,industry_strength
industry,5d,industry_breadth_20d,机械基件,1034,2.6827796749262787e-17,6.330107619106286e-17,2.053781703257737e-16,2.0736287106778906,0.5647969052224371,81.55609284332688,industry_breadth
industry,5d,industry_amount_share_roll20d,机械基件,1034,2.6827796749262787e-17,6.330107619106286e-17,2.053781703257737e-16,2.0736287106778906,0.5647969052224371,81.55609284332688,industry_crowding
industry,5d,stock_ret_20d,机械基件,2005,-0.04710228715639534,-0.04673485977509826,0.17503763714154888,-4.271799141029163,0.3945137157107232,86.4633416458853,price_momentum
industry,5d,stock_rel_industry_ret_20d,机械基件,2005,-0.04710228715639534,-0.04673485977509826,0.17503763714154888,-4.271799141029163,0.3945137157107232,86.4633416458853,relative_strength
industry,5d,industry_ret_20d,机械基件,1031,2.68685480944515e-17,6.410098197996889e-17,2.0542687274918969e-16,2.0762861858123904,0.565470417070805,81.66246362754607,industry_strength
industry,5d,industry_breadth_60d,机械基件,1026,2.593387658471619e-17,6.1954434900055e-17,2.0485784352442834e-16,2.009625410319762,0.564327485380117,81.85282651072124,industry_breadth
industry,5d,industry_amount_share_roll60d,机械基件,1026,2.593387658471619e-17,6.1954434900055e-17,2.0485784352442834e-16,2.009625410319762,0.564327485380117,81.85282651072124,industry_crowding
industry,5d,stock_ret_60d,机械基件,1965,-0.04073621513911938,-0.04211056493825271,0.19128029141407413,-3.3807318197405527,0.4208651399491094,87.26310432569974,price_momentum
industry,5d,stock_rel_industry_ret_60d,机械基件,1965,-0.04073621513911938,-0.04211056493825271,0.19128029141407413,-3.3807318197405527,0.4208651399491094,87.26310432569974,relative_strength
industry,5d,industry_ret_60d,机械基件,1015,2.460615260688814e-17,6.140769939795318e-17,2.0370503827005638e-16,1.9175302016916094,0.5635467980295567,82.26403940886699,industry_strength
industry,5d,industry_crowding_score,机械基件,1015,2.460615260688814e-17,6.140769939795318e-17,2.0370503827005638e-16,1.9175302016916094,0.5635467980295567,82.26403940886699,industry_crowding
industry,5d,industry_amount_share,广告包装,658,6.586007340108829e-17,1.1313720302054534e-16,2.0165175047453458e-16,5.184662423341902,0.7522796352583586,44.29939209726444,industry_crowding
industry,5d,stock_amount_share_in_industry,广告包装,2014,-0.08625779813467611,-0.0848222016079159,0.22901527129168034,-5.979077671559315,0.36097318768619663,43.55014895729891,liquidity_crowding
industry,5d,turnover_rate,广告包装,2014,-0.07854382646505502,-0.08023637358339461,0.2596613222391858,-4.801810991038431,0.394240317775571,43.55014895729891,liquidity
industry,5d,log_amount,广告包装,2014,-0.08625779813467611,-0.0848222016079159,0.22901527129168034,-5.979077671559315,0.36097318768619663,43.55014895729891,liquidity
industry,5d,log_total_mv,广告包装,2014,-0.043138455367964776,-0.05375308253911858,0.21393709351478907,-3.200949110001935,0.4016881827209533,43.55014895729891,size
industry,5d,stock_ret_1d,广告包装,2013,-0.008328889296736417,-0.009075807308612365,0.2147639946894453,-0.6156386635036416,0.4793840039741679,43.5558867362146,price_momentum_reversal
industry,5d,stock_rel_industry_ret_1d,广告包装,2013,-0.008328889296736417,-0.009075807308612365,0.2147639946894453,-0.6156386635036416,0.4793840039741679,43.5558867362146,relative_strength
industry,5d,stock_ret_5d,广告包装,2009,-0.028775054368645116,-0.030434782608695598,0.21793972567882935,-2.0959456818071907,0.45047287207565956,43.572921851667495,price_momentum_reversal
industry,5d,stock_rel_industry_ret_5d,广告包装,2009,-0.028775054368645116,-0.030434782608695598,0.21793972567882935,-2.0959456818071907,0.45047287207565956,43.572921851667495,relative_strength
industry,5d,industry_ret_5d,广告包装,658,6.586007340108829e-17,1.1313720302054534e-16,2.0165175047453458e-16,5.184662423341902,0.7522796352583586,44.29939209726444,industry_strength
industry,5d,industry_breadth_20d,广告包装,657,6.56674659191915e-17,1.1313720302054534e-16,2.0174480896382785e-16,5.167115375379235,0.7519025875190258,44.32115677321157,industry_breadth
industry,5d,industry_amount_share_roll20d,广告包装,657,6.56674659191915e-17,1.1313720302054534e-16,2.0174480896382785e-16,5.167115375379235,0.7519025875190258,44.32115677321157,industry_crowding
industry,5d,industry_ret_20d,广告包装,652,6.570556625116073e-17,1.1313720302054534e-16,2.0245723440669423e-16,5.151920262944236,0.75,44.42484662576687,industry_strength
industry,5d,stock_ret_20d,广告包装,1991,-0.05525064001032084,-0.05350694824379034,0.21969930006014102,-3.9921689291986433,0.3992968357609242,43.6639879457559,price_momentum
industry,5d,stock_rel_industry_ret_20d,广告包装,1991,-0.05525064001032084,-0.05350694824379034,0.21969930006014102,-3.9921689291986433,0.3992968357609242,43.6639879457559,relative_strength
industry,5d,industry_breadth_60d,广告包装,647,6.568861067029086e-17,1.1313720302054534e-16,2.0310840838310883e-16,5.134077782002459,0.749613601236476,44.53168469860896,industry_breadth
industry,5d,industry_amount_share_roll60d,广告包装,647,6.568861067029086e-17,1.1313720302054534e-16,2.0310840838310883e-16,5.134077782002459,0.749613601236476,44.53168469860896,industry_crowding
industry,5d,industry_ret_60d,广告包装,644,6.557024604105578e-17,1.1313848289659356e-16,2.0350774454715367e-16,5.114770393116546,0.7484472049689441,44.59627329192546,industry_strength
industry,5d,industry_crowding_score,广告包装,644,6.557024604105578e-17,1.1313848289659356e-16,2.0350774454715367e-16,5.114770393116546,0.7484472049689441,44.59627329192546,industry_crowding
industry,5d,stock_ret_60d,广告包装,1955,-0.05868606212976049,-0.05836236933797914,0.22021894658791918,-4.230391477938791,0.3918158567774936,43.79539641943734,price_momentum
industry,5d,stock_rel_industry_ret_60d,广告包装,1955,-0.05868606212976049,-0.05836236933797914,0.22021894658791918,-4.230391477938791,0.3918158567774936,43.79539641943734,relative_strength
industry,5d,industry_amount_share,小金属,854,1.589405491360745e-17,6.262502459028665e-17,1.8961592029401892e-16,1.3306387953270173,0.6007025761124122,51.31967213114754,industry_crowding
industry,5d,stock_amount_share_in_industry,小金属,2023,-0.036199289819888555,-0.041554646405610775,0.29348001589034034,-1.9580410245656437,0.4434008897676718,50.86851211072664,liquidity_crowding
industry,5d,turnover_rate,小金属,2023,-0.04744344700932674,-0.05202020202020205,0.24001454045536538,-3.137898942827411,0.4236282748393475,50.752347998022735,liquidity
industry,5d,log_amount,小金属,2023,-0.036199289819888555,-0.041554646405610775,0.29348001589034034,-1.9580410245656437,0.4434008897676718,50.86851211072664,liquidity
industry,5d,log_total_mv,小金属,2023,-0.013249052840419915,-0.00619239631336405,0.2760036079149997,-0.7620269717713353,0.49332674246169056,50.752347998022735,size
industry,5d,stock_ret_1d,小金属,2022,-0.015775985515444263,-0.017450199680598202,0.22274798919994965,-1.12430198388966,0.4678536102868447,50.8728981206726,price_momentum_reversal
industry,5d,stock_rel_industry_ret_1d,小金属,2022,-0.015775985515444263,-0.017450199680598202,0.22274798919994965,-1.12430198388966,0.4678536102868447,50.8728981206726,relative_strength
industry,5d,stock_ret_5d,小金属,2018,-0.026601912941234034,-0.023110217202018148,0.22889131749707972,-1.8449466797794285,0.4588701684836472,50.887016848364716,price_momentum_reversal
industry,5d,stock_rel_industry_ret_5d,小金属,2018,-0.026601912941234034,-0.023110217202018148,0.22889131749707972,-1.8449466797794285,0.4588701684836472,50.887016848364716,relative_strength
industry,5d,industry_ret_5d,小金属,854,1.589405491360745e-17,6.262502459028665e-17,1.8961592029401892e-16,1.3306387953270173,0.6007025761124122,51.31967213114754,industry_strength
industry,5d,industry_breadth_20d,小金属,854,1.589405491360745e-17,6.262502459028665e-17,1.8961592029401892e-16,1.3306387953270173,0.6007025761124122,51.31967213114754,industry_breadth
industry,5d,industry_amount_share_roll20d,小金属,854,1.589405491360745e-17,6.262502459028665e-17,1.8961592029401892e-16,1.3306387953270173,0.6007025761124122,51.31967213114754,industry_crowding
industry,5d,stock_ret_20d,小金属,2003,-0.03893664403291538,-0.031049331419505936,0.22958731970919538,-2.69222212609197,0.4423364952571143,50.942586120818774,price_momentum
industry,5d,stock_rel_industry_ret_20d,小金属,2003,-0.03893664403291538,-0.031049331419505936,0.22958731970919538,-2.69222212609197,0.4423364952571143,50.942586120818774,relative_strength
industry,5d,industry_ret_20d,小金属,853,1.5712235242577984e-17,6.262502459028665e-17,1.8965266143012741e-16,1.315162149985064,0.6002344665885111,51.33411488862837,industry_strength
industry,5d,industry_breadth_60d,小金属,849,1.5566697672126186e-17,6.262502459028665e-17,1.8975457894136949e-16,1.3022803772561249,0.5995288574793876,51.39458186101296,industry_breadth
industry,5d,industry_amount_share_roll60d,小金属,849,1.5566697672126186e-17,6.262502459028665e-17,1.8975457894136949e-16,1.3022803772561249,0.5995288574793876,51.39458186101296,industry_crowding
industry,5d,stock_ret_60d,小金属,1963,-0.03309160072794757,-0.03636561007381677,0.24733820695660258,-2.1238646569445283,0.4411614875191034,51.12531839021905,price_momentum
industry,5d,stock_rel_industry_ret_60d,小金属,1963,-0.03309160072794757,-0.03636561007381677,0.24733820695660258,-2.1238646569445283,0.4411614875191034,51.12531839021905,relative_strength
industry,5d,industry_ret_60d,小金属,837,1.5288465328064984e-17,6.105412634683503e-17,1.8977652245462673e-16,1.2788560986166595,0.5985663082437276,51.577060931899645,industry_strength
industry,5d,industry_crowding_score,小金属,837,1.5288465328064984e-17,6.105412634683503e-17,1.8977652245462673e-16,1.2788560986166595,0.5985663082437276,51.577060931899645,industry_crowding
industry,5d,industry_amount_share,互联网,1281,-1.3923483923997825e-17,-1.3543334134010395e-17,2.335249862999584e-16,-0.9464873912683465,0.477751756440281,67.92271662763466,industry_crowding
industry,5d,stock_amount_share_in_industry,互联网,2025,-0.07651439072451284,-0.08406963520251949,0.21607320901738428,-5.621373899021446,0.3619753086419753,66.81827160493827,liquidity_crowding
industry,5d,turnover_rate,互联网,2025,-0.06579811079425871,-0.06493891151425397,0.20449211811350568,-5.107838077246236,0.3772839506172839,66.81827160493827,liquidity
industry,5d,log_amount,互联网,2025,-0.07651439072451284,-0.08406963520251949,0.21607320901738428,-5.621373899021446,0.3619753086419753,66.81827160493827,liquidity
industry,5d,log_total_mv,互联网,2025,-0.03295470000137757,-0.03151223776223777,0.22510910330504644,-2.3239382003019253,0.4414814814814815,66.81827160493827,size
industry,5d,stock_ret_1d,互联网,2024,-0.013896851215344917,-0.010116909962800374,0.1840364245657215,-1.1987065846154243,0.475296442687747,66.8255928853755,price_momentum_reversal
industry,5d,stock_rel_industry_ret_1d,互联网,2024,-0.013896851215344917,-0.010116909962800374,0.1840364245657215,-1.1987065846154243,0.475296442687747,66.8255928853755,relative_strength
industry,5d,stock_ret_5d,互联网,2020,-0.029525328372962296,-0.02562417256197002,0.1900543231937134,-2.4661373108389726,0.44801980198019803,66.8440594059406,price_momentum_reversal
industry,5d,stock_rel_industry_ret_5d,互联网,2020,-0.029525328372962296,-0.02562417256197002,0.1900543231937134,-2.4661373108389726,0.44801980198019803,66.8440594059406,relative_strength
industry,5d,industry_ret_5d,互联网,1276,-1.3899028477990663e-17,-1.3543334134010395e-17,2.3370063236740177e-16,-0.9441148475890206,0.4772727272727273,67.9819749216301,industry_strength
industry,5d,industry_breadth_20d,互联网,1273,-1.3892611635964817e-17,-1.3543334134010395e-17,2.338149243454577e-16,-0.9432176894488942,0.47682639434406915,68.01806755695208,industry_breadth
industry,5d,industry_amount_share_roll20d,互联网,1273,-1.3892611635964817e-17,-1.3543334134010395e-17,2.338149243454577e-16,-0.9432176894488942,0.47682639434406915,68.01806755695208,industry_crowding
industry,5d,stock_ret_20d,互联网,2005,-0.05144834281318122,-0.0502776749352092,0.20427796449708005,-3.998067656054613,0.3945137157107232,66.9077306733167,price_momentum
industry,5d,stock_rel_industry_ret_20d,互联网,2005,-0.05144834281318122,-0.0502776749352092,0.20427796449708005,-3.998067656054613,0.3945137157107232,66.9077306733167,relative_strength
industry,5d,industry_ret_20d,互联网,1265,-1.4371164751417476e-17,-1.6252000960812472e-17,2.341162966666738e-16,-0.9744523176886682,0.475098814229249,68.10355731225296,industry_strength
industry,5d,industry_breadth_60d,互联网,1261,-1.3906604406213968e-17,-1.3543334134010395e-17,2.3419543434301857e-16,-0.9426336668794425,0.47581284694686754,68.15305313243458,industry_breadth
industry,5d,industry_amount_share_roll60d,互联网,1261,-1.3906604406213968e-17,-1.3543334134010395e-17,2.3419543434301857e-16,-0.9426336668794425,0.47581284694686754,68.15305313243458,industry_crowding
industry,5d,stock_ret_60d,互联网,1965,-0.049329283333791316,-0.04690753214941826,0.20723015758179997,-3.7787844465467137,0.4071246819338422,67.09516539440203,price_momentum
industry,5d,stock_rel_industry_ret_60d,互联网,1965,-0.049329283333791316,-0.04690753214941826,0.20723015758179997,-3.7787844465467137,0.4071246819338422,67.09516539440203,relative_strength
industry,5d,industry_ret_60d,互联网,1249,-1.4805135596842696e-17,-1.6252000960812472e-17,2.348547437815837e-16,-1.0007217129647912,0.4723779023218575,68.29543634907927,industry_strength
industry,5d,industry_crowding_score,互联网,1249,-1.4805135596842696e-17,-1.6252000960812472e-17,2.348547437815837e-16,-1.0007217129647912,0.4723779023218575,68.29543634907927,industry_crowding
industry,5d,industry_amount_share,塑料,1051,2.9215962374284594e-18,6.105412634683503e-17,2.2350495119811433e-16,0.20750727088974494,0.5413891531874405,61.487155090390104,industry_crowding
industry,5d,stock_amount_share_in_industry,塑料,2024,-0.07919627804930476,-0.08925287728467873,0.2212024888971014,-5.683489119632496,0.3577075098814229,55.94021739130435,liquidity_crowding
industry,5d,turnover_rate,塑料,2024,-0.07214292134831865,-0.07562662866705877,0.21058875971106034,-5.438245488597716,0.35721343873517786,55.82411067193676,liquidity
industry,5d,log_amount,塑料,2024,-0.07919627804930476,-0.08925287728467873,0.2212024888971014,-5.683489119632496,0.3577075098814229,55.94021739130435,liquidity
industry,5d,log_total_mv,塑料,2024,-0.036256472268361824,-0.03524094315910008,0.2337683232408538,-2.4620686252626838,0.44565217391304346,55.82411067193676,size
industry,5d,stock_ret_1d,塑料,2023,-0.01469871219458423,-0.01876172607879925,0.19402689700831238,-1.2025900839340717,0.4611962432031636,55.950568462679186,price_momentum_reversal
industry,5d,stock_rel_industry_ret_1d,塑料,2023,-0.01469871219458423,-0.01876172607879925,0.19402689700831238,-1.2025900839340717,0.4611962432031636,55.950568462679186,relative_strength
industry,5d,stock_ret_5d,塑料,2019,-0.036976160427427456,-0.03629919893464303,0.1928315147553834,-3.0439959480617933,0.4279346210995542,55.989598811292716,price_momentum_reversal
industry,5d,stock_rel_industry_ret_5d,塑料,2019,-0.036976160427427456,-0.03629919893464303,0.1928315147553834,-3.0439959480617933,0.4279346210995542,55.989598811292716,relative_strength
industry,5d,industry_ret_5d,塑料,1047,2.763217963130528e-18,5.740826591827054e-17,2.236825159270363e-16,0.19610261048104138,0.5405921680993314,61.58452722063037,industry_strength
industry,5d,industry_breadth_20d,塑料,1043,1.87655222962871e-18,5.4950552986965036e-17,2.234640223742993e-16,0.13330711053357522,0.538830297219559,61.67881112176414,industry_breadth
industry,5d,industry_amount_share_roll20d,塑料,1043,1.87655222962871e-18,5.4950552986965036e-17,2.234640223742993e-16,0.13330711053357522,0.538830297219559,61.67881112176414,industry_crowding
industry,5d,stock_ret_20d,塑料,2004,-0.0387789826079719,-0.039837778995107265,0.2023357836071581,-3.042453754279861,0.43213572854291415,56.13223552894212,price_momentum
industry,5d,stock_rel_industry_ret_20d,塑料,2004,-0.0387789826079719,-0.039837778995107265,0.2023357836071581,-3.042453754279861,0.43213572854291415,56.13223552894212,relative_strength
industry,5d,industry_ret_20d,塑料,1038,1.065276300318107e-18,5.4949043431470783e-17,2.2302217582644507e-16,0.07582536107277456,0.5375722543352601,61.80346820809248,industry_strength
industry,5d,industry_breadth_60d,塑料,1034,4.315145452001563e-19,5.4948713712151515e-17,2.2321958943035765e-16,0.030687633911170166,0.5357833655705996,61.90715667311412,industry_breadth
industry,5d,industry_amount_share_roll60d,塑料,1034,4.315145452001563e-19,5.4948713712151515e-17,2.2321958943035765e-16,0.030687633911170166,0.5357833655705996,61.90715667311412,industry_crowding
industry,5d,stock_ret_60d,塑料,1965,-0.02740114727126153,-0.030836236933797882,0.21794574898436755,-1.9958165274280446,0.44173027989821884,56.49872773536896,price_momentum
industry,5d,stock_rel_industry_ret_60d,塑料,1965,-0.02740114727126153,-0.030836236933797882,0.21794574898436755,-1.9958165274280446,0.44173027989821884,56.49872773536896,relative_strength
industry,5d,industry_ret_60d,塑料,1021,8.768393080772069e-20,5.367859250595999e-17,2.2378750510114285e-16,0.006219914953401189,0.5337904015670911,62.23016650342801,industry_strength
industry,5d,industry_crowding_score,塑料,1021,8.768393080772069e-20,5.367859250595999e-17,2.2378750510114285e-16,0.006219914953401189,0.5337904015670911,62.23016650342801,industry_crowding
industry,5d,industry_amount_share,家居用品,875,3.344511678226661e-17,6.105412634683503e-17,2.0211773581092363e-16,2.6268094055289093,0.6868571428571428,52.61485714285714,industry_crowding
industry,5d,stock_amount_share_in_industry,家居用品,2019,-0.08107509608657436,-0.08414487361855787,0.22632000443060346,-5.686758684158174,0.3645368994551758,51.240217929668155,liquidity_crowding
industry,5d,turnover_rate,家居用品,2019,-0.04008759034669709,-0.05045806906272022,0.1934353371141274,-3.2898372024326856,0.4086181277860327,51.118375433382866,liquidity
industry,5d,log_amount,家居用品,2019,-0.08107509608657436,-0.08414487361855787,0.22632000443060346,-5.686758684158174,0.3645368994551758,51.240217929668155,liquidity
industry,5d,log_total_mv,家居用品,2019,-0.04589986833401886,-0.05613305613305613,0.282689768838919,-2.577517481185264,0.42149578999504705,51.118375433382866,size
industry,5d,stock_ret_1d,家居用品,2018,-0.00835593458506754,-0.011299884326200129,0.19452146425891728,-0.6819111186882484,0.4796828543111992,51.24975222993062,price_momentum_reversal
industry,5d,stock_rel_industry_ret_1d,家居用品,2018,-0.00835593458506754,-0.011299884326200129,0.19452146425891728,-0.6819111186882484,0.4796828543111992,51.24975222993062,relative_strength
industry,5d,stock_ret_5d,家居用品,2014,-0.024181506291446064,-0.011212131751686744,0.20739422745832226,-1.8509170508219785,0.4771598808341609,51.285998013902685,price_momentum_reversal
industry,5d,stock_rel_industry_ret_5d,家居用品,2014,-0.024181506291446064,-0.011212131751686744,0.20739422745832226,-1.8509170508219785,0.4771598808341609,51.285998013902685,relative_strength
industry,5d,industry_ret_5d,家居用品,875,3.344511678226661e-17,6.105412634683503e-17,2.0211773581092363e-16,2.6268094055289093,0.6868571428571428,52.61485714285714,industry_strength
industry,5d,industry_breadth_20d,家居用品,875,3.344511678226661e-17,6.105412634683503e-17,2.0211773581092363e-16,2.6268094055289093,0.6868571428571428,52.61485714285714,industry_breadth
industry,5d,industry_amount_share_roll20d,家居用品,875,3.344511678226661e-17,6.105412634683503e-17,2.0211773581092363e-16,2.6268094055289093,0.6868571428571428,52.61485714285714,industry_crowding
industry,5d,stock_ret_20d,家居用品,1999,-0.03850353952696387,-0.027732793522267152,0.22669886264200284,-2.69619676949938,0.44172086043021513,51.42471235617809,price_momentum
industry,5d,stock_rel_industry_ret_20d,家居用品,1999,-0.03850353952696387,-0.027732793522267152,0.22669886264200284,-2.69619676949938,0.44172086043021513,51.42471235617809,relative_strength
industry,5d,industry_ret_20d,家居用品,872,3.299079169017641e-17,6.105449270163421e-17,2.0200832017586859e-16,2.592529761883638,0.6857798165137615,52.68922018348624,industry_strength
industry,5d,industry_breadth_60d,家居用品,866,3.273872802170277e-17,6.10548590564334e-17,2.021294529425964e-16,2.5711799440907703,0.684757505773672,52.840646651270205,industry_breadth
industry,5d,industry_amount_share_roll60d,家居用品,866,3.273872802170277e-17,6.10548590564334e-17,2.021294529425964e-16,2.5711799440907703,0.684757505773672,52.840646651270205,industry_crowding
industry,5d,stock_ret_60d,家居用品,1962,-0.017486875262709513,-0.007652786700442381,0.23647317987020094,-1.173898617461781,0.4831804281345566,51.781855249745156,price_momentum
industry,5d,stock_rel_industry_ret_60d,家居用品,1962,-0.017486875262709513,-0.007652786700442381,0.23647317987020094,-1.173898617461781,0.4831804281345566,51.781855249745156,relative_strength
industry,5d,industry_ret_60d,家居用品,844,3.3601636933541936e-17,6.105595819997515e-17,2.0259784473689188e-16,2.6328485898639915,0.683649289099526,53.4218009478673,industry_strength
industry,5d,industry_crowding_score,家居用品,844,3.3601636933541936e-17,6.105595819997515e-17,2.0259784473689188e-16,2.6328485898639915,0.683649289099526,53.4218009478673,industry_crowding
industry,5d,industry_amount_share,半导体,916,7.572608089768057e-18,1.788832732328294e-17,1.8767712298366416e-16,0.6405225356132321,0.5458515283842795,107.5382096069869,industry_crowding
industry,5d,stock_amount_share_in_industry,半导体,2024,-0.02130922547410454,-0.021461441092253376,0.21711057479431636,-1.5580699730345602,0.45800395256917,109.21195652173913,liquidity_crowding
industry,5d,turnover_rate,半导体,2024,-0.02790438562553741,-0.030701259227095077,0.19183200877278977,-2.3091474251513837,0.4367588932806324,109.21195652173913,liquidity
industry,5d,log_amount,半导体,2024,-0.02130922547410454,-0.021461441092253376,0.21711057479431636,-1.5580699730345602,0.45800395256917,109.21195652173913,liquidity
industry,5d,log_total_mv,半导体,2024,-0.00691392930678212,-0.016028921982078868,0.23489738847390584,-0.4672475325554868,0.47381422924901184,109.21195652173913,size
industry,5d,stock_ret_1d,半导体,2023,-0.015959545071573645,-0.01721747446770886,0.1790616300172121,-1.4148755585342847,0.4735541275333663,109.24122590212555,price_momentum_reversal
industry,5d,stock_rel_industry_ret_1d,半导体,2023,-0.015959545071573645,-0.01721747446770886,0.1790616300172121,-1.4148755585342847,0.4735541275333663,109.24122590212555,relative_strength
industry,5d,stock_ret_5d,半导体,2019,-0.0305409354023941,-0.026926778059662305,0.1865529082428663,-2.5988462139703916,0.4427934621099554,109.35760277365033,price_momentum_reversal
industry,5d,stock_rel_industry_ret_5d,半导体,2019,-0.0305409354023941,-0.026926778059662305,0.1865529082428663,-2.5988462139703916,0.4427934621099554,109.35760277365033,relative_strength
industry,5d,industry_ret_5d,半导体,916,7.572608089768057e-18,1.788832732328294e-17,1.8767712298366416e-16,0.6405225356132321,0.5458515283842795,107.5382096069869,industry_strength
industry,5d,industry_breadth_20d,半导体,916,7.572608089768057e-18,1.788832732328294e-17,1.8767712298366416e-16,0.6405225356132321,0.5458515283842795,107.5382096069869,industry_breadth
industry,5d,industry_amount_share_roll20d,半导体,916,7.572608089768057e-18,1.788832732328294e-17,1.8767712298366416e-16,0.6405225356132321,0.5458515283842795,107.5382096069869,industry_crowding
industry,5d,stock_ret_20d,半导体,2004,-0.04791144237759157,-0.04490926776022568,0.19433528605748904,-3.913702880948012,0.4001996007984032,109.80089820359281,price_momentum
industry,5d,stock_rel_industry_ret_20d,半导体,2004,-0.04791144237759157,-0.04490926776022568,0.19433528605748904,-3.913702880948012,0.4001996007984032,109.80089820359281,relative_strength
industry,5d,industry_ret_20d,半导体,916,7.572608089768057e-18,1.788832732328294e-17,1.8767712298366416e-16,0.6405225356132321,0.5458515283842795,107.5382096069869,industry_strength
industry,5d,industry_breadth_60d,半导体,916,7.572608089768057e-18,1.788832732328294e-17,1.8767712298366416e-16,0.6405225356132321,0.5458515283842795,107.5382096069869,industry_breadth
industry,5d,industry_amount_share_roll60d,半导体,916,7.572608089768057e-18,1.788832732328294e-17,1.8767712298366416e-16,0.6405225356132321,0.5458515283842795,107.5382096069869,industry_crowding
industry,5d,stock_ret_60d,半导体,1964,-0.023047791131305725,-0.01575472670290712,0.20999783813860598,-1.742267181699657,0.4663951120162933,111.0386965376782,price_momentum
industry,5d,stock_rel_industry_ret_60d,半导体,1964,-0.023047791131305725,-0.01575472670290712,0.20999783813860598,-1.742267181699657,0.4663951120162933,111.0386965376782,relative_strength
industry,5d,industry_ret_60d,半导体,915,7.422763224517768e-18,1.788832732328294e-17,1.8772493034068876e-16,0.6276881444786966,0.5453551912568306,107.61311475409836,industry_strength
industry,5d,industry_crowding_score,半导体,915,7.422763224517768e-18,1.788832732328294e-17,1.8772493034068876e-16,0.6276881444786966,0.5453551912568306,107.61311475409836,industry_crowding
industry,5d,stock_ret_1d,文教休闲,1899,-0.002737007076059464,-0.005653170359052709,0.2113683522363739,-0.20555887340539788,0.4913112164296998,41.346498156924696,price_momentum_reversal
industry,5d,stock_ret_5d,文教休闲,1899,-0.024108699929012396,-0.021106821106821112,0.21422180654170767,-1.7865302923629864,0.4570826750921538,41.346498156924696,price_momentum_reversal
industry,5d,stock_rel_industry_ret_1d,文教休闲,1899,-0.002737007076059464,-0.005653170359052709,0.2113683522363739,-0.20555887340539788,0.4913112164296998,41.346498156924696,relative_strength
industry,5d,stock_rel_industry_ret_5d,文教休闲,1899,-0.024108699929012396,-0.021106821106821112,0.21422180654170767,-1.7865302923629864,0.4570826750921538,41.346498156924696,relative_strength
industry,5d,industry_ret_5d,文教休闲,492,4.8887333863374914e-17,1.0559472281917566e-16,1.9011192398325137e-16,4.082134090911779,0.7642276422764228,42.38211382113821,industry_strength
industry,5d,industry_ret_20d,文教休闲,492,4.8887333863374914e-17,1.0559472281917566e-16,1.9011192398325137e-16,4.082134090911779,0.7642276422764228,42.38211382113821,industry_strength
industry,5d,industry_ret_60d,文教休闲,492,4.8887333863374914e-17,1.0559472281917566e-16,1.9011192398325137e-16,4.082134090911779,0.7642276422764228,42.38211382113821,industry_strength
industry,5d,industry_breadth_20d,文教休闲,492,4.8887333863374914e-17,1.0559472281917566e-16,1.9011192398325137e-16,4.082134090911779,0.7642276422764228,42.38211382113821,industry_breadth
industry,5d,industry_breadth_60d,文教休闲,492,4.8887333863374914e-17,1.0559472281917566e-16,1.9011192398325137e-16,4.082134090911779,0.7642276422764228,42.38211382113821,industry_breadth
industry,5d,industry_amount_share,文教休闲,492,4.8887333863374914e-17,1.0559472281917566e-16,1.9011192398325137e-16,4.082134090911779,0.7642276422764228,42.38211382113821,industry_crowding
industry,5d,industry_amount_share_roll20d,文教休闲,492,4.8887333863374914e-17,1.0559472281917566e-16,1.9011192398325137e-16,4.082134090911779,0.7642276422764228,42.38211382113821,industry_crowding
industry,5d,industry_amount_share_roll60d,文教休闲,492,4.8887333863374914e-17,1.0559472281917566e-16,1.9011192398325137e-16,4.082134090911779,0.7642276422764228,42.38211382113821,industry_crowding
industry,5d,industry_crowding_score,文教休闲,492,4.8887333863374914e-17,1.0559472281917566e-16,1.9011192398325137e-16,4.082134090911779,0.7642276422764228,42.38211382113821,industry_crowding
industry,5d,stock_amount_share_in_industry,文教休闲,1899,-0.0918357422600148,-0.08756684491978609,0.22593015229100807,-6.452645643527792,0.334913112164297,41.346498156924696,liquidity_crowding
industry,5d,turnover_rate,文教休闲,1899,-0.05972618950821183,-0.06231671554252198,0.24185480616100566,-3.9202192432193574,0.39757767245918907,41.346498156924696,liquidity
industry,5d,log_amount,文教休闲,1899,-0.0918357422600148,-0.08756684491978609,0.22593015229100807,-6.452645643527792,0.334913112164297,41.346498156924696,liquidity
industry,5d,log_total_mv,文教休闲,1899,-0.053029122503470555,-0.06190476190476198,0.21907075047881897,-3.842645448965873,0.39915745129015273,41.346498156924696,size
industry,5d,industry_amount_share,电器仪表,1147,4.142538990223166e-19,1.538451689207249e-17,2.3622265729419254e-16,0.027838467545988222,0.5283347863993025,76.11944202266783,industry_crowding
industry,5d,stock_amount_share_in_industry,电器仪表,2024,-0.06685198188920716,-0.07334884145074919,0.19225640420410278,-5.5199321800338215,0.3557312252964427,70.10177865612648,liquidity_crowding
industry,5d,turnover_rate,电器仪表,2024,-0.06697043142741047,-0.0639915786783953,0.19372705161906145,-5.487734581333972,0.3784584980237154,69.84239130434783,liquidity
industry,5d,log_amount,电器仪表,2024,-0.06685198188920716,-0.07334884145074919,0.19225640420410278,-5.5199321800338215,0.3557312252964427,70.10177865612648,liquidity
industry,5d,log_total_mv,电器仪表,2024,-0.02924708287748372,-0.03306547936154135,0.21482168722030012,-2.1612484903881257,0.4407114624505929,69.84239130434783,size
industry,5d,stock_ret_1d,电器仪表,2023,-0.01883108595434276,-0.01503569238192133,0.1780662173492849,-1.6787812228776735,0.46317350469599605,70.1151754819575,price_momentum_reversal
industry,5d,stock_rel_industry_ret_1d,电器仪表,2023,-0.01883108595434276,-0.01503569238192133,0.1780662173492849,-1.6787812228776735,0.46317350469599605,70.1151754819575,relative_strength
industry,5d,stock_ret_5d,电器仪表,2019,-0.03614010242799674,-0.03733583489681049,0.1785951887738655,-3.21232808243062,0.4145616641901932,70.16939078751858,price_momentum_reversal
industry,5d,stock_rel_industry_ret_5d,电器仪表,2019,-0.03614010242799674,-0.03733583489681049,0.1785951887738655,-3.21232808243062,0.4145616641901932,70.16939078751858,relative_strength
industry,5d,industry_ret_5d,电器仪表,1143,-1.6350546987014653e-19,1.538447073383675e-17,2.3626082232249295e-16,-0.010986031632904906,0.5266841644794401,76.23534558180228,industry_strength
industry,5d,industry_breadth_20d,电器仪表,1141,-6.1856250039660265e-19,1.538447073383675e-17,2.360984727021127e-16,-0.041590168568296504,0.5258545135845749,76.29360210341805,industry_breadth
industry,5d,industry_amount_share_roll20d,电器仪表,1141,-6.1856250039660265e-19,1.538447073383675e-17,2.360984727021127e-16,-0.041590168568296504,0.5258545135845749,76.29360210341805,industry_crowding
industry,5d,stock_ret_20d,电器仪表,2004,-0.06393084857258335,-0.06597069933773671,0.187542667163823,-5.411412634351582,0.36227544910179643,70.38023952095809,price_momentum
industry,5d,stock_ret_60d,电器仪表,1964,-0.046107963955511436,-0.04117808633181709,0.1948615825968949,-3.75621108460885,0.4093686354378819,70.96283095723014,price_momentum
industry,5d,stock_rel_industry_ret_20d,电器仪表,2004,-0.06393084857258335,-0.06597069933773671,0.187542667163823,-5.411412634351582,0.36227544910179643,70.38023952095809,relative_strength
industry,5d,stock_rel_industry_ret_60d,电器仪表,1964,-0.046107963955511436,-0.04117808633181709,0.1948615825968949,-3.75621108460885,0.4093686354378819,70.96283095723014,relative_strength
industry,5d,industry_ret_20d,电器仪表,1139,-4.389919885979006e-19,1.538447073383675e-17,2.361024348861045e-16,-0.029515925067186262,0.5258999122036875,76.35206321334503,industry_strength
industry,5d,industry_ret_60d,电器仪表,1135,-7.261634596250882e-19,1.538447073383675e-17,2.3583058675819856e-16,-0.0488803751479489,0.5259911894273128,76.48898678414096,industry_strength
industry,5d,industry_breadth_60d,电器仪表,1137,-4.064374735660691e-19,1.538447073383675e-17,2.36174482080443e-16,-0.027318763714369622,0.5259454705364995,76.42128408091469,industry_breadth
industry,5d,industry_amount_share_roll60d,电器仪表,1137,-4.064374735660691e-19,1.538447073383675e-17,2.36174482080443e-16,-0.027318763714369622,0.5259454705364995,76.42128408091469,industry_crowding
industry,5d,industry_crowding_score,电器仪表,1135,-7.261634596250882e-19,1.538447073383675e-17,2.3583058675819856e-16,-0.0488803751479489,0.5259911894273128,76.48898678414096,industry_crowding
industry,5d,stock_ret_60d,农业综合,1817,-0.018157166280653836,-0.013899613899613913,0.2600511522380079,-1.1083822412359177,0.4826637314254265,37.176114474408365,price_momentum
industry,5d,stock_rel_industry_ret_60d,农业综合,1817,-0.018157166280653836,-0.013899613899613913,0.2600511522380079,-1.1083822412359177,0.4826637314254265,37.176114474408365,relative_strength
industry,5d,stock_ret_20d,生物制药,1772,-0.034662693595985436,-0.028747236312005153,0.21349564682240543,-2.5773509219013513,0.44300225733634313,57.1783295711061,price_momentum
industry,5d,stock_ret_60d,生物制药,1772,-0.03447675121301512,-0.02554804441302089,0.2284723644106849,-2.395482095833291,0.4554176072234763,57.169864559819416,price_momentum
industry,5d,stock_rel_industry_ret_20d,生物制药,1772,-0.034662693595985436,-0.028747236312005153,0.21349564682240543,-2.5773509219013513,0.44300225733634313,57.1783295711061,relative_strength
industry,5d,stock_rel_industry_ret_60d,生物制药,1772,-0.03447675121301512,-0.02554804441302089,0.2284723644106849,-2.395482095833291,0.4554176072234763,57.169864559819416,relative_strength
industry,5d,industry_ret_20d,生物制药,1148,1.8984807757488864e-17,3.723801229870911e-17,2.0701292527936185e-16,1.4558244596631364,0.5775261324041812,57.98780487804878,industry_strength
industry,5d,industry_ret_60d,生物制药,1148,1.8984807757488864e-17,3.723801229870911e-17,2.0701292527936185e-16,1.4558244596631364,0.5775261324041812,57.98780487804878,industry_strength
industry,5d,industry_breadth_60d,生物制药,1148,1.8984807757488864e-17,3.723801229870911e-17,2.0701292527936185e-16,1.4558244596631364,0.5775261324041812,57.98780487804878,industry_breadth
industry,5d,industry_amount_share_roll60d,生物制药,1148,1.8984807757488864e-17,3.723801229870911e-17,2.0701292527936185e-16,1.4558244596631364,0.5775261324041812,57.98780487804878,industry_crowding
industry,5d,industry_crowding_score,生物制药,1148,1.8984807757488864e-17,3.723801229870911e-17,2.0701292527936185e-16,1.4558244596631364,0.5775261324041812,57.98780487804878,industry_crowding
industry,5d,stock_ret_1d,仓储物流,1889,-0.005381898053848813,-0.0073170731707316835,0.21962858615658376,-0.38899755485840126,0.48438327157226047,37.722604552673374,price_momentum_reversal
industry,5d,stock_rel_industry_ret_1d,仓储物流,1889,-0.005381898053848813,-0.0073170731707316835,0.21962858615658376,-0.38899755485840126,0.48438327157226047,37.722604552673374,relative_strength
industry,5d,industry_ret_5d,仓储物流,662,4.6339351052034516e-17,8.408831770276105e-17,2.1313643677595282e-16,3.451377924517371,0.6676737160120846,38.918429003021146,industry_strength
industry,5d,industry_ret_20d,仓储物流,662,4.6339351052034516e-17,8.408831770276105e-17,2.1313643677595282e-16,3.451377924517371,0.6676737160120846,38.918429003021146,industry_strength
industry,5d,industry_ret_60d,仓储物流,662,4.6339351052034516e-17,8.408831770276105e-17,2.1313643677595282e-16,3.451377924517371,0.6676737160120846,38.918429003021146,industry_strength
industry,5d,industry_breadth_20d,仓储物流,662,4.6339351052034516e-17,8.408831770276105e-17,2.1313643677595282e-16,3.451377924517371,0.6676737160120846,38.918429003021146,industry_breadth
industry,5d,industry_breadth_60d,仓储物流,662,4.6339351052034516e-17,8.408831770276105e-17,2.1313643677595282e-16,3.451377924517371,0.6676737160120846,38.918429003021146,industry_breadth
industry,5d,industry_amount_share,仓储物流,662,4.6339351052034516e-17,8.408831770276105e-17,2.1313643677595282e-16,3.451377924517371,0.6676737160120846,38.918429003021146,industry_crowding
industry,5d,industry_amount_share_roll20d,仓储物流,662,4.6339351052034516e-17,8.408831770276105e-17,2.1313643677595282e-16,3.451377924517371,0.6676737160120846,38.918429003021146,industry_crowding
industry,5d,industry_amount_share_roll60d,仓储物流,662,4.6339351052034516e-17,8.408831770276105e-17,2.1313643677595282e-16,3.451377924517371,0.6676737160120846,38.918429003021146,industry_crowding
industry,5d,industry_crowding_score,仓储物流,662,4.6339351052034516e-17,8.408831770276105e-17,2.1313643677595282e-16,3.451377924517371,0.6676737160120846,38.918429003021146,industry_crowding
industry,5d,stock_amount_share_in_industry,仓储物流,1889,-0.0834418439723506,-0.09474671669793623,0.23052419060330603,-5.746026935647617,0.3536262572789836,37.722604552673374,liquidity_crowding
industry,5d,turnover_rate,仓储物流,1889,-0.051415725147153785,-0.05140712945590993,0.2618087530856276,-3.1175402796313882,0.4293276866066702,37.722604552673374,liquidity
industry,5d,log_amount,仓储物流,1889,-0.0834418439723506,-0.09474671669793623,0.23052419060330603,-5.746026935647617,0.3536262572789836,37.722604552673374,liquidity
industry,5d,log_total_mv,仓储物流,1889,-0.025947409773591442,-0.03702346041055718,0.2900164582690812,-1.42027236323633,0.45579671784012704,37.722604552673374,size
industry,5d,stock_ret_5d,仓储物流,1888,-0.022060036382596432,-0.025955574910683264,0.22598938694967902,-1.5495958718021554,0.454978813559322,37.726694915254235,price_momentum_reversal
industry,5d,stock_ret_20d,仓储物流,1888,-0.036981874826436466,-0.04414474305681641,0.232573697609057,-2.524228100087459,0.4348516949152542,37.726694915254235,price_momentum
industry,5d,stock_rel_industry_ret_5d,仓储物流,1888,-0.022060036382596432,-0.025955574910683264,0.22598938694967902,-1.5495958718021554,0.454978813559322,37.726694915254235,relative_strength
industry,5d,stock_rel_industry_ret_20d,仓储物流,1888,-0.036981874826436466,-0.04414474305681641,0.232573697609057,-2.524228100087459,0.4348516949152542,37.726694915254235,relative_strength
industry,5d,stock_ret_60d,仓储物流,1867,-0.038529987546489244,-0.034759358288770026,0.23148802107746225,-2.6422299847381066,0.43974290305302627,37.80128548473487,price_momentum
industry,5d,stock_rel_industry_ret_60d,仓储物流,1867,-0.038529987546489244,-0.034759358288770026,0.23148802107746225,-2.6422299847381066,0.43974290305302627,37.80128548473487,relative_strength
industry,5d,stock_ret_20d,文教休闲,1896,-0.05042392818478918,-0.05153561424569825,0.21942527404640008,-3.6479619228108184,0.4050632911392405,41.36392405063291,price_momentum
industry,5d,stock_rel_industry_ret_20d,文教休闲,1896,-0.05042392818478918,-0.05153561424569825,0.21942527404640008,-3.6479619228108184,0.4050632911392405,41.36392405063291,relative_strength
industry,5d,stock_ret_60d,文教休闲,1864,-0.04282405741605184,-0.042368366927190426,0.2286705141860687,-2.972883665134833,0.42542918454935624,41.526824034334766,price_momentum
industry,5d,stock_rel_industry_ret_60d,文教休闲,1864,-0.04282405741605184,-0.042368366927190426,0.2286705141860687,-2.972883665134833,0.42542918454935624,41.526824034334766,relative_strength
industry,5d,stock_ret_60d,火力发电,815,-0.0019408460735643534,0.02822580645161291,0.2922610916226973,-0.10541935668268738,0.5398773006134969,30.368098159509202,price_momentum
industry,5d,stock_rel_industry_ret_60d,火力发电,815,-0.0019408460735643534,0.02822580645161291,0.2922610916226973,-0.10541935668268738,0.5398773006134969,30.368098159509202,relative_strength
industry,5d,stock_ret_1d,影视音像,1618,-0.0013868940008313177,-0.004113982614689335,0.24488389874498506,-0.08990488896523792,0.4919653893695921,31.62051915945612,price_momentum_reversal
industry,5d,stock_rel_industry_ret_1d,影视音像,1618,-0.0013868940008313177,-0.004113982614689335,0.24488389874498506,-0.08990488896523792,0.4919653893695921,31.62051915945612,relative_strength
industry,5d,industry_ret_5d,影视音像,810,5.723293194549295e-17,4.965068306494546e-17,1.6766840906397203e-16,5.418698927586924,0.8111111111111111,30.6,industry_strength
industry,5d,industry_ret_20d,影视音像,810,5.723293194549295e-17,4.965068306494546e-17,1.6766840906397203e-16,5.418698927586924,0.8111111111111111,30.6,industry_strength
industry,5d,industry_ret_60d,影视音像,810,5.723293194549295e-17,4.965068306494546e-17,1.6766840906397203e-16,5.418698927586924,0.8111111111111111,30.6,industry_strength
industry,5d,industry_breadth_20d,影视音像,810,5.723293194549295e-17,4.965068306494546e-17,1.6766840906397203e-16,5.418698927586924,0.8111111111111111,30.6,industry_breadth
industry,5d,industry_breadth_60d,影视音像,810,5.723293194549295e-17,4.965068306494546e-17,1.6766840906397203e-16,5.418698927586924,0.8111111111111111,30.6,industry_breadth
industry,5d,industry_amount_share,影视音像,810,5.723293194549295e-17,4.965068306494546e-17,1.6766840906397203e-16,5.418698927586924,0.8111111111111111,30.6,industry_crowding
industry,5d,industry_amount_share_roll20d,影视音像,810,5.723293194549295e-17,4.965068306494546e-17,1.6766840906397203e-16,5.418698927586924,0.8111111111111111,30.6,industry_crowding
industry,5d,industry_amount_share_roll60d,影视音像,810,5.723293194549295e-17,4.965068306494546e-17,1.6766840906397203e-16,5.418698927586924,0.8111111111111111,30.6,industry_crowding
industry,5d,industry_crowding_score,影视音像,810,5.723293194549295e-17,4.965068306494546e-17,1.6766840906397203e-16,5.418698927586924,0.8111111111111111,30.6,industry_crowding
industry,5d,stock_amount_share_in_industry,影视音像,1618,-0.07792718141172271,-0.07483694003438164,0.23661826728805344,-5.228064884863008,0.3794808405438813,31.62051915945612,liquidity_crowding
industry,5d,turnover_rate,影视音像,1590,-0.06997773657673295,-0.07583426028921023,0.2864564542617352,-3.877944145550123,0.40314465408805034,31.5251572327044,liquidity
industry,5d,log_amount,影视音像,1618,-0.07792718141172271,-0.07483694003438164,0.23661826728805344,-5.228064884863008,0.3794808405438813,31.62051915945612,liquidity
industry,5d,log_total_mv,影视音像,1590,-0.012042491575628625,-0.012766402762427409,0.2497489274118063,-0.7654432362506527,0.4716981132075472,31.5251572327044,size
industry,5d,stock_ret_5d,影视音像,1617,-0.031932794381426266,-0.033703347128880234,0.2538219383569344,-1.9971378316827764,0.4557823129251701,31.62152133580705,price_momentum_reversal
industry,5d,stock_rel_industry_ret_5d,影视音像,1617,-0.031932794381426266,-0.033703347128880234,0.2538219383569344,-1.9971378316827764,0.4557823129251701,31.62152133580705,relative_strength
industry,5d,stock_ret_20d,影视音像,1608,-0.051304999898465965,-0.046847507331378296,0.2563611710249779,-3.176930504791059,0.42786069651741293,31.630597014925375,price_momentum
industry,5d,stock_rel_industry_ret_20d,影视音像,1608,-0.051304999898465965,-0.046847507331378296,0.2563611710249779,-3.176930504791059,0.42786069651741293,31.630597014925375,relative_strength
industry,5d,stock_ret_60d,影视音像,1576,-0.051785240077234694,-0.052244918596420276,0.2570417355185061,-3.1981779118887244,0.4213197969543147,31.663705583756347,price_momentum
industry,5d,stock_rel_industry_ret_60d,影视音像,1576,-0.051785240077234694,-0.052244918596420276,0.2570417355185061,-3.1981779118887244,0.4213197969543147,31.663705583756347,relative_strength
industry,5d,stock_ret_1d,供气供热,1506,-0.014869903924662182,-0.0011127255789767133,0.23731369147622625,-0.9946851585178104,0.49933598937583,37.22841965471448,price_momentum_reversal
industry,5d,stock_ret_5d,供气供热,1506,-0.04221485196263154,-0.030368757557786823,0.25662415225138946,-2.611367611660768,0.450199203187251,37.22841965471448,price_momentum_reversal
industry,5d,stock_rel_industry_ret_1d,供气供热,1506,-0.014869903924662182,-0.0011127255789767133,0.23731369147622625,-0.9946851585178104,0.49933598937583,37.22841965471448,relative_strength
industry,5d,stock_rel_industry_ret_5d,供气供热,1506,-0.04221485196263154,-0.030368757557786823,0.25662415225138946,-2.611367611660768,0.450199203187251,37.22841965471448,relative_strength
industry,5d,industry_ret_5d,供气供热,734,7.446227236481697e-17,1.4560920356202668e-16,2.1677520900394736e-16,5.452892578610565,0.7520435967302452,34.630790190735695,industry_strength
industry,5d,industry_ret_20d,供气供热,734,7.446227236481697e-17,1.4560920356202668e-16,2.1677520900394736e-16,5.452892578610565,0.7520435967302452,34.630790190735695,industry_strength
industry,5d,industry_ret_60d,供气供热,734,7.446227236481697e-17,1.4560920356202668e-16,2.1677520900394736e-16,5.452892578610565,0.7520435967302452,34.630790190735695,industry_strength
industry,5d,industry_breadth_20d,供气供热,734,7.446227236481697e-17,1.4560920356202668e-16,2.1677520900394736e-16,5.452892578610565,0.7520435967302452,34.630790190735695,industry_breadth
industry,5d,industry_breadth_60d,供气供热,734,7.446227236481697e-17,1.4560920356202668e-16,2.1677520900394736e-16,5.452892578610565,0.7520435967302452,34.630790190735695,industry_breadth
industry,5d,industry_amount_share,供气供热,734,7.446227236481697e-17,1.4560920356202668e-16,2.1677520900394736e-16,5.452892578610565,0.7520435967302452,34.630790190735695,industry_crowding
industry,5d,industry_amount_share_roll20d,供气供热,734,7.446227236481697e-17,1.4560920356202668e-16,2.1677520900394736e-16,5.452892578610565,0.7520435967302452,34.630790190735695,industry_crowding
industry,5d,industry_amount_share_roll60d,供气供热,734,7.446227236481697e-17,1.4560920356202668e-16,2.1677520900394736e-16,5.452892578610565,0.7520435967302452,34.630790190735695,industry_crowding
industry,5d,industry_crowding_score,供气供热,734,7.446227236481697e-17,1.4560920356202668e-16,2.1677520900394736e-16,5.452892578610565,0.7520435967302452,34.630790190735695,industry_crowding
industry,5d,stock_amount_share_in_industry,供气供热,1506,-0.10296137263861647,-0.09835507657402155,0.24340871704591985,-6.7148832618736085,0.3386454183266932,37.22841965471448,liquidity_crowding
industry,5d,turnover_rate,供气供热,1442,-0.06551225616851217,-0.06393794987286056,0.2920419907339479,-3.5610455307410436,0.4119278779472954,37.45977808599168,liquidity
industry,5d,log_amount,供气供热,1506,-0.10296137263861647,-0.09835507657402155,0.24340871704591985,-6.7148832618736085,0.3386454183266932,37.22841965471448,liquidity
industry,5d,log_total_mv,供气供热,1442,-0.03476534795205578,-0.045036593817081624,0.2630478034524837,-2.0980323055322545,0.435506241331484,37.45977808599168,size
industry,5d,stock_ret_20d,供气供热,1496,-0.053079401708003925,-0.040858073233701955,0.25456700369389457,-3.309970922115471,0.4318181818181818,37.276737967914436,price_momentum
industry,5d,stock_rel_industry_ret_20d,供气供热,1496,-0.053079401708003925,-0.040858073233701955,0.25456700369389457,-3.309970922115471,0.4318181818181818,37.276737967914436,relative_strength
industry,5d,stock_ret_60d,供气供热,1460,-0.03434082425685088,-0.027735895545177816,0.2560877139197897,-2.1287381438937687,0.45616438356164385,37.45616438356164,price_momentum
industry,5d,stock_rel_industry_ret_60d,供气供热,1460,-0.03434082425685088,-0.027735895545177816,0.2560877139197897,-2.1287381438937687,0.45616438356164385,37.45616438356164,relative_strength
industry,5d,stock_ret_1d,银行,1692,0.00018214415526312709,0.009040284361884234,0.27399156405900915,0.010553057848592368,0.5200945626477541,39.413711583924346,price_momentum_reversal
industry,5d,stock_ret_5d,银行,1692,-0.005641550424490943,0.007818393882483274,0.2725271322468929,-0.3286162220026975,0.5118203309692672,39.413711583924346,price_momentum_reversal
industry,5d,stock_ret_20d,银行,1692,0.0037723376011207016,0.01473598339945277,0.29603847210559847,0.20228452909424272,0.516548463356974,39.413711583924346,price_momentum
industry,5d,stock_ret_60d,银行,1692,0.0031251812737450885,0.016207798739086392,0.311501045720304,0.15926339701118944,0.5224586288416075,39.413711583924346,price_momentum
industry,5d,stock_rel_industry_ret_1d,银行,1692,0.00018214415526312709,0.009040284361884234,0.27399156405900915,0.010553057848592368,0.5200945626477541,39.413711583924346,relative_strength
industry,5d,stock_rel_industry_ret_5d,银行,1692,-0.005641550424490943,0.007818393882483274,0.2725271322468929,-0.3286162220026975,0.5118203309692672,39.413711583924346,relative_strength
industry,5d,stock_rel_industry_ret_20d,银行,1692,0.0037723376011207016,0.01473598339945277,0.29603847210559847,0.20228452909424272,0.516548463356974,39.413711583924346,relative_strength
industry,5d,stock_rel_industry_ret_60d,银行,1692,0.0031251812737450885,0.016207798739086392,0.311501045720304,0.15926339701118944,0.5224586288416075,39.413711583924346,relative_strength
industry,5d,industry_ret_5d,银行,167,6.555756363640625e-17,1.3974836457354103e-16,2.0974068106342563e-16,4.961813103546788,0.7425149700598802,34.88622754491018,industry_strength
industry,5d,industry_ret_20d,银行,167,6.555756363640625e-17,1.3974836457354103e-16,2.0974068106342563e-16,4.961813103546788,0.7425149700598802,34.88622754491018,industry_strength
industry,5d,industry_ret_60d,银行,167,6.555756363640625e-17,1.3974836457354103e-16,2.0974068106342563e-16,4.961813103546788,0.7425149700598802,34.88622754491018,industry_strength
industry,5d,industry_breadth_20d,银行,167,6.555756363640625e-17,1.3974836457354103e-16,2.0974068106342563e-16,4.961813103546788,0.7425149700598802,34.88622754491018,industry_breadth
industry,5d,industry_breadth_60d,银行,167,6.555756363640625e-17,1.3974836457354103e-16,2.0974068106342563e-16,4.961813103546788,0.7425149700598802,34.88622754491018,industry_breadth
industry,5d,industry_amount_share,银行,167,6.555756363640625e-17,1.3974836457354103e-16,2.0974068106342563e-16,4.961813103546788,0.7425149700598802,34.88622754491018,industry_crowding
industry,5d,industry_amount_share_roll20d,银行,167,6.555756363640625e-17,1.3974836457354103e-16,2.0974068106342563e-16,4.961813103546788,0.7425149700598802,34.88622754491018,industry_crowding
industry,5d,industry_amount_share_roll60d,银行,167,6.555756363640625e-17,1.3974836457354103e-16,2.0974068106342563e-16,4.961813103546788,0.7425149700598802,34.88622754491018,industry_crowding
industry,5d,industry_crowding_score,银行,167,6.555756363640625e-17,1.3974836457354103e-16,2.0974068106342563e-16,4.961813103546788,0.7425149700598802,34.88622754491018,industry_crowding
industry,5d,stock_amount_share_in_industry,银行,1692,0.022738383137565602,0.025446590395683047,0.3293167770679079,1.096089440690068,0.5325059101654847,39.413711583924346,liquidity_crowding
industry,5d,turnover_rate,银行,1692,-0.03582626153009571,-0.04263100392812916,0.32324822097194766,-1.759404177918483,0.45449172576832153,39.413711583924346,liquidity
industry,5d,log_amount,银行,1692,0.022738383137565602,0.025446590395683047,0.3293167770679079,1.096089440690068,0.5325059101654847,39.413711583924346,liquidity
industry,5d,log_total_mv,银行,1692,0.03401239224438713,0.03288109496193587,0.36216728112688484,1.4908303879858722,0.5200945626477541,39.413711583924346,size
industry,5d,stock_ret_1d,航空,1515,-0.016525101015865764,-0.014655195815096658,0.21669565986958333,-1.210581911179439,0.4693069306930693,43.25808580858086,price_momentum_reversal
industry,5d,stock_ret_5d,航空,1515,-0.03534369225182479,-0.03746530989824235,0.22579908367326273,-2.484791840389606,0.4409240924092409,43.25808580858086,price_momentum_reversal
industry,5d,stock_ret_20d,航空,1515,-0.04769182128411756,-0.05539112050739954,0.23534014724228922,-3.2169784926565628,0.4132013201320132,43.25808580858086,price_momentum
industry,5d,stock_ret_60d,航空,1515,-0.042594533168559164,-0.04293659621802006,0.24580227130894586,-2.7508584369406877,0.43498349834983496,43.25808580858086,price_momentum
industry,5d,stock_rel_industry_ret_1d,航空,1515,-0.016525101015865764,-0.014655195815096658,0.21669565986958333,-1.210581911179439,0.4693069306930693,43.25808580858086,relative_strength
industry,5d,stock_rel_industry_ret_5d,航空,1515,-0.03534369225182479,-0.03746530989824235,0.22579908367326273,-2.484791840389606,0.4409240924092409,43.25808580858086,relative_strength
industry,5d,stock_rel_industry_ret_20d,航空,1515,-0.04769182128411756,-0.05539112050739954,0.23534014724228922,-3.2169784926565628,0.4132013201320132,43.25808580858086,relative_strength
industry,5d,stock_rel_industry_ret_60d,航空,1515,-0.042594533168559164,-0.04293659621802006,0.24580227130894586,-2.7508584369406877,0.43498349834983496,43.25808580858086,relative_strength
industry,5d,industry_ret_5d,航空,390,5.5312332046995335e-17,1.3383939781165102e-16,1.9555515061537831e-16,4.4900686452142855,0.7307692307692307,35.756410256410255,industry_strength
industry,5d,industry_ret_20d,航空,390,5.5312332046995335e-17,1.3383939781165102e-16,1.9555515061537831e-16,4.4900686452142855,0.7307692307692307,35.756410256410255,industry_strength
industry,5d,industry_ret_60d,航空,390,5.5312332046995335e-17,1.3383939781165102e-16,1.9555515061537831e-16,4.4900686452142855,0.7307692307692307,35.756410256410255,industry_strength
industry,5d,industry_breadth_20d,航空,390,5.5312332046995335e-17,1.3383939781165102e-16,1.9555515061537831e-16,4.4900686452142855,0.7307692307692307,35.756410256410255,industry_breadth
industry,5d,industry_breadth_60d,航空,390,5.5312332046995335e-17,1.3383939781165102e-16,1.9555515061537831e-16,4.4900686452142855,0.7307692307692307,35.756410256410255,industry_breadth
industry,5d,industry_amount_share,航空,390,5.5312332046995335e-17,1.3383939781165102e-16,1.9555515061537831e-16,4.4900686452142855,0.7307692307692307,35.756410256410255,industry_crowding
industry,5d,industry_amount_share_roll20d,航空,390,5.5312332046995335e-17,1.3383939781165102e-16,1.9555515061537831e-16,4.4900686452142855,0.7307692307692307,35.756410256410255,industry_crowding
industry,5d,industry_amount_share_roll60d,航空,390,5.5312332046995335e-17,1.3383939781165102e-16,1.9555515061537831e-16,4.4900686452142855,0.7307692307692307,35.756410256410255,industry_crowding
industry,5d,industry_crowding_score,航空,390,5.5312332046995335e-17,1.3383939781165102e-16,1.9555515061537831e-16,4.4900686452142855,0.7307692307692307,35.756410256410255,industry_crowding
industry,5d,stock_amount_share_in_industry,航空,1515,-0.019037922485079642,-0.02095093356491531,0.25390192040459525,-1.1902928885590398,0.466006600660066,43.25808580858086,liquidity_crowding
industry,5d,turnover_rate,航空,1515,-0.04183556177800618,-0.03884753901560626,0.24970141248845393,-2.659652374094639,0.43234323432343236,43.25808580858086,liquidity
industry,5d,log_amount,航空,1515,-0.019037922485079642,-0.02095093356491531,0.25390192040459525,-1.1902928885590398,0.466006600660066,43.25808580858086,liquidity
industry,5d,log_total_mv,航空,1515,0.0008179260326497491,-0.0012154606595899938,0.2784856205278868,0.04662421425856492,0.49636963696369635,43.25808580858086,size
industry,5d,stock_ret_1d,运输设备,1280,-0.017971653334995806,-0.014753183906316993,0.22173691613580732,-1.286620005410594,0.47578125,43.40234375,price_momentum_reversal
industry,5d,stock_ret_5d,运输设备,1280,-0.05330093751676855,-0.05493524002118538,0.23094553354530298,-3.663747633074682,0.403125,43.40234375,price_momentum_reversal
industry,5d,stock_ret_20d,运输设备,1280,-0.07075454004362329,-0.06635801626898699,0.21931723839921308,-5.121318828849344,0.37421875,43.40234375,price_momentum
industry,5d,stock_ret_60d,运输设备,1280,-0.03844473685563478,-0.027909467996166358,0.23322408709911446,-2.616759208823121,0.45078125,43.40234375,price_momentum
industry,5d,stock_rel_industry_ret_1d,运输设备,1280,-0.017971653334995806,-0.014753183906316993,0.22173691613580732,-1.286620005410594,0.47578125,43.40234375,relative_strength
industry,5d,stock_rel_industry_ret_5d,运输设备,1280,-0.05330093751676855,-0.05493524002118538,0.23094553354530298,-3.663747633074682,0.403125,43.40234375,relative_strength
industry,5d,stock_rel_industry_ret_20d,运输设备,1280,-0.07075454004362329,-0.06635801626898699,0.21931723839921308,-5.121318828849344,0.37421875,43.40234375,relative_strength
industry,5d,stock_rel_industry_ret_60d,运输设备,1280,-0.03844473685563478,-0.027909467996166358,0.23322408709911446,-2.616759208823121,0.45078125,43.40234375,relative_strength
industry,5d,industry_ret_5d,运输设备,391,5.0314354007582336e-17,7.157145667461331e-17,2.335521136162798e-16,3.4198603306063116,0.6675191815856778,40.29923273657289,industry_strength
industry,5d,industry_ret_20d,运输设备,391,5.0314354007582336e-17,7.157145667461331e-17,2.335521136162798e-16,3.4198603306063116,0.6675191815856778,40.29923273657289,industry_strength
industry,5d,industry_ret_60d,运输设备,391,5.0314354007582336e-17,7.157145667461331e-17,2.335521136162798e-16,3.4198603306063116,0.6675191815856778,40.29923273657289,industry_strength
industry,5d,industry_breadth_20d,运输设备,391,5.0314354007582336e-17,7.157145667461331e-17,2.335521136162798e-16,3.4198603306063116,0.6675191815856778,40.29923273657289,industry_breadth
industry,5d,industry_breadth_60d,运输设备,391,5.0314354007582336e-17,7.157145667461331e-17,2.335521136162798e-16,3.4198603306063116,0.6675191815856778,40.29923273657289,industry_breadth
industry,5d,industry_amount_share,运输设备,391,5.0314354007582336e-17,7.157145667461331e-17,2.335521136162798e-16,3.4198603306063116,0.6675191815856778,40.29923273657289,industry_crowding
industry,5d,industry_amount_share_roll20d,运输设备,391,5.0314354007582336e-17,7.157145667461331e-17,2.335521136162798e-16,3.4198603306063116,0.6675191815856778,40.29923273657289,industry_crowding
industry,5d,industry_amount_share_roll60d,运输设备,391,5.0314354007582336e-17,7.157145667461331e-17,2.335521136162798e-16,3.4198603306063116,0.6675191815856778,40.29923273657289,industry_crowding
industry,5d,industry_crowding_score,运输设备,391,5.0314354007582336e-17,7.157145667461331e-17,2.335521136162798e-16,3.4198603306063116,0.6675191815856778,40.29923273657289,industry_crowding
industry,5d,stock_amount_share_in_industry,运输设备,1280,-0.0839473175635401,-0.0762607696448314,0.22906365867404604,-5.817694350725668,0.35546875,43.40234375,liquidity_crowding
industry,5d,turnover_rate,运输设备,1280,-0.07223876140830718,-0.07872331635729492,0.24970129601011115,-4.592506344812202,0.3828125,43.40234375,liquidity
industry,5d,log_amount,运输设备,1280,-0.0839473175635401,-0.0762607696448314,0.22906365867404604,-5.817694350725668,0.35546875,43.40234375,liquidity
industry,5d,log_total_mv,运输设备,1280,-0.03408052060903236,-0.04183367401287315,0.28493492171691875,-1.8987195014170952,0.4421875,43.40234375,size
industry,5d,stock_ret_1d,纺织,1278,-0.01590469011209087,-0.01839774625343849,0.21571473873672692,-1.1704305870587064,0.46557120500782473,38.12754303599374,price_momentum_reversal
industry,5d,stock_ret_5d,纺织,1278,-0.025460036250195463,-0.024812453483705185,0.22128402676768674,-1.8264560331620767,0.4538341158059468,38.12754303599374,price_momentum_reversal
industry,5d,stock_ret_20d,纺织,1278,-0.03892333161130199,-0.037812469733917733,0.23590212456311307,-2.619258876934425,0.4272300469483568,38.12754303599374,price_momentum
industry,5d,stock_ret_60d,纺织,1278,-0.0293779265478235,-0.03660969331701038,0.24677278246387147,-1.8898361538305248,0.44835680751173707,38.12754303599374,price_momentum
industry,5d,stock_rel_industry_ret_1d,纺织,1278,-0.01590469011209087,-0.01839774625343849,0.21571473873672692,-1.1704305870587064,0.46557120500782473,38.12754303599374,relative_strength
industry,5d,stock_rel_industry_ret_5d,纺织,1278,-0.025460036250195463,-0.024812453483705185,0.22128402676768674,-1.8264560331620767,0.4538341158059468,38.12754303599374,relative_strength
industry,5d,stock_rel_industry_ret_20d,纺织,1278,-0.03892333161130199,-0.037812469733917733,0.23590212456311307,-2.619258876934425,0.4272300469483568,38.12754303599374,relative_strength
industry,5d,stock_rel_industry_ret_60d,纺织,1278,-0.0293779265478235,-0.03660969331701038,0.24677278246387147,-1.8898361538305248,0.44835680751173707,38.12754303599374,relative_strength
industry,5d,industry_ret_5d,纺织,391,8.203773042954174e-17,1.484034209984786e-16,2.417863389325185e-16,5.386195939745834,0.7621483375959079,35.710997442455245,industry_strength
industry,5d,industry_ret_20d,纺织,391,8.203773042954174e-17,1.484034209984786e-16,2.417863389325185e-16,5.386195939745834,0.7621483375959079,35.710997442455245,industry_strength
industry,5d,industry_ret_60d,纺织,391,8.203773042954174e-17,1.484034209984786e-16,2.417863389325185e-16,5.386195939745834,0.7621483375959079,35.710997442455245,industry_strength
industry,5d,industry_breadth_20d,纺织,391,8.203773042954174e-17,1.484034209984786e-16,2.417863389325185e-16,5.386195939745834,0.7621483375959079,35.710997442455245,industry_breadth
industry,5d,industry_breadth_60d,纺织,391,8.203773042954174e-17,1.484034209984786e-16,2.417863389325185e-16,5.386195939745834,0.7621483375959079,35.710997442455245,industry_breadth
industry,5d,industry_amount_share,纺织,391,8.203773042954174e-17,1.484034209984786e-16,2.417863389325185e-16,5.386195939745834,0.7621483375959079,35.710997442455245,industry_crowding
industry,5d,industry_amount_share_roll20d,纺织,391,8.203773042954174e-17,1.484034209984786e-16,2.417863389325185e-16,5.386195939745834,0.7621483375959079,35.710997442455245,industry_crowding
industry,5d,industry_amount_share_roll60d,纺织,391,8.203773042954174e-17,1.484034209984786e-16,2.417863389325185e-16,5.386195939745834,0.7621483375959079,35.710997442455245,industry_crowding
industry,5d,industry_crowding_score,纺织,391,8.203773042954174e-17,1.484034209984786e-16,2.417863389325185e-16,5.386195939745834,0.7621483375959079,35.710997442455245,industry_crowding
industry,5d,stock_amount_share_in_industry,纺织,1278,-0.09602602715809445,-0.10149413085049114,0.2032846663257845,-7.4986763687142135,0.31768388106416273,38.12754303599374,liquidity_crowding
industry,5d,turnover_rate,纺织,1278,-0.07552117838782046,-0.0821780559049721,0.23220904125104141,-5.162854701683311,0.36071987480438183,38.12754303599374,liquidity
industry,5d,log_amount,纺织,1278,-0.09602602715809445,-0.10149413085049114,0.2032846663257845,-7.4986763687142135,0.31768388106416273,38.12754303599374,liquidity
industry,5d,log_total_mv,纺织,1278,-0.04992089482035872,-0.05902367196735488,0.25986700052967343,-3.0495200849189774,0.41001564945226915,38.12754303599374,size
industry,5d,stock_ret_1d,医药商业,962,-0.005622362539034186,-0.009142194594848867,0.26026983443364193,-0.34292194693940403,0.48336798336798337,33.87422037422037,price_momentum_reversal
industry,5d,stock_ret_5d,医药商业,962,-0.03792695595767086,-0.036139228418640194,0.2594037022913513,-2.3209836844269804,0.4417879417879418,33.87422037422037,price_momentum_reversal
industry,5d,stock_ret_20d,医药商业,962,-0.04484360189350487,-0.040547645678716535,0.2877043386809422,-2.4743113512968007,0.44490644490644493,33.87422037422037,price_momentum
industry,5d,stock_ret_60d,医药商业,962,-0.05358778054043338,-0.03678380443086331,0.28874302593081735,-2.946147845438114,0.44594594594594594,33.87422037422037,price_momentum
industry,5d,stock_rel_industry_ret_1d,医药商业,962,-0.005622362539034186,-0.009142194594848867,0.26026983443364193,-0.34292194693940403,0.48336798336798337,33.87422037422037,relative_strength
industry,5d,stock_rel_industry_ret_5d,医药商业,962,-0.03792695595767086,-0.036139228418640194,0.2594037022913513,-2.3209836844269804,0.4417879417879418,33.87422037422037,relative_strength
industry,5d,stock_rel_industry_ret_20d,医药商业,962,-0.04484360189350487,-0.040547645678716535,0.2877043386809422,-2.4743113512968007,0.44490644490644493,33.87422037422037,relative_strength
industry,5d,stock_rel_industry_ret_60d,医药商业,962,-0.05358778054043338,-0.03678380443086331,0.28874302593081735,-2.946147845438114,0.44594594594594594,33.87422037422037,relative_strength
industry,5d,industry_ret_5d,医药商业,436,1.2703865233849807e-16,1.5939626699836593e-16,1.2424897652416608e-16,16.230927145629423,0.9105504587155964,34.36926605504587,industry_strength
industry,5d,industry_ret_20d,医药商业,436,1.2703865233849807e-16,1.5939626699836593e-16,1.2424897652416608e-16,16.230927145629423,0.9105504587155964,34.36926605504587,industry_strength
industry,5d,industry_ret_60d,医药商业,436,1.2703865233849807e-16,1.5939626699836593e-16,1.2424897652416608e-16,16.230927145629423,0.9105504587155964,34.36926605504587,industry_strength
industry,5d,industry_breadth_20d,医药商业,436,1.2703865233849807e-16,1.5939626699836593e-16,1.2424897652416608e-16,16.230927145629423,0.9105504587155964,34.36926605504587,industry_breadth
industry,5d,industry_breadth_60d,医药商业,436,1.2703865233849807e-16,1.5939626699836593e-16,1.2424897652416608e-16,16.230927145629423,0.9105504587155964,34.36926605504587,industry_breadth
industry,5d,industry_amount_share,医药商业,436,1.2703865233849807e-16,1.5939626699836593e-16,1.2424897652416608e-16,16.230927145629423,0.9105504587155964,34.36926605504587,industry_crowding
industry,5d,industry_amount_share_roll20d,医药商业,436,1.2703865233849807e-16,1.5939626699836593e-16,1.2424897652416608e-16,16.230927145629423,0.9105504587155964,34.36926605504587,industry_crowding
industry,5d,industry_amount_share_roll60d,医药商业,436,1.2703865233849807e-16,1.5939626699836593e-16,1.2424897652416608e-16,16.230927145629423,0.9105504587155964,34.36926605504587,industry_crowding
industry,5d,industry_crowding_score,医药商业,436,1.2703865233849807e-16,1.5939626699836593e-16,1.2424897652416608e-16,16.230927145629423,0.9105504587155964,34.36926605504587,industry_crowding
industry,5d,stock_amount_share_in_industry,医药商业,962,-0.11333853915738841,-0.1206168831168831,0.25635061189366604,-7.018487368249929,0.3316008316008316,33.87422037422037,liquidity_crowding
industry,5d,turnover_rate,医药商业,962,-0.0890970227171096,-0.09901801629742807,0.3282145680721273,-4.309288878620552,0.40124740124740127,33.87422037422037,liquidity
industry,5d,log_amount,医药商业,962,-0.11333853915738841,-0.1206168831168831,0.25635061189366604,-7.018487368249929,0.3316008316008316,33.87422037422037,liquidity
industry,5d,log_total_mv,医药商业,962,-0.02828481450162102,-0.028393175451998976,0.3238705741648973,-1.3863794556299678,0.46465696465696466,33.87422037422037,size
industry,5d,stock_ret_1d,造纸,875,-0.02763367860219875,-0.029043971705527128,0.22771410731572791,-1.9264113827590286,0.456,30.908571428571427,price_momentum_reversal
industry,5d,stock_ret_5d,造纸,875,-0.03940131282350046,-0.04545454545454545,0.23899395172100613,-2.6171225081579292,0.43314285714285716,30.908571428571427,price_momentum_reversal
industry,5d,stock_ret_20d,造纸,875,-0.008776791024374895,-0.007786429365962208,0.2445300124707726,-0.5697756146588833,0.48228571428571426,30.908571428571427,price_momentum
industry,5d,stock_ret_60d,造纸,875,-0.012784789303877322,-0.003781979977753005,0.2549311745851959,-0.7961060027465685,0.48914285714285716,30.908571428571427,price_momentum
industry,5d,stock_rel_industry_ret_1d,造纸,875,-0.02763367860219875,-0.029043971705527128,0.22771410731572791,-1.9264113827590286,0.456,30.908571428571427,relative_strength
industry,5d,stock_rel_industry_ret_5d,造纸,875,-0.03940131282350046,-0.04545454545454545,0.23899395172100613,-2.6171225081579292,0.43314285714285716,30.908571428571427,relative_strength
industry,5d,stock_rel_industry_ret_20d,造纸,875,-0.008776791024374895,-0.007786429365962208,0.2445300124707726,-0.5697756146588833,0.48228571428571426,30.908571428571427,relative_strength
industry,5d,stock_rel_industry_ret_60d,造纸,875,-0.012784789303877322,-0.003781979977753005,0.2549311745851959,-0.7961060027465685,0.48914285714285716,30.908571428571427,relative_strength
industry,5d,industry_ret_5d,造纸,614,4.588078002568848e-17,4.965068306494547e-17,1.843494725998124e-16,3.950837467351287,0.749185667752443,30.444625407166125,industry_strength
industry,5d,industry_ret_20d,造纸,614,4.588078002568848e-17,4.965068306494547e-17,1.843494725998124e-16,3.950837467351287,0.749185667752443,30.444625407166125,industry_strength
industry,5d,industry_ret_60d,造纸,614,4.588078002568848e-17,4.965068306494547e-17,1.843494725998124e-16,3.950837467351287,0.749185667752443,30.444625407166125,industry_strength
industry,5d,industry_breadth_20d,造纸,614,4.588078002568848e-17,4.965068306494547e-17,1.843494725998124e-16,3.950837467351287,0.749185667752443,30.444625407166125,industry_breadth
industry,5d,industry_breadth_60d,造纸,614,4.588078002568848e-17,4.965068306494547e-17,1.843494725998124e-16,3.950837467351287,0.749185667752443,30.444625407166125,industry_breadth
industry,5d,industry_amount_share,造纸,614,4.588078002568848e-17,4.965068306494547e-17,1.843494725998124e-16,3.950837467351287,0.749185667752443,30.444625407166125,industry_crowding
industry,5d,industry_amount_share_roll20d,造纸,614,4.588078002568848e-17,4.965068306494547e-17,1.843494725998124e-16,3.950837467351287,0.749185667752443,30.444625407166125,industry_crowding
industry,5d,industry_amount_share_roll60d,造纸,614,4.588078002568848e-17,4.965068306494547e-17,1.843494725998124e-16,3.950837467351287,0.749185667752443,30.444625407166125,industry_crowding
industry,5d,industry_crowding_score,造纸,614,4.588078002568848e-17,4.965068306494547e-17,1.843494725998124e-16,3.950837467351287,0.749185667752443,30.444625407166125,industry_crowding
industry,5d,stock_amount_share_in_industry,造纸,875,-0.0620927921130329,-0.06785317018909898,0.22290569971272156,-4.422015758747565,0.3942857142857143,30.908571428571427,liquidity_crowding
industry,5d,turnover_rate,造纸,875,-0.014831094750351572,-0.007697947214076245,0.2734170538022023,-0.8610886812199958,0.49142857142857144,30.908571428571427,liquidity
industry,5d,log_amount,造纸,875,-0.0620927921130329,-0.06785317018909898,0.22290569971272156,-4.422015758747565,0.3942857142857143,30.908571428571427,liquidity
industry,5d,log_total_mv,造纸,875,-0.06045286987949027,-0.08654060066740822,0.29546430988335753,-3.247971163848934,0.40114285714285713,30.908571428571427,size
industry,5d,stock_ret_1d,新型电力,328,0.0017121679950208991,0.0026699299308611812,0.25837283214292456,0.10519613877399131,0.5030487804878049,30.0,price_momentum_reversal
industry,5d,stock_ret_5d,新型电力,328,0.008797257280347187,0.014465389518347584,0.28085087289348976,0.49724655814927227,0.5304878048780488,30.0,price_momentum_reversal
industry,5d,stock_ret_20d,新型电力,328,0.015323802871457818,0.03348350255731494,0.27530096276220456,0.8836068961954444,0.551829268292683,30.0,price_momentum
industry,5d,stock_ret_60d,新型电力,328,0.010173302350540833,0.010790966803897146,0.28695053472047344,0.5628014192345635,0.5121951219512195,30.0,price_momentum
industry,5d,stock_rel_industry_ret_1d,新型电力,328,0.0017121679950208991,0.0026699299308611812,0.25837283214292456,0.10519613877399131,0.5030487804878049,30.0,relative_strength
industry,5d,stock_rel_industry_ret_5d,新型电力,328,0.008797257280347187,0.014465389518347584,0.28085087289348976,0.49724655814927227,0.5304878048780488,30.0,relative_strength
industry,5d,stock_rel_industry_ret_20d,新型电力,328,0.015323802871457818,0.03348350255731494,0.27530096276220456,0.8836068961954444,0.551829268292683,30.0,relative_strength
industry,5d,stock_rel_industry_ret_60d,新型电力,328,0.010173302350540833,0.010790966803897146,0.28695053472047344,0.5628014192345635,0.5121951219512195,30.0,relative_strength
industry,5d,industry_ret_5d,新型电力,328,1.14095583155027e-16,1.8930008468188688e-16,2.0486416037207074e-16,8.841035098696912,0.7865853658536586,30.0,industry_strength
industry,5d,industry_ret_20d,新型电力,328,1.14095583155027e-16,1.8930008468188688e-16,2.0486416037207074e-16,8.841035098696912,0.7865853658536586,30.0,industry_strength
industry,5d,industry_ret_60d,新型电力,328,1.14095583155027e-16,1.8930008468188688e-16,2.0486416037207074e-16,8.841035098696912,0.7865853658536586,30.0,industry_strength
industry,5d,industry_breadth_20d,新型电力,328,1.14095583155027e-16,1.8930008468188688e-16,2.0486416037207074e-16,8.841035098696912,0.7865853658536586,30.0,industry_breadth
industry,5d,industry_breadth_60d,新型电力,328,1.14095583155027e-16,1.8930008468188688e-16,2.0486416037207074e-16,8.841035098696912,0.7865853658536586,30.0,industry_breadth
industry,5d,industry_amount_share,新型电力,328,1.14095583155027e-16,1.8930008468188688e-16,2.0486416037207074e-16,8.841035098696912,0.7865853658536586,30.0,industry_crowding
industry,5d,industry_amount_share_roll20d,新型电力,328,1.14095583155027e-16,1.8930008468188688e-16,2.0486416037207074e-16,8.841035098696912,0.7865853658536586,30.0,industry_crowding
industry,5d,industry_amount_share_roll60d,新型电力,328,1.14095583155027e-16,1.8930008468188688e-16,2.0486416037207074e-16,8.841035098696912,0.7865853658536586,30.0,industry_crowding
industry,5d,industry_crowding_score,新型电力,328,1.14095583155027e-16,1.8930008468188688e-16,2.0486416037207074e-16,8.841035098696912,0.7865853658536586,30.0,industry_crowding
industry,5d,stock_amount_share_in_industry,新型电力,328,-0.03986911737733754,-0.043836626627298245,0.2646334323134025,-2.3916200303933386,0.4481707317073171,30.0,liquidity_crowding
industry,5d,turnover_rate,新型电力,328,-0.08289414509936313,-0.08186874304783087,0.28232379611608693,-4.660973593300058,0.40853658536585363,30.0,liquidity
industry,5d,log_amount,新型电力,328,-0.03986911737733754,-0.043836626627298245,0.2646334323134025,-2.3916200303933386,0.4481707317073171,30.0,liquidity
industry,5d,log_total_mv,新型电力,328,0.008050063543905155,-0.011570935154155021,0.3147895696589843,0.40595626211846675,0.4847560975609756,30.0,size
industry,5d,stock_ret_1d,工程机械,795,-0.01430046419738072,-0.014519334317305144,0.23209255593264844,-0.9781133672386767,0.4691823899371069,34.937106918238996,price_momentum_reversal
industry,5d,stock_ret_5d,工程机械,795,-0.03424687537865804,-0.018929861035124163,0.25012497635681685,-2.1735226146394573,0.4742138364779874,34.937106918238996,price_momentum_reversal
industry,5d,stock_ret_20d,工程机械,795,-0.04857208533621478,-0.0511841100076394,0.2662102443257718,-2.8964247890213235,0.41635220125786165,34.937106918238996,price_momentum
industry,5d,stock_ret_60d,工程机械,795,-0.058063247710868675,-0.05201612903225808,0.2720401003269744,-3.3881971129489354,0.42012578616352203,34.937106918238996,price_momentum
industry,5d,stock_rel_industry_ret_1d,工程机械,795,-0.01430046419738072,-0.014519334317305144,0.23209255593264844,-0.9781133672386767,0.4691823899371069,34.937106918238996,relative_strength
industry,5d,stock_rel_industry_ret_5d,工程机械,795,-0.03424687537865804,-0.018929861035124163,0.25012497635681685,-2.1735226146394573,0.4742138364779874,34.937106918238996,relative_strength
industry,5d,stock_rel_industry_ret_20d,工程机械,795,-0.04857208533621478,-0.0511841100076394,0.2662102443257718,-2.8964247890213235,0.41635220125786165,34.937106918238996,relative_strength
industry,5d,stock_rel_industry_ret_60d,工程机械,795,-0.058063247710868675,-0.05201612903225808,0.2720401003269744,-3.3881971129489354,0.42012578616352203,34.937106918238996,relative_strength
industry,5d,industry_ret_5d,工程机械,336,7.093175189552143e-17,1.4557467855773294e-16,2.1620964133631603e-16,5.2079391394511925,0.7708333333333334,35.11607142857143,industry_strength
industry,5d,industry_ret_20d,工程机械,336,7.093175189552143e-17,1.4557467855773294e-16,2.1620964133631603e-16,5.2079391394511925,0.7708333333333334,35.11607142857143,industry_strength
industry,5d,industry_ret_60d,工程机械,336,7.093175189552143e-17,1.4557467855773294e-16,2.1620964133631603e-16,5.2079391394511925,0.7708333333333334,35.11607142857143,industry_strength
industry,5d,industry_breadth_20d,工程机械,336,7.093175189552143e-17,1.4557467855773294e-16,2.1620964133631603e-16,5.2079391394511925,0.7708333333333334,35.11607142857143,industry_breadth
industry,5d,industry_breadth_60d,工程机械,336,7.093175189552143e-17,1.4557467855773294e-16,2.1620964133631603e-16,5.2079391394511925,0.7708333333333334,35.11607142857143,industry_breadth
industry,5d,industry_amount_share,工程机械,336,7.093175189552143e-17,1.4557467855773294e-16,2.1620964133631603e-16,5.2079391394511925,0.7708333333333334,35.11607142857143,industry_crowding
industry,5d,industry_amount_share_roll20d,工程机械,336,7.093175189552143e-17,1.4557467855773294e-16,2.1620964133631603e-16,5.2079391394511925,0.7708333333333334,35.11607142857143,industry_crowding
industry,5d,industry_amount_share_roll60d,工程机械,336,7.093175189552143e-17,1.4557467855773294e-16,2.1620964133631603e-16,5.2079391394511925,0.7708333333333334,35.11607142857143,industry_crowding
industry,5d,industry_crowding_score,工程机械,336,7.093175189552143e-17,1.4557467855773294e-16,2.1620964133631603e-16,5.2079391394511925,0.7708333333333334,35.11607142857143,industry_crowding
industry,5d,stock_amount_share_in_industry,工程机械,795,-0.07216676653755097,-0.07501909854851033,0.274543386785273,-4.172790015110132,0.4138364779874214,34.937106918238996,liquidity_crowding
industry,5d,turnover_rate,工程机械,795,-0.03662922229213103,-0.04006638217164534,0.25830284774380496,-2.2511206612511603,0.45031446540880504,34.937106918238996,liquidity
industry,5d,log_amount,工程机械,795,-0.07216676653755097,-0.07501909854851033,0.274543386785273,-4.172790015110132,0.4138364779874214,34.937106918238996,liquidity
industry,5d,log_total_mv,工程机械,795,-0.026800978358880748,-0.02882882882882883,0.30944067748017606,-1.3749076082997873,0.46540880503144655,34.937106918238996,size
industry,5d,stock_ret_1d,染料涂料,755,-0.02543267599730284,-0.02419354838709677,0.22884850850224572,-1.7641854772171597,0.46357615894039733,31.55496688741722,price_momentum_reversal
industry,5d,stock_ret_5d,染料涂料,755,-0.024151143556753657,-0.02456011730205278,0.22186571313597434,-1.7280160731233625,0.4649006622516556,31.55496688741722,price_momentum_reversal
industry,5d,stock_ret_20d,染料涂料,755,-0.03602579200103406,-0.04249165739710787,0.23690814367377186,-2.4139808351238665,0.41589403973509936,31.55496688741722,price_momentum
industry,5d,stock_ret_60d,染料涂料,755,-0.06657034931295129,-0.06162402669632928,0.2131319323392311,-4.9582975307266635,0.3695364238410596,31.55496688741722,price_momentum
industry,5d,stock_rel_industry_ret_1d,染料涂料,755,-0.02543267599730284,-0.02419354838709677,0.22884850850224572,-1.7641854772171597,0.46357615894039733,31.55496688741722,relative_strength
industry,5d,stock_rel_industry_ret_5d,染料涂料,755,-0.024151143556753657,-0.02456011730205278,0.22186571313597434,-1.7280160731233625,0.4649006622516556,31.55496688741722,relative_strength
industry,5d,stock_rel_industry_ret_20d,染料涂料,755,-0.03602579200103406,-0.04249165739710787,0.23690814367377186,-2.4139808351238665,0.41589403973509936,31.55496688741722,relative_strength
industry,5d,stock_rel_industry_ret_60d,染料涂料,755,-0.06657034931295129,-0.06162402669632928,0.2131319323392311,-4.9582975307266635,0.3695364238410596,31.55496688741722,relative_strength
industry,5d,industry_ret_5d,染料涂料,341,6.182500176073761e-17,4.965068306494547e-17,1.7581475449431583e-16,5.582247517354885,0.8064516129032258,30.480938416422287,industry_strength
industry,5d,industry_ret_20d,染料涂料,341,6.182500176073761e-17,4.965068306494547e-17,1.7581475449431583e-16,5.582247517354885,0.8064516129032258,30.480938416422287,industry_strength
industry,5d,industry_ret_60d,染料涂料,341,6.182500176073761e-17,4.965068306494547e-17,1.7581475449431583e-16,5.582247517354885,0.8064516129032258,30.480938416422287,industry_strength
industry,5d,industry_breadth_20d,染料涂料,341,6.182500176073761e-17,4.965068306494547e-17,1.7581475449431583e-16,5.582247517354885,0.8064516129032258,30.480938416422287,industry_breadth
industry,5d,industry_breadth_60d,染料涂料,341,6.182500176073761e-17,4.965068306494547e-17,1.7581475449431583e-16,5.582247517354885,0.8064516129032258,30.480938416422287,industry_breadth
industry,5d,industry_amount_share,染料涂料,341,6.182500176073761e-17,4.965068306494547e-17,1.7581475449431583e-16,5.582247517354885,0.8064516129032258,30.480938416422287,industry_crowding
industry,5d,industry_amount_share_roll20d,染料涂料,341,6.182500176073761e-17,4.965068306494547e-17,1.7581475449431583e-16,5.582247517354885,0.8064516129032258,30.480938416422287,industry_crowding
industry,5d,industry_amount_share_roll60d,染料涂料,341,6.182500176073761e-17,4.965068306494547e-17,1.7581475449431583e-16,5.582247517354885,0.8064516129032258,30.480938416422287,industry_crowding
industry,5d,industry_crowding_score,染料涂料,341,6.182500176073761e-17,4.965068306494547e-17,1.7581475449431583e-16,5.582247517354885,0.8064516129032258,30.480938416422287,industry_crowding
industry,5d,stock_amount_share_in_industry,染料涂料,755,-0.08923312827321025,-0.10695187165775404,0.24543142489738423,-5.771599937977389,0.3629139072847682,31.55496688741722,liquidity_crowding
industry,5d,turnover_rate,染料涂料,755,-0.047804448299361924,-0.053170189098998885,0.25195788713664247,-3.0119005171883506,0.42119205298013246,31.55496688741722,liquidity
industry,5d,log_amount,染料涂料,755,-0.08923312827321025,-0.10695187165775404,0.24543142489738423,-5.771599937977389,0.3629139072847682,31.55496688741722,liquidity
industry,5d,log_total_mv,染料涂料,755,-0.06676038534463605,-0.08669354838709678,0.2680175876238995,-3.954174320095947,0.3920529801324503,31.55496688741722,size
industry,5d,stock_ret_1d,矿物制品,786,0.00475707875081223,-0.001773435129942365,0.24496293465238803,0.3082763690676482,0.494910941475827,32.6323155216285,price_momentum_reversal
industry,5d,stock_ret_5d,矿物制品,786,-0.049595023291890444,-0.038028906577293686,0.24584434418104295,-3.2024189533561653,0.4351145038167939,32.6323155216285,price_momentum_reversal
industry,5d,stock_ret_20d,矿物制品,786,-0.04442793531542636,-0.028074866310160443,0.25215781448709496,-2.7969452784426294,0.4580152671755725,32.6323155216285,price_momentum
industry,5d,stock_ret_60d,矿物制品,786,-0.042468006886918076,-0.04632581316478452,0.26899936296182814,-2.5061721409795554,0.4491094147582697,32.6323155216285,price_momentum
industry,5d,stock_rel_industry_ret_1d,矿物制品,786,0.00475707875081223,-0.001773435129942365,0.24496293465238803,0.3082763690676482,0.494910941475827,32.6323155216285,relative_strength
industry,5d,stock_rel_industry_ret_5d,矿物制品,786,-0.049595023291890444,-0.038028906577293686,0.24584434418104295,-3.2024189533561653,0.4351145038167939,32.6323155216285,relative_strength
industry,5d,stock_rel_industry_ret_20d,矿物制品,786,-0.04442793531542636,-0.028074866310160443,0.25215781448709496,-2.7969452784426294,0.4580152671755725,32.6323155216285,relative_strength
industry,5d,stock_rel_industry_ret_60d,矿物制品,786,-0.042468006886918076,-0.04632581316478452,0.26899936296182814,-2.5061721409795554,0.4491094147582697,32.6323155216285,relative_strength
industry,5d,industry_ret_5d,矿物制品,337,7.853901137583168e-17,1.3191415199864764e-16,1.5653347171447557e-16,7.964866173658403,0.857566765578635,32.54896142433235,industry_strength
industry,5d,industry_ret_20d,矿物制品,337,7.853901137583168e-17,1.3191415199864764e-16,1.5653347171447557e-16,7.964866173658403,0.857566765578635,32.54896142433235,industry_strength
industry,5d,industry_ret_60d,矿物制品,337,7.853901137583168e-17,1.3191415199864764e-16,1.5653347171447557e-16,7.964866173658403,0.857566765578635,32.54896142433235,industry_strength
industry,5d,industry_breadth_20d,矿物制品,337,7.853901137583168e-17,1.3191415199864764e-16,1.5653347171447557e-16,7.964866173658403,0.857566765578635,32.54896142433235,industry_breadth
industry,5d,industry_breadth_60d,矿物制品,337,7.853901137583168e-17,1.3191415199864764e-16,1.5653347171447557e-16,7.964866173658403,0.857566765578635,32.54896142433235,industry_breadth
industry,5d,industry_amount_share,矿物制品,337,7.853901137583168e-17,1.3191415199864764e-16,1.5653347171447557e-16,7.964866173658403,0.857566765578635,32.54896142433235,industry_crowding
industry,5d,industry_amount_share_roll20d,矿物制品,337,7.853901137583168e-17,1.3191415199864764e-16,1.5653347171447557e-16,7.964866173658403,0.857566765578635,32.54896142433235,industry_crowding
industry,5d,industry_amount_share_roll60d,矿物制品,337,7.853901137583168e-17,1.3191415199864764e-16,1.5653347171447557e-16,7.964866173658403,0.857566765578635,32.54896142433235,industry_crowding
industry,5d,industry_crowding_score,矿物制品,337,7.853901137583168e-17,1.3191415199864764e-16,1.5653347171447557e-16,7.964866173658403,0.857566765578635,32.54896142433235,industry_crowding
industry,5d,stock_amount_share_in_industry,矿物制品,786,-0.064341202983345,-0.05158795189630105,0.26837109777144436,-3.805867850053662,0.43384223918575066,32.6323155216285,liquidity_crowding
industry,5d,turnover_rate,矿物制品,786,-0.0752743782138445,-0.05943807141624977,0.27143775828602934,-4.40227519059425,0.4173027989821883,32.6323155216285,liquidity
industry,5d,log_amount,矿物制品,786,-0.064341202983345,-0.05158795189630105,0.26837109777144436,-3.805867850053662,0.43384223918575066,32.6323155216285,liquidity
industry,5d,log_total_mv,矿物制品,786,-0.009743288850408588,-0.012565766775918603,0.2496394653346848,-0.6195731724266251,0.48091603053435117,32.6323155216285,size
industry,5d,stock_ret_1d,化纤,552,0.003803200265635536,0.009966412054967736,0.24340186124341756,0.24804219748303685,0.5144927536231884,30.318840579710145,price_momentum_reversal
industry,5d,stock_ret_5d,化纤,552,-0.010865530528693561,-0.012235817575083421,0.2455279587334861,-0.7025063489305007,0.4927536231884058,30.318840579710145,price_momentum_reversal
industry,5d,stock_ret_20d,化纤,552,-0.016227520700495546,-0.0020022246941045346,0.25043099320718576,-1.0286422687261525,0.4927536231884058,30.318840579710145,price_momentum
industry,5d,stock_ret_60d,化纤,552,-0.007771171362049948,-0.024249165739710803,0.2929077677411483,-0.42116848545623986,0.45471014492753625,30.318840579710145,price_momentum
industry,5d,stock_rel_industry_ret_1d,化纤,552,0.003803200265635536,0.009966412054967736,0.24340186124341756,0.24804219748303685,0.5144927536231884,30.318840579710145,relative_strength
industry,5d,stock_rel_industry_ret_5d,化纤,552,-0.010865530528693561,-0.012235817575083421,0.2455279587334861,-0.7025063489305007,0.4927536231884058,30.318840579710145,relative_strength
industry,5d,stock_rel_industry_ret_20d,化纤,552,-0.016227520700495546,-0.0020022246941045346,0.25043099320718576,-1.0286422687261525,0.4927536231884058,30.318840579710145,relative_strength
industry,5d,stock_rel_industry_ret_60d,化纤,552,-0.007771171362049948,-0.024249165739710803,0.2929077677411483,-0.42116848545623986,0.45471014492753625,30.318840579710145,relative_strength
industry,5d,industry_ret_5d,化纤,498,7.926582237696655e-17,1.795763097401215e-16,1.8739710124688558e-16,6.714649866441013,0.7550200803212851,30.136546184738958,industry_strength
industry,5d,industry_ret_20d,化纤,498,7.926582237696655e-17,1.795763097401215e-16,1.8739710124688558e-16,6.714649866441013,0.7550200803212851,30.136546184738958,industry_strength
industry,5d,industry_ret_60d,化纤,498,7.926582237696655e-17,1.795763097401215e-16,1.8739710124688558e-16,6.714649866441013,0.7550200803212851,30.136546184738958,industry_strength
industry,5d,industry_breadth_20d,化纤,498,7.926582237696655e-17,1.795763097401215e-16,1.8739710124688558e-16,6.714649866441013,0.7550200803212851,30.136546184738958,industry_breadth
industry,5d,industry_breadth_60d,化纤,498,7.926582237696655e-17,1.795763097401215e-16,1.8739710124688558e-16,6.714649866441013,0.7550200803212851,30.136546184738958,industry_breadth
industry,5d,industry_amount_share,化纤,498,7.926582237696655e-17,1.795763097401215e-16,1.8739710124688558e-16,6.714649866441013,0.7550200803212851,30.136546184738958,industry_crowding
industry,5d,industry_amount_share_roll20d,化纤,498,7.926582237696655e-17,1.795763097401215e-16,1.8739710124688558e-16,6.714649866441013,0.7550200803212851,30.136546184738958,industry_crowding
industry,5d,industry_amount_share_roll60d,化纤,498,7.926582237696655e-17,1.795763097401215e-16,1.8739710124688558e-16,6.714649866441013,0.7550200803212851,30.136546184738958,industry_crowding
industry,5d,industry_crowding_score,化纤,498,7.926582237696655e-17,1.795763097401215e-16,1.8739710124688558e-16,6.714649866441013,0.7550200803212851,30.136546184738958,industry_crowding
industry,5d,stock_amount_share_in_industry,化纤,552,-0.05363536940719468,-0.07987086205753183,0.2747109836325456,-3.0993849692955724,0.40217391304347827,30.318840579710145,liquidity_crowding
industry,5d,turnover_rate,化纤,552,-0.06367433761690007,-0.04187860248761249,0.2852235892713749,-3.543882103049954,0.427536231884058,30.318840579710145,liquidity
industry,5d,log_amount,化纤,552,-0.05363536940719468,-0.07987086205753183,0.2747109836325456,-3.0993849692955724,0.40217391304347827,30.318840579710145,liquidity
industry,5d,log_total_mv,化纤,552,-0.026620076859624604,-0.04449388209121244,0.32263849442322784,-1.3097650367709155,0.45652173913043476,30.318840579710145,size
industry,5d,stock_ret_1d,铝,123,-0.018803918028033148,0.006006674082313642,0.25915605075163556,-1.1518270315864307,0.5121951219512195,30.0,price_momentum_reversal
industry,5d,stock_ret_5d,铝,123,-0.02927826376466694,-0.024249165739710792,0.229905542224839,-2.0216042812566877,0.44715447154471544,30.0,price_momentum_reversal
industry,5d,stock_ret_20d,铝,123,-0.00277213536304761,-0.008676307007786387,0.26346687221396514,-0.1670277718697486,0.4796747967479675,30.0,price_momentum
industry,5d,stock_ret_60d,铝,123,0.03760910219904203,0.04783092324805338,0.26795547930597285,2.2280790460147077,0.5284552845528455,30.0,price_momentum
industry,5d,stock_rel_industry_ret_1d,铝,123,-0.018803918028033148,0.006006674082313642,0.25915605075163556,-1.1518270315864307,0.5121951219512195,30.0,relative_strength
industry,5d,stock_rel_industry_ret_5d,铝,123,-0.02927826376466694,-0.024249165739710792,0.229905542224839,-2.0216042812566877,0.44715447154471544,30.0,relative_strength
industry,5d,stock_rel_industry_ret_20d,铝,123,-0.00277213536304761,-0.008676307007786387,0.26346687221396514,-0.1670277718697486,0.4796747967479675,30.0,relative_strength
industry,5d,stock_rel_industry_ret_60d,铝,123,0.03760910219904203,0.04783092324805338,0.26795547930597285,2.2280790460147077,0.5284552845528455,30.0,relative_strength
industry,5d,industry_ret_5d,铝,123,7.883761339412988e-17,1.859897493736973e-16,2.1801691360087749e-16,5.740418453420844,0.7317073170731707,30.0,industry_strength
industry,5d,industry_ret_20d,铝,123,7.883761339412988e-17,1.859897493736973e-16,2.1801691360087749e-16,5.740418453420844,0.7317073170731707,30.0,industry_strength
industry,5d,industry_ret_60d,铝,123,7.883761339412988e-17,1.859897493736973e-16,2.1801691360087749e-16,5.740418453420844,0.7317073170731707,30.0,industry_strength
industry,5d,industry_breadth_20d,铝,123,7.883761339412988e-17,1.859897493736973e-16,2.1801691360087749e-16,5.740418453420844,0.7317073170731707,30.0,industry_breadth
industry,5d,industry_breadth_60d,铝,123,7.883761339412988e-17,1.859897493736973e-16,2.1801691360087749e-16,5.740418453420844,0.7317073170731707,30.0,industry_breadth
industry,5d,industry_amount_share,铝,123,7.883761339412988e-17,1.859897493736973e-16,2.1801691360087749e-16,5.740418453420844,0.7317073170731707,30.0,industry_crowding
industry,5d,industry_amount_share_roll20d,铝,123,7.883761339412988e-17,1.859897493736973e-16,2.1801691360087749e-16,5.740418453420844,0.7317073170731707,30.0,industry_crowding
industry,5d,industry_amount_share_roll60d,铝,123,7.883761339412988e-17,1.859897493736973e-16,2.1801691360087749e-16,5.740418453420844,0.7317073170731707,30.0,industry_crowding
industry,5d,industry_crowding_score,铝,123,7.883761339412988e-17,1.859897493736973e-16,2.1801691360087749e-16,5.740418453420844,0.7317073170731707,30.0,industry_crowding
industry,5d,stock_amount_share_in_industry,铝,123,0.03483781061471323,0.08298109010011126,0.32631412623395184,1.6947874890788086,0.5691056910569106,30.0,liquidity_crowding
industry,5d,turnover_rate,铝,123,-0.07664991606816682,-0.07141268075639597,0.24441644678692762,-4.978305312828636,0.3333333333333333,30.0,liquidity
industry,5d,log_amount,铝,123,0.03483781061471323,0.08298109010011126,0.32631412623395184,1.6947874890788086,0.5691056910569106,30.0,liquidity
industry,5d,log_total_mv,铝,123,0.07124891950208302,0.14749721913236935,0.3321927869363021,3.404774509219873,0.6260162601626016,30.0,size
industry,10d,industry_amount_share,软件服务,744,1.7543350447936963e-17,1.1883950317473003e-17,1.4130373572460606e-16,1.970875385993587,0.5228494623655914,206.21236559139786,industry_crowding
industry,10d,stock_amount_share_in_industry,软件服务,2021,-0.07906606830986738,-0.09209318096062354,0.1804613976992741,-6.955143534025579,0.33003463631865415,208.7862444334488,liquidity_crowding
industry,10d,turnover_rate,软件服务,2021,-0.07274398450308432,-0.07730958730972948,0.17016354845423445,-6.786265123856199,0.31172686788718457,208.36516575952498,liquidity
industry,10d,log_amount,软件服务,2021,-0.07906606830986738,-0.09209318096062354,0.1804613976992741,-6.955143534025579,0.33003463631865415,208.7862444334488,liquidity
industry,10d,log_total_mv,软件服务,2021,-0.037640868521355,-0.04990620037452995,0.2006002436085262,-2.978711554338871,0.40722414646214744,208.36516575952498,size
industry,10d,stock_ret_1d,软件服务,2020,-0.015500868368930604,-0.016327950779720046,0.1369370783028101,-1.796946889098167,0.452970297029703,208.82079207920793,price_momentum_reversal
industry,10d,stock_rel_industry_ret_1d,软件服务,2020,-0.015500868368930604,-0.016327950779720046,0.1369370783028101,-1.796946889098167,0.452970297029703,208.82079207920793,relative_strength
industry,10d,stock_ret_5d,软件服务,2016,-0.03992313262591075,-0.039483116181362396,0.1446598315382917,-4.381037059020049,0.3923611111111111,208.95039682539684,price_momentum_reversal
industry,10d,stock_rel_industry_ret_5d,软件服务,2016,-0.03992313262591075,-0.039483116181362396,0.1446598315382917,-4.381037059020049,0.3923611111111111,208.95039682539684,relative_strength
industry,10d,industry_ret_5d,软件服务,742,1.7739000364065894e-17,1.2161314952529393e-17,1.414422324228286e-16,1.9909039612681196,0.5242587601078167,206.39622641509433,industry_strength
industry,10d,industry_breadth_20d,软件服务,740,1.7942603455233394e-17,1.2875854793390337e-17,1.4157877452005227e-16,2.0118128629036374,0.5256756756756756,206.5837837837838,industry_breadth
industry,10d,industry_amount_share_roll20d,软件服务,740,1.7942603455233394e-17,1.2875854793390337e-17,1.4157877452005227e-16,2.0118128629036374,0.5256756756756756,206.5837837837838,industry_crowding
industry,10d,stock_ret_20d,软件服务,2001,-0.07612452088992638,-0.07604742970353408,0.15261125180531887,-7.918415525702426,0.312343828085957,209.4712643678161,price_momentum
industry,10d,stock_rel_industry_ret_20d,软件服务,2001,-0.07612452088992638,-0.07604742970353408,0.15261125180531887,-7.918415525702426,0.312343828085957,209.4712643678161,relative_strength
industry,10d,industry_ret_20d,软件服务,735,1.8498892787794107e-17,1.3542326557910046e-17,1.4135250780369154e-16,2.077506962148344,0.5265306122448979,207.07891156462586,industry_strength
industry,10d,industry_breadth_60d,软件服务,730,1.878386553603427e-17,1.3584863399398705e-17,1.4141244008452873e-16,2.1086166184156303,0.5260273972602739,207.65479452054794,industry_breadth
industry,10d,industry_amount_share_roll60d,软件服务,730,1.878386553603427e-17,1.3584863399398705e-17,1.4141244008452873e-16,2.1086166184156303,0.5260273972602739,207.65479452054794,industry_crowding
industry,10d,stock_ret_60d,软件服务,1961,-0.0731957412269577,-0.07624142137820332,0.16402953096301537,-7.083763289888315,0.31310555838857723,210.87761346251912,price_momentum
industry,10d,stock_rel_industry_ret_60d,软件服务,1961,-0.0731957412269577,-0.07624142137820332,0.16402953096301537,-7.083763289888315,0.31310555838857723,210.87761346251912,relative_strength
industry,10d,industry_ret_60d,软件服务,713,1.955831564891621e-17,1.514155582320818e-17,1.420341147360578e-16,2.1859441036329468,0.5315568022440392,209.42356241234222,industry_strength
industry,10d,industry_crowding_score,软件服务,713,1.955831564891621e-17,1.514155582320818e-17,1.420341147360578e-16,2.1859441036329468,0.5315568022440392,209.42356241234222,industry_crowding
industry,10d,industry_amount_share,UNKNOWN,888,1.1231021998647167e-17,0.0,1.9879456984964916e-16,0.8968401259648926,0.4864864864864865,110.82432432432432,industry_crowding
industry,10d,stock_amount_share_in_industry,UNKNOWN,1530,-0.10434101412184178,-0.1133234293160078,0.16586963069430133,-9.985928361513725,0.24836601307189543,117.14901960784314,liquidity_crowding
industry,10d,turnover_rate,UNKNOWN,1530,-0.09470946848968802,-0.10656819423759126,0.20711156109437667,-7.25920945511987,0.31241830065359477,116.72679738562091,liquidity
industry,10d,log_amount,UNKNOWN,1530,-0.10434101412184178,-0.1133234293160078,0.16586963069430133,-9.985928361513725,0.24836601307189543,117.14901960784314,liquidity
industry,10d,log_total_mv,UNKNOWN,1530,-0.03099714675846008,-0.03923970876060108,0.20037932987362103,-2.455664715333104,0.4189542483660131,116.72679738562091,size
industry,10d,stock_ret_1d,UNKNOWN,1529,0.0003598158897491171,0.008696382568146512,0.15458791718003728,0.036949201958788015,0.5251798561151079,117.10987573577502,price_momentum_reversal
industry,10d,stock_rel_industry_ret_1d,UNKNOWN,1529,0.0003598158897491171,0.008696382568146512,0.15458791718003728,0.036949201958788015,0.5251798561151079,117.10987573577502,relative_strength
industry,10d,stock_ret_5d,UNKNOWN,1525,-0.016414058864846967,-0.010635459185409426,0.1665311693865019,-1.5646626846450364,0.47540983606557374,116.92459016393443,price_momentum_reversal
industry,10d,stock_rel_industry_ret_5d,UNKNOWN,1525,-0.016414058864846967,-0.010635459185409426,0.1665311693865019,-1.5646626846450364,0.47540983606557374,116.92459016393443,relative_strength
industry,10d,industry_ret_5d,UNKNOWN,885,1.1030351451742031e-17,0.0,1.9908874196468096e-16,0.8795143269364862,0.4847457627118644,110.61468926553673,industry_strength
industry,10d,industry_breadth_20d,UNKNOWN,884,1.091708667557373e-17,0.0,1.9917291228210556e-16,0.8701151995205326,0.4841628959276018,110.54411764705883,industry_breadth
industry,10d,industry_amount_share_roll20d,UNKNOWN,884,1.091708667557373e-17,0.0,1.9917291228210556e-16,0.8701151995205326,0.4841628959276018,110.54411764705883,industry_crowding
industry,10d,stock_ret_20d,UNKNOWN,1510,-0.04831601925531894,-0.043883544488681966,0.1698967739331221,-4.514464930587855,0.3920529801324503,116.30662251655629,price_momentum
industry,10d,stock_rel_industry_ret_20d,UNKNOWN,1510,-0.04831601925531894,-0.043883544488681966,0.1698967739331221,-4.514464930587855,0.3920529801324503,116.30662251655629,relative_strength
industry,10d,industry_ret_20d,UNKNOWN,881,1.0972766100913905e-17,0.0,1.994585042555194e-16,0.8733007521295911,0.48467650397275824,110.35868331441544,industry_strength
industry,10d,industry_breadth_60d,UNKNOWN,876,1.1567116987433529e-17,0.0,1.9961065723725078e-16,0.919902234429252,0.4863013698630137,110.22945205479452,industry_breadth
industry,10d,industry_amount_share_roll60d,UNKNOWN,876,1.1567116987433529e-17,0.0,1.9961065723725078e-16,0.919902234429252,0.4863013698630137,110.22945205479452,industry_crowding
industry,10d,stock_ret_60d,UNKNOWN,1470,-0.03954596231850218,-0.02966139470625338,0.18394908801907284,-3.4127523907258372,0.4272108843537415,114.29863945578231,price_momentum
industry,10d,stock_rel_industry_ret_60d,UNKNOWN,1470,-0.03954596231850218,-0.02966139470625338,0.18394908801907284,-3.4127523907258372,0.4272108843537415,114.29863945578231,relative_strength
industry,10d,industry_ret_60d,UNKNOWN,856,1.3310457806257052e-17,0.0,2.0091278524588103e-16,1.051685022892185,0.4929906542056075,109.01752336448598,industry_strength
industry,10d,industry_crowding_score,UNKNOWN,856,1.3310457806257052e-17,0.0,2.0091278524588103e-16,1.051685022892185,0.4929906542056075,109.01752336448598,industry_crowding
industry,10d,stock_ret_1d,区域地产,2012,0.0007004496719807412,-0.0011194978298708215,0.19949186577568384,0.05573808127279638,0.4960238568588469,41.10089463220676,price_momentum_reversal
industry,10d,stock_ret_5d,区域地产,2008,-0.026204275906652568,-0.029629036240576147,0.20330558773990354,-2.0460823956561613,0.4442231075697211,41.10109561752988,price_momentum_reversal
industry,10d,stock_ret_20d,区域地产,1993,-0.06952232136284464,-0.07469635627530366,0.2282721232835957,-4.834723668789348,0.388861013547416,41.089814350225794,price_momentum
industry,10d,stock_rel_industry_ret_1d,区域地产,2012,0.0007004496719807412,-0.0011194978298708215,0.19949186577568384,0.05573808127279638,0.4960238568588469,41.10089463220676,relative_strength
industry,10d,stock_rel_industry_ret_5d,区域地产,2008,-0.026204275906652568,-0.029629036240576147,0.20330558773990354,-2.0460823956561613,0.4442231075697211,41.10109561752988,relative_strength
industry,10d,stock_rel_industry_ret_20d,区域地产,1993,-0.06952232136284464,-0.07469635627530366,0.2282721232835957,-4.834723668789348,0.388861013547416,41.089814350225794,relative_strength
industry,10d,industry_ret_5d,区域地产,698,4.965689004033011e-17,8.946432084326663e-17,2.437058958578796e-16,3.234549122378463,0.7406876790830945,41.34813753581662,industry_strength
industry,10d,industry_ret_20d,区域地产,697,4.951112223060207e-17,8.946432084326663e-17,2.438504566906801e-16,3.223142207686532,0.7403156384505022,41.35150645624103,industry_strength
industry,10d,industry_breadth_20d,区域地产,697,4.951112223060207e-17,8.946432084326663e-17,2.438504566906801e-16,3.223142207686532,0.7403156384505022,41.35150645624103,industry_breadth
industry,10d,industry_breadth_60d,区域地产,695,4.857094095080634e-17,8.499431364730163e-17,2.4335692280711675e-16,3.1683494979616493,0.739568345323741,41.364028776978415,industry_breadth
industry,10d,industry_amount_share,区域地产,699,4.9811649063230585e-17,8.946432084326663e-17,2.435656284071736e-16,3.2464983670442256,0.7410586552217453,41.3447782546495,industry_crowding
industry,10d,industry_amount_share_roll20d,区域地产,697,4.951112223060207e-17,8.946432084326663e-17,2.438504566906801e-16,3.223142207686532,0.7403156384505022,41.35150645624103,industry_crowding
industry,10d,industry_amount_share_roll60d,区域地产,695,4.857094095080634e-17,8.499431364730163e-17,2.4335692280711675e-16,3.1683494979616493,0.739568345323741,41.364028776978415,industry_crowding
industry,10d,stock_amount_share_in_industry,区域地产,2013,-0.12537798347332615,-0.12330964968373674,0.217915051189059,-9.133438805896729,0.2856433184302037,41.100347739692005,liquidity_crowding
industry,10d,turnover_rate,区域地产,2013,-0.07972434336162008,-0.07822410147991543,0.2216801273598628,-5.709058050937249,0.3591654247391952,41.100347739692005,liquidity
industry,10d,log_amount,区域地产,2013,-0.12537798347332615,-0.12330964968373674,0.217915051189059,-9.133438805896729,0.2856433184302037,41.100347739692005,liquidity
industry,10d,log_total_mv,区域地产,2013,-0.05214082413391298,-0.04961240310077519,0.2592496606814441,-3.1927136209091853,0.4207650273224044,41.100347739692005,size
industry,10d,stock_ret_60d,区域地产,1953,-0.06035602545199474,-0.06529080675422151,0.22981730232263206,-4.169060341142221,0.4039938556067588,41.05273937532002,price_momentum
industry,10d,stock_rel_industry_ret_60d,区域地产,1953,-0.06035602545199474,-0.06529080675422151,0.22981730232263206,-4.169060341142221,0.4039938556067588,41.05273937532002,relative_strength
industry,10d,industry_ret_60d,区域地产,692,4.8477691917382554e-17,8.722931724528412e-17,2.429799475950507e-16,3.167172885267659,0.7398843930635838,41.35693641618497,industry_strength
industry,10d,industry_crowding_score,区域地产,692,4.8477691917382554e-17,8.722931724528412e-17,2.429799475950507e-16,3.167172885267659,0.7398843930635838,41.35693641618497,industry_crowding
industry,10d,industry_amount_share,电气设备,933,1.63691099670178e-17,9.861398736196784e-18,1.3240279781927526e-16,1.962583640353841,0.5209003215434084,243.524115755627,industry_crowding
industry,10d,stock_amount_share_in_industry,电气设备,2021,-0.07759208432145821,-0.09268342344407503,0.21157922649395464,-5.8216308535639145,0.3448787728847105,247.93072736269173,liquidity_crowding
industry,10d,turnover_rate,电气设备,2021,-0.06262864927777681,-0.06657453000822638,0.1813908854032462,-5.480975427244386,0.36763978228599703,247.6338446313706,liquidity
industry,10d,log_amount,电气设备,2021,-0.07759208432145821,-0.09268342344407503,0.21157922649395464,-5.8216308535639145,0.3448787728847105,247.93072736269173,liquidity
industry,10d,log_total_mv,电气设备,2021,-0.037305177821995474,-0.03895466144759452,0.22845752960686244,-2.5921725574610464,0.4393864423552697,247.6338446313706,size
industry,10d,stock_ret_1d,电气设备,2020,-0.0025287009582794185,-0.0049438415506267205,0.14658416431782684,-0.27384870283062696,0.4910891089108911,247.96732673267326,price_momentum_reversal
industry,10d,stock_rel_industry_ret_1d,电气设备,2020,-0.0025287009582794185,-0.0049438415506267205,0.14658416431782684,-0.27384870283062696,0.4910891089108911,247.96732673267326,relative_strength
industry,10d,stock_ret_5d,电气设备,2016,-0.021477258040114734,-0.01927658142818593,0.15796073586051834,-2.1583901837941064,0.44742063492063494,248.10615079365078,price_momentum_reversal
industry,10d,stock_rel_industry_ret_5d,电气设备,2016,-0.021477258040114734,-0.01927658142818593,0.15796073586051834,-2.1583901837941064,0.44742063492063494,248.10615079365078,relative_strength
industry,10d,industry_ret_5d,电气设备,930,1.61164583929887e-17,9.861398249150226e-18,1.325404006812414e-16,1.9302857409726852,0.5193548387096775,243.7505376344086,industry_strength
industry,10d,industry_breadth_20d,电气设备,929,1.6057669875369323e-17,9.861397762103667e-18,1.3259966099928113e-16,1.9223850561260978,0.5188374596340151,243.82561894510226,industry_breadth
industry,10d,industry_amount_share_roll20d,电气设备,929,1.6057669875369323e-17,9.861397762103667e-18,1.3259966099928113e-16,1.9223850561260978,0.5188374596340151,243.82561894510226,industry_crowding
industry,10d,stock_ret_20d,电气设备,2001,-0.04082928315931912,-0.04101351028962156,0.17645857374073975,-3.6730704717349525,0.4107946026986507,248.66916541729137,price_momentum
industry,10d,stock_rel_industry_ret_20d,电气设备,2001,-0.04082928315931912,-0.04101351028962156,0.17645857374073975,-3.6730704717349525,0.4107946026986507,248.66916541729137,relative_strength
industry,10d,industry_ret_20d,电气设备,924,1.5553755863174906e-17,8.50529388870397e-18,1.327225458052058e-16,1.860333663010229,0.5162337662337663,244.26190476190476,industry_strength
industry,10d,industry_breadth_60d,电气设备,921,1.5462091515856364e-17,8.24132121554369e-18,1.3289507119271682e-16,1.846969125313338,0.5157437567861021,244.57220412595007,industry_breadth
industry,10d,industry_amount_share_roll60d,电气设备,921,1.5462091515856364e-17,8.24132121554369e-18,1.3289507119271682e-16,1.846969125313338,0.5157437567861021,244.57220412595007,industry_crowding
industry,10d,stock_ret_60d,电气设备,1961,-0.03278855898260913,-0.03196482325198371,0.19035509165424663,-2.734375177325753,0.43447220805711373,250.1805201427843,price_momentum
industry,10d,stock_rel_industry_ret_60d,电气设备,1961,-0.03278855898260913,-0.03196482325198371,0.19035509165424663,-2.734375177325753,0.43447220805711373,250.1805201427843,relative_strength
industry,10d,industry_ret_60d,电气设备,904,1.4914145152485467e-17,8.927103354329732e-18,1.3239737963456782e-16,1.7882129933163842,0.5176991150442478,246.15818584070797,industry_strength
industry,10d,industry_crowding_score,电气设备,904,1.4914145152485467e-17,8.927103354329732e-18,1.3239737963456782e-16,1.7882129933163842,0.5176991150442478,246.15818584070797,industry_crowding
industry,10d,industry_amount_share,建筑工程,1479,3.1819229840633445e-18,-2.166933461441663e-17,2.2501548672150944e-16,0.22447993325574267,0.46991210277214335,96.77146720757268,industry_crowding
industry,10d,stock_amount_share_in_industry,建筑工程,2021,-0.10014008526148514,-0.11256322624743674,0.22240253375554908,-7.14773588403195,0.3161801088570015,96.2127659574468,liquidity_crowding
industry,10d,turnover_rate,建筑工程,2021,-0.07814700069096718,-0.09542434966163776,0.21984383154784085,-5.642847326982621,0.3404255319148936,95.92775853537853,liquidity
industry,10d,log_amount,建筑工程,2021,-0.10014008526148514,-0.11256322624743674,0.22240253375554908,-7.14773588403195,0.3161801088570015,96.2127659574468,liquidity
industry,10d,log_total_mv,建筑工程,2021,-0.04278503285558651,-0.05086243732263338,0.26936108093809996,-2.5214902548810976,0.433943592281049,95.92775853537853,size
industry,10d,stock_ret_1d,建筑工程,2020,-0.0057447613182388295,0.00010255092982799607,0.18248874147910527,-0.49973087653378834,0.5,96.22574257425742,price_momentum_reversal
industry,10d,stock_rel_industry_ret_1d,建筑工程,2020,-0.0057447613182388295,0.00010255092982799607,0.18248874147910527,-0.49973087653378834,0.5,96.22574257425742,relative_strength
industry,10d,stock_ret_5d,建筑工程,2016,-0.03582006303523968,-0.030877571183616823,0.18855977971374246,-3.015626520622032,0.43005952380952384,96.2733134920635,price_momentum_reversal
industry,10d,stock_rel_industry_ret_5d,建筑工程,2016,-0.03582006303523968,-0.030877571183616823,0.18855977971374246,-3.015626520622032,0.43005952380952384,96.2733134920635,relative_strength
industry,10d,industry_ret_5d,建筑工程,1474,3.5519222855038736e-18,-2.1173774096393802e-17,2.2409932129559917e-16,0.25160726920566423,0.4708276797829037,96.86160108548168,industry_strength
industry,10d,industry_breadth_20d,建筑工程,1470,3.2150759763031416e-18,-2.166933461441663e-17,2.243088827303934e-16,0.22753333820579158,0.46938775510204084,96.92380952380952,industry_breadth
industry,10d,industry_amount_share_roll20d,建筑工程,1470,3.2150759763031416e-18,-2.166933461441663e-17,2.243088827303934e-16,0.22753333820579158,0.46938775510204084,96.92380952380952,industry_crowding
industry,10d,stock_ret_20d,建筑工程,2001,-0.06916546130260565,-0.06985469677427508,0.1983830680842704,-5.53458352133225,0.34382808595702147,96.44227886056971,price_momentum
industry,10d,stock_rel_industry_ret_20d,建筑工程,2001,-0.06916546130260565,-0.06985469677427508,0.1983830680842704,-5.53458352133225,0.34382808595702147,96.44227886056971,relative_strength
industry,10d,industry_ret_20d,建筑工程,1460,3.0031885529699727e-18,-2.166933461441663e-17,2.2453746161862135e-16,0.21232154298306694,0.4684931506849315,97.08767123287672,industry_strength
industry,10d,industry_breadth_60d,建筑工程,1454,3.498634778279607e-18,-2.166933461441663e-17,2.241129452012204e-16,0.24781747997444203,0.46973865199449794,97.19601100412655,industry_breadth
industry,10d,industry_amount_share_roll60d,建筑工程,1454,3.498634778279607e-18,-2.166933461441663e-17,2.241129452012204e-16,0.24781747997444203,0.46973865199449794,97.19601100412655,industry_crowding
industry,10d,stock_ret_60d,建筑工程,1961,-0.0516001059418978,-0.0651289739745512,0.21532727788013656,-3.8040990242632415,0.3901070882202958,96.9382967873534,price_momentum
industry,10d,stock_rel_industry_ret_60d,建筑工程,1961,-0.0516001059418978,-0.0651289739745512,0.21532727788013656,-3.8040990242632415,0.3901070882202958,96.9382967873534,relative_strength
industry,10d,industry_ret_60d,建筑工程,1432,5.533307229185554e-18,-1.8861847822214298e-17,2.223602497801836e-16,0.3950280197278011,0.47416201117318435,97.59497206703911,industry_strength
industry,10d,industry_crowding_score,建筑工程,1432,5.533307229185554e-18,-1.8861847822214298e-17,2.223602497801836e-16,0.3950280197278011,0.47416201117318435,97.59497206703911,industry_crowding
industry,10d,industry_amount_share,家用电器,1302,2.7550322206251134e-17,9.616346772718881e-17,2.1568612230871577e-16,2.0277048977618533,0.5798771121351767,68.66589861751152,industry_crowding
industry,10d,stock_amount_share_in_industry,家用电器,2020,-0.07670433254796373,-0.08490432317505317,0.21337860503230063,-5.7064930677296966,0.3559405940594059,70.49257425742574,liquidity_crowding
industry,10d,turnover_rate,家用电器,2020,-0.06152614971168151,-0.06098600551076944,0.19565986061484827,-4.99181254917293,0.3797029702970297,70.48564356435644,liquidity
industry,10d,log_amount,家用电器,2020,-0.07670433254796373,-0.08490432317505317,0.21337860503230063,-5.7064930677296966,0.3559405940594059,70.49257425742574,liquidity
industry,10d,log_total_mv,家用电器,2020,-0.030134223056562624,-0.03319085022477815,0.2581103397315073,-1.8533390078696121,0.45445544554455447,70.48564356435644,size
industry,10d,stock_ret_1d,家用电器,2019,-0.0025016477375334537,-0.004784688995215319,0.17765284615334637,-0.2235394903503344,0.4868746904408123,70.50024764735018,price_momentum_reversal
industry,10d,stock_rel_industry_ret_1d,家用电器,2019,-0.0025016477375334537,-0.004784688995215319,0.17765284615334637,-0.2235394903503344,0.4868746904408123,70.50024764735018,relative_strength
industry,10d,stock_ret_5d,家用电器,2015,-0.019422292394329188,-0.016885839527348984,0.18570287418443565,-1.660283044896991,0.4655086848635236,70.52754342431761,price_momentum_reversal
industry,10d,stock_rel_industry_ret_5d,家用电器,2015,-0.019422292394329188,-0.016885839527348984,0.18570287418443565,-1.660283044896991,0.4655086848635236,70.52754342431761,relative_strength
industry,10d,industry_ret_5d,家用电器,1297,2.7332995105716133e-17,9.616346772718881e-17,2.1584191814969847e-16,2.0102575511615424,0.5790285273708559,68.71858134155744,industry_strength
industry,10d,industry_breadth_20d,家用电器,1293,2.6996542748640025e-17,9.616346772718881e-17,2.160851008028455e-16,1.9832780170233295,0.5777262180974478,68.76024748646559,industry_breadth
industry,10d,industry_amount_share_roll20d,家用电器,1293,2.6996542748640025e-17,9.616346772718881e-17,2.160851008028455e-16,1.9832780170233295,0.5777262180974478,68.76024748646559,industry_crowding
industry,10d,stock_ret_20d,家用电器,2000,-0.037832738135979455,-0.03647560843895097,0.20246602180233544,-2.9663056240267287,0.427,70.6345,price_momentum
industry,10d,stock_rel_industry_ret_20d,家用电器,2000,-0.037832738135979455,-0.03647560843895097,0.20246602180233544,-2.9663056240267287,0.427,70.6345,relative_strength
industry,10d,industry_ret_20d,家用电器,1282,2.6503525914198955e-17,9.616346772718881e-17,2.1649875824548935e-16,1.9433387702616218,0.5756630265210608,68.88377535101404,industry_strength
industry,10d,industry_breadth_60d,家用电器,1273,2.6349701682592484e-17,9.616346772718881e-17,2.1686970968644726e-16,1.92875504487024,0.5742340926944226,68.98507462686567,industry_breadth
industry,10d,industry_amount_share_roll60d,家用电器,1273,2.6349701682592484e-17,9.616346772718881e-17,2.1686970968644726e-16,1.92875504487024,0.5742340926944226,68.98507462686567,industry_crowding
industry,10d,stock_ret_60d,家用电器,1960,-0.06011251823370949,-0.049910956010190875,0.20753907038135513,-4.597961443192021,0.40969387755102044,70.91632653061224,price_momentum
industry,10d,stock_rel_industry_ret_60d,家用电器,1960,-0.06011251823370949,-0.049910956010190875,0.20753907038135513,-4.597961443192021,0.40969387755102044,70.91632653061224,relative_strength
industry,10d,industry_ret_60d,家用电器,1243,2.536605105646295e-17,9.616346772718881e-17,2.1780566179595421e-16,1.8487746081286163,0.5671761866452132,69.30410297666934,industry_strength
industry,10d,industry_crowding_score,家用电器,1243,2.536605105646295e-17,9.616346772718881e-17,2.1780566179595421e-16,1.8487746081286163,0.5671761866452132,69.30410297666934,industry_crowding
industry,10d,industry_amount_share,服饰,624,3.208073563863258e-17,1.0559472281917566e-16,1.8612657935095276e-16,2.736126629688503,0.6266025641025641,54.80769230769231,industry_crowding
industry,10d,stock_amount_share_in_industry,服饰,2020,-0.1152582554285423,-0.1220853577756191,0.18766303831486864,-9.749751996429945,0.2628712871287129,53.66188118811881,liquidity_crowding
industry,10d,turnover_rate,服饰,2020,-0.06543368464513342,-0.06895640496322394,0.2095416195967032,-4.957141896798793,0.3712871287128713,53.66188118811881,liquidity
industry,10d,log_amount,服饰,2020,-0.1152582554285423,-0.1220853577756191,0.18766303831486864,-9.749751996429945,0.2628712871287129,53.66188118811881,liquidity
industry,10d,log_total_mv,服饰,2020,-0.05813115614206574,-0.06857903566237467,0.26401981119215956,-3.49520549724122,0.39504950495049507,53.66188118811881,size
industry,10d,stock_ret_1d,服饰,2019,-0.0026698753442532877,-0.002676181980374677,0.19256635925308072,-0.22009533398780773,0.4947994056463596,53.66518078256563,price_momentum_reversal
industry,10d,stock_rel_industry_ret_1d,服饰,2019,-0.0026698753442532877,-0.002676181980374677,0.19256635925308072,-0.22009533398780773,0.4947994056463596,53.66518078256563,relative_strength
industry,10d,stock_ret_5d,服饰,2015,-0.021449329489114,-0.015556131708581805,0.20570911598859878,-1.655238019313399,0.4645161290322581,53.67741935483871,price_momentum_reversal
industry,10d,stock_rel_industry_ret_5d,服饰,2015,-0.021449329489114,-0.015556131708581805,0.20570911598859878,-1.655238019313399,0.4645161290322581,53.67741935483871,relative_strength
industry,10d,industry_ret_5d,服饰,624,3.208073563863258e-17,1.0559472281917566e-16,1.8612657935095276e-16,2.736126629688503,0.6266025641025641,54.80769230769231,industry_strength
industry,10d,industry_breadth_20d,服饰,624,3.208073563863258e-17,1.0559472281917566e-16,1.8612657935095276e-16,2.736126629688503,0.6266025641025641,54.80769230769231,industry_breadth
industry,10d,industry_amount_share_roll20d,服饰,624,3.208073563863258e-17,1.0559472281917566e-16,1.8612657935095276e-16,2.736126629688503,0.6266025641025641,54.80769230769231,industry_crowding
industry,10d,stock_ret_20d,服饰,2000,-0.034258798637952066,-0.03234885442241013,0.21144711361897395,-2.5719980715894533,0.439,53.724,price_momentum
industry,10d,stock_rel_industry_ret_20d,服饰,2000,-0.034258798637952066,-0.03234885442241013,0.21144711361897395,-2.5719980715894533,0.439,53.724,relative_strength
industry,10d,industry_ret_20d,服饰,622,3.221744538803147e-17,1.0559472281917566e-16,1.8629049427991118e-16,2.745368690035023,0.6270096463022508,54.842443729903536,industry_strength
industry,10d,industry_breadth_60d,服饰,619,3.066062381569514e-17,1.0559472281917566e-16,1.8488752367302156e-16,2.6325319539212555,0.6252019386106623,54.90953150242326,industry_breadth
industry,10d,industry_amount_share_roll60d,服饰,619,3.066062381569514e-17,1.0559472281917566e-16,1.8488752367302156e-16,2.6325319539212555,0.6252019386106623,54.90953150242326,industry_crowding
industry,10d,stock_ret_60d,服饰,1960,-0.033862370792769284,-0.038742392600095016,0.2342348581142329,-2.294912362113897,0.4331632653061224,53.84132653061224,price_momentum
industry,10d,stock_rel_industry_ret_60d,服饰,1960,-0.033862370792769284,-0.038742392600095016,0.2342348581142329,-2.294912362113897,0.4331632653061224,53.84132653061224,relative_strength
industry,10d,industry_ret_60d,服饰,599,3.125165459447455e-17,1.0646669641224472e-16,1.8163411089453773e-16,2.7313406840506196,0.6360601001669449,55.25375626043406,industry_strength
industry,10d,industry_crowding_score,服饰,599,3.125165459447455e-17,1.0646669641224472e-16,1.8163411089453773e-16,2.7313406840506196,0.6360601001669449,55.25375626043406,industry_crowding
industry,10d,stock_ret_1d,农业综合,1853,-0.004474494307046126,-0.0028143909219947873,0.23167461008786663,-0.3065955093152871,0.49433351322180247,37.0194279546681,price_momentum_reversal
industry,10d,stock_ret_5d,农业综合,1852,-0.00810098192847998,0.0019855022383979378,0.2379060377370256,-0.540545765766855,0.5021598272138229,37.022138228941685,price_momentum_reversal
industry,10d,stock_rel_industry_ret_1d,农业综合,1853,-0.004474494307046126,-0.0028143909219947873,0.23167461008786663,-0.3065955093152871,0.49433351322180247,37.0194279546681,relative_strength
industry,10d,stock_rel_industry_ret_5d,农业综合,1852,-0.00810098192847998,0.0019855022383979378,0.2379060377370256,-0.540545765766855,0.5021598272138229,37.022138228941685,relative_strength
industry,10d,industry_ret_5d,农业综合,901,8.763852368405378e-17,1.5125705342077384e-16,2.1369939461207872e-16,6.5101655348464345,0.7968923418423973,36.28412874583796,industry_strength
industry,10d,industry_ret_20d,农业综合,901,8.763852368405378e-17,1.5125705342077384e-16,2.1369939461207872e-16,6.5101655348464345,0.7968923418423973,36.28412874583796,industry_strength
industry,10d,industry_ret_60d,农业综合,901,8.763852368405378e-17,1.5125705342077384e-16,2.1369939461207872e-16,6.5101655348464345,0.7968923418423973,36.28412874583796,industry_strength
industry,10d,industry_breadth_20d,农业综合,901,8.763852368405378e-17,1.5125705342077384e-16,2.1369939461207872e-16,6.5101655348464345,0.7968923418423973,36.28412874583796,industry_breadth
industry,10d,industry_breadth_60d,农业综合,901,8.763852368405378e-17,1.5125705342077384e-16,2.1369939461207872e-16,6.5101655348464345,0.7968923418423973,36.28412874583796,industry_breadth
industry,10d,industry_amount_share,农业综合,901,8.763852368405378e-17,1.5125705342077384e-16,2.1369939461207872e-16,6.5101655348464345,0.7968923418423973,36.28412874583796,industry_crowding
industry,10d,industry_amount_share_roll20d,农业综合,901,8.763852368405378e-17,1.5125705342077384e-16,2.1369939461207872e-16,6.5101655348464345,0.7968923418423973,36.28412874583796,industry_crowding
industry,10d,industry_amount_share_roll60d,农业综合,901,8.763852368405378e-17,1.5125705342077384e-16,2.1369939461207872e-16,6.5101655348464345,0.7968923418423973,36.28412874583796,industry_crowding
industry,10d,industry_crowding_score,农业综合,901,8.763852368405378e-17,1.5125705342077384e-16,2.1369939461207872e-16,6.5101655348464345,0.7968923418423973,36.28412874583796,industry_crowding
industry,10d,stock_amount_share_in_industry,农业综合,1853,-0.05595942222553351,-0.07217741935483868,0.2647380952309353,-3.355498525978404,0.41824069077172155,37.0194279546681,liquidity_crowding
industry,10d,turnover_rate,农业综合,1853,-0.05285319186376946,-0.05714285714285711,0.22873803718874966,-3.6680318687563043,0.41122504047490555,36.830545062061525,liquidity
industry,10d,log_amount,农业综合,1853,-0.05595942222553351,-0.07217741935483868,0.2647380952309353,-3.355498525978404,0.41824069077172155,37.0194279546681,liquidity
industry,10d,log_total_mv,农业综合,1853,-0.018942123126889088,-0.026890756302520906,0.26810937348201064,-1.1215455792486797,0.46842957366432814,36.830545062061525,size
industry,10d,stock_ret_20d,农业综合,1837,-0.03835876924404836,-0.026720647773279375,0.25172415290868594,-2.419023272393258,0.45672291780076213,37.07729994556342,price_momentum
industry,10d,stock_rel_industry_ret_20d,农业综合,1837,-0.03835876924404836,-0.026720647773279375,0.25172415290868594,-2.419023272393258,0.45672291780076213,37.07729994556342,relative_strength
industry,10d,industry_amount_share,元器件,812,3.084348345631961e-17,2.6989117871672704e-17,1.2728786343808416e-16,3.846597055911029,0.6169950738916257,201.70566502463055,industry_crowding
industry,10d,stock_amount_share_in_industry,元器件,2021,-0.06114674717934045,-0.07034847227003056,0.19425001199690045,-4.997037112759298,0.3542800593765463,208.28451261751607,liquidity_crowding
industry,10d,turnover_rate,元器件,2021,-0.05631783080775263,-0.05229817677864814,0.1651406049105511,-5.413676719058885,0.36665017318159326,208.27164769915882,liquidity
industry,10d,log_amount,元器件,2021,-0.06114674717934045,-0.07034847227003056,0.19425001199690045,-4.997037112759298,0.3542800593765463,208.28451261751607,liquidity
industry,10d,log_total_mv,元器件,2021,-0.03015676626585602,-0.05135974264018254,0.20747798056546599,-2.3073476135029622,0.4106877783275606,208.27164769915882,size
industry,10d,stock_ret_1d,元器件,2020,-0.010814353048704236,-0.01106609531855066,0.13560564376811815,-1.2659689358881163,0.46782178217821785,208.32970297029703,price_momentum_reversal
industry,10d,stock_rel_industry_ret_1d,元器件,2020,-0.010814353048704236,-0.01106609531855066,0.13560564376811815,-1.2659689358881163,0.46782178217821785,208.32970297029703,relative_strength
industry,10d,stock_ret_5d,元器件,2016,-0.029910381649545625,-0.026794128206466254,0.14753667930340858,-3.2182681013574634,0.41865079365079366,208.49751984126985,price_momentum_reversal
industry,10d,stock_rel_industry_ret_5d,元器件,2016,-0.029910381649545625,-0.026794128206466254,0.14753667930340858,-3.2182681013574634,0.41865079365079366,208.49751984126985,relative_strength
industry,10d,industry_ret_5d,元器件,808,3.0857864784767776e-17,2.698911612282991e-17,1.2643975054112356e-16,3.874204236953142,0.6163366336633663,202.11633663366337,industry_strength
industry,10d,industry_breadth_20d,元器件,805,3.0950345129150516e-17,2.6989116122829907e-17,1.2663457067684957e-16,3.879837034974283,0.6161490683229813,202.42732919254658,industry_breadth
industry,10d,industry_amount_share_roll20d,元器件,805,3.0950345129150516e-17,2.6989116122829907e-17,1.2663457067684957e-16,3.879837034974283,0.6161490683229813,202.42732919254658,industry_crowding
industry,10d,stock_ret_20d,元器件,2001,-0.05162904638095347,-0.048027432327439175,0.16443304805381823,-4.984312536980317,0.3803098450774613,209.11494252873564,price_momentum
industry,10d,stock_rel_industry_ret_20d,元器件,2001,-0.05162904638095347,-0.048027432327439175,0.16443304805381823,-4.984312536980317,0.3803098450774613,209.11494252873564,relative_strength
industry,10d,industry_ret_20d,元器件,795,3.098359078088312e-17,2.609751718255501e-17,1.2697000350065516e-16,3.8737437348934445,0.6138364779874214,203.46415094339622,industry_strength
industry,10d,industry_breadth_60d,元器件,788,3.013737738377178e-17,2.5150804729906398e-17,1.2630335318418544e-16,3.787833199117932,0.6129441624365483,204.2258883248731,industry_breadth
industry,10d,industry_amount_share_roll60d,元器件,788,3.013737738377178e-17,2.5150804729906398e-17,1.2630335318418544e-16,3.787833199117932,0.6129441624365483,204.2258883248731,industry_crowding
industry,10d,stock_ret_60d,元器件,1961,-0.04631770906779454,-0.03999796663061901,0.1702583549775432,-4.318559503565831,0.40591534931157575,210.81489036206017,price_momentum
industry,10d,stock_rel_industry_ret_60d,元器件,1961,-0.04631770906779454,-0.03999796663061901,0.1702583549775432,-4.318559503565831,0.40591534931157575,210.81489036206017,relative_strength
industry,10d,industry_ret_60d,元器件,766,3.171907232819656e-17,2.6910803553877154e-17,1.2549500261420594e-16,4.01230848001491,0.6214099216710183,206.64360313315927,industry_strength
industry,10d,industry_crowding_score,元器件,766,3.171907232819656e-17,2.6910803553877154e-17,1.2549500261420594e-16,4.01230848001491,0.6214099216710183,206.64360313315927,industry_crowding
industry,10d,stock_ret_1d,火力发电,840,0.01919647421437995,0.029946933346856455,0.27350373877227674,1.114187989864397,0.5380952380952381,30.34285714285714,price_momentum_reversal
industry,10d,stock_rel_industry_ret_1d,火力发电,840,0.01919647421437995,0.029946933346856455,0.27350373877227674,1.114187989864397,0.5380952380952381,30.34285714285714,relative_strength
industry,10d,industry_ret_5d,火力发电,840,5.350814095336765e-17,4.965568893107352e-17,1.94121755457443e-16,4.375683717048521,0.7428571428571429,30.34285714285714,industry_strength
industry,10d,industry_ret_20d,火力发电,840,5.350814095336765e-17,4.965568893107352e-17,1.94121755457443e-16,4.375683717048521,0.7428571428571429,30.34285714285714,industry_strength
industry,10d,industry_ret_60d,火力发电,840,5.350814095336765e-17,4.965568893107352e-17,1.94121755457443e-16,4.375683717048521,0.7428571428571429,30.34285714285714,industry_strength
industry,10d,industry_breadth_20d,火力发电,840,5.350814095336765e-17,4.965568893107352e-17,1.94121755457443e-16,4.375683717048521,0.7428571428571429,30.34285714285714,industry_breadth
industry,10d,industry_breadth_60d,火力发电,840,5.350814095336765e-17,4.965568893107352e-17,1.94121755457443e-16,4.375683717048521,0.7428571428571429,30.34285714285714,industry_breadth
industry,10d,industry_amount_share,火力发电,840,5.350814095336765e-17,4.965568893107352e-17,1.94121755457443e-16,4.375683717048521,0.7428571428571429,30.34285714285714,industry_crowding
industry,10d,industry_amount_share_roll20d,火力发电,840,5.350814095336765e-17,4.965568893107352e-17,1.94121755457443e-16,4.375683717048521,0.7428571428571429,30.34285714285714,industry_crowding
industry,10d,industry_amount_share_roll60d,火力发电,840,5.350814095336765e-17,4.965568893107352e-17,1.94121755457443e-16,4.375683717048521,0.7428571428571429,30.34285714285714,industry_crowding
industry,10d,industry_crowding_score,火力发电,840,5.350814095336765e-17,4.965568893107352e-17,1.94121755457443e-16,4.375683717048521,0.7428571428571429,30.34285714285714,industry_crowding
industry,10d,stock_amount_share_in_industry,火力发电,840,-0.05393154261411126,-0.05650723025583984,0.2976768168745413,-2.876061046550868,0.4297619047619048,30.34285714285714,liquidity_crowding
industry,10d,turnover_rate,火力发电,840,-0.06482697505891276,-0.07808676307007785,0.28406537795647907,-3.6227446404414865,0.3869047619047619,30.34285714285714,liquidity
industry,10d,log_amount,火力发电,840,-0.05393154261411126,-0.05650723025583984,0.2976768168745413,-2.876061046550868,0.4297619047619048,30.34285714285714,liquidity
industry,10d,log_total_mv,火力发电,840,0.004631318243397957,0.02064911780428239,0.3572293894479721,0.2058058492896555,0.5214285714285715,30.34285714285714,size
industry,10d,stock_ret_5d,火力发电,839,0.006391666156011286,-0.00040322580645158894,0.283894982179076,0.3574017190938659,0.499404052443385,30.34326579261025,price_momentum_reversal
industry,10d,stock_rel_industry_ret_5d,火力发电,839,0.006391666156011286,-0.00040322580645158894,0.283894982179076,0.3574017190938659,0.499404052443385,30.34326579261025,relative_strength
industry,10d,stock_ret_20d,火力发电,825,-0.028395821561916456,-0.026209677419354815,0.2932885024193062,-1.536949757794212,0.4703030303030303,30.349090909090908,price_momentum
industry,10d,stock_rel_industry_ret_20d,火力发电,825,-0.028395821561916456,-0.026209677419354815,0.2932885024193062,-1.536949757794212,0.4703030303030303,30.349090909090908,relative_strength
industry,10d,industry_amount_share,汽车配件,1024,2.010283406951836e-17,1.0833889625737805e-17,1.3608942925582534e-16,2.344947725317855,0.525390625,183.62890625,industry_crowding
industry,10d,stock_amount_share_in_industry,汽车配件,2021,-0.0920510433750392,-0.09678952327629758,0.1899451076598308,-7.693091073359959,0.3092528451261752,181.96536368134588,liquidity_crowding
industry,10d,turnover_rate,汽车配件,2021,-0.07563228771254929,-0.0744313942385541,0.18287822452817992,-6.565162962093083,0.34982681840672936,181.66600692726374,liquidity
industry,10d,log_amount,汽车配件,2021,-0.0920510433750392,-0.09678952327629758,0.1899451076598308,-7.693091073359959,0.3092528451261752,181.96536368134588,liquidity
industry,10d,log_total_mv,汽车配件,2021,-0.04170826769317754,-0.04448783951713118,0.20356479953329865,-3.252518240416315,0.4136566056407719,181.66600692726374,size
industry,10d,stock_ret_1d,汽车配件,2020,-0.007932884947951127,-0.007512207595989337,0.14173072373356532,-0.8885204364448894,0.4757425742574257,181.99653465346535,price_momentum_reversal
industry,10d,stock_rel_industry_ret_1d,汽车配件,2020,-0.007932884947951127,-0.007512207595989337,0.14173072373356532,-0.8885204364448894,0.4757425742574257,181.99653465346535,relative_strength
industry,10d,stock_ret_5d,汽车配件,2016,-0.03104853582879363,-0.027965558987970734,0.15257210118508477,-3.2304741327255395,0.4201388888888889,182.11259920634922,price_momentum_reversal
industry,10d,stock_rel_industry_ret_5d,汽车配件,2016,-0.03104853582879363,-0.027965558987970734,0.15257210118508477,-3.2304741327255395,0.4201388888888889,182.11259920634922,relative_strength
industry,10d,industry_ret_5d,汽车配件,1019,2.0691754441455918e-17,1.1654714570459084e-17,1.3481359151030012e-16,2.4364859282393296,0.5269872423945045,183.95093228655546,industry_strength
industry,10d,industry_breadth_20d,汽车配件,1016,2.0575347543055855e-17,1.0833889625737805e-17,1.349940671594062e-16,2.419539786442675,0.5255905511811023,184.14173228346456,industry_breadth
industry,10d,industry_amount_share_roll20d,汽车配件,1016,2.0575347543055855e-17,1.0833889625737805e-17,1.349940671594062e-16,2.419539786442675,0.5255905511811023,184.14173228346456,industry_crowding
industry,10d,stock_ret_20d,汽车配件,2001,-0.05911674911181105,-0.05396650055848842,0.16793789381985105,-5.588073528047154,0.36881559220389803,182.55822088955523,price_momentum
industry,10d,stock_rel_industry_ret_20d,汽车配件,2001,-0.05911674911181105,-0.05396650055848842,0.16793789381985105,-5.588073528047154,0.36881559220389803,182.55822088955523,relative_strength
industry,10d,industry_ret_20d,汽车配件,1005,2.158490182738523e-17,1.0833906653426483e-17,1.3331215507551684e-16,2.5702809594513734,0.5263681592039801,184.87960199004976,industry_strength
industry,10d,industry_breadth_60d,汽车配件,998,2.1390192500935186e-17,1.0833889625737805e-17,1.3140103748104985e-16,2.584140777188379,0.5260521042084169,185.3877755511022,industry_breadth
industry,10d,industry_amount_share_roll60d,汽车配件,998,2.1390192500935186e-17,1.0833889625737805e-17,1.3140103748104985e-16,2.584140777188379,0.5260521042084169,185.3877755511022,industry_crowding
industry,10d,stock_ret_60d,汽车配件,1961,-0.0504119220987623,-0.04322748434365644,0.18129511189668227,-4.414153506645996,0.40438551759306474,183.72972972972974,price_momentum
industry,10d,stock_rel_industry_ret_60d,汽车配件,1961,-0.0504119220987623,-0.04322748434365644,0.18129511189668227,-4.414153506645996,0.40438551759306474,183.72972972972974,relative_strength
industry,10d,industry_ret_60d,汽车配件,977,2.1023279174517915e-17,1.0833861246328039e-17,1.3165627605254556e-16,2.534890250882904,0.5230296827021494,186.81064483111567,industry_strength
industry,10d,industry_crowding_score,汽车配件,977,2.1023279174517915e-17,1.0833861246328039e-17,1.3165627605254556e-16,2.534890250882904,0.5230296827021494,186.81064483111567,industry_crowding
industry,10d,industry_amount_share,通信设备,1246,2.0895167439090203e-17,-1.24066143273463e-17,2.1249628906489435e-16,1.560970788435859,0.45425361155698235,103.59711075441413,industry_crowding
industry,10d,stock_amount_share_in_industry,通信设备,2020,-0.0685096840436262,-0.08571434994325751,0.20978568650659707,-5.184135945519187,0.35247524752475246,107.06980198019802,liquidity_crowding
industry,10d,turnover_rate,通信设备,2020,-0.060253727723147715,-0.06520496992544238,0.1999297433091056,-4.7841719740592445,0.37673267326732673,106.95346534653466,liquidity
industry,10d,log_amount,通信设备,2020,-0.0685096840436262,-0.08571434994325751,0.20978568650659707,-5.184135945519187,0.35247524752475246,107.06980198019802,liquidity
industry,10d,log_total_mv,通信设备,2020,-0.026186784206387568,-0.037357048861957974,0.22274272812494506,-1.8662890383856168,0.4381188118811881,106.95346534653466,size
industry,10d,stock_ret_1d,通信设备,2019,-0.008661601544583617,-0.0072042980087441,0.16769295495488218,-0.819942983842113,0.48291233283803864,107.08370480435859,price_momentum_reversal
industry,10d,stock_rel_industry_ret_1d,通信设备,2019,-0.008661601544583617,-0.0072042980087441,0.16769295495488218,-0.819942983842113,0.48291233283803864,107.08370480435859,relative_strength
industry,10d,stock_ret_5d,通信设备,2015,-0.024965314964620667,-0.024097006042849294,0.1725456070577273,-2.296854121937293,0.44168734491315137,107.13796526054591,price_momentum_reversal
industry,10d,stock_rel_industry_ret_5d,通信设备,2015,-0.024965314964620667,-0.024097006042849294,0.1725456070577273,-2.296854121937293,0.44168734491315137,107.13796526054591,relative_strength
industry,10d,industry_ret_5d,通信设备,1241,2.090310370645234e-17,-1.24066143273463e-17,2.1270037999280878e-16,1.560065309856104,0.4528605962933118,103.69782433521354,industry_strength
industry,10d,industry_breadth_20d,通信设备,1239,2.077248614461658e-17,-1.24066143273463e-17,2.1284523913926996e-16,1.5492617830712978,0.4519774011299435,103.74253430185634,industry_breadth
industry,10d,industry_amount_share_roll20d,通信设备,1239,2.077248614461658e-17,-1.24066143273463e-17,2.1284523913926996e-16,1.5492617830712978,0.4519774011299435,103.74253430185634,industry_crowding
industry,10d,stock_ret_20d,通信设备,2000,-0.05583113719942888,-0.05573059738173118,0.1891791240566157,-4.684934614648364,0.383,107.362,price_momentum
industry,10d,stock_rel_industry_ret_20d,通信设备,2000,-0.05583113719942888,-0.05573059738173118,0.1891791240566157,-4.684934614648364,0.383,107.362,relative_strength
industry,10d,industry_ret_20d,通信设备,1231,2.12809953719576e-17,-1.24066143273463e-17,2.1305136817352992e-16,1.5856520018286848,0.4524776604386678,103.93419983753046,industry_strength
industry,10d,industry_breadth_60d,通信设备,1224,2.1186982211772578e-17,-1.24066143273463e-17,2.1254649255612993e-16,1.5823969228613683,0.45098039215686275,104.12581699346406,industry_breadth
industry,10d,industry_amount_share_roll60d,通信设备,1224,2.1186982211772578e-17,-1.24066143273463e-17,2.1254649255612993e-16,1.5823969228613683,0.45098039215686275,104.12581699346406,industry_crowding
industry,10d,industry_amount_share,IT设备,1244,-2.6369669253729336e-17,-6.305643054894281e-17,2.0648633784863074e-16,-2.0272795109051325,0.3842443729903537,63.93167202572347,industry_crowding
industry,10d,stock_amount_share_in_industry,IT设备,2016,-0.07447309188916214,-0.08888526953656484,0.21731358937142625,-5.440173743612893,0.35466269841269843,59.47569444444444,liquidity_crowding
industry,10d,turnover_rate,IT设备,2016,-0.07404369753901484,-0.07423725235908041,0.19917007439365308,-5.9015254305541776,0.35962301587301587,59.35813492063492,liquidity
industry,10d,log_amount,IT设备,2016,-0.07447309188916214,-0.08888526953656484,0.21731358937142625,-5.440173743612893,0.35466269841269843,59.47569444444444,liquidity
industry,10d,log_total_mv,IT设备,2016,-0.027924714967276554,-0.031001705775108034,0.23757856925724274,-1.8658716095502694,0.4429563492063492,59.35813492063492,size
industry,10d,stock_ret_1d,IT设备,2015,-0.013685821571777348,-0.01268264172998247,0.17872676474319452,-1.2155744133304378,0.47096774193548385,59.4863523573201,price_momentum_reversal
industry,10d,stock_rel_industry_ret_1d,IT设备,2015,-0.013685821571777348,-0.01268264172998247,0.17872676474319452,-1.2155744133304378,0.47096774193548385,59.4863523573201,relative_strength
industry,10d,stock_ret_5d,IT设备,2011,-0.03815329509005598,-0.04056107539450615,0.19082973472841838,-3.1738491063652003,0.4221780208851318,59.525609149676775,price_momentum_reversal
industry,10d,stock_rel_industry_ret_5d,IT设备,2011,-0.03815329509005598,-0.04056107539450615,0.19082973472841838,-3.1738491063652003,0.4221780208851318,59.525609149676775,relative_strength
industry,10d,industry_ret_5d,IT设备,1244,-2.6369669253729336e-17,-6.305643054894281e-17,2.0648633784863074e-16,-2.0272795109051325,0.3842443729903537,63.93167202572347,industry_strength
industry,10d,industry_breadth_20d,IT设备,1242,-2.6635553447822602e-17,-6.305643054894281e-17,2.0654597185281357e-16,-2.0471292610555265,0.3832528180354267,63.97665056360709,industry_breadth
industry,10d,industry_amount_share_roll20d,IT设备,1242,-2.6635553447822602e-17,-6.305643054894281e-17,2.0654597185281357e-16,-2.0471292610555265,0.3832528180354267,63.97665056360709,industry_crowding
industry,10d,stock_ret_20d,IT设备,1996,-0.06262787817447356,-0.06186129084818469,0.1996626163500469,-4.979333452151309,0.38827655310621245,59.662825651302605,price_momentum
industry,10d,stock_rel_industry_ret_20d,IT设备,1996,-0.06262787817447356,-0.06186129084818469,0.1996626163500469,-4.979333452151309,0.38827655310621245,59.662825651302605,relative_strength
industry,10d,industry_ret_20d,IT设备,1232,-2.7684672068337513e-17,-6.305643054894281e-17,2.061591592729445e-16,-2.1317536706934903,0.37987012987012986,64.19724025974025,industry_strength
industry,10d,industry_breadth_60d,IT设备,1229,-2.8422857143222616e-17,-6.305643054894281e-17,2.0516740822644232e-16,-2.199174192459022,0.3791700569568755,64.2620016273393,industry_breadth
industry,10d,industry_amount_share_roll60d,IT设备,1229,-2.8422857143222616e-17,-6.305643054894281e-17,2.0516740822644232e-16,-2.199174192459022,0.3791700569568755,64.2620016273393,industry_crowding
industry,10d,stock_ret_60d,IT设备,1957,-0.05694820568835121,-0.05218985143739146,0.21496213869265113,-4.205506814709101,0.40316811446090955,60.01584057230455,price_momentum
industry,10d,stock_rel_industry_ret_60d,IT设备,1957,-0.05694820568835121,-0.05218985143739146,0.21496213869265113,-4.205506814709101,0.40316811446090955,60.01584057230455,relative_strength
industry,10d,industry_ret_60d,IT设备,1211,-2.925136914207514e-17,-6.410493947197243e-17,2.0489577529171675e-16,-2.266279472514092,0.37572254335260113,64.6672171758877,industry_strength
industry,10d,industry_crowding_score,IT设备,1211,-2.925136914207514e-17,-6.410493947197243e-17,2.0489577529171675e-16,-2.266279472514092,0.37572254335260113,64.6672171758877,industry_crowding
industry,10d,industry_amount_share,环境保护,1307,1.3947211325189686e-17,0.0,2.0773425825568698e-16,1.065809355447668,0.495026778882938,91.85003825554705,industry_crowding
industry,10d,stock_amount_share_in_industry,环境保护,2021,-0.09854886494926825,-0.09462152887050607,0.18672725523125228,-8.378073837819091,0.2983671449777338,88.38792676892628,liquidity_crowding
industry,10d,turnover_rate,环境保护,2021,-0.07920678141300577,-0.08983422915950208,0.2028106277911522,-6.199717876258419,0.3448787728847105,88.15536862939139,liquidity
industry,10d,log_amount,环境保护,2021,-0.09854886494926825,-0.09462152887050607,0.18672725523125228,-8.378073837819091,0.2983671449777338,88.38792676892628,liquidity
industry,10d,log_total_mv,环境保护,2021,-0.043295571830055585,-0.059753975397539766,0.21641610118091134,-3.175807584766647,0.39435922810489854,88.15536862939139,size
industry,10d,stock_ret_1d,环境保护,2020,-0.0127699738922671,-0.011980494323080362,0.16733637790469724,-1.2114344384925713,0.4767326732673267,88.4059405940594,price_momentum_reversal
industry,10d,stock_rel_industry_ret_1d,环境保护,2020,-0.0127699738922671,-0.011980494323080362,0.16733637790469724,-1.2114344384925713,0.4767326732673267,88.4059405940594,relative_strength
industry,10d,stock_ret_5d,环境保护,2016,-0.04126634698398471,-0.04062690419899449,0.17810520857499126,-3.678067334782746,0.40327380952380953,88.46974206349206,price_momentum_reversal
industry,10d,stock_rel_industry_ret_5d,环境保护,2016,-0.04126634698398471,-0.04062690419899449,0.17810520857499126,-3.678067334782746,0.40327380952380953,88.46974206349206,relative_strength
industry,10d,industry_ret_5d,环境保护,1305,1.4081956144341716e-17,0.0,2.0772842559320658e-16,1.0761364168101009,0.4950191570881226,91.91111111111111,industry_strength
industry,10d,industry_breadth_20d,环境保护,1303,1.3897931925428113e-17,0.0,2.078338151631206e-16,1.061534810894796,0.49424405218726014,91.97083653108211,industry_breadth
industry,10d,industry_amount_share_roll20d,环境保护,1303,1.3897931925428113e-17,0.0,2.078338151631206e-16,1.061534810894796,0.49424405218726014,91.97083653108211,industry_crowding
industry,10d,stock_ret_20d,环境保护,2001,-0.057397456003418355,-0.043345373714920844,0.19812211278992628,-4.598963507940272,0.4002998500749625,88.70764617691154,price_momentum
industry,10d,stock_rel_industry_ret_20d,环境保护,2001,-0.057397456003418355,-0.043345373714920844,0.19812211278992628,-4.598963507940272,0.4002998500749625,88.70764617691154,relative_strength
industry,10d,industry_ret_20d,环境保护,1297,1.3831809867798721e-17,-2.9139143183925972e-18,2.079580662133439e-16,1.0558531272717637,0.49344641480339246,92.14417887432536,industry_strength
industry,10d,industry_breadth_60d,环境保护,1291,1.3500947105713611e-17,-3.734084119668204e-18,2.0749298561685023e-16,1.0329066806580673,0.49264136328427577,92.32300542215337,industry_breadth
industry,10d,industry_amount_share_roll60d,环境保护,1291,1.3500947105713611e-17,-3.734084119668204e-18,2.0749298561685023e-16,1.0329066806580673,0.49264136328427577,92.32300542215337,industry_crowding
industry,10d,stock_ret_60d,环境保护,1961,-0.0397898772173067,-0.029007351810267895,0.18908480820810672,-3.3405365818365573,0.43141254462009176,89.43804181540031,price_momentum
industry,10d,stock_rel_industry_ret_60d,环境保护,1961,-0.0397898772173067,-0.029007351810267895,0.18908480820810672,-3.3405365818365573,0.43141254462009176,89.43804181540031,relative_strength
industry,10d,industry_ret_60d,环境保护,1280,1.2847700715814872e-17,-8.178916125160992e-18,2.080390393315656e-16,0.980349297581335,0.48984375,92.68671875,industry_strength
industry,10d,industry_crowding_score,环境保护,1280,1.2847700715814872e-17,-8.178916125160992e-18,2.080390393315656e-16,0.980349297581335,0.48984375,92.68671875,industry_crowding
industry,10d,stock_ret_60d,通信设备,1960,-0.0462764179230648,-0.04397813436783636,0.19515467466268804,-3.7642724245148815,0.41122448979591836,107.94336734693877,price_momentum
industry,10d,stock_rel_industry_ret_60d,通信设备,1960,-0.0462764179230648,-0.04397813436783636,0.19515467466268804,-3.7642724245148815,0.41122448979591836,107.94336734693877,relative_strength
industry,10d,industry_ret_60d,通信设备,1200,2.1925452611590796e-17,-1.24066143273463e-17,2.114270873479828e-16,1.6462212780898253,0.4475,104.68333333333334,industry_strength
industry,10d,industry_crowding_score,通信设备,1200,2.1925452611590796e-17,-1.24066143273463e-17,2.114270873479828e-16,1.6462212780898253,0.4475,104.68333333333334,industry_crowding
industry,10d,industry_amount_share,化学制药,992,-1.4919862019150017e-19,0.0,2.0765845415389448e-16,-0.011405529717219648,0.4969758064516129,106.54536290322581,industry_crowding
industry,10d,stock_amount_share_in_industry,化学制药,2022,-0.07640531483463603,-0.08172591318978784,0.19302329154416573,-6.283680905414067,0.34223541048466866,117.50296735905044,liquidity_crowding
industry,10d,turnover_rate,化学制药,2022,-0.07144721442858082,-0.07478453566052566,0.18708936541232102,-6.06228667769745,0.3496538081107814,117.33877349159248,liquidity
industry,10d,log_amount,化学制药,2022,-0.07640531483463603,-0.08172591318978784,0.19302329154416573,-6.283680905414067,0.34223541048466866,117.50296735905044,liquidity
industry,10d,log_total_mv,化学制药,2022,-0.030779865904675505,-0.04151787935669237,0.2311415544317865,-2.1139220276997968,0.4307616221562809,117.33877349159248,size
industry,10d,stock_ret_1d,化学制药,2021,-0.007496852704100334,-0.004642326025863578,0.15836851087965162,-0.7514678679704668,0.49084611578426524,117.52201880257299,price_momentum_reversal
industry,10d,stock_rel_industry_ret_1d,化学制药,2021,-0.007496852704100334,-0.004642326025863578,0.15836851087965162,-0.7514678679704668,0.49084611578426524,117.52201880257299,relative_strength
industry,10d,stock_ret_5d,化学制药,2017,-0.01675563357918729,-0.015544158642020654,0.16469646063967808,-1.6150161091867157,0.466038671294001,117.58800198314329,price_momentum_reversal
industry,10d,stock_rel_industry_ret_5d,化学制药,2017,-0.01675563357918729,-0.015544158642020654,0.16469646063967808,-1.6150161091867157,0.466038671294001,117.58800198314329,relative_strength
industry,10d,industry_ret_5d,化学制药,987,-1.03625426308684e-18,0.0,2.0743586882414521e-16,-0.07930174537411011,0.49442755825734547,106.68287740628166,industry_strength
industry,10d,industry_breadth_20d,化学制药,984,-1.6823392297905307e-18,0.0,2.0722780333496107e-16,-0.12887415157354307,0.4928861788617886,106.76727642276423,industry_breadth
industry,10d,industry_amount_share_roll20d,化学制药,984,-1.6823392297905307e-18,0.0,2.0722780333496107e-16,-0.12887415157354307,0.4928861788617886,106.76727642276423,industry_crowding
industry,10d,stock_ret_20d,化学制药,2002,-0.03959482569710183,-0.029926282009547524,0.17701396053311405,-3.550840680045142,0.4340659340659341,117.84865134865134,price_momentum
industry,10d,stock_rel_industry_ret_20d,化学制药,2002,-0.03959482569710183,-0.029926282009547524,0.17701396053311405,-3.550840680045142,0.4340659340659341,117.84865134865134,relative_strength
industry,10d,industry_ret_20d,化学制药,977,-1.5891538139476298e-18,0.0,2.052869095868911e-16,-0.12288671874488741,0.4923234390992835,106.97134083930399,industry_strength
industry,10d,industry_breadth_60d,化学制药,974,-2.7384116161271536e-18,0.0,2.043413079428408e-16,-0.21273690170260337,0.49075975359342916,107.06673511293634,industry_breadth
industry,10d,industry_amount_share_roll60d,化学制药,974,-2.7384116161271536e-18,0.0,2.043413079428408e-16,-0.21273690170260337,0.49075975359342916,107.06673511293634,industry_crowding
industry,10d,stock_ret_60d,化学制药,1962,-0.04835042152542953,-0.04780642654027596,0.17842710690005564,-4.301695858794118,0.39551478083588176,118.47451580020387,price_momentum
industry,10d,stock_rel_industry_ret_60d,化学制药,1962,-0.04835042152542953,-0.04780642654027596,0.17842710690005564,-4.301695858794118,0.39551478083588176,118.47451580020387,relative_strength
industry,10d,industry_ret_60d,化学制药,950,-1.010238998526363e-18,0.0,2.0104230106463064e-16,-0.07976951539110502,0.4968421052631579,107.71052631578948,industry_strength
industry,10d,industry_crowding_score,化学制药,950,-1.010238998526363e-18,0.0,2.0104230106463064e-16,-0.07976951539110502,0.4968421052631579,107.71052631578948,industry_crowding
industry,10d,industry_amount_share,证券,341,6.286567399851234e-17,1.0743833793379033e-16,2.344666081254144e-16,4.256306023249746,0.7096774193548387,40.20234604105572,industry_crowding
industry,10d,stock_amount_share_in_industry,证券,2009,-0.057356778725644195,-0.057450773843286625,0.2532538294814918,-3.595249228550877,0.41513190642110503,45.37929318068691,liquidity_crowding
industry,10d,turnover_rate,证券,2009,-0.071690234174204,-0.08724696356275302,0.2822868265750714,-4.031527790897157,0.39223494275759085,45.37929318068691,liquidity
industry,10d,log_amount,证券,2009,-0.057356778725644195,-0.057450773843286625,0.2532538294814918,-3.595249228550877,0.41513190642110503,45.37929318068691,liquidity
industry,10d,log_total_mv,证券,2009,0.0029983500810077794,0.005889459377831491,0.28300699881915725,0.16818429277629504,0.5087108013937283,45.37929318068691,size
industry,10d,stock_ret_1d,证券,2008,-0.00655746154570403,-0.013382971002849294,0.22009372109522268,-0.47296430980770926,0.475597609561753,45.38446215139442,price_momentum_reversal
industry,10d,stock_rel_industry_ret_1d,证券,2008,-0.00655746154570403,-0.013382971002849294,0.22009372109522268,-0.47296430980770926,0.475597609561753,45.38446215139442,relative_strength
industry,10d,stock_ret_5d,证券,2004,-0.038316140753895146,-0.0438699522362136,0.23204875527501007,-2.621215860806752,0.4236526946107784,45.40568862275449,price_momentum_reversal
industry,10d,stock_rel_industry_ret_5d,证券,2004,-0.038316140753895146,-0.0438699522362136,0.23204875527501007,-2.621215860806752,0.4236526946107784,45.40568862275449,relative_strength
industry,10d,industry_ret_5d,证券,337,6.16220511201768e-17,1.0735718501191996e-16,2.3557589148546593e-16,4.152461141425985,0.7062314540059347,40.26409495548961,industry_strength
industry,10d,industry_breadth_20d,证券,333,6.051360916368137e-17,1.0735718501191993e-16,2.367470267389862e-16,4.057595898559899,0.7027027027027027,40.327327327327325,industry_breadth
industry,10d,industry_amount_share_roll20d,证券,333,6.051360916368137e-17,1.0735718501191993e-16,2.367470267389862e-16,4.057595898559899,0.7027027027027027,40.327327327327325,industry_crowding
industry,10d,stock_ret_20d,证券,1989,-0.06601003873841269,-0.06992109341638972,0.22962072547632953,-4.563511751997749,0.39064856711915535,45.48567119155354,price_momentum
industry,10d,stock_rel_industry_ret_20d,证券,1989,-0.06601003873841269,-0.06992109341638972,0.22962072547632953,-4.563511751997749,0.39064856711915535,45.48567119155354,relative_strength
industry,10d,industry_ret_20d,证券,324,6.015883052936006e-17,1.0064736094867498e-16,2.3854165121127055e-16,4.0034594529790875,0.7006172839506173,40.47530864197531,industry_strength
industry,10d,industry_breadth_60d,证券,319,5.956824033255633e-17,9.84107529275933e-17,2.396910652543274e-16,3.9451470531146846,0.6990595611285266,40.56112852664577,industry_breadth
industry,10d,industry_amount_share_roll60d,证券,319,5.956824033255633e-17,9.84107529275933e-17,2.396910652543274e-16,3.9451470531146846,0.6990595611285266,40.56112852664577,industry_crowding
industry,10d,stock_ret_60d,证券,1949,-0.05190443022404238,-0.06251887647236475,0.23934217553968198,-3.4425912776718928,0.4032837352488456,45.69061056952283,price_momentum
industry,10d,stock_rel_industry_ret_60d,证券,1949,-0.05190443022404238,-0.06251887647236475,0.23934217553968198,-3.4425912776718928,0.4032837352488456,45.69061056952283,relative_strength
industry,10d,industry_ret_60d,证券,315,5.824807460464503e-17,9.84107529275933e-17,2.4091717711278693e-16,3.8380804955243217,0.6952380952380952,40.63174603174603,industry_strength
industry,10d,industry_crowding_score,证券,315,5.824807460464503e-17,9.84107529275933e-17,2.4091717711278693e-16,3.8380804955243217,0.6952380952380952,40.63174603174603,industry_crowding
industry,10d,industry_amount_share,生物制药,1148,6.026363025743419e-18,3.3832076361845964e-17,2.0843056644707995e-16,0.45898041198367234,0.5522648083623694,57.92857142857143,industry_crowding
industry,10d,stock_amount_share_in_industry,生物制药,1768,-0.0460411199736994,-0.05888757899933098,0.24929443541219115,-2.9317947670645914,0.4078054298642534,57.0972850678733,liquidity_crowding
industry,10d,turnover_rate,生物制药,1768,-0.04673648287973982,-0.046579373235606264,0.22146306905276217,-3.3500784952319034,0.41798642533936653,56.93834841628959,liquidity
industry,10d,log_amount,生物制药,1768,-0.0460411199736994,-0.05888757899933098,0.24929443541219115,-2.9317947670645914,0.4078054298642534,57.0972850678733,liquidity
industry,10d,log_total_mv,生物制药,1768,-0.022917264561502143,-0.032237215586170154,0.2683570828731407,-1.3556575167036975,0.45248868778280543,56.93834841628959,size
industry,10d,stock_ret_1d,生物制药,1767,-0.0012580565192117927,0.004375804375804413,0.19649175088212814,-0.10163799763058753,0.5093378607809848,57.11262026032824,price_momentum_reversal
industry,10d,stock_rel_industry_ret_1d,生物制药,1767,-0.0012580565192117927,0.004375804375804413,0.19649175088212814,-0.10163799763058753,0.5093378607809848,57.11262026032824,relative_strength
industry,10d,stock_ret_5d,生物制药,1764,-0.01277732690903077,-0.0062335012171014625,0.20452031435583715,-0.9917536904227097,0.49036281179138325,57.15873015873016,price_momentum_reversal
industry,10d,stock_rel_industry_ret_5d,生物制药,1764,-0.01277732690903077,-0.0062335012171014625,0.20452031435583715,-0.9917536904227097,0.49036281179138325,57.15873015873016,relative_strength
industry,10d,industry_ret_5d,生物制药,1144,6.002584996927307e-18,3.3832076361845964e-17,2.084841022897052e-16,0.45705203277308903,0.5524475524475524,58.02622377622377,industry_strength
industry,10d,industry_amount_share,农药化肥,890,4.184274217950107e-17,1.1251858290029367e-16,2.0626306810704371e-16,3.2203193037689166,0.7235955056179775,50.13370786516854,industry_crowding
industry,10d,stock_amount_share_in_industry,农药化肥,2019,-0.05709614300676556,-0.06928125759662912,0.24960679153558515,-3.6312039657465456,0.40762753838533927,47.292719167904906,liquidity_crowding
industry,10d,turnover_rate,农药化肥,2019,-0.043899122407682165,-0.038273921200750474,0.22270426675308017,-3.129158565969064,0.42050520059435365,47.17632491332343,liquidity
industry,10d,log_amount,农药化肥,2019,-0.05709614300676556,-0.06928125759662912,0.24960679153558515,-3.6312039657465456,0.40762753838533927,47.292719167904906,liquidity
industry,10d,log_total_mv,农药化肥,2019,-0.025086564607313167,-0.034467666046613415,0.2587949324183192,-1.5388124623542376,0.45418524021792966,47.17632491332343,size
industry,10d,stock_ret_1d,农药化肥,2018,-0.00876817045332665,-0.01061387454187024,0.19572076999147436,-0.7111682160315631,0.4786917740336967,47.29732408325074,price_momentum_reversal
industry,10d,stock_rel_industry_ret_1d,农药化肥,2018,-0.00876817045332665,-0.01061387454187024,0.19572076999147436,-0.7111682160315631,0.4786917740336967,47.29732408325074,relative_strength
industry,10d,stock_ret_5d,农药化肥,2014,-0.038563169059252674,-0.03527971416588309,0.20107666042026615,-3.0444673653543517,0.42552135054617674,47.30784508440914,price_momentum_reversal
industry,10d,stock_rel_industry_ret_5d,农药化肥,2014,-0.038563169059252674,-0.03527971416588309,0.20107666042026615,-3.0444673653543517,0.42552135054617674,47.30784508440914,relative_strength
industry,10d,industry_ret_5d,农药化肥,886,4.171804504403569e-17,1.1189996278004203e-16,2.064065555475638e-16,3.208490314006749,0.7234762979683973,50.183972911963885,industry_strength
industry,10d,industry_breadth_20d,农药化肥,883,4.173688364791142e-17,1.1189996278004203e-16,2.0646082181372398e-16,3.2090954688974795,0.7236693091732729,50.221970554926386,industry_breadth
industry,10d,industry_amount_share_roll20d,农药化肥,883,4.173688364791142e-17,1.1189996278004203e-16,2.0646082181372398e-16,3.2090954688974795,0.7236693091732729,50.221970554926386,industry_crowding
industry,10d,stock_ret_20d,农药化肥,1999,-0.04190820659441831,-0.03411764705882351,0.21938813703312912,-3.0323980332119196,0.43871935967983994,47.345172586293145,price_momentum
industry,10d,stock_rel_industry_ret_20d,农药化肥,1999,-0.04190820659441831,-0.03411764705882351,0.21938813703312912,-3.0323980332119196,0.43871935967983994,47.345172586293145,relative_strength
industry,10d,industry_ret_20d,农药化肥,877,4.011433537897874e-17,1.1096304315620544e-16,2.048376472874035e-16,3.1087807390944677,0.7229190421892816,50.30558722919042,industry_strength
industry,10d,industry_breadth_60d,农药化肥,875,4.0722963942886723e-17,1.1097014926308467e-16,2.0467315398581772e-16,3.158484632033208,0.7245714285714285,50.336,industry_breadth
industry,10d,industry_amount_share_roll60d,农药化肥,875,4.0722963942886723e-17,1.1097014926308467e-16,2.0467315398581772e-16,3.158484632033208,0.7245714285714285,50.336,industry_crowding
industry,10d,stock_ret_60d,农药化肥,1959,-0.015113554100414294,-0.003322259136212649,0.24282590684012087,-0.9880339234728627,0.4941296579887698,47.439509954058195,price_momentum
industry,10d,stock_rel_industry_ret_60d,农药化肥,1959,-0.015113554100414294,-0.003322259136212649,0.24282590684012087,-0.9880339234728627,0.4941296579887698,47.439509954058195,relative_strength
industry,10d,industry_ret_60d,农药化肥,863,3.8690654193992814e-17,1.1096067475726051e-16,2.049724654918422e-16,2.9964761017262767,0.7207415990730012,50.493626882966396,industry_strength
industry,10d,industry_crowding_score,农药化肥,863,3.8690654193992814e-17,1.1096067475726051e-16,2.049724654918422e-16,2.9964761017262767,0.7207415990730012,50.493626882966396,industry_crowding
industry,10d,industry_amount_share,百货,537,9.305748888228574e-17,1.5389984399842228e-16,1.5299181106502946e-16,9.655692216495247,0.8640595903165735,33.778398510242084,industry_crowding
industry,10d,stock_amount_share_in_industry,百货,1959,-0.13004358834813742,-0.14082313681868744,0.23408549341732734,-8.818906016210924,0.2792240939254722,33.464012251148546,liquidity_crowding
industry,10d,turnover_rate,百货,1959,-0.08099276715350986,-0.07927170868347333,0.2307768532135794,-5.571270694591621,0.3614088820826952,33.464012251148546,liquidity
industry,10d,log_amount,百货,1959,-0.13004358834813742,-0.14082313681868744,0.23408549341732734,-8.818906016210924,0.2792240939254722,33.464012251148546,liquidity
industry,10d,log_total_mv,百货,1959,-0.0823765864839782,-0.09243697478991597,0.2546144572618005,-5.1359525464866715,0.34762633996937214,33.464012251148546,size
industry,10d,stock_ret_1d,百货,1958,-0.00017946465269670184,-0.0042402104762776435,0.2181617353814439,-0.013058720109606448,0.4902962206332993,33.46527068437181,price_momentum_reversal
industry,10d,stock_rel_industry_ret_1d,百货,1958,-0.00017946465269670184,-0.0042402104762776435,0.2181617353814439,-0.013058720109606448,0.4902962206332993,33.46527068437181,relative_strength
industry,10d,stock_ret_5d,百货,1954,-0.03384736672062134,-0.03945262299529169,0.23314041011167583,-2.3046639104976787,0.43398157625383826,33.46673490276356,price_momentum_reversal
industry,10d,stock_rel_industry_ret_5d,百货,1954,-0.03384736672062134,-0.03945262299529169,0.23314041011167583,-2.3046639104976787,0.43398157625383826,33.46673490276356,relative_strength
industry,10d,industry_ret_5d,百货,535,9.327776044966941e-17,1.5389984399842228e-16,1.5323252094121567e-16,9.663343870622235,0.8635514018691589,33.788785046728975,industry_strength
industry,10d,industry_breadth_20d,百货,533,9.349968508697718e-17,1.5389984399842228e-16,1.5347716910547583e-16,9.670894342584152,0.8630393996247655,33.79924953095685,industry_breadth
industry,10d,industry_amount_share_roll20d,百货,533,9.349968508697718e-17,1.5389984399842228e-16,1.5347716910547583e-16,9.670894342584152,0.8630393996247655,33.79924953095685,industry_crowding
industry,10d,industry_ret_20d,百货,527,9.392745548394484e-17,1.5389984399842228e-16,1.5413029195645842e-16,9.673972014345294,0.8614800759013282,33.833017077798864,industry_strength
industry,10d,stock_ret_20d,百货,1938,-0.07172588281323826,-0.0793783422459893,0.23794864042980263,-4.785121229882567,0.3849329205366357,33.47626418988648,price_momentum
industry,10d,stock_rel_industry_ret_20d,百货,1938,-0.07172588281323826,-0.0793783422459893,0.23794864042980263,-4.785121229882567,0.3849329205366357,33.47626418988648,relative_strength
industry,10d,industry_breadth_60d,百货,523,9.458847587834727e-17,1.5389984399842228e-16,1.540424351785335e-16,9.747609499032896,0.8623326959847036,33.8585086042065,industry_breadth
industry,10d,industry_amount_share_roll60d,百货,523,9.458847587834727e-17,1.5389984399842228e-16,1.540424351785335e-16,9.747609499032896,0.8623326959847036,33.8585086042065,industry_crowding
industry,10d,industry_ret_60d,百货,513,9.586407142564973e-17,1.5389984399842228e-16,1.5207698065338275e-16,10.006740990070833,0.8635477582846004,33.91812865497076,industry_strength
industry,10d,industry_crowding_score,百货,513,9.586407142564973e-17,1.5389984399842228e-16,1.5207698065338275e-16,10.006740990070833,0.8635477582846004,33.91812865497076,industry_crowding
industry,10d,stock_ret_60d,百货,1895,-0.07095674555105633,-0.06401833460656993,0.23978979514161095,-4.697461853029613,0.3804749340369393,33.494459102902375,price_momentum
industry,10d,stock_rel_industry_ret_60d,百货,1895,-0.07095674555105633,-0.06401833460656993,0.23978979514161095,-4.697461853029613,0.3804749340369393,33.494459102902375,relative_strength
industry,10d,industry_amount_share,中成药,778,3.979693271654377e-17,3.6632475808101014e-17,1.9082293408135644e-16,3.310695983730779,0.602827763496144,61.76221079691517,industry_crowding
industry,10d,stock_amount_share_in_industry,中成药,2021,-0.08793682501185084,-0.09427235534774986,0.2352934087034157,-5.932821612335741,0.34388916378030676,62.02375061850569,liquidity_crowding
industry,10d,turnover_rate,中成药,2021,-0.07010124292453085,-0.07722317937935232,0.25162685996537787,-4.422511700070994,0.38198911429985155,61.790202869866405,liquidity
industry,10d,log_amount,中成药,2021,-0.08793682501185084,-0.09427235534774986,0.2352934087034157,-5.932821612335741,0.34388916378030676,62.02375061850569,liquidity
industry,10d,log_total_mv,中成药,2021,-0.0275063432325835,-0.036756993006993026,0.2767144648318964,-1.5779791717302043,0.45274616526472045,61.790202869866405,size
industry,10d,stock_ret_1d,中成药,2020,-0.010046963157074637,-0.01115142567869305,0.20274399783402797,-0.7866600115128968,0.4801980198019802,62.027227722772274,price_momentum_reversal
industry,10d,stock_rel_industry_ret_1d,中成药,2020,-0.010046963157074637,-0.01115142567869305,0.20274399783402797,-0.7866600115128968,0.4801980198019802,62.027227722772274,relative_strength
industry,10d,stock_ret_5d,中成药,2016,-0.03309386271532727,-0.02535119452385811,0.20983945391416645,-2.503574872142505,0.4459325396825397,62.03323412698413,price_momentum_reversal
industry,10d,stock_rel_industry_ret_5d,中成药,2016,-0.03309386271532727,-0.02535119452385811,0.20983945391416645,-2.503574872142505,0.4459325396825397,62.03323412698413,relative_strength
industry,10d,industry_ret_5d,中成药,773,4.063497603839698e-17,3.6632475808101014e-17,1.905650236877327e-16,3.384987624114187,0.6041397153945667,61.79818887451488,industry_strength
industry,10d,industry_breadth_20d,中成药,772,4.05215275025069e-17,3.6632475808101014e-17,1.90662444131692e-16,3.3738123416286476,0.6036269430051814,61.80440414507772,industry_breadth
industry,10d,industry_amount_share_roll20d,中成药,772,4.05215275025069e-17,3.6632475808101014e-17,1.90662444131692e-16,3.3738123416286476,0.6036269430051814,61.80440414507772,industry_crowding
industry,10d,stock_ret_20d,中成药,2001,-0.052640302348271134,-0.05274770233909559,0.21529662067885486,-3.8813377148316768,0.408295852073963,62.065967016491754,price_momentum
industry,10d,stock_rel_industry_ret_20d,中成药,2001,-0.052640302348271134,-0.05274770233909559,0.21529662067885486,-3.8813377148316768,0.408295852073963,62.065967016491754,relative_strength
industry,10d,industry_ret_20d,中成药,763,3.99057772270808e-17,3.6632475808101014e-17,1.9132166999894869e-16,3.3110968271868217,0.6002621231979031,61.87418086500655,industry_strength
industry,10d,industry_breadth_60d,中成药,754,4.027383428621257e-17,3.6632475808101014e-17,1.905414478388197e-16,3.355318784639871,0.5981432360742706,61.95358090185676,industry_breadth
industry,10d,industry_amount_share_roll60d,中成药,754,4.027383428621257e-17,3.6632475808101014e-17,1.905414478388197e-16,3.355318784639871,0.5981432360742706,61.95358090185676,industry_crowding
industry,10d,stock_ret_60d,中成药,1961,-0.05488034436058082,-0.05809473445644784,0.22377936567535794,-3.8931134496375592,0.39877613462519124,62.14023457419684,price_momentum
industry,10d,stock_rel_industry_ret_60d,中成药,1961,-0.05488034436058082,-0.05809473445644784,0.22377936567535794,-3.8931134496375592,0.39877613462519124,62.14023457419684,relative_strength
industry,10d,industry_ret_60d,中成药,724,3.855528681513597e-17,2.4816430994713928e-17,1.924369241461549e-16,3.180502944293881,0.5870165745856354,62.21270718232044,industry_strength
industry,10d,industry_crowding_score,中成药,724,3.855528681513597e-17,2.4816430994713928e-17,1.924369241461549e-16,3.180502944293881,0.5870165745856354,62.21270718232044,industry_crowding
industry,10d,stock_ret_1d,医疗保健,2021,-0.00735145754884339,-0.00553587211727877,0.15776511054424527,-0.7397121599696133,0.4858980702622464,124.38941118258288,price_momentum_reversal
industry,10d,stock_ret_5d,医疗保健,2017,-0.01522502947449225,-0.013434404856380169,0.17369595202038537,-1.3914535563295345,0.473475458601884,124.51115518096182,price_momentum_reversal
industry,10d,stock_rel_industry_ret_1d,医疗保健,2021,-0.00735145754884339,-0.00553587211727877,0.15776511054424527,-0.7397121599696133,0.4858980702622464,124.38941118258288,relative_strength
industry,10d,stock_rel_industry_ret_5d,医疗保健,2017,-0.01522502947449225,-0.013434404856380169,0.17369595202038537,-1.3914535563295345,0.473475458601884,124.51115518096182,relative_strength
industry,10d,industry_ret_5d,医疗保健,969,-6.257068542681862e-19,-1.654257086269678e-17,1.8598853012023612e-16,-0.0534053813625586,0.43653250773993807,113.13828689370484,industry_strength
industry,10d,industry_breadth_20d,医疗保健,967,-7.311655220872188e-19,-1.654257086269678e-17,1.8612007069793834e-16,-0.06236239212933783,0.4364012409513961,113.25025853154085,industry_breadth
industry,10d,industry_amount_share,医疗保健,972,-6.098882934508171e-19,-1.6476188787693377e-17,1.8595594701145665e-16,-0.05206435538953851,0.43724279835390945,112.96502057613169,industry_crowding
industry,10d,industry_amount_share_roll20d,医疗保健,967,-7.311655220872188e-19,-1.654257086269678e-17,1.8612007069793834e-16,-0.06236239212933783,0.4364012409513961,113.25025853154085,industry_crowding
industry,10d,stock_amount_share_in_industry,医疗保健,2022,-0.06288047423142394,-0.07105275094448316,0.20840965790839305,-4.789588893561152,0.37091988130563797,124.35608308605342,liquidity_crowding
industry,10d,turnover_rate,医疗保健,2022,-0.04983309017366454,-0.048779893067783436,0.18391188359621852,-4.30138480722136,0.3867457962413452,124.23986152324431,liquidity
industry,10d,log_amount,医疗保健,2022,-0.06288047423142394,-0.07105275094448316,0.20840965790839305,-4.789588893561152,0.37091988130563797,124.35608308605342,liquidity
industry,10d,log_total_mv,医疗保健,2022,-0.02841788346316692,-0.04046830825029055,0.24993494588103662,-1.804949335883789,0.43125618199802174,124.23986152324431,size
industry,10d,stock_ret_20d,医疗保健,2002,-0.035718756728837,-0.03218307085166759,0.1878135505382832,-3.0190456601475475,0.4305694305694306,124.93606393606393,price_momentum
industry,10d,stock_rel_industry_ret_20d,医疗保健,2002,-0.035718756728837,-0.03218307085166759,0.1878135505382832,-3.0190456601475475,0.4305694305694306,124.93606393606393,relative_strength
industry,10d,industry_ret_20d,医疗保健,964,-1.3902557352127055e-18,-1.7428412828393664e-17,1.8594875907652473e-16,-0.11868659793444511,0.4346473029045643,113.42116182572614,industry_strength
industry,10d,industry_breadth_60d,医疗保健,961,-1.3319040609901276e-18,-1.8314254794090544e-17,1.859492572898289e-16,-0.11370479130500835,0.4339229968782518,113.60353798126951,industry_breadth
industry,10d,industry_amount_share_roll60d,医疗保健,961,-1.3319040609901276e-18,-1.8314254794090544e-17,1.859492572898289e-16,-0.11370479130500835,0.4339229968782518,113.60353798126951,industry_crowding
industry,10d,stock_ret_60d,医疗保健,1962,-0.021244237409750205,-0.015610539437501729,0.20453848825076693,-1.648793910430301,0.46992864424057085,126.05555555555556,price_momentum
industry,10d,stock_rel_industry_ret_60d,医疗保健,1962,-0.021244237409750205,-0.015610539437501729,0.20453848825076693,-1.648793910430301,0.46992864424057085,126.05555555555556,relative_strength
industry,10d,industry_ret_60d,医疗保健,939,-2.2745450507174866e-18,-1.9597469497897876e-17,1.8621307943598517e-16,-0.19390304595913344,0.42598509052183176,114.82641107561236,industry_strength
industry,10d,industry_crowding_score,医疗保健,939,-2.2745450507174866e-18,-1.9597469497897876e-17,1.8621307943598517e-16,-0.19390304595913344,0.42598509052183176,114.82641107561236,industry_crowding
industry,10d,industry_amount_share,食品,1382,2.2264237610229268e-17,6.80018346573487e-17,2.3106134697262425e-16,1.529610294899649,0.5803183791606368,74.35311143270623,industry_crowding
industry,10d,stock_amount_share_in_industry,食品,2021,-0.07388919066690541,-0.07798716920609461,0.22205587948165628,-5.282249410467401,0.3617021276595745,71.46313706086096,liquidity_crowding
industry,10d,turnover_rate,食品,2021,-0.06708700581651063,-0.06531204644412192,0.19360600070234818,-5.50072413924755,0.3582384957941613,71.38644235526966,liquidity
industry,10d,log_amount,食品,2021,-0.07388919066690541,-0.07798716920609461,0.22205587948165628,-5.282249410467401,0.3617021276595745,71.46313706086096,liquidity
industry,10d,log_total_mv,食品,2021,-0.02025026407110118,-0.02047461442617465,0.2821602980872917,-1.139292021139239,0.47550717466600695,71.38644235526966,size
industry,10d,stock_ret_1d,食品,2020,-0.007883633285776986,-0.007480790981997096,0.18139675908248384,-0.6899175004216829,0.48217821782178216,71.47425742574258,price_momentum_reversal
industry,10d,stock_rel_industry_ret_1d,食品,2020,-0.007883633285776986,-0.007480790981997096,0.18139675908248384,-0.6899175004216829,0.48217821782178216,71.47425742574258,relative_strength
industry,10d,stock_ret_5d,食品,2016,-0.03239331025676946,-0.037891926992642766,0.1960581309008451,-2.622833626571121,0.4246031746031746,71.51636904761905,price_momentum_reversal
industry,10d,stock_rel_industry_ret_5d,食品,2016,-0.03239331025676946,-0.037891926992642766,0.1960581309008451,-2.622833626571121,0.4246031746031746,71.51636904761905,relative_strength
industry,10d,industry_ret_5d,食品,1382,2.2264237610229268e-17,6.80018346573487e-17,2.3106134697262425e-16,1.529610294899649,0.5803183791606368,74.35311143270623,industry_strength
industry,10d,industry_breadth_20d,食品,1382,2.2264237610229268e-17,6.80018346573487e-17,2.3106134697262425e-16,1.529610294899649,0.5803183791606368,74.35311143270623,industry_breadth
industry,10d,industry_amount_share_roll20d,食品,1382,2.2264237610229268e-17,6.80018346573487e-17,2.3106134697262425e-16,1.529610294899649,0.5803183791606368,74.35311143270623,industry_crowding
industry,10d,stock_ret_20d,食品,2001,-0.05885923327585542,-0.049380998748087344,0.20903080199442564,-4.469969749587545,0.4017991004497751,71.68165917041479,price_momentum
industry,10d,stock_rel_industry_ret_20d,食品,2001,-0.05885923327585542,-0.049380998748087344,0.20903080199442564,-4.469969749587545,0.4017991004497751,71.68165917041479,relative_strength
industry,10d,industry_ret_20d,食品,1382,2.2264237610229268e-17,6.80018346573487e-17,2.3106134697262425e-16,1.529610294899649,0.5803183791606368,74.35311143270623,industry_strength
industry,10d,industry_breadth_60d,食品,1379,2.221155447724286e-17,6.83762275120341e-17,2.3126252093133276e-16,1.5246633775923497,0.580130529369108,74.42277012327774,industry_breadth
industry,10d,industry_amount_share_roll60d,食品,1379,2.221155447724286e-17,6.83762275120341e-17,2.3126252093133276e-16,1.5246633775923497,0.580130529369108,74.42277012327774,industry_crowding
industry,10d,stock_ret_60d,食品,1961,-0.04233215482768638,-0.032897894130034834,0.22357476971406645,-3.0057153840421162,0.44059153493115755,72.15247322794492,price_momentum
industry,10d,stock_rel_industry_ret_60d,食品,1961,-0.04233215482768638,-0.032897894130034834,0.22357476971406645,-3.0057153840421162,0.44059153493115755,72.15247322794492,relative_strength
industry,10d,industry_ret_60d,食品,1368,2.1141054875271786e-17,6.762528765728899e-17,2.3105587120928985e-16,1.452479178151866,0.577485380116959,74.67543859649123,industry_strength
industry,10d,industry_crowding_score,食品,1368,2.1141054875271786e-17,6.762528765728899e-17,2.3105587120928985e-16,1.452479178151866,0.577485380116959,74.67543859649123,industry_crowding
industry,10d,industry_amount_share,化工原料,1027,2.926151066564191e-17,2.2360409154103676e-17,1.4759318169017072e-16,3.147246206936744,0.560856864654333,186.93476144109056,industry_crowding
industry,10d,stock_amount_share_in_industry,化工原料,2021,-0.08841349788976643,-0.09953302792965864,0.19509071480290985,-7.194195629268369,0.3374567046016823,185.27610094012866,liquidity_crowding
industry,10d,turnover_rate,化工原料,2021,-0.07056151664732699,-0.07497284281046966,0.17044360096807426,-6.571847489258568,0.3384463137060861,184.9965363681346,liquidity
industry,10d,log_amount,化工原料,2021,-0.08841349788976643,-0.09953302792965864,0.19509071480290985,-7.194195629268369,0.3374567046016823,185.27610094012866,liquidity
industry,10d,log_total_mv,化工原料,2021,-0.04550176010537719,-0.05090425801536707,0.20066836796660695,-3.599561087014419,0.40178129638792676,184.9965363681346,size
industry,10d,stock_ret_1d,化工原料,2020,-0.009181715702442115,-0.00828379188981341,0.1397518687648008,-1.042957202888314,0.47178217821782176,185.31386138613863,price_momentum_reversal
industry,10d,stock_rel_industry_ret_1d,化工原料,2020,-0.009181715702442115,-0.00828379188981341,0.1397518687648008,-1.042957202888314,0.47178217821782176,185.31386138613863,relative_strength
industry,10d,stock_ret_5d,化工原料,2016,-0.031721570500830985,-0.03332673088543388,0.15380572857392408,-3.2740283805981845,0.41964285714285715,185.44246031746033,price_momentum_reversal
industry,10d,stock_rel_industry_ret_5d,化工原料,2016,-0.031721570500830985,-0.03332673088543388,0.15380572857392408,-3.2740283805981845,0.41964285714285715,185.44246031746033,relative_strength
industry,10d,industry_ret_5d,化工原料,1024,2.914084346360085e-17,2.2360409154103676e-17,1.476660445125289e-16,3.132721204276926,0.560546875,187.162109375,industry_strength
industry,10d,industry_breadth_20d,化工原料,1020,2.9311241767758015e-17,2.2360409154103676e-17,1.4789335270874279e-16,3.1461964279910144,0.5598039215686275,187.4558823529412,industry_breadth
industry,10d,industry_amount_share_roll20d,化工原料,1020,2.9311241767758015e-17,2.2360409154103676e-17,1.4789335270874279e-16,3.1461964279910144,0.5598039215686275,187.4558823529412,industry_crowding
industry,10d,stock_ret_20d,化工原料,2001,-0.04863372281609033,-0.04847686250048731,0.15789186714850034,-4.889652832400938,0.3828085957021489,185.928035982009,price_momentum
industry,10d,stock_rel_industry_ret_20d,化工原料,2001,-0.04863372281609033,-0.04847686250048731,0.15789186714850034,-4.889652832400938,0.3828085957021489,185.928035982009,relative_strength
industry,10d,industry_ret_20d,化工原料,1014,2.9295929798790724e-17,2.2491885697323688e-17,1.4750446672368316e-16,3.152843289249161,0.5611439842209073,187.92011834319527,industry_strength
industry,10d,industry_breadth_60d,化工原料,1007,2.905156635769861e-17,2.2623362240543698e-17,1.4647022920895984e-16,3.148621540137217,0.5620655412115194,188.506454816286,industry_breadth
industry,10d,industry_amount_share_roll60d,化工原料,1007,2.905156635769861e-17,2.2623362240543698e-17,1.4647022920895984e-16,3.148621540137217,0.5620655412115194,188.506454816286,industry_crowding
industry,10d,stock_ret_60d,化工原料,1961,-0.04814065914052599,-0.040995350006283786,0.1745096296153603,-4.379181102520063,0.40540540540540543,187.18612952575216,price_momentum
industry,10d,stock_rel_industry_ret_60d,化工原料,1961,-0.04814065914052599,-0.040995350006283786,0.1745096296153603,-4.379181102520063,0.40540540540540543,187.18612952575216,relative_strength
industry,10d,industry_ret_60d,化工原料,984,2.858551505757377e-17,2.2491885697323688e-17,1.4681896345677727e-16,3.0907518549522055,0.5630081300813008,190.1880081300813,industry_strength
industry,10d,industry_crowding_score,化工原料,984,2.858551505757377e-17,2.2491885697323688e-17,1.4681896345677727e-16,3.0907518549522055,0.5630081300813008,190.1880081300813,industry_crowding
industry,10d,industry_amount_share,专用机械,1007,6.5878430026583206e-18,-5.962719786080435e-18,1.4968317981334648e-16,0.6986674501345734,0.47368421052631576,180.57298907646475,industry_crowding
industry,10d,stock_amount_share_in_industry,专用机械,2021,-0.08139868835280827,-0.08560266522395284,0.17876047404871295,-7.2284666140355105,0.3137060860959921,190.49183572488866,liquidity_crowding
industry,10d,turnover_rate,专用机械,2021,-0.07335046462380194,-0.08031128299620009,0.16895405433857402,-6.891829451694192,0.32657100445324094,190.19346857991093,liquidity
industry,10d,log_amount,专用机械,2021,-0.08139868835280827,-0.08560266522395284,0.17876047404871295,-7.2284666140355105,0.3137060860959921,190.49183572488866,liquidity
industry,10d,log_total_mv,专用机械,2021,-0.038148854940331635,-0.04743335543155733,0.19756497071179904,-3.0652918665798903,0.41167738743196436,190.19346857991093,size
industry,10d,stock_ret_1d,专用机械,2020,-0.0075826694099524194,-0.003980855841654282,0.13631029223889427,-0.8830671787097794,0.4905940594059406,190.53217821782178,price_momentum_reversal
industry,10d,stock_rel_industry_ret_1d,专用机械,2020,-0.0075826694099524194,-0.003980855841654282,0.13631029223889427,-0.8830671787097794,0.4905940594059406,190.53217821782178,relative_strength
industry,10d,stock_ret_5d,专用机械,2016,-0.02954650058084526,-0.025361617412990627,0.1427948685021907,-3.2846849527205277,0.42509920634920634,190.69295634920636,price_momentum_reversal
industry,10d,stock_rel_industry_ret_5d,专用机械,2016,-0.02954650058084526,-0.025361617412990627,0.1427948685021907,-3.2846849527205277,0.42509920634920634,190.69295634920636,relative_strength
industry,10d,industry_ret_5d,专用机械,1003,6.354372263709245e-18,-5.962719786080435e-18,1.4958720894037606e-16,0.6743392914457947,0.47357926221335994,180.86141575274178,industry_strength
industry,10d,industry_breadth_20d,专用机械,999,6.500997552380356e-18,-5.916852029655876e-18,1.4933586308132904e-16,0.6910606377814605,0.4744744744744745,181.14614614614615,industry_breadth
industry,10d,industry_amount_share_roll20d,专用机械,999,6.500997552380356e-18,-5.916852029655876e-18,1.4933586308132904e-16,0.6910606377814605,0.4744744744744745,181.14614614614615,industry_crowding
industry,10d,stock_ret_20d,专用机械,2001,-0.057273895981748986,-0.05677896859345542,0.1482546091390441,-6.132658657837925,0.3353323338330835,191.29885057471265,price_momentum
industry,10d,stock_rel_industry_ret_20d,专用机械,2001,-0.057273895981748986,-0.05677896859345542,0.1482546091390441,-6.132658657837925,0.3353323338330835,191.29885057471265,relative_strength
industry,10d,industry_ret_20d,专用机械,990,6.03958000690295e-18,-5.939785907868156e-18,1.4839294691999023e-16,0.6460910866670194,0.47373737373737373,181.85454545454544,industry_strength
industry,10d,industry_breadth_60d,专用机械,981,7.437508207638706e-18,-5.827326879378924e-18,1.4743622331327423e-16,0.8007990159759646,0.47604485219164117,182.62487257900102,industry_breadth
industry,10d,industry_amount_share_roll60d,专用机械,981,7.437508207638706e-18,-5.827326879378924e-18,1.4743622331327423e-16,0.8007990159759646,0.47604485219164117,182.62487257900102,industry_crowding
industry,10d,stock_ret_60d,专用机械,1961,-0.05318635742261387,-0.05121712746867097,0.16787257415578827,-5.029453164316487,0.3783783783783784,192.91534931157574,price_momentum
industry,10d,stock_rel_industry_ret_60d,专用机械,1961,-0.05318635742261387,-0.05121712746867097,0.16787257415578827,-5.029453164316487,0.3783783783783784,192.91534931157574,relative_strength
industry,10d,industry_ret_60d,专用机械,959,8.941043133615745e-18,-4.472039839560327e-18,1.4542294553851249e-16,0.97601282268557,0.4807090719499479,184.3482794577685,industry_strength
industry,10d,industry_crowding_score,专用机械,959,8.941043133615745e-18,-4.472039839560327e-18,1.4542294553851249e-16,0.97601282268557,0.4807090719499479,184.3482794577685,industry_crowding
industry,10d,industry_amount_share,机械基件,1037,3.30183819124297e-17,7.54248020136969e-17,2.0809850663485675e-16,2.5187617723944666,0.583413693346191,80.99807135969142,industry_crowding
industry,10d,stock_amount_share_in_industry,机械基件,2020,-0.09655896841157387,-0.10871749825736075,0.19800805546235695,-7.741231032447563,0.30495049504950494,85.89504950495049,liquidity_crowding
industry,10d,turnover_rate,机械基件,2020,-0.08517457697870605,-0.09404026516364364,0.19716553352908345,-6.857712238357596,0.32722772277227724,85.82970297029703,liquidity
industry,10d,log_amount,机械基件,2020,-0.09655896841157387,-0.10871749825736075,0.19800805546235695,-7.741231032447563,0.30495049504950494,85.89504950495049,liquidity
industry,10d,log_total_mv,机械基件,2020,-0.047085032938478995,-0.051623247549815024,0.2044588058465834,-3.6557570737836316,0.3896039603960396,85.82970297029703,size
industry,10d,stock_ret_1d,机械基件,2019,-0.009003102989894969,-0.004217923238828407,0.16681164532717177,-0.8567736919965794,0.4903417533432392,85.91579990094105,price_momentum_reversal
industry,10d,stock_rel_industry_ret_1d,机械基件,2019,-0.009003102989894969,-0.004217923238828407,0.16681164532717177,-0.8567736919965794,0.4903417533432392,85.91579990094105,relative_strength
industry,10d,stock_ret_5d,机械基件,2015,-0.03435597641351023,-0.03005207888670707,0.16950638182504868,-3.2174848637651667,0.4143920595533499,85.99454094292804,price_momentum_reversal
industry,10d,stock_rel_industry_ret_5d,机械基件,2015,-0.03435597641351023,-0.03005207888670707,0.16950638182504868,-3.2174848637651667,0.4143920595533499,85.99454094292804,relative_strength
industry,10d,industry_ret_5d,机械基件,1034,3.322233311822406e-17,7.50277738537243e-17,2.081164216278842e-16,2.534101750836244,0.5831721470019342,81.1083172147002,industry_strength
industry,10d,industry_breadth_20d,机械基件,1032,3.277313809019948e-17,7.429869784461986e-17,2.080670660794407e-16,2.5004314629036046,0.5823643410852714,81.17829457364341,industry_breadth
industry,10d,industry_amount_share_roll20d,机械基件,1032,3.277313809019948e-17,7.429869784461986e-17,2.080670660794407e-16,2.5004314629036046,0.5823643410852714,81.17829457364341,industry_crowding
industry,10d,stock_ret_20d,机械基件,2000,-0.05388776530610753,-0.05408799681289837,0.1735356778290904,-4.929486345144232,0.375,86.289,price_momentum
industry,10d,stock_rel_industry_ret_20d,机械基件,2000,-0.05388776530610753,-0.05408799681289837,0.1735356778290904,-4.929486345144232,0.375,86.289,relative_strength
industry,10d,industry_ret_20d,机械基件,1028,3.220589302500165e-17,7.361624043160404e-17,2.077996829893749e-16,2.460315120863614,0.5817120622568094,81.32295719844358,industry_strength
industry,10d,industry_breadth_60d,机械基件,1022,3.1984894850127926e-17,7.295778629962814e-17,2.0763223298912048e-16,2.445402901054091,0.5812133072407045,81.54990215264188,industry_breadth
industry,10d,industry_amount_share_roll60d,机械基件,1022,3.1984894850127926e-17,7.295778629962814e-17,2.0763223298912048e-16,2.445402901054091,0.5812133072407045,81.54990215264188,industry_crowding
industry,10d,stock_ret_60d,机械基件,1960,-0.05191745536523801,-0.039251200222597954,0.18991434041291527,-4.339662038192493,0.4122448979591837,87.09030612244898,price_momentum
industry,10d,stock_rel_industry_ret_60d,机械基件,1960,-0.05191745536523801,-0.039251200222597954,0.18991434041291527,-4.339662038192493,0.4122448979591837,87.09030612244898,relative_strength
industry,10d,industry_ret_60d,机械基件,1010,3.1522527744953735e-17,7.295778629962814e-17,2.0750106132095372e-16,2.4115761696355054,0.5811881188118811,81.99801980198019,industry_strength
industry,10d,industry_crowding_score,机械基件,1010,3.1522527744953735e-17,7.295778629962814e-17,2.0750106132095372e-16,2.4115761696355054,0.5811881188118811,81.99801980198019,industry_crowding
industry,10d,industry_amount_share,广告包装,647,6.974322166019146e-17,1.1690844312123018e-16,2.0347249201292553e-16,5.441223577296084,0.7573415765069552,44.276661514683155,industry_crowding
industry,10d,stock_amount_share_in_industry,广告包装,2007,-0.10580844878388494,-0.10493477027793535,0.2264038967139856,-7.418852223519561,0.3188839063278525,43.517688091679126,liquidity_crowding
industry,10d,turnover_rate,广告包装,2007,-0.09490851791115741,-0.09665158371040725,0.25809233598988096,-5.837546505940888,0.3502740408570005,43.517688091679126,liquidity
industry,10d,log_amount,广告包装,2007,-0.10580844878388494,-0.10493477027793535,0.2264038967139856,-7.418852223519561,0.3188839063278525,43.517688091679126,liquidity
industry,10d,log_total_mv,广告包装,2007,-0.05560171333568128,-0.059999999999999956,0.21649168245336087,-4.077061186505621,0.37917289486796213,43.517688091679126,size
industry,10d,stock_ret_1d,广告包装,2006,-0.006297725128374479,-0.01487395296538215,0.2091013164095589,-0.4781093146965811,0.4745762711864407,43.52293120638086,price_momentum_reversal
industry,10d,stock_rel_industry_ret_1d,广告包装,2006,-0.006297725128374479,-0.01487395296538215,0.2091013164095589,-0.4781093146965811,0.4745762711864407,43.52293120638086,relative_strength
industry,10d,stock_ret_5d,广告包装,2001,-0.033280936033740605,-0.03466898954703835,0.21100599324342798,-2.5038079380942464,0.43928035982008995,43.548225887056475,price_momentum_reversal
industry,10d,stock_rel_industry_ret_5d,广告包装,2001,-0.033280936033740605,-0.03466898954703835,0.21100599324342798,-2.5038079380942464,0.43928035982008995,43.548225887056475,relative_strength
industry,10d,industry_ret_5d,广告包装,647,6.974322166019146e-17,1.1690844312123018e-16,2.0347249201292553e-16,5.441223577296084,0.7573415765069552,44.276661514683155,industry_strength
industry,10d,industry_breadth_20d,广告包装,646,6.979353932174176e-17,1.1690844312123018e-16,2.036261329751701e-16,5.441040758364343,0.7569659442724458,44.297213622291025,industry_breadth
industry,10d,industry_amount_share_roll20d,广告包装,646,6.979353932174176e-17,1.1690844312123018e-16,2.036261329751701e-16,5.441040758364343,0.7569659442724458,44.297213622291025,industry_crowding
industry,10d,industry_ret_20d,广告包装,642,7.090316829484626e-17,1.1690976565981335e-16,2.0338953801614286e-16,5.533976397345485,0.7585669781931464,44.3816199376947,industry_strength
industry,10d,stock_ret_20d,广告包装,1984,-0.06780723544793743,-0.0689485550317688,0.21761694762895545,-4.946335771382962,0.3795362903225806,43.633568548387096,price_momentum
industry,10d,stock_rel_industry_ret_20d,广告包装,1984,-0.06780723544793743,-0.0689485550317688,0.21761694762895545,-4.946335771382962,0.3795362903225806,43.633568548387096,relative_strength
industry,10d,industry_breadth_60d,广告包装,637,7.174224643527649e-17,1.1691108819839652e-16,2.0294433245727037e-16,5.611749988775363,0.7613814756671899,44.49136577708006,industry_breadth
industry,10d,industry_amount_share_roll60d,广告包装,637,7.174224643527649e-17,1.1691108819839652e-16,2.0294433245727037e-16,5.611749988775363,0.7613814756671899,44.49136577708006,industry_crowding
industry,10d,industry_ret_60d,广告包装,633,7.174489709915882e-17,1.183580530744112e-16,2.035107186351993e-16,5.596338812086404,0.7614533965244866,44.5781990521327,industry_strength
industry,10d,industry_crowding_score,广告包装,633,7.174489709915882e-17,1.183580530744112e-16,2.035107186351993e-16,5.596338812086404,0.7614533965244866,44.5781990521327,industry_crowding
industry,10d,stock_ret_60d,广告包装,1949,-0.07135087009834958,-0.07090187180941576,0.21492219971373158,-5.270092852941703,0.37352488455618266,43.76295536172396,price_momentum
industry,10d,stock_rel_industry_ret_60d,广告包装,1949,-0.07135087009834958,-0.07090187180941576,0.21492219971373158,-5.270092852941703,0.37352488455618266,43.76295536172396,relative_strength
industry,10d,industry_amount_share,小金属,856,2.1771054209539108e-17,7.604467271677666e-17,2.0450160286215643e-16,1.6899856356716767,0.6051401869158879,51.09929906542056,industry_crowding
industry,10d,stock_amount_share_in_industry,小金属,2018,-0.04354041894293428,-0.05407793886785481,0.2937021920436584,-2.3533454694566127,0.4425173439048563,50.801288404360754,liquidity_crowding
industry,10d,turnover_rate,小金属,2018,-0.05320863160003581,-0.06259651173521179,0.24529879877916982,-3.44339574876961,0.40485629335976214,50.68483647175421,liquidity
industry,10d,log_amount,小金属,2018,-0.04354041894293428,-0.05407793886785481,0.2937021920436584,-2.3533454694566127,0.4425173439048563,50.801288404360754,liquidity
industry,10d,log_total_mv,小金属,2018,-0.018453885263335443,-0.016082271462929454,0.27624443122411996,-1.0604606416140252,0.48067393458870167,50.68483647175421,size
industry,10d,stock_ret_1d,小金属,2017,-0.005793386661313361,-0.005738447598912728,0.21869226966225191,-0.4205322953119358,0.4873574615765989,50.80565195835399,price_momentum_reversal
industry,10d,stock_rel_industry_ret_1d,小金属,2017,-0.005793386661313361,-0.005738447598912728,0.21869226966225191,-0.4205322953119358,0.4873574615765989,50.80565195835399,relative_strength
industry,10d,stock_ret_5d,小金属,2013,-0.01948004309856729,-0.01282593375616629,0.22797775570541842,-1.3564310098979762,0.47292598112270245,50.81967213114754,price_momentum_reversal
industry,10d,stock_rel_industry_ret_5d,小金属,2013,-0.01948004309856729,-0.01282593375616629,0.22797775570541842,-1.3564310098979762,0.47292598112270245,50.81967213114754,relative_strength
industry,10d,industry_ret_5d,小金属,856,2.1771054209539108e-17,7.604467271677666e-17,2.0450160286215643e-16,1.6899856356716767,0.6051401869158879,51.09929906542056,industry_strength
industry,10d,industry_breadth_20d,小金属,856,2.1771054209539108e-17,7.604467271677666e-17,2.0450160286215643e-16,1.6899856356716767,0.6051401869158879,51.09929906542056,industry_breadth
industry,10d,industry_amount_share_roll20d,小金属,856,2.1771054209539108e-17,7.604467271677666e-17,2.0450160286215643e-16,1.6899856356716767,0.6051401869158879,51.09929906542056,industry_crowding
industry,10d,stock_ret_20d,小金属,1998,-0.04072086500841017,-0.03735246784667086,0.22552711842599066,-2.8662792147288663,0.44044044044044045,50.87987987987988,price_momentum
industry,10d,stock_rel_industry_ret_20d,小金属,1998,-0.04072086500841017,-0.03735246784667086,0.22552711842599066,-2.8662792147288663,0.44044044044044045,50.87987987987988,relative_strength
industry,10d,industry_ret_20d,小金属,854,2.235338824780773e-17,7.828128073785831e-17,2.0438597257380665e-16,1.7361711917489724,0.6065573770491803,51.12763466042155,industry_strength
industry,10d,industry_breadth_60d,小金属,850,2.2129336960708043e-17,7.604467271677666e-17,2.0453535454334333e-16,1.7175139938276913,0.6058823529411764,51.18705882352941,industry_breadth
industry,10d,industry_amount_share_roll60d,小金属,850,2.2129336960708043e-17,7.604467271677666e-17,2.0453535454334333e-16,1.7175139938276913,0.6058823529411764,51.18705882352941,industry_crowding
industry,10d,stock_ret_60d,小金属,1958,-0.0325744660401631,-0.025362318840579677,0.2487763178194386,-2.0785885968987445,0.4576098059244127,51.0658835546476,price_momentum
industry,10d,stock_rel_industry_ret_60d,小金属,1958,-0.0325744660401631,-0.025362318840579677,0.2487763178194386,-2.0785885968987445,0.4576098059244127,51.0658835546476,relative_strength
industry,10d,industry_ret_60d,小金属,834,2.1813015333788268e-17,7.326495161620203e-17,2.0497964427807357e-16,1.6892940014868305,0.60431654676259,51.432853717026376,industry_strength
industry,10d,industry_crowding_score,小金属,834,2.1813015333788268e-17,7.326495161620203e-17,2.0497964427807357e-16,1.6892940014868305,0.60431654676259,51.432853717026376,industry_crowding
industry,10d,industry_amount_share,互联网,1280,4.0799816408806894e-19,-1.0834667307208315e-17,2.3323982316253317e-16,0.027768714525110875,0.48203125,67.73203125,industry_crowding
industry,10d,stock_amount_share_in_industry,互联网,2020,-0.0987495475556211,-0.10507210061579622,0.21877342897785673,-7.165406131804898,0.3311881188118812,66.7490099009901,liquidity_crowding
industry,10d,turnover_rate,互联网,2020,-0.0815359466223253,-0.08003181387653549,0.1990425945891317,-6.502844422427624,0.3435643564356436,66.7490099009901,liquidity
industry,10d,log_amount,互联网,2020,-0.0987495475556211,-0.10507210061579622,0.21877342897785673,-7.165406131804898,0.3311881188118812,66.7490099009901,liquidity
industry,10d,log_total_mv,互联网,2020,-0.04625163831499965,-0.056430264704229294,0.23159600581255213,-3.1702705480121014,0.39603960396039606,66.7490099009901,size
industry,10d,stock_ret_1d,互联网,2019,-0.009658445826741044,-0.007225964482547451,0.17863711437377458,-0.8582935007160402,0.4794452699356117,66.75631500742942,price_momentum_reversal
industry,10d,stock_rel_industry_ret_1d,互联网,2019,-0.009658445826741044,-0.007225964482547451,0.17863711437377458,-0.8582935007160402,0.4794452699356117,66.75631500742942,relative_strength
industry,10d,stock_ret_5d,互联网,2015,-0.02957392525688796,-0.02907838430226488,0.18078362364204006,-2.5968696703413827,0.43870967741935485,66.77518610421836,price_momentum_reversal
industry,10d,stock_rel_industry_ret_5d,互联网,2015,-0.02957392525688796,-0.02907838430226488,0.18078362364204006,-2.5968696703413827,0.43870967741935485,66.77518610421836,relative_strength
industry,10d,industry_ret_5d,互联网,1275,-1.0912835110082428e-19,-1.0835575760428142e-17,2.330302171352899e-16,-0.007434052498823295,0.4807843137254902,67.79058823529412,industry_strength
industry,10d,industry_breadth_20d,互联网,1272,-8.762976200639302e-20,-1.1621700333166475e-17,2.3312638729699534e-16,-0.005967060882421538,0.4803459119496855,67.82625786163523,industry_breadth
industry,10d,industry_amount_share_roll20d,互联网,1272,-8.762976200639302e-20,-1.1621700333166475e-17,2.3312638729699534e-16,-0.005967060882421538,0.4803459119496855,67.82625786163523,industry_crowding
industry,10d,stock_ret_20d,互联网,2000,-0.06478708327541835,-0.061197451570993815,0.1959537661058695,-5.248498579712306,0.3705,66.8405,price_momentum
industry,10d,stock_rel_industry_ret_20d,互联网,2000,-0.06478708327541835,-0.061197451570993815,0.1959537661058695,-5.248498579712306,0.3705,66.8405,relative_strength
industry,10d,industry_ret_20d,互联网,1265,-2.9632518383666727e-19,-1.2407824905904808e-17,2.329437177623922e-16,-0.020193789757498897,0.4798418972332016,67.90276679841897,industry_strength
industry,10d,industry_breadth_60d,互联网,1261,-6.996200551398516e-19,-1.3543334134010395e-17,2.331951071129728e-16,-0.04762588806556577,0.4781919111816019,67.95083267248215,industry_breadth
industry,10d,industry_amount_share_roll60d,互联网,1261,-6.996200551398516e-19,-1.3543334134010395e-17,2.331951071129728e-16,-0.04762588806556577,0.4781919111816019,67.95083267248215,industry_crowding
industry,10d,stock_ret_60d,互联网,1960,-0.05872609397899235,-0.05717078085945888,0.20610821128340953,-4.523098982940756,0.3948979591836735,67.02908163265306,price_momentum
industry,10d,stock_rel_industry_ret_60d,互联网,1960,-0.05872609397899235,-0.05717078085945888,0.20610821128340953,-4.523098982940756,0.3948979591836735,67.02908163265306,relative_strength
industry,10d,industry_ret_60d,互联网,1249,-2.070890022575219e-18,-1.8960667787614548e-17,2.332129332469026e-16,-0.14096285097100383,0.4739791833466773,68.09287429943956,industry_strength
industry,10d,industry_crowding_score,互联网,1249,-2.070890022575219e-18,-1.8960667787614548e-17,2.332129332469026e-16,-0.14096285097100383,0.4739791833466773,68.09287429943956,industry_crowding
industry,10d,industry_amount_share,塑料,1043,3.3254214197625855e-17,8.037237415299724e-17,2.225515751460147e-16,2.372008755832889,0.585810162991371,61.54650047938639,industry_crowding
industry,10d,stock_amount_share_in_industry,塑料,2019,-0.09592547923202518,-0.09750677980929051,0.22509440183518792,-6.7650273051692205,0.3333333333333333,55.867756315007426,liquidity_crowding
industry,10d,turnover_rate,塑料,2019,-0.0846008059785631,-0.08481036782923575,0.20595609800347967,-6.520788522545888,0.3462109955423477,55.751362060425954,liquidity
industry,10d,log_amount,塑料,2019,-0.09592547923202518,-0.09750677980929051,0.22509440183518792,-6.7650273051692205,0.3333333333333333,55.867756315007426,liquidity
industry,10d,log_total_mv,塑料,2019,-0.04777702083558784,-0.044773519163763084,0.24471919438352133,-3.0992121194158835,0.4403169886082219,55.751362060425954,size
industry,10d,stock_ret_1d,塑料,2018,-0.008591748123352153,-0.007990970935837938,0.18635397997249387,-0.7318854858388617,0.479187314172448,55.87809712586719,price_momentum_reversal
industry,10d,stock_rel_industry_ret_1d,塑料,2018,-0.008591748123352153,-0.007990970935837938,0.18635397997249387,-0.7318854858388617,0.479187314172448,55.87809712586719,relative_strength
industry,10d,stock_ret_5d,塑料,2014,-0.03269250051229682,-0.030837133086653975,0.19354066506613557,-2.68148999269478,0.4399205561072492,55.91708043694141,price_momentum_reversal
industry,10d,stock_rel_industry_ret_5d,塑料,2014,-0.03269250051229682,-0.030837133086653975,0.19354066506613557,-2.68148999269478,0.4399205561072492,55.91708043694141,relative_strength
industry,10d,industry_ret_5d,塑料,1039,3.280934439074918e-17,8.037157228557876e-17,2.2285809351427804e-16,2.337057575109325,0.5842155919153031,61.64485081809432,industry_strength
industry,10d,industry_breadth_20d,塑料,1037,3.298291342541082e-17,8.037157228557876e-17,2.2288632193051794e-16,2.3491235984919943,0.5843780135004821,61.6923818707811,industry_breadth
industry,10d,industry_amount_share_roll20d,塑料,1037,3.298291342541082e-17,8.037157228557876e-17,2.2288632193051794e-16,2.3491235984919943,0.5843780135004821,61.6923818707811,industry_crowding
industry,10d,stock_ret_20d,塑料,1999,-0.03998555593206855,-0.0382715926229501,0.2094748733032929,-3.0302012464591055,0.43121560780390195,56.06503251625813,price_momentum
industry,10d,stock_rel_industry_ret_20d,塑料,1999,-0.03998555593206855,-0.0382715926229501,0.2094748733032929,-3.0302012464591055,0.43121560780390195,56.06503251625813,relative_strength
industry,10d,industry_ret_20d,塑料,1028,3.18494481558035e-17,8.037157228557876e-17,2.235177537051572e-16,2.261987278005378,0.580739299610895,61.9260700389105,industry_strength
industry,10d,industry_breadth_60d,塑料,1024,3.1313645190598564e-17,8.037157228557876e-17,2.237865469121039e-16,2.221262688765048,0.5791015625,62.03125,industry_breadth
industry,10d,industry_amount_share_roll60d,塑料,1024,3.1313645190598564e-17,8.037157228557876e-17,2.237865469121039e-16,2.221262688765048,0.5791015625,62.03125,industry_crowding
industry,10d,stock_ret_60d,塑料,1960,-0.028913142590218537,-0.02670991001732473,0.22050403870348667,-2.0815124847105637,0.45663265306122447,56.433673469387756,price_momentum
industry,10d,stock_rel_industry_ret_60d,塑料,1960,-0.028913142590218537,-0.02670991001732473,0.22050403870348667,-2.0815124847105637,0.45663265306122447,56.433673469387756,relative_strength
industry,10d,industry_ret_60d,塑料,1014,3.1773483864354883e-17,8.037157228557876e-17,2.2370051540758123e-16,2.254748580387694,0.5798816568047337,62.27810650887574,industry_strength
industry,10d,industry_crowding_score,塑料,1014,3.1773483864354883e-17,8.037157228557876e-17,2.2370051540758123e-16,2.254748580387694,0.5798816568047337,62.27810650887574,industry_crowding
industry,10d,industry_amount_share,家居用品,889,5.437158759377716e-17,7.326495161620203e-17,1.9658627663051693e-16,4.390551618145906,0.7232845894263217,52.63667041619797,industry_crowding
industry,10d,stock_amount_share_in_industry,家居用品,2013,-0.0987624393218182,-0.10552242675654652,0.23011916415416472,-6.8130141428268844,0.33681073025335323,51.19324391455539,liquidity_crowding
industry,10d,turnover_rate,家居用品,2013,-0.0436276177184101,-0.045966228893058146,0.1911125657864245,-3.623869303479602,0.40586189766517633,51.07103825136612,liquidity
industry,10d,log_amount,家居用品,2013,-0.0987624393218182,-0.10552242675654652,0.23011916415416472,-6.8130141428268844,0.33681073025335323,51.19324391455539,liquidity
industry,10d,log_total_mv,家居用品,2013,-0.06327385417605243,-0.08523118672372403,0.2968850638522798,-3.383266516749322,0.4113263785394933,51.07103825136612,size
industry,10d,stock_ret_1d,家居用品,2012,-0.0020729331744329636,-0.0008345944294305771,0.19663171165549623,-0.16735242605061246,0.4985089463220676,51.20278330019881,price_momentum_reversal
industry,10d,stock_rel_industry_ret_1d,家居用品,2012,-0.0020729331744329636,-0.0008345944294305771,0.19663171165549623,-0.16735242605061246,0.4985089463220676,51.20278330019881,relative_strength
industry,10d,stock_ret_5d,家居用品,2008,-0.021487861897144418,-0.0061047889995258535,0.20962910898499287,-1.6272035614218439,0.4860557768924303,51.2390438247012,price_momentum_reversal
industry,10d,stock_rel_industry_ret_5d,家居用品,2008,-0.021487861897144418,-0.0061047889995258535,0.20962910898499287,-1.6272035614218439,0.4860557768924303,51.2390438247012,relative_strength
industry,10d,industry_ret_5d,家居用品,889,5.437158759377716e-17,7.326495161620203e-17,1.9658627663051693e-16,4.390551618145906,0.7232845894263217,52.63667041619797,industry_strength
industry,10d,industry_breadth_20d,家居用品,889,5.437158759377716e-17,7.326495161620203e-17,1.9658627663051693e-16,4.390551618145906,0.7232845894263217,52.63667041619797,industry_breadth
industry,10d,industry_amount_share_roll20d,家居用品,889,5.437158759377716e-17,7.326495161620203e-17,1.9658627663051693e-16,4.390551618145906,0.7232845894263217,52.63667041619797,industry_crowding
industry,10d,stock_ret_20d,家居用品,1993,-0.0410590292560941,-0.026942645698427387,0.23489311686469802,-2.77484454041088,0.4500752634219769,51.37932764676367,price_momentum
industry,10d,stock_rel_industry_ret_20d,家居用品,1993,-0.0410590292560941,-0.026942645698427387,0.23489311686469802,-2.77484454041088,0.4500752634219769,51.37932764676367,relative_strength
industry,10d,industry_ret_20d,家居用品,883,5.451612529853694e-17,7.46307456937517e-17,1.972427015437048e-16,4.387572534362371,0.7214043035107588,52.7836919592299,industry_strength
industry,10d,industry_breadth_60d,家居用品,878,5.4772154776534503e-17,7.46307456937517e-17,1.9746150555296887e-16,4.4032936922272965,0.7209567198177677,52.91002277904328,industry_breadth
industry,10d,industry_amount_share_roll60d,家居用品,878,5.4772154776534503e-17,7.46307456937517e-17,1.9746150555296887e-16,4.4032936922272965,0.7209567198177677,52.91002277904328,industry_crowding
industry,10d,stock_ret_60d,家居用品,1957,-0.020131713576668323,-0.011712749615975428,0.23922982920737149,-1.335874571308831,0.47572815533980584,51.72917731221257,price_momentum
industry,10d,stock_rel_industry_ret_60d,家居用品,1957,-0.020131713576668323,-0.011712749615975428,0.23922982920737149,-1.335874571308831,0.47572815533980584,51.72917731221257,relative_strength
industry,10d,industry_ret_60d,家居用品,855,5.390544796625695e-17,7.46307456937517e-17,1.993991224090902e-16,4.291505636749381,0.7157894736842105,53.51111111111111,industry_strength
industry,10d,industry_crowding_score,家居用品,855,5.390544796625695e-17,7.46307456937517e-17,1.993991224090902e-16,4.291505636749381,0.7157894736842105,53.51111111111111,industry_crowding
industry,10d,industry_amount_share,半导体,913,1.085535153637082e-17,2.3825249419988422e-17,1.855989406130649e-16,0.9284716970221236,0.5509309967141293,108.71303395399781,industry_crowding
industry,10d,stock_amount_share_in_industry,半导体,2019,-0.03203606377444739,-0.041879468845760964,0.2162648524119939,-2.3515459896679634,0.4323922734026746,108.90539871223378,liquidity_crowding
industry,10d,turnover_rate,半导体,2019,-0.03806977262599349,-0.04542722198368397,0.19374972348413022,-3.119172993670979,0.40614165428429916,108.90539871223378,liquidity
industry,10d,log_amount,半导体,2019,-0.03203606377444739,-0.041879468845760964,0.2162648524119939,-2.3515459896679634,0.4323922734026746,108.90539871223378,liquidity
industry,10d,log_total_mv,半导体,2019,-0.011229428302199206,-0.023575202126859797,0.23840518320007237,-0.7477255549796373,0.4616146607231303,108.90539871223378,size
industry,10d,stock_ret_1d,半导体,2018,-0.013629182060260538,-0.008437179221898666,0.17344512984723454,-1.2474063585330675,0.47026759167492566,108.93458870168483,price_momentum_reversal
industry,10d,stock_rel_industry_ret_1d,半导体,2018,-0.013629182060260538,-0.008437179221898666,0.17344512984723454,-1.2474063585330675,0.47026759167492566,108.93458870168483,relative_strength
industry,10d,stock_ret_5d,半导体,2014,-0.032544962164171236,-0.028934256049849963,0.1822864890780799,-2.83419391365384,0.4339622641509434,109.05213505461768,price_momentum_reversal
industry,10d,stock_rel_industry_ret_5d,半导体,2014,-0.032544962164171236,-0.028934256049849963,0.1822864890780799,-2.83419391365384,0.4339622641509434,109.05213505461768,relative_strength
industry,10d,industry_ret_5d,半导体,913,1.085535153637082e-17,2.3825249419988422e-17,1.855989406130649e-16,0.9284716970221236,0.5509309967141293,108.71303395399781,industry_strength
industry,10d,industry_breadth_20d,半导体,913,1.085535153637082e-17,2.3825249419988422e-17,1.855989406130649e-16,0.9284716970221236,0.5509309967141293,108.71303395399781,industry_breadth
industry,10d,industry_amount_share_roll20d,半导体,913,1.085535153637082e-17,2.3825249419988422e-17,1.855989406130649e-16,0.9284716970221236,0.5509309967141293,108.71303395399781,industry_crowding
industry,10d,stock_ret_20d,半导体,1999,-0.0633143614354763,-0.05426836585307318,0.1863448863939444,-5.393678077851642,0.3696848424212106,109.49574787393696,price_momentum
industry,10d,stock_rel_industry_ret_20d,半导体,1999,-0.0633143614354763,-0.05426836585307318,0.1863448863939444,-5.393678077851642,0.3696848424212106,109.49574787393696,relative_strength
industry,10d,industry_ret_20d,半导体,913,1.085535153637082e-17,2.3825249419988422e-17,1.855989406130649e-16,0.9284716970221236,0.5509309967141293,108.71303395399781,industry_strength
industry,10d,industry_breadth_60d,半导体,913,1.085535153637082e-17,2.3825249419988422e-17,1.855989406130649e-16,0.9284716970221236,0.5509309967141293,108.71303395399781,industry_breadth
industry,10d,industry_amount_share_roll60d,半导体,913,1.085535153637082e-17,2.3825249419988422e-17,1.855989406130649e-16,0.9284716970221236,0.5509309967141293,108.71303395399781,industry_crowding
industry,10d,stock_ret_60d,半导体,1959,-0.030940781541314057,-0.02289528579658943,0.20448859886081514,-2.4019416373627873,0.4507401735579377,110.73660030627872,price_momentum
industry,10d,stock_rel_industry_ret_60d,半导体,1959,-0.030940781541314057,-0.02289528579658943,0.20448859886081514,-2.4019416373627873,0.4507401735579377,110.73660030627872,relative_strength
industry,10d,industry_ret_60d,半导体,909,1.0448789472667571e-17,2.302195514844708e-17,1.8568142124965202e-16,0.8933009536537009,0.5500550055005501,109.00660066006601,industry_strength
industry,10d,industry_crowding_score,半导体,909,1.0448789472667571e-17,2.302195514844708e-17,1.8568142124965202e-16,0.8933009536537009,0.5500550055005501,109.00660066006601,industry_crowding
industry,10d,industry_amount_share,电器仪表,1155,1.3516811064743045e-17,1.538447073383675e-17,2.2393225940570765e-16,0.9582037181475809,0.5246753246753246,75.52813852813853,industry_crowding
industry,10d,stock_amount_share_in_industry,电器仪表,2019,-0.08487456820217149,-0.09279584462511288,0.19918507882688977,-6.764271744233322,0.3229321446260525,69.9831599801882,liquidity_crowding
industry,10d,turnover_rate,电器仪表,2019,-0.08288477994911447,-0.08165906170603006,0.19476763811629286,-6.755511870613744,0.3363051015354136,69.72313026250619,liquidity
industry,10d,log_amount,电器仪表,2019,-0.08487456820217149,-0.09279584462511288,0.19918507882688977,-6.764271744233322,0.3229321446260525,69.9831599801882,liquidity
industry,10d,log_total_mv,电器仪表,2019,-0.03964055136258114,-0.05469738030713639,0.22107574726328036,-2.846419167290329,0.4096087171867261,69.72313026250619,size
industry,10d,stock_ret_1d,电器仪表,2018,-0.012464676867644815,-0.013579357935793599,0.17788134217014626,-1.1123741735552015,0.4692765113974232,69.99653121902874,price_momentum_reversal
industry,10d,stock_rel_industry_ret_1d,电器仪表,2018,-0.012464676867644815,-0.013579357935793599,0.17788134217014626,-1.1123741735552015,0.4692765113974232,69.99653121902874,relative_strength
industry,10d,stock_ret_5d,电器仪表,2014,-0.03969311938957265,-0.03833057280460105,0.18207514160384347,-3.460707103895669,0.41658391261171795,70.0506454816286,price_momentum_reversal
industry,10d,stock_rel_industry_ret_5d,电器仪表,2014,-0.03969311938957265,-0.03833057280460105,0.18207514160384347,-3.460707103895669,0.41658391261171795,70.0506454816286,relative_strength
industry,10d,industry_ret_5d,电器仪表,1151,1.3295622351215868e-17,1.4936336478672817e-17,2.2363862689040505e-16,0.943761212173449,0.523892267593397,75.64118158123371,industry_strength
industry,10d,industry_breadth_20d,电器仪表,1149,1.3190291729206334e-17,1.2407824905904808e-17,2.2381905429893476e-16,0.9355297763682361,0.5230635335073978,75.69799825935596,industry_breadth
industry,10d,industry_amount_share_roll20d,电器仪表,1149,1.3190291729206334e-17,1.2407824905904808e-17,2.2381905429893476e-16,0.9355297763682361,0.5230635335073978,75.69799825935596,industry_crowding
industry,10d,stock_ret_20d,电器仪表,1999,-0.07083498318279007,-0.07127755964965268,0.1951948466081568,-5.760759145490887,0.3476738369184592,70.26613306653327,price_momentum
industry,10d,stock_ret_60d,电器仪表,1959,-0.057610357109310256,-0.05495361781076064,0.2007516423362142,-4.555559578364482,0.3884635017866258,70.85502807554874,price_momentum
industry,10d,stock_rel_industry_ret_20d,电器仪表,1999,-0.07083498318279007,-0.07127755964965268,0.1951948466081568,-5.760759145490887,0.3476738369184592,70.26613306653327,relative_strength
industry,10d,stock_rel_industry_ret_60d,电器仪表,1959,-0.057610357109310256,-0.05495361781076064,0.2007516423362142,-4.555559578364482,0.3884635017866258,70.85502807554874,relative_strength
industry,10d,industry_ret_20d,电器仪表,1147,1.3637574825854705e-17,1.4936336478672817e-17,2.237558480365395e-16,0.967526841202945,0.5239755884917175,75.76198779424585,industry_strength
industry,10d,industry_ret_60d,电器仪表,1142,1.3276521038611092e-17,1.1973088978141186e-17,2.239457344614267e-16,0.941112980662703,0.5227670753064798,75.92644483362523,industry_strength
industry,10d,industry_breadth_60d,电器仪表,1146,1.3519978101445787e-17,1.3672080692288812e-17,2.2381807385466627e-16,0.9589171912191127,0.5235602094240838,75.7975567190227,industry_breadth
industry,10d,industry_amount_share_roll60d,电器仪表,1146,1.3519978101445787e-17,1.3672080692288812e-17,2.2381807385466627e-16,0.9589171912191127,0.5235602094240838,75.7975567190227,industry_crowding
industry,10d,industry_crowding_score,电器仪表,1142,1.3276521038611092e-17,1.1973088978141186e-17,2.239457344614267e-16,0.941112980662703,0.5227670753064798,75.92644483362523,industry_crowding
industry,10d,stock_ret_60d,农业综合,1808,-0.011513710227932466,-0.011482281257177311,0.26521145269852087,-0.689165123620772,0.49004424778761063,37.18141592920354,price_momentum
industry,10d,stock_rel_industry_ret_60d,农业综合,1808,-0.011513710227932466,-0.011482281257177311,0.26521145269852087,-0.689165123620772,0.49004424778761063,37.18141592920354,relative_strength
industry,10d,stock_ret_20d,生物制药,1761,-0.03992379212712169,-0.038482570061517424,0.20920802008172842,-3.029379810250237,0.4287336740488359,57.204997160704146,price_momentum
industry,10d,stock_ret_60d,生物制药,1761,-0.04210018693756853,-0.03452425027767491,0.22108290723033003,-3.022937218844081,0.4463373083475298,57.19647927314026,price_momentum
industry,10d,stock_rel_industry_ret_20d,生物制药,1761,-0.03992379212712169,-0.038482570061517424,0.20920802008172842,-3.029379810250237,0.4287336740488359,57.204997160704146,relative_strength
industry,10d,stock_rel_industry_ret_60d,生物制药,1761,-0.04210018693756853,-0.03452425027767491,0.22108290723033003,-3.022937218844081,0.4463373083475298,57.19647927314026,relative_strength
industry,10d,industry_ret_20d,生物制药,1141,5.534970576684772e-18,3.1031676915590914e-17,2.0855802832015553e-16,0.421297298730334,0.551270815074496,58.09991235758107,industry_strength
industry,10d,industry_ret_60d,生物制药,1141,5.534970576684772e-18,3.1031676915590914e-17,2.0855802832015553e-16,0.421297298730334,0.551270815074496,58.09991235758107,industry_strength
industry,10d,industry_breadth_20d,生物制药,1141,5.534970576684772e-18,3.1031676915590914e-17,2.0855802832015553e-16,0.421297298730334,0.551270815074496,58.09991235758107,industry_breadth
industry,10d,industry_breadth_60d,生物制药,1141,5.534970576684772e-18,3.1031676915590914e-17,2.0855802832015553e-16,0.421297298730334,0.551270815074496,58.09991235758107,industry_breadth
industry,10d,industry_amount_share_roll20d,生物制药,1141,5.534970576684772e-18,3.1031676915590914e-17,2.0855802832015553e-16,0.421297298730334,0.551270815074496,58.09991235758107,industry_crowding
industry,10d,industry_amount_share_roll60d,生物制药,1141,5.534970576684772e-18,3.1031676915590914e-17,2.0855802832015553e-16,0.421297298730334,0.551270815074496,58.09991235758107,industry_crowding
industry,10d,industry_crowding_score,生物制药,1141,5.534970576684772e-18,3.1031676915590914e-17,2.0855802832015553e-16,0.421297298730334,0.551270815074496,58.09991235758107,industry_crowding
industry,10d,stock_ret_1d,仓储物流,1883,-0.004859895717627822,-0.0013755158826920006,0.21689379177933862,-0.35569691583332447,0.4960169941582581,37.696229421136486,price_momentum_reversal
industry,10d,stock_ret_5d,仓储物流,1883,-0.021115630402244196,-0.018728288991739842,0.21901166265405983,-1.5305132012701235,0.4646840148698885,37.696229421136486,price_momentum_reversal
industry,10d,stock_ret_20d,仓储物流,1883,-0.042372406101423066,-0.04475806451612898,0.2308871520298147,-2.9132894059343295,0.43281996813595325,37.696229421136486,price_momentum
industry,10d,stock_rel_industry_ret_1d,仓储物流,1883,-0.004859895717627822,-0.0013755158826920006,0.21689379177933862,-0.35569691583332447,0.4960169941582581,37.696229421136486,relative_strength
industry,10d,stock_rel_industry_ret_5d,仓储物流,1883,-0.021115630402244196,-0.018728288991739842,0.21901166265405983,-1.5305132012701235,0.4646840148698885,37.696229421136486,relative_strength
industry,10d,stock_rel_industry_ret_20d,仓储物流,1883,-0.042372406101423066,-0.04475806451612898,0.2308871520298147,-2.9132894059343295,0.43281996813595325,37.696229421136486,relative_strength
industry,10d,industry_ret_5d,仓储物流,685,3.9370827613442486e-17,8.051788875893999e-17,2.116020502740713e-16,2.9536221971681162,0.6554744525547446,38.76642335766423,industry_strength
industry,10d,industry_ret_20d,仓储物流,685,3.9370827613442486e-17,8.051788875893999e-17,2.116020502740713e-16,2.9536221971681162,0.6554744525547446,38.76642335766423,industry_strength
industry,10d,industry_ret_60d,仓储物流,685,3.9370827613442486e-17,8.051788875893999e-17,2.116020502740713e-16,2.9536221971681162,0.6554744525547446,38.76642335766423,industry_strength
industry,10d,industry_breadth_20d,仓储物流,685,3.9370827613442486e-17,8.051788875893999e-17,2.116020502740713e-16,2.9536221971681162,0.6554744525547446,38.76642335766423,industry_breadth
industry,10d,industry_breadth_60d,仓储物流,685,3.9370827613442486e-17,8.051788875893999e-17,2.116020502740713e-16,2.9536221971681162,0.6554744525547446,38.76642335766423,industry_breadth
industry,10d,industry_amount_share,仓储物流,685,3.9370827613442486e-17,8.051788875893999e-17,2.116020502740713e-16,2.9536221971681162,0.6554744525547446,38.76642335766423,industry_crowding
industry,10d,industry_amount_share_roll20d,仓储物流,685,3.9370827613442486e-17,8.051788875893999e-17,2.116020502740713e-16,2.9536221971681162,0.6554744525547446,38.76642335766423,industry_crowding
industry,10d,industry_amount_share_roll60d,仓储物流,685,3.9370827613442486e-17,8.051788875893999e-17,2.116020502740713e-16,2.9536221971681162,0.6554744525547446,38.76642335766423,industry_crowding
industry,10d,industry_crowding_score,仓储物流,685,3.9370827613442486e-17,8.051788875893999e-17,2.116020502740713e-16,2.9536221971681162,0.6554744525547446,38.76642335766423,industry_crowding
industry,10d,stock_amount_share_in_industry,仓储物流,1883,-0.09819940815741122,-0.10506566604127582,0.2334764667458534,-6.676764039633607,0.32342007434944237,37.696229421136486,liquidity_crowding
industry,10d,turnover_rate,仓储物流,1883,-0.06296562723149057,-0.061726078799249566,0.2509917053909164,-3.9823959251623036,0.3983005841741901,37.696229421136486,liquidity
industry,10d,log_amount,仓储物流,1883,-0.09819940815741122,-0.10506566604127582,0.2334764667458534,-6.676764039633607,0.32342007434944237,37.696229421136486,liquidity
industry,10d,log_total_mv,仓储物流,1883,-0.03200451572732519,-0.04655425219941349,0.2887613931476601,-1.7594316578655298,0.43866171003717475,37.696229421136486,size
industry,10d,stock_ret_60d,仓储物流,1864,-0.04115132470027527,-0.03290625993405348,0.2286937880786869,-2.8564703622033716,0.4388412017167382,37.7612660944206,price_momentum
industry,10d,stock_rel_industry_ret_60d,仓储物流,1864,-0.04115132470027527,-0.03290625993405348,0.2286937880786869,-2.8564703622033716,0.4388412017167382,37.7612660944206,relative_strength
industry,10d,stock_ret_1d,文教休闲,1890,-0.004943622445861028,-0.008362273614886843,0.2016916866562821,-0.38909671839380483,0.4857142857142857,41.334391534391536,price_momentum_reversal
industry,10d,stock_ret_5d,文教休闲,1890,-0.03364892450091986,-0.02594796903962432,0.20198873259603847,-2.644504521713154,0.4470899470899471,41.334391534391536,price_momentum_reversal
industry,10d,stock_rel_industry_ret_1d,文教休闲,1890,-0.004943622445861028,-0.008362273614886843,0.2016916866562821,-0.38909671839380483,0.4857142857142857,41.334391534391536,relative_strength
industry,10d,stock_rel_industry_ret_5d,文教休闲,1890,-0.03364892450091986,-0.02594796903962432,0.20198873259603847,-2.644504521713154,0.4470899470899471,41.334391534391536,relative_strength
industry,10d,industry_ret_5d,文教休闲,495,5.100458301511846e-17,1.0559472281917566e-16,1.8365738457229016e-16,4.408603858651901,0.7818181818181819,42.20808080808081,industry_strength
industry,10d,industry_ret_20d,文教休闲,495,5.100458301511846e-17,1.0559472281917566e-16,1.8365738457229016e-16,4.408603858651901,0.7818181818181819,42.20808080808081,industry_strength
industry,10d,industry_ret_60d,文教休闲,495,5.100458301511846e-17,1.0559472281917566e-16,1.8365738457229016e-16,4.408603858651901,0.7818181818181819,42.20808080808081,industry_strength
industry,10d,industry_breadth_20d,文教休闲,495,5.100458301511846e-17,1.0559472281917566e-16,1.8365738457229016e-16,4.408603858651901,0.7818181818181819,42.20808080808081,industry_breadth
industry,10d,industry_breadth_60d,文教休闲,495,5.100458301511846e-17,1.0559472281917566e-16,1.8365738457229016e-16,4.408603858651901,0.7818181818181819,42.20808080808081,industry_breadth
industry,10d,industry_amount_share,文教休闲,495,5.100458301511846e-17,1.0559472281917566e-16,1.8365738457229016e-16,4.408603858651901,0.7818181818181819,42.20808080808081,industry_crowding
industry,10d,industry_amount_share_roll20d,文教休闲,495,5.100458301511846e-17,1.0559472281917566e-16,1.8365738457229016e-16,4.408603858651901,0.7818181818181819,42.20808080808081,industry_crowding
industry,10d,industry_amount_share_roll60d,文教休闲,495,5.100458301511846e-17,1.0559472281917566e-16,1.8365738457229016e-16,4.408603858651901,0.7818181818181819,42.20808080808081,industry_crowding
industry,10d,industry_crowding_score,文教休闲,495,5.100458301511846e-17,1.0559472281917566e-16,1.8365738457229016e-16,4.408603858651901,0.7818181818181819,42.20808080808081,industry_crowding
industry,10d,stock_amount_share_in_industry,文教休闲,1890,-0.11379819608387112,-0.11689955565377763,0.22516829260324644,-8.022845215144109,0.3074074074074074,41.334391534391536,liquidity_crowding
industry,10d,turnover_rate,文教休闲,1890,-0.07597433978738224,-0.07648561737368398,0.2435154328351814,-4.95268509497176,0.37936507936507935,41.334391534391536,liquidity
industry,10d,log_amount,文教休闲,1890,-0.11379819608387112,-0.11689955565377763,0.22516829260324644,-8.022845215144109,0.3074074074074074,41.334391534391536,liquidity
industry,10d,log_total_mv,文教休闲,1890,-0.07013732212213893,-0.07464894065086812,0.22318479348317255,-4.988670842573323,0.36243386243386244,41.334391534391536,size
industry,10d,stock_ret_20d,文教休闲,1888,-0.0695326355993927,-0.06174037943623198,0.21551228909720077,-5.121732850674615,0.3802966101694915,41.3458686440678,price_momentum
industry,10d,stock_rel_industry_ret_20d,文教休闲,1888,-0.0695326355993927,-0.06174037943623198,0.21551228909720077,-5.121732850674615,0.3802966101694915,41.3458686440678,relative_strength
industry,10d,stock_ret_60d,文教休闲,1856,-0.05215397927418053,-0.048969772269753534,0.22425649714789844,-3.691838429570112,0.41487068965517243,41.50915948275862,price_momentum
industry,10d,stock_rel_industry_ret_60d,文教休闲,1856,-0.05215397927418053,-0.048969772269753534,0.22425649714789844,-3.691838429570112,0.41487068965517243,41.50915948275862,relative_strength
industry,10d,stock_ret_60d,火力发电,795,-0.004675479663057821,0.012235817575083399,0.29656258575466443,-0.25027074302537505,0.5132075471698113,30.362264150943396,price_momentum
industry,10d,stock_rel_industry_ret_60d,火力发电,795,-0.004675479663057821,0.012235817575083399,0.29656258575466443,-0.25027074302537505,0.5132075471698113,30.362264150943396,relative_strength
industry,10d,stock_ret_1d,影视音像,1608,-0.002321658991755534,0.004188588925306206,0.24099550971167674,-0.15292896523999794,0.5080845771144279,31.617537313432837,price_momentum_reversal
industry,10d,stock_rel_industry_ret_1d,影视音像,1608,-0.002321658991755534,0.004188588925306206,0.24099550971167674,-0.15292896523999794,0.5080845771144279,31.617537313432837,relative_strength
industry,10d,industry_ret_5d,影视音像,806,4.920386210369561e-17,4.3446537748258314e-17,1.7080783404827546e-16,4.5728997172401655,0.8039702233250621,30.60049627791563,industry_strength
industry,10d,industry_ret_20d,影视音像,806,4.920386210369561e-17,4.3446537748258314e-17,1.7080783404827546e-16,4.5728997172401655,0.8039702233250621,30.60049627791563,industry_strength
industry,10d,industry_ret_60d,影视音像,806,4.920386210369561e-17,4.3446537748258314e-17,1.7080783404827546e-16,4.5728997172401655,0.8039702233250621,30.60049627791563,industry_strength
industry,10d,industry_breadth_20d,影视音像,806,4.920386210369561e-17,4.3446537748258314e-17,1.7080783404827546e-16,4.5728997172401655,0.8039702233250621,30.60049627791563,industry_breadth
industry,10d,industry_breadth_60d,影视音像,806,4.920386210369561e-17,4.3446537748258314e-17,1.7080783404827546e-16,4.5728997172401655,0.8039702233250621,30.60049627791563,industry_breadth
industry,10d,industry_amount_share,影视音像,806,4.920386210369561e-17,4.3446537748258314e-17,1.7080783404827546e-16,4.5728997172401655,0.8039702233250621,30.60049627791563,industry_crowding
industry,10d,industry_amount_share_roll20d,影视音像,806,4.920386210369561e-17,4.3446537748258314e-17,1.7080783404827546e-16,4.5728997172401655,0.8039702233250621,30.60049627791563,industry_crowding
industry,10d,industry_amount_share_roll60d,影视音像,806,4.920386210369561e-17,4.3446537748258314e-17,1.7080783404827546e-16,4.5728997172401655,0.8039702233250621,30.60049627791563,industry_crowding
industry,10d,industry_crowding_score,影视音像,806,4.920386210369561e-17,4.3446537748258314e-17,1.7080783404827546e-16,4.5728997172401655,0.8039702233250621,30.60049627791563,industry_crowding
industry,10d,stock_amount_share_in_industry,影视音像,1608,-0.10584579439584943,-0.10352895076525906,0.23307062631961648,-7.2091877140141,0.3240049751243781,31.617537313432837,liquidity_crowding
industry,10d,turnover_rate,影视音像,1580,-0.08974363898731547,-0.09657258064516128,0.2801323038674766,-5.085583074118942,0.370253164556962,31.52151898734177,liquidity
industry,10d,log_amount,影视音像,1608,-0.10584579439584943,-0.10352895076525906,0.23307062631961648,-7.2091877140141,0.3240049751243781,31.617537313432837,liquidity
industry,10d,log_total_mv,影视音像,1580,-0.02602373060717557,-0.035087114024495485,0.2423352697344543,-1.7047205579651699,0.4417721518987342,31.52151898734177,size
industry,10d,stock_ret_5d,影视音像,1607,-0.03867219834681639,-0.040729912496534564,0.24854229287471483,-2.470010676116567,0.4399502177971375,31.618543870566274,price_momentum_reversal
industry,10d,stock_rel_industry_ret_5d,影视音像,1607,-0.03867219834681639,-0.040729912496534564,0.24854229287471483,-2.470010676116567,0.4399502177971375,31.618543870566274,relative_strength
industry,10d,stock_ret_20d,影视音像,1598,-0.059232079997456034,-0.060242441096167464,0.2514691166282768,-3.739147504351558,0.4148936170212766,31.627659574468087,price_momentum
industry,10d,stock_rel_industry_ret_20d,影视音像,1598,-0.059232079997456034,-0.060242441096167464,0.2514691166282768,-3.739147504351558,0.4148936170212766,31.627659574468087,relative_strength
industry,10d,stock_ret_60d,影视音像,1566,-0.07285399695635264,-0.0811950146627566,0.25750296593651045,-4.4912933083129785,0.3876117496807152,31.660919540229884,price_momentum
industry,10d,stock_rel_industry_ret_60d,影视音像,1566,-0.07285399695635264,-0.0811950146627566,0.25750296593651045,-4.4912933083129785,0.3876117496807152,31.660919540229884,relative_strength
industry,10d,stock_ret_1d,供气供热,1494,-0.005312298484666655,-0.005158139707283998,0.23839320743482725,-0.3537438209370706,0.4939759036144578,37.22021419009371,price_momentum_reversal
industry,10d,stock_ret_5d,供气供热,1494,-0.030510615000464054,-0.024585602618245852,0.2564794879305675,-1.888420012614444,0.4457831325301205,37.22021419009371,price_momentum_reversal
industry,10d,stock_rel_industry_ret_1d,供气供热,1494,-0.005312298484666655,-0.005158139707283998,0.23839320743482725,-0.3537438209370706,0.4939759036144578,37.22021419009371,relative_strength
industry,10d,stock_rel_industry_ret_5d,供气供热,1494,-0.030510615000464054,-0.024585602618245852,0.2564794879305675,-1.888420012614444,0.4457831325301205,37.22021419009371,relative_strength
industry,10d,industry_ret_5d,供气供热,730,8.41369527533082e-17,1.4654620953932725e-16,2.1369948819314382e-16,6.2500510863606245,0.7753424657534247,34.705479452054796,industry_strength
industry,10d,industry_ret_20d,供气供热,730,8.41369527533082e-17,1.4654620953932725e-16,2.1369948819314382e-16,6.2500510863606245,0.7753424657534247,34.705479452054796,industry_strength
industry,10d,industry_ret_60d,供气供热,730,8.41369527533082e-17,1.4654620953932725e-16,2.1369948819314382e-16,6.2500510863606245,0.7753424657534247,34.705479452054796,industry_strength
industry,10d,industry_breadth_20d,供气供热,730,8.41369527533082e-17,1.4654620953932725e-16,2.1369948819314382e-16,6.2500510863606245,0.7753424657534247,34.705479452054796,industry_breadth
industry,10d,industry_breadth_60d,供气供热,730,8.41369527533082e-17,1.4654620953932725e-16,2.1369948819314382e-16,6.2500510863606245,0.7753424657534247,34.705479452054796,industry_breadth
industry,10d,industry_amount_share,供气供热,730,8.41369527533082e-17,1.4654620953932725e-16,2.1369948819314382e-16,6.2500510863606245,0.7753424657534247,34.705479452054796,industry_crowding
industry,10d,industry_amount_share_roll20d,供气供热,730,8.41369527533082e-17,1.4654620953932725e-16,2.1369948819314382e-16,6.2500510863606245,0.7753424657534247,34.705479452054796,industry_crowding
industry,10d,industry_amount_share_roll60d,供气供热,730,8.41369527533082e-17,1.4654620953932725e-16,2.1369948819314382e-16,6.2500510863606245,0.7753424657534247,34.705479452054796,industry_crowding
industry,10d,industry_crowding_score,供气供热,730,8.41369527533082e-17,1.4654620953932725e-16,2.1369948819314382e-16,6.2500510863606245,0.7753424657534247,34.705479452054796,industry_crowding
industry,10d,stock_amount_share_in_industry,供气供热,1494,-0.12488870801875955,-0.13074510988327678,0.2398276331513933,-8.266548569969315,0.30053547523427043,37.22021419009371,liquidity_crowding
industry,10d,turnover_rate,供气供热,1428,-0.08063295571371745,-0.08740460751977615,0.2908348990276187,-4.401151629488358,0.38235294117647056,37.46708683473389,liquidity
industry,10d,log_amount,供气供热,1494,-0.12488870801875955,-0.13074510988327678,0.2398276331513933,-8.266548569969315,0.30053547523427043,37.22021419009371,liquidity
industry,10d,log_total_mv,供气供热,1428,-0.042677713291176304,-0.054116482294805895,0.2718222750464395,-2.492392116299023,0.43137254901960786,37.46708683473389,size
industry,10d,stock_ret_20d,供气供热,1484,-0.05053242761991834,-0.0440939640959125,0.2609448432387177,-3.0741263548412205,0.42924528301886794,37.2688679245283,price_momentum
industry,10d,stock_rel_industry_ret_20d,供气供热,1484,-0.05053242761991834,-0.0440939640959125,0.2609448432387177,-3.0741263548412205,0.42924528301886794,37.2688679245283,relative_strength
industry,10d,stock_ret_60d,供气供热,1448,-0.03430112310261558,-0.0310310599784284,0.2610913170189351,-2.085528751915211,0.4488950276243094,37.449585635359114,price_momentum
industry,10d,stock_rel_industry_ret_60d,供气供热,1448,-0.03430112310261558,-0.0310310599784284,0.2610913170189351,-2.085528751915211,0.4488950276243094,37.449585635359114,relative_strength
industry,10d,stock_ret_1d,银行,1687,0.004300811172860104,0.008025292488001346,0.2628971168148622,0.25969573809930613,0.5157083580320095,39.40130409010077,price_momentum_reversal
industry,10d,stock_ret_5d,银行,1687,0.00019019285722215431,0.011921178196273894,0.2707522805844334,0.01115121912024773,0.5133372851215174,39.40130409010077,price_momentum_reversal
industry,10d,stock_ret_20d,银行,1687,-0.0006571023295523902,0.010534419197496502,0.28995680162439413,-0.03597493157968198,0.5127445168938944,39.40130409010077,price_momentum
industry,10d,stock_ret_60d,银行,1687,-0.004421299175338823,-0.0034843205574912896,0.3067214915910315,-0.22882631462992384,0.4955542382928275,39.40130409010077,price_momentum
industry,10d,stock_rel_industry_ret_1d,银行,1687,0.004300811172860104,0.008025292488001346,0.2628971168148622,0.25969573809930613,0.5157083580320095,39.40130409010077,relative_strength
industry,10d,stock_rel_industry_ret_5d,银行,1687,0.00019019285722215431,0.011921178196273894,0.2707522805844334,0.01115121912024773,0.5133372851215174,39.40130409010077,relative_strength
industry,10d,stock_rel_industry_ret_20d,银行,1687,-0.0006571023295523902,0.010534419197496502,0.28995680162439413,-0.03597493157968198,0.5127445168938944,39.40130409010077,relative_strength
industry,10d,stock_rel_industry_ret_60d,银行,1687,-0.004421299175338823,-0.0034843205574912896,0.3067214915910315,-0.22882631462992384,0.4955542382928275,39.40130409010077,relative_strength
industry,10d,industry_ret_5d,银行,172,8.657039590709763e-17,1.4468432101958234e-16,2.2403315007826046e-16,6.134192329766558,0.7616279069767442,34.9593023255814,industry_strength
industry,10d,industry_ret_20d,银行,172,8.657039590709763e-17,1.4468432101958234e-16,2.2403315007826046e-16,6.134192329766558,0.7616279069767442,34.9593023255814,industry_strength
industry,10d,industry_ret_60d,银行,172,8.657039590709763e-17,1.4468432101958234e-16,2.2403315007826046e-16,6.134192329766558,0.7616279069767442,34.9593023255814,industry_strength
industry,10d,industry_breadth_20d,银行,172,8.657039590709763e-17,1.4468432101958234e-16,2.2403315007826046e-16,6.134192329766558,0.7616279069767442,34.9593023255814,industry_breadth
industry,10d,industry_breadth_60d,银行,172,8.657039590709763e-17,1.4468432101958234e-16,2.2403315007826046e-16,6.134192329766558,0.7616279069767442,34.9593023255814,industry_breadth
industry,10d,industry_amount_share,银行,172,8.657039590709763e-17,1.4468432101958234e-16,2.2403315007826046e-16,6.134192329766558,0.7616279069767442,34.9593023255814,industry_crowding
industry,10d,industry_amount_share_roll20d,银行,172,8.657039590709763e-17,1.4468432101958234e-16,2.2403315007826046e-16,6.134192329766558,0.7616279069767442,34.9593023255814,industry_crowding
industry,10d,industry_amount_share_roll60d,银行,172,8.657039590709763e-17,1.4468432101958234e-16,2.2403315007826046e-16,6.134192329766558,0.7616279069767442,34.9593023255814,industry_crowding
industry,10d,industry_crowding_score,银行,172,8.657039590709763e-17,1.4468432101958234e-16,2.2403315007826046e-16,6.134192329766558,0.7616279069767442,34.9593023255814,industry_crowding
industry,10d,stock_amount_share_in_industry,银行,1687,0.03576646757934442,0.02785923753665689,0.33011731113336534,1.7199191069135435,0.5263781861292235,39.40130409010077,liquidity_crowding
industry,10d,turnover_rate,银行,1687,-0.06267213566561954,-0.08108108108108111,0.31424805584254445,-3.1659362472736468,0.41256668642560756,39.40130409010077,liquidity
industry,10d,log_amount,银行,1687,0.03576646757934442,0.02785923753665689,0.33011731113336534,1.7199191069135435,0.5263781861292235,39.40130409010077,liquidity
industry,10d,log_total_mv,银行,1687,0.05267245074816844,0.05485779110282797,0.3567273371204698,2.343944931423452,0.5530527563722585,39.40130409010077,size
industry,10d,stock_ret_1d,航空,1509,-0.010801046057161355,-0.007892882311486951,0.21425279679937695,-0.8002756237538213,0.4824387011265739,43.22398939695162,price_momentum_reversal
industry,10d,stock_ret_5d,航空,1509,-0.04105574325993302,-0.04694727104532839,0.22341387079500974,-2.9171855669525044,0.41086812458581845,43.22398939695162,price_momentum_reversal
industry,10d,stock_ret_20d,航空,1509,-0.06451060073377247,-0.07180851063829786,0.2357869664946853,-4.343217328921954,0.3790589794565938,43.22398939695162,price_momentum
industry,10d,stock_ret_60d,航空,1509,-0.05182488914844381,-0.04314841156946424,0.24508427008602676,-3.356782588180223,0.4347249834327369,43.22398939695162,price_momentum
industry,10d,stock_rel_industry_ret_1d,航空,1509,-0.010801046057161355,-0.007892882311486951,0.21425279679937695,-0.8002756237538213,0.4824387011265739,43.22398939695162,relative_strength
industry,10d,stock_rel_industry_ret_5d,航空,1509,-0.04105574325993302,-0.04694727104532839,0.22341387079500974,-2.9171855669525044,0.41086812458581845,43.22398939695162,relative_strength
industry,10d,stock_rel_industry_ret_20d,航空,1509,-0.06451060073377247,-0.07180851063829786,0.2357869664946853,-4.343217328921954,0.3790589794565938,43.22398939695162,relative_strength
industry,10d,stock_rel_industry_ret_60d,航空,1509,-0.05182488914844381,-0.04314841156946424,0.24508427008602676,-3.356782588180223,0.4347249834327369,43.22398939695162,relative_strength
industry,10d,industry_ret_5d,航空,391,7.93518000873513e-17,1.4290699799853493e-16,1.9400778811830057e-16,6.492887666605207,0.7672634271099744,35.75959079283887,industry_strength
industry,10d,industry_ret_20d,航空,391,7.93518000873513e-17,1.4290699799853493e-16,1.9400778811830057e-16,6.492887666605207,0.7672634271099744,35.75959079283887,industry_strength
industry,10d,industry_ret_60d,航空,391,7.93518000873513e-17,1.4290699799853493e-16,1.9400778811830057e-16,6.492887666605207,0.7672634271099744,35.75959079283887,industry_strength
industry,10d,industry_breadth_20d,航空,391,7.93518000873513e-17,1.4290699799853493e-16,1.9400778811830057e-16,6.492887666605207,0.7672634271099744,35.75959079283887,industry_breadth
industry,10d,industry_breadth_60d,航空,391,7.93518000873513e-17,1.4290699799853493e-16,1.9400778811830057e-16,6.492887666605207,0.7672634271099744,35.75959079283887,industry_breadth
industry,10d,industry_amount_share,航空,391,7.93518000873513e-17,1.4290699799853493e-16,1.9400778811830057e-16,6.492887666605207,0.7672634271099744,35.75959079283887,industry_crowding
industry,10d,industry_amount_share_roll20d,航空,391,7.93518000873513e-17,1.4290699799853493e-16,1.9400778811830057e-16,6.492887666605207,0.7672634271099744,35.75959079283887,industry_crowding
industry,10d,industry_amount_share_roll60d,航空,391,7.93518000873513e-17,1.4290699799853493e-16,1.9400778811830057e-16,6.492887666605207,0.7672634271099744,35.75959079283887,industry_crowding
industry,10d,industry_crowding_score,航空,391,7.93518000873513e-17,1.4290699799853493e-16,1.9400778811830057e-16,6.492887666605207,0.7672634271099744,35.75959079283887,industry_crowding
industry,10d,stock_amount_share_in_industry,航空,1509,-0.031616131646504966,-0.04033613445378147,0.25269826914763255,-1.9861257151467486,0.441351888667992,43.22398939695162,liquidity_crowding
industry,10d,turnover_rate,航空,1509,-0.05418169925517802,-0.06151711378353378,0.25141091628663154,-3.421123568317796,0.40556660039761433,43.22398939695162,liquidity
industry,10d,log_amount,航空,1509,-0.031616131646504966,-0.04033613445378147,0.25269826914763255,-1.9861257151467486,0.441351888667992,43.22398939695162,liquidity
industry,10d,log_total_mv,航空,1509,-0.0033019518370740073,-0.004740980573543011,0.28671270284181793,-0.18282015373760052,0.49502982107355864,43.22398939695162,size
industry,10d,stock_ret_1d,运输设备,1275,-0.02074479330062429,-0.014656389186363254,0.21498819371732256,-1.5317742744066307,0.46901960784313723,43.38117647058824,price_momentum_reversal
industry,10d,stock_ret_5d,运输设备,1275,-0.06038232061667122,-0.06403162055335963,0.22445568296274065,-4.2705072599084,0.37254901960784315,43.38117647058824,price_momentum_reversal
industry,10d,stock_ret_20d,运输设备,1275,-0.08013451807729925,-0.07263666565992144,0.21858666081680983,-5.819641659896909,0.35843137254901963,43.38117647058824,price_momentum
industry,10d,stock_ret_60d,运输设备,1275,-0.05351428470655085,-0.06100131752305671,0.22088328502003252,-3.845981073041355,0.4023529411764706,43.38117647058824,price_momentum
industry,10d,stock_rel_industry_ret_1d,运输设备,1275,-0.02074479330062429,-0.014656389186363254,0.21498819371732256,-1.5317742744066307,0.46901960784313723,43.38117647058824,relative_strength
industry,10d,stock_rel_industry_ret_5d,运输设备,1275,-0.06038232061667122,-0.06403162055335963,0.22445568296274065,-4.2705072599084,0.37254901960784315,43.38117647058824,relative_strength
industry,10d,stock_rel_industry_ret_20d,运输设备,1275,-0.08013451807729925,-0.07263666565992144,0.21858666081680983,-5.819641659896909,0.35843137254901963,43.38117647058824,relative_strength
industry,10d,stock_rel_industry_ret_60d,运输设备,1275,-0.05351428470655085,-0.06100131752305671,0.22088328502003252,-3.845981073041355,0.4023529411764706,43.38117647058824,relative_strength
industry,10d,industry_ret_5d,运输设备,383,5.046220462950974e-17,7.157145667461331e-17,2.2409057452205566e-16,3.5747271658119977,0.6762402088772846,40.24804177545692,industry_strength
industry,10d,industry_ret_20d,运输设备,383,5.046220462950974e-17,7.157145667461331e-17,2.2409057452205566e-16,3.5747271658119977,0.6762402088772846,40.24804177545692,industry_strength
industry,10d,industry_ret_60d,运输设备,383,5.046220462950974e-17,7.157145667461331e-17,2.2409057452205566e-16,3.5747271658119977,0.6762402088772846,40.24804177545692,industry_strength
industry,10d,industry_breadth_20d,运输设备,383,5.046220462950974e-17,7.157145667461331e-17,2.2409057452205566e-16,3.5747271658119977,0.6762402088772846,40.24804177545692,industry_breadth
industry,10d,industry_breadth_60d,运输设备,383,5.046220462950974e-17,7.157145667461331e-17,2.2409057452205566e-16,3.5747271658119977,0.6762402088772846,40.24804177545692,industry_breadth
industry,10d,industry_amount_share,运输设备,383,5.046220462950974e-17,7.157145667461331e-17,2.2409057452205566e-16,3.5747271658119977,0.6762402088772846,40.24804177545692,industry_crowding
industry,10d,industry_amount_share_roll20d,运输设备,383,5.046220462950974e-17,7.157145667461331e-17,2.2409057452205566e-16,3.5747271658119977,0.6762402088772846,40.24804177545692,industry_crowding
industry,10d,industry_amount_share_roll60d,运输设备,383,5.046220462950974e-17,7.157145667461331e-17,2.2409057452205566e-16,3.5747271658119977,0.6762402088772846,40.24804177545692,industry_crowding
industry,10d,industry_crowding_score,运输设备,383,5.046220462950974e-17,7.157145667461331e-17,2.2409057452205566e-16,3.5747271658119977,0.6762402088772846,40.24804177545692,industry_crowding
industry,10d,stock_amount_share_in_industry,运输设备,1275,-0.10990172606187713,-0.10802139037433157,0.21953160740189906,-7.947082588908998,0.2972549019607843,43.38117647058824,liquidity_crowding
industry,10d,turnover_rate,运输设备,1275,-0.0820838503023133,-0.08960838729571385,0.24619946497692838,-5.292622091804949,0.37176470588235294,43.38117647058824,liquidity
industry,10d,log_amount,运输设备,1275,-0.10990172606187713,-0.10802139037433157,0.21953160740189906,-7.947082588908998,0.2972549019607843,43.38117647058824,liquidity
industry,10d,log_total_mv,运输设备,1275,-0.05907580367067174,-0.07644787644787641,0.2734455608663098,-3.4295649456227375,0.4031372549019608,43.38117647058824,size
industry,10d,stock_ret_1d,纺织,1273,-0.005665824446166606,-0.00047418647466383913,0.2137582087605638,-0.4207659451384589,0.49803613511390415,38.10683424980361,price_momentum_reversal
industry,10d,stock_ret_5d,纺织,1273,-0.01625315776236383,-0.017448405253283294,0.21722325442651322,-1.187768231506575,0.46897093479968577,38.10683424980361,price_momentum_reversal
industry,10d,stock_ret_20d,纺织,1273,-0.042115928080738226,-0.03481781376518216,0.23315459486066048,-2.8674949855371556,0.4461901021209741,38.10683424980361,price_momentum
industry,10d,stock_ret_60d,纺织,1273,-0.031848691541931665,-0.03262762363625434,0.24897312336345143,-2.0306702088421598,0.4430479183032207,38.10683424980361,price_momentum
industry,10d,stock_rel_industry_ret_1d,纺织,1273,-0.005665824446166606,-0.00047418647466383913,0.2137582087605638,-0.4207659451384589,0.49803613511390415,38.10683424980361,relative_strength
industry,10d,stock_rel_industry_ret_5d,纺织,1273,-0.01625315776236383,-0.017448405253283294,0.21722325442651322,-1.187768231506575,0.46897093479968577,38.10683424980361,relative_strength
industry,10d,stock_rel_industry_ret_20d,纺织,1273,-0.042115928080738226,-0.03481781376518216,0.23315459486066048,-2.8674949855371556,0.4461901021209741,38.10683424980361,relative_strength
industry,10d,stock_rel_industry_ret_60d,纺织,1273,-0.031848691541931665,-0.03262762363625434,0.24897312336345143,-2.0306702088421598,0.4430479183032207,38.10683424980361,relative_strength
industry,10d,industry_ret_5d,纺织,397,9.648829918610554e-17,1.5389984399842228e-16,2.2575131343682526e-16,6.78491850667714,0.7808564231738035,35.76070528967254,industry_strength
industry,10d,industry_ret_20d,纺织,397,9.648829918610554e-17,1.5389984399842228e-16,2.2575131343682526e-16,6.78491850667714,0.7808564231738035,35.76070528967254,industry_strength
industry,10d,industry_ret_60d,纺织,397,9.648829918610554e-17,1.5389984399842228e-16,2.2575131343682526e-16,6.78491850667714,0.7808564231738035,35.76070528967254,industry_strength
industry,10d,industry_breadth_20d,纺织,397,9.648829918610554e-17,1.5389984399842228e-16,2.2575131343682526e-16,6.78491850667714,0.7808564231738035,35.76070528967254,industry_breadth
industry,10d,industry_breadth_60d,纺织,397,9.648829918610554e-17,1.5389984399842228e-16,2.2575131343682526e-16,6.78491850667714,0.7808564231738035,35.76070528967254,industry_breadth
industry,10d,industry_amount_share,纺织,397,9.648829918610554e-17,1.5389984399842228e-16,2.2575131343682526e-16,6.78491850667714,0.7808564231738035,35.76070528967254,industry_crowding
industry,10d,industry_amount_share_roll20d,纺织,397,9.648829918610554e-17,1.5389984399842228e-16,2.2575131343682526e-16,6.78491850667714,0.7808564231738035,35.76070528967254,industry_crowding
industry,10d,industry_amount_share_roll60d,纺织,397,9.648829918610554e-17,1.5389984399842228e-16,2.2575131343682526e-16,6.78491850667714,0.7808564231738035,35.76070528967254,industry_crowding
industry,10d,industry_crowding_score,纺织,397,9.648829918610554e-17,1.5389984399842228e-16,2.2575131343682526e-16,6.78491850667714,0.7808564231738035,35.76070528967254,industry_crowding
industry,10d,stock_amount_share_in_industry,纺织,1273,-0.12290936220784784,-0.12016806722689075,0.20331662735218564,-9.596488308068436,0.2898664571877455,38.10683424980361,liquidity_crowding
industry,10d,turnover_rate,纺织,1273,-0.09704232418968925,-0.10347490347490337,0.23245277594830788,-6.627148815225694,0.3401413982717989,38.10683424980361,liquidity
industry,10d,log_amount,纺织,1273,-0.12290936220784784,-0.12016806722689075,0.20331662735218564,-9.596488308068436,0.2898664571877455,38.10683424980361,liquidity
industry,10d,log_total_mv,纺织,1273,-0.06718403598455108,-0.07508710801393732,0.264106546127435,-4.038194143123635,0.40062843676355064,38.10683424980361,size
industry,10d,stock_ret_1d,医药商业,956,-0.0006378353242126562,-0.0013750954927425653,0.2603611289699642,-0.03888952975327488,0.4989539748953975,33.87238493723849,price_momentum_reversal
industry,10d,stock_ret_5d,医药商业,956,-0.035060227666585383,-0.038109202625331656,0.2619299149444622,-2.124857941516752,0.4330543933054393,33.87238493723849,price_momentum_reversal
industry,10d,stock_ret_20d,医药商业,956,-0.047909785918809115,-0.04819200407435699,0.2858906794129363,-2.6602625696186464,0.44037656903765693,33.87238493723849,price_momentum
industry,10d,stock_ret_60d,医药商业,956,-0.06018555710168729,-0.05171024421498804,0.27918140216602527,-3.4222053913372035,0.4236401673640167,33.87238493723849,price_momentum
industry,10d,stock_rel_industry_ret_1d,医药商业,956,-0.0006378353242126562,-0.0013750954927425653,0.2603611289699642,-0.03888952975327488,0.4989539748953975,33.87238493723849,relative_strength
industry,10d,stock_rel_industry_ret_5d,医药商业,956,-0.035060227666585383,-0.038109202625331656,0.2619299149444622,-2.124857941516752,0.4330543933054393,33.87238493723849,relative_strength
industry,10d,stock_rel_industry_ret_20d,医药商业,956,-0.047909785918809115,-0.04819200407435699,0.2858906794129363,-2.6602625696186464,0.44037656903765693,33.87238493723849,relative_strength
industry,10d,stock_rel_industry_ret_60d,医药商业,956,-0.06018555710168729,-0.05171024421498804,0.27918140216602527,-3.4222053913372035,0.4236401673640167,33.87238493723849,relative_strength
industry,10d,industry_ret_5d,医药商业,436,1.1351933885763146e-16,1.538998439984223e-16,1.3343668977566789e-16,13.505008560330678,0.8922018348623854,34.36009174311926,industry_strength
industry,10d,industry_ret_20d,医药商业,436,1.1351933885763146e-16,1.538998439984223e-16,1.3343668977566789e-16,13.505008560330678,0.8922018348623854,34.36009174311926,industry_strength
industry,10d,industry_ret_60d,医药商业,436,1.1351933885763146e-16,1.538998439984223e-16,1.3343668977566789e-16,13.505008560330678,0.8922018348623854,34.36009174311926,industry_strength
industry,10d,industry_breadth_20d,医药商业,436,1.1351933885763146e-16,1.538998439984223e-16,1.3343668977566789e-16,13.505008560330678,0.8922018348623854,34.36009174311926,industry_breadth
industry,10d,industry_breadth_60d,医药商业,436,1.1351933885763146e-16,1.538998439984223e-16,1.3343668977566789e-16,13.505008560330678,0.8922018348623854,34.36009174311926,industry_breadth
industry,10d,industry_amount_share,医药商业,436,1.1351933885763146e-16,1.538998439984223e-16,1.3343668977566789e-16,13.505008560330678,0.8922018348623854,34.36009174311926,industry_crowding
industry,10d,industry_amount_share_roll20d,医药商业,436,1.1351933885763146e-16,1.538998439984223e-16,1.3343668977566789e-16,13.505008560330678,0.8922018348623854,34.36009174311926,industry_crowding
industry,10d,industry_amount_share_roll60d,医药商业,436,1.1351933885763146e-16,1.538998439984223e-16,1.3343668977566789e-16,13.505008560330678,0.8922018348623854,34.36009174311926,industry_crowding
industry,10d,industry_crowding_score,医药商业,436,1.1351933885763146e-16,1.538998439984223e-16,1.3343668977566789e-16,13.505008560330678,0.8922018348623854,34.36009174311926,industry_crowding
industry,10d,stock_amount_share_in_industry,医药商业,956,-0.14318377697951584,-0.15789565826330534,0.2592172937266028,-8.768597038119355,0.29811715481171547,33.87238493723849,liquidity_crowding
industry,10d,turnover_rate,医药商业,956,-0.10618781848749233,-0.10399175065920799,0.3271911327344873,-5.151971405234089,0.4006276150627615,33.87238493723849,liquidity
industry,10d,log_amount,医药商业,956,-0.14318377697951584,-0.15789565826330534,0.2592172937266028,-8.768597038119355,0.29811715481171547,33.87238493723849,liquidity
industry,10d,log_total_mv,医药商业,956,-0.04279107407053355,-0.051044721407624616,0.3282330138018855,-2.0695274801146613,0.4424686192468619,33.87238493723849,size
industry,10d,stock_ret_1d,造纸,868,-0.01165352624892084,-0.016453534558288862,0.23326414338564672,-0.793066570046319,0.4769585253456221,30.890552995391705,price_momentum_reversal
industry,10d,stock_ret_5d,造纸,868,-0.009963426221442435,-0.01384176863181313,0.23561441592667803,-0.671285274741762,0.47580645161290325,30.890552995391705,price_momentum_reversal
industry,10d,stock_ret_20d,造纸,868,0.005330666733449813,0.006107815928685026,0.23159141380445145,0.3653922639148072,0.511520737327189,30.890552995391705,price_momentum
industry,10d,stock_ret_60d,造纸,868,-0.0018896825588895698,0.012166295884315882,0.2514331912176833,-0.11930716267327109,0.5264976958525346,30.890552995391705,price_momentum
industry,10d,stock_rel_industry_ret_1d,造纸,868,-0.01165352624892084,-0.016453534558288862,0.23326414338564672,-0.793066570046319,0.4769585253456221,30.890552995391705,relative_strength
industry,10d,stock_rel_industry_ret_5d,造纸,868,-0.009963426221442435,-0.01384176863181313,0.23561441592667803,-0.671285274741762,0.47580645161290325,30.890552995391705,relative_strength
industry,10d,stock_rel_industry_ret_20d,造纸,868,0.005330666733449813,0.006107815928685026,0.23159141380445145,0.3653922639148072,0.511520737327189,30.890552995391705,relative_strength
industry,10d,stock_rel_industry_ret_60d,造纸,868,-0.0018896825588895698,0.012166295884315882,0.2514331912176833,-0.11930716267327109,0.5264976958525346,30.890552995391705,relative_strength
industry,10d,industry_ret_5d,造纸,619,5.290243296126834e-17,4.965068306494547e-17,1.796645180375208e-16,4.674267893114608,0.778675282714055,30.44426494345719,industry_strength
industry,10d,industry_ret_20d,造纸,619,5.290243296126834e-17,4.965068306494547e-17,1.796645180375208e-16,4.674267893114608,0.778675282714055,30.44426494345719,industry_strength
industry,10d,industry_ret_60d,造纸,619,5.290243296126834e-17,4.965068306494547e-17,1.796645180375208e-16,4.674267893114608,0.778675282714055,30.44426494345719,industry_strength
industry,10d,industry_breadth_20d,造纸,619,5.290243296126834e-17,4.965068306494547e-17,1.796645180375208e-16,4.674267893114608,0.778675282714055,30.44426494345719,industry_breadth
industry,10d,industry_breadth_60d,造纸,619,5.290243296126834e-17,4.965068306494547e-17,1.796645180375208e-16,4.674267893114608,0.778675282714055,30.44426494345719,industry_breadth
industry,10d,industry_amount_share,造纸,619,5.290243296126834e-17,4.965068306494547e-17,1.796645180375208e-16,4.674267893114608,0.778675282714055,30.44426494345719,industry_crowding
industry,10d,industry_amount_share_roll20d,造纸,619,5.290243296126834e-17,4.965068306494547e-17,1.796645180375208e-16,4.674267893114608,0.778675282714055,30.44426494345719,industry_crowding
industry,10d,industry_amount_share_roll60d,造纸,619,5.290243296126834e-17,4.965068306494547e-17,1.796645180375208e-16,4.674267893114608,0.778675282714055,30.44426494345719,industry_crowding
industry,10d,industry_crowding_score,造纸,619,5.290243296126834e-17,4.965068306494547e-17,1.796645180375208e-16,4.674267893114608,0.778675282714055,30.44426494345719,industry_crowding
industry,10d,stock_amount_share_in_industry,造纸,868,-0.07456786377547268,-0.07498609566184651,0.22309889914371947,-5.305844827682913,0.3882488479262673,30.890552995391705,liquidity_crowding
industry,10d,turnover_rate,造纸,868,-0.006850749046674796,0.005896703407826878,0.26591309374905536,-0.4089767378462248,0.5069124423963134,30.890552995391705,liquidity
industry,10d,log_amount,造纸,868,-0.07456786377547268,-0.07498609566184651,0.22309889914371947,-5.305844827682913,0.3882488479262673,30.890552995391705,liquidity
industry,10d,log_total_mv,造纸,868,-0.08619065602577523,-0.12652126099706745,0.30327170170370865,-4.5115790210687505,0.38018433179723504,30.890552995391705,size
industry,10d,stock_ret_1d,新型电力,326,0.006426285079502211,-0.007683746412312424,0.2628652048382813,0.38808526639715357,0.49079754601226994,30.0,price_momentum_reversal
industry,10d,stock_ret_5d,新型电力,326,0.019175081298367806,0.02113459399332592,0.29476848679519,1.0326578061957452,0.5398773006134969,30.0,price_momentum_reversal
industry,10d,stock_ret_20d,新型电力,326,0.028366754773695626,0.03559510567296993,0.27558193145944043,1.634026837006885,0.558282208588957,30.0,price_momentum
industry,10d,stock_ret_60d,新型电力,326,0.00860655161510736,0.0015572858731924349,0.2717904656695002,0.5026841945317876,0.5030674846625767,30.0,price_momentum
industry,10d,stock_rel_industry_ret_1d,新型电力,326,0.006426285079502211,-0.007683746412312424,0.2628652048382813,0.38808526639715357,0.49079754601226994,30.0,relative_strength
industry,10d,stock_rel_industry_ret_5d,新型电力,326,0.019175081298367806,0.02113459399332592,0.29476848679519,1.0326578061957452,0.5398773006134969,30.0,relative_strength
industry,10d,stock_rel_industry_ret_20d,新型电力,326,0.028366754773695626,0.03559510567296993,0.27558193145944043,1.634026837006885,0.558282208588957,30.0,relative_strength
industry,10d,stock_rel_industry_ret_60d,新型电力,326,0.00860655161510736,0.0015572858731924349,0.2717904656695002,0.5026841945317876,0.5030674846625767,30.0,relative_strength
industry,10d,industry_ret_5d,新型电力,326,9.468796847998048e-17,1.859897493736973e-16,2.039208139427042e-16,7.371120541476655,0.754601226993865,30.0,industry_strength
industry,10d,industry_ret_20d,新型电力,326,9.468796847998048e-17,1.859897493736973e-16,2.039208139427042e-16,7.371120541476655,0.754601226993865,30.0,industry_strength
industry,10d,industry_ret_60d,新型电力,326,9.468796847998048e-17,1.859897493736973e-16,2.039208139427042e-16,7.371120541476655,0.754601226993865,30.0,industry_strength
industry,10d,industry_breadth_20d,新型电力,326,9.468796847998048e-17,1.859897493736973e-16,2.039208139427042e-16,7.371120541476655,0.754601226993865,30.0,industry_breadth
industry,10d,industry_breadth_60d,新型电力,326,9.468796847998048e-17,1.859897493736973e-16,2.039208139427042e-16,7.371120541476655,0.754601226993865,30.0,industry_breadth
industry,10d,industry_amount_share,新型电力,326,9.468796847998048e-17,1.859897493736973e-16,2.039208139427042e-16,7.371120541476655,0.754601226993865,30.0,industry_crowding
industry,10d,industry_amount_share_roll20d,新型电力,326,9.468796847998048e-17,1.859897493736973e-16,2.039208139427042e-16,7.371120541476655,0.754601226993865,30.0,industry_crowding
industry,10d,industry_amount_share_roll60d,新型电力,326,9.468796847998048e-17,1.859897493736973e-16,2.039208139427042e-16,7.371120541476655,0.754601226993865,30.0,industry_crowding
industry,10d,industry_crowding_score,新型电力,326,9.468796847998048e-17,1.859897493736973e-16,2.039208139427042e-16,7.371120541476655,0.754601226993865,30.0,industry_crowding
industry,10d,stock_amount_share_in_industry,新型电力,326,-0.047648443411318527,-0.03439036255661959,0.2583242895502694,-2.928085435058961,0.4601226993865031,30.0,liquidity_crowding
industry,10d,turnover_rate,新型电力,326,-0.10442692575211139,-0.08832035595105672,0.30035116561628505,-5.51929289474573,0.3834355828220859,30.0,liquidity
industry,10d,log_amount,新型电力,326,-0.047648443411318527,-0.03439036255661959,0.2583242895502694,-2.928085435058961,0.4601226993865031,30.0,liquidity
industry,10d,log_total_mv,新型电力,326,0.0028847140570614684,-0.010011123470522765,0.3386473842973569,0.13522447865975862,0.48773006134969327,30.0,size
industry,10d,stock_ret_1d,工程机械,790,-0.012730710826428149,-0.01274350649350645,0.22604158460141854,-0.8940557088873393,0.4772151898734177,34.92151898734177,price_momentum_reversal
industry,10d,stock_ret_5d,工程机械,790,-0.03393986697535979,-0.03561203737987814,0.2395346332151478,-2.24927259182838,0.4253164556962025,34.92151898734177,price_momentum_reversal
industry,10d,stock_ret_20d,工程机械,790,-0.06621564443211694,-0.06143781426514058,0.2636036988410044,-3.9875797382098526,0.41645569620253164,34.92151898734177,price_momentum
industry,10d,stock_ret_60d,工程机械,790,-0.06431289312747202,-0.060813400751481235,0.275934903003538,-3.699914424559424,0.43037974683544306,34.92151898734177,price_momentum
industry,10d,stock_rel_industry_ret_1d,工程机械,790,-0.012730710826428149,-0.01274350649350645,0.22604158460141854,-0.8940557088873393,0.4772151898734177,34.92151898734177,relative_strength
industry,10d,stock_rel_industry_ret_5d,工程机械,790,-0.03393986697535979,-0.03561203737987814,0.2395346332151478,-2.24927259182838,0.4253164556962025,34.92151898734177,relative_strength
industry,10d,stock_rel_industry_ret_20d,工程机械,790,-0.06621564443211694,-0.06143781426514058,0.2636036988410044,-3.9875797382098526,0.41645569620253164,34.92151898734177,relative_strength
industry,10d,stock_rel_industry_ret_60d,工程机械,790,-0.06431289312747202,-0.060813400751481235,0.275934903003538,-3.699914424559424,0.43037974683544306,34.92151898734177,relative_strength
industry,10d,industry_ret_5d,工程机械,323,9.129613677673158e-17,1.4557467855773292e-16,2.2213069340395694e-16,6.5244528760256495,0.7801857585139319,35.04643962848297,industry_strength
industry,10d,industry_ret_20d,工程机械,323,9.129613677673158e-17,1.4557467855773292e-16,2.2213069340395694e-16,6.5244528760256495,0.7801857585139319,35.04643962848297,industry_strength
industry,10d,industry_ret_60d,工程机械,323,9.129613677673158e-17,1.4557467855773292e-16,2.2213069340395694e-16,6.5244528760256495,0.7801857585139319,35.04643962848297,industry_strength
industry,10d,industry_breadth_20d,工程机械,323,9.129613677673158e-17,1.4557467855773292e-16,2.2213069340395694e-16,6.5244528760256495,0.7801857585139319,35.04643962848297,industry_breadth
industry,10d,industry_breadth_60d,工程机械,323,9.129613677673158e-17,1.4557467855773292e-16,2.2213069340395694e-16,6.5244528760256495,0.7801857585139319,35.04643962848297,industry_breadth
industry,10d,industry_amount_share,工程机械,323,9.129613677673158e-17,1.4557467855773292e-16,2.2213069340395694e-16,6.5244528760256495,0.7801857585139319,35.04643962848297,industry_crowding
industry,10d,industry_amount_share_roll20d,工程机械,323,9.129613677673158e-17,1.4557467855773292e-16,2.2213069340395694e-16,6.5244528760256495,0.7801857585139319,35.04643962848297,industry_crowding
industry,10d,industry_amount_share_roll60d,工程机械,323,9.129613677673158e-17,1.4557467855773292e-16,2.2213069340395694e-16,6.5244528760256495,0.7801857585139319,35.04643962848297,industry_crowding
industry,10d,industry_crowding_score,工程机械,323,9.129613677673158e-17,1.4557467855773292e-16,2.2213069340395694e-16,6.5244528760256495,0.7801857585139319,35.04643962848297,industry_crowding
industry,10d,stock_amount_share_in_industry,工程机械,790,-0.09032710808356116,-0.10336782038673029,0.2764655980121992,-5.1865345928402204,0.3670886075949367,34.92151898734177,liquidity_crowding
industry,10d,turnover_rate,工程机械,790,-0.04678636333088806,-0.03658625701969354,0.2587733269511394,-2.870119967488318,0.4379746835443038,34.92151898734177,liquidity
industry,10d,log_amount,工程机械,790,-0.09032710808356116,-0.10336782038673029,0.2764655980121992,-5.1865345928402204,0.3670886075949367,34.92151898734177,liquidity
industry,10d,log_total_mv,工程机械,790,-0.03779260029202027,-0.07255732757023747,0.31855516209223667,-1.8833125374160646,0.43544303797468353,34.92151898734177,size
industry,10d,stock_ret_1d,染料涂料,748,-0.008628289564909148,-0.012267175656738294,0.22590682716991337,-0.6063112491443184,0.46390374331550804,31.5427807486631,price_momentum_reversal
industry,10d,stock_ret_5d,染料涂料,748,-0.028007760861279915,-0.026209677419354836,0.23048346656095056,-1.9290295601082248,0.4532085561497326,31.5427807486631,price_momentum_reversal
industry,10d,stock_ret_20d,染料涂料,748,-0.05372526947375165,-0.06257547007072622,0.23617289933054442,-3.611177299776494,0.39705882352941174,31.5427807486631,price_momentum
industry,10d,stock_ret_60d,染料涂料,748,-0.09048319968059894,-0.09346243300637071,0.20510803224311805,-7.003022989382598,0.3235294117647059,31.5427807486631,price_momentum
industry,10d,stock_rel_industry_ret_1d,染料涂料,748,-0.008628289564909148,-0.012267175656738294,0.22590682716991337,-0.6063112491443184,0.46390374331550804,31.5427807486631,relative_strength
industry,10d,stock_rel_industry_ret_5d,染料涂料,748,-0.028007760861279915,-0.026209677419354836,0.23048346656095056,-1.9290295601082248,0.4532085561497326,31.5427807486631,relative_strength
industry,10d,stock_rel_industry_ret_20d,染料涂料,748,-0.05372526947375165,-0.06257547007072622,0.23617289933054442,-3.611177299776494,0.39705882352941174,31.5427807486631,relative_strength
industry,10d,stock_rel_industry_ret_60d,染料涂料,748,-0.09048319968059894,-0.09346243300637071,0.20510803224311805,-7.003022989382598,0.3235294117647059,31.5427807486631,relative_strength
industry,10d,industry_ret_5d,染料涂料,341,5.656392768924503e-17,4.965068306494546e-17,1.8117392251559462e-16,4.956146572249697,0.7800586510263929,30.486803519061585,industry_strength
industry,10d,industry_ret_20d,染料涂料,341,5.656392768924503e-17,4.965068306494546e-17,1.8117392251559462e-16,4.956146572249697,0.7800586510263929,30.486803519061585,industry_strength
industry,10d,industry_ret_60d,染料涂料,341,5.656392768924503e-17,4.965068306494546e-17,1.8117392251559462e-16,4.956146572249697,0.7800586510263929,30.486803519061585,industry_strength
industry,10d,industry_breadth_20d,染料涂料,341,5.656392768924503e-17,4.965068306494546e-17,1.8117392251559462e-16,4.956146572249697,0.7800586510263929,30.486803519061585,industry_breadth
industry,10d,industry_breadth_60d,染料涂料,341,5.656392768924503e-17,4.965068306494546e-17,1.8117392251559462e-16,4.956146572249697,0.7800586510263929,30.486803519061585,industry_breadth
industry,10d,industry_amount_share,染料涂料,341,5.656392768924503e-17,4.965068306494546e-17,1.8117392251559462e-16,4.956146572249697,0.7800586510263929,30.486803519061585,industry_crowding
industry,10d,industry_amount_share_roll20d,染料涂料,341,5.656392768924503e-17,4.965068306494546e-17,1.8117392251559462e-16,4.956146572249697,0.7800586510263929,30.486803519061585,industry_crowding
industry,10d,industry_amount_share_roll60d,染料涂料,341,5.656392768924503e-17,4.965068306494546e-17,1.8117392251559462e-16,4.956146572249697,0.7800586510263929,30.486803519061585,industry_crowding
industry,10d,industry_crowding_score,染料涂料,341,5.656392768924503e-17,4.965068306494546e-17,1.8117392251559462e-16,4.956146572249697,0.7800586510263929,30.486803519061585,industry_crowding
industry,10d,stock_amount_share_in_industry,染料涂料,748,-0.11595588369090605,-0.14438502673796794,0.25579131714498193,-7.196266895806626,0.32219251336898397,31.5427807486631,liquidity_crowding
industry,10d,turnover_rate,染料涂料,748,-0.05704771043575707,-0.05883431085043988,0.2604442198940726,-3.4771527217618807,0.4077540106951872,31.5427807486631,liquidity
industry,10d,log_amount,染料涂料,748,-0.11595588369090605,-0.14438502673796794,0.25579131714498193,-7.196266895806626,0.32219251336898397,31.5427807486631,liquidity
industry,10d,log_total_mv,染料涂料,748,-0.09247019108152707,-0.12228486196784305,0.2684128371281649,-5.468884392549161,0.35962566844919786,31.5427807486631,size
industry,10d,stock_ret_1d,矿物制品,781,0.006652769469933916,0.019061583577712607,0.24291966694158829,0.43475047785704135,0.528809218950064,32.6145966709347,price_momentum_reversal
industry,10d,stock_ret_5d,矿物制品,781,-0.03734509927066697,-0.04079449961802901,0.24285987070306347,-2.4410581724638476,0.44174135723431496,32.6145966709347,price_momentum_reversal
industry,10d,stock_ret_20d,矿物制品,781,-0.03221470257945897,-0.03790322580645161,0.2428136765384991,-2.1061109769485045,0.44174135723431496,32.6145966709347,price_momentum
industry,10d,stock_ret_60d,矿物制品,781,-0.04026112022191926,-0.036767778184692505,0.26308643049754415,-2.4293365053595877,0.4519846350832266,32.6145966709347,price_momentum
industry,10d,stock_rel_industry_ret_1d,矿物制品,781,0.006652769469933916,0.019061583577712607,0.24291966694158829,0.43475047785704135,0.528809218950064,32.6145966709347,relative_strength
industry,10d,stock_rel_industry_ret_5d,矿物制品,781,-0.03734509927066697,-0.04079449961802901,0.24285987070306347,-2.4410581724638476,0.44174135723431496,32.6145966709347,relative_strength
industry,10d,stock_rel_industry_ret_20d,矿物制品,781,-0.03221470257945897,-0.03790322580645161,0.2428136765384991,-2.1061109769485045,0.44174135723431496,32.6145966709347,relative_strength
industry,10d,stock_rel_industry_ret_60d,矿物制品,781,-0.04026112022191926,-0.036767778184692505,0.26308643049754415,-2.4293365053595877,0.4519846350832266,32.6145966709347,relative_strength
industry,10d,industry_ret_5d,矿物制品,330,7.923834542958072e-17,1.3191415199864764e-16,1.5005668444997247e-16,8.382630486952914,0.8575757575757575,32.487878787878785,industry_strength
industry,10d,industry_ret_20d,矿物制品,330,7.923834542958072e-17,1.3191415199864764e-16,1.5005668444997247e-16,8.382630486952914,0.8575757575757575,32.487878787878785,industry_strength
industry,10d,industry_ret_60d,矿物制品,330,7.923834542958072e-17,1.3191415199864764e-16,1.5005668444997247e-16,8.382630486952914,0.8575757575757575,32.487878787878785,industry_strength
industry,10d,industry_breadth_20d,矿物制品,330,7.923834542958072e-17,1.3191415199864764e-16,1.5005668444997247e-16,8.382630486952914,0.8575757575757575,32.487878787878785,industry_breadth
industry,10d,industry_breadth_60d,矿物制品,330,7.923834542958072e-17,1.3191415199864764e-16,1.5005668444997247e-16,8.382630486952914,0.8575757575757575,32.487878787878785,industry_breadth
industry,10d,industry_amount_share,矿物制品,330,7.923834542958072e-17,1.3191415199864764e-16,1.5005668444997247e-16,8.382630486952914,0.8575757575757575,32.487878787878785,industry_crowding
industry,10d,industry_amount_share_roll20d,矿物制品,330,7.923834542958072e-17,1.3191415199864764e-16,1.5005668444997247e-16,8.382630486952914,0.8575757575757575,32.487878787878785,industry_crowding
industry,10d,industry_amount_share_roll60d,矿物制品,330,7.923834542958072e-17,1.3191415199864764e-16,1.5005668444997247e-16,8.382630486952914,0.8575757575757575,32.487878787878785,industry_crowding
industry,10d,industry_crowding_score,矿物制品,330,7.923834542958072e-17,1.3191415199864764e-16,1.5005668444997247e-16,8.382630486952914,0.8575757575757575,32.487878787878785,industry_crowding
industry,10d,stock_amount_share_in_industry,矿物制品,781,-0.08771795293017459,-0.08785332314744082,0.26397920078728554,-5.274958518173289,0.3418693982074264,32.6145966709347,liquidity_crowding
industry,10d,turnover_rate,矿物制品,781,-0.08264985806307289,-0.07563025210084034,0.2703351787004147,-4.853329959812781,0.39820742637644047,32.6145966709347,liquidity
industry,10d,log_amount,矿物制品,781,-0.08771795293017459,-0.08785332314744082,0.26397920078728554,-5.274958518173289,0.3418693982074264,32.6145966709347,liquidity
industry,10d,log_total_mv,矿物制品,781,-0.031352800104136935,-0.04072580645161289,0.24985786089183365,-1.9919736369705916,0.42765685019206146,32.6145966709347,size
industry,10d,stock_ret_1d,化纤,544,0.0037742268326449806,0.002873141874810375,0.2351758200364709,0.25476255822159893,0.5073529411764706,30.310661764705884,price_momentum_reversal
industry,10d,stock_ret_5d,化纤,544,-0.01051345251310632,-0.008009789792583476,0.23802609419114937,-0.7011663372007049,0.48161764705882354,30.310661764705884,price_momentum_reversal
industry,10d,stock_ret_20d,化纤,544,-0.014277654811061965,-0.002447163515016712,0.23172811962661738,-0.9780890811912278,0.48713235294117646,30.310661764705884,price_momentum
industry,10d,stock_ret_60d,化纤,544,-0.0089749761944883,-0.005673291722467033,0.28266047810783534,-0.5040440430645974,0.4944852941176471,30.310661764705884,price_momentum
industry,10d,stock_rel_industry_ret_1d,化纤,544,0.0037742268326449806,0.002873141874810375,0.2351758200364709,0.25476255822159893,0.5073529411764706,30.310661764705884,relative_strength
industry,10d,stock_rel_industry_ret_5d,化纤,544,-0.01051345251310632,-0.008009789792583476,0.23802609419114937,-0.7011663372007049,0.48161764705882354,30.310661764705884,relative_strength
industry,10d,stock_rel_industry_ret_20d,化纤,544,-0.014277654811061965,-0.002447163515016712,0.23172811962661738,-0.9780890811912278,0.48713235294117646,30.310661764705884,relative_strength
industry,10d,stock_rel_industry_ret_60d,化纤,544,-0.0089749761944883,-0.005673291722467033,0.28266047810783534,-0.5040440430645974,0.4944852941176471,30.310661764705884,relative_strength
industry,10d,industry_ret_5d,化纤,493,7.26927202598082e-17,1.795763097401215e-16,2.0226581393449457e-16,5.7051715124096765,0.7464503042596349,30.135902636916835,industry_strength
industry,10d,industry_ret_20d,化纤,493,7.26927202598082e-17,1.795763097401215e-16,2.0226581393449457e-16,5.7051715124096765,0.7464503042596349,30.135902636916835,industry_strength
industry,10d,industry_ret_60d,化纤,493,7.26927202598082e-17,1.795763097401215e-16,2.0226581393449457e-16,5.7051715124096765,0.7464503042596349,30.135902636916835,industry_strength
industry,10d,industry_breadth_20d,化纤,493,7.26927202598082e-17,1.795763097401215e-16,2.0226581393449457e-16,5.7051715124096765,0.7464503042596349,30.135902636916835,industry_breadth
industry,10d,industry_breadth_60d,化纤,493,7.26927202598082e-17,1.795763097401215e-16,2.0226581393449457e-16,5.7051715124096765,0.7464503042596349,30.135902636916835,industry_breadth
industry,10d,industry_amount_share,化纤,493,7.26927202598082e-17,1.795763097401215e-16,2.0226581393449457e-16,5.7051715124096765,0.7464503042596349,30.135902636916835,industry_crowding
industry,10d,industry_amount_share_roll20d,化纤,493,7.26927202598082e-17,1.795763097401215e-16,2.0226581393449457e-16,5.7051715124096765,0.7464503042596349,30.135902636916835,industry_crowding
industry,10d,industry_amount_share_roll60d,化纤,493,7.26927202598082e-17,1.795763097401215e-16,2.0226581393449457e-16,5.7051715124096765,0.7464503042596349,30.135902636916835,industry_crowding
industry,10d,industry_crowding_score,化纤,493,7.26927202598082e-17,1.795763097401215e-16,2.0226581393449457e-16,5.7051715124096765,0.7464503042596349,30.135902636916835,industry_crowding
industry,10d,stock_amount_share_in_industry,化纤,544,-0.07080788320972198,-0.09833147942157958,0.27574735740703066,-4.0763411464204395,0.36764705882352944,30.310661764705884,liquidity_crowding
industry,10d,turnover_rate,化纤,544,-0.07648556452620343,-0.0654060066740823,0.2810694093690434,-4.319825122420582,0.39705882352941174,30.310661764705884,liquidity
industry,10d,log_amount,化纤,544,-0.07080788320972198,-0.09833147942157958,0.27574735740703066,-4.0763411464204395,0.36764705882352944,30.310661764705884,liquidity
industry,10d,log_total_mv,化纤,544,-0.0362892590848905,-0.03626251390433814,0.3221039997435502,-1.788472447616681,0.45588235294117646,30.310661764705884,size
industry,10d,stock_ret_1d,铝,123,0.0007253862473143753,0.034931583262100115,0.26351747766898564,0.04369785940204699,0.5365853658536586,30.0,price_momentum_reversal
industry,10d,stock_ret_5d,铝,123,-0.035877953169378474,-0.023804226918798705,0.24550566539896812,-2.319884752523419,0.45528455284552843,30.0,price_momentum_reversal
industry,10d,stock_ret_20d,铝,123,0.02340857736446361,0.014460511679644064,0.25086593922078376,1.4812678304091298,0.5203252032520326,30.0,price_momentum
industry,10d,stock_ret_60d,铝,123,0.051214668301685834,0.0745272525027809,0.2712107330314673,2.997697199303728,0.5691056910569106,30.0,price_momentum
industry,10d,stock_rel_industry_ret_1d,铝,123,0.0007253862473143753,0.034931583262100115,0.26351747766898564,0.04369785940204699,0.5365853658536586,30.0,relative_strength
industry,10d,stock_rel_industry_ret_5d,铝,123,-0.035877953169378474,-0.023804226918798705,0.24550566539896812,-2.319884752523419,0.45528455284552843,30.0,relative_strength
industry,10d,stock_rel_industry_ret_20d,铝,123,0.02340857736446361,0.014460511679644064,0.25086593922078376,1.4812678304091298,0.5203252032520326,30.0,relative_strength
industry,10d,stock_rel_industry_ret_60d,铝,123,0.051214668301685834,0.0745272525027809,0.2712107330314673,2.997697199303728,0.5691056910569106,30.0,relative_strength
industry,10d,industry_ret_5d,铝,123,9.813026590685377e-17,1.859897493736973e-16,1.9901773661520297e-16,7.827290695607547,0.7317073170731707,30.0,industry_strength
industry,10d,industry_ret_20d,铝,123,9.813026590685377e-17,1.859897493736973e-16,1.9901773661520297e-16,7.827290695607547,0.7317073170731707,30.0,industry_strength
industry,10d,industry_ret_60d,铝,123,9.813026590685377e-17,1.859897493736973e-16,1.9901773661520297e-16,7.827290695607547,0.7317073170731707,30.0,industry_strength
industry,10d,industry_breadth_20d,铝,123,9.813026590685377e-17,1.859897493736973e-16,1.9901773661520297e-16,7.827290695607547,0.7317073170731707,30.0,industry_breadth
industry,10d,industry_breadth_60d,铝,123,9.813026590685377e-17,1.859897493736973e-16,1.9901773661520297e-16,7.827290695607547,0.7317073170731707,30.0,industry_breadth
industry,10d,industry_amount_share,铝,123,9.813026590685377e-17,1.859897493736973e-16,1.9901773661520297e-16,7.827290695607547,0.7317073170731707,30.0,industry_crowding
industry,10d,industry_amount_share_roll20d,铝,123,9.813026590685377e-17,1.859897493736973e-16,1.9901773661520297e-16,7.827290695607547,0.7317073170731707,30.0,industry_crowding
industry,10d,industry_amount_share_roll60d,铝,123,9.813026590685377e-17,1.859897493736973e-16,1.9901773661520297e-16,7.827290695607547,0.7317073170731707,30.0,industry_crowding
industry,10d,industry_crowding_score,铝,123,9.813026590685377e-17,1.859897493736973e-16,1.9901773661520297e-16,7.827290695607547,0.7317073170731707,30.0,industry_crowding
industry,10d,stock_amount_share_in_industry,铝,123,0.08238999598046148,0.08921023359288097,0.3285204669153071,3.9811846475935146,0.6341463414634146,30.0,liquidity_crowding
industry,10d,turnover_rate,铝,123,-0.10220451564309012,-0.11145717463848724,0.23930468538551103,-6.779835442598467,0.3008130081300813,30.0,liquidity
industry,10d,log_amount,铝,123,0.08238999598046148,0.08921023359288097,0.3285204669153071,3.9811846475935146,0.6341463414634146,30.0,liquidity
industry,10d,log_total_mv,铝,123,0.12918838182944992,0.18309232480533927,0.3288607986683858,6.236079191869424,0.6910569105691057,30.0,size
