universe,split_type,horizon,factor,split_value,ic_days,mean_ic,median_ic,std_ic,icir,positive_ic_rate,mean_group_n
screened,trend_regime,3d,industry_amount_share,insufficient_history,60,0.006519854896976817,-0.009832817138422366,0.10099777845478787,1.0247699447775067,0.45,3046.95
screened,trend_regime,3d,stock_amount_share_in_industry,insufficient_history,60,-0.02904252804940494,-0.03173555512988663,0.1424869773021594,-3.235634924042091,0.4666666666666667,3046.95
screened,trend_regime,3d,turnover_rate,insufficient_history,60,0.0014930277545987733,-0.0398760576125016,0.16973218054522196,0.1396381096323596,0.4666666666666667,3046.95
screened,trend_regime,3d,log_amount,insufficient_history,60,-0.030863505877625097,-0.04936515707127179,0.1389657464301636,-3.525638363586783,0.36666666666666664,3046.95
screened,trend_regime,3d,log_total_mv,insufficient_history,60,-0.02665867295800327,-0.031349079025201815,0.20097392729791225,-2.105712513404578,0.45,3046.95
screened,trend_regime,3d,stock_ret_1d,insufficient_history,59,0.005425810243960661,-0.006958711450751689,0.14949738035370166,0.5761443257098983,0.4576271186440678,3046.322033898305
screened,trend_regime,3d,stock_rel_industry_ret_1d,insufficient_history,59,-0.001936411353500459,0.0002502961262969167,0.10146228906711866,-0.30296554065886044,0.5084745762711864,3046.322033898305
screened,trend_regime,3d,stock_ret_5d,insufficient_history,55,-0.051634353406628,-0.07712336938824615,0.15568060114410123,-5.265074410720235,0.36363636363636365,3036.0545454545454
screened,trend_regime,3d,stock_rel_industry_ret_5d,insufficient_history,55,-0.060752351020454454,-0.08137503378550967,0.12161004546615718,-7.930378370297772,0.32727272727272727,3036.0545454545454
screened,trend_regime,3d,industry_ret_5d,insufficient_history,55,0.00445096729365239,-0.008930543061014554,0.13061651166498492,0.5409493364617234,0.4727272727272727,3043.3454545454547
screened,trend_regime,3d,industry_breadth_20d,insufficient_history,51,0.025067798663821306,0.0382012502109695,0.13134206010596472,3.029790813093685,0.5882352941176471,3039.0
screened,trend_regime,3d,industry_amount_share_roll20d,insufficient_history,51,0.014109067606825473,0.00011137166960245863,0.0967990758014876,2.3138082967988693,0.5098039215686274,3039.0
screened,trend_regime,3d,stock_ret_20d,insufficient_history,40,-0.052143956702836294,-0.05239572307572139,0.18768599695033789,-4.410343149269539,0.425,2982.875
screened,trend_regime,3d,stock_rel_industry_ret_20d,insufficient_history,40,-0.0708562437055251,-0.09723658987837586,0.13033383977287294,-8.630206859908252,0.25,2982.875
screened,trend_regime,3d,industry_ret_20d,insufficient_history,40,0.018064296197675862,0.01976571618245986,0.17080441156802298,1.6788899622569582,0.525,3022.55
screened,trend_regime,3d,industry_breadth_60d,insufficient_history,31,-0.014955921903786152,-0.03338567135258046,0.1048668824413619,-2.2639931156863304,0.3870967741935484,3061.2903225806454
screened,trend_regime,3d,industry_amount_share_roll60d,insufficient_history,31,0.03464586321603684,0.011709384080818482,0.09525147687825329,5.7740420010887,0.5483870967741935,3061.2903225806454
screened,trend_regime,3d,stock_ret_1d,neutral,1129,-0.005703440196567616,-0.0054105825553663126,0.12562465149145757,-0.7207128950486297,0.4818423383525244,4316.138175376439
screened,trend_regime,3d,stock_ret_5d,neutral,1129,-0.016968106362182125,-0.014095899433847552,0.13005556129962578,-2.0711174149915856,0.4481842338352524,4316.023029229406
screened,trend_regime,3d,stock_ret_20d,neutral,1129,-0.024765118621019527,-0.020273526863175028,0.13797900653045936,-2.8492310551214857,0.42781222320637735,4315.292294065544
screened,trend_regime,3d,stock_ret_60d,neutral,1129,-0.016885013128742538,-0.01908003583981783,0.14014641869618544,-1.912580258774576,0.45172719220549157,4310.060230292294
screened,trend_regime,3d,stock_rel_industry_ret_1d,neutral,1129,-0.006430297484812347,-0.004468533232843723,0.0829750475551805,-1.2302229527254123,0.4765279007971656,4316.138175376439
screened,trend_regime,3d,stock_rel_industry_ret_5d,neutral,1129,-0.017802183278775,-0.017181666021051794,0.08923860990544556,-3.1668007692771276,0.42781222320637735,4316.023029229406
screened,trend_regime,3d,stock_rel_industry_ret_20d,neutral,1129,-0.02486238328042104,-0.02461679659961522,0.09620323558581523,-4.102544956610374,0.39238263950398583,4315.292294065544
screened,trend_regime,3d,stock_rel_industry_ret_60d,neutral,1129,-0.015236268619935135,-0.016455661919101743,0.09992717988098271,-2.4204452317140226,0.4322409211691763,4310.060230292294
screened,trend_regime,3d,industry_ret_5d,neutral,1129,-0.0008786787804401031,-0.0007942480056166625,0.13495900839379554,-0.10335429533850582,0.4977856510186005,4316.138175376439
screened,trend_regime,3d,industry_ret_20d,neutral,1129,-0.002591184830907597,0.0005644654548123311,0.14029139155649342,-0.2932024803884187,0.5013286093888397,4316.138175376439
screened,trend_regime,3d,industry_ret_60d,neutral,1129,-0.0034213840531021815,0.006404474875282549,0.14348418196408214,-0.37852805320728244,0.5261293179805138,4316.138175376439
screened,trend_regime,3d,industry_breadth_20d,neutral,1129,0.0007396449723262771,0.005077108187163297,0.13394052153581243,0.08766204429320587,0.5172719220549159,4316.138175376439
screened,trend_regime,3d,industry_breadth_60d,neutral,1129,-0.0017843029151458478,0.0052141873282599786,0.14422583784294657,-0.19639290078761867,0.5172719220549159,4316.138175376439
screened,trend_regime,3d,industry_amount_share,neutral,1129,-0.008231756024583642,-0.006506016344469202,0.16117272156810902,-0.8107766282969596,0.4862710363153233,4316.138175376439
screened,trend_regime,3d,industry_amount_share_roll20d,neutral,1129,-0.006612555335956676,-0.003891328734910645,0.163233309451393,-0.643073782246785,0.48892825509300264,4316.138175376439
screened,trend_regime,3d,industry_amount_share_roll60d,neutral,1129,-0.005617372049596127,-0.002086385948879991,0.16331181494403527,-0.5460291823974746,0.4924712134632418,4316.138175376439
screened,trend_regime,3d,industry_crowding_score,neutral,1129,-0.006310397613684492,-0.0002680754476646288,0.12237901634100586,-0.818559092510878,0.49867139061116034,4316.138175376439
screened,trend_regime,3d,stock_amount_share_in_industry,neutral,1129,-0.02496094446564233,-0.028145545592684586,0.1240237012234923,-3.194895051214988,0.41186891054030117,4316.138175376439
screened,trend_regime,3d,turnover_rate,neutral,1129,-0.038505228264252005,-0.03876630833489174,0.16445026198204177,-3.7169387364348867,0.408325952170062,4311.278122232064
screened,trend_regime,3d,log_amount,neutral,1129,-0.043950288353207065,-0.04770483123243306,0.14014482297991487,-4.978344425130689,0.37643932683790965,4316.138175376439
screened,trend_regime,3d,log_total_mv,neutral,1129,-0.01538359209689792,-0.022392991712270677,0.16612944239825855,-1.4699799760362235,0.4481842338352524,4311.278122232064
screened,trend_regime,3d,stock_ret_1d,weak,284,0.0029881230367663747,0.010539697407365992,0.17010890026645667,0.2788506808202277,0.5352112676056338,4124.947183098591
screened,trend_regime,3d,stock_ret_5d,weak,284,-0.015250124519560784,-0.007462264927203123,0.18789068239285067,-1.288452511673718,0.4788732394366197,4124.7852112676055
screened,trend_regime,3d,stock_ret_20d,weak,284,-0.04369594093722409,-0.038496361100400056,0.20470418491194206,-3.388555824765178,0.4084507042253521,4123.366197183099
screened,trend_regime,3d,stock_ret_60d,weak,284,-0.04196318976497113,-0.02513941779280744,0.22168303870207565,-3.0049434089452074,0.44014084507042256,4108.880281690141
screened,trend_regime,3d,stock_rel_industry_ret_1d,weak,284,-0.000490255931254992,0.006019759660938973,0.13167683792071444,-0.05910357326424091,0.5211267605633803,4124.947183098591
screened,trend_regime,3d,stock_rel_industry_ret_5d,weak,284,-0.019600730131230787,-0.003274304328073867,0.15173786585600507,-2.050588644435245,0.4823943661971831,4124.7852112676055
screened,trend_regime,3d,stock_rel_industry_ret_20d,weak,284,-0.03758605553202107,-0.028756796331834,0.16843129234280307,-3.5424541717294633,0.4014084507042254,4123.366197183099
screened,trend_regime,3d,stock_rel_industry_ret_60d,weak,284,-0.03619054695386855,-0.022996195570133337,0.18014301620327064,-3.189172327723152,0.4295774647887324,4108.880281690141
screened,trend_regime,3d,industry_ret_5d,weak,284,0.0025074990700047445,0.003739637673996081,0.1363509087710077,0.2919328816399761,0.5105633802816901,4124.947183098591
screened,trend_regime,3d,industry_ret_20d,weak,284,-0.019332950738428917,-0.009797759932592201,0.1395152187790483,-2.19976774765852,0.45774647887323944,4124.947183098591
screened,trend_regime,3d,industry_ret_60d,weak,284,-0.016648621362386574,-0.009954367938654153,0.1378186676409649,-1.9176550993093249,0.4788732394366197,4124.947183098591
screened,trend_regime,3d,industry_breadth_20d,weak,284,-0.007265304887122502,-0.00629096851118259,0.12803729971087985,-0.9007776627807913,0.4823943661971831,4124.947183098591
screened,trend_regime,3d,industry_breadth_60d,weak,284,-0.011220491954652063,-0.005138013498738563,0.12223458531626066,-1.4571963191760209,0.4788732394366197,4124.947183098591
screened,trend_regime,3d,industry_amount_share,weak,284,-0.011884398026027053,-0.015752277024727264,0.14045248547439962,-1.3432227227180973,0.4647887323943662,4124.947183098591
screened,trend_regime,3d,industry_amount_share_roll20d,weak,284,-0.012665158842285593,-0.009047846405552663,0.14478502004980914,-1.3886323571440182,0.4753521126760563,4124.947183098591
screened,trend_regime,3d,industry_amount_share_roll60d,weak,284,-0.009113765274712976,-0.005374341990805672,0.14530571957893615,-0.9956699499860114,0.4823943661971831,4124.947183098591
screened,trend_regime,3d,industry_crowding_score,weak,284,-0.022861704741924324,-0.013139545157534191,0.1113700681344577,-3.258670106285235,0.4471830985915493,4124.947183098591
screened,trend_regime,3d,stock_amount_share_in_industry,weak,284,-0.026157588710843397,-0.023280421404767028,0.1385848520656842,-2.9962787531728603,0.40492957746478875,4124.947183098591
screened,trend_regime,3d,turnover_rate,weak,284,-0.03581245612118715,-0.05188096005712531,0.19309569970244353,-2.944162491896499,0.3767605633802817,4123.137323943662
screened,trend_regime,3d,log_amount,weak,284,-0.04747103251488769,-0.05719987449749944,0.15821479100695546,-4.763014091710266,0.35563380281690143,4124.947183098591
screened,trend_regime,3d,log_total_mv,weak,284,-0.028098323182474624,-0.022606293728650237,0.21938772238815013,-2.0331450070999297,0.45422535211267606,4123.137323943662
screened,trend_regime,3d,stock_ret_1d,strong,556,-0.017458967477455522,-0.012362929126406783,0.1234191006679114,-2.2456209376020095,0.460431654676259,4295.124100719425
screened,trend_regime,3d,stock_ret_5d,strong,556,-0.034820819894095245,-0.022601755013411298,0.1352352790833192,-4.087419962229814,0.4172661870503597,4295.073741007194
screened,trend_regime,3d,stock_ret_20d,strong,556,-0.042877255458827354,-0.03830242237321935,0.14061338288050576,-4.840615559677479,0.37949640287769787,4294.719424460432
screened,trend_regime,3d,stock_ret_60d,strong,556,-0.05497665740113813,-0.05729558079852079,0.15671552513560857,-5.5688635802156465,0.36151079136690645,4292.615107913669
screened,trend_regime,3d,stock_rel_industry_ret_1d,strong,556,-0.014115827779101435,-0.0069585162714546605,0.07939231377973506,-2.8224623827138613,0.4712230215827338,4295.124100719425
screened,trend_regime,3d,stock_rel_industry_ret_5d,strong,556,-0.029168029527516313,-0.02230381663042042,0.09078919742844259,-5.100035326851823,0.3776978417266187,4295.073741007194
screened,trend_regime,3d,stock_rel_industry_ret_20d,strong,556,-0.03497521349996119,-0.03160232654943582,0.08578631416039567,-6.472061508501543,0.3471223021582734,4294.719424460432
screened,trend_regime,3d,stock_rel_industry_ret_60d,strong,556,-0.03876055648693477,-0.03979110840255726,0.09060872044490448,-6.790789626386424,0.34172661870503596,4292.615107913669
screened,trend_regime,3d,industry_ret_5d,strong,556,-0.015520467104148467,-0.0077867150894978115,0.13154384581171713,-1.8729859661201111,0.48201438848920863,4295.124100719425
screened,trend_regime,3d,industry_ret_20d,strong,556,-0.019313284763656333,-0.019147589694827764,0.1470968806112324,-2.0842650750476475,0.44244604316546765,4295.124100719425
screened,trend_regime,3d,industry_ret_60d,strong,556,-0.03338657488187433,-0.025803872693686166,0.16087131093042872,-3.2945305320676823,0.42805755395683454,4295.124100719425
screened,trend_regime,3d,industry_breadth_20d,strong,556,-0.014804821498184744,-0.014041936970420402,0.13552003964775758,-1.7342029706031448,0.4460431654676259,4295.124100719425
screened,trend_regime,3d,industry_breadth_60d,strong,556,-0.022495772165847912,-0.014736781100611687,0.15217480719760587,-2.3467045484308846,0.45863309352517984,4295.124100719425
screened,trend_regime,3d,industry_amount_share,strong,556,-0.020168766634836032,-0.012589445326808751,0.15784620788810463,-2.028361966269114,0.47302158273381295,4295.124100719425
screened,trend_regime,3d,industry_amount_share_roll20d,strong,556,-0.01760762881384931,-0.0089077371444696,0.1589558521472069,-1.758428131699298,0.4766187050359712,4295.124100719425
screened,trend_regime,3d,industry_amount_share_roll60d,strong,556,-0.01565964760112383,-0.010333839190699207,0.15568493928436067,-1.5967453253448334,0.48201438848920863,4295.124100719425
screened,trend_regime,3d,industry_crowding_score,strong,556,-0.026113171297722625,-0.022988284372005514,0.12424615305103963,-3.3363909706865136,0.4118705035971223,4295.124100719425
screened,trend_regime,3d,stock_amount_share_in_industry,strong,556,-0.02667417244377374,-0.03013429328647073,0.10828201804380683,-3.9105233531642942,0.38848920863309355,4295.124100719425
screened,trend_regime,3d,turnover_rate,strong,556,-0.062451783826043654,-0.06378764946766538,0.16881790214937306,-5.872548592265196,0.35071942446043164,4287.947841726619
screened,trend_regime,3d,log_amount,strong,556,-0.06249798771853978,-0.06568128205561678,0.14224926295802795,-6.974551410955908,0.30755395683453235,4295.124100719425
screened,trend_regime,3d,log_total_mv,strong,556,-0.020995180755075542,-0.036687752681054925,0.1637212454321653,-2.035705025165879,0.41007194244604317,4287.947841726619
screened,trend_regime,5d,industry_amount_share,insufficient_history,60,0.010284267554779562,-0.011607887808918875,0.09953648427262413,1.6401793512339644,0.45,3034.6
screened,trend_regime,5d,stock_amount_share_in_industry,insufficient_history,60,-0.04041871598823186,-0.04479623177502604,0.13942563724639426,-4.601931449454889,0.38333333333333336,3034.6
screened,trend_regime,5d,turnover_rate,insufficient_history,60,0.007751280112072392,-0.06505325328583253,0.17329280683059073,0.7100569225239495,0.4666666666666667,3034.6
screened,trend_regime,5d,log_amount,insufficient_history,60,-0.03951812757779649,-0.07528897635482018,0.1314368968164215,-4.772866997726161,0.35,3034.6
screened,trend_regime,5d,log_total_mv,insufficient_history,60,-0.034284261710348776,-0.04316793615882571,0.202319084993281,-2.690036791300708,0.4166666666666667,3034.6
screened,trend_regime,5d,stock_ret_1d,insufficient_history,59,-0.01907285536227886,-0.01855602790272759,0.16088314442565227,-1.8819385558621118,0.423728813559322,3033.9322033898306
screened,trend_regime,5d,stock_rel_industry_ret_1d,insufficient_history,59,-0.023062626433248336,-0.009944692734581784,0.11020424899076822,-3.3220846572333773,0.4406779661016949,3033.9322033898306
screened,trend_regime,5d,stock_ret_5d,insufficient_history,55,-0.033733376614477506,-0.026467499171249066,0.14453322644227284,-3.7050356212743782,0.45454545454545453,3023.327272727273
screened,trend_regime,5d,stock_rel_industry_ret_5d,insufficient_history,55,-0.05200571166873638,-0.04964923600685369,0.11667271543422894,-7.075905244082778,0.38181818181818183,3023.327272727273
screened,trend_regime,5d,industry_ret_5d,insufficient_history,55,0.018989461532792226,0.0043433034127579265,0.1277945738442466,2.358850985709087,0.509090909090909,3030.5636363636363
screened,trend_regime,5d,industry_breadth_20d,insufficient_history,51,0.03504160895294187,0.03565331567090988,0.13295724398935382,4.183813384541075,0.5686274509803921,3026.176470588235
screened,trend_regime,5d,industry_amount_share_roll20d,insufficient_history,51,0.017230899709369283,0.01469709780771582,0.09373306301775573,2.918202437591341,0.5098039215686274,3026.176470588235
screened,trend_regime,5d,stock_ret_20d,insufficient_history,40,-0.07803089034129039,-0.13176955756056685,0.1841705136850328,-6.725843120915969,0.375,2973.575
screened,trend_regime,5d,stock_rel_industry_ret_20d,insufficient_history,40,-0.09510610548482243,-0.09206639681506497,0.1297426947138362,-11.636590584080807,0.25,2973.575
screened,trend_regime,5d,industry_ret_20d,insufficient_history,40,0.012842542833240484,0.007260126459162546,0.16287401845764415,1.251697779432585,0.525,3013.0
screened,trend_regime,5d,industry_breadth_60d,insufficient_history,31,-0.02780604315637333,-0.03363864525372165,0.11224646199245848,-3.9324825298156556,0.3225806451612903,3053.3548387096776
screened,trend_regime,5d,industry_amount_share_roll60d,insufficient_history,31,0.04411154192303595,0.062271552956968325,0.08694781444430882,8.053670166766947,0.6129032258064516,3053.3548387096776
screened,trend_regime,5d,stock_ret_1d,neutral,1127,-0.006117183544891661,0.0006965342432288102,0.12164947120832256,-0.7982548328321513,0.5004436557231589,4313.133984028394
screened,trend_regime,5d,stock_ret_5d,neutral,1127,-0.017749112478358437,-0.015551612649007259,0.12475401639007197,-2.2585118604768297,0.4454303460514641,4313.018633540372
screened,trend_regime,5d,stock_ret_20d,neutral,1127,-0.030019339542014495,-0.033101325938658686,0.13069540082662992,-3.64620513567735,0.3992901508429459,4312.289263531499
screened,trend_regime,5d,stock_ret_60d,neutral,1127,-0.021395189994092043,-0.020200378311595265,0.1356420696698158,-2.503928999983766,0.4392191659272405,4307.092280390417
screened,trend_regime,5d,stock_rel_industry_ret_1d,neutral,1127,-0.008185407333856407,-0.005483580129925883,0.07593558730525567,-1.711178088193919,0.4658385093167702,4313.133984028394
screened,trend_regime,5d,stock_rel_industry_ret_5d,neutral,1127,-0.02071748912641941,-0.015850423212911902,0.08453577028047327,-3.8904234623755545,0.417036379769299,4313.018633540372
screened,trend_regime,5d,stock_rel_industry_ret_20d,neutral,1127,-0.030730074541324124,-0.03167081427465772,0.09323355348704686,-5.232288074364772,0.36202307009760426,4312.289263531499
screened,trend_regime,5d,stock_rel_industry_ret_60d,neutral,1127,-0.018933754400295624,-0.016707308903653097,0.09889396427774132,-3.039255584128631,0.4259094942324756,4307.092280390417
screened,trend_regime,5d,industry_ret_5d,neutral,1127,0.002762381869755929,0.004328724801971599,0.1343487016559204,0.32640027168788355,0.518189884649512,4313.133984028394
screened,trend_regime,5d,industry_ret_20d,neutral,1127,-0.002263743400022271,0.00384056053923119,0.13636401893510686,-0.26352855167929323,0.5128660159716061,4313.133984028394
screened,trend_regime,5d,industry_ret_60d,neutral,1127,-0.005216252592252439,0.002044051273496667,0.1374839057914303,-0.6022918997834962,0.5084294587400178,4313.133984028394
screened,trend_regime,5d,industry_breadth_20d,neutral,1127,0.0018803869335621685,0.0056266346209808,0.1316246325933353,0.22678290970740717,0.5261756876663709,4313.133984028394
screened,trend_regime,5d,industry_breadth_60d,neutral,1127,-0.0022580976028308596,0.0017496348917773906,0.13886240746786102,-0.2581417736654591,0.5066548358473825,4313.133984028394
screened,trend_regime,5d,industry_amount_share,neutral,1127,-0.006952243858796943,0.0010035192229645895,0.16487832240335495,-0.6693630079248725,0.5031055900621118,4313.133984028394
screened,trend_regime,5d,industry_amount_share_roll20d,neutral,1127,-0.005323739774730679,-0.0004720961885264076,0.16693141484089402,-0.506266295131521,0.4986690328305235,4313.133984028394
screened,trend_regime,5d,industry_amount_share_roll60d,neutral,1127,-0.0038531776286937036,0.0023137647359394186,0.16757668609644893,-0.36501078999785086,0.5022182786157942,4313.133984028394
screened,trend_regime,5d,industry_crowding_score,neutral,1127,-0.007593186674253584,-0.00379509553154515,0.12247812395185356,-0.9841602541101251,0.4800354924578527,4313.133984028394
screened,trend_regime,5d,stock_amount_share_in_industry,neutral,1127,-0.03438804823519238,-0.036485327790778066,0.12871964286488818,-4.2409482350124135,0.37710736468500444,4313.133984028394
screened,trend_regime,5d,turnover_rate,neutral,1127,-0.04727855409165252,-0.052757479533849315,0.1606462021473584,-4.6719048991330805,0.385980479148181,4308.270629991127
screened,trend_regime,5d,log_amount,neutral,1127,-0.0555257666649235,-0.05899278756903477,0.14306226299100802,-6.161262944407145,0.3433895297249335,4313.133984028394
screened,trend_regime,5d,log_total_mv,neutral,1127,-0.019852785782967404,-0.02037456355081154,0.166599540201145,-1.89168111569168,0.4338952972493345,4308.270629991127
screened,trend_regime,5d,stock_ret_1d,weak,284,0.0011317733933168346,0.000727043685580776,0.16193341582635587,0.11094896963355515,0.5035211267605634,4123.18661971831
screened,trend_regime,5d,stock_ret_5d,weak,284,-0.027451429557445183,-0.015060924201583156,0.1782047053709262,-2.445378384067874,0.4788732394366197,4123.024647887324
screened,trend_regime,5d,stock_ret_20d,weak,284,-0.06982436941822848,-0.07116327967725092,0.2051297559836375,-5.403543217219219,0.3591549295774648,4121.605633802817
screened,trend_regime,5d,stock_ret_60d,weak,284,-0.06665280394524659,-0.04891318923681418,0.22111060116930287,-4.785299551220698,0.4119718309859155,4107.172535211268
screened,trend_regime,5d,stock_rel_industry_ret_1d,weak,284,-0.0027776632064806257,-0.0061303567224001015,0.12749948278884685,-0.34583698268389457,0.47183098591549294,4123.18661971831
screened,trend_regime,5d,stock_rel_industry_ret_5d,weak,284,-0.02809905005240698,-0.01542769647917083,0.1448084516531637,-3.0803353395651523,0.44014084507042256,4123.024647887324
screened,trend_regime,5d,stock_rel_industry_ret_20d,weak,284,-0.0568447045620479,-0.044675808906668835,0.16643638932784333,-5.4217813386663325,0.36971830985915494,4121.605633802817
screened,trend_regime,5d,stock_rel_industry_ret_60d,weak,284,-0.05642856482926633,-0.04436591267906097,0.17876371289304405,-5.010948149231487,0.4084507042253521,4107.172535211268
screened,trend_regime,5d,industry_ret_5d,weak,284,-0.007504883601278942,-6.8139252693300135e-06,0.1299729592067964,-0.916624000037353,0.5,4123.18661971831
screened,trend_regime,5d,industry_ret_20d,weak,284,-0.035223916086676826,-0.029506423448513133,0.14158908510492613,-3.9491909463822914,0.4014084507042254,4123.18661971831
screened,trend_regime,5d,industry_ret_60d,weak,284,-0.028583101753011278,-0.021405103334132397,0.14097106030023757,-3.218693770604834,0.43661971830985913,4123.18661971831
screened,trend_regime,5d,industry_breadth_20d,weak,284,-0.019585827486650303,-0.017002887982644405,0.12890292482079124,-2.4120117750531516,0.4471830985915493,4123.18661971831
screened,trend_regime,5d,industry_breadth_60d,weak,284,-0.02197048691188319,-0.01841281712800389,0.12281769348083461,-2.8397428532191014,0.44014084507042256,4123.18661971831
screened,trend_regime,5d,industry_amount_share,weak,284,-0.012702167736723757,-0.005071033861659954,0.14226703621876507,-1.417339300909671,0.4859154929577465,4123.18661971831
screened,trend_regime,5d,industry_amount_share_roll20d,weak,284,-0.012604306178778715,-0.003907591571371757,0.1464995497739822,-1.365786842990794,0.4788732394366197,4123.18661971831
screened,trend_regime,5d,industry_amount_share_roll60d,weak,284,-0.007998740623705997,0.0017355180849575498,0.1474359475610375,-0.8612287101803799,0.5070422535211268,4123.18661971831
screened,trend_regime,5d,industry_crowding_score,weak,284,-0.0386551939582771,-0.028114601320588507,0.11420984648504393,-5.372848309079576,0.3732394366197183,4123.18661971831
screened,trend_regime,5d,stock_amount_share_in_industry,weak,284,-0.040585561099542235,-0.052338845492911734,0.13755386015301196,-4.683807551600202,0.3415492957746479,4123.18661971831
screened,trend_regime,5d,turnover_rate,weak,284,-0.04817760580643711,-0.04100470835344182,0.191770844205014,-3.988071208261427,0.397887323943662,4121.37676056338
screened,trend_regime,5d,log_amount,weak,284,-0.06706334328208045,-0.08554032005231019,0.1546949511997077,-6.881915422716434,0.29577464788732394,4123.18661971831
screened,trend_regime,5d,log_total_mv,weak,284,-0.039449859630245325,-0.047542182234152415,0.22002299605958098,-2.846280244536938,0.4084507042253521,4121.37676056338
screened,trend_regime,5d,stock_ret_1d,strong,556,-0.017758718602115135,-0.02109167125146348,0.12674847148669086,-2.224176077546161,0.43884892086330934,4293.212230215828
screened,trend_regime,5d,stock_ret_5d,strong,556,-0.03251369276021299,-0.025456900206583033,0.13181288210169714,-3.9156936959249093,0.4244604316546763,4293.161870503597
screened,trend_regime,5d,stock_ret_20d,strong,556,-0.04686470084781597,-0.04402058296997604,0.1367786130143405,-5.439111026711128,0.37589928057553956,4292.807553956834
screened,trend_regime,5d,stock_ret_60d,strong,556,-0.06536174510275869,-0.06963542818996302,0.1501487842774209,-6.910382536814123,0.33992805755395683,4290.714028776978
screened,trend_regime,5d,stock_rel_industry_ret_1d,strong,556,-0.015283763910394836,-0.008804479674476662,0.07712000079720395,-3.146035113012724,0.42985611510791366,4293.212230215828
screened,trend_regime,5d,stock_rel_industry_ret_5d,strong,556,-0.027075032851519944,-0.021052658335810725,0.0864180595739624,-4.973530117466943,0.37410071942446044,4293.161870503597
screened,trend_regime,5d,stock_rel_industry_ret_20d,strong,556,-0.03934171072851196,-0.03818474654876418,0.08381510436677986,-7.451285793356825,0.3129496402877698,4292.807553956834
screened,trend_regime,5d,stock_rel_industry_ret_60d,strong,556,-0.045855361617567196,-0.04948384030746511,0.08808324073787233,-8.264129391882538,0.3057553956834532,4290.714028776978
screened,trend_regime,5d,industry_ret_5d,strong,556,-0.01544948732659779,-0.012292894371279317,0.1323543334343358,-1.8530032355865949,0.4712230215827338,4293.212230215828
screened,trend_regime,5d,industry_ret_20d,strong,556,-0.020348214825744296,-0.01346683302768326,0.1476271929686578,-2.188065015818598,0.43884892086330934,4293.212230215828
screened,trend_regime,5d,industry_ret_60d,strong,556,-0.04066946568624194,-0.02534614275996757,0.15703390662119404,-4.111263400683249,0.4262589928057554,4293.212230215828
screened,trend_regime,5d,industry_breadth_20d,strong,556,-0.014205705199334727,-0.016530452145701494,0.13501302226468934,-1.6702728014807207,0.4550359712230216,4293.212230215828
screened,trend_regime,5d,industry_breadth_60d,strong,556,-0.027598936059392776,-0.021291369573725995,0.15254670820638913,-2.8720352784407552,0.46402877697841727,4293.212230215828
screened,trend_regime,5d,industry_amount_share,strong,556,-0.025167849795581534,-0.02375316026464632,0.15883621527615838,-2.515340905506888,0.4568345323741007,4293.212230215828
screened,trend_regime,5d,industry_amount_share_roll20d,strong,556,-0.022206122353339377,-0.015801756162056355,0.15929277801564842,-2.2129770625597387,0.46223021582733814,4293.212230215828
screened,trend_regime,5d,industry_amount_share_roll60d,strong,556,-0.020124702782444184,-0.016857484914806303,0.1560756375592284,-2.0468905821857524,0.4676258992805755,4293.212230215828
screened,trend_regime,5d,industry_crowding_score,strong,556,-0.03087598061659254,-0.024023221752243668,0.12212430805860325,-4.013459768757304,0.40467625899280574,4293.212230215828
screened,trend_regime,5d,stock_amount_share_in_industry,strong,556,-0.0351234309870856,-0.030936997846102238,0.10866328412305667,-5.131146053597907,0.36510791366906475,4293.212230215828
screened,trend_regime,5d,turnover_rate,strong,556,-0.07766005067545567,-0.08511436238588568,0.1661678515268489,-7.41909505372874,0.3255395683453237,4286.035971223022
screened,trend_regime,5d,log_amount,strong,556,-0.07935142770904575,-0.07975063095514577,0.14028310489014817,-8.979448126435027,0.2751798561151079,4293.212230215828
screened,trend_regime,5d,log_total_mv,strong,556,-0.027308712281934693,-0.04070005500575043,0.1655443723248201,-2.6187079744992925,0.39568345323741005,4286.035971223022
screened,trend_regime,10d,industry_amount_share,insufficient_history,60,0.021814887924243388,0.05168849846688242,0.10395219212707352,3.3313449468620977,0.5833333333333334,3009.733333333333
screened,trend_regime,10d,stock_amount_share_in_industry,insufficient_history,60,-0.06114050240297815,-0.09280348071069357,0.1493190247038487,-6.500011557642773,0.38333333333333336,3009.733333333333
screened,trend_regime,10d,turnover_rate,insufficient_history,60,0.024330650835440046,0.050543874206463335,0.1905563850274878,2.0268914527624298,0.55,3009.733333333333
screened,trend_regime,10d,log_amount,insufficient_history,60,-0.0502686479934605,-0.03895578105399955,0.11780500323363903,-6.77382136667172,0.35,3009.733333333333
screened,trend_regime,10d,log_total_mv,insufficient_history,60,-0.04923748317003071,-0.11559042793729349,0.23863918531513867,-3.275324682623247,0.4166666666666667,3009.733333333333
screened,trend_regime,10d,stock_ret_1d,insufficient_history,59,0.017013326432797942,0.006871627687947952,0.15134077495836742,1.7845698514836223,0.5254237288135594,3008.830508474576
screened,trend_regime,10d,stock_rel_industry_ret_1d,insufficient_history,59,0.0008759531743470803,0.00602463864547077,0.09395993070542949,0.14799207973400882,0.5932203389830508,3008.830508474576
screened,trend_regime,10d,stock_ret_5d,insufficient_history,55,-0.004873775482186844,0.0344348571895155,0.14436564179769215,-0.5359224415696022,0.6181818181818182,2998.4
screened,trend_regime,10d,stock_rel_industry_ret_5d,insufficient_history,55,-0.03325236527488421,-0.009921831670132372,0.10351049682273067,-5.099627094208126,0.4909090909090909,2998.4
screened,trend_regime,10d,industry_ret_5d,insufficient_history,55,0.03704225193946622,0.04594904391190777,0.14299984065255686,4.112085140223908,0.6181818181818182,3005.2909090909093
screened,trend_regime,10d,industry_breadth_20d,insufficient_history,51,0.0423697378538718,0.041634293457416156,0.14525424430665163,4.6304928304753545,0.5686274509803921,3000.6470588235293
screened,trend_regime,10d,industry_amount_share_roll20d,insufficient_history,51,0.031130891345786716,0.04534779612913359,0.09217540190827857,5.361382422265984,0.6862745098039216,3000.6470588235293
screened,trend_regime,10d,stock_ret_20d,insufficient_history,40,-0.09692444887518878,-0.0823035346165856,0.23338435762898796,-6.592678025835924,0.35,2961.1
screened,trend_regime,10d,stock_rel_industry_ret_20d,insufficient_history,40,-0.11962537124958048,-0.12209337579398918,0.153183947586038,-12.39682046876614,0.275,2961.1
screened,trend_regime,10d,industry_ret_20d,insufficient_history,40,0.015109352411461862,0.019252353065448605,0.1982055636728515,1.2101251310365009,0.55,3000.325
screened,trend_regime,10d,industry_breadth_60d,insufficient_history,31,-0.027040681332041145,-0.01874791680479968,0.1257103293839201,-3.414655825194849,0.3548387096774194,3038.516129032258
screened,trend_regime,10d,industry_amount_share_roll60d,insufficient_history,31,0.05901936340557117,0.07350206683683438,0.06821310818639728,13.734945871265216,0.8709677419354839,3038.516129032258
screened,trend_regime,10d,stock_ret_1d,neutral,1122,-0.0031137276825758207,0.0006273456335259688,0.12062101874025027,-0.40978674452485364,0.5044563279857398,4306.738859180035
screened,trend_regime,10d,stock_ret_5d,neutral,1122,-0.019741277651458444,-0.013038988999502756,0.12304971871466058,-2.5468003555320613,0.45098039215686275,4306.624777183601
screened,trend_regime,10d,stock_ret_20d,neutral,1122,-0.03835657147864204,-0.03524468292664262,0.12859353882825858,-4.735010026270111,0.3859180035650624,4305.9001782531195
screened,trend_regime,10d,stock_ret_60d,neutral,1122,-0.025657001984187133,-0.03174281465895547,0.12922666902714827,-3.1517664495425044,0.40998217468805703,4300.736185383244
screened,trend_regime,10d,stock_rel_industry_ret_1d,neutral,1122,-0.006297566025607376,-0.004313283058640973,0.07246925370063333,-1.379492078469211,0.4768270944741533,4306.738859180035
screened,trend_regime,10d,stock_rel_industry_ret_5d,neutral,1122,-0.02191993080298037,-0.01934938456098315,0.08331355545244373,-4.176608621164973,0.3894830659536542,4306.624777183601
screened,trend_regime,10d,stock_rel_industry_ret_20d,neutral,1122,-0.0371554187256357,-0.033622343719842684,0.09500107360164385,-6.20860338181295,0.3270944741532977,4305.9001782531195
screened,trend_regime,10d,stock_rel_industry_ret_60d,neutral,1122,-0.02147464158621271,-0.020324920332444874,0.09811028898158702,-3.4746545986850115,0.41889483065953653,4300.736185383244
screened,trend_regime,10d,industry_ret_5d,neutral,1122,0.0029219270433297,0.012029945315647033,0.1340802460417827,0.3459432332775805,0.5401069518716578,4306.738859180035
screened,trend_regime,10d,industry_ret_20d,neutral,1122,-0.006591829525579004,-0.001465701164832473,0.13484970300566054,-0.7759902122535417,0.4964349376114082,4306.738859180035
screened,trend_regime,10d,industry_ret_60d,neutral,1122,-0.00858988007071951,-0.008564292085181755,0.13346600374061462,-1.021684286127068,0.4750445632798574,4306.738859180035
screened,trend_regime,10d,industry_breadth_20d,neutral,1122,0.0013112737889710542,0.00812735612019884,0.13442439866939015,0.15485154692195607,0.5213903743315508,4306.738859180035
screened,trend_regime,10d,industry_breadth_60d,neutral,1122,-0.004475845274732432,-0.0037873101436521773,0.14205898121468863,-0.5001573319401427,0.4875222816399287,4306.738859180035
screened,trend_regime,10d,industry_amount_share,neutral,1122,-0.006419884652196136,-0.0038833207254693886,0.17339553263599122,-0.5877458770897684,0.49019607843137253,4306.738859180035
screened,trend_regime,10d,industry_amount_share_roll20d,neutral,1122,-0.00473010746808606,0.0028052102637233746,0.17509474150177348,-0.4288428514012803,0.5124777183600713,4306.738859180035
screened,trend_regime,10d,industry_amount_share_roll60d,neutral,1122,-0.00225227005343571,0.003456640212987609,0.17577241038851274,-0.20340893432289692,0.5044563279857398,4306.738859180035
screened,trend_regime,10d,industry_crowding_score,neutral,1122,-0.01014140702323965,-0.009249048526642968,0.12188052702185888,-1.3208824206822039,0.4741532976827095,4306.738859180035
screened,trend_regime,10d,stock_amount_share_in_industry,neutral,1122,-0.04623397027977916,-0.04728977440789644,0.13542242159978543,-5.419645552268319,0.3582887700534759,4306.738859180035
screened,trend_regime,10d,turnover_rate,neutral,1122,-0.057400601207615795,-0.0646116441934326,0.16549757154754152,-5.5058590098037445,0.37344028520499106,4301.867201426025
screened,trend_regime,10d,log_amount,neutral,1122,-0.07114073872210763,-0.07432823800540195,0.15037223494647944,-7.510191072618347,0.33511586452762926,4306.738859180035
screened,trend_regime,10d,log_total_mv,neutral,1122,-0.028398502367470758,-0.03546771311679511,0.17568880508182108,-2.5659702621125424,0.4028520499108734,4301.867201426025
screened,trend_regime,10d,stock_ret_1d,weak,284,-0.0010509494600300495,0.004150650295968724,0.15604586390856998,-0.10691283352564734,0.5140845070422535,4120.30985915493
screened,trend_regime,10d,stock_ret_5d,weak,284,-0.03220776597101632,-0.005197435866605255,0.17394180168531273,-2.9393879407473062,0.4788732394366197,4120.147887323944
screened,trend_regime,10d,stock_ret_20d,weak,284,-0.10279202887900363,-0.07379722874030761,0.1755457798502742,-9.295426369312004,0.27816901408450706,4118.728873239436
screened,trend_regime,10d,stock_ret_60d,weak,284,-0.09320507883827087,-0.06325649582777415,0.2008952746375893,-7.364955496711113,0.3732394366197183,4104.37676056338
screened,trend_regime,10d,stock_rel_industry_ret_1d,weak,284,-0.000501917763002129,0.003506838325529016,0.12381175280274292,-0.0643533210433672,0.5246478873239436,4120.30985915493
screened,trend_regime,10d,stock_rel_industry_ret_5d,weak,284,-0.028663012634226194,-0.006663472958283105,0.1406437628622501,-3.2352036825268837,0.4753521126760563,4120.147887323944
screened,trend_regime,10d,stock_rel_industry_ret_20d,weak,284,-0.08195944239266426,-0.04603737004551128,0.1471880767394604,-8.839478317867552,0.29225352112676056,4118.728873239436
screened,trend_regime,10d,stock_rel_industry_ret_60d,weak,284,-0.079074680697887,-0.054029902780995495,0.16166433727026913,-7.7646787285691685,0.36971830985915494,4104.37676056338
screened,trend_regime,10d,industry_ret_5d,weak,284,-0.01362322427401832,-0.01351296353632517,0.13077842103897339,-1.653651873033527,0.4612676056338028,4120.30985915493
screened,trend_regime,10d,industry_ret_20d,weak,284,-0.05688387627434536,-0.04223856208567108,0.12683316735296118,-7.119616739324681,0.352112676056338,4120.30985915493
screened,trend_regime,10d,industry_ret_60d,weak,284,-0.038459585280105686,-0.032029167725680624,0.1306023923967785,-4.6746998876729595,0.40492957746478875,4120.30985915493
screened,trend_regime,10d,industry_breadth_20d,weak,284,-0.03412074919318442,-0.030935637159562476,0.12815045129307195,-4.226673382800058,0.4119718309859155,4120.30985915493
screened,trend_regime,10d,industry_breadth_60d,weak,284,-0.033143733018355784,-0.025861557464605035,0.11795550984130293,-4.460499142678503,0.3591549295774648,4120.30985915493
screened,trend_regime,10d,industry_amount_share,weak,284,-0.012904262556013762,0.005989841096876659,0.14853646460530445,-1.3791146705941946,0.528169014084507,4120.30985915493
screened,trend_regime,10d,industry_amount_share_roll20d,weak,284,-0.011381737392954602,0.00670086192558687,0.15139831177967172,-1.1934048514395321,0.528169014084507,4120.30985915493
screened,trend_regime,10d,industry_amount_share_roll60d,weak,284,-0.00608385993009862,0.0075457550225693495,0.1530950681321572,-0.6308386252846542,0.5387323943661971,4120.30985915493
screened,trend_regime,10d,industry_crowding_score,weak,284,-0.05962750334381478,-0.04629633215363918,0.115427408117699,-8.200455042005725,0.3345070422535211,4120.30985915493
screened,trend_regime,10d,stock_amount_share_in_industry,weak,284,-0.05630315460168332,-0.052719692773092984,0.12684862806883393,-7.04607439776051,0.31690140845070425,4120.30985915493
screened,trend_regime,10d,turnover_rate,weak,284,-0.0659512620743191,-0.08578105826079435,0.18332069237734644,-5.710996478465949,0.2992957746478873,4118.5
screened,trend_regime,10d,log_amount,weak,284,-0.08781129500784772,-0.0929932812246802,0.15042986470991318,-9.266518294408167,0.2605633802816901,4120.30985915493
screened,trend_regime,10d,log_total_mv,weak,284,-0.04894201581105239,-0.04290948787475239,0.21070377328319564,-3.68731135130259,0.38380281690140844,4118.5
screened,trend_regime,10d,stock_ret_1d,strong,556,-0.00908241456801538,-0.0024873545099798546,0.112781322624133,-1.2783930721069725,0.4892086330935252,4289.906474820144
screened,trend_regime,10d,stock_ret_5d,strong,556,-0.02351655383267814,-0.022572053785233283,0.11711069535048123,-3.187699617784238,0.41007194244604317,4289.856115107914
screened,trend_regime,10d,stock_ret_20d,strong,556,-0.04250500141989075,-0.03975041343020021,0.1330347530342961,-5.071952734237205,0.3830935251798561,4289.501798561151
screened,trend_regime,10d,stock_ret_60d,strong,556,-0.07597614133962666,-0.08045180884708869,0.1491108320372989,-8.08850595811834,0.29856115107913667,4287.476618705036
screened,trend_regime,10d,stock_rel_industry_ret_1d,strong,556,-0.006290495717587486,-0.0028193697888937827,0.06821822553218017,-1.4638100445051014,0.4802158273381295,4289.906474820144
screened,trend_regime,10d,stock_rel_industry_ret_5d,strong,556,-0.019212882310725304,-0.01573209978164143,0.07483398420870431,-4.075622253747535,0.38669064748201437,4289.856115107914
screened,trend_regime,10d,stock_rel_industry_ret_20d,strong,556,-0.0371413745666589,-0.03890405879019973,0.07962175506971678,-7.405024446027578,0.32194244604316546,4289.501798561151
screened,trend_regime,10d,stock_rel_industry_ret_60d,strong,556,-0.05200610662861075,-0.052348682402480515,0.08953247070203034,-9.220915521516478,0.25719424460431656,4287.476618705036
screened,trend_regime,10d,industry_ret_5d,strong,556,-0.012554334522246859,-0.015599430022763877,0.13024224172259335,-1.5301785311339324,0.4658273381294964,4289.906474820144
screened,trend_regime,10d,industry_ret_20d,strong,556,-0.01700889432499461,-0.019306702624839175,0.14561934441404747,-1.8542030102329903,0.4550359712230216,4289.906474820144
screened,trend_regime,10d,industry_ret_60d,strong,556,-0.0490642539953854,-0.044934504889567115,0.14897102349523023,-5.228338154185536,0.3776978417266187,4289.906474820144
screened,trend_regime,10d,industry_breadth_20d,strong,556,-0.011166816009209126,-0.014331180289907115,0.130608414291808,-1.3572456992291284,0.45863309352517984,4289.906474820144
screened,trend_regime,10d,industry_breadth_60d,strong,556,-0.034682789376852055,-0.02636562907565948,0.14564560059032555,-3.780218630425778,0.4172661870503597,4289.906474820144
screened,trend_regime,10d,industry_amount_share,strong,556,-0.03148163629776794,-0.030427459167561146,0.1588181221816476,-3.1467157285997596,0.44064748201438847,4289.906474820144
screened,trend_regime,10d,industry_amount_share_roll20d,strong,556,-0.029352578712844475,-0.030554117367136396,0.15885738166661714,-2.9331828133343034,0.4370503597122302,4289.906474820144
screened,trend_regime,10d,industry_amount_share_roll60d,strong,556,-0.027128893656482717,-0.03715071467168666,0.15535332165486285,-2.772118620759118,0.447841726618705,4289.906474820144
screened,trend_regime,10d,industry_crowding_score,strong,556,-0.03516154742891731,-0.03826543425618116,0.1251765182665614,-4.4590812157443755,0.3579136690647482,4289.906474820144
screened,trend_regime,10d,stock_amount_share_in_industry,strong,556,-0.045023490667623296,-0.04233846173999366,0.10437447754434986,-6.8477061978271205,0.36330935251798563,4289.906474820144
screened,trend_regime,10d,turnover_rate,strong,556,-0.09831783112850864,-0.11336590316384157,0.15570574033132983,-10.023697137526996,0.302158273381295,4282.730215827338
screened,trend_regime,10d,log_amount,strong,556,-0.1004711135085397,-0.1134151428127669,0.14730088880073716,-10.827697610797088,0.22122302158273383,4289.906474820144
screened,trend_regime,10d,log_total_mv,strong,556,-0.03690439983069029,-0.05573270436415892,0.1683764837507436,-3.4793408934934895,0.368705035971223,4282.730215827338
screened,vol_regime,3d,industry_amount_share,insufficient_history,272,-0.007381166043195257,-0.015403637158166058,0.09981592115139354,-1.1738846575196875,0.4485294117647059,3213.301470588235
screened,vol_regime,3d,stock_amount_share_in_industry,insufficient_history,272,-0.026265282778497795,-0.029014746031974403,0.10635072219703923,-3.920504059273462,0.3897058823529412,3213.301470588235
screened,vol_regime,3d,turnover_rate,insufficient_history,272,-0.03707382619976346,-0.05076974971372073,0.18054841763783394,-3.259672686945241,0.41911764705882354,3213.301470588235
screened,vol_regime,3d,log_amount,insufficient_history,272,-0.045580215690585825,-0.05973472845843329,0.12496990292981137,-5.7899020129529175,0.3382352941176471,3213.301470588235
screened,vol_regime,3d,log_total_mv,insufficient_history,272,-0.012871035941431878,-0.01633535335747131,0.1711615716648542,-1.1937338464085385,0.47794117647058826,3213.301470588235
screened,vol_regime,3d,stock_ret_1d,insufficient_history,271,0.004415737118856016,0.0028677204778115297,0.1302280921466762,0.5382682989030366,0.5055350553505535,3213.778597785978
screened,vol_regime,3d,stock_rel_industry_ret_1d,insufficient_history,271,-0.00019586450983315813,0.0024132020737096687,0.09981163816994064,-0.031151203998863876,0.5202952029520295,3213.778597785978
screened,vol_regime,3d,stock_ret_5d,insufficient_history,267,-0.020770760704597095,-0.021979331433357435,0.14326599067333698,-2.301492508070477,0.43820224719101125,3213.4157303370785
screened,vol_regime,3d,stock_rel_industry_ret_5d,insufficient_history,267,-0.02506554755127181,-0.02817026562180908,0.11503830033418164,-3.4588761362266522,0.41947565543071164,3213.4157303370785
screened,vol_regime,3d,industry_ret_5d,insufficient_history,267,-0.0025229012153695184,-0.00881473862091334,0.1083288560863845,-0.36970588111412583,0.4794007490636704,3215.674157303371
screened,vol_regime,3d,industry_breadth_20d,insufficient_history,263,-0.002586422482996377,0.0012496485679175042,0.10085704579125361,-0.40709286822763735,0.5019011406844106,3217.45247148289
screened,vol_regime,3d,industry_amount_share_roll20d,insufficient_history,263,-0.007152820292731944,-0.00887333579780019,0.10208493295724241,-1.1122846311843915,0.4752851711026616,3217.45247148289
screened,vol_regime,3d,stock_ret_20d,insufficient_history,252,-0.047727769613196934,-0.04436800308211443,0.15012151469449822,-5.046943842204613,0.40476190476190477,3209.936507936508
screened,vol_regime,3d,stock_rel_industry_ret_20d,insufficient_history,252,-0.047109570078140504,-0.0443540349010265,0.11804032433691371,-6.335472602168299,0.38492063492063494,3209.936507936508
screened,vol_regime,3d,industry_ret_20d,insufficient_history,252,-0.012464185140638984,-0.005581556476515856,0.11382826417194848,-1.7382572465859059,0.4523809523809524,3222.6309523809523
screened,vol_regime,3d,industry_breadth_60d,insufficient_history,243,-0.0060310485300346765,-0.006166375101678048,0.08767954696882056,-1.0919299955626627,0.46502057613168724,3234.98353909465
screened,vol_regime,3d,industry_amount_share_roll60d,insufficient_history,243,-0.005090324400130899,-0.0028559358306643255,0.10201895821355064,-0.792072337802106,0.4773662551440329,3234.98353909465
screened,vol_regime,3d,stock_ret_60d,insufficient_history,212,-0.02661925384409945,-0.019869936051409413,0.13586363160288348,-3.1102330296944256,0.419811320754717,3200.5377358490564
screened,vol_regime,3d,stock_rel_industry_ret_60d,insufficient_history,212,-0.02245557117052026,-0.017123403660326955,0.11386099391679955,-3.1307573289859887,0.4528301886792453,3200.5377358490564
screened,vol_regime,3d,industry_ret_60d,insufficient_history,212,-0.009076077154821742,-0.007607200303764862,0.09409030133966956,-1.5312764029740966,0.45754716981132076,3260.382075471698
screened,vol_regime,3d,industry_crowding_score,insufficient_history,212,-0.0075491008258249,-0.0014725939917003105,0.0750926510510564,-1.5958720163206197,0.49056603773584906,3260.382075471698
screened,vol_regime,3d,stock_ret_1d,low_vol,180,-0.011630345781081767,-0.011320046917884012,0.1229374005637757,-1.5017888351625923,0.45555555555555555,4652.75
screened,vol_regime,3d,stock_ret_5d,low_vol,180,-0.011513237797099056,-0.009113008078880571,0.12644934851266715,-1.4453770314153145,0.4777777777777778,4652.75
screened,vol_regime,3d,stock_ret_20d,low_vol,180,-0.01933692004749359,-0.020979067309054102,0.12349861971786644,-2.4855669650956895,0.4111111111111111,4652.75
screened,vol_regime,3d,stock_ret_60d,low_vol,180,-0.018406303867063576,-0.022239601223801125,0.13615747239553094,-2.1459785525396597,0.4222222222222222,4652.727777777778
screened,vol_regime,3d,stock_rel_industry_ret_1d,low_vol,180,-0.005781985862144203,-0.004716248243196675,0.0679236218157931,-1.3513145736084449,0.4722222222222222,4652.75
screened,vol_regime,3d,stock_rel_industry_ret_5d,low_vol,180,-0.014673056666615301,-0.014645831544733142,0.07762460189855955,-3.000692406545626,0.43333333333333335,4652.75
screened,vol_regime,3d,stock_rel_industry_ret_20d,low_vol,180,-0.025299062917186477,-0.020524752839370997,0.0802404166783996,-5.005085839730217,0.40555555555555556,4652.75
screened,vol_regime,3d,stock_rel_industry_ret_60d,low_vol,180,-0.019329589596385463,-0.02179225566492487,0.09926791541876857,-3.091106736828365,0.38333333333333336,4652.727777777778
screened,vol_regime,3d,industry_ret_5d,low_vol,180,0.003939993698100877,0.010656883957696772,0.14491204530141955,0.4316098142423156,0.55,4652.75
screened,vol_regime,3d,industry_ret_20d,low_vol,180,0.005937216530269144,0.0038758687152914664,0.14287206554220955,0.6596838238218004,0.5111111111111111,4652.75
screened,vol_regime,3d,industry_ret_60d,low_vol,180,0.00045810393705726123,0.011643343253236287,0.13511563009115915,0.053821860191394906,0.55,4652.75
screened,vol_regime,3d,industry_breadth_20d,low_vol,180,0.013276839658099273,0.013252052283325483,0.14178130622870275,1.4865379731604935,0.5444444444444444,4652.75
screened,vol_regime,3d,industry_breadth_60d,low_vol,180,-0.0009786008692315112,0.010502966183495149,0.14108028479182688,-0.11011323956137407,0.5388888888888889,4652.75
screened,vol_regime,3d,industry_amount_share,low_vol,180,0.01596735814844728,0.01717918067413649,0.1696335273900341,1.4942444246304407,0.5388888888888889,4652.75
screened,vol_regime,3d,industry_amount_share_roll20d,low_vol,180,0.0149954898970324,0.01778927959715856,0.17074661234954455,1.3941478489977828,0.5277777777777778,4652.75
screened,vol_regime,3d,industry_amount_share_roll60d,low_vol,180,0.014232964497785725,0.014612107733175467,0.16899849575148365,1.3369427099183548,0.5333333333333333,4652.75
screened,vol_regime,3d,industry_crowding_score,low_vol,180,0.01054320331878328,0.008711558809688914,0.1204056205049716,1.390036140497592,0.5444444444444444,4652.75
screened,vol_regime,3d,stock_amount_share_in_industry,low_vol,180,-0.03740237599426034,-0.030283078644406474,0.12943529507519844,-4.587190160129977,0.40555555555555556,4652.75
screened,vol_regime,3d,turnover_rate,low_vol,180,-0.017275958728791178,-0.016380476554290913,0.14395401973312644,-1.9051037494333534,0.45555555555555555,4652.75
screened,vol_regime,3d,log_amount,low_vol,180,-0.03608454674214781,-0.03742754452536122,0.1322639005424135,-4.330920370290795,0.39444444444444443,4652.75
screened,vol_regime,3d,log_total_mv,low_vol,180,-0.026585509920634708,-0.024697110194253358,0.1458048040793482,-2.8944991835616505,0.4111111111111111,4652.75
screened,vol_regime,3d,stock_ret_1d,normal_vol,1084,-0.007750215093664877,-0.004341107427675201,0.135403902474803,-0.9086211565687562,0.4870848708487085,4611.286900369004
screened,vol_regime,3d,stock_ret_5d,normal_vol,1084,-0.01905890483771868,-0.014042410687131832,0.13703143648975652,-2.2078928932027453,0.4547970479704797,4611.286900369004
screened,vol_regime,3d,stock_ret_20d,normal_vol,1084,-0.027865653140823777,-0.024809964408010053,0.1440502519241567,-3.0708278817793078,0.4188191881918819,4611.276752767528
screened,vol_regime,3d,stock_ret_60d,normal_vol,1084,-0.025351591207370298,-0.021785031757609673,0.15493123204158457,-2.5975655698576157,0.4418819188191882,4611.2315498154985
screened,vol_regime,3d,stock_rel_industry_ret_1d,normal_vol,1084,-0.007864076281582732,-0.0028062100141768172,0.08779244245050336,-1.4219713828355967,0.48800738007380073,4611.286900369004
screened,vol_regime,3d,stock_rel_industry_ret_5d,normal_vol,1084,-0.017835588778541318,-0.015170067479396903,0.09236467773004259,-3.0653622285580298,0.4354243542435424,4611.286900369004
screened,vol_regime,3d,stock_rel_industry_ret_20d,normal_vol,1084,-0.022720155694561824,-0.02586177894244194,0.09707546587248506,-3.7153701716212897,0.3763837638376384,4611.276752767528
screened,vol_regime,3d,stock_rel_industry_ret_60d,normal_vol,1084,-0.01745231969829659,-0.017936506058313262,0.10516216170166036,-2.6344740527803867,0.42712177121771217,4611.2315498154985
screened,vol_regime,3d,industry_ret_5d,normal_vol,1084,-0.0049976738296923775,9.939296166070811e-05,0.1408071151449738,-0.5634346846848438,0.5,4611.286900369004
screened,vol_regime,3d,industry_ret_20d,normal_vol,1084,-0.011870607705122263,-0.007388347637646765,0.1490129977659361,-1.2645880441232273,0.4806273062730627,4611.286900369004
screened,vol_regime,3d,industry_ret_60d,normal_vol,1084,-0.01564334269408107,-0.0013411890679739004,0.15801803603834938,-1.5715317876341586,0.49907749077490776,4611.286900369004
screened,vol_regime,3d,industry_breadth_20d,normal_vol,1084,-0.008713254697704554,-0.007194819104946144,0.14019673041142963,-0.9866038233176417,0.4797047970479705,4611.286900369004
screened,vol_regime,3d,industry_breadth_60d,normal_vol,1084,-0.009276809895982226,0.0012369691418636331,0.14986192928479425,-0.9826697972698121,0.503690036900369,4611.286900369004
screened,vol_regime,3d,industry_amount_share,normal_vol,1084,-0.013129018474565298,-0.008193878115248918,0.16947864405310953,-1.2297520328704228,0.48616236162361626,4611.286900369004
screened,vol_regime,3d,industry_amount_share_roll20d,normal_vol,1084,-0.010829949749685899,-0.0023641936671767536,0.1717252252481707,-1.0011349366146896,0.48985239852398527,4611.286900369004
screened,vol_regime,3d,industry_amount_share_roll60d,normal_vol,1084,-0.008797912535221716,-0.0006133332463306167,0.1711418889716043,-0.8160628154065741,0.49723247232472323,4611.286900369004
screened,vol_regime,3d,industry_crowding_score,normal_vol,1084,-0.018227379670230696,-0.01071302055979681,0.12969142407348735,-2.2310702810600196,0.46955719557195574,4611.286900369004
screened,vol_regime,3d,stock_amount_share_in_industry,normal_vol,1084,-0.02167657811971743,-0.02352724229116366,0.13040580984512398,-2.6387245344857995,0.4280442804428044,4611.286900369004
screened,vol_regime,3d,turnover_rate,normal_vol,1084,-0.050147132423192485,-0.04864721891202963,0.16469511917542823,-4.833543653961033,0.37546125461254615,4607.321033210332
screened,vol_regime,3d,log_amount,normal_vol,1084,-0.04620334096267267,-0.05092696847538053,0.14390630368573598,-5.09675588059756,0.3643911439114391,4611.286900369004
screened,vol_regime,3d,log_total_mv,normal_vol,1084,-0.009415941839798025,-0.01937666160126996,0.17575545199288733,-0.8504626235513332,0.45571955719557194,4607.321033210332
screened,vol_regime,3d,stock_ret_1d,high_vol,493,-0.011520465536789686,-0.010719512172188684,0.1326016851222523,-1.3791809705857543,0.47058823529411764,3864.42799188641
screened,vol_regime,3d,stock_ret_5d,high_vol,493,-0.03531493709786627,-0.022877184611846516,0.15575307422886778,-3.5993334291256938,0.40162271805273836,3864.423935091278
screened,vol_regime,3d,stock_ret_20d,high_vol,493,-0.041745571798776276,-0.03258597604902459,0.17370376853312872,-3.815060625930703,0.3995943204868154,3864.4158215010143
screened,vol_regime,3d,stock_ret_60d,high_vol,493,-0.0509334804276369,-0.048907262872260264,0.1847852829382914,-4.375586209325064,0.3894523326572008,3864.288032454361
screened,vol_regime,3d,stock_rel_industry_ret_1d,high_vol,493,-0.011649475929574155,-0.010203824777114826,0.1000325322451121,-1.8486955506652536,0.45233265720081134,3864.42799188641
screened,vol_regime,3d,stock_rel_industry_ret_5d,high_vol,493,-0.033583461197386345,-0.024450759079485858,0.11987059455573199,-4.447470381992341,0.3772819472616633,3864.423935091278
screened,vol_regime,3d,stock_rel_industry_ret_20d,high_vol,493,-0.04050800647301982,-0.03722960691108733,0.12985677432867035,-4.951953186362618,0.3691683569979716,3864.4158215010143
screened,vol_regime,3d,stock_rel_industry_ret_60d,high_vol,493,-0.044366146541760625,-0.04465276814489137,0.13161125187515213,-5.351295821930024,0.3488843813387424,3864.288032454361
screened,vol_regime,3d,industry_ret_5d,high_vol,493,-0.006658379159754878,-0.010008444974059505,0.12801762872769543,-0.8256557585029912,0.47058823529411764,3864.42799188641
screened,vol_regime,3d,industry_ret_20d,high_vol,493,-0.007082364568254085,-0.006806268596983371,0.14266128724676702,-0.788083818821155,0.4787018255578093,3864.42799188641
screened,vol_regime,3d,industry_ret_60d,high_vol,493,-0.016946924074353952,-0.008181225084188247,0.15000472700022643,-1.7934373463377469,0.4685598377281947,3864.42799188641
screened,vol_regime,3d,industry_breadth_20d,high_vol,493,-0.0009041467919682405,0.001415780652905299,0.13093426878988512,-0.10961901337304968,0.5050709939148073,3864.42799188641
screened,vol_regime,3d,industry_breadth_60d,high_vol,493,-0.013133115077170026,-0.010713912216936081,0.15133984321566712,-1.3775733750801575,0.4685598377281947,3864.42799188641
screened,vol_regime,3d,industry_amount_share,high_vol,493,-0.020539666983447176,-0.01641184448003991,0.14431065053982808,-2.259411234597163,0.4563894523326572,3864.42799188641
screened,vol_regime,3d,industry_amount_share_roll20d,high_vol,493,-0.01868375288818282,-0.012047861809362332,0.14621141735987445,-2.028537767793334,0.460446247464503,3864.42799188641
screened,vol_regime,3d,industry_amount_share_roll60d,high_vol,493,-0.016939375822980742,-0.018001637338245825,0.14536883577010878,-1.8498067576110817,0.460446247464503,3864.42799188641
screened,vol_regime,3d,industry_crowding_score,high_vol,493,-0.01759629605246678,-0.016703458533218377,0.1192645460817254,-2.342125545950234,0.42190669371196754,3864.42799188641
screened,vol_regime,3d,stock_amount_share_in_industry,high_vol,493,-0.030038656756187124,-0.03443845514514781,0.1100661261631869,-4.332385535807986,0.3671399594320487,3864.42799188641
screened,vol_regime,3d,turnover_rate,high_vol,493,-0.04203550820791739,-0.04798959470541268,0.18499253558973458,-3.6071347613401303,0.3813387423935091,3852.8823529411766
screened,vol_regime,3d,log_amount,high_vol,493,-0.06232227509979996,-0.06572387010637289,0.1551162386319058,-6.37802627918704,0.3265720081135903,3864.42799188641
screened,vol_regime,3d,log_total_mv,high_vol,493,-0.04082686738823117,-0.04713135668318596,0.18314567564858164,-3.538748186214442,0.3894523326572008,3852.8823529411766
screened,vol_regime,5d,industry_amount_share,insufficient_history,272,-0.009340075330057738,-0.0174527538738218,0.10077889440883589,-1.4712316519187192,0.4411764705882353,3207.6654411764707
screened,vol_regime,5d,stock_amount_share_in_industry,insufficient_history,272,-0.034600623191729726,-0.038630430248575334,0.10889450377238093,-5.044036622703602,0.3639705882352941,3207.6654411764707
screened,vol_regime,5d,turnover_rate,insufficient_history,272,-0.04944978218855363,-0.06860741808345014,0.17618744124788968,-4.455430822897814,0.39705882352941174,3207.6654411764707
screened,vol_regime,5d,log_amount,insufficient_history,272,-0.058305949905781376,-0.07424091971595867,0.1220447521653845,-7.583925109555394,0.2757352941176471,3207.6654411764707
screened,vol_regime,5d,log_total_mv,insufficient_history,272,-0.013913434729192764,-0.013321584921317525,0.17485828519019248,-1.2631310481902656,0.47058823529411764,3207.6654411764707
screened,vol_regime,5d,stock_ret_1d,insufficient_history,271,-0.002448805859320566,0.005105764171340651,0.12480497610111145,-0.31147466304185323,0.5202952029520295,3208.158671586716
screened,vol_regime,5d,stock_rel_industry_ret_1d,insufficient_history,271,-0.007615428002576627,-0.001014461286647906,0.0944495139934229,-1.279955466379944,0.4944649446494465,3208.158671586716
screened,vol_regime,5d,stock_ret_5d,insufficient_history,267,-0.018778021141202375,-0.01050243968711652,0.13804372326724873,-2.1594016538087093,0.4868913857677903,3207.827715355805
screened,vol_regime,5d,stock_rel_industry_ret_5d,insufficient_history,267,-0.024261057393631432,-0.01522121353188926,0.11081164831528148,-3.47555832168747,0.44569288389513106,3207.827715355805
screened,vol_regime,5d,industry_ret_5d,insufficient_history,267,-0.0012432099653479226,-0.0013030549136662808,0.10888974762444235,-0.18124154757483352,0.49063670411985016,3210.0749063670414
screened,vol_regime,5d,industry_breadth_20d,insufficient_history,263,-0.00557343917224439,0.00041185352148510087,0.10011223883448638,-0.8837641132858995,0.5019011406844106,3211.9543726235743
screened,vol_regime,5d,industry_amount_share_roll20d,insufficient_history,263,-0.009574059655345702,-0.014239289275582394,0.10343070902896613,-1.4694232181032953,0.4524714828897338,3211.9543726235743
screened,vol_regime,5d,stock_ret_20d,insufficient_history,252,-0.0613946371622997,-0.05655710369976263,0.1522248626294803,-6.402434094876891,0.373015873015873,3205.3293650793653
screened,vol_regime,5d,stock_rel_industry_ret_20d,insufficient_history,252,-0.059016297742944604,-0.056983888945523156,0.12135866951041181,-7.7197178128676445,0.3531746031746032,3205.3293650793653
screened,vol_regime,5d,industry_ret_20d,insufficient_history,252,-0.018159363335136465,-0.011005501939630315,0.11242819681785708,-2.5640450018000025,0.4444444444444444,3217.972222222222
screened,vol_regime,5d,industry_breadth_60d,insufficient_history,243,-0.010633323813258686,-0.005266585915198586,0.0856187040813096,-1.971517606236106,0.4773662551440329,3230.7119341563784
screened,vol_regime,5d,industry_amount_share_roll60d,insufficient_history,243,-0.006868790174721136,-0.014825561864069735,0.1041381443755801,-1.0470578702451434,0.4609053497942387,3230.7119341563784
screened,vol_regime,5d,stock_ret_60d,insufficient_history,212,-0.03568803610194656,-0.01758207939558544,0.13637258213562434,-4.154280874969807,0.42452830188679247,3197.1367924528304
screened,vol_regime,5d,stock_rel_industry_ret_60d,insufficient_history,212,-0.030103344691922676,-0.01625311769772338,0.11558696606326356,-4.134339695835163,0.4481132075471698,3197.1367924528304
screened,vol_regime,5d,industry_ret_60d,insufficient_history,212,-0.012175643106501521,-0.008557480035090423,0.09308163247466746,-2.076482084960083,0.4716981132075472,3256.646226415094
screened,vol_regime,5d,industry_crowding_score,insufficient_history,212,-0.012434722546897349,-0.010413978408603657,0.07566990392681879,-2.6086342210500435,0.4528301886792453,3256.646226415094
screened,vol_regime,5d,stock_ret_1d,low_vol,180,-0.007306261325958807,-0.002226383209703438,0.11318174951468042,-1.0247526954667932,0.48333333333333334,4651.894444444444
screened,vol_regime,5d,stock_ret_5d,low_vol,180,-0.018333776518862175,-0.016769956363449655,0.1234869042458778,-2.3568465121594806,0.4444444444444444,4651.894444444444
screened,vol_regime,5d,stock_ret_20d,low_vol,180,-0.025067888726384917,-0.03296260838423978,0.11891861090138686,-3.346325640405577,0.4222222222222222,4651.894444444444
screened,vol_regime,5d,stock_ret_60d,low_vol,180,-0.030088879855381955,-0.040645845617043375,0.13536549394038033,-3.5285665944189777,0.4166666666666667,4651.872222222222
screened,vol_regime,5d,stock_rel_industry_ret_1d,low_vol,180,-0.008288394737400949,0.0003109344932619016,0.06376781379010468,-2.063332261815973,0.5055555555555555,4651.894444444444
screened,vol_regime,5d,stock_rel_industry_ret_5d,low_vol,180,-0.022065428810736934,-0.014033418299312525,0.07841796518523256,-4.466805819353511,0.4388888888888889,4651.894444444444
screened,vol_regime,5d,stock_rel_industry_ret_20d,low_vol,180,-0.03350664580269819,-0.027202273940083163,0.08244576775003563,-6.4515320420551685,0.34444444444444444,4651.894444444444
screened,vol_regime,5d,stock_rel_industry_ret_60d,low_vol,180,-0.028269173755925744,-0.0206404198489707,0.09961749424798344,-4.504823420348216,0.4222222222222222,4651.872222222222
screened,vol_regime,5d,industry_ret_5d,low_vol,180,0.0017991409270735836,-0.0011329838058773494,0.14031720311845486,0.20354223263314916,0.49444444444444446,4651.894444444444
screened,vol_regime,5d,industry_ret_20d,low_vol,180,0.008382907143328823,0.009098091310723564,0.13774303008529407,0.9661071439154963,0.5666666666666667,4651.894444444444
screened,vol_regime,5d,industry_ret_60d,low_vol,180,-0.006027453826103795,-0.004862741799710262,0.13255423029716576,-0.7218393782097067,0.48333333333333334,4651.894444444444
screened,vol_regime,5d,industry_breadth_20d,low_vol,180,0.020317787137007704,0.027377871209976635,0.13146273716064721,2.453431890284465,0.5777777777777777,4651.894444444444
screened,vol_regime,5d,industry_breadth_60d,low_vol,180,-0.003920567500314097,-0.008647312711880422,0.13375466305346217,-0.4653077373426833,0.49444444444444446,4651.894444444444
screened,vol_regime,5d,industry_amount_share,low_vol,180,0.02719844827989071,0.025198051098691488,0.16375740466098515,2.6365951638431544,0.5555555555555556,4651.894444444444
screened,vol_regime,5d,industry_amount_share_roll20d,low_vol,180,0.026189256478862607,0.016158535371315872,0.16365650605758558,2.5403301585960723,0.5444444444444444,4651.894444444444
screened,vol_regime,5d,industry_amount_share_roll60d,low_vol,180,0.025344918385135005,0.016858201469052245,0.16267264027659778,2.4732991706144736,0.5444444444444444,4651.894444444444
screened,vol_regime,5d,industry_crowding_score,low_vol,180,0.014293648736428214,0.012069380928473851,0.11944082118690577,1.8997243743890595,0.5166666666666667,4651.894444444444
screened,vol_regime,5d,stock_amount_share_in_industry,low_vol,180,-0.05581076718875736,-0.05644150920122337,0.12979519607903522,-6.825895638137227,0.3333333333333333,4651.894444444444
screened,vol_regime,5d,turnover_rate,low_vol,180,-0.014398024631078315,-0.01263468177698715,0.1310569185300061,-1.7439869472756153,0.46111111111111114,4651.894444444444
screened,vol_regime,5d,log_amount,low_vol,180,-0.04946844309660457,-0.06829746820308091,0.13990425626439063,-5.613032870071948,0.3333333333333333,4651.894444444444
screened,vol_regime,5d,log_total_mv,low_vol,180,-0.040962724428190565,-0.03418684727215614,0.1523054241210731,-4.269467715391795,0.38333333333333336,4651.894444444444
screened,vol_regime,5d,stock_ret_1d,normal_vol,1082,-0.007482168640302191,-0.004174741326616851,0.13650798957157506,-0.8701010491099335,0.4898336414048059,4608.893715341959
screened,vol_regime,5d,stock_ret_5d,normal_vol,1082,-0.019531082995286015,-0.017977269317949827,0.13309566229679665,-2.3294998897586017,0.44269870609981515,4608.893715341959
screened,vol_regime,5d,stock_ret_20d,normal_vol,1082,-0.03617791035554468,-0.03974730546816384,0.13854762952137742,-4.145191978473684,0.37707948243992606,4608.883548983365
screened,vol_regime,5d,stock_ret_60d,normal_vol,1082,-0.032269758353932955,-0.03414482840715111,0.1506838566313237,-3.399611240965845,0.4177449168207024,4608.841035120148
screened,vol_regime,5d,stock_rel_industry_ret_1d,normal_vol,1082,-0.008311057712743234,-0.007029556966142757,0.08492215572916091,-1.5535869280063428,0.4519408502772643,4608.893715341959
screened,vol_regime,5d,stock_rel_industry_ret_5d,normal_vol,1082,-0.019439909358380417,-0.015972975839495536,0.08830746642514264,-3.4945968503474965,0.41312384473197783,4608.893715341959
screened,vol_regime,5d,stock_rel_industry_ret_20d,normal_vol,1082,-0.029236653707986893,-0.03212615745323624,0.09413842021970673,-4.930160164055198,0.35027726432532347,4608.883548983365
screened,vol_regime,5d,stock_rel_industry_ret_60d,normal_vol,1082,-0.022125536773877276,-0.02258776936271371,0.10358803436643257,-3.390661959300364,0.4048059149722736,4608.841035120148
screened,vol_regime,5d,industry_ret_5d,normal_vol,1082,-0.0031551064403122636,0.0024301103364795483,0.14188784145851546,-0.3529954469049477,0.5092421441774492,4608.893715341959
screened,vol_regime,5d,industry_ret_20d,normal_vol,1082,-0.016500587424849535,-0.011475300807200627,0.14672325610434533,-1.7852568967628835,0.45748613678373384,4608.893715341959
screened,vol_regime,5d,industry_ret_60d,normal_vol,1082,-0.02026674050647738,-0.008564206914733676,0.1534644367171136,-2.096410989271452,0.47689463955637706,4608.893715341959
screened,vol_regime,5d,industry_breadth_20d,normal_vol,1082,-0.011250882761923146,-0.013498760876526067,0.1402002114666343,-1.2739083988504387,0.4630314232902033,4608.893715341959
screened,vol_regime,5d,industry_breadth_60d,normal_vol,1082,-0.012015639442776253,-0.005895016097760981,0.14849225247477585,-1.2845273721363288,0.48613678373382624,4608.893715341959
screened,vol_regime,5d,industry_amount_share,normal_vol,1082,-0.013734914680830847,0.0044447554654499805,0.17416043752154742,-1.251920437545039,0.5101663585951941,4608.893715341959
screened,vol_regime,5d,industry_amount_share_roll20d,normal_vol,1082,-0.011098630236267653,0.002673292033415246,0.1760992415685276,-1.0004886530030648,0.5046210720887245,4608.893715341959
screened,vol_regime,5d,industry_amount_share_roll60d,normal_vol,1082,-0.00843936461996064,0.005996108507202635,0.17594028016580507,-0.7614558753721699,0.5129390018484289,4608.893715341959
screened,vol_regime,5d,industry_crowding_score,normal_vol,1082,-0.024847423832482424,-0.018794296890626054,0.1298060821909525,-3.038691395892851,0.42606284658040666,4608.893715341959
screened,vol_regime,5d,stock_amount_share_in_industry,normal_vol,1082,-0.030699828983981978,-0.03459610658508211,0.13400168263807,-3.636854904421321,0.3974121996303142,4608.893715341959
screened,vol_regime,5d,turnover_rate,normal_vol,1082,-0.06250419269646548,-0.06930781915900054,0.16398650993133468,-6.050639769440263,0.3521256931608133,4604.920517560074
screened,vol_regime,5d,log_amount,normal_vol,1082,-0.059448119541184556,-0.06475966092867538,0.14383819985850463,-6.560911094735752,0.34288354898336415,4608.893715341959
screened,vol_regime,5d,log_total_mv,normal_vol,1082,-0.012858992835786988,-0.01880048470712626,0.17588840589144666,-1.1605664505908648,0.44269870609981515,4604.920517560074
screened,vol_regime,5d,stock_ret_1d,high_vol,493,-0.015207562525732172,-0.015237024857742613,0.1268174365619077,-1.903622857299019,0.4421906693711968,3862.7586206896553
screened,vol_regime,5d,stock_ret_5d,high_vol,493,-0.03709119964889123,-0.026324929020265807,0.14475036758297233,-4.067723974949952,0.4259634888438134,3862.7545638945235
screened,vol_regime,5d,stock_ret_20d,high_vol,493,-0.04809687286676749,-0.040549248787184786,0.16865727254500879,-4.5270160909805215,0.40162271805273836,3862.7464503042597
screened,vol_regime,5d,stock_ret_60d,high_vol,493,-0.06386443236184323,-0.06491405618928404,0.17976246107726884,-5.639756086086729,0.37322515212981744,3862.6186612576066
screened,vol_regime,5d,stock_rel_industry_ret_1d,high_vol,493,-0.014856027632899055,-0.009473923918847273,0.09232155562874647,-2.5544644034171253,0.4259634888438134,3862.7586206896553
screened,vol_regime,5d,stock_rel_industry_ret_5d,high_vol,493,-0.036022944080697755,-0.025175152925109724,0.11075256280491731,-5.163280150787497,0.3630831643002028,3862.7545638945235
screened,vol_regime,5d,stock_rel_industry_ret_20d,high_vol,493,-0.04851432636995923,-0.04370672777362093,0.12533322591710308,-6.144747731154635,0.33874239350912777,3862.7464503042597
screened,vol_regime,5d,stock_rel_industry_ret_60d,high_vol,493,-0.05567838446231789,-0.05291473156963606,0.12949608176403504,-6.825433944367356,0.3184584178498986,3862.6186612576066
screened,vol_regime,5d,industry_ret_5d,high_vol,493,-0.006372738909818599,-0.0009239860960122268,0.1227475881853165,-0.8241635982420952,0.4969574036511156,3862.7586206896553
screened,vol_regime,5d,industry_ret_20d,high_vol,493,-0.00493684552106112,0.001078371195717786,0.14323486514593378,-0.5471432739464528,0.5030425963488844,3862.7586206896553
screened,vol_regime,5d,industry_ret_60d,high_vol,493,-0.02234026214115353,-0.010475522322784408,0.1468862050466243,-2.4143905616210333,0.4685598377281947,3862.7586206896553
screened,vol_regime,5d,industry_breadth_20d,high_vol,493,0.0008674219061369882,0.006992830570277624,0.12997250893450268,0.1059446800352803,0.537525354969574,3862.7586206896553
screened,vol_regime,5d,industry_breadth_60d,high_vol,493,-0.017649023031385103,-0.006811949347563654,0.1475563683240411,-1.8987289950814696,0.4726166328600406,3862.7586206896553
screened,vol_regime,5d,industry_amount_share,high_vol,493,-0.02497546737341969,-0.025923065149888746,0.1452058005623667,-2.730422970367281,0.4340770791075051,3862.7586206896553
screened,vol_regime,5d,industry_amount_share_roll20d,high_vol,493,-0.022788390234018737,-0.020671232653215098,0.14735169771510037,-2.4550411406299495,0.4421906693711968,3862.7586206896553
screened,vol_regime,5d,industry_amount_share_roll60d,high_vol,493,-0.02068484229242355,-0.014271112731590551,0.14678190071038508,-2.237072078348085,0.4543610547667343,3862.7586206896553
screened,vol_regime,5d,industry_crowding_score,high_vol,493,-0.019785851307766323,-0.014574006647317124,0.1190447593897688,-2.638424856653581,0.45030425963488846,3862.7586206896553
screened,vol_regime,5d,stock_amount_share_in_industry,high_vol,493,-0.03967719622444219,-0.03622850896499185,0.11018756345962918,-5.716216456786233,0.3225152129817444,3862.7586206896553
screened,vol_regime,5d,turnover_rate,high_vol,493,-0.05275407746996592,-0.06026241136055302,0.18168040017439824,-4.6094406274816295,0.3752535496957404,3851.2251521298176
screened,vol_regime,5d,log_amount,high_vol,493,-0.07916350204676233,-0.07695653523160775,0.1556644542144981,-8.0730160415458,0.281947261663286,3862.7586206896553
screened,vol_regime,5d,log_total_mv,high_vol,493,-0.05222591187025213,-0.05968241148402276,0.18139987593331383,-4.570348488652545,0.35294117647058826,3851.2251521298176
screened,vol_regime,10d,industry_amount_share,insufficient_history,272,-0.011279112691974933,-0.010069226245616927,0.10387613643958712,-1.72369101597036,0.47794117647058826,3196.860294117647
screened,vol_regime,10d,stock_amount_share_in_industry,insufficient_history,272,-0.04545321280161692,-0.04936515408134415,0.11442894772709221,-6.30563680348361,0.35294117647058826,3196.860294117647
screened,vol_regime,10d,turnover_rate,insufficient_history,272,-0.06789682505074748,-0.09879500170535094,0.1711450577579606,-6.297749391601675,0.34191176470588236,3196.860294117647
screened,vol_regime,10d,log_amount,insufficient_history,272,-0.07458603826533199,-0.07422680276835615,0.12248200445830923,-9.666862135398135,0.28308823529411764,3196.860294117647
screened,vol_regime,10d,log_total_mv,insufficient_history,272,-0.014975676444267031,-0.023576945641726355,0.18711562821132646,-1.270505813926457,0.4485294117647059,3196.860294117647
screened,vol_regime,10d,stock_ret_1d,insufficient_history,271,0.009575784847180897,0.007243149159246359,0.1139970517638284,1.3334631863842752,0.5608856088560885,3197.3542435424356
screened,vol_regime,10d,stock_rel_industry_ret_1d,insufficient_history,271,0.003931357278880956,0.00602463864547077,0.08095711057512404,0.7708817867364958,0.5350553505535055,3197.3542435424356
screened,vol_regime,10d,stock_ret_5d,insufficient_history,267,-0.013731026813812903,0.0012195130117204408,0.13553152810609945,-1.6082847748814069,0.5093632958801498,3197.2808988764045
screened,vol_regime,10d,stock_rel_industry_ret_5d,insufficient_history,267,-0.02074540346329283,-0.00836422198320311,0.10528630638183627,-3.127881315116962,0.46441947565543074,3197.2808988764045
screened,vol_regime,10d,industry_ret_5d,insufficient_history,267,0.00262207322098829,0.008513478954020486,0.11156936442828927,0.37307841795205765,0.5318352059925093,3199.449438202247
screened,vol_regime,10d,industry_breadth_20d,insufficient_history,263,-0.010319711993645552,-0.003321653892205012,0.11091085380974702,-1.4770452448503593,0.49049429657794674,3201.5019011406844
screened,vol_regime,10d,industry_amount_share_roll20d,insufficient_history,263,-0.011878730177917043,0.0022583509133030488,0.10550988366490614,-1.7872164114115077,0.5019011406844106,3201.5019011406844
screened,vol_regime,10d,stock_ret_20d,insufficient_history,252,-0.07587425022580767,-0.051463346892125256,0.15962789099781266,-7.545463230372098,0.3253968253968254,3197.6507936507937
screened,vol_regime,10d,stock_rel_industry_ret_20d,insufficient_history,252,-0.07095288786059903,-0.045167956431966,0.12660565106929805,-8.896460521098582,0.30952380952380953,3197.6507936507937
screened,vol_regime,10d,industry_ret_20d,insufficient_history,252,-0.027175430017957528,-0.01931273759401278,0.12081044118907493,-3.5708550796315017,0.4365079365079365,3210.218253968254
screened,vol_regime,10d,industry_breadth_60d,insufficient_history,243,-0.018437654037283237,-0.014826160200449186,0.08345279479033366,-3.5072364537093605,0.40329218106995884,3222.864197530864
screened,vol_regime,10d,industry_amount_share_roll60d,insufficient_history,243,-0.009493275712075634,0.00689649041718366,0.10562804393408448,-1.4267146711830911,0.522633744855967,3222.864197530864
screened,vol_regime,10d,stock_ret_60d,insufficient_history,212,-0.047851322639565916,-0.022659181418685483,0.12077906294865239,-6.289303618639418,0.41509433962264153,3190.9103773584907
screened,vol_regime,10d,stock_rel_industry_ret_60d,insufficient_history,212,-0.03789399024614975,-0.009057775190825974,0.10631819331818367,-5.658001020117352,0.4716981132075472,3190.9103773584907
screened,vol_regime,10d,industry_ret_60d,insufficient_history,212,-0.019499979293826235,-0.021586463735444844,0.07820905985957147,-3.9580142665064244,0.41037735849056606,3249.8207547169814
screened,vol_regime,10d,industry_crowding_score,insufficient_history,212,-0.02182428637423372,-0.016244088194875914,0.0787782884089217,-4.397782850113711,0.4009433962264151,3249.8207547169814
screened,vol_regime,10d,stock_ret_1d,low_vol,180,-0.023760739493768036,-0.025337893320794568,0.11869699435986797,-3.1777556629735155,0.45,4650.444444444444
screened,vol_regime,10d,stock_ret_5d,low_vol,180,-0.04106743270294665,-0.0317049623605031,0.11752677716577867,-5.547036166708524,0.3611111111111111,4650.444444444444
screened,vol_regime,10d,stock_ret_20d,low_vol,180,-0.02490510019417088,-0.019823470637924445,0.11422757685248001,-3.461127512633145,0.4,4650.444444444444
screened,vol_regime,10d,stock_ret_60d,low_vol,180,-0.03461570272297455,-0.04276490557961378,0.1374578694806873,-3.9976412209240406,0.38333333333333336,4650.422222222222
screened,vol_regime,10d,stock_rel_industry_ret_1d,low_vol,180,-0.01539200685241041,-0.007120807877272098,0.06110149059598164,-3.998929182820119,0.45,4650.444444444444
screened,vol_regime,10d,stock_rel_industry_ret_5d,low_vol,180,-0.03362852682443499,-0.02883448326453602,0.07067633210987904,-7.553254359317536,0.3611111111111111,4650.444444444444
screened,vol_regime,10d,stock_rel_industry_ret_20d,low_vol,180,-0.03657054088250426,-0.01836859780074273,0.08510524553771344,-6.821428400204799,0.35555555555555557,4650.444444444444
screened,vol_regime,10d,stock_rel_industry_ret_60d,low_vol,180,-0.03364691762714656,-0.03056123383403128,0.10107394903977224,-5.284529432422337,0.45555555555555555,4650.422222222222
screened,vol_regime,10d,industry_ret_5d,low_vol,180,-0.01521522345096696,-0.0010166619489551344,0.14366598454369428,-1.6812204025077317,0.49444444444444446,4650.444444444444
screened,vol_regime,10d,industry_ret_20d,low_vol,180,0.018332578791877656,0.029233201169420586,0.1280364254837941,2.272952131732751,0.5722222222222222,4650.444444444444
screened,vol_regime,10d,industry_ret_60d,low_vol,180,-0.0009604825078472157,-0.0030948721314666048,0.12910590085640666,-0.11809829779435403,0.4888888888888889,4650.444444444444
screened,vol_regime,10d,industry_breadth_20d,low_vol,180,0.03564654859169426,0.04837037806343038,0.12498571569184631,4.5274887045778796,0.6166666666666667,4650.444444444444
screened,vol_regime,10d,industry_breadth_60d,low_vol,180,0.006423545575701306,-0.004380636125998115,0.13238501208882705,0.7702580765196405,0.4722222222222222,4650.444444444444
screened,vol_regime,10d,industry_amount_share,low_vol,180,0.05061555171587855,0.05474943571172091,0.16681608402996564,4.816663684126077,0.6222222222222222,4650.444444444444
screened,vol_regime,10d,industry_amount_share_roll20d,low_vol,180,0.049575067135874167,0.05453033677133619,0.16552121686202267,4.754555386583134,0.6222222222222222,4650.444444444444
screened,vol_regime,10d,industry_amount_share_roll60d,low_vol,180,0.04803859212443863,0.058187237289823016,0.16321510791763363,4.672294239785839,0.6166666666666667,4650.444444444444
screened,vol_regime,10d,industry_crowding_score,low_vol,180,0.018773895802282174,0.018280644546453898,0.12383581688882699,2.4066248689877843,0.5611111111111111,4650.444444444444
screened,vol_regime,10d,stock_amount_share_in_industry,low_vol,180,-0.08297569910567969,-0.09296922425572804,0.13040486174581217,-10.100838040376349,0.3111111111111111,4650.444444444444
screened,vol_regime,10d,turnover_rate,low_vol,180,0.002016894782767629,0.0002250042947049498,0.13228762322266735,0.24202726842275452,0.5,4650.444444444444
screened,vol_regime,10d,log_amount,low_vol,180,-0.05997127689629483,-0.07250332272551141,0.14697891300871346,-6.477218312201688,0.37777777777777777,4650.444444444444
screened,vol_regime,10d,log_total_mv,low_vol,180,-0.06435993659456668,-0.0481990175688643,0.15803878758505077,-6.464756756000926,0.3055555555555556,4650.444444444444
screened,vol_regime,10d,stock_ret_1d,normal_vol,1077,-0.0006055913562442277,0.0011016734475831592,0.13062987023280467,-0.0735931585278502,0.5023212627669452,4604.022284122562
screened,vol_regime,10d,stock_ret_5d,normal_vol,1077,-0.0172643185349614,-0.011420474476943134,0.1279394475256212,-2.14212712100528,0.4568245125348189,4604.022284122562
screened,vol_regime,10d,stock_ret_20d,normal_vol,1077,-0.0437692592689942,-0.043522893931047996,0.13468851952810898,-5.158683553772369,0.3658310120705664,4604.0120705663885
screened,vol_regime,10d,stock_ret_60d,normal_vol,1077,-0.03494131624015811,-0.03521406323140899,0.14584887077255299,-3.803088749184256,0.3946146703806871,4603.97678737233
screened,vol_regime,10d,stock_rel_industry_ret_1d,normal_vol,1077,-0.002899494782604989,-0.0015186542678543114,0.08095870804987601,-0.5685373920079871,0.4883936861652739,4604.022284122562
screened,vol_regime,10d,stock_rel_industry_ret_5d,normal_vol,1077,-0.01611395418006458,-0.01287262326133637,0.08586470277846316,-2.97911812552392,0.4215413184772516,4604.022284122562
screened,vol_regime,10d,stock_rel_industry_ret_20d,normal_vol,1077,-0.033598483190905255,-0.03369776243866464,0.09298963895430962,-5.735686165797254,0.329619312906221,4604.0120705663885
screened,vol_regime,10d,stock_rel_industry_ret_60d,normal_vol,1077,-0.02261734387194007,-0.02541126625441628,0.10242520693707766,-3.5053793294503324,0.38440111420612816,4603.97678737233
screened,vol_regime,10d,industry_ret_5d,normal_vol,1077,-0.004188589121318676,0.0009406126704559602,0.13979109057106612,-0.47565113544654647,0.5023212627669452,4604.022284122562
screened,vol_regime,10d,industry_ret_20d,normal_vol,1077,-0.023493305539739294,-0.0174320052441057,0.14448814623257328,-2.58114366695336,0.4438254410399257,4604.022284122562
screened,vol_regime,10d,industry_ret_60d,normal_vol,1077,-0.023931074401234778,-0.01654009519497513,0.14949457817208717,-2.541189342640915,0.4456824512534819,4604.022284122562
screened,vol_regime,10d,industry_breadth_20d,normal_vol,1077,-0.014648394664236527,-0.011604182955130745,0.14019941879598957,-1.658609274734196,0.46425255338904364,4604.022284122562
screened,vol_regime,10d,industry_breadth_60d,normal_vol,1077,-0.014526023451499325,-0.007596413557242345,0.1509626029523208,-1.5274873977960313,0.47168059424326836,4604.022284122562
screened,vol_regime,10d,industry_amount_share,normal_vol,1077,-0.013947359726762934,0.0026003002071242082,0.18112965691119579,-1.2223700716574903,0.5060352831940576,4604.022284122562
screened,vol_regime,10d,industry_amount_share_roll20d,normal_vol,1077,-0.010545081163609889,0.007193713880999981,0.1826131203655959,-0.9166809786081389,0.5246053853296193,4604.022284122562
screened,vol_regime,10d,industry_amount_share_roll60d,normal_vol,1077,-0.0072983359456515115,0.008125523026004408,0.18226207493492394,-0.6356642840928395,0.5181058495821727,4604.022284122562
screened,vol_regime,10d,industry_crowding_score,normal_vol,1077,-0.03211823850044732,-0.033097662222560345,0.1292287986536295,-3.945414915574954,0.4103992571959146,4604.022284122562
screened,vol_regime,10d,stock_amount_share_in_industry,normal_vol,1077,-0.04050264833568912,-0.041637453062991915,0.13713037656803492,-4.688673842410341,0.38440111420612816,4604.022284122562
screened,vol_regime,10d,turnover_rate,normal_vol,1077,-0.07476877894376964,-0.07605714689271337,0.16787644209528124,-7.070185397599781,0.3435468895078923,4600.030640668524
screened,vol_regime,10d,log_amount,normal_vol,1077,-0.07412686412763636,-0.08383559507105989,0.15171198454948467,-7.75632519210099,0.3073351903435469,4604.022284122562
screened,vol_regime,10d,log_total_mv,normal_vol,1077,-0.01871824645223491,-0.030001323503705934,0.18382346527830165,-1.6164582149570559,0.42618384401114207,4600.030640668524
screened,vol_regime,10d,stock_ret_1d,high_vol,493,-0.011164282030046293,-0.0028241423923143637,0.11998466818203939,-1.4770844108153172,0.48884381338742394,3859.924949290061
screened,vol_regime,10d,stock_ret_5d,high_vol,493,-0.030401597434528325,-0.01709358776680061,0.13683366414725165,-3.526985852734403,0.4279918864097363,3859.920892494929
screened,vol_regime,10d,stock_ret_20d,high_vol,493,-0.05881551079224982,-0.047400576029125605,0.15391037278227282,-6.066305160978142,0.38742393509127787,3859.912778904665
screened,vol_regime,10d,stock_ret_60d,high_vol,493,-0.08822115359185728,-0.08814543481872872,0.16684013205984521,-8.39406789832423,0.30425963488843816,3859.784989858012
screened,vol_regime,10d,stock_rel_industry_ret_1d,high_vol,493,-0.011818111187410824,-0.004669401210137533,0.08755828810240365,-2.1426492348843165,0.4746450304259635,3859.924949290061
screened,vol_regime,10d,stock_rel_industry_ret_5d,high_vol,493,-0.033060475454196915,-0.024951144220165446,0.10271959849330257,-5.1092370430009035,0.34685598377281945,3859.920892494929
screened,vol_regime,10d,stock_rel_industry_ret_20d,high_vol,493,-0.060349065035291666,-0.04964694864047146,0.11345729377815984,-8.443808905798925,0.29006085192697767,3859.912778904665
screened,vol_regime,10d,stock_rel_industry_ret_60d,high_vol,493,-0.07508783368821212,-0.07451764981473818,0.12005968019994255,-9.928249055540073,0.24746450304259635,3859.784989858012
screened,vol_regime,10d,industry_ret_5d,high_vol,493,0.0020614147381876344,0.007066487070878883,0.12461497447868101,0.26260041872291356,0.5233265720081136,3859.924949290061
screened,vol_regime,10d,industry_ret_20d,high_vol,493,-0.007206877260782379,-0.004951240543866179,0.1385757332484911,-0.8255819910635408,0.48884381338742394,3859.924949290061
screened,vol_regime,10d,industry_ret_60d,high_vol,493,-0.03602321153853564,-0.029781142910513664,0.13744980541863258,-4.160433353829302,0.4117647058823529,3859.924949290061
screened,vol_regime,10d,industry_breadth_20d,high_vol,493,-0.00039129835497996317,-0.0006044012864164634,0.12959498304245787,-0.04793139879650176,0.49898580121703856,3859.924949290061
screened,vol_regime,10d,industry_breadth_60d,high_vol,493,-0.03161860366244926,-0.026044568931140145,0.14025824920692587,-3.5786114214446916,0.4077079107505071,3859.924949290061
screened,vol_regime,10d,industry_amount_share,high_vol,493,-0.036682336476051985,-0.04440148511404154,0.1473486809736394,-3.9519460581444745,0.39148073022312374,3859.924949290061
screened,vol_regime,10d,industry_amount_share_roll20d,high_vol,493,-0.03593165504859106,-0.04818172226887557,0.1490964220137956,-3.825694359509209,0.3935091277890467,3859.924949290061
screened,vol_regime,10d,industry_amount_share_roll60d,high_vol,493,-0.032431441376130736,-0.04648966224426438,0.15026558867449583,-3.4261548221722378,0.40365111561866124,3859.924949290061
screened,vol_regime,10d,industry_crowding_score,high_vol,493,-0.024389248820056376,-0.023024783500057117,0.12213638910464313,-3.16995880660557,0.40162271805273836,3859.924949290061
screened,vol_regime,10d,stock_amount_share_in_industry,high_vol,493,-0.05201997877802877,-0.04440634613834917,0.1047173269715064,-7.885911397889566,0.30628803245436104,3859.924949290061
screened,vol_regime,10d,turnover_rate,high_vol,493,-0.07648608066132032,-0.09737399370370654,0.17226410144910753,-7.048357022231878,0.30831643002028397,3848.421906693712
screened,vol_regime,10d,log_amount,high_vol,493,-0.10693612515988134,-0.11411390297660251,0.1550704556794722,-10.94701342440343,0.23935091277890466,3859.924949290061
screened,vol_regime,10d,log_total_mv,high_vol,493,-0.06778503739104885,-0.08253920268349738,0.1744937916820588,-6.166718591617475,0.3144016227180527,3848.421906693712
screened,industry_crowding_regime,3d,industry_amount_share,insufficient_history,252,-0.0092409176544245,-0.01599695306191136,0.0970631136964939,-1.5113364326689653,0.44047619047619047,3198.3888888888887
screened,industry_crowding_regime,3d,stock_amount_share_in_industry,insufficient_history,252,-0.027959621690062116,-0.03003427768419316,0.10710071637599679,-4.14418548706911,0.38492063492063494,3198.3888888888887
screened,industry_crowding_regime,3d,turnover_rate,insufficient_history,252,-0.03843630865948048,-0.05124232157336504,0.173277335953937,-3.521276921824463,0.4087301587301587,3198.3888888888887
screened,industry_crowding_regime,3d,log_amount,insufficient_history,252,-0.04979802194669099,-0.06364917998458704,0.1268614999115225,-6.231355388944797,0.32936507936507936,3198.3888888888887
screened,industry_crowding_regime,3d,log_total_mv,insufficient_history,252,-0.017153501145214668,-0.01633535335747131,0.16441058570740255,-1.6562400023950379,0.47619047619047616,3198.3888888888887
screened,industry_crowding_regime,3d,stock_ret_1d,insufficient_history,251,0.0015769065226472704,-0.0024494053563633767,0.12845510541357832,0.19487442649886186,0.4900398406374502,3198.8446215139443
screened,industry_crowding_regime,3d,stock_rel_industry_ret_1d,insufficient_history,251,-0.002107731969451115,0.0002502961262969167,0.09805851034219033,-0.341216765505892,0.5059760956175299,3198.8446215139443
screened,industry_crowding_regime,3d,stock_ret_5d,insufficient_history,247,-0.02303524978496438,-0.02728546555926417,0.13764158341445298,-2.6567062427241863,0.4251012145748988,3198.2105263157896
screened,industry_crowding_regime,3d,stock_rel_industry_ret_5d,insufficient_history,247,-0.02740513126330699,-0.03028946129485951,0.10929796363715848,-3.9803392244615132,0.4008097165991903,3198.2105263157896
screened,industry_crowding_regime,3d,industry_ret_5d,insufficient_history,247,-0.0034683803390007234,-0.01002973698392448,0.10857678706617857,-0.5070957841249438,0.46963562753036436,3200.6518218623482
screened,industry_crowding_regime,3d,industry_breadth_20d,insufficient_history,243,0.000817752989102922,0.005077108187163297,0.10006957094090074,0.12972401236678488,0.51440329218107,3202.329218106996
screened,industry_crowding_regime,3d,industry_amount_share_roll20d,insufficient_history,243,-0.008926688846257354,-0.011393861825619788,0.09958707481297381,-1.4229436156934425,0.4691358024691358,3202.329218106996
screened,industry_crowding_regime,3d,stock_ret_20d,insufficient_history,232,-0.042005146717427465,-0.04345759066128184,0.1461286667105959,-4.563177417577945,0.40086206896551724,3193.4956896551726
screened,industry_crowding_regime,3d,stock_rel_industry_ret_20d,insufficient_history,232,-0.04322951671071502,-0.04374025944066273,0.11373949425438727,-6.033500567090018,0.3793103448275862,3193.4956896551726
screened,industry_crowding_regime,3d,industry_ret_20d,insufficient_history,232,-0.008509154626366235,-0.004743781009070117,0.1146859773416447,-1.1778130612268767,0.46120689655172414,3207.237068965517
screened,industry_crowding_regime,3d,industry_breadth_60d,insufficient_history,223,-0.00509611118055778,-0.007605637737824845,0.08727129428029551,-0.9269744157102017,0.4663677130044843,3220.0762331838564
screened,industry_crowding_regime,3d,industry_amount_share_roll60d,insufficient_history,223,-0.007123412767519741,-0.0049693042502888035,0.09951691471132035,-1.13629599894192,0.47085201793721976,3220.0762331838564
screened,industry_crowding_regime,3d,stock_ret_60d,insufficient_history,192,-0.017085645882324644,-0.01925071075198792,0.1322725527916228,-2.050510209692211,0.4270833333333333,3180.0416666666665
screened,industry_crowding_regime,3d,stock_rel_industry_ret_60d,insufficient_history,192,-0.014537320638578669,-0.015026942094955349,0.10839870590937384,-2.1289258842836323,0.4583333333333333,3180.0416666666665
screened,industry_crowding_regime,3d,industry_ret_60d,insufficient_history,192,-0.004945315391507833,-0.006094602074798363,0.09331433636511144,-0.8412903219618234,0.4739583333333333,3245.7135416666665
screened,industry_crowding_regime,3d,industry_crowding_score,insufficient_history,192,-0.005132938218621451,-0.00045856224751291796,0.07276706626117026,-1.1197767385143043,0.5,3245.7135416666665
screened,industry_crowding_regime,3d,stock_ret_1d,crowding_high,751,-0.008117380977418327,-0.005608474669496088,0.120654206808889,-1.0680060943469594,0.4780292942743009,4513.76431424767
screened,industry_crowding_regime,3d,stock_ret_5d,crowding_high,751,-0.017927039352850498,-0.013203411214074178,0.12648305333106566,-2.249968827705138,0.4447403462050599,4513.76431424767
screened,industry_crowding_regime,3d,stock_ret_20d,crowding_high,751,-0.036019221665484255,-0.02956864804392282,0.14454323162470398,-3.955822844437926,0.41145139813581894,4513.756324900133
screened,industry_crowding_regime,3d,stock_ret_60d,crowding_high,751,-0.034394113270841145,-0.025457087402343564,0.15606140742457725,-3.4985563098888672,0.43142476697736354,4513.65379494008
screened,industry_crowding_regime,3d,stock_rel_industry_ret_1d,crowding_high,751,-0.007296309421470258,-0.0018663987411154436,0.07593307047353469,-1.5253606970509155,0.48868175765645805,4513.76431424767
screened,industry_crowding_regime,3d,stock_rel_industry_ret_5d,crowding_high,751,-0.019925592648580275,-0.016562370979754142,0.08415163921502297,-3.7587975729634167,0.43142476697736354,4513.76431424767
screened,industry_crowding_regime,3d,stock_rel_industry_ret_20d,crowding_high,751,-0.03335392329990699,-0.03171904270893625,0.09291312249792484,-5.698625808330636,0.35019973368841545,4513.756324900133
screened,industry_crowding_regime,3d,stock_rel_industry_ret_60d,crowding_high,751,-0.02936634679690082,-0.02529489979432874,0.10006388936775401,-4.658786563064517,0.39280958721704395,4513.65379494008
screened,industry_crowding_regime,3d,industry_ret_5d,crowding_high,751,0.0003081785496956551,0.005568633823700037,0.13762617025858778,0.03554689345931511,0.5166444740346205,4513.76431424767
screened,industry_crowding_regime,3d,industry_ret_20d,crowding_high,751,-0.009109739828577707,-0.004495314929148229,0.15573954750169047,-0.9285543645741685,0.48468708388814913,4513.76431424767
screened,industry_crowding_regime,3d,industry_ret_60d,crowding_high,751,-0.010093292198256111,-0.005424943265001401,0.1605675251992456,-0.9978733009688154,0.49533954727030627,4513.76431424767
screened,industry_crowding_regime,3d,industry_breadth_20d,crowding_high,751,-0.007047373374673169,-0.0052370721547862166,0.14633588663760705,-0.7644986246652421,0.48601864181091875,4513.76431424767
screened,industry_crowding_regime,3d,industry_breadth_60d,crowding_high,751,-0.004592305947703358,0.005270430051911102,0.15851584781957875,-0.45989469125288995,0.5166444740346205,4513.76431424767
screened,industry_crowding_regime,3d,industry_amount_share,crowding_high,751,-0.008097773321696903,0.005372419708039632,0.1710674486013101,-0.7514472644944574,0.5059920106524634,4513.76431424767
screened,industry_crowding_regime,3d,industry_amount_share_roll20d,crowding_high,751,-0.006583772977498132,0.006444421870380754,0.17078291268938767,-0.611970801270321,0.5099866844207723,4513.76431424767
screened,industry_crowding_regime,3d,industry_amount_share_roll60d,crowding_high,751,-0.005465009995712463,0.0036414656358028023,0.1671649255511347,-0.5189745628803359,0.5099866844207723,4513.76431424767
screened,industry_crowding_regime,3d,industry_crowding_score,crowding_high,751,-0.01210043593928887,-0.003936985183927023,0.1369463623704898,-1.4026547487642678,0.49267643142476697,4513.76431424767
screened,industry_crowding_regime,3d,stock_amount_share_in_industry,crowding_high,751,-0.03273776120604213,-0.035400808765910195,0.11003851835199366,-4.722853920395567,0.3821571238348868,4513.76431424767
screened,industry_crowding_regime,3d,turnover_rate,crowding_high,751,-0.036662897766329465,-0.03036893540083997,0.1735679185916421,-3.3531856792352235,0.43142476697736354,4508.133155792277
screened,industry_crowding_regime,3d,log_amount,crowding_high,751,-0.054646870064611205,-0.060519114748343615,0.14621699851426745,-5.932909152347845,0.3595206391478029,4513.76431424767
screened,industry_crowding_regime,3d,log_total_mv,crowding_high,751,-0.031679414678207805,-0.03811304439569644,0.1516779468640562,-3.3155453901448886,0.40346205059920104,4508.133155792277
screened,industry_crowding_regime,3d,stock_ret_1d,crowding_normal,892,-0.009498186285538657,-0.005732721498130009,0.14236767214392496,-1.0590819575512156,0.48318385650224216,4307.004484304933
screened,industry_crowding_regime,3d,stock_ret_5d,crowding_normal,892,-0.026978294560798227,-0.017994678680994323,0.1495244681794572,-2.8641944321320807,0.44170403587443946,4307.002242152466
screened,industry_crowding_regime,3d,stock_ret_20d,crowding_normal,892,-0.02841493333934513,-0.02405512993942257,0.15366095788967502,-2.9355087265704274,0.40919282511210764,4306.980941704036
screened,industry_crowding_regime,3d,stock_ret_60d,crowding_normal,892,-0.031015989221215307,-0.03296907150806251,0.16341580008658882,-3.01294957167597,0.4192825112107623,4306.863228699552
screened,industry_crowding_regime,3d,stock_rel_industry_ret_1d,crowding_normal,892,-0.008263155617035431,-0.005785782112796135,0.0973577524511513,-1.3473352202705065,0.47757847533632286,4307.004484304933
screened,industry_crowding_regime,3d,stock_rel_industry_ret_5d,crowding_normal,892,-0.02260652936938718,-0.017855381390587288,0.10830398966271129,-3.3135208538824013,0.4147982062780269,4307.002242152466
screened,industry_crowding_regime,3d,stock_rel_industry_ret_20d,crowding_normal,892,-0.024217961740010317,-0.02187033034563292,0.11344368426264101,-3.3888905023536147,0.40358744394618834,4306.980941704036
screened,industry_crowding_regime,3d,stock_rel_industry_ret_60d,crowding_normal,892,-0.02300085428795428,-0.027024714647372168,0.11919444544510574,-3.0632907512113974,0.41143497757847536,4306.863228699552
screened,industry_crowding_regime,3d,industry_ret_5d,crowding_normal,892,-0.010154982047564957,-0.005591429704190564,0.13822602202445075,-1.1662445322240311,0.48318385650224216,4307.004484304933
screened,industry_crowding_regime,3d,industry_ret_20d,crowding_normal,892,-0.009925319517798098,-0.010023094058441368,0.13893876344054676,-1.1340216283781523,0.47757847533632286,4307.004484304933
screened,industry_crowding_regime,3d,industry_ret_60d,crowding_normal,892,-0.017803260943509012,-0.0007616312521934667,0.14788439154868765,-1.911073933735855,0.4966367713004484,4307.004484304933
screened,industry_crowding_regime,3d,industry_breadth_20d,crowding_normal,892,-0.003908063107494206,-0.002346913304931391,0.1304835551505154,-0.475451320058631,0.49327354260089684,4307.004484304933
screened,industry_crowding_regime,3d,industry_breadth_60d,crowding_normal,892,-0.012092401466653755,-0.004607494970423001,0.1439984569176203,-1.3330762448081628,0.4820627802690583,4307.004484304933
screened,industry_crowding_regime,3d,industry_amount_share,crowding_normal,892,-0.015439189942292788,-0.013854706032782826,0.15955630141611946,-1.5360693373707002,0.46524663677130046,4307.004484304933
screened,industry_crowding_regime,3d,industry_amount_share_roll20d,crowding_normal,892,-0.013296882734722664,-0.011839610305014136,0.16279727745752132,-1.2965909066007884,0.46300448430493274,4307.004484304933
screened,industry_crowding_regime,3d,industry_amount_share_roll60d,crowding_normal,892,-0.011563230391184913,-0.010301861306017311,0.16376530325244545,-1.120875961880377,0.46860986547085204,4307.004484304933
screened,industry_crowding_regime,3d,industry_crowding_score,crowding_normal,892,-0.015571403396957485,-0.01509722719931426,0.11468347391362627,-2.155396564825591,0.4439461883408072,4307.004484304933
screened,industry_crowding_regime,3d,stock_amount_share_in_industry,crowding_normal,892,-0.01962101885731399,-0.018573052990574542,0.1315327063729982,-2.3680347404522846,0.4327354260089686,4307.004484304933
screened,industry_crowding_regime,3d,turnover_rate,crowding_normal,892,-0.051581070842907896,-0.05408491982704889,0.16979628410944214,-4.8223912504743724,0.3486547085201794,4301.773542600897
screened,industry_crowding_regime,3d,log_amount,crowding_normal,892,-0.04554225949987433,-0.04751704045966154,0.1426215178518336,-5.069087523208709,0.35538116591928254,4307.004484304933
screened,industry_crowding_regime,3d,log_total_mv,crowding_normal,892,-0.01014500953329539,-0.016947652128313746,0.1871082092423435,-0.8607160225251548,0.460762331838565,4301.773542600897
screened,industry_crowding_regime,3d,stock_ret_1d,crowding_low,134,-0.006006629917892527,-0.008814989509196859,0.14283584194088778,-0.6675655954863554,0.4925373134328358,4310.686567164179
screened,industry_crowding_regime,3d,stock_ret_5d,crowding_low,134,-0.01843836377486144,-0.013098631932641644,0.17545335196462292,-1.6682494093721898,0.4552238805970149,4310.686567164179
screened,industry_crowding_regime,3d,stock_ret_20d,crowding_low,134,-0.03099424182542119,-0.018183644208355186,0.17715306980008982,-2.7773627418683153,0.44776119402985076,4310.679104477612
screened,industry_crowding_regime,3d,stock_ret_60d,crowding_low,134,-0.035604938578379396,-0.052246387986654534,0.19039571234293742,-2.968611375694643,0.417910447761194,4310.671641791045
screened,industry_crowding_regime,3d,stock_rel_industry_ret_1d,crowding_low,134,-0.014793904101600627,-0.015536652712732635,0.11040405539146075,-2.127149643215066,0.43283582089552236,4310.686567164179
screened,industry_crowding_regime,3d,stock_rel_industry_ret_5d,crowding_low,134,-0.02481988286430295,-0.01974055728047889,0.13127035178637633,-3.001465452102838,0.41044776119402987,4310.686567164179
screened,industry_crowding_regime,3d,stock_rel_industry_ret_20d,crowding_low,134,-0.03241845374390685,-0.031687307674151025,0.13242604332352792,-3.8861464562260855,0.3656716417910448,4310.679104477612
screened,industry_crowding_regime,3d,stock_rel_industry_ret_60d,crowding_low,134,-0.02737819389258454,-0.031024674339362197,0.14509725407912283,-2.995338244501285,0.373134328358209,4310.671641791045
screened,industry_crowding_regime,3d,industry_ret_5d,crowding_low,134,0.007604602413048407,-0.0010849266180440109,0.1296867477980131,0.930853174101542,0.4925373134328358,4310.686567164179
screened,industry_crowding_regime,3d,industry_ret_20d,crowding_low,134,-0.00569176619432571,-0.00213697804608903,0.13953608515468915,-0.6475313330261209,0.4925373134328358,4310.686567164179
screened,industry_crowding_regime,3d,industry_ret_60d,crowding_low,134,-0.020476230891958207,-0.009269979549436296,0.1442480817552264,-2.2534101279761454,0.4626865671641791,4310.686567164179
screened,industry_crowding_regime,3d,industry_breadth_20d,crowding_low,134,0.0029742185417172876,0.010094645912556266,0.13417436637098532,0.35188730093423176,0.5149253731343284,4310.686567164179
screened,industry_crowding_regime,3d,industry_breadth_60d,crowding_low,134,-0.020900775681379824,-0.002593132688464079,0.12199976185307185,-2.719591603525014,0.48507462686567165,4310.686567164179
screened,industry_crowding_regime,3d,industry_amount_share,crowding_low,134,-0.009772896300465109,-0.006739598146091113,0.13341535033312876,-1.1628341027606615,0.48507462686567165,4310.686567164179
screened,industry_crowding_regime,3d,industry_amount_share_roll20d,crowding_low,134,-0.008644335544343794,0.0020622335221387204,0.14111049456449967,-0.9724618499983751,0.5074626865671642,4310.686567164179
screened,industry_crowding_regime,3d,industry_amount_share_roll60d,crowding_low,134,-0.004148653922882979,0.007977848502275668,0.1453264187999138,-0.45317183123048554,0.5373134328358209,4310.686567164179
screened,industry_crowding_regime,3d,industry_crowding_score,crowding_low,134,-0.031145096534498064,-0.019036492855402466,0.13112636539251646,-3.7705085354596863,0.4253731343283582,4310.686567164179
screened,industry_crowding_regime,3d,stock_amount_share_in_industry,crowding_low,134,-0.022755379887573382,-0.0395471720621048,0.15130880437894595,-2.3873723575479158,0.40298507462686567,4310.686567164179
screened,industry_crowding_regime,3d,turnover_rate,crowding_low,134,-0.03766156115063923,-0.039884625937907106,0.15061842730840053,-3.969359921160944,0.39552238805970147,4302.507462686567
screened,industry_crowding_regime,3d,log_amount,crowding_low,134,-0.040968237956622765,-0.04671142296551929,0.16262739556054015,-3.999022510769678,0.3656716417910448,4310.686567164179
screened,industry_crowding_regime,3d,log_total_mv,crowding_low,134,-0.01087738002160519,-0.029358694539282908,0.22315469672628585,-0.7737818529110025,0.417910447761194,4302.507462686567
screened,industry_crowding_regime,5d,industry_amount_share,insufficient_history,252,-0.01297013340131659,-0.019121579106865013,0.09594412478594946,-2.145983249799244,0.43253968253968256,3192.4126984126983
screened,industry_crowding_regime,5d,stock_amount_share_in_industry,insufficient_history,252,-0.036626995027164946,-0.04298085425500574,0.10913684228782503,-5.327582404734195,0.3611111111111111,3192.4126984126983
screened,industry_crowding_regime,5d,turnover_rate,insufficient_history,252,-0.052387541612329155,-0.06980593510902036,0.16724497266654426,-4.972504872141863,0.3888888888888889,3192.4126984126983
screened,industry_crowding_regime,5d,log_amount,insufficient_history,252,-0.06503358301729553,-0.07955085120007291,0.12201629459719647,-8.460969320495542,0.25396825396825395,3192.4126984126983
screened,industry_crowding_regime,5d,log_total_mv,insufficient_history,252,-0.019546948178191918,-0.01721853034820093,0.16598003908896963,-1.8694909600078438,0.46825396825396826,3192.4126984126983
screened,industry_crowding_regime,5d,stock_ret_1d,insufficient_history,251,-0.006277104045678218,0.0006965342432288102,0.12089313972440632,-0.8242480737816017,0.50199203187251,3192.8844621513945
screened,industry_crowding_regime,5d,stock_rel_industry_ret_1d,insufficient_history,251,-0.010736677177888556,-0.005412796796359107,0.09140112086132166,-1.8647415339452431,0.47410358565737054,3192.8844621513945
screened,industry_crowding_regime,5d,stock_ret_5d,insufficient_history,247,-0.021160383172795293,-0.01336113981129529,0.12871239022553937,-2.6097772603220712,0.4777327935222672,3192.2793522267207
screened,industry_crowding_regime,5d,stock_rel_industry_ret_5d,insufficient_history,247,-0.02658313322305877,-0.018337722952443566,0.10181284149096659,-4.144802868507664,0.4331983805668016,3192.2793522267207
screened,industry_crowding_regime,5d,industry_ret_5d,insufficient_history,247,-0.003172251874608284,-0.0035771325036599447,0.10808852189445349,-0.46589532778332804,0.4817813765182186,3194.7085020242916
screened,industry_crowding_regime,5d,industry_breadth_20d,insufficient_history,243,-0.001378933629783386,0.0020156812749077073,0.09925817724787345,-0.22053490563863512,0.5102880658436214,3196.4897119341563
screened,industry_crowding_regime,5d,industry_amount_share_roll20d,insufficient_history,243,-0.013163337790348326,-0.016112349547502684,0.09909826876740306,-2.1086292616398947,0.4444444444444444,3196.4897119341563
screened,industry_crowding_regime,5d,stock_ret_20d,insufficient_history,232,-0.05640657521275228,-0.05541477004381235,0.14735406578335075,-6.076701156297442,0.375,3188.6077586206898
screened,industry_crowding_regime,5d,stock_rel_industry_ret_20d,insufficient_history,232,-0.056093545416848564,-0.05540210973344372,0.11610768002533038,-7.66923796754069,0.34913793103448276,3188.6077586206898
screened,industry_crowding_regime,5d,industry_ret_20d,insufficient_history,232,-0.01374799959042544,-0.008636565950379297,0.11335363730540608,-1.925326198905246,0.45689655172413796,3202.293103448276
screened,industry_crowding_regime,5d,industry_breadth_60d,insufficient_history,223,-0.010264277746047441,-0.007769392060974484,0.0874903272511565,-1.8623813962275797,0.47533632286995514,3215.542600896861
screened,industry_crowding_regime,5d,industry_amount_share_roll60d,insufficient_history,223,-0.010796321772617816,-0.016614283870097668,0.0994884616598245,-1.7226750926502865,0.452914798206278,3215.542600896861
screened,industry_crowding_regime,5d,stock_ret_60d,insufficient_history,192,-0.0261855986876536,-0.011756636171963167,0.134244710619607,-3.0964608619187723,0.4479166666666667,3176.4270833333335
screened,industry_crowding_regime,5d,stock_rel_industry_ret_60d,insufficient_history,192,-0.02197740574095998,-0.014800603868380386,0.10993624110277266,-3.1734803447710473,0.4635416666666667,3176.4270833333335
screened,industry_crowding_regime,5d,industry_ret_60d,insufficient_history,192,-0.008283640391996845,-0.0027012034813521614,0.0942564795463406,-1.3951159134946154,0.484375,3241.7291666666665
screened,industry_crowding_regime,5d,industry_crowding_score,insufficient_history,192,-0.011262012490026606,-0.009381194520299656,0.07328848527187129,-2.439386012701492,0.453125,3241.7291666666665
screened,industry_crowding_regime,5d,stock_ret_1d,crowding_high,749,-0.005701539263546541,-0.004948707975606588,0.12554133666419767,-0.7209508222123201,0.4886515353805073,4510.682242990654
screened,industry_crowding_regime,5d,stock_ret_5d,crowding_high,749,-0.021596579631302196,-0.012817749610870463,0.12759921862396867,-2.6868116979187553,0.45927903871829107,4510.682242990654
screened,industry_crowding_regime,5d,stock_ret_20d,crowding_high,749,-0.04286132511010651,-0.04130055167291323,0.13877063853463664,-4.903072074964574,0.37783711615487314,4510.674232309746
screened,industry_crowding_regime,5d,stock_ret_60d,crowding_high,749,-0.044038611275235735,-0.039171299364791086,0.14866816451633563,-4.702360343170154,0.4098798397863818,4510.571428571428
screened,industry_crowding_regime,5d,stock_rel_industry_ret_1d,crowding_high,749,-0.007797483826727061,-0.0054132047167427385,0.07327442351241802,-1.6892827321177197,0.45660881174899864,4510.682242990654
screened,industry_crowding_regime,5d,stock_rel_industry_ret_5d,crowding_high,749,-0.023838474753269643,-0.017464657562885053,0.08227354712974698,-4.599583562340855,0.40186915887850466,4510.682242990654
screened,industry_crowding_regime,5d,stock_rel_industry_ret_20d,crowding_high,749,-0.0399941336961626,-0.036827671451349006,0.0912854788256818,-6.954963682465478,0.3190921228304406,4510.674232309746
screened,industry_crowding_regime,5d,stock_rel_industry_ret_60d,crowding_high,749,-0.03683249262585622,-0.02791597567676939,0.09894880779075428,-5.909092863092077,0.3658210947930574,4510.571428571428
screened,industry_crowding_regime,5d,industry_ret_5d,crowding_high,749,-0.00037242837195620266,0.008494169523697399,0.13941145954061868,-0.04240768398642367,0.5260347129506008,4510.682242990654
screened,industry_crowding_regime,5d,industry_ret_20d,crowding_high,749,-0.010596717358282163,-0.0006684469479445118,0.1526410191430476,-1.1020476278679086,0.49666221628838453,4510.682242990654
screened,industry_crowding_regime,5d,industry_ret_60d,crowding_high,749,-0.014942031583245472,0.0004202726392691432,0.15282743379835279,-1.5520603337553258,0.5006675567423231,4510.682242990654
screened,industry_crowding_regime,5d,industry_breadth_20d,crowding_high,749,-0.007201974578944856,-0.002066308701371365,0.14543965245067866,-0.786084126168783,0.49265687583444595,4510.682242990654
screened,industry_crowding_regime,5d,industry_breadth_60d,crowding_high,749,-0.006717240891578038,0.0031638817959473956,0.15478873209013622,-0.6888931250608179,0.514018691588785,4510.682242990654
screened,industry_crowding_regime,5d,industry_amount_share,crowding_high,749,-0.010627318693940757,-0.005058313475778313,0.17356319816855476,-0.9720001474145152,0.4953271028037383,4510.682242990654
screened,industry_crowding_regime,5d,industry_amount_share_roll20d,crowding_high,749,-0.00922661659255508,-0.0024562592084281347,0.17342936444915402,-0.8445397821981807,0.49132176234979974,4510.682242990654
screened,industry_crowding_regime,5d,industry_amount_share_roll60d,crowding_high,749,-0.007950535208608124,-0.0037375949956239742,0.17045803451819197,-0.7404217352838893,0.49666221628838453,4510.682242990654
screened,industry_crowding_regime,5d,industry_crowding_score,crowding_high,749,-0.015255309698254064,-0.003941078391408393,0.1335940057235306,-1.8127350287727584,0.4819759679572764,4510.682242990654
screened,industry_crowding_regime,5d,stock_amount_share_in_industry,crowding_high,749,-0.043253489980162756,-0.03878072491180211,0.11212118414540079,-6.123979800716135,0.3377837116154873,4510.682242990654
screened,industry_crowding_regime,5d,turnover_rate,crowding_high,749,-0.046895601119999505,-0.048905456168398524,0.17231453420427792,-4.320265799493558,0.4098798397863818,4505.041388518024
screened,industry_crowding_regime,5d,log_amount,crowding_high,749,-0.0717695795768161,-0.07407687178569954,0.14717562067405246,-7.741137766849978,0.32443257676902537,4510.682242990654
screened,industry_crowding_regime,5d,log_total_mv,crowding_high,749,-0.04198077580665948,-0.04173547856233306,0.15176946768198454,-4.39102914412458,0.3724966622162884,4505.041388518024
screened,industry_crowding_regime,5d,stock_ret_1d,crowding_normal,892,-0.011279329595367656,-0.007023945621132309,0.13454357273658124,-1.3308239312167343,0.47533632286995514,4305.585201793722
screened,industry_crowding_regime,5d,stock_ret_5d,crowding_normal,892,-0.02533207410581603,-0.02269222557824,0.13772243695651842,-2.9198888616213647,0.4260089686098655,4305.582959641256
screened,industry_crowding_regime,5d,stock_ret_20d,crowding_normal,892,-0.03487489279099977,-0.034699037594745685,0.14614864079439938,-3.7880732721214856,0.4024663677130045,4305.561659192825
screened,industry_crowding_regime,5d,stock_ret_60d,crowding_normal,892,-0.03825601072361592,-0.04078849077149764,0.1587995424210466,-3.824288999261996,0.4047085201793722,4305.447309417041
screened,industry_crowding_regime,5d,stock_rel_industry_ret_1d,crowding_normal,892,-0.009849554410509399,-0.006748410861792198,0.08951487984412447,-1.7467132754053118,0.460762331838565,4305.585201793722
screened,industry_crowding_regime,5d,stock_rel_industry_ret_5d,crowding_normal,892,-0.02287951802067109,-0.01693425458249432,0.09978641743838292,-3.6397848336680863,0.40919282511210764,4305.582959641256
screened,industry_crowding_regime,5d,stock_rel_industry_ret_20d,crowding_normal,892,-0.030420552683998615,-0.029698866285406196,0.10795960233560507,-4.473074116935021,0.36995515695067266,4305.561659192825
screened,industry_crowding_regime,5d,stock_rel_industry_ret_60d,crowding_normal,892,-0.02822339543450463,-0.028428127817583283,0.11551992964102095,-3.8784001534062083,0.40358744394618834,4305.447309417041
screened,industry_crowding_regime,5d,industry_ret_5d,crowding_normal,892,-0.0067548264630709785,-0.0028561262393295176,0.13499687324712087,-0.7943113291802847,0.48654708520179374,4305.585201793722
screened,industry_crowding_regime,5d,industry_ret_20d,crowding_normal,892,-0.012125760483237094,-0.007082477695849638,0.1371005340124403,-1.4040097040002206,0.4674887892376682,4305.585201793722
screened,industry_crowding_regime,5d,industry_ret_60d,crowding_normal,892,-0.022482486796104,-0.01287191936549725,0.1461402895274086,-2.4421630383712274,0.45739910313901344,4305.585201793722
screened,industry_crowding_regime,5d,industry_breadth_20d,crowding_normal,892,-0.004803045811639013,-0.002415784792012988,0.1263167261928846,-0.6036095995953558,0.49551569506726456,4305.585201793722
screened,industry_crowding_regime,5d,industry_breadth_60d,crowding_normal,892,-0.01578942783827911,-0.01072899089259391,0.14106492413861413,-1.7768371404519065,0.46860986547085204,4305.585201793722
screened,industry_crowding_regime,5d,industry_amount_share,crowding_normal,892,-0.01409631292170342,-0.004556381744575047,0.1629368219474428,-1.3733668527966112,0.48878923766816146,4305.585201793722
screened,industry_crowding_regime,5d,industry_amount_share_roll20d,crowding_normal,892,-0.011500691894169465,-0.0038439091447525033,0.16523332856523387,-1.1049091943385692,0.48878923766816146,4305.585201793722
screened,industry_crowding_regime,5d,industry_amount_share_roll60d,crowding_normal,892,-0.009074643286601656,-0.0007750843995564679,0.16627721095945672,-0.8663574244876159,0.4977578475336323,4305.585201793722
screened,industry_crowding_regime,5d,industry_crowding_score,crowding_normal,892,-0.01943810463491367,-0.01709867887498943,0.11783506047428033,-2.6186632712931175,0.4170403587443946,4305.585201793722
screened,industry_crowding_regime,5d,stock_amount_share_in_industry,crowding_normal,892,-0.02929193562940372,-0.03453301128317901,0.13418901874830277,-3.4652244044117673,0.3901345291479821,4305.585201793722
screened,industry_crowding_regime,5d,turnover_rate,crowding_normal,892,-0.06065171847299747,-0.06676331022501389,0.1662318767071644,-5.792006930810429,0.34417040358744394,4300.356502242153
screened,industry_crowding_regime,5d,log_amount,crowding_normal,892,-0.057034027621704064,-0.05906293727488758,0.1449445840801801,-6.246436359648083,0.3352017937219731,4305.585201793722
screened,industry_crowding_regime,5d,log_total_mv,crowding_normal,892,-0.01505848054808912,-0.018307824413114463,0.1874189078115051,-1.2754634562106344,0.4439461883408072,4300.356502242153
screened,industry_crowding_regime,5d,stock_ret_1d,crowding_low,134,-0.012422538788148139,-0.017385479576512892,0.15021097676992795,-1.312831418538792,0.44776119402985076,4309.089552238806
screened,industry_crowding_regime,5d,stock_ret_5d,crowding_low,134,-0.02786374444765222,-0.03145266995930898,0.17795221866828775,-2.485629197159835,0.4253731343283582,4309.089552238806
screened,industry_crowding_regime,5d,stock_ret_20d,crowding_low,134,-0.048821369681077746,-0.05268120766786161,0.18883688245072167,-4.104151726039688,0.35074626865671643,4309.082089552238
screened,industry_crowding_regime,5d,stock_ret_60d,crowding_low,134,-0.05407454747969506,-0.08178090682054363,0.20323131742140138,-4.223792081994205,0.35074626865671643,4309.074626865671
screened,industry_crowding_regime,5d,stock_rel_industry_ret_1d,crowding_low,134,-0.019039210579066195,-0.019805298002912065,0.11900960490455376,-2.5396109696321703,0.3880597014925373,4309.089552238806
screened,industry_crowding_regime,5d,stock_rel_industry_ret_5d,crowding_low,134,-0.03293426340933397,-0.020479053954625594,0.1351033450719074,-3.8697429977539666,0.3805970149253731,4309.089552238806
screened,industry_crowding_regime,5d,stock_rel_industry_ret_20d,crowding_low,134,-0.04739167029013449,-0.047075696591188355,0.13982546574512822,-5.380417928972262,0.35074626865671643,4309.082089552238
screened,industry_crowding_regime,5d,stock_rel_industry_ret_60d,crowding_low,134,-0.04385945577166729,-0.04473110129612251,0.1560810909054958,-4.4608047754123765,0.3208955223880597,4309.074626865671
screened,industry_crowding_regime,5d,industry_ret_5d,crowding_low,134,0.003911366595893039,0.0017319426308184654,0.12834888258600013,0.4837675135443852,0.5149253731343284,4309.089552238806
screened,industry_crowding_regime,5d,industry_ret_20d,crowding_low,134,-0.010537919051089539,-0.015089076252662016,0.14814508085350805,-1.129192261451419,0.4626865671641791,4309.089552238806
screened,industry_crowding_regime,5d,industry_ret_60d,crowding_low,134,-0.028150161624143296,-0.03397866457602323,0.14617955656509965,-3.0569935539757527,0.43283582089552236,4309.089552238806
screened,industry_crowding_regime,5d,industry_breadth_20d,crowding_low,134,0.0034272218607079206,-0.00014009044974319255,0.15054169500805456,0.3613979528047186,0.5,4309.089552238806
screened,industry_crowding_regime,5d,industry_breadth_60d,crowding_low,134,-0.026769948293504955,-0.02483673622170076,0.12677583495396572,-3.352056446106955,0.41044776119402987,4309.089552238806
screened,industry_crowding_regime,5d,industry_amount_share,crowding_low,134,-0.00758668995595078,0.004155309523894678,0.13910262143772392,-0.865799423050432,0.5223880597014925,4309.089552238806
screened,industry_crowding_regime,5d,industry_amount_share_roll20d,crowding_low,134,-0.00506911749026815,0.017396780301892994,0.1479488666017782,-0.5439024125240393,0.5149253731343284,4309.089552238806
screened,industry_crowding_regime,5d,industry_amount_share_roll60d,crowding_low,134,0.0001571788514535668,0.011869385956159101,0.15331606494788846,0.016274464875402933,0.5373134328358209,4309.089552238806
screened,industry_crowding_regime,5d,industry_crowding_score,crowding_low,134,-0.043099395465966764,-0.05908623338678787,0.1328495196436752,-5.150050178548839,0.3880597014925373,4309.089552238806
screened,industry_crowding_regime,5d,stock_amount_share_in_industry,crowding_low,134,-0.033433634164400844,-0.026070338551372276,0.15522084197724156,-3.4192733513359106,0.417910447761194,4309.089552238806
screened,industry_crowding_regime,5d,turnover_rate,crowding_low,134,-0.054115546836188196,-0.05447079393413977,0.155933789155897,-5.509118187887284,0.3358208955223881,4300.910447761194
screened,industry_crowding_regime,5d,log_amount,crowding_low,134,-0.05295357703300831,-0.06750238715161688,0.15624170962514938,-5.38020210595891,0.291044776119403,4309.089552238806
screened,industry_crowding_regime,5d,log_total_mv,crowding_low,134,-0.007589199811811483,-0.027635618970022903,0.2274582552496626,-0.5296568022116971,0.4253731343283582,4300.910447761194
screened,industry_crowding_regime,10d,industry_amount_share,insufficient_history,252,-0.01723191629914305,-0.014226949988944415,0.09905252917282428,-2.761647714884678,0.4603174603174603,3180.964285714286
screened,industry_crowding_regime,10d,stock_amount_share_in_industry,insufficient_history,252,-0.04946996421687666,-0.05260205900613146,0.11458522123850376,-6.853513285767718,0.3412698412698413,3180.964285714286
screened,industry_crowding_regime,10d,turnover_rate,insufficient_history,252,-0.07160255063083516,-0.10001195697296383,0.16120937255088727,-7.050801298068505,0.3253968253968254,3180.964285714286
screened,industry_crowding_regime,10d,log_amount,insufficient_history,252,-0.08628613736585902,-0.08836199790503968,0.1187266019352191,-11.537009769065092,0.23412698412698413,3180.964285714286
screened,industry_crowding_regime,10d,log_total_mv,insufficient_history,252,-0.025342119484346785,-0.02547588362850141,0.17664866761703654,-2.2773660312986004,0.44047619047619047,3180.964285714286
screened,industry_crowding_regime,10d,stock_ret_1d,insufficient_history,251,0.007416059539134262,0.006700302302609445,0.10808444102925051,1.0892066829463953,0.5537848605577689,3181.434262948207
screened,industry_crowding_regime,10d,stock_rel_industry_ret_1d,insufficient_history,251,0.0020817223879709803,0.004126467429343441,0.07574760113266137,0.4362688445486791,0.5219123505976095,3181.434262948207
screened,industry_crowding_regime,10d,stock_ret_5d,insufficient_history,247,-0.013096922043835805,-0.0011168040274946915,0.12418005456043711,-1.6742398185140892,0.4979757085020243,3181.097165991903
screened,industry_crowding_regime,10d,stock_rel_industry_ret_5d,insufficient_history,247,-0.02057780966707295,-0.008419762347668301,0.09357710845222289,-3.490838804874564,0.4534412955465587,3181.097165991903
screened,industry_crowding_regime,10d,industry_ret_5d,insufficient_history,247,0.001844774266049994,0.005397418440832597,0.11089045529758956,0.26408840616200907,0.5182186234817814,3183.4412955465586
screened,industry_crowding_regime,10d,industry_breadth_20d,insufficient_history,243,-0.003446882643690764,0.005554725604058652,0.10979109748014648,-0.4983788931673472,0.5185185185185185,3185.3991769547324
screened,industry_crowding_regime,10d,industry_amount_share_roll20d,insufficient_history,243,-0.017757856268419813,-0.008001141563225435,0.10053974103518255,-2.803838821551803,0.48559670781893005,3185.3991769547324
screened,industry_crowding_regime,10d,stock_ret_20d,insufficient_history,232,-0.0712777148238131,-0.04936425525029707,0.1569221118796652,-7.210574922267373,0.3232758620689655,3180.5
screened,industry_crowding_regime,10d,stock_rel_industry_ret_20d,insufficient_history,232,-0.06855332240060391,-0.04464131251992515,0.12360144135594792,-8.804511045962975,0.3017241379310345,3180.5
screened,industry_crowding_regime,10d,industry_ret_20d,insufficient_history,232,-0.022259188787942176,-0.012972900015595205,0.122182826631407,-2.89200763524294,0.4482758620689655,3194.103448275862
screened,industry_crowding_regime,10d,industry_breadth_60d,insufficient_history,223,-0.01689801230448271,-0.011979704926493522,0.08572095265252919,-3.1293122737584236,0.4125560538116592,3207.2331838565024
screened,industry_crowding_regime,10d,industry_amount_share_roll60d,insufficient_history,223,-0.016228157852520457,0.0015824292972949111,0.10016765586017677,-2.57182837388564,0.5067264573991032,3207.2331838565024
screened,industry_crowding_regime,10d,stock_ret_60d,insufficient_history,192,-0.03903511212771887,-0.012711425877505478,0.11848285699386277,-5.229981874668084,0.4375,3169.8333333333335
screened,industry_crowding_regime,10d,stock_rel_industry_ret_60d,insufficient_history,192,-0.029912218383392804,-0.0035506968650240505,0.10106407193553713,-4.698422861203782,0.4947916666666667,3169.8333333333335
screened,industry_crowding_regime,10d,industry_ret_60d,insufficient_history,192,-0.015644258010629755,-0.015628107194084494,0.07942871074097269,-3.126638900931217,0.4427083333333333,3234.4739583333335
screened,industry_crowding_regime,10d,industry_crowding_score,insufficient_history,192,-0.02161795754185639,-0.016383767008742556,0.07819445202703436,-4.388731273860512,0.4010416666666667,3234.4739583333335
screened,industry_crowding_regime,10d,stock_ret_1d,crowding_high,744,-0.0019774352266890786,0.00347454231855016,0.12009831070525132,-0.2613759583878564,0.5080645161290323,4503.939516129032
screened,industry_crowding_regime,10d,stock_ret_5d,crowding_high,744,-0.022202070154236683,-0.011629582008875088,0.11859337996218093,-2.97189385635111,0.4543010752688172,4503.939516129032
screened,industry_crowding_regime,10d,stock_ret_20d,crowding_high,744,-0.050463820962796085,-0.053117530269155645,0.13517603060364133,-5.926260145859762,0.34543010752688175,4503.931451612903
screened,industry_crowding_regime,10d,stock_ret_60d,crowding_high,744,-0.05423308491616415,-0.05236233469269418,0.14831386979224492,-5.804740543322589,0.3696236559139785,4503.833333333333
screened,industry_crowding_regime,10d,stock_rel_industry_ret_1d,crowding_high,744,-0.003917744679578941,0.00013726640185875218,0.06954815256771348,-0.8942332245838192,0.5013440860215054,4503.939516129032
screened,industry_crowding_regime,10d,stock_rel_industry_ret_5d,crowding_high,744,-0.021990753971658436,-0.01585214685600564,0.07553945682277208,-4.621325219876982,0.3911290322580645,4503.939516129032
screened,industry_crowding_regime,10d,stock_rel_industry_ret_20d,crowding_high,744,-0.04756030587847655,-0.04640779402269449,0.08848871607445749,-8.53212119340045,0.27419354838709675,4503.931451612903
screened,industry_crowding_regime,10d,stock_rel_industry_ret_60d,crowding_high,744,-0.043593218148729865,-0.046612844565096276,0.09931147390047076,-6.968186627828108,0.32526881720430106,4503.833333333333
screened,industry_crowding_regime,10d,industry_ret_5d,crowding_high,744,-0.0031084575215489796,0.008005825427706566,0.13979926647751048,-0.3529720478619176,0.5255376344086021,4503.939516129032
screened,industry_crowding_regime,10d,industry_ret_20d,crowding_high,744,-0.013044985723477679,-0.012131563912534376,0.15372033021612747,-1.3471394980293483,0.4771505376344086,4503.939516129032
screened,industry_crowding_regime,10d,industry_ret_60d,crowding_high,744,-0.02177089470688731,-0.011378444797202129,0.15188178090517224,-2.2754687048248083,0.4637096774193548,4503.939516129032
screened,industry_crowding_regime,10d,industry_breadth_20d,crowding_high,744,-0.00930870357109527,-0.01475885481182335,0.1486757157976245,-0.9939154304551376,0.4637096774193548,4503.939516129032
screened,industry_crowding_regime,10d,industry_breadth_60d,crowding_high,744,-0.010663041769862653,-0.0030178475796709173,0.1576351092499588,-1.0738124346835372,0.49193548387096775,4503.939516129032
screened,industry_crowding_regime,10d,industry_amount_share,crowding_high,744,-0.01634427249712914,-0.012274676437057713,0.1821326505544051,-1.4245511803417985,0.47580645161290325,4503.939516129032
screened,industry_crowding_regime,10d,industry_amount_share_roll20d,crowding_high,744,-0.015430207090228068,-0.009987747066821638,0.18130754255646786,-1.3510025031502817,0.4825268817204301,4503.939516129032
screened,industry_crowding_regime,10d,industry_amount_share_roll60d,crowding_high,744,-0.013752929306097545,-0.012703865884217153,0.17863255183004753,-1.2221791729383658,0.478494623655914,4503.939516129032
screened,industry_crowding_regime,10d,industry_crowding_score,crowding_high,744,-0.020448350994413153,-0.0204645638469274,0.13946313873977473,-2.327550574644334,0.46102150537634407,4503.939516129032
screened,industry_crowding_regime,10d,stock_amount_share_in_industry,crowding_high,744,-0.05507362049108324,-0.051117462528910126,0.1138676024266234,-7.677922456297637,0.34274193548387094,4503.939516129032
screened,industry_crowding_regime,10d,turnover_rate,crowding_high,744,-0.05991143643009078,-0.05936366438028415,0.1792066371699314,-5.307083397777356,0.40591397849462363,4498.272849462365
screened,industry_crowding_regime,10d,log_amount,crowding_high,744,-0.09454694445909202,-0.10204078368673616,0.1544970831625477,-9.71465727919062,0.28763440860215056,4503.939516129032
screened,industry_crowding_regime,10d,log_total_mv,crowding_high,744,-0.058352322084303236,-0.0538342736289838,0.15390327662671513,-6.018808801556458,0.33602150537634407,4498.272849462365
screened,industry_crowding_regime,10d,stock_ret_1d,crowding_normal,892,-0.006623537497503069,-0.0021260954081592813,0.13072090532051023,-0.804350290029149,0.492152466367713,4303.316143497758
screened,industry_crowding_regime,10d,stock_ret_5d,crowding_normal,892,-0.02295931787713761,-0.019434447023752632,0.1358104329041114,-2.683651501978826,0.4282511210762332,4303.313901345292
screened,industry_crowding_regime,10d,stock_ret_20d,crowding_normal,892,-0.0407404282909534,-0.03185123369755273,0.13827749664314776,-4.677075193614202,0.4047085201793722,4303.292600896861
screened,industry_crowding_regime,10d,stock_ret_60d,crowding_normal,892,-0.04288687169883996,-0.04650575652778319,0.15240695573388932,-4.46704009583864,0.3778026905829596,4303.182735426009
screened,industry_crowding_regime,10d,stock_rel_industry_ret_1d,crowding_normal,892,-0.006251603843799255,-0.0037433426579385875,0.08598239843261063,-1.1542029090257455,0.476457399103139,4303.316143497758
screened,industry_crowding_regime,10d,stock_rel_industry_ret_5d,crowding_normal,892,-0.021182649386717965,-0.020155953498425146,0.09835611240657921,-3.418843283784469,0.39798206278026904,4303.313901345292
screened,industry_crowding_regime,10d,stock_rel_industry_ret_20d,crowding_normal,892,-0.03443182243592536,-0.02881374170405648,0.10443956260569401,-5.233536243126285,0.36771300448430494,4303.292600896861
screened,industry_crowding_regime,10d,stock_rel_industry_ret_60d,crowding_normal,892,-0.031570363959217126,-0.025652206033608488,0.11401322508477009,-4.395665420767539,0.3901345291479821,4303.182735426009
screened,industry_crowding_regime,10d,industry_ret_5d,crowding_normal,892,-0.004519026314150494,-0.00012337617607472784,0.13383840784252707,-0.5359994931858404,0.5,4303.316143497758
screened,industry_crowding_regime,10d,industry_ret_20d,crowding_normal,892,-0.016837300990476072,-0.010415943640050081,0.13057167142228918,-2.0470279970424015,0.45964125560538116,4303.316143497758
screened,industry_crowding_regime,10d,industry_ret_60d,crowding_normal,892,-0.025609141890648893,-0.022927659200284438,0.13884072353867868,-2.928049595486929,0.4248878923766816,4303.316143497758
screened,industry_crowding_regime,10d,industry_breadth_20d,crowding_normal,892,-0.005177307227754365,-0.002068048081324575,0.12303828831596227,-0.6679807191614617,0.4943946188340807,4303.316143497758
screened,industry_crowding_regime,10d,industry_breadth_60d,crowding_normal,892,-0.019510770901292485,-0.017828676484842085,0.13969210592815653,-2.2171896120682963,0.43385650224215244,4303.316143497758
screened,industry_crowding_regime,10d,industry_amount_share,crowding_normal,892,-0.013436339326240214,-0.007260603073629647,0.16740981686058762,-1.274090601911814,0.4820627802690583,4303.316143497758
screened,industry_crowding_regime,10d,industry_amount_share_roll20d,crowding_normal,892,-0.010730765328573505,-0.0016864038829639142,0.16949222311761591,-1.0050350127426833,0.4966367713004484,4303.316143497758
screened,industry_crowding_regime,10d,industry_amount_share_roll60d,crowding_normal,892,-0.00735005752434604,-0.0020306516327347037,0.17034569291803217,-0.6849515475849228,0.4977578475336323,4303.316143497758
screened,industry_crowding_regime,10d,industry_crowding_score,crowding_normal,892,-0.0225079486075998,-0.022921041243337346,0.11537860038679014,-3.0967840312656256,0.41143497757847536,4303.316143497758
screened,industry_crowding_regime,10d,stock_amount_share_in_industry,crowding_normal,892,-0.040472004097003654,-0.04017709854572064,0.13849614049141992,-4.638924558667798,0.36995515695067266,4303.316143497758
screened,industry_crowding_regime,10d,turnover_rate,crowding_normal,892,-0.07155737912370717,-0.07701449635444191,0.1623699404991016,-6.99598813860285,0.31614349775784756,4298.094170403588
screened,industry_crowding_regime,10d,log_amount,crowding_normal,892,-0.0708250088442997,-0.08361774133175834,0.15346246323275983,-7.326300753628165,0.3183856502242152,4303.316143497758
screened,industry_crowding_regime,10d,log_total_mv,crowding_normal,892,-0.02246067741903456,-0.04420472446613455,0.19624834831210214,-1.8168417896991265,0.4047085201793722,4298.094170403588
screened,industry_crowding_regime,10d,stock_ret_1d,crowding_low,134,-0.01731441816920423,-0.016747802944140723,0.1425947513554488,-1.927545472861145,0.44029850746268656,4306.037313432836
screened,industry_crowding_regime,10d,stock_ret_5d,crowding_low,134,-0.032887978785134664,-0.013261214563382386,0.16479586644018365,-3.168043526890935,0.4552238805970149,4306.037313432836
screened,industry_crowding_regime,10d,stock_ret_20d,crowding_low,134,-0.06952830950869288,-0.032773265496964465,0.16755315887315242,-6.5873284852120255,0.34328358208955223,4306.0298507462685
screened,industry_crowding_regime,10d,stock_ret_60d,crowding_low,134,-0.08508124581825312,-0.07548915266276891,0.17523881984499662,-7.707327104910735,0.26865671641791045,4306.022388059701
screened,industry_crowding_regime,10d,stock_rel_industry_ret_1d,crowding_low,134,-0.020041251912099194,-0.014509615441758746,0.11206692637921471,-2.8388840616037463,0.4253731343283582,4306.037313432836
screened,industry_crowding_regime,10d,stock_rel_industry_ret_5d,crowding_low,134,-0.03661893588293128,-0.020521449138946726,0.12404363051986003,-4.686315478643326,0.417910447761194,4306.037313432836
screened,industry_crowding_regime,10d,stock_rel_industry_ret_20d,crowding_low,134,-0.06267206399517458,-0.03281587906790859,0.12431161038931558,-8.003179829932055,0.2835820895522388,4306.0298507462685
screened,industry_crowding_regime,10d,stock_rel_industry_ret_60d,crowding_low,134,-0.06813348939962717,-0.05854343097850308,0.13640832695365196,-7.929029243253668,0.2462686567164179,4306.022388059701
screened,industry_crowding_regime,10d,industry_ret_5d,crowding_low,134,0.0026457084748988287,-0.0050305375458057034,0.128717932179852,0.32628957974764394,0.48507462686567165,4306.037313432836
screened,industry_crowding_regime,10d,industry_ret_20d,crowding_low,134,-0.0187697841587882,-0.008616445116498613,0.1408367594785967,-2.115648552140689,0.4701492537313433,4306.037313432836
screened,industry_crowding_regime,10d,industry_ret_60d,crowding_low,134,-0.04324996353662465,-0.032138807657487466,0.12856456651169992,-5.340288580373672,0.3656716417910448,4306.037313432836
screened,industry_crowding_regime,10d,industry_breadth_20d,crowding_low,134,0.0008543980317683872,0.009761087155743753,0.15017403913668556,0.09031619815451843,0.5522388059701493,4306.037313432836
screened,industry_crowding_regime,10d,industry_breadth_60d,crowding_low,134,-0.04068241138548881,-0.03822154152397643,0.1111375357220695,-5.8109373702292,0.35074626865671643,4306.037313432836
screened,industry_crowding_regime,10d,industry_amount_share,crowding_low,134,0.010634169197597416,0.02719050521644461,0.1431850002073645,1.1789796580317615,0.5970149253731343,4306.037313432836
screened,industry_crowding_regime,10d,industry_amount_share_roll20d,crowding_low,134,0.015635250126456612,0.03526550324780315,0.15067752132821952,1.6472390767878131,0.6194029850746269,4306.037313432836
screened,industry_crowding_regime,10d,industry_amount_share_roll60d,crowding_low,134,0.02162971708231901,0.040117140680106946,0.1559281795847445,2.2020465760930583,0.6119402985074627,4306.037313432836
screened,industry_crowding_regime,10d,industry_crowding_score,crowding_low,134,-0.06284611085326479,-0.06657851556512337,0.1247387785425733,-7.997922480630333,0.291044776119403,4306.037313432836
screened,industry_crowding_regime,10d,stock_amount_share_in_industry,crowding_low,134,-0.0524169345792642,-0.05464427184432652,0.13437086458800648,-6.192510875491686,0.34328358208955223,4306.037313432836
screened,industry_crowding_regime,10d,turnover_rate,crowding_low,134,-0.07381622686620264,-0.08616204948427801,0.15067061723331374,-7.777204975805287,0.291044776119403,4297.858208955224
screened,industry_crowding_regime,10d,log_amount,crowding_low,134,-0.06248830922323105,-0.07077200631905409,0.13611022566785178,-7.28799876316519,0.27611940298507465,4306.037313432836
screened,industry_crowding_regime,10d,log_total_mv,crowding_low,134,0.004474019073500795,0.0043371440605016074,0.20978627349513052,0.3385486085118188,0.5149253731343284,4297.858208955224
screened,stock_concentration_regime,3d,industry_amount_share,insufficient_history,252,-0.0092409176544245,-0.01599695306191136,0.0970631136964939,-1.5113364326689653,0.44047619047619047,3198.3888888888887
screened,stock_concentration_regime,3d,stock_amount_share_in_industry,insufficient_history,252,-0.027959621690062116,-0.03003427768419316,0.10710071637599679,-4.14418548706911,0.38492063492063494,3198.3888888888887
screened,stock_concentration_regime,3d,turnover_rate,insufficient_history,252,-0.03843630865948048,-0.05124232157336504,0.173277335953937,-3.521276921824463,0.4087301587301587,3198.3888888888887
screened,stock_concentration_regime,3d,log_amount,insufficient_history,252,-0.04979802194669099,-0.06364917998458704,0.1268614999115225,-6.231355388944797,0.32936507936507936,3198.3888888888887
screened,stock_concentration_regime,3d,log_total_mv,insufficient_history,252,-0.017153501145214668,-0.01633535335747131,0.16441058570740255,-1.6562400023950379,0.47619047619047616,3198.3888888888887
screened,stock_concentration_regime,3d,stock_ret_1d,insufficient_history,251,0.0015769065226472704,-0.0024494053563633767,0.12845510541357832,0.19487442649886186,0.4900398406374502,3198.8446215139443
screened,stock_concentration_regime,3d,stock_rel_industry_ret_1d,insufficient_history,251,-0.002107731969451115,0.0002502961262969167,0.09805851034219033,-0.341216765505892,0.5059760956175299,3198.8446215139443
screened,stock_concentration_regime,3d,stock_ret_5d,insufficient_history,247,-0.02303524978496438,-0.02728546555926417,0.13764158341445298,-2.6567062427241863,0.4251012145748988,3198.2105263157896
screened,stock_concentration_regime,3d,stock_rel_industry_ret_5d,insufficient_history,247,-0.02740513126330699,-0.03028946129485951,0.10929796363715848,-3.9803392244615132,0.4008097165991903,3198.2105263157896
screened,stock_concentration_regime,3d,industry_ret_5d,insufficient_history,247,-0.0034683803390007234,-0.01002973698392448,0.10857678706617857,-0.5070957841249438,0.46963562753036436,3200.6518218623482
screened,stock_concentration_regime,3d,industry_breadth_20d,insufficient_history,243,0.000817752989102922,0.005077108187163297,0.10006957094090074,0.12972401236678488,0.51440329218107,3202.329218106996
screened,stock_concentration_regime,3d,industry_amount_share_roll20d,insufficient_history,243,-0.008926688846257354,-0.011393861825619788,0.09958707481297381,-1.4229436156934425,0.4691358024691358,3202.329218106996
screened,stock_concentration_regime,3d,stock_ret_20d,insufficient_history,232,-0.042005146717427465,-0.04345759066128184,0.1461286667105959,-4.563177417577945,0.40086206896551724,3193.4956896551726
screened,stock_concentration_regime,3d,stock_rel_industry_ret_20d,insufficient_history,232,-0.04322951671071502,-0.04374025944066273,0.11373949425438727,-6.033500567090018,0.3793103448275862,3193.4956896551726
screened,stock_concentration_regime,3d,industry_ret_20d,insufficient_history,232,-0.008509154626366235,-0.004743781009070117,0.1146859773416447,-1.1778130612268767,0.46120689655172414,3207.237068965517
screened,stock_concentration_regime,3d,industry_breadth_60d,insufficient_history,223,-0.00509611118055778,-0.007605637737824845,0.08727129428029551,-0.9269744157102017,0.4663677130044843,3220.0762331838564
screened,stock_concentration_regime,3d,industry_amount_share_roll60d,insufficient_history,223,-0.007123412767519741,-0.0049693042502888035,0.09951691471132035,-1.13629599894192,0.47085201793721976,3220.0762331838564
screened,stock_concentration_regime,3d,stock_ret_60d,insufficient_history,192,-0.017085645882324644,-0.01925071075198792,0.1322725527916228,-2.050510209692211,0.4270833333333333,3180.0416666666665
screened,stock_concentration_regime,3d,stock_rel_industry_ret_60d,insufficient_history,192,-0.014537320638578669,-0.015026942094955349,0.10839870590937384,-2.1289258842836323,0.4583333333333333,3180.0416666666665
screened,stock_concentration_regime,3d,industry_ret_60d,insufficient_history,192,-0.004945315391507833,-0.006094602074798363,0.09331433636511144,-0.8412903219618234,0.4739583333333333,3245.7135416666665
screened,stock_concentration_regime,3d,industry_crowding_score,insufficient_history,192,-0.005132938218621451,-0.00045856224751291796,0.07276706626117026,-1.1197767385143043,0.5,3245.7135416666665
screened,stock_concentration_regime,3d,stock_ret_1d,stock_concentration_normal,952,-0.010925264854559663,-0.0059942962048067094,0.11975731148657838,-1.4482055477298519,0.47584033613445376,4313.710084033613
screened,stock_concentration_regime,3d,stock_ret_5d,stock_concentration_normal,952,-0.022256433634487302,-0.015239990411574925,0.1263709625713844,-2.7958157761821543,0.43907563025210083,4313.709033613445
screened,stock_concentration_regime,3d,stock_ret_20d,stock_concentration_normal,952,-0.03166978301965969,-0.029906801625549276,0.13446172922574776,-3.7389242468265502,0.4054621848739496,4313.68487394958
screened,stock_concentration_regime,3d,stock_ret_60d,stock_concentration_normal,952,-0.033510887286962505,-0.03124677084291457,0.1479656515453346,-3.595218473278745,0.41911764705882354,4313.571428571428
screened,stock_concentration_regime,3d,stock_rel_industry_ret_1d,stock_concentration_normal,952,-0.008972268922708491,-0.0031900439010533184,0.07800446802860289,-1.8259255808353656,0.4842436974789916,4313.710084033613
screened,stock_concentration_regime,3d,stock_rel_industry_ret_5d,stock_concentration_normal,952,-0.020849405191855887,-0.016985557789379747,0.08872907282214147,-3.7301646033319784,0.4338235294117647,4313.709033613445
screened,stock_concentration_regime,3d,stock_rel_industry_ret_20d,stock_concentration_normal,952,-0.029598814741733825,-0.027443425984699087,0.09141599872652467,-5.139872932516218,0.375,4313.68487394958
screened,stock_concentration_regime,3d,stock_rel_industry_ret_60d,stock_concentration_normal,952,-0.02808285696581872,-0.02553597086951506,0.09855242850237325,-4.523496179536459,0.40021008403361347,4313.571428571428
screened,stock_concentration_regime,3d,industry_ret_5d,stock_concentration_normal,952,-0.00517467713663912,0.0008645524449030001,0.12813256813623838,-0.6410973736532887,0.5010504201680672,4313.710084033613
screened,stock_concentration_regime,3d,industry_ret_20d,stock_concentration_normal,952,-0.006044729952887498,-0.0034523678353272605,0.1376695739811151,-0.6970103154416963,0.4831932773109244,4313.710084033613
screened,stock_concentration_regime,3d,industry_ret_60d,stock_concentration_normal,952,-0.01120695369799666,0.0004151316029314981,0.14613375155182046,-1.2174112602180212,0.5010504201680672,4313.710084033613
screened,stock_concentration_regime,3d,industry_breadth_20d,stock_concentration_normal,952,-0.00025146947181587764,0.0005644514677271673,0.1329684163774666,-0.030021821852531022,0.5021008403361344,4313.710084033613
screened,stock_concentration_regime,3d,industry_breadth_60d,stock_concentration_normal,952,-0.0030917077235500653,0.002209192412881117,0.14602777289754643,-0.3360959193187235,0.5073529411764706,4313.710084033613
screened,stock_concentration_regime,3d,industry_amount_share,stock_concentration_normal,952,0.0017623696345575484,0.008069125763902424,0.15627057005340012,0.17902763532318494,0.5199579831932774,4313.710084033613
screened,stock_concentration_regime,3d,industry_amount_share_roll20d,stock_concentration_normal,952,0.003920624340883336,0.006265133666487056,0.15747577109041977,0.3952225889071345,0.5199579831932774,4313.710084033613
screened,stock_concentration_regime,3d,industry_amount_share_roll60d,stock_concentration_normal,952,0.00493345945693367,0.006879321235251268,0.15621880838266275,0.5013240196133076,0.523109243697479,4313.710084033613
screened,stock_concentration_regime,3d,industry_crowding_score,stock_concentration_normal,952,-0.011645608650084172,-0.00656536759581784,0.12018466349076412,-1.5382021362387779,0.4726890756302521,4313.710084033613
screened,stock_concentration_regime,3d,stock_amount_share_in_industry,stock_concentration_normal,952,-0.033793214220375845,-0.03210440056004159,0.10779826195961602,-4.9764313006534735,0.3707983193277311,4313.710084033613
screened,stock_concentration_regime,3d,turnover_rate,stock_concentration_normal,952,-0.028837979840559913,-0.02464170493439448,0.1676373805758658,-2.7308273146305657,0.421218487394958,4307.262605042017
screened,stock_concentration_regime,3d,log_amount,stock_concentration_normal,952,-0.04551138446129566,-0.04373120640691996,0.13872328390850006,-5.207999769653359,0.3707983193277311,4313.710084033613
screened,stock_concentration_regime,3d,log_total_mv,stock_concentration_normal,952,-0.024577021498729937,-0.03100067270562278,0.15290470416854943,-2.551576965767498,0.43067226890756305,4307.262605042017
screened,stock_concentration_regime,3d,stock_ret_1d,stock_concentration_low,713,-0.009424966205840334,-0.01076484272442402,0.15234323905200794,-0.982102659140469,0.4782608695652174,4597.220196353436
screened,stock_concentration_regime,3d,stock_ret_5d,stock_concentration_low,713,-0.0271328417088123,-0.020193498605308755,0.16277299840446785,-2.646142255570604,0.4361851332398317,4597.220196353436
screened,stock_concentration_regime,3d,stock_ret_20d,stock_concentration_low,713,-0.03971947295752925,-0.03027488740590744,0.16873517181713832,-3.736785159387992,0.3997194950911641,4597.217391304348
screened,stock_concentration_regime,3d,stock_ret_60d,stock_concentration_low,713,-0.03800562018750547,-0.03860467843973115,0.173299587543442,-3.4813730672166496,0.40813464235624125,4597.147265077138
screened,stock_concentration_regime,3d,stock_rel_industry_ret_1d,stock_concentration_low,713,-0.008915446067874219,-0.007596135532370557,0.1041246725963889,-1.3592198199308572,0.4684431977559607,4597.220196353436
screened,stock_concentration_regime,3d,stock_rel_industry_ret_5d,stock_concentration_low,713,-0.024504179350144907,-0.02107383591050844,0.11463494631223901,-3.393308937343793,0.394109396914446,4597.220196353436
screened,stock_concentration_regime,3d,stock_rel_industry_ret_20d,stock_concentration_low,713,-0.031226161040162646,-0.029773469859116098,0.12032959858763402,-4.119517931476654,0.36185133239831696,4597.217391304348
screened,stock_concentration_regime,3d,stock_rel_industry_ret_60d,stock_concentration_low,713,-0.02534023034054042,-0.03040762745250754,0.12438878212683495,-3.2339225370564915,0.3800841514726508,4597.147265077138
screened,stock_concentration_regime,3d,industry_ret_5d,stock_concentration_low,713,-0.009395882473932388,-0.005993320426351071,0.15170158666907954,-0.9832132512196984,0.48106591865357645,4597.220196353436
screened,stock_concentration_regime,3d,industry_ret_20d,stock_concentration_low,713,-0.02136810532920401,-0.019615306273656145,0.15745792220492252,-2.1542781168977103,0.4586255259467041,4597.220196353436
screened,stock_concentration_regime,3d,industry_ret_60d,stock_concentration_low,713,-0.026466355215719318,-0.013882235096507285,0.16280240883662686,-2.580676582544651,0.4684431977559607,4597.220196353436
screened,stock_concentration_regime,3d,industry_breadth_20d,stock_concentration_low,713,-0.016646333172155622,-0.015359913968819004,0.14367520984104348,-1.8392341113004156,0.4600280504908836,4597.220196353436
screened,stock_concentration_regime,3d,industry_breadth_60d,stock_concentration_low,713,-0.022236339534094065,-0.01045106426123685,0.1536282845008596,-2.2976950370858655,0.4740532959326788,4597.220196353436
screened,stock_concentration_regime,3d,industry_amount_share,stock_concentration_low,713,-0.030808682168415293,-0.02745181306576539,0.17395998400890494,-2.8114090158257703,0.4431977559607293,4597.220196353436
screened,stock_concentration_regime,3d,industry_amount_share_roll20d,stock_concentration_low,713,-0.029254375810968358,-0.02050883576643752,0.1765369980012131,-2.6306033533791227,0.4474053295932679,4597.220196353436
screened,stock_concentration_regime,3d,industry_amount_share_roll60d,stock_concentration_low,713,-0.02618067175856317,-0.02315390358296141,0.17646211453886415,-2.355209676959232,0.45582047685834504,4597.220196353436
screened,stock_concentration_regime,3d,industry_crowding_score,stock_concentration_low,713,-0.027504730341834854,-0.022744162555251423,0.132082423912558,-3.3056938632757227,0.4277699859747546,4597.220196353436
screened,stock_concentration_regime,3d,stock_amount_share_in_industry,stock_concentration_low,713,-0.0161744302825295,-0.01625564871214083,0.14259403264754997,-1.8006442204281339,0.4586255259467041,4597.220196353436
screened,stock_concentration_regime,3d,turnover_rate,stock_concentration_low,713,-0.06873912001513618,-0.07191400066510995,0.1738030976374212,-6.278367395299477,0.332398316970547,4596.7699859747545
screened,stock_concentration_regime,3d,log_amount,stock_concentration_low,713,-0.05788688511097894,-0.06747615772757465,0.1512864710528725,-6.074077917606761,0.3267882187938289,4597.220196353436
screened,stock_concentration_regime,3d,log_total_mv,stock_concentration_low,713,-0.012254246782662384,-0.02468121481801501,0.20024260899728186,-0.9714722452036614,0.43478260869565216,4596.7699859747545
screened,stock_concentration_regime,3d,stock_ret_1d,stock_concentration_high,112,0.015602047826479596,0.01584017021415809,0.11460494480902457,2.161118190545142,0.5535714285714286,3793.276785714286
screened,stock_concentration_regime,3d,stock_ret_5d,stock_concentration_high,112,0.004779061699650979,0.013213556384811545,0.13079233567075751,0.580043564143054,0.5357142857142857,3793.2678571428573
screened,stock_concentration_regime,3d,stock_ret_20d,stock_concentration_high,112,0.017141368208512506,0.021460164818108744,0.16782735225975726,1.6213732791631823,0.5625,3793.2589285714284
screened,stock_concentration_regime,3d,stock_ret_60d,stock_concentration_high,112,0.006545255979027816,0.04145308565463486,0.2011199925664488,0.5166205318562169,0.5714285714285714,3793.035714285714
screened,stock_concentration_regime,3d,stock_rel_industry_ret_1d,stock_concentration_high,112,0.0005863100471299087,-0.0008190080893303879,0.08912691491337892,0.10442842618698843,0.5,3793.276785714286
screened,stock_concentration_regime,3d,stock_rel_industry_ret_5d,stock_concentration_high,112,-0.010132990724050243,-0.001569743457865314,0.10370206123157422,-1.5511383192255357,0.49107142857142855,3793.2678571428573
screened,stock_concentration_regime,3d,stock_rel_industry_ret_20d,stock_concentration_high,112,-0.004937201930681326,0.001999696487595453,0.13371301576603792,-0.5861482551831824,0.5089285714285714,3793.2589285714284
screened,stock_concentration_regime,3d,stock_rel_industry_ret_60d,stock_concentration_high,112,-0.012831271309547565,0.00774963093393711,0.1561984723905012,-1.3040467952204668,0.5357142857142857,3793.035714285714
screened,stock_concentration_regime,3d,industry_ret_5d,stock_concentration_high,112,0.03408724701550194,0.019451303280631816,0.11022790422883193,4.909086085568,0.5803571428571429,3793.276785714286
screened,stock_concentration_regime,3d,industry_ret_20d,stock_concentration_high,112,0.04046915824726741,0.03976813096485425,0.13132868397745456,4.891756709087375,0.6160714285714286,3793.276785714286
screened,stock_concentration_regime,3d,industry_ret_60d,stock_concentration_high,112,0.02977808077926711,0.043029618137019984,0.13777398194181573,3.431071461489978,0.5892857142857143,3793.276785714286
screened,stock_concentration_regime,3d,industry_breadth_20d,stock_concentration_high,112,0.03328758997536969,0.025267283298426067,0.12888132874032285,4.10008272014162,0.6071428571428571,3793.276785714286
screened,stock_concentration_regime,3d,industry_breadth_60d,stock_concentration_high,112,0.0157309645030666,0.024110034106051025,0.13530888235269473,1.845564869118296,0.5535714285714286,3793.276785714286
screened,stock_concentration_regime,3d,industry_amount_share,stock_concentration_high,112,-0.00780302503036203,-0.01724139283745192,0.12791897288703238,-0.9683409695252332,0.4375,3793.276785714286
screened,stock_concentration_regime,3d,industry_amount_share_roll20d,stock_concentration_high,112,-0.007478913283181026,-0.02935540196756152,0.13198232316468608,-0.8995452186255648,0.44642857142857145,3793.276785714286
screened,stock_concentration_regime,3d,industry_amount_share_roll60d,stock_concentration_high,112,-0.008967661433291415,-0.026873544111050626,0.13105735548094688,-1.0862206966062324,0.44642857142857145,3793.276785714286
screened,stock_concentration_regime,3d,industry_crowding_score,stock_concentration_high,112,0.03166901796869304,0.02655606038233367,0.1196344604215382,4.202217931968689,0.6071428571428571,3793.276785714286
screened,stock_concentration_regime,3d,stock_amount_share_in_industry,stock_concentration_high,112,-0.012801068412100174,-0.031278635953984016,0.13216157413498772,-1.537592621275025,0.41964285714285715,3793.276785714286
screened,stock_concentration_regime,3d,turnover_rate,stock_concentration_high,112,-0.0189826002639982,-0.039253004134118974,0.1482188554184291,-2.0330708691862025,0.44642857142857145,3761.7410714285716
screened,stock_concentration_regime,3d,log_amount,stock_concentration_high,112,-0.02279510435104401,-0.01383323905614841,0.16377121987354903,-2.209552225447017,0.44642857142857145,3793.276785714286
screened,stock_concentration_regime,3d,log_total_mv,stock_concentration_high,112,-0.019317459170530984,-0.020754538548053217,0.19966897807615105,-1.5358177345118689,0.44642857142857145,3761.7410714285716
screened,stock_concentration_regime,5d,industry_amount_share,insufficient_history,252,-0.01297013340131659,-0.019121579106865013,0.09594412478594946,-2.145983249799244,0.43253968253968256,3192.4126984126983
screened,stock_concentration_regime,5d,stock_amount_share_in_industry,insufficient_history,252,-0.036626995027164946,-0.04298085425500574,0.10913684228782503,-5.327582404734195,0.3611111111111111,3192.4126984126983
screened,stock_concentration_regime,5d,turnover_rate,insufficient_history,252,-0.052387541612329155,-0.06980593510902036,0.16724497266654426,-4.972504872141863,0.3888888888888889,3192.4126984126983
screened,stock_concentration_regime,5d,log_amount,insufficient_history,252,-0.06503358301729553,-0.07955085120007291,0.12201629459719647,-8.460969320495542,0.25396825396825395,3192.4126984126983
screened,stock_concentration_regime,5d,log_total_mv,insufficient_history,252,-0.019546948178191918,-0.01721853034820093,0.16598003908896963,-1.8694909600078438,0.46825396825396826,3192.4126984126983
screened,stock_concentration_regime,5d,stock_ret_1d,insufficient_history,251,-0.006277104045678218,0.0006965342432288102,0.12089313972440632,-0.8242480737816017,0.50199203187251,3192.8844621513945
screened,stock_concentration_regime,5d,stock_rel_industry_ret_1d,insufficient_history,251,-0.010736677177888556,-0.005412796796359107,0.09140112086132166,-1.8647415339452431,0.47410358565737054,3192.8844621513945
screened,stock_concentration_regime,5d,stock_ret_5d,insufficient_history,247,-0.021160383172795293,-0.01336113981129529,0.12871239022553937,-2.6097772603220712,0.4777327935222672,3192.2793522267207
screened,stock_concentration_regime,5d,stock_rel_industry_ret_5d,insufficient_history,247,-0.02658313322305877,-0.018337722952443566,0.10181284149096659,-4.144802868507664,0.4331983805668016,3192.2793522267207
screened,stock_concentration_regime,5d,industry_ret_5d,insufficient_history,247,-0.003172251874608284,-0.0035771325036599447,0.10808852189445349,-0.46589532778332804,0.4817813765182186,3194.7085020242916
screened,stock_concentration_regime,5d,industry_breadth_20d,insufficient_history,243,-0.001378933629783386,0.0020156812749077073,0.09925817724787345,-0.22053490563863512,0.5102880658436214,3196.4897119341563
screened,stock_concentration_regime,5d,industry_amount_share_roll20d,insufficient_history,243,-0.013163337790348326,-0.016112349547502684,0.09909826876740306,-2.1086292616398947,0.4444444444444444,3196.4897119341563
screened,stock_concentration_regime,5d,stock_ret_20d,insufficient_history,232,-0.05640657521275228,-0.05541477004381235,0.14735406578335075,-6.076701156297442,0.375,3188.6077586206898
screened,stock_concentration_regime,5d,stock_rel_industry_ret_20d,insufficient_history,232,-0.056093545416848564,-0.05540210973344372,0.11610768002533038,-7.66923796754069,0.34913793103448276,3188.6077586206898
screened,stock_concentration_regime,5d,industry_ret_20d,insufficient_history,232,-0.01374799959042544,-0.008636565950379297,0.11335363730540608,-1.925326198905246,0.45689655172413796,3202.293103448276
screened,stock_concentration_regime,5d,industry_breadth_60d,insufficient_history,223,-0.010264277746047441,-0.007769392060974484,0.0874903272511565,-1.8623813962275797,0.47533632286995514,3215.542600896861
screened,stock_concentration_regime,5d,industry_amount_share_roll60d,insufficient_history,223,-0.010796321772617816,-0.016614283870097668,0.0994884616598245,-1.7226750926502865,0.452914798206278,3215.542600896861
screened,stock_concentration_regime,5d,stock_ret_60d,insufficient_history,192,-0.0261855986876536,-0.011756636171963167,0.134244710619607,-3.0964608619187723,0.4479166666666667,3176.4270833333335
screened,stock_concentration_regime,5d,stock_rel_industry_ret_60d,insufficient_history,192,-0.02197740574095998,-0.014800603868380386,0.10993624110277266,-3.1734803447710473,0.4635416666666667,3176.4270833333335
screened,stock_concentration_regime,5d,industry_ret_60d,insufficient_history,192,-0.008283640391996845,-0.0027012034813521614,0.0942564795463406,-1.3951159134946154,0.484375,3241.7291666666665
screened,stock_concentration_regime,5d,industry_crowding_score,insufficient_history,192,-0.011262012490026606,-0.009381194520299656,0.07328848527187129,-2.439386012701492,0.453125,3241.7291666666665
screened,stock_concentration_regime,5d,stock_ret_1d,stock_concentration_normal,950,-0.0101684482248776,-0.007930887112381102,0.120470925606969,-1.339900980435699,0.47157894736842104,4310.555789473684
screened,stock_concentration_regime,5d,stock_ret_5d,stock_concentration_normal,950,-0.023755466693956295,-0.013910143577554691,0.12613100868801333,-2.9897988355559253,0.45473684210526316,4310.554736842105
screened,stock_concentration_regime,5d,stock_ret_20d,stock_concentration_normal,950,-0.03771167814061122,-0.04135823951534262,0.13318010752858483,-4.495073193789975,0.38526315789473686,4310.53052631579
screened,stock_concentration_regime,5d,stock_ret_60d,stock_concentration_normal,950,-0.04049710597609769,-0.04074209880870547,0.14569040352065513,-4.4125873211158355,0.40842105263157896,4310.42
screened,stock_concentration_regime,5d,stock_rel_industry_ret_1d,stock_concentration_normal,950,-0.010592444493385608,-0.006577907425521336,0.07583287102357066,-2.2173740907456647,0.4536842105263158,4310.555789473684
screened,stock_concentration_regime,5d,stock_rel_industry_ret_5d,stock_concentration_normal,950,-0.0238669173210757,-0.016983404465723283,0.08690876416729375,-4.3594632876211,0.4105263157894737,4310.554736842105
screened,stock_concentration_regime,5d,stock_rel_industry_ret_20d,stock_concentration_normal,950,-0.036516310372597116,-0.03506505763980819,0.09253169347464789,-6.264647651996816,0.3410526315789474,4310.53052631579
screened,stock_concentration_regime,5d,stock_rel_industry_ret_60d,stock_concentration_normal,950,-0.03428430170447562,-0.028833562580874043,0.10002725643699001,-5.440981153413303,0.37894736842105264,4310.42
screened,stock_concentration_regime,5d,industry_ret_5d,stock_concentration_normal,950,-0.0026046494098890685,0.0033032712218775736,0.12919234739235919,-0.32004625955818117,0.5136842105263157,4310.555789473684
screened,stock_concentration_regime,5d,industry_ret_20d,stock_concentration_normal,950,-0.00495762484167295,0.0032431377508114704,0.13692432570519195,-0.5747689765307449,0.508421052631579,4310.555789473684
screened,stock_concentration_regime,5d,industry_ret_60d,stock_concentration_normal,950,-0.013286516310377567,-0.0009650839348955715,0.14193936542798377,-1.4859648487930481,0.4968421052631579,4310.555789473684
screened,stock_concentration_regime,5d,industry_breadth_20d,stock_concentration_normal,950,0.00117143546870888,0.006358919666732501,0.13283084535550227,0.1399973139763971,0.52,4310.555789473684
screened,stock_concentration_regime,5d,industry_breadth_60d,stock_concentration_normal,950,-0.0031001922570620777,0.0030115605792607326,0.14259953721526472,-0.34512051955507705,0.5094736842105263,4310.555789473684
screened,stock_concentration_regime,5d,industry_amount_share,stock_concentration_normal,950,0.006707639318623418,0.010643950266105038,0.15800516269071324,0.6739050250959694,0.5273684210526316,4310.555789473684
screened,stock_concentration_regime,5d,industry_amount_share_roll20d,stock_concentration_normal,950,0.008835205191884138,0.009919253753297774,0.15945927174921629,0.8795633692614186,0.5284210526315789,4310.555789473684
screened,stock_concentration_regime,5d,industry_amount_share_roll60d,stock_concentration_normal,950,0.01014594541274709,0.01045290475447137,0.15852062823008303,1.0160311125743255,0.531578947368421,4310.555789473684
screened,stock_concentration_regime,5d,industry_crowding_score,stock_concentration_normal,950,-0.012849195649568854,-0.009196086953305153,0.11906814930059763,-1.7130916925640802,0.46421052631578946,4310.555789473684
screened,stock_concentration_regime,5d,stock_amount_share_in_industry,stock_concentration_normal,950,-0.046961635011207065,-0.04222443249190204,0.11106091634107253,-6.712467976712787,0.32210526315789473,4310.555789473684
screened,stock_concentration_regime,5d,turnover_rate,stock_concentration_normal,950,-0.03431961165494417,-0.04444499539450436,0.1641924865932063,-3.3180991194655496,0.40842105263157896,4304.101052631579
screened,stock_concentration_regime,5d,log_amount,stock_concentration_normal,950,-0.05821841015637577,-0.059268209265718366,0.14345434998113288,-6.442388189117395,0.35368421052631577,4310.555789473684
screened,stock_concentration_regime,5d,log_total_mv,stock_concentration_normal,950,-0.0338789079110498,-0.03361773725522252,0.15722376084381876,-3.420672468666006,0.4063157894736842,4304.101052631579
screened,stock_concentration_regime,5d,stock_ret_1d,stock_concentration_low,713,-0.010927062066755158,-0.011038338792786484,0.1481559830120429,-1.1708047775641286,0.47124824684431976,4595.725105189341
screened,stock_concentration_regime,5d,stock_ret_5d,stock_concentration_low,713,-0.027591030443983217,-0.026998629176903446,0.15250596027028504,-2.8719797511421628,0.4053295932678822,4595.725105189341
screened,stock_concentration_regime,5d,stock_ret_20d,stock_concentration_low,713,-0.04899829765139308,-0.045881770594696385,0.16045023464142652,-4.847757706586813,0.37307152875175315,4595.722300140253
screened,stock_concentration_regime,5d,stock_ret_60d,stock_concentration_low,713,-0.04833850395868383,-0.04813099121184701,0.16806677446404583,-4.56574456068763,0.3758765778401122,4595.652173913043
screened,stock_concentration_regime,5d,stock_rel_industry_ret_1d,stock_concentration_low,713,-0.009460303330685985,-0.006813346269154452,0.09785940464590973,-1.5346267452247782,0.45582047685834504,4595.725105189341
screened,stock_concentration_regime,5d,stock_rel_industry_ret_5d,stock_concentration_low,713,-0.026000281443704438,-0.020295904666836524,0.10670672258835322,-3.8680006497681148,0.38288920056100983,4595.725105189341
screened,stock_concentration_regime,5d,stock_rel_industry_ret_20d,stock_concentration_low,713,-0.03860124200110429,-0.036116501339131676,0.11414564595172652,-5.368367007691289,0.3338008415147265,4595.722300140253
screened,stock_concentration_regime,5d,stock_rel_industry_ret_60d,stock_concentration_low,713,-0.032252184836005095,-0.03112756894579426,0.12114168628747422,-4.226353269281561,0.3702664796633941,4595.652173913043
screened,stock_concentration_regime,5d,industry_ret_5d,stock_concentration_low,713,-0.008818155603450548,-0.005355685844698439,0.14930936245851856,-0.9375425505074789,0.4838709677419355,4595.725105189341
screened,stock_concentration_regime,5d,industry_ret_20d,stock_concentration_low,713,-0.027758598377025063,-0.027207484570372514,0.1547327011734976,-2.8478407276163518,0.4221598877980365,4595.725105189341
screened,stock_concentration_regime,5d,industry_ret_60d,stock_concentration_low,713,-0.03450206648674435,-0.028950910588611645,0.1583921054626746,-3.4578953556464755,0.42917251051893407,4595.725105189341
screened,stock_concentration_regime,5d,industry_breadth_20d,stock_concentration_low,713,-0.019176157110501444,-0.01700521085606778,0.14214608325768163,-2.1415437549967673,0.4488078541374474,4595.725105189341
screened,stock_concentration_regime,5d,industry_breadth_60d,stock_concentration_low,713,-0.0287826696958815,-0.024454360361705094,0.15181220456184094,-3.0097100415716707,0.4417952314165498,4595.725105189341
screened,stock_concentration_regime,5d,industry_amount_share,stock_concentration_low,713,-0.03638821290493624,-0.030969997059227497,0.1784931748103303,-3.236230027377853,0.4600280504908836,4595.725105189341
screened,stock_concentration_regime,5d,industry_amount_share_roll20d,stock_concentration_low,713,-0.034262553093258055,-0.024254380730584963,0.18006616630901626,-3.020562828377447,0.453015427769986,4595.725105189341
screened,stock_concentration_regime,5d,industry_amount_share_roll60d,stock_concentration_low,713,-0.03050561988693112,-0.01684881425246732,0.18050915874517054,-2.682754195025424,0.46563814866760167,4595.725105189341
screened,stock_concentration_regime,5d,industry_crowding_score,stock_concentration_low,713,-0.03557569128242955,-0.030614558068347432,0.13275097043314663,-4.254180510111668,0.3856942496493689,4595.725105189341
screened,stock_concentration_regime,5d,stock_amount_share_in_industry,stock_concentration_low,713,-0.02297738366852007,-0.02228155389563282,0.14477396692782923,-2.5194768474967537,0.4319775596072931,4595.725105189341
screened,stock_concentration_regime,5d,turnover_rate,stock_concentration_low,713,-0.0842360247995212,-0.0925526923468175,0.1729101568300175,-7.733527415788419,0.3211781206171108,4595.274894810659
screened,stock_concentration_regime,5d,log_amount,stock_concentration_low,713,-0.0732465003677207,-0.08275991943960136,0.1483650655050177,-7.837101964096905,0.2762973352033661,4595.725105189341
screened,stock_concentration_regime,5d,log_total_mv,stock_concentration_low,713,-0.015217890660949427,-0.024902076550415264,0.19698241108166098,-1.2263862731729855,0.423562412342216,4595.274894810659
screened,stock_concentration_regime,5d,stock_ret_1d,stock_concentration_high,112,0.012989160376374929,0.02253047736681288,0.11521139769992787,1.7897233493302398,0.5892857142857143,3792.151785714286
screened,stock_concentration_regime,5d,stock_ret_5d,stock_concentration_high,112,-0.0023722494321439516,0.005762341423514578,0.1192766107199276,-0.315722353647587,0.5357142857142857,3792.1428571428573
screened,stock_concentration_regime,5d,stock_ret_20d,stock_concentration_high,112,0.009002500399267307,0.0025945318612038935,0.1566673855558646,0.9121889849522433,0.5089285714285714,3792.1339285714284
screened,stock_concentration_regime,5d,stock_ret_60d,stock_concentration_high,112,-0.012657739045193924,0.016025115650508057,0.19330345158522227,-1.0394815839851919,0.5267857142857143,3791.910714285714
screened,stock_concentration_regime,5d,stock_rel_industry_ret_1d,stock_concentration_high,112,-0.0032977999508248938,-0.007328247609011572,0.0834280651303317,-0.6274980868771118,0.4375,3792.151785714286
screened,stock_concentration_regime,5d,stock_rel_industry_ret_5d,stock_concentration_high,112,-0.013080061045581712,-0.0022729020991399057,0.0987948122569659,-2.101725052332146,0.48214285714285715,3792.1428571428573
screened,stock_concentration_regime,5d,stock_rel_industry_ret_20d,stock_concentration_high,112,-0.010964665631035283,-0.008071222050495598,0.12726652627826326,-1.3676704778726048,0.48214285714285715,3792.1339285714284
screened,stock_concentration_regime,5d,stock_rel_industry_ret_60d,stock_concentration_high,112,-0.02744712830736052,-0.01215099803659003,0.1516168117305215,-2.873755550270759,0.4732142857142857,3791.910714285714
screened,stock_concentration_regime,5d,industry_ret_5d,stock_concentration_high,112,0.026621704936160822,0.026857015620727454,0.10204294309520265,4.14145703374564,0.5714285714285714,3792.151785714286
screened,stock_concentration_regime,5d,industry_ret_20d,stock_concentration_high,112,0.0387180664032263,0.03655824511667391,0.12538505184886364,4.901941982926265,0.5982142857142857,3792.151785714286
screened,stock_concentration_regime,5d,industry_ret_60d,stock_concentration_high,112,0.019679306824076672,0.031580433438326554,0.1350339394587689,2.3134873516687025,0.5625,3792.151785714286
screened,stock_concentration_regime,5d,industry_breadth_20d,stock_concentration_high,112,0.029824894912832692,0.029905951867738895,0.1208252368187144,3.9185152156441854,0.5714285714285714,3792.151785714286
screened,stock_concentration_regime,5d,industry_breadth_60d,stock_concentration_high,112,0.006827410772374102,0.00790773245228521,0.1283930775205628,0.8441404171167549,0.5267857142857143,3792.151785714286
screened,stock_concentration_regime,5d,industry_amount_share,stock_concentration_high,112,-0.01765938244188558,-0.01888545813762201,0.12126337911063345,-2.3117779460318255,0.42857142857142855,3792.151785714286
screened,stock_concentration_regime,5d,industry_amount_share_roll20d,stock_concentration_high,112,-0.01618624390996231,-0.02086324294296602,0.12606120695811307,-2.038284913148116,0.42857142857142855,3792.151785714286
screened,stock_concentration_regime,5d,industry_amount_share_roll60d,stock_concentration_high,112,-0.017112606067225276,-0.015271228321407516,0.12644020002483738,-2.1484796731988425,0.45535714285714285,3792.151785714286
screened,stock_concentration_regime,5d,industry_crowding_score,stock_concentration_high,112,0.027070254113284366,0.027182177031416198,0.12324714957012764,3.4867091317347487,0.6160714285714286,3792.151785714286
screened,stock_concentration_regime,5d,stock_amount_share_in_industry,stock_concentration_high,112,-0.017937051234805594,-0.03591078912929414,0.12846340707827134,-2.216521166632516,0.38392857142857145,3792.151785714286
screened,stock_concentration_regime,5d,turnover_rate,stock_concentration_high,112,-0.034050934273098306,-0.04431898780525566,0.14097960252030317,-3.8341846218377458,0.375,3760.6160714285716
screened,stock_concentration_regime,5d,log_amount,stock_concentration_high,112,-0.03744020226139783,-0.022274820695194333,0.16159934448993918,-3.677891065670153,0.42857142857142855,3792.151785714286
screened,stock_concentration_regime,5d,log_total_mv,stock_concentration_high,112,-0.025512499518856566,-0.028756896979200804,0.20187181877124047,-2.0062155122416465,0.39285714285714285,3760.6160714285716
screened,stock_concentration_regime,10d,industry_amount_share,insufficient_history,252,-0.01723191629914305,-0.014226949988944415,0.09905252917282428,-2.761647714884678,0.4603174603174603,3180.964285714286
screened,stock_concentration_regime,10d,stock_amount_share_in_industry,insufficient_history,252,-0.04946996421687666,-0.05260205900613146,0.11458522123850376,-6.853513285767718,0.3412698412698413,3180.964285714286
screened,stock_concentration_regime,10d,turnover_rate,insufficient_history,252,-0.07160255063083516,-0.10001195697296383,0.16120937255088727,-7.050801298068505,0.3253968253968254,3180.964285714286
screened,stock_concentration_regime,10d,log_amount,insufficient_history,252,-0.08628613736585902,-0.08836199790503968,0.1187266019352191,-11.537009769065092,0.23412698412698413,3180.964285714286
screened,stock_concentration_regime,10d,log_total_mv,insufficient_history,252,-0.025342119484346785,-0.02547588362850141,0.17664866761703654,-2.2773660312986004,0.44047619047619047,3180.964285714286
screened,stock_concentration_regime,10d,stock_ret_1d,insufficient_history,251,0.007416059539134262,0.006700302302609445,0.10808444102925051,1.0892066829463953,0.5537848605577689,3181.434262948207
screened,stock_concentration_regime,10d,stock_rel_industry_ret_1d,insufficient_history,251,0.0020817223879709803,0.004126467429343441,0.07574760113266137,0.4362688445486791,0.5219123505976095,3181.434262948207
screened,stock_concentration_regime,10d,stock_ret_5d,insufficient_history,247,-0.013096922043835805,-0.0011168040274946915,0.12418005456043711,-1.6742398185140892,0.4979757085020243,3181.097165991903
screened,stock_concentration_regime,10d,stock_rel_industry_ret_5d,insufficient_history,247,-0.02057780966707295,-0.008419762347668301,0.09357710845222289,-3.490838804874564,0.4534412955465587,3181.097165991903
screened,stock_concentration_regime,10d,industry_ret_5d,insufficient_history,247,0.001844774266049994,0.005397418440832597,0.11089045529758956,0.26408840616200907,0.5182186234817814,3183.4412955465586
screened,stock_concentration_regime,10d,industry_breadth_20d,insufficient_history,243,-0.003446882643690764,0.005554725604058652,0.10979109748014648,-0.4983788931673472,0.5185185185185185,3185.3991769547324
screened,stock_concentration_regime,10d,industry_amount_share_roll20d,insufficient_history,243,-0.017757856268419813,-0.008001141563225435,0.10053974103518255,-2.803838821551803,0.48559670781893005,3185.3991769547324
screened,stock_concentration_regime,10d,stock_ret_20d,insufficient_history,232,-0.0712777148238131,-0.04936425525029707,0.1569221118796652,-7.210574922267373,0.3232758620689655,3180.5
screened,stock_concentration_regime,10d,stock_rel_industry_ret_20d,insufficient_history,232,-0.06855332240060391,-0.04464131251992515,0.12360144135594792,-8.804511045962975,0.3017241379310345,3180.5
screened,stock_concentration_regime,10d,industry_ret_20d,insufficient_history,232,-0.022259188787942176,-0.012972900015595205,0.122182826631407,-2.89200763524294,0.4482758620689655,3194.103448275862
screened,stock_concentration_regime,10d,industry_breadth_60d,insufficient_history,223,-0.01689801230448271,-0.011979704926493522,0.08572095265252919,-3.1293122737584236,0.4125560538116592,3207.2331838565024
screened,stock_concentration_regime,10d,industry_amount_share_roll60d,insufficient_history,223,-0.016228157852520457,0.0015824292972949111,0.10016765586017677,-2.57182837388564,0.5067264573991032,3207.2331838565024
screened,stock_concentration_regime,10d,stock_ret_60d,insufficient_history,192,-0.03903511212771887,-0.012711425877505478,0.11848285699386277,-5.229981874668084,0.4375,3169.8333333333335
screened,stock_concentration_regime,10d,stock_rel_industry_ret_60d,insufficient_history,192,-0.029912218383392804,-0.0035506968650240505,0.10106407193553713,-4.698422861203782,0.4947916666666667,3169.8333333333335
screened,stock_concentration_regime,10d,industry_ret_60d,insufficient_history,192,-0.015644258010629755,-0.015628107194084494,0.07942871074097269,-3.126638900931217,0.4427083333333333,3234.4739583333335
screened,stock_concentration_regime,10d,industry_crowding_score,insufficient_history,192,-0.02161795754185639,-0.016383767008742556,0.07819445202703436,-4.388731273860512,0.4010416666666667,3234.4739583333335
screened,stock_concentration_regime,10d,stock_ret_1d,stock_concentration_normal,945,-0.009752629682047216,-0.004805587926015532,0.11489870447400022,-1.3474320473357133,0.4835978835978836,4303.6698412698415
screened,stock_concentration_regime,10d,stock_ret_5d,stock_concentration_normal,945,-0.027808887620004764,-0.01604232072246068,0.11851787275271485,-3.724774964534964,0.4380952380952381,4303.668783068783
screened,stock_concentration_regime,10d,stock_ret_20d,stock_concentration_normal,945,-0.04199111516608808,-0.04077138528641003,0.12860771658602335,-5.183112691193625,0.3693121693121693,4303.644444444444
screened,stock_concentration_regime,10d,stock_ret_60d,stock_concentration_normal,945,-0.04498647563424549,-0.047593347584240164,0.14045461848685017,-5.084476174799062,0.38306878306878306,4303.541798941799
screened,stock_concentration_regime,10d,stock_rel_industry_ret_1d,stock_concentration_normal,945,-0.009167575365703543,-0.005836438495297926,0.07220442945015411,-2.015537666688826,0.4708994708994709,4303.6698412698415
screened,stock_concentration_regime,10d,stock_rel_industry_ret_5d,stock_concentration_normal,945,-0.02579399691703927,-0.02144392159265445,0.08197517815638582,-4.995012102126414,0.3682539682539683,4303.668783068783
screened,stock_concentration_regime,10d,stock_rel_industry_ret_20d,stock_concentration_normal,945,-0.04329314550855883,-0.03999548994357359,0.09092217994564869,-7.558742865020453,0.3047619047619048,4303.644444444444
screened,stock_concentration_regime,10d,stock_rel_industry_ret_60d,stock_concentration_normal,945,-0.040292398896709505,-0.04241260105041056,0.09981299209462773,-6.408203880262863,0.35555555555555557,4303.541798941799
screened,stock_concentration_regime,10d,industry_ret_5d,stock_concentration_normal,945,-0.0043098792513686195,0.0007335180875164578,0.12777847338045692,-0.5354361362208581,0.5026455026455027,4303.6698412698415
screened,stock_concentration_regime,10d,industry_ret_20d,stock_concentration_normal,945,-0.002338929798656298,-0.0009581982286234546,0.13472142960087757,-0.27560099085717965,0.4973544973544973,4303.6698412698415
screened,stock_concentration_regime,10d,industry_ret_60d,stock_concentration_normal,945,-0.011586488522469752,-0.007919519393298071,0.13196852071427204,-1.3937399782784985,0.4740740740740741,4303.6698412698415
screened,stock_concentration_regime,10d,industry_breadth_20d,stock_concentration_normal,945,0.005464601516237485,0.0027555992755425055,0.13336310074794502,0.6504637284951696,0.5142857142857142,4303.6698412698415
screened,stock_concentration_regime,10d,industry_breadth_60d,stock_concentration_normal,945,7.455991649045616e-05,0.00256068253476888,0.13669988394885974,0.008658397846831659,0.5068783068783069,4303.6698412698415
screened,stock_concentration_regime,10d,industry_amount_share,stock_concentration_normal,945,0.00939316095757258,0.012182780193265358,0.1599551395033414,0.9322101682648053,0.5333333333333333,4303.6698412698415
screened,stock_concentration_regime,10d,industry_amount_share_roll20d,stock_concentration_normal,945,0.011066997680932077,0.015917137492981875,0.16091957088809675,1.0917450299778564,0.5407407407407407,4303.6698412698415
screened,stock_concentration_regime,10d,industry_amount_share_roll60d,stock_concentration_normal,945,0.012838748695431253,0.014232990538338186,0.1610948645402351,1.2651478229418847,0.5396825396825397,4303.6698412698415
screened,stock_concentration_regime,10d,industry_crowding_score,stock_concentration_normal,945,-0.0119467178958232,-0.00979472796436132,0.12044529022353412,-1.574559427461136,0.4677248677248677,4303.6698412698415
screened,stock_concentration_regime,10d,stock_amount_share_in_industry,stock_concentration_normal,945,-0.06083678543921261,-0.05556656143609767,0.11516154102704851,-8.386081155285,0.29947089947089944,4303.6698412698415
screened,stock_concentration_regime,10d,turnover_rate,stock_concentration_normal,945,-0.04298421872259693,-0.04802042863733931,0.1596519651462401,-4.2740051312074785,0.4,4297.195767195767
screened,stock_concentration_regime,10d,log_amount,stock_concentration_normal,945,-0.0740978105366154,-0.0777384814552239,0.15077803415107413,-7.801310601165014,0.326984126984127,4303.6698412698415
screened,stock_concentration_regime,10d,log_total_mv,stock_concentration_normal,945,-0.04539826176614562,-0.04833425512715906,0.16404994551506136,-4.393022266873198,0.364021164021164,4297.195767195767
screened,stock_concentration_regime,10d,stock_ret_1d,stock_concentration_low,713,-0.0010449064902004336,0.001264409709065697,0.1449955550538447,-0.1143992054940332,0.5077138849929874,4593.294530154278
screened,stock_concentration_regime,10d,stock_ret_5d,stock_concentration_low,713,-0.019751392090949203,-0.01857733748975408,0.14746048490436353,-2.126289150094879,0.43899018232819076,4593.294530154278
screened,stock_concentration_regime,10d,stock_ret_20d,stock_concentration_low,713,-0.06084261362781381,-0.04565036788893844,0.15059615112126998,-6.413487605460413,0.36044880785413747,4593.2917251051895
screened,stock_concentration_regime,10d,stock_ret_60d,stock_concentration_low,713,-0.06242354075403667,-0.06050810763693951,0.16207104415146223,-6.114250660479738,0.32959326788218796,4593.221598877981
screened,stock_concentration_regime,10d,stock_rel_industry_ret_1d,stock_concentration_low,713,-0.00218876021396442,0.0008537704551797044,0.09447841474528189,-0.3677611582274078,0.5021037868162693,4593.294530154278
screened,stock_concentration_regime,10d,stock_rel_industry_ret_5d,stock_concentration_low,713,-0.018868600144962933,-0.011834641319609688,0.10332388204378953,-2.898940065976151,0.4319775596072931,4593.294530154278
screened,stock_concentration_regime,10d,stock_rel_industry_ret_20d,stock_concentration_low,713,-0.042915448961563775,-0.03679124144216504,0.10856298925525017,-6.27526597050616,0.332398316970547,4593.2917251051895
screened,stock_concentration_regime,10d,stock_rel_industry_ret_60d,stock_concentration_low,713,-0.037372723712488586,-0.034896968146679294,0.11778391857856897,-5.0369660283163284,0.34081346423562414,4593.221598877981
screened,stock_concentration_regime,10d,industry_ret_5d,stock_concentration_low,713,-0.007397887173370606,-0.0008136241894329067,0.14896495261262732,-0.7883587116877607,0.4964936886395512,4593.294530154278
screened,stock_concentration_regime,10d,industry_ret_20d,stock_concentration_low,713,-0.0422802142070808,-0.027842108566705638,0.14753532369724054,-4.5492670921317,0.4123422159887798,4593.294530154278
screened,stock_concentration_regime,10d,industry_ret_60d,stock_concentration_low,713,-0.05132005355861553,-0.04978035489185557,0.15473913943024528,-5.264864448124461,0.36746143057503505,4593.294530154278
screened,stock_concentration_regime,10d,industry_breadth_20d,stock_concentration_low,713,-0.029289485205369538,-0.027884592865098912,0.13827392091716736,-3.3625730738742203,0.42917251051893407,4593.294530154278
screened,stock_concentration_regime,10d,industry_breadth_60d,stock_concentration_low,713,-0.04434904483226477,-0.04569322765809295,0.15334122647152645,-4.591193622592346,0.3702664796633941,4593.294530154278
screened,stock_concentration_regime,10d,industry_amount_share,stock_concentration_low,713,-0.041263925552279965,-0.03435120552677962,0.1871871758699041,-3.4994091220915533,0.44039270687237025,4593.294530154278
screened,stock_concentration_regime,10d,industry_amount_share_roll20d,stock_concentration_low,713,-0.03824842559338463,-0.0367076253730133,0.18863481091516618,-3.2187851755113472,0.45582047685834504,4593.294530154278
screened,stock_concentration_regime,10d,industry_amount_share_roll60d,stock_concentration_low,713,-0.03350602270812669,-0.03449899964779853,0.18816914468970258,-2.8266675810671535,0.45161290322580644,4593.294530154278
screened,stock_concentration_regime,10d,industry_crowding_score,stock_concentration_low,713,-0.05070641689705697,-0.04505074577350541,0.13000162485686872,-6.191764255215212,0.3394109396914446,4593.294530154278
screened,stock_concentration_regime,10d,stock_amount_share_in_industry,stock_concentration_low,713,-0.03213996673817151,-0.029747888828690724,0.1443044322446118,-3.53562359017277,0.423562412342216,4593.294530154278
screened,stock_concentration_regime,10d,turnover_rate,stock_concentration_low,713,-0.10162600739812636,-0.11467850131838433,0.1785056703441095,-9.037600042403088,0.2847124824684432,4592.845722300141
screened,stock_concentration_regime,10d,log_amount,stock_concentration_low,713,-0.09194130752218574,-0.10599649668549392,0.15254956648955434,-9.56753298677406,0.24544179523141654,4593.294530154278
screened,stock_concentration_regime,10d,log_total_mv,stock_concentration_low,713,-0.021784853850281637,-0.03796149539935587,0.20084343586528794,-1.7218577860137476,0.40813464235624125,4592.845722300141
screened,stock_concentration_regime,10d,stock_ret_1d,stock_concentration_high,112,0.0023367329102209553,0.007098604252040379,0.10423781104067159,0.3558640055332288,0.5089285714285714,3790.276785714286
screened,stock_concentration_regime,10d,stock_ret_5d,stock_concentration_high,112,-0.009311603005496463,-0.0005267034649841472,0.1243729248630285,-1.188499147400626,0.48214285714285715,3790.2678571428573
screened,stock_concentration_regime,10d,stock_ret_20d,stock_concentration_high,112,-0.0012495621199204682,0.0046618414277358605,0.1440314541832058,-0.13772119301792266,0.5178571428571429,3790.2589285714284
screened,stock_concentration_regime,10d,stock_ret_60d,stock_concentration_high,112,-0.02665346107720679,-0.023121278541934964,0.18569843509352205,-2.2784821925046654,0.45535714285714285,3790.035714285714
screened,stock_concentration_regime,10d,stock_rel_industry_ret_1d,stock_concentration_high,112,-0.008507282797772157,-0.0020823994102420825,0.07250574262375538,-1.8625962966217637,0.4642857142857143,3790.276785714286
screened,stock_concentration_regime,10d,stock_rel_industry_ret_5d,stock_concentration_high,112,-0.02084234487695011,-0.016122785924221315,0.09344828056528584,-3.540589144087636,0.4107142857142857,3790.2678571428573
screened,stock_concentration_regime,10d,stock_rel_industry_ret_20d,stock_concentration_high,112,-0.026655108451806273,-0.015350348448237738,0.11621656946310835,-3.6409328786110127,0.4017857142857143,3790.2589285714284
screened,stock_concentration_regime,10d,stock_rel_industry_ret_60d,stock_concentration_high,112,-0.04465122829849901,-0.030139469346419638,0.14313757067462238,-4.951993187586342,0.39285714285714285,3790.035714285714
screened,stock_concentration_regime,10d,industry_ret_5d,stock_concentration_high,112,0.029985629594092417,0.039866780984689744,0.10992493478219252,4.330292429221571,0.6517857142857143,3790.276785714286
screened,stock_concentration_regime,10d,industry_ret_20d,stock_concentration_high,112,0.045683825449367395,0.0395550970055704,0.1225697336250591,5.916699212882935,0.5714285714285714,3790.276785714286
screened,stock_concentration_regime,10d,industry_ret_60d,stock_concentration_high,112,0.024143165167286745,0.03704436698434857,0.1389501877608133,2.7582608670333464,0.5625,3790.276785714286
screened,stock_concentration_regime,10d,industry_breadth_20d,stock_concentration_high,112,0.038303663846332534,0.029062816043173914,0.12708598034185764,4.784570346818965,0.6071428571428571,3790.276785714286
screened,stock_concentration_regime,10d,industry_breadth_60d,stock_concentration_high,112,0.006804071410134792,0.002956991507092011,0.1454616981488213,0.7425410709363603,0.5089285714285714,3790.276785714286
screened,stock_concentration_regime,10d,industry_amount_share,stock_concentration_high,112,-0.01942618687966761,-0.03288857666509676,0.14330720808866582,-2.151888663160607,0.4107142857142857,3790.276785714286
screened,stock_concentration_regime,10d,industry_amount_share_roll20d,stock_concentration_high,112,-0.019142665997050296,-0.027844041212229838,0.14620470922983517,-2.0784583721999095,0.4375,3790.276785714286
screened,stock_concentration_regime,10d,industry_amount_share_roll60d,stock_concentration_high,112,-0.019043499577774108,-0.023116888471294207,0.14530273466342083,-2.0805264577517057,0.44642857142857145,3790.276785714286
screened,stock_concentration_regime,10d,industry_crowding_score,stock_concentration_high,112,0.03331501345530945,0.048950679394792126,0.12923972399764141,4.0920811868552756,0.5803571428571429,3790.276785714286
screened,stock_concentration_regime,10d,stock_amount_share_in_industry,stock_concentration_high,112,-0.03297421436734281,-0.035307789026360545,0.1166130151985048,-4.488773611344236,0.4107142857142857,3790.276785714286
screened,stock_concentration_regime,10d,turnover_rate,stock_concentration_high,112,-0.04656460102399375,-0.069873095750747,0.14198797539521363,-5.206005108482617,0.375,3758.7410714285716
screened,stock_concentration_regime,10d,log_amount,stock_concentration_high,112,-0.056390042697971134,-0.03175828200376906,0.17055962223338392,-5.24839445979765,0.45535714285714285,3790.276785714286
screened,stock_concentration_regime,10d,log_total_mv,stock_concentration_high,112,-0.0394247782892224,-0.04347026175624534,0.19376686712033786,-3.2299069618242098,0.4017857142857143,3758.7410714285716
screened,extreme_selloff_flag,3d,industry_amount_share,True,255,0.0030032674105898312,-0.002063875911917181,0.16092649005082485,0.2962557135199834,0.49411764705882355,4203.0
screened,extreme_selloff_flag,3d,stock_amount_share_in_industry,True,255,-0.021062656014840232,-0.016692823319657712,0.1388437730687448,-2.4081692048879075,0.4196078431372549,4203.0
screened,extreme_selloff_flag,3d,turnover_rate,True,255,-0.020399176194916376,-0.03579594063924291,0.19393943255673368,-1.6697320328566783,0.4235294117647059,4200.9607843137255
screened,extreme_selloff_flag,3d,log_amount,True,255,-0.026401146359663185,-0.03444844633229815,0.16222456658981052,-2.5834879043187193,0.43529411764705883,4203.0
screened,extreme_selloff_flag,3d,log_total_mv,True,255,-0.012698544070586418,-0.022551405006573672,0.2072319844414182,-0.9727414341157263,0.44313725490196076,4200.9607843137255
screened,extreme_selloff_flag,3d,stock_ret_1d,False,1774,-0.003893551990831295,-0.004345647384892388,0.12572483666655793,-0.4916150487478096,0.48647125140924463,4252.280721533258
screened,extreme_selloff_flag,3d,stock_rel_industry_ret_1d,False,1774,-0.004308597692080425,-0.001572860936006496,0.0832747057100814,-0.8213402541961751,0.4932356257046223,4252.280721533258
screened,extreme_selloff_flag,3d,industry_amount_share,False,1774,-0.013673786773391908,-0.01058632381014767,0.155275142436543,-1.3979355117077068,0.4763246899661781,4252.280721533258
screened,extreme_selloff_flag,3d,stock_amount_share_in_industry,False,1774,-0.026387866839632443,-0.029590243571452193,0.1201387002922512,-3.4867565464244534,0.4041713641488162,4252.280721533258
screened,extreme_selloff_flag,3d,turnover_rate,False,1774,-0.04682917726102499,-0.047741977669511146,0.16663479936046774,-4.46119385422298,0.3850056369785795,4246.941939120631
screened,extreme_selloff_flag,3d,log_amount,False,1774,-0.052407016903861556,-0.059531357784881014,0.14034747724719518,-5.9276847607952385,0.342728297632469,4252.280721533258
screened,extreme_selloff_flag,3d,log_total_mv,False,1774,-0.01994515862487216,-0.02602496871459943,0.16982886782979492,-1.8643448639379814,0.43799323562570464,4246.941939120631
screened,extreme_selloff_flag,3d,stock_ret_5d,False,1770,-0.021559061668788765,-0.015079314021299275,0.1391293775328881,-2.4598650559779953,0.44463276836158194,4254.602824858757
screened,extreme_selloff_flag,3d,stock_rel_industry_ret_5d,False,1770,-0.021281026177033466,-0.017233228799617237,0.09918787770353173,-3.4059183972245455,0.42598870056497173,4254.602824858757
screened,extreme_selloff_flag,3d,industry_ret_5d,False,1770,-0.003925045357047018,-0.001219923164802397,0.1337077218083487,-0.4660027300867547,0.496045197740113,4254.9135593220335
screened,extreme_selloff_flag,3d,stock_ret_1d,True,254,-0.031773460318189214,-0.027976234676875326,0.17380615332199564,-2.9020148948870124,0.4566929133858268,4207.405511811024
screened,extreme_selloff_flag,3d,stock_ret_5d,True,254,-0.029640762170016783,-0.029542249800496433,0.15970195688330124,-2.9463165099315924,0.421259842519685,4207.188976377953
screened,extreme_selloff_flag,3d,stock_rel_industry_ret_1d,True,254,-0.030386751000455937,-0.028247756066382988,0.13132705853240678,-3.673079433753286,0.40551181102362205,4207.405511811024
screened,extreme_selloff_flag,3d,stock_rel_industry_ret_5d,True,254,-0.029750628618430475,-0.028597044645531318,0.1190332533647062,-3.9676021169163533,0.3700787401574803,4207.188976377953
screened,extreme_selloff_flag,3d,industry_ret_5d,True,254,-0.006760412732354231,-0.00463034182739833,0.13780695389286152,-0.7787576901468896,0.484251968503937,4207.405511811024
screened,extreme_selloff_flag,3d,industry_breadth_20d,True,254,-0.0060779979158626625,-0.007286936568758353,0.13317654786176397,-0.7244911155633776,0.468503937007874,4207.405511811024
screened,extreme_selloff_flag,3d,industry_amount_share_roll20d,True,254,0.004800720107637208,0.0035613341409480147,0.16347017184326929,0.4661955649381643,0.5039370078740157,4207.405511811024
screened,extreme_selloff_flag,3d,industry_breadth_20d,False,1766,-0.0037584931849904556,-0.000743706451042312,0.13376068796265203,-0.4460520541547611,0.4983012457531144,4257.532276330691
screened,extreme_selloff_flag,3d,industry_amount_share_roll20d,False,1766,-0.012090680727857399,-0.0067937703565130805,0.157408982680914,-1.2193307081681857,0.4813137032842582,4257.532276330691
screened,extreme_selloff_flag,3d,stock_ret_20d,False,1756,-0.03330779061947956,-0.025578438498636304,0.14808941203437415,-3.570442862438988,0.41287015945330297,4262.552391799544
screened,extreme_selloff_flag,3d,stock_rel_industry_ret_20d,False,1756,-0.03086300131226669,-0.02770751584357148,0.10556833990068626,-4.640926982207113,0.37414578587699315,4262.552391799544
screened,extreme_selloff_flag,3d,industry_ret_20d,False,1756,-0.008281993000922383,-0.004616656801326728,0.1413589641520701,-0.9300617320672664,0.48405466970387245,4264.119589977221
screened,extreme_selloff_flag,3d,stock_ret_20d,True,253,-0.03085572381311472,-0.039519979262357396,0.17101308957673578,-2.8642218651606943,0.4031620553359684,4210.03162055336
screened,extreme_selloff_flag,3d,stock_rel_industry_ret_20d,True,253,-0.026992524286752775,-0.0343467857170968,0.12246214443060063,-3.498983633808087,0.40711462450592883,4210.03162055336
screened,extreme_selloff_flag,3d,industry_ret_20d,True,253,-0.015369329861164708,-0.015674501725169505,0.15354162124581644,-1.5890189630833529,0.44664031620553357,4211.865612648221
screened,extreme_selloff_flag,3d,industry_breadth_60d,False,1751,-0.010990104681991715,-0.004119307464005707,0.14458802913738594,-1.2066178940784076,0.48486579097658483,4267.8201027984005
screened,extreme_selloff_flag,3d,industry_amount_share_roll60d,False,1751,-0.010490783613486045,-0.004682349184156958,0.15707632154113926,-1.0602236248143673,0.4842946887492861,4267.8201027984005
screened,extreme_selloff_flag,3d,industry_breadth_60d,True,249,0.004302380275573643,0.010974699946305932,0.13321010089164018,0.5127101403844861,0.5542168674698795,4234.70281124498
screened,extreme_selloff_flag,3d,industry_amount_share_roll60d,True,249,0.007254206500698163,0.008341920958467117,0.16354465614637292,0.7041315862785932,0.5220883534136547,4234.70281124498
screened,extreme_selloff_flag,3d,stock_ret_60d,False,1721,-0.0333499528620675,-0.031356350172187845,0.1604337717149052,-3.299891808274173,0.41952353282975013,4282.329459616502
screened,extreme_selloff_flag,3d,stock_rel_industry_ret_60d,False,1721,-0.026634180089121873,-0.026270739753116095,0.11310464171807556,-3.7381710857935384,0.3991865194654271,4282.329459616502
screened,extreme_selloff_flag,3d,industry_ret_60d,False,1721,-0.01464708955904446,-0.004748618647677454,0.14904201178669213,-1.560065753523969,0.4886693782684486,4288.624055781523
screened,extreme_selloff_flag,3d,industry_crowding_score,False,1721,-0.014839261440808939,-0.008651042783138442,0.12134603508037009,-1.9412745733099765,0.46484601975595585,4288.624055781523
screened,extreme_selloff_flag,3d,stock_ret_60d,True,248,-0.01674386433474495,-0.014038153977178957,0.15508950628563212,-1.7138529386127719,0.4596774193548387,4233.004032258064
screened,extreme_selloff_flag,3d,stock_rel_industry_ret_60d,True,248,-0.01287624225871947,-0.01615010722843601,0.11396285420664068,-1.7936020508482775,0.45564516129032256,4233.004032258064
screened,extreme_selloff_flag,3d,industry_ret_60d,True,248,-0.007847764379341792,0.003972740313980076,0.14343020771365883,-0.8685715468119871,0.5120967741935484,4241.0161290322585
screened,extreme_selloff_flag,3d,industry_crowding_score,True,248,-0.010474666751846334,-0.004500636659078879,0.12421322956347729,-1.3386672283969376,0.4798387096774194,4241.0161290322585
screened,extreme_selloff_flag,5d,industry_amount_share,True,255,0.0007609986420043271,0.010046531981444262,0.15972189851227678,0.07563445614741038,0.5215686274509804,4201.3725490196075
screened,extreme_selloff_flag,5d,stock_amount_share_in_industry,True,255,-0.03521644115633599,-0.039703354024956825,0.13451930785238106,-4.155861943446168,0.3686274509803922,4201.3725490196075
screened,extreme_selloff_flag,5d,turnover_rate,True,255,-0.028966349021409113,-0.03353279631480613,0.18285920504803013,-2.51464800626311,0.42745098039215684,4199.333333333333
screened,extreme_selloff_flag,5d,log_amount,True,255,-0.04834669129026543,-0.055674394929630805,0.1578821775242052,-4.861092893676774,0.403921568627451,4201.3725490196075
screened,extreme_selloff_flag,5d,log_total_mv,True,255,-0.02605255175238952,-0.05629768642813193,0.20553240857758584,-2.0121957437026685,0.403921568627451,4199.333333333333
screened,extreme_selloff_flag,5d,stock_ret_1d,False,1772,-0.004160316849839952,-0.0023884995287166053,0.12326726888860952,-0.5357706320169121,0.49266365688487584,4249.2319413092555
screened,extreme_selloff_flag,5d,stock_rel_industry_ret_1d,False,1772,-0.005922785082687755,-0.004628697863801268,0.07813964919612332,-1.2032469988451673,0.46896162528216706,4249.2319413092555
screened,extreme_selloff_flag,5d,industry_amount_share,False,1772,-0.01411564195985404,-0.010652770496276692,0.158604943284547,-1.4128113833678047,0.4813769751693002,4249.2319413092555
screened,extreme_selloff_flag,5d,stock_amount_share_in_industry,False,1772,-0.03569705858159121,-0.03684870614434289,0.12375915181243946,-4.578839051185291,0.3690744920993228,4249.2319413092555
screened,extreme_selloff_flag,5d,turnover_rate,False,1772,-0.05772734925433985,-0.06506101348462859,0.16546205183167778,-5.538389314644503,0.3656884875846501,4243.890519187359
screened,extreme_selloff_flag,5d,log_amount,False,1772,-0.06534176281340812,-0.07298775514047177,0.14180570437719023,-7.314715105014655,0.3058690744920993,4249.2319413092555
screened,extreme_selloff_flag,5d,log_total_mv,False,1772,-0.024929542182229807,-0.02801091983616779,0.17126192378552196,-2.310754222128517,0.42155756207674944,4243.890519187359
screened,extreme_selloff_flag,5d,stock_ret_5d,False,1768,-0.020579490940364695,-0.01402288732382094,0.1329545518948019,-2.4571501025219358,0.45475113122171945,4251.567307692308
screened,extreme_selloff_flag,5d,stock_rel_industry_ret_5d,False,1768,-0.021840379126734467,-0.016227369939866024,0.0938780096372753,-3.693146793288739,0.41798642533936653,4251.567307692308
screened,extreme_selloff_flag,5d,industry_ret_5d,False,1768,-0.0017081277749082806,0.002992343645732416,0.13246901958641036,-0.20469456091874239,0.5130090497737556,4251.876696832579
screened,extreme_selloff_flag,5d,stock_ret_1d,True,254,-0.04015632583710628,-0.043854699707814276,0.17091523436124495,-3.729696260071417,0.40551181102362205,4205.811023622047
screened,extreme_selloff_flag,5d,stock_ret_5d,True,254,-0.04467663253281218,-0.04469846018296576,0.15414311362906566,-4.601045988291884,0.37401574803149606,4205.594488188976
screened,extreme_selloff_flag,5d,stock_rel_industry_ret_1d,True,254,-0.0369177281225006,-0.035535605355515254,0.12754513895753186,-4.594849872600219,0.3661417322834646,4205.811023622047
screened,extreme_selloff_flag,5d,stock_rel_industry_ret_5d,True,254,-0.04184638807683978,-0.032063504595820684,0.11359050849394958,-5.848119050731097,0.3346456692913386,4205.594488188976
screened,extreme_selloff_flag,5d,industry_ret_5d,True,254,-0.013951603302343492,-0.01275533986593932,0.1380823832224026,-1.6039326031551138,0.42913385826771655,4205.811023622047
screened,extreme_selloff_flag,5d,industry_breadth_20d,True,254,-0.017348234907523113,-0.009134906274825336,0.12838939315923925,-2.1449956630439644,0.4763779527559055,4205.811023622047
screened,extreme_selloff_flag,5d,industry_amount_share_roll20d,True,254,0.004124223045304633,0.0210731388262978,0.16209265604652784,0.40390485770454876,0.5393700787401575,4205.811023622047
screened,extreme_selloff_flag,5d,industry_breadth_20d,False,1764,-0.0029183544783465557,-0.0005828246626060536,0.13310912070184258,-0.3480410724610731,0.49943310657596374,4254.519274376417
screened,extreme_selloff_flag,5d,industry_amount_share_roll20d,False,1764,-0.01252542997600956,-0.006080869242109151,0.16049227582235348,-1.2389072038839906,0.47845804988662133,4254.519274376417
screened,extreme_selloff_flag,5d,stock_ret_20d,False,1754,-0.03989155794801996,-0.03955928177612686,0.14480534407621776,-4.373173203573094,0.3888255416191562,4259.68472063854
screened,extreme_selloff_flag,5d,stock_rel_industry_ret_20d,False,1754,-0.037527310354816434,-0.03506505763980819,0.10417320218898937,-5.718626008550076,0.34378563283922464,4259.68472063854
screened,extreme_selloff_flag,5d,industry_ret_20d,False,1754,-0.009691167254519023,-0.0038211806307348875,0.14068705553954222,-1.0935086403389818,0.4846066134549601,4261.246294184721
screened,extreme_selloff_flag,5d,stock_ret_20d,True,253,-0.0508700917898716,-0.05788545385676853,0.16071195889258133,-5.024751598118005,0.3715415019762846,4208.470355731225
screened,extreme_selloff_flag,5d,stock_rel_industry_ret_20d,True,253,-0.04202380682130986,-0.04440411753213116,0.1169423210175966,-5.704583645642304,0.3715415019762846,4208.470355731225
screened,extreme_selloff_flag,5d,industry_ret_20d,True,253,-0.025124226663237784,-0.012078611321653157,0.14523331499591308,-2.7461656012857327,0.42292490118577075,4210.304347826087
screened,extreme_selloff_flag,5d,industry_breadth_60d,False,1749,-0.014288286480728104,-0.010167405586616253,0.14150576368009632,-1.6028994878843983,0.4722698684962836,4264.993710691824
screened,extreme_selloff_flag,5d,industry_amount_share_roll60d,False,1749,-0.010368165370546394,-0.0047066632799933564,0.16062641783961745,-1.0246728087971513,0.4882790165809034,4264.993710691824
screened,extreme_selloff_flag,5d,industry_breadth_60d,True,249,-5.128568038974341e-06,0.007083862763565171,0.13479110088666174,-0.0006039975424375971,0.5542168674698795,4233.305220883534
screened,extreme_selloff_flag,5d,industry_amount_share_roll60d,True,249,0.0068187580762670225,0.013983197922316096,0.162382156955224,0.6666029738140641,0.5421686746987951,4233.305220883534
screened,extreme_selloff_flag,5d,stock_ret_60d,False,1719,-0.042216608043022186,-0.04048232522323679,0.15626514956192605,-4.2886585931022045,0.4031413612565445,4279.648051192554
screened,extreme_selloff_flag,5d,stock_rel_industry_ret_60d,False,1719,-0.033666523649466734,-0.02993681999075041,0.11210462153991083,-4.767327940330399,0.38219895287958117,4279.648051192554
screened,extreme_selloff_flag,5d,industry_ret_60d,False,1719,-0.019285654365972005,-0.009439495583677415,0.1447919853503936,-2.1144144905546853,0.47294938917975565,4285.912739965096
screened,extreme_selloff_flag,5d,industry_crowding_score,False,1719,-0.018312411742350935,-0.014574006647317124,0.12171357983323182,-2.3883984404598597,0.44502617801047123,4285.912739965096
screened,extreme_selloff_flag,5d,stock_ret_60d,True,248,-0.02746998586681633,-0.029135897903920432,0.15606160110203873,-2.794233197999875,0.43548387096774194,4231.6612903225805
screened,extreme_selloff_flag,5d,stock_rel_industry_ret_60d,True,248,-0.020108389220076003,-0.011789339931997947,0.1138210020941509,-2.8044980889417315,0.43951612903225806,4231.6612903225805
screened,extreme_selloff_flag,5d,industry_ret_60d,True,248,-0.013937502563582031,-0.0028812702083902434,0.1432837774866196,-1.5441454571089934,0.4879032258064516,4239.633064516129
screened,extreme_selloff_flag,5d,industry_crowding_score,True,248,-0.021062927031285043,-0.01540447367145235,0.12308458806559146,-2.7165350764232135,0.4314516129032258,4239.633064516129
screened,extreme_selloff_flag,10d,industry_amount_share,True,254,0.001182622929098838,0.020940980098914094,0.1653042801442219,0.11356969689212247,0.5433070866141733,4194.728346456693
screened,extreme_selloff_flag,10d,stock_amount_share_in_industry,True,254,-0.05277323548905128,-0.05654820040592784,0.13939016299575574,-6.010102319280416,0.3188976377952756,4194.728346456693
screened,extreme_selloff_flag,10d,turnover_rate,True,254,-0.04439032328460699,-0.05254505997996978,0.1751414380138151,-4.023459805767927,0.4094488188976378,4192.692913385827
screened,extreme_selloff_flag,10d,log_amount,True,254,-0.07320518771215527,-0.08549194930169231,0.15958529022643667,-7.281976468809118,0.3110236220472441,4194.728346456693
screened,extreme_selloff_flag,10d,log_total_mv,True,254,-0.03863263262870269,-0.050295222895067646,0.20467301960870307,-2.9963599097529676,0.3661417322834646,4192.692913385827
screened,extreme_selloff_flag,10d,stock_ret_1d,False,1768,0.0020410869010742128,0.005760230694126924,0.11722196036651647,0.27640938579916746,0.5220588235294118,4243.574660633484
screened,extreme_selloff_flag,10d,stock_rel_industry_ret_1d,False,1768,-0.0004417454889873024,0.0016200843571517816,0.07226329643553549,-0.09704085733378959,0.5067873303167421,4243.574660633484
screened,extreme_selloff_flag,10d,industry_amount_share,False,1768,-0.015476925269099237,-0.010069226245616927,0.16468008648246688,-1.4919142756095523,0.4762443438914027,4243.574660633484
screened,extreme_selloff_flag,10d,stock_amount_share_in_industry,False,1768,-0.04703716046490299,-0.04563065608418718,0.12495345937590736,-5.975759114970189,0.3597285067873303,4243.574660633484
screened,extreme_selloff_flag,10d,turnover_rate,False,1768,-0.07073719792255984,-0.08130300651705823,0.1666040948773205,-6.740039647253289,0.3399321266968326,4238.22794117647
screened,extreme_selloff_flag,10d,log_amount,False,1768,-0.08203747564474083,-0.08942947168436152,0.14768909133825575,-8.817879104410743,0.291289592760181,4243.574660633484
screened,extreme_selloff_flag,10d,log_total_mv,False,1768,-0.0336103273501223,-0.04067189984444043,0.1776619122846687,-3.0031614489011624,0.3947963800904977,4238.22794117647
screened,extreme_selloff_flag,10d,stock_ret_5d,False,1764,-0.017537901662562184,-0.010056395649194902,0.1262097325003357,-2.2058961094900824,0.4608843537414966,4245.965986394558
screened,extreme_selloff_flag,10d,stock_rel_industry_ret_5d,False,1764,-0.01870869883615025,-0.013682539913108135,0.08810490096439288,-3.3708838395309026,0.41723356009070295,4245.965986394558
screened,extreme_selloff_flag,10d,industry_ret_5d,False,1764,-0.0005404347667383267,0.0074706294572917005,0.13192689193815932,-0.06502947071532884,0.5204081632653061,4246.264172335601
screened,extreme_selloff_flag,10d,stock_ret_1d,True,253,-0.0452440710983371,-0.04403694748647898,0.16496056788433452,-4.353933620436791,0.36363636363636365,4199.201581027668
screened,extreme_selloff_flag,10d,stock_ret_5d,True,253,-0.05416253798590766,-0.04316021178783824,0.15360955543573596,-5.597331708186034,0.35968379446640314,4198.98418972332
screened,extreme_selloff_flag,10d,stock_rel_industry_ret_1d,True,253,-0.03902467226318852,-0.03560517911261629,0.12237821805443798,-5.0621546601504575,0.3557312252964427,4199.201581027668
screened,extreme_selloff_flag,10d,stock_rel_industry_ret_5d,True,253,-0.048393501410976564,-0.03537387575405576,0.11284399837242577,-6.807832316391094,0.308300395256917,4198.98418972332
screened,extreme_selloff_flag,10d,industry_ret_5d,True,253,-0.01810337059437739,-0.01729513172909119,0.14042355236025336,-2.046537735858588,0.4426877470355731,4199.201581027668
screened,extreme_selloff_flag,10d,industry_breadth_20d,True,253,-0.03191330517106793,-0.024251462300803956,0.14008613030664097,-3.616403800087893,0.40711462450592883,4199.201581027668
screened,extreme_selloff_flag,10d,industry_amount_share_roll20d,True,253,0.006211128327448334,0.021979972949798813,0.1691904835448009,0.5827668520559114,0.5612648221343873,4199.201581027668
screened,extreme_selloff_flag,10d,industry_breadth_20d,False,1760,-0.0023823127510974322,0.00032620781328258333,0.1321250525607277,-0.2862291577148815,0.5017045454545455,4248.95
screened,extreme_selloff_flag,10d,industry_amount_share_roll20d,False,1760,-0.01411554987008097,-0.0053633852037490385,0.16570949108537605,-1.3522303760835157,0.48920454545454545,4248.95
screened,extreme_selloff_flag,10d,stock_ret_20d,False,1750,-0.04604343434523243,-0.038892669322818985,0.13908762663135713,-5.255081838775918,0.3742857142857143,4254.546285714286
screened,extreme_selloff_flag,10d,stock_rel_industry_ret_20d,False,1750,-0.043096552013943634,-0.03757138423738847,0.10162337853234095,-6.7320784236848255,0.3251428571428571,4254.546285714286
screened,extreme_selloff_flag,10d,industry_ret_20d,False,1750,-0.01210112089800287,-0.00774836022000326,0.1375608648262444,-1.3964679498787491,0.4742857142857143,4256.102857142857
screened,extreme_selloff_flag,10d,stock_ret_20d,True,252,-0.07604269063882327,-0.06457626651182383,0.157603665982059,-7.659341444917219,0.3333333333333333,4201.944444444444
screened,extreme_selloff_flag,10d,stock_rel_industry_ret_20d,True,252,-0.05945045450128621,-0.04338059197067473,0.1142192136520929,-8.262591533116284,0.28174603174603174,4201.944444444444
screened,extreme_selloff_flag,10d,industry_ret_20d,True,252,-0.044550250660108065,-0.03646196707741425,0.14833949366350418,-4.76753214594137,0.40476190476190477,4203.769841269841
screened,extreme_selloff_flag,10d,industry_breadth_60d,False,1745,-0.017849578894783228,-0.014384735823879776,0.14145616507677755,-2.0031172230856606,0.44641833810888254,4259.864183381089
screened,extreme_selloff_flag,10d,industry_amount_share_roll60d,False,1745,-0.011413141923018531,-0.006389981801640126,0.165834775876141,-1.0925212174584764,0.49054441260744985,4259.864183381089
screened,extreme_selloff_flag,10d,industry_breadth_60d,True,248,-0.013746352495520633,-0.011232872245363734,0.1324508953229215,-1.6475281672672433,0.45564516129032256,4226.806451612903
screened,extreme_selloff_flag,10d,industry_amount_share_roll60d,True,248,0.00970566462956766,0.021060477896188395,0.1698097686646528,0.9073250068131243,0.5604838709677419,4226.806451612903
screened,extreme_selloff_flag,10d,stock_ret_60d,False,1715,-0.050089024505554906,-0.04931317187029857,0.14904581871816858,-5.334860248824834,0.3673469387755102,4274.797084548105
screened,extreme_selloff_flag,10d,stock_rel_industry_ret_60d,False,1715,-0.03909195579001586,-0.03826740891778189,0.10866470810044804,-5.7108289393041884,0.36151603498542273,4274.797084548105
screened,extreme_selloff_flag,10d,industry_ret_60d,False,1715,-0.02387410534341802,-0.01895247279665276,0.1387710477818596,-2.731042815737797,0.43615160349854226,4281.002332361516
screened,extreme_selloff_flag,10d,industry_crowding_score,False,1715,-0.02193043191871455,-0.021265925875972563,0.12177046153435654,-2.8589430443169275,0.42857142857142855,4281.002332361516
screened,extreme_selloff_flag,10d,stock_ret_60d,True,247,-0.04695326386288521,-0.033832949988697736,0.15582970301605126,-4.783169974129806,0.41295546558704455,4225.218623481781
screened,extreme_selloff_flag,10d,stock_rel_industry_ret_60d,True,247,-0.03410707807109699,-0.01699698628492942,0.11556575131297633,-4.685065194382795,0.3967611336032389,4225.218623481781
screened,extreme_selloff_flag,10d,industry_ret_60d,True,247,-0.027919037313237628,-0.021138617333428093,0.13934454215211106,-3.1806123914573687,0.44534412955465585,4233.19028340081
screened,extreme_selloff_flag,10d,industry_crowding_score,True,247,-0.041506069876926587,-0.048083653194960975,0.13168955078843347,-5.003346346155002,0.3684210526315789,4233.19028340081
