scenario_id,cost_case,capital,participation_cap,slippage_bp,include_commission_tax,include_impact,partial_fill,zero_fill,enforce_limit_suspend,cumulative_return,avg_daily_return,trade_win_rate,daily_win_rate,max_drawdown,profit_factor,auc,total_trades,trading_days,avg_daily_trades,avg_fill_ratio,partial_fill_count,zero_fill_count,max_profit_day,max_profit_day_return,max_loss_day,max_loss_day_return,cum_return_drop_top1_profit_day,cum_return_drop_top3_profit_days,cum_return_drop_top5_profit_days,unfilled_reason_filled,unfilled_reason_partial_fill_capacity,unfilled_reason_zero_fill_capacity,unfilled_reason_no_buy_limit_or_missing,unfilled_reason_no_exit_limit_or_missing,drawdown_start,drawdown_end,drawdown_days,experiment_id,group_type,single_ticket_participation_median,single_ticket_participation_p90,single_ticket_participation_p99,filtered_removed_candidates_total,days_below_top10,avg_candidates_after_filter,min_candidates_after_filter,avg_selected_per_day,filter_id,ref_method,filter_capital,filter_threshold
5bp_one_way_slippage,5bp_one_way_slippage,,,5,True,False,False,False,False,0.0563104482106116,0.0010326747876184769,0.44655172413793104,0.5172413793103449,-0.06142807961348873,1.119888709620435,0.5274665946821433,580,58,10.0,1.0,0,0,20260407,0.03133403000173749,20260306,-0.03382598351049495,0.02421758371420335,-0.024056056257852454,-0.06417169996848882,580,0,0,0,0,20260305,20260320,12,F0_no_capacity_filter_none_capital_100000,F,0.0,0.0,0.0,0,0,2939.7413793103447,2872,10.0,F0_no_capacity_filter,none,100000,
10bp_one_way_slippage,10bp_one_way_slippage,,,10,True,False,False,False,False,-0.003227249600176618,3.1890807274591157e-05,0.4362068965517241,0.46551724137931033,-0.07266548976260367,1.003480207336016,0.5274665946821433,580,58,10.0,1.0,0,0,20260407,0.03030295219418422,20260306,-0.03479191749275214,-0.03254402185585592,-0.07629633670246394,-0.11249098218166709,580,0,0,0,0,20260226,20260320,17,F0_no_capacity_filter_none_capital_100000,F,0.0,0.0,0.0,0,0,2939.7413793103447,2872,10.0,F0_no_capacity_filter,none,100000,
15bp_one_way_slippage,15bp_one_way_slippage,,,15,True,False,False,False,False,-0.05940925689216536,-0.0009678941374014937,0.4241379310344828,0.41379310344827586,-0.08774790238071883,0.9004784480888323,0.5274665946821433,580,58,10.0,1.0,0,0,20260407,0.02927290366320434,20260306,-0.03575688722845871,-0.08616000697166704,-0.12574037411085848,-0.15831547943665913,580,0,0,0,0,20260225,20260320,18,F0_no_capacity_filter_none_capital_100000,F,0.0,0.0,0.0,0,0,2939.7413793103447,2872,10.0,F0_no_capacity_filter,none,100000,
20bp_one_way_slippage,20bp_one_way_slippage,,,20,True,False,False,False,False,-0.11242472974811923,-0.001966681541598857,0.41206896551724137,0.3793103448275862,-0.13245101003646953,0.8090038424362932,0.5274665946821433,580,58,10.0,1.0,0,0,20260407,0.028243882868349245,20260306,-0.036720894160737136,-0.13680471623528145,-0.17253786069097876,-0.20177401831187802,580,0,0,0,0,20260225,20260519,56,F0_no_capacity_filter_none_capital_100000,F,0.0,0.0,0.0,0,0,2939.7413793103447,2872,10.0,F0_no_capacity_filter,none,100000,
10bp_slippage_plus_impact,10bp_one_way_slippage_plus_impact_cost,100000.0,,10,True,True,False,False,False,-0.013778899874267725,-0.00015167944032404588,0.43275862068965515,0.4482758620689655,-0.07516067028871343,0.9836220614972012,0.5274665946821433,580,58,10.0,1.0,0,0,20260407,0.030104859907573923,20260306,-0.03496015667654036,-0.042601254969109714,-0.08563913959214298,-0.12114172000547108,580,0,0,0,0,20260226,20260320,17,F0_no_capacity_filter_none_capital_100000,F,0.005080519027543372,0.015271386012349815,0.043954333911475366,0,0,2939.7413793103447,2872,10.0,F0_no_capacity_filter,none,100000,
10bp_slippage_plus_impact_participation_1pct_no_partial,10bp_one_way_slippage_plus_impact_cost_plus_participation_cap,100000.0,0.01,10,True,True,False,True,True,-0.07326698980241908,-0.001238743582664931,0.38924731182795697,0.3620689655172414,-0.09345643409274151,0.8552967268831437,0.5274665946821433,580,58,10.0,0.8017241379310345,0,115,20260407,0.02705975544264223,20260320,-0.033128116696921006,-0.0976834548461325,-0.13683888577237113,-0.16908175613312448,465,0,115,0,0,20260224,20260519,57,F0_no_capacity_filter_none_capital_100000,F,0.0025655873200986857,0.007835804111473827,0.009656614469451066,0,0,2939.7413793103447,2872,10.0,F0_no_capacity_filter,none,100000,
10bp_slippage_plus_impact_participation_1pct_partial_zero,10bp_one_way_slippage_plus_impact_cost_plus_participation_cap_plus_partial_zero_fill,100000.0,0.01,10,True,True,True,True,True,-0.045112751896529524,-0.0007141507618059864,0.43350604490500866,0.41379310344827586,-0.07899589623455205,0.9211328155879448,0.5274665946821433,580,58,10.0,0.9230832982520665,114,1,20260407,0.028645311837033366,20260306,-0.03464114134899665,-0.07170407805761536,-0.112984764319629,-0.14657915002776045,465,114,1,0,0,20260225,20260320,18,F0_no_capacity_filter_none_capital_100000,F,0.005062371943744036,0.01,0.010000000000000002,0,0,2939.7413793103447,2872,10.0,F0_no_capacity_filter,none,100000,
10bp_slippage_plus_impact_participation_3pct_no_partial,10bp_one_way_slippage_plus_impact_cost_plus_participation_cap,100000.0,0.03,10,True,True,False,True,True,-0.027541938200038252,-0.00039446648154718825,0.4265486725663717,0.41379310344827586,-0.07969435357430332,0.9572251078196579,0.5274665946821433,580,58,10.0,0.9741379310344828,0,15,20260407,0.030104859907573923,20260306,-0.03496015667654036,-0.055962067893538636,-0.09839934474672118,-0.13340647502738656,565,0,15,0,0,20260225,20260320,18,F0_no_capacity_filter_none_capital_100000,F,0.004742381996812881,0.013889503020319539,0.02564047384846562,0,0,2939.7413793103447,2872,10.0,F0_no_capacity_filter,none,100000,
10bp_slippage_plus_impact_participation_3pct_partial_zero,10bp_one_way_slippage_plus_impact_cost_plus_participation_cap_plus_partial_zero_fill,100000.0,0.03,10,True,True,True,True,True,-0.02068418701849506,-0.0002729678900764128,0.43350604490500866,0.43103448275862066,-0.07823476023841602,0.9704858307193956,0.5274665946821433,580,58,10.0,0.9912193447006765,14,1,20260407,0.030104859907573923,20260306,-0.03496015667654036,-0.04930473479236486,-0.0920412783151473,-0.12729527804805463,565,14,1,0,0,20260225,20260320,18,F0_no_capacity_filter_none_capital_100000,F,0.005062371943744036,0.015154939843325005,0.03,0,0,2939.7413793103447,2872,10.0,F0_no_capacity_filter,none,100000,
10bp_slippage_plus_impact_participation_5pct_no_partial,10bp_one_way_slippage_plus_impact_cost_plus_participation_cap,100000.0,0.05,10,True,True,False,True,True,-0.023405293906672675,-0.00032068909764680815,0.43130434782608695,0.43103448275862066,-0.0800142628352819,0.9653406987049671,0.5274665946821433,580,58,10.0,0.9913793103448276,0,5,20260407,0.030104859907573923,20260306,-0.03496015667654036,-0.05194631721186882,-0.09456411384890262,-0.12972015753919575,575,0,5,0,0,20260225,20260320,18,F0_no_capacity_filter_none_capital_100000,F,0.005007564470669934,0.01466523024045569,0.03357026315351562,0,0,2939.7413793103447,2872,10.0,F0_no_capacity_filter,none,100000,
10bp_slippage_plus_impact_participation_5pct_partial_zero,10bp_one_way_slippage_plus_impact_cost_plus_participation_cap_plus_partial_zero_fill,100000.0,0.05,10,True,True,True,True,True,-0.01751644347265835,-0.00021729886301442267,0.43350604490500866,0.43103448275862066,-0.0772477922992062,0.9765211192695343,0.5274665946821433,580,58,10.0,0.9963192672413793,4,1,20260407,0.030104859907573923,20260306,-0.03496015667654036,-0.0462295686911961,-0.08910434995927163,-0.12447238402986438,575,4,1,0,0,20260225,20260320,18,F0_no_capacity_filter_none_capital_100000,F,0.005062371943744036,0.015154939843325005,0.043954333911475366,0,0,2939.7413793103447,2872,10.0,F0_no_capacity_filter,none,100000,
10bp_slippage_plus_impact_participation_10pct_no_partial,10bp_one_way_slippage_plus_impact_cost_plus_participation_cap,100000.0,0.1,10,True,True,False,True,True,-0.018016447731370122,-0.00022583736529826863,0.43252595155709345,0.43103448275862066,-0.07900315829265459,0.9756000646701045,0.5274665946821433,580,58,10.0,0.996551724137931,0,2,20260407,0.030104859907573923,20260306,-0.03496015667654036,-0.04671496030342137,-0.08956792179336082,-0.12491795640987635,578,0,2,0,0,20260225,20260320,18,F0_no_capacity_filter_none_capital_100000,F,0.005054761923998095,0.014991700137198537,0.03964727664360267,0,0,2939.7413793103447,2872,10.0,F0_no_capacity_filter,none,100000,
10bp_slippage_plus_impact_participation_10pct_partial_zero,10bp_one_way_slippage_plus_impact_cost_plus_participation_cap_plus_partial_zero_fill,100000.0,0.1,10,True,True,True,True,True,-0.01418841451966324,-0.00015890512825346485,0.43350604490500866,0.43103448275862066,-0.07541286750846843,0.9828315617840631,0.5274665946821433,580,58,10.0,0.9979979310344828,1,1,20260407,0.030104859907573923,20260306,-0.03496015667654036,-0.042998801530954256,-0.08601881526878918,-0.12150665372757452,578,1,1,0,0,20260225,20260320,18,F0_no_capacity_filter_none_capital_100000,F,0.005062371943744036,0.015154939843325005,0.043954333911475366,0,0,2939.7413793103447,2872,10.0,F0_no_capacity_filter,none,100000,
5bp_one_way_slippage,5bp_one_way_slippage,,,5,True,False,False,False,False,0.0563104482106116,0.0010326747876184769,0.44655172413793104,0.5172413793103449,-0.06142807961348873,1.119888709620435,0.5274665946821433,580,58,10.0,1.0,0,0,20260407,0.03133403000173749,20260306,-0.03382598351049495,0.02421758371420335,-0.024056056257852454,-0.06417169996848882,580,0,0,0,0,20260305,20260320,12,F1_order_lte_10pct_ref_amount_A_tail_capital_100000,F,0.0,0.0,0.0,0,0,2939.7413793103447,2872,10.0,F1_order_lte_10pct_ref_amount,A_tail,100000,0.1
10bp_one_way_slippage,10bp_one_way_slippage,,,10,True,False,False,False,False,-0.003227249600176618,3.1890807274591157e-05,0.4362068965517241,0.46551724137931033,-0.07266548976260367,1.003480207336016,0.5274665946821433,580,58,10.0,1.0,0,0,20260407,0.03030295219418422,20260306,-0.03479191749275214,-0.03254402185585592,-0.07629633670246394,-0.11249098218166709,580,0,0,0,0,20260226,20260320,17,F1_order_lte_10pct_ref_amount_A_tail_capital_100000,F,0.0,0.0,0.0,0,0,2939.7413793103447,2872,10.0,F1_order_lte_10pct_ref_amount,A_tail,100000,0.1
15bp_one_way_slippage,15bp_one_way_slippage,,,15,True,False,False,False,False,-0.05940925689216536,-0.0009678941374014937,0.4241379310344828,0.41379310344827586,-0.08774790238071883,0.9004784480888323,0.5274665946821433,580,58,10.0,1.0,0,0,20260407,0.02927290366320434,20260306,-0.03575688722845871,-0.08616000697166704,-0.12574037411085848,-0.15831547943665913,580,0,0,0,0,20260225,20260320,18,F1_order_lte_10pct_ref_amount_A_tail_capital_100000,F,0.0,0.0,0.0,0,0,2939.7413793103447,2872,10.0,F1_order_lte_10pct_ref_amount,A_tail,100000,0.1
20bp_one_way_slippage,20bp_one_way_slippage,,,20,True,False,False,False,False,-0.11242472974811923,-0.001966681541598857,0.41206896551724137,0.3793103448275862,-0.13245101003646953,0.8090038424362932,0.5274665946821433,580,58,10.0,1.0,0,0,20260407,0.028243882868349245,20260306,-0.036720894160737136,-0.13680471623528145,-0.17253786069097876,-0.20177401831187802,580,0,0,0,0,20260225,20260519,56,F1_order_lte_10pct_ref_amount_A_tail_capital_100000,F,0.0,0.0,0.0,0,0,2939.7413793103447,2872,10.0,F1_order_lte_10pct_ref_amount,A_tail,100000,0.1
10bp_slippage_plus_impact,10bp_one_way_slippage_plus_impact_cost,100000.0,,10,True,True,False,False,False,-0.013778899874267725,-0.00015167944032404588,0.43275862068965515,0.4482758620689655,-0.07516067028871343,0.9836220614972012,0.5274665946821433,580,58,10.0,1.0,0,0,20260407,0.030104859907573923,20260306,-0.03496015667654036,-0.042601254969109714,-0.08563913959214298,-0.12114172000547108,580,0,0,0,0,20260226,20260320,17,F1_order_lte_10pct_ref_amount_A_tail_capital_100000,F,0.005080519027543372,0.015271386012349815,0.043954333911475366,0,0,2939.7413793103447,2872,10.0,F1_order_lte_10pct_ref_amount,A_tail,100000,0.1
10bp_slippage_plus_impact_participation_1pct_no_partial,10bp_one_way_slippage_plus_impact_cost_plus_participation_cap,100000.0,0.01,10,True,True,False,True,True,-0.07326698980241908,-0.001238743582664931,0.38924731182795697,0.3620689655172414,-0.09345643409274151,0.8552967268831437,0.5274665946821433,580,58,10.0,0.8017241379310345,0,115,20260407,0.02705975544264223,20260320,-0.033128116696921006,-0.0976834548461325,-0.13683888577237113,-0.16908175613312448,465,0,115,0,0,20260224,20260519,57,F1_order_lte_10pct_ref_amount_A_tail_capital_100000,F,0.0025655873200986857,0.007835804111473827,0.009656614469451066,0,0,2939.7413793103447,2872,10.0,F1_order_lte_10pct_ref_amount,A_tail,100000,0.1
10bp_slippage_plus_impact_participation_1pct_partial_zero,10bp_one_way_slippage_plus_impact_cost_plus_participation_cap_plus_partial_zero_fill,100000.0,0.01,10,True,True,True,True,True,-0.045112751896529524,-0.0007141507618059864,0.43350604490500866,0.41379310344827586,-0.07899589623455205,0.9211328155879448,0.5274665946821433,580,58,10.0,0.9230832982520665,114,1,20260407,0.028645311837033366,20260306,-0.03464114134899665,-0.07170407805761536,-0.112984764319629,-0.14657915002776045,465,114,1,0,0,20260225,20260320,18,F1_order_lte_10pct_ref_amount_A_tail_capital_100000,F,0.005062371943744036,0.01,0.010000000000000002,0,0,2939.7413793103447,2872,10.0,F1_order_lte_10pct_ref_amount,A_tail,100000,0.1
10bp_slippage_plus_impact_participation_3pct_no_partial,10bp_one_way_slippage_plus_impact_cost_plus_participation_cap,100000.0,0.03,10,True,True,False,True,True,-0.027541938200038252,-0.00039446648154718825,0.4265486725663717,0.41379310344827586,-0.07969435357430332,0.9572251078196579,0.5274665946821433,580,58,10.0,0.9741379310344828,0,15,20260407,0.030104859907573923,20260306,-0.03496015667654036,-0.055962067893538636,-0.09839934474672118,-0.13340647502738656,565,0,15,0,0,20260225,20260320,18,F1_order_lte_10pct_ref_amount_A_tail_capital_100000,F,0.004742381996812881,0.013889503020319539,0.02564047384846562,0,0,2939.7413793103447,2872,10.0,F1_order_lte_10pct_ref_amount,A_tail,100000,0.1
10bp_slippage_plus_impact_participation_3pct_partial_zero,10bp_one_way_slippage_plus_impact_cost_plus_participation_cap_plus_partial_zero_fill,100000.0,0.03,10,True,True,True,True,True,-0.02068418701849506,-0.0002729678900764128,0.43350604490500866,0.43103448275862066,-0.07823476023841602,0.9704858307193956,0.5274665946821433,580,58,10.0,0.9912193447006765,14,1,20260407,0.030104859907573923,20260306,-0.03496015667654036,-0.04930473479236486,-0.0920412783151473,-0.12729527804805463,565,14,1,0,0,20260225,20260320,18,F1_order_lte_10pct_ref_amount_A_tail_capital_100000,F,0.005062371943744036,0.015154939843325005,0.03,0,0,2939.7413793103447,2872,10.0,F1_order_lte_10pct_ref_amount,A_tail,100000,0.1
10bp_slippage_plus_impact_participation_5pct_no_partial,10bp_one_way_slippage_plus_impact_cost_plus_participation_cap,100000.0,0.05,10,True,True,False,True,True,-0.023405293906672675,-0.00032068909764680815,0.43130434782608695,0.43103448275862066,-0.0800142628352819,0.9653406987049671,0.5274665946821433,580,58,10.0,0.9913793103448276,0,5,20260407,0.030104859907573923,20260306,-0.03496015667654036,-0.05194631721186882,-0.09456411384890262,-0.12972015753919575,575,0,5,0,0,20260225,20260320,18,F1_order_lte_10pct_ref_amount_A_tail_capital_100000,F,0.005007564470669934,0.01466523024045569,0.03357026315351562,0,0,2939.7413793103447,2872,10.0,F1_order_lte_10pct_ref_amount,A_tail,100000,0.1
10bp_slippage_plus_impact_participation_5pct_partial_zero,10bp_one_way_slippage_plus_impact_cost_plus_participation_cap_plus_partial_zero_fill,100000.0,0.05,10,True,True,True,True,True,-0.01751644347265835,-0.00021729886301442267,0.43350604490500866,0.43103448275862066,-0.0772477922992062,0.9765211192695343,0.5274665946821433,580,58,10.0,0.9963192672413793,4,1,20260407,0.030104859907573923,20260306,-0.03496015667654036,-0.0462295686911961,-0.08910434995927163,-0.12447238402986438,575,4,1,0,0,20260225,20260320,18,F1_order_lte_10pct_ref_amount_A_tail_capital_100000,F,0.005062371943744036,0.015154939843325005,0.043954333911475366,0,0,2939.7413793103447,2872,10.0,F1_order_lte_10pct_ref_amount,A_tail,100000,0.1
10bp_slippage_plus_impact_participation_10pct_no_partial,10bp_one_way_slippage_plus_impact_cost_plus_participation_cap,100000.0,0.1,10,True,True,False,True,True,-0.018016447731370122,-0.00022583736529826863,0.43252595155709345,0.43103448275862066,-0.07900315829265459,0.9756000646701045,0.5274665946821433,580,58,10.0,0.996551724137931,0,2,20260407,0.030104859907573923,20260306,-0.03496015667654036,-0.04671496030342137,-0.08956792179336082,-0.12491795640987635,578,0,2,0,0,20260225,20260320,18,F1_order_lte_10pct_ref_amount_A_tail_capital_100000,F,0.005054761923998095,0.014991700137198537,0.03964727664360267,0,0,2939.7413793103447,2872,10.0,F1_order_lte_10pct_ref_amount,A_tail,100000,0.1
10bp_slippage_plus_impact_participation_10pct_partial_zero,10bp_one_way_slippage_plus_impact_cost_plus_participation_cap_plus_partial_zero_fill,100000.0,0.1,10,True,True,True,True,True,-0.01418841451966324,-0.00015890512825346485,0.43350604490500866,0.43103448275862066,-0.07541286750846843,0.9828315617840631,0.5274665946821433,580,58,10.0,0.9979979310344828,1,1,20260407,0.030104859907573923,20260306,-0.03496015667654036,-0.042998801530954256,-0.08601881526878918,-0.12150665372757452,578,1,1,0,0,20260225,20260320,18,F1_order_lte_10pct_ref_amount_A_tail_capital_100000,F,0.005062371943744036,0.015154939843325005,0.043954333911475366,0,0,2939.7413793103447,2872,10.0,F1_order_lte_10pct_ref_amount,A_tail,100000,0.1
5bp_one_way_slippage,5bp_one_way_slippage,,,5,True,False,False,False,False,0.0563104482106116,0.0010326747876184769,0.44655172413793104,0.5172413793103449,-0.06142807961348873,1.119888709620435,0.5274665946821433,580,58,10.0,1.0,0,0,20260407,0.03133403000173749,20260306,-0.03382598351049495,0.02421758371420335,-0.024056056257852454,-0.06417169996848882,580,0,0,0,0,20260305,20260320,12,F1_order_lte_10pct_ref_amount_B_tail_and_past20_exit_proxy_capital_100000,F,0.0,0.0,0.0,0,0,2939.7413793103447,2872,10.0,F1_order_lte_10pct_ref_amount,B_tail_and_past20_exit_proxy,100000,0.1
10bp_one_way_slippage,10bp_one_way_slippage,,,10,True,False,False,False,False,-0.003227249600176618,3.1890807274591157e-05,0.4362068965517241,0.46551724137931033,-0.07266548976260367,1.003480207336016,0.5274665946821433,580,58,10.0,1.0,0,0,20260407,0.03030295219418422,20260306,-0.03479191749275214,-0.03254402185585592,-0.07629633670246394,-0.11249098218166709,580,0,0,0,0,20260226,20260320,17,F1_order_lte_10pct_ref_amount_B_tail_and_past20_exit_proxy_capital_100000,F,0.0,0.0,0.0,0,0,2939.7413793103447,2872,10.0,F1_order_lte_10pct_ref_amount,B_tail_and_past20_exit_proxy,100000,0.1
15bp_one_way_slippage,15bp_one_way_slippage,,,15,True,False,False,False,False,-0.05940925689216536,-0.0009678941374014937,0.4241379310344828,0.41379310344827586,-0.08774790238071883,0.9004784480888323,0.5274665946821433,580,58,10.0,1.0,0,0,20260407,0.02927290366320434,20260306,-0.03575688722845871,-0.08616000697166704,-0.12574037411085848,-0.15831547943665913,580,0,0,0,0,20260225,20260320,18,F1_order_lte_10pct_ref_amount_B_tail_and_past20_exit_proxy_capital_100000,F,0.0,0.0,0.0,0,0,2939.7413793103447,2872,10.0,F1_order_lte_10pct_ref_amount,B_tail_and_past20_exit_proxy,100000,0.1
20bp_one_way_slippage,20bp_one_way_slippage,,,20,True,False,False,False,False,-0.11242472974811923,-0.001966681541598857,0.41206896551724137,0.3793103448275862,-0.13245101003646953,0.8090038424362932,0.5274665946821433,580,58,10.0,1.0,0,0,20260407,0.028243882868349245,20260306,-0.036720894160737136,-0.13680471623528145,-0.17253786069097876,-0.20177401831187802,580,0,0,0,0,20260225,20260519,56,F1_order_lte_10pct_ref_amount_B_tail_and_past20_exit_proxy_capital_100000,F,0.0,0.0,0.0,0,0,2939.7413793103447,2872,10.0,F1_order_lte_10pct_ref_amount,B_tail_and_past20_exit_proxy,100000,0.1
10bp_slippage_plus_impact,10bp_one_way_slippage_plus_impact_cost,100000.0,,10,True,True,False,False,False,-0.013778899874267725,-0.00015167944032404588,0.43275862068965515,0.4482758620689655,-0.07516067028871343,0.9836220614972012,0.5274665946821433,580,58,10.0,1.0,0,0,20260407,0.030104859907573923,20260306,-0.03496015667654036,-0.042601254969109714,-0.08563913959214298,-0.12114172000547108,580,0,0,0,0,20260226,20260320,17,F1_order_lte_10pct_ref_amount_B_tail_and_past20_exit_proxy_capital_100000,F,0.005080519027543372,0.015271386012349815,0.043954333911475366,0,0,2939.7413793103447,2872,10.0,F1_order_lte_10pct_ref_amount,B_tail_and_past20_exit_proxy,100000,0.1
10bp_slippage_plus_impact_participation_1pct_no_partial,10bp_one_way_slippage_plus_impact_cost_plus_participation_cap,100000.0,0.01,10,True,True,False,True,True,-0.07326698980241908,-0.001238743582664931,0.38924731182795697,0.3620689655172414,-0.09345643409274151,0.8552967268831437,0.5274665946821433,580,58,10.0,0.8017241379310345,0,115,20260407,0.02705975544264223,20260320,-0.033128116696921006,-0.0976834548461325,-0.13683888577237113,-0.16908175613312448,465,0,115,0,0,20260224,20260519,57,F1_order_lte_10pct_ref_amount_B_tail_and_past20_exit_proxy_capital_100000,F,0.0025655873200986857,0.007835804111473827,0.009656614469451066,0,0,2939.7413793103447,2872,10.0,F1_order_lte_10pct_ref_amount,B_tail_and_past20_exit_proxy,100000,0.1
10bp_slippage_plus_impact_participation_1pct_partial_zero,10bp_one_way_slippage_plus_impact_cost_plus_participation_cap_plus_partial_zero_fill,100000.0,0.01,10,True,True,True,True,True,-0.045112751896529524,-0.0007141507618059864,0.43350604490500866,0.41379310344827586,-0.07899589623455205,0.9211328155879448,0.5274665946821433,580,58,10.0,0.9230832982520665,114,1,20260407,0.028645311837033366,20260306,-0.03464114134899665,-0.07170407805761536,-0.112984764319629,-0.14657915002776045,465,114,1,0,0,20260225,20260320,18,F1_order_lte_10pct_ref_amount_B_tail_and_past20_exit_proxy_capital_100000,F,0.005062371943744036,0.01,0.010000000000000002,0,0,2939.7413793103447,2872,10.0,F1_order_lte_10pct_ref_amount,B_tail_and_past20_exit_proxy,100000,0.1
10bp_slippage_plus_impact_participation_3pct_no_partial,10bp_one_way_slippage_plus_impact_cost_plus_participation_cap,100000.0,0.03,10,True,True,False,True,True,-0.027541938200038252,-0.00039446648154718825,0.4265486725663717,0.41379310344827586,-0.07969435357430332,0.9572251078196579,0.5274665946821433,580,58,10.0,0.9741379310344828,0,15,20260407,0.030104859907573923,20260306,-0.03496015667654036,-0.055962067893538636,-0.09839934474672118,-0.13340647502738656,565,0,15,0,0,20260225,20260320,18,F1_order_lte_10pct_ref_amount_B_tail_and_past20_exit_proxy_capital_100000,F,0.004742381996812881,0.013889503020319539,0.02564047384846562,0,0,2939.7413793103447,2872,10.0,F1_order_lte_10pct_ref_amount,B_tail_and_past20_exit_proxy,100000,0.1
10bp_slippage_plus_impact_participation_3pct_partial_zero,10bp_one_way_slippage_plus_impact_cost_plus_participation_cap_plus_partial_zero_fill,100000.0,0.03,10,True,True,True,True,True,-0.02068418701849506,-0.0002729678900764128,0.43350604490500866,0.43103448275862066,-0.07823476023841602,0.9704858307193956,0.5274665946821433,580,58,10.0,0.9912193447006765,14,1,20260407,0.030104859907573923,20260306,-0.03496015667654036,-0.04930473479236486,-0.0920412783151473,-0.12729527804805463,565,14,1,0,0,20260225,20260320,18,F1_order_lte_10pct_ref_amount_B_tail_and_past20_exit_proxy_capital_100000,F,0.005062371943744036,0.015154939843325005,0.03,0,0,2939.7413793103447,2872,10.0,F1_order_lte_10pct_ref_amount,B_tail_and_past20_exit_proxy,100000,0.1
10bp_slippage_plus_impact_participation_5pct_no_partial,10bp_one_way_slippage_plus_impact_cost_plus_participation_cap,100000.0,0.05,10,True,True,False,True,True,-0.023405293906672675,-0.00032068909764680815,0.43130434782608695,0.43103448275862066,-0.0800142628352819,0.9653406987049671,0.5274665946821433,580,58,10.0,0.9913793103448276,0,5,20260407,0.030104859907573923,20260306,-0.03496015667654036,-0.05194631721186882,-0.09456411384890262,-0.12972015753919575,575,0,5,0,0,20260225,20260320,18,F1_order_lte_10pct_ref_amount_B_tail_and_past20_exit_proxy_capital_100000,F,0.005007564470669934,0.01466523024045569,0.03357026315351562,0,0,2939.7413793103447,2872,10.0,F1_order_lte_10pct_ref_amount,B_tail_and_past20_exit_proxy,100000,0.1
10bp_slippage_plus_impact_participation_5pct_partial_zero,10bp_one_way_slippage_plus_impact_cost_plus_participation_cap_plus_partial_zero_fill,100000.0,0.05,10,True,True,True,True,True,-0.01751644347265835,-0.00021729886301442267,0.43350604490500866,0.43103448275862066,-0.0772477922992062,0.9765211192695343,0.5274665946821433,580,58,10.0,0.9963192672413793,4,1,20260407,0.030104859907573923,20260306,-0.03496015667654036,-0.0462295686911961,-0.08910434995927163,-0.12447238402986438,575,4,1,0,0,20260225,20260320,18,F1_order_lte_10pct_ref_amount_B_tail_and_past20_exit_proxy_capital_100000,F,0.005062371943744036,0.015154939843325005,0.043954333911475366,0,0,2939.7413793103447,2872,10.0,F1_order_lte_10pct_ref_amount,B_tail_and_past20_exit_proxy,100000,0.1
10bp_slippage_plus_impact_participation_10pct_no_partial,10bp_one_way_slippage_plus_impact_cost_plus_participation_cap,100000.0,0.1,10,True,True,False,True,True,-0.018016447731370122,-0.00022583736529826863,0.43252595155709345,0.43103448275862066,-0.07900315829265459,0.9756000646701045,0.5274665946821433,580,58,10.0,0.996551724137931,0,2,20260407,0.030104859907573923,20260306,-0.03496015667654036,-0.04671496030342137,-0.08956792179336082,-0.12491795640987635,578,0,2,0,0,20260225,20260320,18,F1_order_lte_10pct_ref_amount_B_tail_and_past20_exit_proxy_capital_100000,F,0.005054761923998095,0.014991700137198537,0.03964727664360267,0,0,2939.7413793103447,2872,10.0,F1_order_lte_10pct_ref_amount,B_tail_and_past20_exit_proxy,100000,0.1
10bp_slippage_plus_impact_participation_10pct_partial_zero,10bp_one_way_slippage_plus_impact_cost_plus_participation_cap_plus_partial_zero_fill,100000.0,0.1,10,True,True,True,True,True,-0.01418841451966324,-0.00015890512825346485,0.43350604490500866,0.43103448275862066,-0.07541286750846843,0.9828315617840631,0.5274665946821433,580,58,10.0,0.9979979310344828,1,1,20260407,0.030104859907573923,20260306,-0.03496015667654036,-0.042998801530954256,-0.08601881526878918,-0.12150665372757452,578,1,1,0,0,20260225,20260320,18,F1_order_lte_10pct_ref_amount_B_tail_and_past20_exit_proxy_capital_100000,F,0.005062371943744036,0.015154939843325005,0.043954333911475366,0,0,2939.7413793103447,2872,10.0,F1_order_lte_10pct_ref_amount,B_tail_and_past20_exit_proxy,100000,0.1
5bp_one_way_slippage,5bp_one_way_slippage,,,5,True,False,False,False,False,0.0563104482106116,0.0010326747876184769,0.44655172413793104,0.5172413793103449,-0.06142807961348873,1.119888709620435,0.5274665946821433,580,58,10.0,1.0,0,0,20260407,0.03133403000173749,20260306,-0.03382598351049495,0.02421758371420335,-0.024056056257852454,-0.06417169996848882,580,0,0,0,0,20260305,20260320,12,F2_order_lte_5pct_ref_amount_A_tail_capital_100000,F,0.0,0.0,0.0,0,0,2939.7413793103447,2872,10.0,F2_order_lte_5pct_ref_amount,A_tail,100000,0.05
10bp_one_way_slippage,10bp_one_way_slippage,,,10,True,False,False,False,False,-0.003227249600176618,3.1890807274591157e-05,0.4362068965517241,0.46551724137931033,-0.07266548976260367,1.003480207336016,0.5274665946821433,580,58,10.0,1.0,0,0,20260407,0.03030295219418422,20260306,-0.03479191749275214,-0.03254402185585592,-0.07629633670246394,-0.11249098218166709,580,0,0,0,0,20260226,20260320,17,F2_order_lte_5pct_ref_amount_A_tail_capital_100000,F,0.0,0.0,0.0,0,0,2939.7413793103447,2872,10.0,F2_order_lte_5pct_ref_amount,A_tail,100000,0.05
15bp_one_way_slippage,15bp_one_way_slippage,,,15,True,False,False,False,False,-0.05940925689216536,-0.0009678941374014937,0.4241379310344828,0.41379310344827586,-0.08774790238071883,0.9004784480888323,0.5274665946821433,580,58,10.0,1.0,0,0,20260407,0.02927290366320434,20260306,-0.03575688722845871,-0.08616000697166704,-0.12574037411085848,-0.15831547943665913,580,0,0,0,0,20260225,20260320,18,F2_order_lte_5pct_ref_amount_A_tail_capital_100000,F,0.0,0.0,0.0,0,0,2939.7413793103447,2872,10.0,F2_order_lte_5pct_ref_amount,A_tail,100000,0.05
20bp_one_way_slippage,20bp_one_way_slippage,,,20,True,False,False,False,False,-0.11242472974811923,-0.001966681541598857,0.41206896551724137,0.3793103448275862,-0.13245101003646953,0.8090038424362932,0.5274665946821433,580,58,10.0,1.0,0,0,20260407,0.028243882868349245,20260306,-0.036720894160737136,-0.13680471623528145,-0.17253786069097876,-0.20177401831187802,580,0,0,0,0,20260225,20260519,56,F2_order_lte_5pct_ref_amount_A_tail_capital_100000,F,0.0,0.0,0.0,0,0,2939.7413793103447,2872,10.0,F2_order_lte_5pct_ref_amount,A_tail,100000,0.05
10bp_slippage_plus_impact,10bp_one_way_slippage_plus_impact_cost,100000.0,,10,True,True,False,False,False,-0.013778899874267725,-0.00015167944032404588,0.43275862068965515,0.4482758620689655,-0.07516067028871343,0.9836220614972012,0.5274665946821433,580,58,10.0,1.0,0,0,20260407,0.030104859907573923,20260306,-0.03496015667654036,-0.042601254969109714,-0.08563913959214298,-0.12114172000547108,580,0,0,0,0,20260226,20260320,17,F2_order_lte_5pct_ref_amount_A_tail_capital_100000,F,0.005080519027543372,0.015271386012349815,0.043954333911475366,0,0,2939.7413793103447,2872,10.0,F2_order_lte_5pct_ref_amount,A_tail,100000,0.05
10bp_slippage_plus_impact_participation_1pct_no_partial,10bp_one_way_slippage_plus_impact_cost_plus_participation_cap,100000.0,0.01,10,True,True,False,True,True,-0.07326698980241908,-0.001238743582664931,0.38924731182795697,0.3620689655172414,-0.09345643409274151,0.8552967268831437,0.5274665946821433,580,58,10.0,0.8017241379310345,0,115,20260407,0.02705975544264223,20260320,-0.033128116696921006,-0.0976834548461325,-0.13683888577237113,-0.16908175613312448,465,0,115,0,0,20260224,20260519,57,F2_order_lte_5pct_ref_amount_A_tail_capital_100000,F,0.0025655873200986857,0.007835804111473827,0.009656614469451066,0,0,2939.7413793103447,2872,10.0,F2_order_lte_5pct_ref_amount,A_tail,100000,0.05
10bp_slippage_plus_impact_participation_1pct_partial_zero,10bp_one_way_slippage_plus_impact_cost_plus_participation_cap_plus_partial_zero_fill,100000.0,0.01,10,True,True,True,True,True,-0.045112751896529524,-0.0007141507618059864,0.43350604490500866,0.41379310344827586,-0.07899589623455205,0.9211328155879448,0.5274665946821433,580,58,10.0,0.9230832982520665,114,1,20260407,0.028645311837033366,20260306,-0.03464114134899665,-0.07170407805761536,-0.112984764319629,-0.14657915002776045,465,114,1,0,0,20260225,20260320,18,F2_order_lte_5pct_ref_amount_A_tail_capital_100000,F,0.005062371943744036,0.01,0.010000000000000002,0,0,2939.7413793103447,2872,10.0,F2_order_lte_5pct_ref_amount,A_tail,100000,0.05
10bp_slippage_plus_impact_participation_3pct_no_partial,10bp_one_way_slippage_plus_impact_cost_plus_participation_cap,100000.0,0.03,10,True,True,False,True,True,-0.027541938200038252,-0.00039446648154718825,0.4265486725663717,0.41379310344827586,-0.07969435357430332,0.9572251078196579,0.5274665946821433,580,58,10.0,0.9741379310344828,0,15,20260407,0.030104859907573923,20260306,-0.03496015667654036,-0.055962067893538636,-0.09839934474672118,-0.13340647502738656,565,0,15,0,0,20260225,20260320,18,F2_order_lte_5pct_ref_amount_A_tail_capital_100000,F,0.004742381996812881,0.013889503020319539,0.02564047384846562,0,0,2939.7413793103447,2872,10.0,F2_order_lte_5pct_ref_amount,A_tail,100000,0.05
10bp_slippage_plus_impact_participation_3pct_partial_zero,10bp_one_way_slippage_plus_impact_cost_plus_participation_cap_plus_partial_zero_fill,100000.0,0.03,10,True,True,True,True,True,-0.02068418701849506,-0.0002729678900764128,0.43350604490500866,0.43103448275862066,-0.07823476023841602,0.9704858307193956,0.5274665946821433,580,58,10.0,0.9912193447006765,14,1,20260407,0.030104859907573923,20260306,-0.03496015667654036,-0.04930473479236486,-0.0920412783151473,-0.12729527804805463,565,14,1,0,0,20260225,20260320,18,F2_order_lte_5pct_ref_amount_A_tail_capital_100000,F,0.005062371943744036,0.015154939843325005,0.03,0,0,2939.7413793103447,2872,10.0,F2_order_lte_5pct_ref_amount,A_tail,100000,0.05
10bp_slippage_plus_impact_participation_5pct_no_partial,10bp_one_way_slippage_plus_impact_cost_plus_participation_cap,100000.0,0.05,10,True,True,False,True,True,-0.023405293906672675,-0.00032068909764680815,0.43130434782608695,0.43103448275862066,-0.0800142628352819,0.9653406987049671,0.5274665946821433,580,58,10.0,0.9913793103448276,0,5,20260407,0.030104859907573923,20260306,-0.03496015667654036,-0.05194631721186882,-0.09456411384890262,-0.12972015753919575,575,0,5,0,0,20260225,20260320,18,F2_order_lte_5pct_ref_amount_A_tail_capital_100000,F,0.005007564470669934,0.01466523024045569,0.03357026315351562,0,0,2939.7413793103447,2872,10.0,F2_order_lte_5pct_ref_amount,A_tail,100000,0.05
10bp_slippage_plus_impact_participation_5pct_partial_zero,10bp_one_way_slippage_plus_impact_cost_plus_participation_cap_plus_partial_zero_fill,100000.0,0.05,10,True,True,True,True,True,-0.01751644347265835,-0.00021729886301442267,0.43350604490500866,0.43103448275862066,-0.0772477922992062,0.9765211192695343,0.5274665946821433,580,58,10.0,0.9963192672413793,4,1,20260407,0.030104859907573923,20260306,-0.03496015667654036,-0.0462295686911961,-0.08910434995927163,-0.12447238402986438,575,4,1,0,0,20260225,20260320,18,F2_order_lte_5pct_ref_amount_A_tail_capital_100000,F,0.005062371943744036,0.015154939843325005,0.043954333911475366,0,0,2939.7413793103447,2872,10.0,F2_order_lte_5pct_ref_amount,A_tail,100000,0.05
10bp_slippage_plus_impact_participation_10pct_no_partial,10bp_one_way_slippage_plus_impact_cost_plus_participation_cap,100000.0,0.1,10,True,True,False,True,True,-0.018016447731370122,-0.00022583736529826863,0.43252595155709345,0.43103448275862066,-0.07900315829265459,0.9756000646701045,0.5274665946821433,580,58,10.0,0.996551724137931,0,2,20260407,0.030104859907573923,20260306,-0.03496015667654036,-0.04671496030342137,-0.08956792179336082,-0.12491795640987635,578,0,2,0,0,20260225,20260320,18,F2_order_lte_5pct_ref_amount_A_tail_capital_100000,F,0.005054761923998095,0.014991700137198537,0.03964727664360267,0,0,2939.7413793103447,2872,10.0,F2_order_lte_5pct_ref_amount,A_tail,100000,0.05
10bp_slippage_plus_impact_participation_10pct_partial_zero,10bp_one_way_slippage_plus_impact_cost_plus_participation_cap_plus_partial_zero_fill,100000.0,0.1,10,True,True,True,True,True,-0.01418841451966324,-0.00015890512825346485,0.43350604490500866,0.43103448275862066,-0.07541286750846843,0.9828315617840631,0.5274665946821433,580,58,10.0,0.9979979310344828,1,1,20260407,0.030104859907573923,20260306,-0.03496015667654036,-0.042998801530954256,-0.08601881526878918,-0.12150665372757452,578,1,1,0,0,20260225,20260320,18,F2_order_lte_5pct_ref_amount_A_tail_capital_100000,F,0.005062371943744036,0.015154939843325005,0.043954333911475366,0,0,2939.7413793103447,2872,10.0,F2_order_lte_5pct_ref_amount,A_tail,100000,0.05
5bp_one_way_slippage,5bp_one_way_slippage,,,5,True,False,False,False,False,0.0563104482106116,0.0010326747876184769,0.44655172413793104,0.5172413793103449,-0.06142807961348873,1.119888709620435,0.5274665946821433,580,58,10.0,1.0,0,0,20260407,0.03133403000173749,20260306,-0.03382598351049495,0.02421758371420335,-0.024056056257852454,-0.06417169996848882,580,0,0,0,0,20260305,20260320,12,F2_order_lte_5pct_ref_amount_B_tail_and_past20_exit_proxy_capital_100000,F,0.0,0.0,0.0,0,0,2939.7413793103447,2872,10.0,F2_order_lte_5pct_ref_amount,B_tail_and_past20_exit_proxy,100000,0.05
10bp_one_way_slippage,10bp_one_way_slippage,,,10,True,False,False,False,False,-0.003227249600176618,3.1890807274591157e-05,0.4362068965517241,0.46551724137931033,-0.07266548976260367,1.003480207336016,0.5274665946821433,580,58,10.0,1.0,0,0,20260407,0.03030295219418422,20260306,-0.03479191749275214,-0.03254402185585592,-0.07629633670246394,-0.11249098218166709,580,0,0,0,0,20260226,20260320,17,F2_order_lte_5pct_ref_amount_B_tail_and_past20_exit_proxy_capital_100000,F,0.0,0.0,0.0,0,0,2939.7413793103447,2872,10.0,F2_order_lte_5pct_ref_amount,B_tail_and_past20_exit_proxy,100000,0.05
15bp_one_way_slippage,15bp_one_way_slippage,,,15,True,False,False,False,False,-0.05940925689216536,-0.0009678941374014937,0.4241379310344828,0.41379310344827586,-0.08774790238071883,0.9004784480888323,0.5274665946821433,580,58,10.0,1.0,0,0,20260407,0.02927290366320434,20260306,-0.03575688722845871,-0.08616000697166704,-0.12574037411085848,-0.15831547943665913,580,0,0,0,0,20260225,20260320,18,F2_order_lte_5pct_ref_amount_B_tail_and_past20_exit_proxy_capital_100000,F,0.0,0.0,0.0,0,0,2939.7413793103447,2872,10.0,F2_order_lte_5pct_ref_amount,B_tail_and_past20_exit_proxy,100000,0.05
20bp_one_way_slippage,20bp_one_way_slippage,,,20,True,False,False,False,False,-0.11242472974811923,-0.001966681541598857,0.41206896551724137,0.3793103448275862,-0.13245101003646953,0.8090038424362932,0.5274665946821433,580,58,10.0,1.0,0,0,20260407,0.028243882868349245,20260306,-0.036720894160737136,-0.13680471623528145,-0.17253786069097876,-0.20177401831187802,580,0,0,0,0,20260225,20260519,56,F2_order_lte_5pct_ref_amount_B_tail_and_past20_exit_proxy_capital_100000,F,0.0,0.0,0.0,0,0,2939.7413793103447,2872,10.0,F2_order_lte_5pct_ref_amount,B_tail_and_past20_exit_proxy,100000,0.05
10bp_slippage_plus_impact,10bp_one_way_slippage_plus_impact_cost,100000.0,,10,True,True,False,False,False,-0.013778899874267725,-0.00015167944032404588,0.43275862068965515,0.4482758620689655,-0.07516067028871343,0.9836220614972012,0.5274665946821433,580,58,10.0,1.0,0,0,20260407,0.030104859907573923,20260306,-0.03496015667654036,-0.042601254969109714,-0.08563913959214298,-0.12114172000547108,580,0,0,0,0,20260226,20260320,17,F2_order_lte_5pct_ref_amount_B_tail_and_past20_exit_proxy_capital_100000,F,0.005080519027543372,0.015271386012349815,0.043954333911475366,0,0,2939.7413793103447,2872,10.0,F2_order_lte_5pct_ref_amount,B_tail_and_past20_exit_proxy,100000,0.05
10bp_slippage_plus_impact_participation_1pct_no_partial,10bp_one_way_slippage_plus_impact_cost_plus_participation_cap,100000.0,0.01,10,True,True,False,True,True,-0.07326698980241908,-0.001238743582664931,0.38924731182795697,0.3620689655172414,-0.09345643409274151,0.8552967268831437,0.5274665946821433,580,58,10.0,0.8017241379310345,0,115,20260407,0.02705975544264223,20260320,-0.033128116696921006,-0.0976834548461325,-0.13683888577237113,-0.16908175613312448,465,0,115,0,0,20260224,20260519,57,F2_order_lte_5pct_ref_amount_B_tail_and_past20_exit_proxy_capital_100000,F,0.0025655873200986857,0.007835804111473827,0.009656614469451066,0,0,2939.7413793103447,2872,10.0,F2_order_lte_5pct_ref_amount,B_tail_and_past20_exit_proxy,100000,0.05
10bp_slippage_plus_impact_participation_1pct_partial_zero,10bp_one_way_slippage_plus_impact_cost_plus_participation_cap_plus_partial_zero_fill,100000.0,0.01,10,True,True,True,True,True,-0.045112751896529524,-0.0007141507618059864,0.43350604490500866,0.41379310344827586,-0.07899589623455205,0.9211328155879448,0.5274665946821433,580,58,10.0,0.9230832982520665,114,1,20260407,0.028645311837033366,20260306,-0.03464114134899665,-0.07170407805761536,-0.112984764319629,-0.14657915002776045,465,114,1,0,0,20260225,20260320,18,F2_order_lte_5pct_ref_amount_B_tail_and_past20_exit_proxy_capital_100000,F,0.005062371943744036,0.01,0.010000000000000002,0,0,2939.7413793103447,2872,10.0,F2_order_lte_5pct_ref_amount,B_tail_and_past20_exit_proxy,100000,0.05
10bp_slippage_plus_impact_participation_3pct_no_partial,10bp_one_way_slippage_plus_impact_cost_plus_participation_cap,100000.0,0.03,10,True,True,False,True,True,-0.027541938200038252,-0.00039446648154718825,0.4265486725663717,0.41379310344827586,-0.07969435357430332,0.9572251078196579,0.5274665946821433,580,58,10.0,0.9741379310344828,0,15,20260407,0.030104859907573923,20260306,-0.03496015667654036,-0.055962067893538636,-0.09839934474672118,-0.13340647502738656,565,0,15,0,0,20260225,20260320,18,F2_order_lte_5pct_ref_amount_B_tail_and_past20_exit_proxy_capital_100000,F,0.004742381996812881,0.013889503020319539,0.02564047384846562,0,0,2939.7413793103447,2872,10.0,F2_order_lte_5pct_ref_amount,B_tail_and_past20_exit_proxy,100000,0.05
10bp_slippage_plus_impact_participation_3pct_partial_zero,10bp_one_way_slippage_plus_impact_cost_plus_participation_cap_plus_partial_zero_fill,100000.0,0.03,10,True,True,True,True,True,-0.02068418701849506,-0.0002729678900764128,0.43350604490500866,0.43103448275862066,-0.07823476023841602,0.9704858307193956,0.5274665946821433,580,58,10.0,0.9912193447006765,14,1,20260407,0.030104859907573923,20260306,-0.03496015667654036,-0.04930473479236486,-0.0920412783151473,-0.12729527804805463,565,14,1,0,0,20260225,20260320,18,F2_order_lte_5pct_ref_amount_B_tail_and_past20_exit_proxy_capital_100000,F,0.005062371943744036,0.015154939843325005,0.03,0,0,2939.7413793103447,2872,10.0,F2_order_lte_5pct_ref_amount,B_tail_and_past20_exit_proxy,100000,0.05
10bp_slippage_plus_impact_participation_5pct_no_partial,10bp_one_way_slippage_plus_impact_cost_plus_participation_cap,100000.0,0.05,10,True,True,False,True,True,-0.023405293906672675,-0.00032068909764680815,0.43130434782608695,0.43103448275862066,-0.0800142628352819,0.9653406987049671,0.5274665946821433,580,58,10.0,0.9913793103448276,0,5,20260407,0.030104859907573923,20260306,-0.03496015667654036,-0.05194631721186882,-0.09456411384890262,-0.12972015753919575,575,0,5,0,0,20260225,20260320,18,F2_order_lte_5pct_ref_amount_B_tail_and_past20_exit_proxy_capital_100000,F,0.005007564470669934,0.01466523024045569,0.03357026315351562,0,0,2939.7413793103447,2872,10.0,F2_order_lte_5pct_ref_amount,B_tail_and_past20_exit_proxy,100000,0.05
10bp_slippage_plus_impact_participation_5pct_partial_zero,10bp_one_way_slippage_plus_impact_cost_plus_participation_cap_plus_partial_zero_fill,100000.0,0.05,10,True,True,True,True,True,-0.01751644347265835,-0.00021729886301442267,0.43350604490500866,0.43103448275862066,-0.0772477922992062,0.9765211192695343,0.5274665946821433,580,58,10.0,0.9963192672413793,4,1,20260407,0.030104859907573923,20260306,-0.03496015667654036,-0.0462295686911961,-0.08910434995927163,-0.12447238402986438,575,4,1,0,0,20260225,20260320,18,F2_order_lte_5pct_ref_amount_B_tail_and_past20_exit_proxy_capital_100000,F,0.005062371943744036,0.015154939843325005,0.043954333911475366,0,0,2939.7413793103447,2872,10.0,F2_order_lte_5pct_ref_amount,B_tail_and_past20_exit_proxy,100000,0.05
10bp_slippage_plus_impact_participation_10pct_no_partial,10bp_one_way_slippage_plus_impact_cost_plus_participation_cap,100000.0,0.1,10,True,True,False,True,True,-0.018016447731370122,-0.00022583736529826863,0.43252595155709345,0.43103448275862066,-0.07900315829265459,0.9756000646701045,0.5274665946821433,580,58,10.0,0.996551724137931,0,2,20260407,0.030104859907573923,20260306,-0.03496015667654036,-0.04671496030342137,-0.08956792179336082,-0.12491795640987635,578,0,2,0,0,20260225,20260320,18,F2_order_lte_5pct_ref_amount_B_tail_and_past20_exit_proxy_capital_100000,F,0.005054761923998095,0.014991700137198537,0.03964727664360267,0,0,2939.7413793103447,2872,10.0,F2_order_lte_5pct_ref_amount,B_tail_and_past20_exit_proxy,100000,0.05
10bp_slippage_plus_impact_participation_10pct_partial_zero,10bp_one_way_slippage_plus_impact_cost_plus_participation_cap_plus_partial_zero_fill,100000.0,0.1,10,True,True,True,True,True,-0.01418841451966324,-0.00015890512825346485,0.43350604490500866,0.43103448275862066,-0.07541286750846843,0.9828315617840631,0.5274665946821433,580,58,10.0,0.9979979310344828,1,1,20260407,0.030104859907573923,20260306,-0.03496015667654036,-0.042998801530954256,-0.08601881526878918,-0.12150665372757452,578,1,1,0,0,20260225,20260320,18,F2_order_lte_5pct_ref_amount_B_tail_and_past20_exit_proxy_capital_100000,F,0.005062371943744036,0.015154939843325005,0.043954333911475366,0,0,2939.7413793103447,2872,10.0,F2_order_lte_5pct_ref_amount,B_tail_and_past20_exit_proxy,100000,0.05
5bp_one_way_slippage,5bp_one_way_slippage,,,5,True,False,False,False,False,0.0563104482106116,0.0010326747876184769,0.44655172413793104,0.5172413793103449,-0.06142807961348873,1.119888709620435,0.5274665946821433,580,58,10.0,1.0,0,0,20260407,0.03133403000173749,20260306,-0.03382598351049495,0.02421758371420335,-0.024056056257852454,-0.06417169996848882,580,0,0,0,0,20260305,20260320,12,F3_order_lte_3pct_ref_amount_A_tail_capital_100000,F,0.0,0.0,0.0,0,0,2939.7413793103447,2872,10.0,F3_order_lte_3pct_ref_amount,A_tail,100000,0.03
10bp_one_way_slippage,10bp_one_way_slippage,,,10,True,False,False,False,False,-0.003227249600176618,3.1890807274591157e-05,0.4362068965517241,0.46551724137931033,-0.07266548976260367,1.003480207336016,0.5274665946821433,580,58,10.0,1.0,0,0,20260407,0.03030295219418422,20260306,-0.03479191749275214,-0.03254402185585592,-0.07629633670246394,-0.11249098218166709,580,0,0,0,0,20260226,20260320,17,F3_order_lte_3pct_ref_amount_A_tail_capital_100000,F,0.0,0.0,0.0,0,0,2939.7413793103447,2872,10.0,F3_order_lte_3pct_ref_amount,A_tail,100000,0.03
15bp_one_way_slippage,15bp_one_way_slippage,,,15,True,False,False,False,False,-0.05940925689216536,-0.0009678941374014937,0.4241379310344828,0.41379310344827586,-0.08774790238071883,0.9004784480888323,0.5274665946821433,580,58,10.0,1.0,0,0,20260407,0.02927290366320434,20260306,-0.03575688722845871,-0.08616000697166704,-0.12574037411085848,-0.15831547943665913,580,0,0,0,0,20260225,20260320,18,F3_order_lte_3pct_ref_amount_A_tail_capital_100000,F,0.0,0.0,0.0,0,0,2939.7413793103447,2872,10.0,F3_order_lte_3pct_ref_amount,A_tail,100000,0.03
20bp_one_way_slippage,20bp_one_way_slippage,,,20,True,False,False,False,False,-0.11242472974811923,-0.001966681541598857,0.41206896551724137,0.3793103448275862,-0.13245101003646953,0.8090038424362932,0.5274665946821433,580,58,10.0,1.0,0,0,20260407,0.028243882868349245,20260306,-0.036720894160737136,-0.13680471623528145,-0.17253786069097876,-0.20177401831187802,580,0,0,0,0,20260225,20260519,56,F3_order_lte_3pct_ref_amount_A_tail_capital_100000,F,0.0,0.0,0.0,0,0,2939.7413793103447,2872,10.0,F3_order_lte_3pct_ref_amount,A_tail,100000,0.03
10bp_slippage_plus_impact,10bp_one_way_slippage_plus_impact_cost,100000.0,,10,True,True,False,False,False,-0.013778899874267725,-0.00015167944032404588,0.43275862068965515,0.4482758620689655,-0.07516067028871343,0.9836220614972012,0.5274665946821433,580,58,10.0,1.0,0,0,20260407,0.030104859907573923,20260306,-0.03496015667654036,-0.042601254969109714,-0.08563913959214298,-0.12114172000547108,580,0,0,0,0,20260226,20260320,17,F3_order_lte_3pct_ref_amount_A_tail_capital_100000,F,0.005080519027543372,0.015271386012349815,0.043954333911475366,0,0,2939.7413793103447,2872,10.0,F3_order_lte_3pct_ref_amount,A_tail,100000,0.03
10bp_slippage_plus_impact_participation_1pct_no_partial,10bp_one_way_slippage_plus_impact_cost_plus_participation_cap,100000.0,0.01,10,True,True,False,True,True,-0.07326698980241908,-0.001238743582664931,0.38924731182795697,0.3620689655172414,-0.09345643409274151,0.8552967268831437,0.5274665946821433,580,58,10.0,0.8017241379310345,0,115,20260407,0.02705975544264223,20260320,-0.033128116696921006,-0.0976834548461325,-0.13683888577237113,-0.16908175613312448,465,0,115,0,0,20260224,20260519,57,F3_order_lte_3pct_ref_amount_A_tail_capital_100000,F,0.0025655873200986857,0.007835804111473827,0.009656614469451066,0,0,2939.7413793103447,2872,10.0,F3_order_lte_3pct_ref_amount,A_tail,100000,0.03
10bp_slippage_plus_impact_participation_1pct_partial_zero,10bp_one_way_slippage_plus_impact_cost_plus_participation_cap_plus_partial_zero_fill,100000.0,0.01,10,True,True,True,True,True,-0.045112751896529524,-0.0007141507618059864,0.43350604490500866,0.41379310344827586,-0.07899589623455205,0.9211328155879448,0.5274665946821433,580,58,10.0,0.9230832982520665,114,1,20260407,0.028645311837033366,20260306,-0.03464114134899665,-0.07170407805761536,-0.112984764319629,-0.14657915002776045,465,114,1,0,0,20260225,20260320,18,F3_order_lte_3pct_ref_amount_A_tail_capital_100000,F,0.005062371943744036,0.01,0.010000000000000002,0,0,2939.7413793103447,2872,10.0,F3_order_lte_3pct_ref_amount,A_tail,100000,0.03
10bp_slippage_plus_impact_participation_3pct_no_partial,10bp_one_way_slippage_plus_impact_cost_plus_participation_cap,100000.0,0.03,10,True,True,False,True,True,-0.027541938200038252,-0.00039446648154718825,0.4265486725663717,0.41379310344827586,-0.07969435357430332,0.9572251078196579,0.5274665946821433,580,58,10.0,0.9741379310344828,0,15,20260407,0.030104859907573923,20260306,-0.03496015667654036,-0.055962067893538636,-0.09839934474672118,-0.13340647502738656,565,0,15,0,0,20260225,20260320,18,F3_order_lte_3pct_ref_amount_A_tail_capital_100000,F,0.004742381996812881,0.013889503020319539,0.02564047384846562,0,0,2939.7413793103447,2872,10.0,F3_order_lte_3pct_ref_amount,A_tail,100000,0.03
10bp_slippage_plus_impact_participation_3pct_partial_zero,10bp_one_way_slippage_plus_impact_cost_plus_participation_cap_plus_partial_zero_fill,100000.0,0.03,10,True,True,True,True,True,-0.02068418701849506,-0.0002729678900764128,0.43350604490500866,0.43103448275862066,-0.07823476023841602,0.9704858307193956,0.5274665946821433,580,58,10.0,0.9912193447006765,14,1,20260407,0.030104859907573923,20260306,-0.03496015667654036,-0.04930473479236486,-0.0920412783151473,-0.12729527804805463,565,14,1,0,0,20260225,20260320,18,F3_order_lte_3pct_ref_amount_A_tail_capital_100000,F,0.005062371943744036,0.015154939843325005,0.03,0,0,2939.7413793103447,2872,10.0,F3_order_lte_3pct_ref_amount,A_tail,100000,0.03
10bp_slippage_plus_impact_participation_5pct_no_partial,10bp_one_way_slippage_plus_impact_cost_plus_participation_cap,100000.0,0.05,10,True,True,False,True,True,-0.023405293906672675,-0.00032068909764680815,0.43130434782608695,0.43103448275862066,-0.0800142628352819,0.9653406987049671,0.5274665946821433,580,58,10.0,0.9913793103448276,0,5,20260407,0.030104859907573923,20260306,-0.03496015667654036,-0.05194631721186882,-0.09456411384890262,-0.12972015753919575,575,0,5,0,0,20260225,20260320,18,F3_order_lte_3pct_ref_amount_A_tail_capital_100000,F,0.005007564470669934,0.01466523024045569,0.03357026315351562,0,0,2939.7413793103447,2872,10.0,F3_order_lte_3pct_ref_amount,A_tail,100000,0.03
10bp_slippage_plus_impact_participation_5pct_partial_zero,10bp_one_way_slippage_plus_impact_cost_plus_participation_cap_plus_partial_zero_fill,100000.0,0.05,10,True,True,True,True,True,-0.01751644347265835,-0.00021729886301442267,0.43350604490500866,0.43103448275862066,-0.0772477922992062,0.9765211192695343,0.5274665946821433,580,58,10.0,0.9963192672413793,4,1,20260407,0.030104859907573923,20260306,-0.03496015667654036,-0.0462295686911961,-0.08910434995927163,-0.12447238402986438,575,4,1,0,0,20260225,20260320,18,F3_order_lte_3pct_ref_amount_A_tail_capital_100000,F,0.005062371943744036,0.015154939843325005,0.043954333911475366,0,0,2939.7413793103447,2872,10.0,F3_order_lte_3pct_ref_amount,A_tail,100000,0.03
10bp_slippage_plus_impact_participation_10pct_no_partial,10bp_one_way_slippage_plus_impact_cost_plus_participation_cap,100000.0,0.1,10,True,True,False,True,True,-0.018016447731370122,-0.00022583736529826863,0.43252595155709345,0.43103448275862066,-0.07900315829265459,0.9756000646701045,0.5274665946821433,580,58,10.0,0.996551724137931,0,2,20260407,0.030104859907573923,20260306,-0.03496015667654036,-0.04671496030342137,-0.08956792179336082,-0.12491795640987635,578,0,2,0,0,20260225,20260320,18,F3_order_lte_3pct_ref_amount_A_tail_capital_100000,F,0.005054761923998095,0.014991700137198537,0.03964727664360267,0,0,2939.7413793103447,2872,10.0,F3_order_lte_3pct_ref_amount,A_tail,100000,0.03
10bp_slippage_plus_impact_participation_10pct_partial_zero,10bp_one_way_slippage_plus_impact_cost_plus_participation_cap_plus_partial_zero_fill,100000.0,0.1,10,True,True,True,True,True,-0.01418841451966324,-0.00015890512825346485,0.43350604490500866,0.43103448275862066,-0.07541286750846843,0.9828315617840631,0.5274665946821433,580,58,10.0,0.9979979310344828,1,1,20260407,0.030104859907573923,20260306,-0.03496015667654036,-0.042998801530954256,-0.08601881526878918,-0.12150665372757452,578,1,1,0,0,20260225,20260320,18,F3_order_lte_3pct_ref_amount_A_tail_capital_100000,F,0.005062371943744036,0.015154939843325005,0.043954333911475366,0,0,2939.7413793103447,2872,10.0,F3_order_lte_3pct_ref_amount,A_tail,100000,0.03
5bp_one_way_slippage,5bp_one_way_slippage,,,5,True,False,False,False,False,0.0563104482106116,0.0010326747876184769,0.44655172413793104,0.5172413793103449,-0.06142807961348873,1.119888709620435,0.5274665946821433,580,58,10.0,1.0,0,0,20260407,0.03133403000173749,20260306,-0.03382598351049495,0.02421758371420335,-0.024056056257852454,-0.06417169996848882,580,0,0,0,0,20260305,20260320,12,F3_order_lte_3pct_ref_amount_B_tail_and_past20_exit_proxy_capital_100000,F,0.0,0.0,0.0,0,0,2939.7413793103447,2872,10.0,F3_order_lte_3pct_ref_amount,B_tail_and_past20_exit_proxy,100000,0.03
10bp_one_way_slippage,10bp_one_way_slippage,,,10,True,False,False,False,False,-0.003227249600176618,3.1890807274591157e-05,0.4362068965517241,0.46551724137931033,-0.07266548976260367,1.003480207336016,0.5274665946821433,580,58,10.0,1.0,0,0,20260407,0.03030295219418422,20260306,-0.03479191749275214,-0.03254402185585592,-0.07629633670246394,-0.11249098218166709,580,0,0,0,0,20260226,20260320,17,F3_order_lte_3pct_ref_amount_B_tail_and_past20_exit_proxy_capital_100000,F,0.0,0.0,0.0,0,0,2939.7413793103447,2872,10.0,F3_order_lte_3pct_ref_amount,B_tail_and_past20_exit_proxy,100000,0.03
15bp_one_way_slippage,15bp_one_way_slippage,,,15,True,False,False,False,False,-0.05940925689216536,-0.0009678941374014937,0.4241379310344828,0.41379310344827586,-0.08774790238071883,0.9004784480888323,0.5274665946821433,580,58,10.0,1.0,0,0,20260407,0.02927290366320434,20260306,-0.03575688722845871,-0.08616000697166704,-0.12574037411085848,-0.15831547943665913,580,0,0,0,0,20260225,20260320,18,F3_order_lte_3pct_ref_amount_B_tail_and_past20_exit_proxy_capital_100000,F,0.0,0.0,0.0,0,0,2939.7413793103447,2872,10.0,F3_order_lte_3pct_ref_amount,B_tail_and_past20_exit_proxy,100000,0.03
20bp_one_way_slippage,20bp_one_way_slippage,,,20,True,False,False,False,False,-0.11242472974811923,-0.001966681541598857,0.41206896551724137,0.3793103448275862,-0.13245101003646953,0.8090038424362932,0.5274665946821433,580,58,10.0,1.0,0,0,20260407,0.028243882868349245,20260306,-0.036720894160737136,-0.13680471623528145,-0.17253786069097876,-0.20177401831187802,580,0,0,0,0,20260225,20260519,56,F3_order_lte_3pct_ref_amount_B_tail_and_past20_exit_proxy_capital_100000,F,0.0,0.0,0.0,0,0,2939.7413793103447,2872,10.0,F3_order_lte_3pct_ref_amount,B_tail_and_past20_exit_proxy,100000,0.03
10bp_slippage_plus_impact,10bp_one_way_slippage_plus_impact_cost,100000.0,,10,True,True,False,False,False,-0.013778899874267725,-0.00015167944032404588,0.43275862068965515,0.4482758620689655,-0.07516067028871343,0.9836220614972012,0.5274665946821433,580,58,10.0,1.0,0,0,20260407,0.030104859907573923,20260306,-0.03496015667654036,-0.042601254969109714,-0.08563913959214298,-0.12114172000547108,580,0,0,0,0,20260226,20260320,17,F3_order_lte_3pct_ref_amount_B_tail_and_past20_exit_proxy_capital_100000,F,0.005080519027543372,0.015271386012349815,0.043954333911475366,0,0,2939.7413793103447,2872,10.0,F3_order_lte_3pct_ref_amount,B_tail_and_past20_exit_proxy,100000,0.03
10bp_slippage_plus_impact_participation_1pct_no_partial,10bp_one_way_slippage_plus_impact_cost_plus_participation_cap,100000.0,0.01,10,True,True,False,True,True,-0.07326698980241908,-0.001238743582664931,0.38924731182795697,0.3620689655172414,-0.09345643409274151,0.8552967268831437,0.5274665946821433,580,58,10.0,0.8017241379310345,0,115,20260407,0.02705975544264223,20260320,-0.033128116696921006,-0.0976834548461325,-0.13683888577237113,-0.16908175613312448,465,0,115,0,0,20260224,20260519,57,F3_order_lte_3pct_ref_amount_B_tail_and_past20_exit_proxy_capital_100000,F,0.0025655873200986857,0.007835804111473827,0.009656614469451066,0,0,2939.7413793103447,2872,10.0,F3_order_lte_3pct_ref_amount,B_tail_and_past20_exit_proxy,100000,0.03
10bp_slippage_plus_impact_participation_1pct_partial_zero,10bp_one_way_slippage_plus_impact_cost_plus_participation_cap_plus_partial_zero_fill,100000.0,0.01,10,True,True,True,True,True,-0.045112751896529524,-0.0007141507618059864,0.43350604490500866,0.41379310344827586,-0.07899589623455205,0.9211328155879448,0.5274665946821433,580,58,10.0,0.9230832982520665,114,1,20260407,0.028645311837033366,20260306,-0.03464114134899665,-0.07170407805761536,-0.112984764319629,-0.14657915002776045,465,114,1,0,0,20260225,20260320,18,F3_order_lte_3pct_ref_amount_B_tail_and_past20_exit_proxy_capital_100000,F,0.005062371943744036,0.01,0.010000000000000002,0,0,2939.7413793103447,2872,10.0,F3_order_lte_3pct_ref_amount,B_tail_and_past20_exit_proxy,100000,0.03
10bp_slippage_plus_impact_participation_3pct_no_partial,10bp_one_way_slippage_plus_impact_cost_plus_participation_cap,100000.0,0.03,10,True,True,False,True,True,-0.027541938200038252,-0.00039446648154718825,0.4265486725663717,0.41379310344827586,-0.07969435357430332,0.9572251078196579,0.5274665946821433,580,58,10.0,0.9741379310344828,0,15,20260407,0.030104859907573923,20260306,-0.03496015667654036,-0.055962067893538636,-0.09839934474672118,-0.13340647502738656,565,0,15,0,0,20260225,20260320,18,F3_order_lte_3pct_ref_amount_B_tail_and_past20_exit_proxy_capital_100000,F,0.004742381996812881,0.013889503020319539,0.02564047384846562,0,0,2939.7413793103447,2872,10.0,F3_order_lte_3pct_ref_amount,B_tail_and_past20_exit_proxy,100000,0.03
10bp_slippage_plus_impact_participation_3pct_partial_zero,10bp_one_way_slippage_plus_impact_cost_plus_participation_cap_plus_partial_zero_fill,100000.0,0.03,10,True,True,True,True,True,-0.02068418701849506,-0.0002729678900764128,0.43350604490500866,0.43103448275862066,-0.07823476023841602,0.9704858307193956,0.5274665946821433,580,58,10.0,0.9912193447006765,14,1,20260407,0.030104859907573923,20260306,-0.03496015667654036,-0.04930473479236486,-0.0920412783151473,-0.12729527804805463,565,14,1,0,0,20260225,20260320,18,F3_order_lte_3pct_ref_amount_B_tail_and_past20_exit_proxy_capital_100000,F,0.005062371943744036,0.015154939843325005,0.03,0,0,2939.7413793103447,2872,10.0,F3_order_lte_3pct_ref_amount,B_tail_and_past20_exit_proxy,100000,0.03
10bp_slippage_plus_impact_participation_5pct_no_partial,10bp_one_way_slippage_plus_impact_cost_plus_participation_cap,100000.0,0.05,10,True,True,False,True,True,-0.023405293906672675,-0.00032068909764680815,0.43130434782608695,0.43103448275862066,-0.0800142628352819,0.9653406987049671,0.5274665946821433,580,58,10.0,0.9913793103448276,0,5,20260407,0.030104859907573923,20260306,-0.03496015667654036,-0.05194631721186882,-0.09456411384890262,-0.12972015753919575,575,0,5,0,0,20260225,20260320,18,F3_order_lte_3pct_ref_amount_B_tail_and_past20_exit_proxy_capital_100000,F,0.005007564470669934,0.01466523024045569,0.03357026315351562,0,0,2939.7413793103447,2872,10.0,F3_order_lte_3pct_ref_amount,B_tail_and_past20_exit_proxy,100000,0.03
10bp_slippage_plus_impact_participation_5pct_partial_zero,10bp_one_way_slippage_plus_impact_cost_plus_participation_cap_plus_partial_zero_fill,100000.0,0.05,10,True,True,True,True,True,-0.01751644347265835,-0.00021729886301442267,0.43350604490500866,0.43103448275862066,-0.0772477922992062,0.9765211192695343,0.5274665946821433,580,58,10.0,0.9963192672413793,4,1,20260407,0.030104859907573923,20260306,-0.03496015667654036,-0.0462295686911961,-0.08910434995927163,-0.12447238402986438,575,4,1,0,0,20260225,20260320,18,F3_order_lte_3pct_ref_amount_B_tail_and_past20_exit_proxy_capital_100000,F,0.005062371943744036,0.015154939843325005,0.043954333911475366,0,0,2939.7413793103447,2872,10.0,F3_order_lte_3pct_ref_amount,B_tail_and_past20_exit_proxy,100000,0.03
10bp_slippage_plus_impact_participation_10pct_no_partial,10bp_one_way_slippage_plus_impact_cost_plus_participation_cap,100000.0,0.1,10,True,True,False,True,True,-0.018016447731370122,-0.00022583736529826863,0.43252595155709345,0.43103448275862066,-0.07900315829265459,0.9756000646701045,0.5274665946821433,580,58,10.0,0.996551724137931,0,2,20260407,0.030104859907573923,20260306,-0.03496015667654036,-0.04671496030342137,-0.08956792179336082,-0.12491795640987635,578,0,2,0,0,20260225,20260320,18,F3_order_lte_3pct_ref_amount_B_tail_and_past20_exit_proxy_capital_100000,F,0.005054761923998095,0.014991700137198537,0.03964727664360267,0,0,2939.7413793103447,2872,10.0,F3_order_lte_3pct_ref_amount,B_tail_and_past20_exit_proxy,100000,0.03
10bp_slippage_plus_impact_participation_10pct_partial_zero,10bp_one_way_slippage_plus_impact_cost_plus_participation_cap_plus_partial_zero_fill,100000.0,0.1,10,True,True,True,True,True,-0.01418841451966324,-0.00015890512825346485,0.43350604490500866,0.43103448275862066,-0.07541286750846843,0.9828315617840631,0.5274665946821433,580,58,10.0,0.9979979310344828,1,1,20260407,0.030104859907573923,20260306,-0.03496015667654036,-0.042998801530954256,-0.08601881526878918,-0.12150665372757452,578,1,1,0,0,20260225,20260320,18,F3_order_lte_3pct_ref_amount_B_tail_and_past20_exit_proxy_capital_100000,F,0.005062371943744036,0.015154939843325005,0.043954333911475366,0,0,2939.7413793103447,2872,10.0,F3_order_lte_3pct_ref_amount,B_tail_and_past20_exit_proxy,100000,0.03
5bp_one_way_slippage,5bp_one_way_slippage,,,5,True,False,False,False,False,0.04719432528399459,0.000882208339340955,0.44482758620689655,0.5172413793103449,-0.06142807961348884,1.1023260101720942,0.5242640916015529,580,58,10.0,1.0,0,0,20260407,0.03133403000173749,20260306,-0.03382598351049495,0.01537842718350979,-0.03247860379178169,-0.07224804327811496,580,0,0,0,0,20260305,20260320,12,F4_order_lte_1pct_ref_amount_A_tail_capital_100000,F,0.0,0.0,0.0,3,0,2939.689655172414,2872,10.0,F4_order_lte_1pct_ref_amount,A_tail,100000,0.01
10bp_one_way_slippage,10bp_one_way_slippage,,,10,True,False,False,False,False,-0.011829552964626844,-0.00011842521193621966,0.43448275862068964,0.46551724137931033,-0.07266548976260334,0.9870899867454144,0.5242640916015529,580,58,10.0,1.0,0,0,20260407,0.03030295219418422,20260306,-0.03479191749275214,-0.040893316930795676,-0.0842680425174076,-0.12015032259491265,580,0,0,0,0,20260226,20260320,17,F4_order_lte_1pct_ref_amount_A_tail_capital_100000,F,0.0,0.0,0.0,3,0,2939.689655172414,2872,10.0,F4_order_lte_1pct_ref_amount,A_tail,100000,0.01
15bp_one_way_slippage,15bp_one_way_slippage,,,15,True,False,False,False,False,-0.06752670082385681,-0.00111805987771187,0.4224137931034483,0.41379310344827586,-0.08774790238071917,0.8851721598644039,0.5242640916015529,580,58,10.0,1.0,0,0,20260407,0.02927290366320434,20260306,-0.03575688722845871,-0.09404658778303487,-0.13328537021771802,-0.16557934733447655,580,0,0,0,0,20260225,20260320,18,F4_order_lte_1pct_ref_amount_A_tail_capital_100000,F,0.0,0.0,0.0,3,0,2939.689655172414,2872,10.0,F4_order_lte_1pct_ref_amount,A_tail,100000,0.01
20bp_one_way_slippage,20bp_one_way_slippage,,,20,True,False,False,False,False,-0.12008464193013635,-0.0021166971529503298,0.4103448275862069,0.3793103448275862,-0.13562176638135437,0.7946956446437382,0.5242640916015529,580,58,10.0,1.0,0,0,20260407,0.028243882868349245,20260306,-0.036720894160737136,-0.14425422535431465,-0.1796789872336918,-0.20866283228187632,580,0,0,0,0,20260225,20260519,56,F4_order_lte_1pct_ref_amount_A_tail_capital_100000,F,0.0,0.0,0.0,3,0,2939.689655172414,2872,10.0,F4_order_lte_1pct_ref_amount,A_tail,100000,0.01
10bp_slippage_plus_impact,10bp_one_way_slippage_plus_impact_cost,100000.0,,10,True,True,False,False,False,-0.02227262921630757,-0.0003016473136802316,0.43103448275862066,0.4482758620689655,-0.07516067028871343,0.9674645561151224,0.5242640916015529,580,58,10.0,1.0,0,0,20260407,0.030104859907573923,20260306,-0.03496015667654036,-0.05084675469697464,-0.09351397989749599,-0.1287107979326546,580,0,0,0,0,20260226,20260320,17,F4_order_lte_1pct_ref_amount_A_tail_capital_100000,F,0.005080519027543372,0.014991700137198537,0.03964727664360267,3,0,2939.689655172414,2872,10.0,F4_order_lte_1pct_ref_amount,A_tail,100000,0.01
10bp_slippage_plus_impact_participation_1pct_no_partial,10bp_one_way_slippage_plus_impact_cost_plus_participation_cap,100000.0,0.01,10,True,True,False,True,True,-0.07236471063880867,-0.0012219678638650644,0.3905579399141631,0.3793103448275862,-0.09257381163144729,0.8572563749113552,0.5242640916015529,580,58,10.0,0.803448275862069,0,114,20260407,0.02705975544264223,20260320,-0.033128116696921006,-0.09680494786654426,-0.13599850102332645,-0.1682727634568576,466,0,114,0,0,20260224,20260519,57,F4_order_lte_1pct_ref_amount_A_tail_capital_100000,F,0.0025967213887630918,0.007856599865565347,0.009656614469451066,3,0,2939.689655172414,2872,10.0,F4_order_lte_1pct_ref_amount,A_tail,100000,0.01
10bp_slippage_plus_impact_participation_1pct_partial_zero,10bp_one_way_slippage_plus_impact_cost_plus_participation_cap_plus_partial_zero_fill,100000.0,0.01,10,True,True,True,True,True,-0.04709507270436586,-0.0007501112334756049,0.4317789291882556,0.41379310344827586,-0.07899589623455183,0.9172287682877527,0.5242640916015529,580,58,10.0,0.9250840287094763,113,1,20260407,0.028645311837033366,20260306,-0.03464114134899665,-0.07363119597185197,-0.11482618461511329,-0.1483508292622473,466,113,1,0,0,20260225,20260320,18,F4_order_lte_1pct_ref_amount_A_tail_capital_100000,F,0.005062371943744036,0.01,0.010000000000000002,3,0,2939.689655172414,2872,10.0,F4_order_lte_1pct_ref_amount,A_tail,100000,0.01
10bp_slippage_plus_impact_participation_3pct_no_partial,10bp_one_way_slippage_plus_impact_cost_plus_participation_cap,100000.0,0.03,10,True,True,False,True,True,-0.03166166474529564,-0.00046812048501460415,0.42579505300353354,0.41379310344827586,-0.07969435357430354,0.9492940182832156,0.5242640916015529,580,58,10.0,0.9758620689655172,0,14,20260407,0.030104859907573923,20260306,-0.03496015667654036,-0.05996139524903421,-0.10221889059509714,-0.1370777164814082,566,0,14,0,0,20260225,20260320,18,F4_order_lte_1pct_ref_amount_A_tail_capital_100000,F,0.004752161129942563,0.013863032753630019,0.02564047384846562,3,0,2939.689655172414,2872,10.0,F4_order_lte_1pct_ref_amount,A_tail,100000,0.01
10bp_slippage_plus_impact_participation_3pct_partial_zero,10bp_one_way_slippage_plus_impact_cost_plus_participation_cap_plus_partial_zero_fill,100000.0,0.03,10,True,True,True,True,True,-0.02659640408966024,-0.00037794371134026186,0.4317789291882556,0.43103448275862066,-0.07823476023841602,0.9591802596167599,0.5242640916015529,580,58,10.0,0.9922384050455041,13,1,20260407,0.030104859907573923,20260306,-0.03496015667654036,-0.055044167059188354,-0.09752270624993775,-0.13256387443628437,566,13,1,0,0,20260225,20260320,18,F4_order_lte_1pct_ref_amount_A_tail_capital_100000,F,0.005062371943744036,0.01476175899277147,0.03,3,0,2939.689655172414,2872,10.0,F4_order_lte_1pct_ref_amount,A_tail,100000,0.01
10bp_slippage_plus_impact_participation_5pct_no_partial,10bp_one_way_slippage_plus_impact_cost_plus_participation_cap,100000.0,0.05,10,True,True,False,True,True,-0.02754245497495056,-0.00039434310111422427,0.4305555555555556,0.43103448275862066,-0.08001426283528179,0.9574270083314155,0.5242640916015529,580,58,10.0,0.993103448275862,0,4,20260407,0.030104859907573923,20260306,-0.03496015667654036,-0.055962569565681464,-0.0983998238672279,-0.13340693554471972,576,0,4,0,0,20260225,20260320,18,F4_order_lte_1pct_ref_amount_A_tail_capital_100000,F,0.005033808678629133,0.014577892772917543,0.03357026315351562,3,0,2939.689655172414,2872,10.0,F4_order_lte_1pct_ref_amount,A_tail,100000,0.01
10bp_slippage_plus_impact_participation_5pct_partial_zero,10bp_one_way_slippage_plus_impact_cost_plus_participation_cap_plus_partial_zero_fill,100000.0,0.05,10,True,True,True,True,True,-0.0246181975248434,-0.0003430581235983408,0.4317789291882556,0.43103448275862066,-0.0772477922992062,0.962973549168514,0.5242640916015529,580,58,10.0,0.996868275862069,3,1,20260407,0.030104859907573923,20260306,-0.03496015667654036,-0.05312377366836951,-0.09568864018053413,-0.13080102103677094,576,3,1,0,0,20260225,20260320,18,F4_order_lte_1pct_ref_amount_A_tail_capital_100000,F,0.005062371943744036,0.01476175899277147,0.03964727664360267,3,0,2939.689655172414,2872,10.0,F4_order_lte_1pct_ref_amount,A_tail,100000,0.01
10bp_slippage_plus_impact_participation_10pct_no_partial,10bp_one_way_slippage_plus_impact_cost_plus_participation_cap,100000.0,0.1,10,True,True,False,True,True,-0.026473681621662304,-0.00037580523865445476,0.43079584775086505,0.43103448275862066,-0.07900315829265447,0.9594416594626934,0.5242640916015529,580,58,10.0,0.996551724137931,0,2,20260407,0.030104859907573923,20260306,-0.03496015667654036,-0.05492503116072378,-0.09740892585990568,-0.132454511883478,578,0,2,0,0,20260225,20260320,18,F4_order_lte_1pct_ref_amount_A_tail_capital_100000,F,0.005054761923998095,0.014724554439467767,0.03717934413592137,3,0,2939.689655172414,2872,10.0,F4_order_lte_1pct_ref_amount,A_tail,100000,0.01
10bp_slippage_plus_impact_participation_10pct_partial_zero,10bp_one_way_slippage_plus_impact_cost_plus_participation_cap_plus_partial_zero_fill,100000.0,0.1,10,True,True,True,True,True,-0.022678616958294318,-0.00030887300160965055,0.4317789291882556,0.43103448275862066,-0.07541286750846787,0.9666652428079032,0.5242640916015529,580,58,10.0,0.9979979310344828,1,1,20260407,0.030104859907573923,20260306,-0.03496015667654036,-0.0512408774293176,-0.09389038565582986,-0.12907258870003557,578,1,1,0,0,20260225,20260320,18,F4_order_lte_1pct_ref_amount_A_tail_capital_100000,F,0.005062371943744036,0.01476175899277147,0.03964727664360267,3,0,2939.689655172414,2872,10.0,F4_order_lte_1pct_ref_amount,A_tail,100000,0.01
5bp_one_way_slippage,5bp_one_way_slippage,,,5,True,False,False,False,False,0.04719432528399459,0.000882208339340955,0.44482758620689655,0.5172413793103449,-0.06142807961348884,1.1023260101720942,0.5242640916015529,580,58,10.0,1.0,0,0,20260407,0.03133403000173749,20260306,-0.03382598351049495,0.01537842718350979,-0.03247860379178169,-0.07224804327811496,580,0,0,0,0,20260305,20260320,12,F4_order_lte_1pct_ref_amount_B_tail_and_past20_exit_proxy_capital_100000,F,0.0,0.0,0.0,3,0,2939.689655172414,2872,10.0,F4_order_lte_1pct_ref_amount,B_tail_and_past20_exit_proxy,100000,0.01
10bp_one_way_slippage,10bp_one_way_slippage,,,10,True,False,False,False,False,-0.011829552964626844,-0.00011842521193621966,0.43448275862068964,0.46551724137931033,-0.07266548976260334,0.9870899867454144,0.5242640916015529,580,58,10.0,1.0,0,0,20260407,0.03030295219418422,20260306,-0.03479191749275214,-0.040893316930795676,-0.0842680425174076,-0.12015032259491265,580,0,0,0,0,20260226,20260320,17,F4_order_lte_1pct_ref_amount_B_tail_and_past20_exit_proxy_capital_100000,F,0.0,0.0,0.0,3,0,2939.689655172414,2872,10.0,F4_order_lte_1pct_ref_amount,B_tail_and_past20_exit_proxy,100000,0.01
15bp_one_way_slippage,15bp_one_way_slippage,,,15,True,False,False,False,False,-0.06752670082385681,-0.00111805987771187,0.4224137931034483,0.41379310344827586,-0.08774790238071917,0.8851721598644039,0.5242640916015529,580,58,10.0,1.0,0,0,20260407,0.02927290366320434,20260306,-0.03575688722845871,-0.09404658778303487,-0.13328537021771802,-0.16557934733447655,580,0,0,0,0,20260225,20260320,18,F4_order_lte_1pct_ref_amount_B_tail_and_past20_exit_proxy_capital_100000,F,0.0,0.0,0.0,3,0,2939.689655172414,2872,10.0,F4_order_lte_1pct_ref_amount,B_tail_and_past20_exit_proxy,100000,0.01
20bp_one_way_slippage,20bp_one_way_slippage,,,20,True,False,False,False,False,-0.12008464193013635,-0.0021166971529503298,0.4103448275862069,0.3793103448275862,-0.13562176638135437,0.7946956446437382,0.5242640916015529,580,58,10.0,1.0,0,0,20260407,0.028243882868349245,20260306,-0.036720894160737136,-0.14425422535431465,-0.1796789872336918,-0.20866283228187632,580,0,0,0,0,20260225,20260519,56,F4_order_lte_1pct_ref_amount_B_tail_and_past20_exit_proxy_capital_100000,F,0.0,0.0,0.0,3,0,2939.689655172414,2872,10.0,F4_order_lte_1pct_ref_amount,B_tail_and_past20_exit_proxy,100000,0.01
10bp_slippage_plus_impact,10bp_one_way_slippage_plus_impact_cost,100000.0,,10,True,True,False,False,False,-0.02227262921630757,-0.0003016473136802316,0.43103448275862066,0.4482758620689655,-0.07516067028871343,0.9674645561151224,0.5242640916015529,580,58,10.0,1.0,0,0,20260407,0.030104859907573923,20260306,-0.03496015667654036,-0.05084675469697464,-0.09351397989749599,-0.1287107979326546,580,0,0,0,0,20260226,20260320,17,F4_order_lte_1pct_ref_amount_B_tail_and_past20_exit_proxy_capital_100000,F,0.005080519027543372,0.014991700137198537,0.03964727664360267,3,0,2939.689655172414,2872,10.0,F4_order_lte_1pct_ref_amount,B_tail_and_past20_exit_proxy,100000,0.01
10bp_slippage_plus_impact_participation_1pct_no_partial,10bp_one_way_slippage_plus_impact_cost_plus_participation_cap,100000.0,0.01,10,True,True,False,True,True,-0.07236471063880867,-0.0012219678638650644,0.3905579399141631,0.3793103448275862,-0.09257381163144729,0.8572563749113552,0.5242640916015529,580,58,10.0,0.803448275862069,0,114,20260407,0.02705975544264223,20260320,-0.033128116696921006,-0.09680494786654426,-0.13599850102332645,-0.1682727634568576,466,0,114,0,0,20260224,20260519,57,F4_order_lte_1pct_ref_amount_B_tail_and_past20_exit_proxy_capital_100000,F,0.0025967213887630918,0.007856599865565347,0.009656614469451066,3,0,2939.689655172414,2872,10.0,F4_order_lte_1pct_ref_amount,B_tail_and_past20_exit_proxy,100000,0.01
10bp_slippage_plus_impact_participation_1pct_partial_zero,10bp_one_way_slippage_plus_impact_cost_plus_participation_cap_plus_partial_zero_fill,100000.0,0.01,10,True,True,True,True,True,-0.04709507270436586,-0.0007501112334756049,0.4317789291882556,0.41379310344827586,-0.07899589623455183,0.9172287682877527,0.5242640916015529,580,58,10.0,0.9250840287094763,113,1,20260407,0.028645311837033366,20260306,-0.03464114134899665,-0.07363119597185197,-0.11482618461511329,-0.1483508292622473,466,113,1,0,0,20260225,20260320,18,F4_order_lte_1pct_ref_amount_B_tail_and_past20_exit_proxy_capital_100000,F,0.005062371943744036,0.01,0.010000000000000002,3,0,2939.689655172414,2872,10.0,F4_order_lte_1pct_ref_amount,B_tail_and_past20_exit_proxy,100000,0.01
10bp_slippage_plus_impact_participation_3pct_no_partial,10bp_one_way_slippage_plus_impact_cost_plus_participation_cap,100000.0,0.03,10,True,True,False,True,True,-0.03166166474529564,-0.00046812048501460415,0.42579505300353354,0.41379310344827586,-0.07969435357430354,0.9492940182832156,0.5242640916015529,580,58,10.0,0.9758620689655172,0,14,20260407,0.030104859907573923,20260306,-0.03496015667654036,-0.05996139524903421,-0.10221889059509714,-0.1370777164814082,566,0,14,0,0,20260225,20260320,18,F4_order_lte_1pct_ref_amount_B_tail_and_past20_exit_proxy_capital_100000,F,0.004752161129942563,0.013863032753630019,0.02564047384846562,3,0,2939.689655172414,2872,10.0,F4_order_lte_1pct_ref_amount,B_tail_and_past20_exit_proxy,100000,0.01
10bp_slippage_plus_impact_participation_3pct_partial_zero,10bp_one_way_slippage_plus_impact_cost_plus_participation_cap_plus_partial_zero_fill,100000.0,0.03,10,True,True,True,True,True,-0.02659640408966024,-0.00037794371134026186,0.4317789291882556,0.43103448275862066,-0.07823476023841602,0.9591802596167599,0.5242640916015529,580,58,10.0,0.9922384050455041,13,1,20260407,0.030104859907573923,20260306,-0.03496015667654036,-0.055044167059188354,-0.09752270624993775,-0.13256387443628437,566,13,1,0,0,20260225,20260320,18,F4_order_lte_1pct_ref_amount_B_tail_and_past20_exit_proxy_capital_100000,F,0.005062371943744036,0.01476175899277147,0.03,3,0,2939.689655172414,2872,10.0,F4_order_lte_1pct_ref_amount,B_tail_and_past20_exit_proxy,100000,0.01
10bp_slippage_plus_impact_participation_5pct_no_partial,10bp_one_way_slippage_plus_impact_cost_plus_participation_cap,100000.0,0.05,10,True,True,False,True,True,-0.02754245497495056,-0.00039434310111422427,0.4305555555555556,0.43103448275862066,-0.08001426283528179,0.9574270083314155,0.5242640916015529,580,58,10.0,0.993103448275862,0,4,20260407,0.030104859907573923,20260306,-0.03496015667654036,-0.055962569565681464,-0.0983998238672279,-0.13340693554471972,576,0,4,0,0,20260225,20260320,18,F4_order_lte_1pct_ref_amount_B_tail_and_past20_exit_proxy_capital_100000,F,0.005033808678629133,0.014577892772917543,0.03357026315351562,3,0,2939.689655172414,2872,10.0,F4_order_lte_1pct_ref_amount,B_tail_and_past20_exit_proxy,100000,0.01
10bp_slippage_plus_impact_participation_5pct_partial_zero,10bp_one_way_slippage_plus_impact_cost_plus_participation_cap_plus_partial_zero_fill,100000.0,0.05,10,True,True,True,True,True,-0.0246181975248434,-0.0003430581235983408,0.4317789291882556,0.43103448275862066,-0.0772477922992062,0.962973549168514,0.5242640916015529,580,58,10.0,0.996868275862069,3,1,20260407,0.030104859907573923,20260306,-0.03496015667654036,-0.05312377366836951,-0.09568864018053413,-0.13080102103677094,576,3,1,0,0,20260225,20260320,18,F4_order_lte_1pct_ref_amount_B_tail_and_past20_exit_proxy_capital_100000,F,0.005062371943744036,0.01476175899277147,0.03964727664360267,3,0,2939.689655172414,2872,10.0,F4_order_lte_1pct_ref_amount,B_tail_and_past20_exit_proxy,100000,0.01
10bp_slippage_plus_impact_participation_10pct_no_partial,10bp_one_way_slippage_plus_impact_cost_plus_participation_cap,100000.0,0.1,10,True,True,False,True,True,-0.026473681621662304,-0.00037580523865445476,0.43079584775086505,0.43103448275862066,-0.07900315829265447,0.9594416594626934,0.5242640916015529,580,58,10.0,0.996551724137931,0,2,20260407,0.030104859907573923,20260306,-0.03496015667654036,-0.05492503116072378,-0.09740892585990568,-0.132454511883478,578,0,2,0,0,20260225,20260320,18,F4_order_lte_1pct_ref_amount_B_tail_and_past20_exit_proxy_capital_100000,F,0.005054761923998095,0.014724554439467767,0.03717934413592137,3,0,2939.689655172414,2872,10.0,F4_order_lte_1pct_ref_amount,B_tail_and_past20_exit_proxy,100000,0.01
10bp_slippage_plus_impact_participation_10pct_partial_zero,10bp_one_way_slippage_plus_impact_cost_plus_participation_cap_plus_partial_zero_fill,100000.0,0.1,10,True,True,True,True,True,-0.022678616958294318,-0.00030887300160965055,0.4317789291882556,0.43103448275862066,-0.07541286750846787,0.9666652428079032,0.5242640916015529,580,58,10.0,0.9979979310344828,1,1,20260407,0.030104859907573923,20260306,-0.03496015667654036,-0.0512408774293176,-0.09389038565582986,-0.12907258870003557,578,1,1,0,0,20260225,20260320,18,F4_order_lte_1pct_ref_amount_B_tail_and_past20_exit_proxy_capital_100000,F,0.005062371943744036,0.01476175899277147,0.03964727664360267,3,0,2939.689655172414,2872,10.0,F4_order_lte_1pct_ref_amount,B_tail_and_past20_exit_proxy,100000,0.01
5bp_one_way_slippage,5bp_one_way_slippage,,,5,True,False,False,False,False,0.0563104482106116,0.0010326747876184769,0.44655172413793104,0.5172413793103449,-0.06142807961348873,1.119888709620435,0.5274665946821433,580,58,10.0,1.0,0,0,20260407,0.03133403000173749,20260306,-0.03382598351049495,0.02421758371420335,-0.024056056257852454,-0.06417169996848882,580,0,0,0,0,20260305,20260320,12,F0_no_capacity_filter_none_capital_300000,F,0.0,0.0,0.0,0,0,2939.7413793103447,2872,10.0,F0_no_capacity_filter,none,300000,
10bp_one_way_slippage,10bp_one_way_slippage,,,10,True,False,False,False,False,-0.003227249600176618,3.1890807274591157e-05,0.4362068965517241,0.46551724137931033,-0.07266548976260367,1.003480207336016,0.5274665946821433,580,58,10.0,1.0,0,0,20260407,0.03030295219418422,20260306,-0.03479191749275214,-0.03254402185585592,-0.07629633670246394,-0.11249098218166709,580,0,0,0,0,20260226,20260320,17,F0_no_capacity_filter_none_capital_300000,F,0.0,0.0,0.0,0,0,2939.7413793103447,2872,10.0,F0_no_capacity_filter,none,300000,
15bp_one_way_slippage,15bp_one_way_slippage,,,15,True,False,False,False,False,-0.05940925689216536,-0.0009678941374014937,0.4241379310344828,0.41379310344827586,-0.08774790238071883,0.9004784480888323,0.5274665946821433,580,58,10.0,1.0,0,0,20260407,0.02927290366320434,20260306,-0.03575688722845871,-0.08616000697166704,-0.12574037411085848,-0.15831547943665913,580,0,0,0,0,20260225,20260320,18,F0_no_capacity_filter_none_capital_300000,F,0.0,0.0,0.0,0,0,2939.7413793103447,2872,10.0,F0_no_capacity_filter,none,300000,
20bp_one_way_slippage,20bp_one_way_slippage,,,20,True,False,False,False,False,-0.11242472974811923,-0.001966681541598857,0.41206896551724137,0.3793103448275862,-0.13245101003646953,0.8090038424362932,0.5274665946821433,580,58,10.0,1.0,0,0,20260407,0.028243882868349245,20260306,-0.036720894160737136,-0.13680471623528145,-0.17253786069097876,-0.20177401831187802,580,0,0,0,0,20260225,20260519,56,F0_no_capacity_filter_none_capital_300000,F,0.0,0.0,0.0,0,0,2939.7413793103447,2872,10.0,F0_no_capacity_filter,none,300000,
10bp_slippage_plus_impact,10bp_one_way_slippage_plus_impact_cost,300000.0,,10,True,True,False,False,False,-0.02143224436451152,-0.00028603618833618246,0.43103448275862066,0.4482758620689655,-0.07698299142961906,0.969351964467001,0.5274665946821433,580,58,10.0,1.0,0,0,20260407,0.029959879096123677,20260306,-0.035083292203650265,-0.04989720910851059,-0.09241848629982585,-0.12742090810721984,580,0,0,0,0,20260226,20260320,17,F0_no_capacity_filter_none_capital_300000,F,0.015241557082630116,0.04581415803704945,0.1318630017344261,0,0,2939.7413793103447,2872,10.0,F0_no_capacity_filter,none,300000,
10bp_slippage_plus_impact_participation_1pct_no_partial,10bp_one_way_slippage_plus_impact_cost_plus_participation_cap,300000.0,0.01,10,True,True,False,True,True,-0.06359964379523386,-0.0011107039875096563,0.38497652582159625,0.3103448275862069,-0.07786848023782589,0.7697413238343733,0.5274665946821433,580,58,10.0,0.36724137931034484,0,367,20260304,0.018803066770653333,20260227,-0.022659814081956442,-0.08088188311710087,-0.10417051013981271,-0.11910400770133589,213,0,367,0,0,20260225,20260519,56,F0_no_capacity_filter_none_capital_300000,F,0.0,0.00603047863107474,0.009683140161814128,0,0,2939.7413793103447,2872,10.0,F0_no_capacity_filter,none,300000,
10bp_slippage_plus_impact_participation_1pct_partial_zero,10bp_one_way_slippage_plus_impact_cost_plus_participation_cap_plus_partial_zero_fill,300000.0,0.01,10,True,True,True,True,True,-0.05967881230514671,-0.0010155292221148465,0.4317789291882556,0.4482758620689655,-0.07890685158429922,0.8589053202665424,0.5274665946821433,580,58,10.0,0.6604418258269924,366,1,20260304,0.01904133648875726,20260320,-0.024174487466897362,-0.07724922039487081,-0.10987563163679515,-0.13779704734248455,213,366,1,0,0,20260224,20260519,57,F0_no_capacity_filter_none_capital_300000,F,0.01,0.01,0.010000000000000002,0,0,2939.7413793103447,2872,10.0,F0_no_capacity_filter,none,300000,
10bp_slippage_plus_impact_participation_3pct_no_partial,10bp_one_way_slippage_plus_impact_cost_plus_participation_cap,300000.0,0.03,10,True,True,False,True,True,-0.07801212274410396,-0.0013271662033722841,0.3870967741935484,0.3620689655172414,-0.09795436038011374,0.8459479941415582,0.5274665946821433,580,58,10.0,0.8017241379310345,0,115,20260407,0.026936270661493778,20260320,-0.03324429398147812,-0.1021956244061728,-0.14099710934728316,-0.1729545882731124,465,0,115,0,0,20260224,20260519,57,F0_no_capacity_filter_none_capital_300000,F,0.007696761960296056,0.02350741233442148,0.028969843408353194,0,0,2939.7413793103447,2872,10.0,F0_no_capacity_filter,none,300000,
10bp_slippage_plus_impact_participation_3pct_partial_zero,10bp_one_way_slippage_plus_impact_cost_plus_participation_cap_plus_partial_zero_fill,300000.0,0.03,10,True,True,True,True,True,-0.05118337200178513,-0.0008240401772384538,0.4317789291882556,0.41379310344827586,-0.08060352971908935,0.9096328808547578,0.5274665946821433,580,58,10.0,0.9230832982520665,114,1,20260407,0.028513781735262866,20260306,-0.0347624186626857,-0.07748768674989126,-0.11833695806536404,-0.15151542128910656,465,114,1,0,0,20260225,20260320,18,F0_no_capacity_filter_none_capital_300000,F,0.015187115831232105,0.03,0.030000000000000002,0,0,2939.7413793103447,2872,10.0,F0_no_capacity_filter,none,300000,
10bp_slippage_plus_impact_participation_5pct_no_partial,10bp_one_way_slippage_plus_impact_cost_plus_participation_cap,300000.0,0.05,10,True,True,False,True,True,-0.06503820605356359,-0.0010779003913303758,0.40227703984819735,0.39655172413793105,-0.0852610644396885,0.8819998945664864,0.5274665946821433,580,58,10.0,0.9086206896551724,0,53,20260407,0.026936270661493778,20260306,-0.035083292203650265,-0.0895620101681801,-0.13030811311859625,-0.1626632547012501,527,0,53,0,0,20260224,20260519,57,F0_no_capacity_filter_none_capital_300000,F,0.011613027830193396,0.030674892239359913,0.04550519500626051,0,0,2939.7413793103447,2872,10.0,F0_no_capacity_filter,none,300000,
10bp_slippage_plus_impact_participation_5pct_partial_zero,10bp_one_way_slippage_plus_impact_cost_plus_participation_cap_plus_partial_zero_fill,300000.0,0.05,10,True,True,True,True,True,-0.037070096829459276,-0.0005653824032978506,0.4317789291882556,0.41379310344827586,-0.08021894757519954,0.9390448070427269,0.5274665946821433,580,58,10.0,0.9692272934766203,52,1,20260407,0.029556225484567135,20260306,-0.035083292203650265,-0.06471363162576993,-0.10657180876635397,-0.14064456986842622,527,52,1,0,0,20260225,20260320,18,F0_no_capacity_filter_none_capital_300000,F,0.015187115831232105,0.04546481952997502,0.05000000000000001,0,0,2939.7413793103447,2872,10.0,F0_no_capacity_filter,none,300000,
10bp_slippage_plus_impact_participation_10pct_no_partial,10bp_one_way_slippage_plus_impact_cost_plus_participation_cap,300000.0,0.1,10,True,True,False,True,True,-0.03521778538212217,-0.0005309716524864326,0.426056338028169,0.41379310344827586,-0.08147395150359371,0.9429324168495912,0.5274665946821433,580,58,10.0,0.9793103448275862,0,12,20260407,0.029959879096123677,20260306,-0.035083292203650265,-0.06328175087309718,-0.10520401097288601,-0.13971333731625835,568,0,12,0,0,20260225,20260320,18,F0_no_capacity_filter_none_capital_300000,F,0.014290212770115522,0.04217499556114999,0.08089118560133134,0,0,2939.7413793103447,2872,10.0,F0_no_capacity_filter,none,300000,
10bp_slippage_plus_impact_participation_10pct_partial_zero,10bp_one_way_slippage_plus_impact_cost_plus_participation_cap_plus_partial_zero_fill,300000.0,0.1,10,True,True,True,True,True,-0.02737710277852734,-0.0003911837313811647,0.4317789291882556,0.43103448275862066,-0.07990912319917742,0.9580376590171048,0.5274665946821433,580,58,10.0,0.9928247825860953,11,1,20260407,0.029959879096123677,20260306,-0.035083292203650265,-0.05566914113680699,-0.09793209899251232,-0.132721878966375,568,11,1,0,0,20260225,20260320,18,F0_no_capacity_filter_none_capital_300000,F,0.015187115831232105,0.04546481952997502,0.1,0,0,2939.7413793103447,2872,10.0,F0_no_capacity_filter,none,300000,
5bp_one_way_slippage,5bp_one_way_slippage,,,5,True,False,False,False,False,0.0563104482106116,0.0010326747876184769,0.44655172413793104,0.5172413793103449,-0.06142807961348873,1.119888709620435,0.5274665946821433,580,58,10.0,1.0,0,0,20260407,0.03133403000173749,20260306,-0.03382598351049495,0.02421758371420335,-0.024056056257852454,-0.06417169996848882,580,0,0,0,0,20260305,20260320,12,F1_order_lte_10pct_ref_amount_A_tail_capital_300000,F,0.0,0.0,0.0,0,0,2939.7413793103447,2872,10.0,F1_order_lte_10pct_ref_amount,A_tail,300000,0.1
10bp_one_way_slippage,10bp_one_way_slippage,,,10,True,False,False,False,False,-0.003227249600176618,3.1890807274591157e-05,0.4362068965517241,0.46551724137931033,-0.07266548976260367,1.003480207336016,0.5274665946821433,580,58,10.0,1.0,0,0,20260407,0.03030295219418422,20260306,-0.03479191749275214,-0.03254402185585592,-0.07629633670246394,-0.11249098218166709,580,0,0,0,0,20260226,20260320,17,F1_order_lte_10pct_ref_amount_A_tail_capital_300000,F,0.0,0.0,0.0,0,0,2939.7413793103447,2872,10.0,F1_order_lte_10pct_ref_amount,A_tail,300000,0.1
15bp_one_way_slippage,15bp_one_way_slippage,,,15,True,False,False,False,False,-0.05940925689216536,-0.0009678941374014937,0.4241379310344828,0.41379310344827586,-0.08774790238071883,0.9004784480888323,0.5274665946821433,580,58,10.0,1.0,0,0,20260407,0.02927290366320434,20260306,-0.03575688722845871,-0.08616000697166704,-0.12574037411085848,-0.15831547943665913,580,0,0,0,0,20260225,20260320,18,F1_order_lte_10pct_ref_amount_A_tail_capital_300000,F,0.0,0.0,0.0,0,0,2939.7413793103447,2872,10.0,F1_order_lte_10pct_ref_amount,A_tail,300000,0.1
20bp_one_way_slippage,20bp_one_way_slippage,,,20,True,False,False,False,False,-0.11242472974811923,-0.001966681541598857,0.41206896551724137,0.3793103448275862,-0.13245101003646953,0.8090038424362932,0.5274665946821433,580,58,10.0,1.0,0,0,20260407,0.028243882868349245,20260306,-0.036720894160737136,-0.13680471623528145,-0.17253786069097876,-0.20177401831187802,580,0,0,0,0,20260225,20260519,56,F1_order_lte_10pct_ref_amount_A_tail_capital_300000,F,0.0,0.0,0.0,0,0,2939.7413793103447,2872,10.0,F1_order_lte_10pct_ref_amount,A_tail,300000,0.1
10bp_slippage_plus_impact,10bp_one_way_slippage_plus_impact_cost,300000.0,,10,True,True,False,False,False,-0.02143224436451152,-0.00028603618833618246,0.43103448275862066,0.4482758620689655,-0.07698299142961906,0.969351964467001,0.5274665946821433,580,58,10.0,1.0,0,0,20260407,0.029959879096123677,20260306,-0.035083292203650265,-0.04989720910851059,-0.09241848629982585,-0.12742090810721984,580,0,0,0,0,20260226,20260320,17,F1_order_lte_10pct_ref_amount_A_tail_capital_300000,F,0.015241557082630116,0.04581415803704945,0.1318630017344261,0,0,2939.7413793103447,2872,10.0,F1_order_lte_10pct_ref_amount,A_tail,300000,0.1
10bp_slippage_plus_impact_participation_1pct_no_partial,10bp_one_way_slippage_plus_impact_cost_plus_participation_cap,300000.0,0.01,10,True,True,False,True,True,-0.06359964379523386,-0.0011107039875096563,0.38497652582159625,0.3103448275862069,-0.07786848023782589,0.7697413238343733,0.5274665946821433,580,58,10.0,0.36724137931034484,0,367,20260304,0.018803066770653333,20260227,-0.022659814081956442,-0.08088188311710087,-0.10417051013981271,-0.11910400770133589,213,0,367,0,0,20260225,20260519,56,F1_order_lte_10pct_ref_amount_A_tail_capital_300000,F,0.0,0.00603047863107474,0.009683140161814128,0,0,2939.7413793103447,2872,10.0,F1_order_lte_10pct_ref_amount,A_tail,300000,0.1
10bp_slippage_plus_impact_participation_1pct_partial_zero,10bp_one_way_slippage_plus_impact_cost_plus_participation_cap_plus_partial_zero_fill,300000.0,0.01,10,True,True,True,True,True,-0.05967881230514671,-0.0010155292221148465,0.4317789291882556,0.4482758620689655,-0.07890685158429922,0.8589053202665424,0.5274665946821433,580,58,10.0,0.6604418258269924,366,1,20260304,0.01904133648875726,20260320,-0.024174487466897362,-0.07724922039487081,-0.10987563163679515,-0.13779704734248455,213,366,1,0,0,20260224,20260519,57,F1_order_lte_10pct_ref_amount_A_tail_capital_300000,F,0.01,0.01,0.010000000000000002,0,0,2939.7413793103447,2872,10.0,F1_order_lte_10pct_ref_amount,A_tail,300000,0.1
10bp_slippage_plus_impact_participation_3pct_no_partial,10bp_one_way_slippage_plus_impact_cost_plus_participation_cap,300000.0,0.03,10,True,True,False,True,True,-0.07801212274410396,-0.0013271662033722841,0.3870967741935484,0.3620689655172414,-0.09795436038011374,0.8459479941415582,0.5274665946821433,580,58,10.0,0.8017241379310345,0,115,20260407,0.026936270661493778,20260320,-0.03324429398147812,-0.1021956244061728,-0.14099710934728316,-0.1729545882731124,465,0,115,0,0,20260224,20260519,57,F1_order_lte_10pct_ref_amount_A_tail_capital_300000,F,0.007696761960296056,0.02350741233442148,0.028969843408353194,0,0,2939.7413793103447,2872,10.0,F1_order_lte_10pct_ref_amount,A_tail,300000,0.1
10bp_slippage_plus_impact_participation_3pct_partial_zero,10bp_one_way_slippage_plus_impact_cost_plus_participation_cap_plus_partial_zero_fill,300000.0,0.03,10,True,True,True,True,True,-0.05118337200178513,-0.0008240401772384538,0.4317789291882556,0.41379310344827586,-0.08060352971908935,0.9096328808547578,0.5274665946821433,580,58,10.0,0.9230832982520665,114,1,20260407,0.028513781735262866,20260306,-0.0347624186626857,-0.07748768674989126,-0.11833695806536404,-0.15151542128910656,465,114,1,0,0,20260225,20260320,18,F1_order_lte_10pct_ref_amount_A_tail_capital_300000,F,0.015187115831232105,0.03,0.030000000000000002,0,0,2939.7413793103447,2872,10.0,F1_order_lte_10pct_ref_amount,A_tail,300000,0.1
10bp_slippage_plus_impact_participation_5pct_no_partial,10bp_one_way_slippage_plus_impact_cost_plus_participation_cap,300000.0,0.05,10,True,True,False,True,True,-0.06503820605356359,-0.0010779003913303758,0.40227703984819735,0.39655172413793105,-0.0852610644396885,0.8819998945664864,0.5274665946821433,580,58,10.0,0.9086206896551724,0,53,20260407,0.026936270661493778,20260306,-0.035083292203650265,-0.0895620101681801,-0.13030811311859625,-0.1626632547012501,527,0,53,0,0,20260224,20260519,57,F1_order_lte_10pct_ref_amount_A_tail_capital_300000,F,0.011613027830193396,0.030674892239359913,0.04550519500626051,0,0,2939.7413793103447,2872,10.0,F1_order_lte_10pct_ref_amount,A_tail,300000,0.1
10bp_slippage_plus_impact_participation_5pct_partial_zero,10bp_one_way_slippage_plus_impact_cost_plus_participation_cap_plus_partial_zero_fill,300000.0,0.05,10,True,True,True,True,True,-0.037070096829459276,-0.0005653824032978506,0.4317789291882556,0.41379310344827586,-0.08021894757519954,0.9390448070427269,0.5274665946821433,580,58,10.0,0.9692272934766203,52,1,20260407,0.029556225484567135,20260306,-0.035083292203650265,-0.06471363162576993,-0.10657180876635397,-0.14064456986842622,527,52,1,0,0,20260225,20260320,18,F1_order_lte_10pct_ref_amount_A_tail_capital_300000,F,0.015187115831232105,0.04546481952997502,0.05000000000000001,0,0,2939.7413793103447,2872,10.0,F1_order_lte_10pct_ref_amount,A_tail,300000,0.1
10bp_slippage_plus_impact_participation_10pct_no_partial,10bp_one_way_slippage_plus_impact_cost_plus_participation_cap,300000.0,0.1,10,True,True,False,True,True,-0.03521778538212217,-0.0005309716524864326,0.426056338028169,0.41379310344827586,-0.08147395150359371,0.9429324168495912,0.5274665946821433,580,58,10.0,0.9793103448275862,0,12,20260407,0.029959879096123677,20260306,-0.035083292203650265,-0.06328175087309718,-0.10520401097288601,-0.13971333731625835,568,0,12,0,0,20260225,20260320,18,F1_order_lte_10pct_ref_amount_A_tail_capital_300000,F,0.014290212770115522,0.04217499556114999,0.08089118560133134,0,0,2939.7413793103447,2872,10.0,F1_order_lte_10pct_ref_amount,A_tail,300000,0.1
10bp_slippage_plus_impact_participation_10pct_partial_zero,10bp_one_way_slippage_plus_impact_cost_plus_participation_cap_plus_partial_zero_fill,300000.0,0.1,10,True,True,True,True,True,-0.02737710277852734,-0.0003911837313811647,0.4317789291882556,0.43103448275862066,-0.07990912319917742,0.9580376590171048,0.5274665946821433,580,58,10.0,0.9928247825860953,11,1,20260407,0.029959879096123677,20260306,-0.035083292203650265,-0.05566914113680699,-0.09793209899251232,-0.132721878966375,568,11,1,0,0,20260225,20260320,18,F1_order_lte_10pct_ref_amount_A_tail_capital_300000,F,0.015187115831232105,0.04546481952997502,0.1,0,0,2939.7413793103447,2872,10.0,F1_order_lte_10pct_ref_amount,A_tail,300000,0.1
5bp_one_way_slippage,5bp_one_way_slippage,,,5,True,False,False,False,False,0.0563104482106116,0.0010326747876184769,0.44655172413793104,0.5172413793103449,-0.06142807961348873,1.119888709620435,0.5274665946821433,580,58,10.0,1.0,0,0,20260407,0.03133403000173749,20260306,-0.03382598351049495,0.02421758371420335,-0.024056056257852454,-0.06417169996848882,580,0,0,0,0,20260305,20260320,12,F1_order_lte_10pct_ref_amount_B_tail_and_past20_exit_proxy_capital_300000,F,0.0,0.0,0.0,0,0,2939.7413793103447,2872,10.0,F1_order_lte_10pct_ref_amount,B_tail_and_past20_exit_proxy,300000,0.1
10bp_one_way_slippage,10bp_one_way_slippage,,,10,True,False,False,False,False,-0.003227249600176618,3.1890807274591157e-05,0.4362068965517241,0.46551724137931033,-0.07266548976260367,1.003480207336016,0.5274665946821433,580,58,10.0,1.0,0,0,20260407,0.03030295219418422,20260306,-0.03479191749275214,-0.03254402185585592,-0.07629633670246394,-0.11249098218166709,580,0,0,0,0,20260226,20260320,17,F1_order_lte_10pct_ref_amount_B_tail_and_past20_exit_proxy_capital_300000,F,0.0,0.0,0.0,0,0,2939.7413793103447,2872,10.0,F1_order_lte_10pct_ref_amount,B_tail_and_past20_exit_proxy,300000,0.1
15bp_one_way_slippage,15bp_one_way_slippage,,,15,True,False,False,False,False,-0.05940925689216536,-0.0009678941374014937,0.4241379310344828,0.41379310344827586,-0.08774790238071883,0.9004784480888323,0.5274665946821433,580,58,10.0,1.0,0,0,20260407,0.02927290366320434,20260306,-0.03575688722845871,-0.08616000697166704,-0.12574037411085848,-0.15831547943665913,580,0,0,0,0,20260225,20260320,18,F1_order_lte_10pct_ref_amount_B_tail_and_past20_exit_proxy_capital_300000,F,0.0,0.0,0.0,0,0,2939.7413793103447,2872,10.0,F1_order_lte_10pct_ref_amount,B_tail_and_past20_exit_proxy,300000,0.1
20bp_one_way_slippage,20bp_one_way_slippage,,,20,True,False,False,False,False,-0.11242472974811923,-0.001966681541598857,0.41206896551724137,0.3793103448275862,-0.13245101003646953,0.8090038424362932,0.5274665946821433,580,58,10.0,1.0,0,0,20260407,0.028243882868349245,20260306,-0.036720894160737136,-0.13680471623528145,-0.17253786069097876,-0.20177401831187802,580,0,0,0,0,20260225,20260519,56,F1_order_lte_10pct_ref_amount_B_tail_and_past20_exit_proxy_capital_300000,F,0.0,0.0,0.0,0,0,2939.7413793103447,2872,10.0,F1_order_lte_10pct_ref_amount,B_tail_and_past20_exit_proxy,300000,0.1
10bp_slippage_plus_impact,10bp_one_way_slippage_plus_impact_cost,300000.0,,10,True,True,False,False,False,-0.02143224436451152,-0.00028603618833618246,0.43103448275862066,0.4482758620689655,-0.07698299142961906,0.969351964467001,0.5274665946821433,580,58,10.0,1.0,0,0,20260407,0.029959879096123677,20260306,-0.035083292203650265,-0.04989720910851059,-0.09241848629982585,-0.12742090810721984,580,0,0,0,0,20260226,20260320,17,F1_order_lte_10pct_ref_amount_B_tail_and_past20_exit_proxy_capital_300000,F,0.015241557082630116,0.04581415803704945,0.1318630017344261,0,0,2939.7413793103447,2872,10.0,F1_order_lte_10pct_ref_amount,B_tail_and_past20_exit_proxy,300000,0.1
10bp_slippage_plus_impact_participation_1pct_no_partial,10bp_one_way_slippage_plus_impact_cost_plus_participation_cap,300000.0,0.01,10,True,True,False,True,True,-0.06359964379523386,-0.0011107039875096563,0.38497652582159625,0.3103448275862069,-0.07786848023782589,0.7697413238343733,0.5274665946821433,580,58,10.0,0.36724137931034484,0,367,20260304,0.018803066770653333,20260227,-0.022659814081956442,-0.08088188311710087,-0.10417051013981271,-0.11910400770133589,213,0,367,0,0,20260225,20260519,56,F1_order_lte_10pct_ref_amount_B_tail_and_past20_exit_proxy_capital_300000,F,0.0,0.00603047863107474,0.009683140161814128,0,0,2939.7413793103447,2872,10.0,F1_order_lte_10pct_ref_amount,B_tail_and_past20_exit_proxy,300000,0.1
10bp_slippage_plus_impact_participation_1pct_partial_zero,10bp_one_way_slippage_plus_impact_cost_plus_participation_cap_plus_partial_zero_fill,300000.0,0.01,10,True,True,True,True,True,-0.05967881230514671,-0.0010155292221148465,0.4317789291882556,0.4482758620689655,-0.07890685158429922,0.8589053202665424,0.5274665946821433,580,58,10.0,0.6604418258269924,366,1,20260304,0.01904133648875726,20260320,-0.024174487466897362,-0.07724922039487081,-0.10987563163679515,-0.13779704734248455,213,366,1,0,0,20260224,20260519,57,F1_order_lte_10pct_ref_amount_B_tail_and_past20_exit_proxy_capital_300000,F,0.01,0.01,0.010000000000000002,0,0,2939.7413793103447,2872,10.0,F1_order_lte_10pct_ref_amount,B_tail_and_past20_exit_proxy,300000,0.1
10bp_slippage_plus_impact_participation_3pct_no_partial,10bp_one_way_slippage_plus_impact_cost_plus_participation_cap,300000.0,0.03,10,True,True,False,True,True,-0.07801212274410396,-0.0013271662033722841,0.3870967741935484,0.3620689655172414,-0.09795436038011374,0.8459479941415582,0.5274665946821433,580,58,10.0,0.8017241379310345,0,115,20260407,0.026936270661493778,20260320,-0.03324429398147812,-0.1021956244061728,-0.14099710934728316,-0.1729545882731124,465,0,115,0,0,20260224,20260519,57,F1_order_lte_10pct_ref_amount_B_tail_and_past20_exit_proxy_capital_300000,F,0.007696761960296056,0.02350741233442148,0.028969843408353194,0,0,2939.7413793103447,2872,10.0,F1_order_lte_10pct_ref_amount,B_tail_and_past20_exit_proxy,300000,0.1
10bp_slippage_plus_impact_participation_3pct_partial_zero,10bp_one_way_slippage_plus_impact_cost_plus_participation_cap_plus_partial_zero_fill,300000.0,0.03,10,True,True,True,True,True,-0.05118337200178513,-0.0008240401772384538,0.4317789291882556,0.41379310344827586,-0.08060352971908935,0.9096328808547578,0.5274665946821433,580,58,10.0,0.9230832982520665,114,1,20260407,0.028513781735262866,20260306,-0.0347624186626857,-0.07748768674989126,-0.11833695806536404,-0.15151542128910656,465,114,1,0,0,20260225,20260320,18,F1_order_lte_10pct_ref_amount_B_tail_and_past20_exit_proxy_capital_300000,F,0.015187115831232105,0.03,0.030000000000000002,0,0,2939.7413793103447,2872,10.0,F1_order_lte_10pct_ref_amount,B_tail_and_past20_exit_proxy,300000,0.1
10bp_slippage_plus_impact_participation_5pct_no_partial,10bp_one_way_slippage_plus_impact_cost_plus_participation_cap,300000.0,0.05,10,True,True,False,True,True,-0.06503820605356359,-0.0010779003913303758,0.40227703984819735,0.39655172413793105,-0.0852610644396885,0.8819998945664864,0.5274665946821433,580,58,10.0,0.9086206896551724,0,53,20260407,0.026936270661493778,20260306,-0.035083292203650265,-0.0895620101681801,-0.13030811311859625,-0.1626632547012501,527,0,53,0,0,20260224,20260519,57,F1_order_lte_10pct_ref_amount_B_tail_and_past20_exit_proxy_capital_300000,F,0.011613027830193396,0.030674892239359913,0.04550519500626051,0,0,2939.7413793103447,2872,10.0,F1_order_lte_10pct_ref_amount,B_tail_and_past20_exit_proxy,300000,0.1
10bp_slippage_plus_impact_participation_5pct_partial_zero,10bp_one_way_slippage_plus_impact_cost_plus_participation_cap_plus_partial_zero_fill,300000.0,0.05,10,True,True,True,True,True,-0.037070096829459276,-0.0005653824032978506,0.4317789291882556,0.41379310344827586,-0.08021894757519954,0.9390448070427269,0.5274665946821433,580,58,10.0,0.9692272934766203,52,1,20260407,0.029556225484567135,20260306,-0.035083292203650265,-0.06471363162576993,-0.10657180876635397,-0.14064456986842622,527,52,1,0,0,20260225,20260320,18,F1_order_lte_10pct_ref_amount_B_tail_and_past20_exit_proxy_capital_300000,F,0.015187115831232105,0.04546481952997502,0.05000000000000001,0,0,2939.7413793103447,2872,10.0,F1_order_lte_10pct_ref_amount,B_tail_and_past20_exit_proxy,300000,0.1
10bp_slippage_plus_impact_participation_10pct_no_partial,10bp_one_way_slippage_plus_impact_cost_plus_participation_cap,300000.0,0.1,10,True,True,False,True,True,-0.03521778538212217,-0.0005309716524864326,0.426056338028169,0.41379310344827586,-0.08147395150359371,0.9429324168495912,0.5274665946821433,580,58,10.0,0.9793103448275862,0,12,20260407,0.029959879096123677,20260306,-0.035083292203650265,-0.06328175087309718,-0.10520401097288601,-0.13971333731625835,568,0,12,0,0,20260225,20260320,18,F1_order_lte_10pct_ref_amount_B_tail_and_past20_exit_proxy_capital_300000,F,0.014290212770115522,0.04217499556114999,0.08089118560133134,0,0,2939.7413793103447,2872,10.0,F1_order_lte_10pct_ref_amount,B_tail_and_past20_exit_proxy,300000,0.1
10bp_slippage_plus_impact_participation_10pct_partial_zero,10bp_one_way_slippage_plus_impact_cost_plus_participation_cap_plus_partial_zero_fill,300000.0,0.1,10,True,True,True,True,True,-0.02737710277852734,-0.0003911837313811647,0.4317789291882556,0.43103448275862066,-0.07990912319917742,0.9580376590171048,0.5274665946821433,580,58,10.0,0.9928247825860953,11,1,20260407,0.029959879096123677,20260306,-0.035083292203650265,-0.05566914113680699,-0.09793209899251232,-0.132721878966375,568,11,1,0,0,20260225,20260320,18,F1_order_lte_10pct_ref_amount_B_tail_and_past20_exit_proxy_capital_300000,F,0.015187115831232105,0.04546481952997502,0.1,0,0,2939.7413793103447,2872,10.0,F1_order_lte_10pct_ref_amount,B_tail_and_past20_exit_proxy,300000,0.1
5bp_one_way_slippage,5bp_one_way_slippage,,,5,True,False,False,False,False,0.0563104482106116,0.0010326747876184769,0.44655172413793104,0.5172413793103449,-0.06142807961348873,1.119888709620435,0.5274665946821433,580,58,10.0,1.0,0,0,20260407,0.03133403000173749,20260306,-0.03382598351049495,0.02421758371420335,-0.024056056257852454,-0.06417169996848882,580,0,0,0,0,20260305,20260320,12,F2_order_lte_5pct_ref_amount_A_tail_capital_300000,F,0.0,0.0,0.0,0,0,2939.7413793103447,2872,10.0,F2_order_lte_5pct_ref_amount,A_tail,300000,0.05
10bp_one_way_slippage,10bp_one_way_slippage,,,10,True,False,False,False,False,-0.003227249600176618,3.1890807274591157e-05,0.4362068965517241,0.46551724137931033,-0.07266548976260367,1.003480207336016,0.5274665946821433,580,58,10.0,1.0,0,0,20260407,0.03030295219418422,20260306,-0.03479191749275214,-0.03254402185585592,-0.07629633670246394,-0.11249098218166709,580,0,0,0,0,20260226,20260320,17,F2_order_lte_5pct_ref_amount_A_tail_capital_300000,F,0.0,0.0,0.0,0,0,2939.7413793103447,2872,10.0,F2_order_lte_5pct_ref_amount,A_tail,300000,0.05
15bp_one_way_slippage,15bp_one_way_slippage,,,15,True,False,False,False,False,-0.05940925689216536,-0.0009678941374014937,0.4241379310344828,0.41379310344827586,-0.08774790238071883,0.9004784480888323,0.5274665946821433,580,58,10.0,1.0,0,0,20260407,0.02927290366320434,20260306,-0.03575688722845871,-0.08616000697166704,-0.12574037411085848,-0.15831547943665913,580,0,0,0,0,20260225,20260320,18,F2_order_lte_5pct_ref_amount_A_tail_capital_300000,F,0.0,0.0,0.0,0,0,2939.7413793103447,2872,10.0,F2_order_lte_5pct_ref_amount,A_tail,300000,0.05
20bp_one_way_slippage,20bp_one_way_slippage,,,20,True,False,False,False,False,-0.11242472974811923,-0.001966681541598857,0.41206896551724137,0.3793103448275862,-0.13245101003646953,0.8090038424362932,0.5274665946821433,580,58,10.0,1.0,0,0,20260407,0.028243882868349245,20260306,-0.036720894160737136,-0.13680471623528145,-0.17253786069097876,-0.20177401831187802,580,0,0,0,0,20260225,20260519,56,F2_order_lte_5pct_ref_amount_A_tail_capital_300000,F,0.0,0.0,0.0,0,0,2939.7413793103447,2872,10.0,F2_order_lte_5pct_ref_amount,A_tail,300000,0.05
10bp_slippage_plus_impact,10bp_one_way_slippage_plus_impact_cost,300000.0,,10,True,True,False,False,False,-0.02143224436451152,-0.00028603618833618246,0.43103448275862066,0.4482758620689655,-0.07698299142961906,0.969351964467001,0.5274665946821433,580,58,10.0,1.0,0,0,20260407,0.029959879096123677,20260306,-0.035083292203650265,-0.04989720910851059,-0.09241848629982585,-0.12742090810721984,580,0,0,0,0,20260226,20260320,17,F2_order_lte_5pct_ref_amount_A_tail_capital_300000,F,0.015241557082630116,0.04581415803704945,0.1318630017344261,0,0,2939.7413793103447,2872,10.0,F2_order_lte_5pct_ref_amount,A_tail,300000,0.05
10bp_slippage_plus_impact_participation_1pct_no_partial,10bp_one_way_slippage_plus_impact_cost_plus_participation_cap,300000.0,0.01,10,True,True,False,True,True,-0.06359964379523386,-0.0011107039875096563,0.38497652582159625,0.3103448275862069,-0.07786848023782589,0.7697413238343733,0.5274665946821433,580,58,10.0,0.36724137931034484,0,367,20260304,0.018803066770653333,20260227,-0.022659814081956442,-0.08088188311710087,-0.10417051013981271,-0.11910400770133589,213,0,367,0,0,20260225,20260519,56,F2_order_lte_5pct_ref_amount_A_tail_capital_300000,F,0.0,0.00603047863107474,0.009683140161814128,0,0,2939.7413793103447,2872,10.0,F2_order_lte_5pct_ref_amount,A_tail,300000,0.05
10bp_slippage_plus_impact_participation_1pct_partial_zero,10bp_one_way_slippage_plus_impact_cost_plus_participation_cap_plus_partial_zero_fill,300000.0,0.01,10,True,True,True,True,True,-0.05967881230514671,-0.0010155292221148465,0.4317789291882556,0.4482758620689655,-0.07890685158429922,0.8589053202665424,0.5274665946821433,580,58,10.0,0.6604418258269924,366,1,20260304,0.01904133648875726,20260320,-0.024174487466897362,-0.07724922039487081,-0.10987563163679515,-0.13779704734248455,213,366,1,0,0,20260224,20260519,57,F2_order_lte_5pct_ref_amount_A_tail_capital_300000,F,0.01,0.01,0.010000000000000002,0,0,2939.7413793103447,2872,10.0,F2_order_lte_5pct_ref_amount,A_tail,300000,0.05
10bp_slippage_plus_impact_participation_3pct_no_partial,10bp_one_way_slippage_plus_impact_cost_plus_participation_cap,300000.0,0.03,10,True,True,False,True,True,-0.07801212274410396,-0.0013271662033722841,0.3870967741935484,0.3620689655172414,-0.09795436038011374,0.8459479941415582,0.5274665946821433,580,58,10.0,0.8017241379310345,0,115,20260407,0.026936270661493778,20260320,-0.03324429398147812,-0.1021956244061728,-0.14099710934728316,-0.1729545882731124,465,0,115,0,0,20260224,20260519,57,F2_order_lte_5pct_ref_amount_A_tail_capital_300000,F,0.007696761960296056,0.02350741233442148,0.028969843408353194,0,0,2939.7413793103447,2872,10.0,F2_order_lte_5pct_ref_amount,A_tail,300000,0.05
10bp_slippage_plus_impact_participation_3pct_partial_zero,10bp_one_way_slippage_plus_impact_cost_plus_participation_cap_plus_partial_zero_fill,300000.0,0.03,10,True,True,True,True,True,-0.05118337200178513,-0.0008240401772384538,0.4317789291882556,0.41379310344827586,-0.08060352971908935,0.9096328808547578,0.5274665946821433,580,58,10.0,0.9230832982520665,114,1,20260407,0.028513781735262866,20260306,-0.0347624186626857,-0.07748768674989126,-0.11833695806536404,-0.15151542128910656,465,114,1,0,0,20260225,20260320,18,F2_order_lte_5pct_ref_amount_A_tail_capital_300000,F,0.015187115831232105,0.03,0.030000000000000002,0,0,2939.7413793103447,2872,10.0,F2_order_lte_5pct_ref_amount,A_tail,300000,0.05
10bp_slippage_plus_impact_participation_5pct_no_partial,10bp_one_way_slippage_plus_impact_cost_plus_participation_cap,300000.0,0.05,10,True,True,False,True,True,-0.06503820605356359,-0.0010779003913303758,0.40227703984819735,0.39655172413793105,-0.0852610644396885,0.8819998945664864,0.5274665946821433,580,58,10.0,0.9086206896551724,0,53,20260407,0.026936270661493778,20260306,-0.035083292203650265,-0.0895620101681801,-0.13030811311859625,-0.1626632547012501,527,0,53,0,0,20260224,20260519,57,F2_order_lte_5pct_ref_amount_A_tail_capital_300000,F,0.011613027830193396,0.030674892239359913,0.04550519500626051,0,0,2939.7413793103447,2872,10.0,F2_order_lte_5pct_ref_amount,A_tail,300000,0.05
10bp_slippage_plus_impact_participation_5pct_partial_zero,10bp_one_way_slippage_plus_impact_cost_plus_participation_cap_plus_partial_zero_fill,300000.0,0.05,10,True,True,True,True,True,-0.037070096829459276,-0.0005653824032978506,0.4317789291882556,0.41379310344827586,-0.08021894757519954,0.9390448070427269,0.5274665946821433,580,58,10.0,0.9692272934766203,52,1,20260407,0.029556225484567135,20260306,-0.035083292203650265,-0.06471363162576993,-0.10657180876635397,-0.14064456986842622,527,52,1,0,0,20260225,20260320,18,F2_order_lte_5pct_ref_amount_A_tail_capital_300000,F,0.015187115831232105,0.04546481952997502,0.05000000000000001,0,0,2939.7413793103447,2872,10.0,F2_order_lte_5pct_ref_amount,A_tail,300000,0.05
10bp_slippage_plus_impact_participation_10pct_no_partial,10bp_one_way_slippage_plus_impact_cost_plus_participation_cap,300000.0,0.1,10,True,True,False,True,True,-0.03521778538212217,-0.0005309716524864326,0.426056338028169,0.41379310344827586,-0.08147395150359371,0.9429324168495912,0.5274665946821433,580,58,10.0,0.9793103448275862,0,12,20260407,0.029959879096123677,20260306,-0.035083292203650265,-0.06328175087309718,-0.10520401097288601,-0.13971333731625835,568,0,12,0,0,20260225,20260320,18,F2_order_lte_5pct_ref_amount_A_tail_capital_300000,F,0.014290212770115522,0.04217499556114999,0.08089118560133134,0,0,2939.7413793103447,2872,10.0,F2_order_lte_5pct_ref_amount,A_tail,300000,0.05
10bp_slippage_plus_impact_participation_10pct_partial_zero,10bp_one_way_slippage_plus_impact_cost_plus_participation_cap_plus_partial_zero_fill,300000.0,0.1,10,True,True,True,True,True,-0.02737710277852734,-0.0003911837313811647,0.4317789291882556,0.43103448275862066,-0.07990912319917742,0.9580376590171048,0.5274665946821433,580,58,10.0,0.9928247825860953,11,1,20260407,0.029959879096123677,20260306,-0.035083292203650265,-0.05566914113680699,-0.09793209899251232,-0.132721878966375,568,11,1,0,0,20260225,20260320,18,F2_order_lte_5pct_ref_amount_A_tail_capital_300000,F,0.015187115831232105,0.04546481952997502,0.1,0,0,2939.7413793103447,2872,10.0,F2_order_lte_5pct_ref_amount,A_tail,300000,0.05
5bp_one_way_slippage,5bp_one_way_slippage,,,5,True,False,False,False,False,0.0563104482106116,0.0010326747876184769,0.44655172413793104,0.5172413793103449,-0.06142807961348873,1.119888709620435,0.5274665946821433,580,58,10.0,1.0,0,0,20260407,0.03133403000173749,20260306,-0.03382598351049495,0.02421758371420335,-0.024056056257852454,-0.06417169996848882,580,0,0,0,0,20260305,20260320,12,F2_order_lte_5pct_ref_amount_B_tail_and_past20_exit_proxy_capital_300000,F,0.0,0.0,0.0,0,0,2939.7413793103447,2872,10.0,F2_order_lte_5pct_ref_amount,B_tail_and_past20_exit_proxy,300000,0.05
10bp_one_way_slippage,10bp_one_way_slippage,,,10,True,False,False,False,False,-0.003227249600176618,3.1890807274591157e-05,0.4362068965517241,0.46551724137931033,-0.07266548976260367,1.003480207336016,0.5274665946821433,580,58,10.0,1.0,0,0,20260407,0.03030295219418422,20260306,-0.03479191749275214,-0.03254402185585592,-0.07629633670246394,-0.11249098218166709,580,0,0,0,0,20260226,20260320,17,F2_order_lte_5pct_ref_amount_B_tail_and_past20_exit_proxy_capital_300000,F,0.0,0.0,0.0,0,0,2939.7413793103447,2872,10.0,F2_order_lte_5pct_ref_amount,B_tail_and_past20_exit_proxy,300000,0.05
15bp_one_way_slippage,15bp_one_way_slippage,,,15,True,False,False,False,False,-0.05940925689216536,-0.0009678941374014937,0.4241379310344828,0.41379310344827586,-0.08774790238071883,0.9004784480888323,0.5274665946821433,580,58,10.0,1.0,0,0,20260407,0.02927290366320434,20260306,-0.03575688722845871,-0.08616000697166704,-0.12574037411085848,-0.15831547943665913,580,0,0,0,0,20260225,20260320,18,F2_order_lte_5pct_ref_amount_B_tail_and_past20_exit_proxy_capital_300000,F,0.0,0.0,0.0,0,0,2939.7413793103447,2872,10.0,F2_order_lte_5pct_ref_amount,B_tail_and_past20_exit_proxy,300000,0.05
20bp_one_way_slippage,20bp_one_way_slippage,,,20,True,False,False,False,False,-0.11242472974811923,-0.001966681541598857,0.41206896551724137,0.3793103448275862,-0.13245101003646953,0.8090038424362932,0.5274665946821433,580,58,10.0,1.0,0,0,20260407,0.028243882868349245,20260306,-0.036720894160737136,-0.13680471623528145,-0.17253786069097876,-0.20177401831187802,580,0,0,0,0,20260225,20260519,56,F2_order_lte_5pct_ref_amount_B_tail_and_past20_exit_proxy_capital_300000,F,0.0,0.0,0.0,0,0,2939.7413793103447,2872,10.0,F2_order_lte_5pct_ref_amount,B_tail_and_past20_exit_proxy,300000,0.05
10bp_slippage_plus_impact,10bp_one_way_slippage_plus_impact_cost,300000.0,,10,True,True,False,False,False,-0.02143224436451152,-0.00028603618833618246,0.43103448275862066,0.4482758620689655,-0.07698299142961906,0.969351964467001,0.5274665946821433,580,58,10.0,1.0,0,0,20260407,0.029959879096123677,20260306,-0.035083292203650265,-0.04989720910851059,-0.09241848629982585,-0.12742090810721984,580,0,0,0,0,20260226,20260320,17,F2_order_lte_5pct_ref_amount_B_tail_and_past20_exit_proxy_capital_300000,F,0.015241557082630116,0.04581415803704945,0.1318630017344261,0,0,2939.7413793103447,2872,10.0,F2_order_lte_5pct_ref_amount,B_tail_and_past20_exit_proxy,300000,0.05
10bp_slippage_plus_impact_participation_1pct_no_partial,10bp_one_way_slippage_plus_impact_cost_plus_participation_cap,300000.0,0.01,10,True,True,False,True,True,-0.06359964379523386,-0.0011107039875096563,0.38497652582159625,0.3103448275862069,-0.07786848023782589,0.7697413238343733,0.5274665946821433,580,58,10.0,0.36724137931034484,0,367,20260304,0.018803066770653333,20260227,-0.022659814081956442,-0.08088188311710087,-0.10417051013981271,-0.11910400770133589,213,0,367,0,0,20260225,20260519,56,F2_order_lte_5pct_ref_amount_B_tail_and_past20_exit_proxy_capital_300000,F,0.0,0.00603047863107474,0.009683140161814128,0,0,2939.7413793103447,2872,10.0,F2_order_lte_5pct_ref_amount,B_tail_and_past20_exit_proxy,300000,0.05
10bp_slippage_plus_impact_participation_1pct_partial_zero,10bp_one_way_slippage_plus_impact_cost_plus_participation_cap_plus_partial_zero_fill,300000.0,0.01,10,True,True,True,True,True,-0.05967881230514671,-0.0010155292221148465,0.4317789291882556,0.4482758620689655,-0.07890685158429922,0.8589053202665424,0.5274665946821433,580,58,10.0,0.6604418258269924,366,1,20260304,0.01904133648875726,20260320,-0.024174487466897362,-0.07724922039487081,-0.10987563163679515,-0.13779704734248455,213,366,1,0,0,20260224,20260519,57,F2_order_lte_5pct_ref_amount_B_tail_and_past20_exit_proxy_capital_300000,F,0.01,0.01,0.010000000000000002,0,0,2939.7413793103447,2872,10.0,F2_order_lte_5pct_ref_amount,B_tail_and_past20_exit_proxy,300000,0.05
10bp_slippage_plus_impact_participation_3pct_no_partial,10bp_one_way_slippage_plus_impact_cost_plus_participation_cap,300000.0,0.03,10,True,True,False,True,True,-0.07801212274410396,-0.0013271662033722841,0.3870967741935484,0.3620689655172414,-0.09795436038011374,0.8459479941415582,0.5274665946821433,580,58,10.0,0.8017241379310345,0,115,20260407,0.026936270661493778,20260320,-0.03324429398147812,-0.1021956244061728,-0.14099710934728316,-0.1729545882731124,465,0,115,0,0,20260224,20260519,57,F2_order_lte_5pct_ref_amount_B_tail_and_past20_exit_proxy_capital_300000,F,0.007696761960296056,0.02350741233442148,0.028969843408353194,0,0,2939.7413793103447,2872,10.0,F2_order_lte_5pct_ref_amount,B_tail_and_past20_exit_proxy,300000,0.05
10bp_slippage_plus_impact_participation_3pct_partial_zero,10bp_one_way_slippage_plus_impact_cost_plus_participation_cap_plus_partial_zero_fill,300000.0,0.03,10,True,True,True,True,True,-0.05118337200178513,-0.0008240401772384538,0.4317789291882556,0.41379310344827586,-0.08060352971908935,0.9096328808547578,0.5274665946821433,580,58,10.0,0.9230832982520665,114,1,20260407,0.028513781735262866,20260306,-0.0347624186626857,-0.07748768674989126,-0.11833695806536404,-0.15151542128910656,465,114,1,0,0,20260225,20260320,18,F2_order_lte_5pct_ref_amount_B_tail_and_past20_exit_proxy_capital_300000,F,0.015187115831232105,0.03,0.030000000000000002,0,0,2939.7413793103447,2872,10.0,F2_order_lte_5pct_ref_amount,B_tail_and_past20_exit_proxy,300000,0.05
10bp_slippage_plus_impact_participation_5pct_no_partial,10bp_one_way_slippage_plus_impact_cost_plus_participation_cap,300000.0,0.05,10,True,True,False,True,True,-0.06503820605356359,-0.0010779003913303758,0.40227703984819735,0.39655172413793105,-0.0852610644396885,0.8819998945664864,0.5274665946821433,580,58,10.0,0.9086206896551724,0,53,20260407,0.026936270661493778,20260306,-0.035083292203650265,-0.0895620101681801,-0.13030811311859625,-0.1626632547012501,527,0,53,0,0,20260224,20260519,57,F2_order_lte_5pct_ref_amount_B_tail_and_past20_exit_proxy_capital_300000,F,0.011613027830193396,0.030674892239359913,0.04550519500626051,0,0,2939.7413793103447,2872,10.0,F2_order_lte_5pct_ref_amount,B_tail_and_past20_exit_proxy,300000,0.05
10bp_slippage_plus_impact_participation_5pct_partial_zero,10bp_one_way_slippage_plus_impact_cost_plus_participation_cap_plus_partial_zero_fill,300000.0,0.05,10,True,True,True,True,True,-0.037070096829459276,-0.0005653824032978506,0.4317789291882556,0.41379310344827586,-0.08021894757519954,0.9390448070427269,0.5274665946821433,580,58,10.0,0.9692272934766203,52,1,20260407,0.029556225484567135,20260306,-0.035083292203650265,-0.06471363162576993,-0.10657180876635397,-0.14064456986842622,527,52,1,0,0,20260225,20260320,18,F2_order_lte_5pct_ref_amount_B_tail_and_past20_exit_proxy_capital_300000,F,0.015187115831232105,0.04546481952997502,0.05000000000000001,0,0,2939.7413793103447,2872,10.0,F2_order_lte_5pct_ref_amount,B_tail_and_past20_exit_proxy,300000,0.05
10bp_slippage_plus_impact_participation_10pct_no_partial,10bp_one_way_slippage_plus_impact_cost_plus_participation_cap,300000.0,0.1,10,True,True,False,True,True,-0.03521778538212217,-0.0005309716524864326,0.426056338028169,0.41379310344827586,-0.08147395150359371,0.9429324168495912,0.5274665946821433,580,58,10.0,0.9793103448275862,0,12,20260407,0.029959879096123677,20260306,-0.035083292203650265,-0.06328175087309718,-0.10520401097288601,-0.13971333731625835,568,0,12,0,0,20260225,20260320,18,F2_order_lte_5pct_ref_amount_B_tail_and_past20_exit_proxy_capital_300000,F,0.014290212770115522,0.04217499556114999,0.08089118560133134,0,0,2939.7413793103447,2872,10.0,F2_order_lte_5pct_ref_amount,B_tail_and_past20_exit_proxy,300000,0.05
10bp_slippage_plus_impact_participation_10pct_partial_zero,10bp_one_way_slippage_plus_impact_cost_plus_participation_cap_plus_partial_zero_fill,300000.0,0.1,10,True,True,True,True,True,-0.02737710277852734,-0.0003911837313811647,0.4317789291882556,0.43103448275862066,-0.07990912319917742,0.9580376590171048,0.5274665946821433,580,58,10.0,0.9928247825860953,11,1,20260407,0.029959879096123677,20260306,-0.035083292203650265,-0.05566914113680699,-0.09793209899251232,-0.132721878966375,568,11,1,0,0,20260225,20260320,18,F2_order_lte_5pct_ref_amount_B_tail_and_past20_exit_proxy_capital_300000,F,0.015187115831232105,0.04546481952997502,0.1,0,0,2939.7413793103447,2872,10.0,F2_order_lte_5pct_ref_amount,B_tail_and_past20_exit_proxy,300000,0.05
5bp_one_way_slippage,5bp_one_way_slippage,,,5,True,False,False,False,False,0.04719432528399459,0.000882208339340955,0.44482758620689655,0.5172413793103449,-0.06142807961348884,1.1023260101720942,0.5242640916015529,580,58,10.0,1.0,0,0,20260407,0.03133403000173749,20260306,-0.03382598351049495,0.01537842718350979,-0.03247860379178169,-0.07224804327811496,580,0,0,0,0,20260305,20260320,12,F3_order_lte_3pct_ref_amount_A_tail_capital_300000,F,0.0,0.0,0.0,3,0,2939.689655172414,2872,10.0,F3_order_lte_3pct_ref_amount,A_tail,300000,0.03
10bp_one_way_slippage,10bp_one_way_slippage,,,10,True,False,False,False,False,-0.011829552964626844,-0.00011842521193621966,0.43448275862068964,0.46551724137931033,-0.07266548976260334,0.9870899867454144,0.5242640916015529,580,58,10.0,1.0,0,0,20260407,0.03030295219418422,20260306,-0.03479191749275214,-0.040893316930795676,-0.0842680425174076,-0.12015032259491265,580,0,0,0,0,20260226,20260320,17,F3_order_lte_3pct_ref_amount_A_tail_capital_300000,F,0.0,0.0,0.0,3,0,2939.689655172414,2872,10.0,F3_order_lte_3pct_ref_amount,A_tail,300000,0.03
15bp_one_way_slippage,15bp_one_way_slippage,,,15,True,False,False,False,False,-0.06752670082385681,-0.00111805987771187,0.4224137931034483,0.41379310344827586,-0.08774790238071917,0.8851721598644039,0.5242640916015529,580,58,10.0,1.0,0,0,20260407,0.02927290366320434,20260306,-0.03575688722845871,-0.09404658778303487,-0.13328537021771802,-0.16557934733447655,580,0,0,0,0,20260225,20260320,18,F3_order_lte_3pct_ref_amount_A_tail_capital_300000,F,0.0,0.0,0.0,3,0,2939.689655172414,2872,10.0,F3_order_lte_3pct_ref_amount,A_tail,300000,0.03
20bp_one_way_slippage,20bp_one_way_slippage,,,20,True,False,False,False,False,-0.12008464193013635,-0.0021166971529503298,0.4103448275862069,0.3793103448275862,-0.13562176638135437,0.7946956446437382,0.5242640916015529,580,58,10.0,1.0,0,0,20260407,0.028243882868349245,20260306,-0.036720894160737136,-0.14425422535431465,-0.1796789872336918,-0.20866283228187632,580,0,0,0,0,20260225,20260519,56,F3_order_lte_3pct_ref_amount_A_tail_capital_300000,F,0.0,0.0,0.0,3,0,2939.689655172414,2872,10.0,F3_order_lte_3pct_ref_amount,A_tail,300000,0.03
10bp_slippage_plus_impact,10bp_one_way_slippage_plus_impact_cost,300000.0,,10,True,True,False,False,False,-0.02984735714467668,-0.0004357496111932468,0.42931034482758623,0.4482758620689655,-0.07698299142961895,0.9533630234647186,0.5242640916015529,580,58,10.0,1.0,0,0,20260407,0.029959879096123677,20260306,-0.035083292203650265,-0.058067539769885435,-0.10022315874176613,-0.1349245801070429,580,0,0,0,0,20260226,20260320,17,F3_order_lte_3pct_ref_amount_A_tail_capital_300000,F,0.015241557082630116,0.044975100411595616,0.11894182993080803,3,0,2939.689655172414,2872,10.0,F3_order_lte_3pct_ref_amount,A_tail,300000,0.03
10bp_slippage_plus_impact_participation_1pct_no_partial,10bp_one_way_slippage_plus_impact_cost_plus_participation_cap,300000.0,0.01,10,True,True,False,True,True,-0.06359964379523386,-0.0011107039875096563,0.38497652582159625,0.3103448275862069,-0.07786848023782589,0.7697413238343733,0.5242640916015529,580,58,10.0,0.36724137931034484,0,367,20260304,0.018803066770653333,20260227,-0.022659814081956442,-0.08088188311710087,-0.10417051013981271,-0.11910400770133589,213,0,367,0,0,20260225,20260519,56,F3_order_lte_3pct_ref_amount_A_tail_capital_300000,F,0.0,0.00603047863107474,0.009683140161814128,3,0,2939.689655172414,2872,10.0,F3_order_lte_3pct_ref_amount,A_tail,300000,0.03
10bp_slippage_plus_impact_participation_1pct_partial_zero,10bp_one_way_slippage_plus_impact_cost_plus_participation_cap_plus_partial_zero_fill,300000.0,0.01,10,True,True,True,True,True,-0.06025963556412395,-0.0010262024968077375,0.43005181347150256,0.4482758620689655,-0.07915922227140926,0.8574709657426528,0.5242640916015529,580,58,10.0,0.6612458039752731,366,1,20260304,0.01904133648875726,20260320,-0.024174487466897362,-0.07781919065827392,-0.11042544902184748,-0.13832961805918764,213,366,1,0,0,20260224,20260519,57,F3_order_lte_3pct_ref_amount_A_tail_capital_300000,F,0.01,0.01,0.010000000000000002,3,0,2939.689655172414,2872,10.0,F3_order_lte_3pct_ref_amount,A_tail,300000,0.03
10bp_slippage_plus_impact_participation_3pct_no_partial,10bp_one_way_slippage_plus_impact_cost_plus_participation_cap,300000.0,0.03,10,True,True,False,True,True,-0.07713130318358796,-0.0013107063920004842,0.388412017167382,0.3793103448275862,-0.09709259260262393,0.8478585814903277,0.5242640916015529,580,58,10.0,0.803448275862069,0,114,20260407,0.026936270661493778,20260320,-0.03324429398147812,-0.10133790851310309,-0.14017646238728365,-0.17216447183660133,466,0,114,0,0,20260224,20260519,57,F3_order_lte_3pct_ref_amount_A_tail_capital_300000,F,0.0077901641662892745,0.023569799596696046,0.028969843408353194,3,0,2939.689655172414,2872,10.0,F3_order_lte_3pct_ref_amount,A_tail,300000,0.03
10bp_slippage_plus_impact_participation_3pct_partial_zero,10bp_one_way_slippage_plus_impact_cost_plus_participation_cap_plus_partial_zero_fill,300000.0,0.03,10,True,True,True,True,True,-0.05317563763002309,-0.0008604079309035107,0.43005181347150256,0.41379310344827586,-0.08060352971908946,0.9057230413282285,0.5242640916015529,580,58,10.0,0.9250840287094763,113,1,20260407,0.028513781735262866,20260306,-0.0347624186626857,-0.07942472022831126,-0.12018821880669417,-0.15329701597492273,466,113,1,0,0,20260225,20260320,18,F3_order_lte_3pct_ref_amount_A_tail_capital_300000,F,0.015187115831232105,0.03,0.030000000000000002,3,0,2939.689655172414,2872,10.0,F3_order_lte_3pct_ref_amount,A_tail,300000,0.03
10bp_slippage_plus_impact_participation_5pct_no_partial,10bp_one_way_slippage_plus_impact_cost_plus_participation_cap,300000.0,0.05,10,True,True,False,True,True,-0.06471718334457743,-0.0010719395869547592,0.40264650283553877,0.39655172413793105,-0.08439117652348771,0.8827871553018893,0.5242640916015529,580,58,10.0,0.9120689655172414,0,51,20260407,0.026936270661493778,20260306,-0.035083292203650265,-0.08924940780116086,-0.13000950108191456,-0.16237575192621645,529,0,51,0,0,20260224,20260519,57,F3_order_lte_3pct_ref_amount_A_tail_capital_300000,F,0.011687005877068004,0.03090816833288978,0.04550519500626051,3,0,2939.689655172414,2872,10.0,F3_order_lte_3pct_ref_amount,A_tail,300000,0.03
10bp_slippage_plus_impact_participation_5pct_partial_zero,10bp_one_way_slippage_plus_impact_cost_plus_participation_cap_plus_partial_zero_fill,300000.0,0.05,10,True,True,True,True,True,-0.040914156123152745,-0.0006346805889448792,0.43005181347150256,0.41379310344827586,-0.08021894757519954,0.9316509741328796,0.5242640916015529,580,58,10.0,0.9710370549708731,50,1,20260407,0.029556225484567135,20260306,-0.035083292203650265,-0.0684473366906726,-0.11013841411369218,-0.14407515522765824,529,50,1,0,0,20260225,20260320,18,F3_order_lte_3pct_ref_amount_A_tail_capital_300000,F,0.015187115831232105,0.04428527697831441,0.05000000000000001,3,0,2939.689655172414,2872,10.0,F3_order_lte_3pct_ref_amount,A_tail,300000,0.03
10bp_slippage_plus_impact_participation_10pct_no_partial,10bp_one_way_slippage_plus_impact_cost_plus_participation_cap,300000.0,0.1,10,True,True,False,True,True,-0.039322908861577965,-0.000604935238001737,0.4253075571177504,0.41379310344827586,-0.08147395150359416,0.935056267872679,0.5242640916015529,580,58,10.0,0.9810344827586207,0,11,20260407,0.029959879096123677,20260306,-0.035083292203650265,-0.06726746290205299,-0.1090113448646417,-0.14337383491305955,569,0,11,0,0,20260225,20260320,18,F3_order_lte_3pct_ref_amount_A_tail_capital_300000,F,0.014342395454905787,0.042062617698595525,0.08089118560133134,3,0,2939.689655172414,2872,10.0,F3_order_lte_3pct_ref_amount,A_tail,300000,0.03
10bp_slippage_plus_impact_participation_10pct_partial_zero,10bp_one_way_slippage_plus_impact_cost_plus_participation_cap_plus_partial_zero_fill,300000.0,0.1,10,True,True,True,True,True,-0.033451196621476886,-0.0004997643991559451,0.43005181347150256,0.43103448275862066,-0.07990912319917765,0.9464505026013058,0.5242640916015529,580,58,10.0,0.9937655009768999,10,1,20260407,0.029959879096123677,20260306,-0.035083292203650265,-0.06156654934292083,-0.10356557225237972,-0.13813808776645975,569,10,1,0,0,20260225,20260320,18,F3_order_lte_3pct_ref_amount_A_tail_capital_300000,F,0.015187115831232105,0.04428527697831441,0.1,3,0,2939.689655172414,2872,10.0,F3_order_lte_3pct_ref_amount,A_tail,300000,0.03
5bp_one_way_slippage,5bp_one_way_slippage,,,5,True,False,False,False,False,0.04719432528399459,0.000882208339340955,0.44482758620689655,0.5172413793103449,-0.06142807961348884,1.1023260101720942,0.5242640916015529,580,58,10.0,1.0,0,0,20260407,0.03133403000173749,20260306,-0.03382598351049495,0.01537842718350979,-0.03247860379178169,-0.07224804327811496,580,0,0,0,0,20260305,20260320,12,F3_order_lte_3pct_ref_amount_B_tail_and_past20_exit_proxy_capital_300000,F,0.0,0.0,0.0,3,0,2939.689655172414,2872,10.0,F3_order_lte_3pct_ref_amount,B_tail_and_past20_exit_proxy,300000,0.03
10bp_one_way_slippage,10bp_one_way_slippage,,,10,True,False,False,False,False,-0.011829552964626844,-0.00011842521193621966,0.43448275862068964,0.46551724137931033,-0.07266548976260334,0.9870899867454144,0.5242640916015529,580,58,10.0,1.0,0,0,20260407,0.03030295219418422,20260306,-0.03479191749275214,-0.040893316930795676,-0.0842680425174076,-0.12015032259491265,580,0,0,0,0,20260226,20260320,17,F3_order_lte_3pct_ref_amount_B_tail_and_past20_exit_proxy_capital_300000,F,0.0,0.0,0.0,3,0,2939.689655172414,2872,10.0,F3_order_lte_3pct_ref_amount,B_tail_and_past20_exit_proxy,300000,0.03
15bp_one_way_slippage,15bp_one_way_slippage,,,15,True,False,False,False,False,-0.06752670082385681,-0.00111805987771187,0.4224137931034483,0.41379310344827586,-0.08774790238071917,0.8851721598644039,0.5242640916015529,580,58,10.0,1.0,0,0,20260407,0.02927290366320434,20260306,-0.03575688722845871,-0.09404658778303487,-0.13328537021771802,-0.16557934733447655,580,0,0,0,0,20260225,20260320,18,F3_order_lte_3pct_ref_amount_B_tail_and_past20_exit_proxy_capital_300000,F,0.0,0.0,0.0,3,0,2939.689655172414,2872,10.0,F3_order_lte_3pct_ref_amount,B_tail_and_past20_exit_proxy,300000,0.03
20bp_one_way_slippage,20bp_one_way_slippage,,,20,True,False,False,False,False,-0.12008464193013635,-0.0021166971529503298,0.4103448275862069,0.3793103448275862,-0.13562176638135437,0.7946956446437382,0.5242640916015529,580,58,10.0,1.0,0,0,20260407,0.028243882868349245,20260306,-0.036720894160737136,-0.14425422535431465,-0.1796789872336918,-0.20866283228187632,580,0,0,0,0,20260225,20260519,56,F3_order_lte_3pct_ref_amount_B_tail_and_past20_exit_proxy_capital_300000,F,0.0,0.0,0.0,3,0,2939.689655172414,2872,10.0,F3_order_lte_3pct_ref_amount,B_tail_and_past20_exit_proxy,300000,0.03
10bp_slippage_plus_impact,10bp_one_way_slippage_plus_impact_cost,300000.0,,10,True,True,False,False,False,-0.02984735714467668,-0.0004357496111932468,0.42931034482758623,0.4482758620689655,-0.07698299142961895,0.9533630234647186,0.5242640916015529,580,58,10.0,1.0,0,0,20260407,0.029959879096123677,20260306,-0.035083292203650265,-0.058067539769885435,-0.10022315874176613,-0.1349245801070429,580,0,0,0,0,20260226,20260320,17,F3_order_lte_3pct_ref_amount_B_tail_and_past20_exit_proxy_capital_300000,F,0.015241557082630116,0.044975100411595616,0.11894182993080803,3,0,2939.689655172414,2872,10.0,F3_order_lte_3pct_ref_amount,B_tail_and_past20_exit_proxy,300000,0.03
10bp_slippage_plus_impact_participation_1pct_no_partial,10bp_one_way_slippage_plus_impact_cost_plus_participation_cap,300000.0,0.01,10,True,True,False,True,True,-0.06359964379523386,-0.0011107039875096563,0.38497652582159625,0.3103448275862069,-0.07786848023782589,0.7697413238343733,0.5242640916015529,580,58,10.0,0.36724137931034484,0,367,20260304,0.018803066770653333,20260227,-0.022659814081956442,-0.08088188311710087,-0.10417051013981271,-0.11910400770133589,213,0,367,0,0,20260225,20260519,56,F3_order_lte_3pct_ref_amount_B_tail_and_past20_exit_proxy_capital_300000,F,0.0,0.00603047863107474,0.009683140161814128,3,0,2939.689655172414,2872,10.0,F3_order_lte_3pct_ref_amount,B_tail_and_past20_exit_proxy,300000,0.03
10bp_slippage_plus_impact_participation_1pct_partial_zero,10bp_one_way_slippage_plus_impact_cost_plus_participation_cap_plus_partial_zero_fill,300000.0,0.01,10,True,True,True,True,True,-0.06025963556412395,-0.0010262024968077375,0.43005181347150256,0.4482758620689655,-0.07915922227140926,0.8574709657426528,0.5242640916015529,580,58,10.0,0.6612458039752731,366,1,20260304,0.01904133648875726,20260320,-0.024174487466897362,-0.07781919065827392,-0.11042544902184748,-0.13832961805918764,213,366,1,0,0,20260224,20260519,57,F3_order_lte_3pct_ref_amount_B_tail_and_past20_exit_proxy_capital_300000,F,0.01,0.01,0.010000000000000002,3,0,2939.689655172414,2872,10.0,F3_order_lte_3pct_ref_amount,B_tail_and_past20_exit_proxy,300000,0.03
10bp_slippage_plus_impact_participation_3pct_no_partial,10bp_one_way_slippage_plus_impact_cost_plus_participation_cap,300000.0,0.03,10,True,True,False,True,True,-0.07713130318358796,-0.0013107063920004842,0.388412017167382,0.3793103448275862,-0.09709259260262393,0.8478585814903277,0.5242640916015529,580,58,10.0,0.803448275862069,0,114,20260407,0.026936270661493778,20260320,-0.03324429398147812,-0.10133790851310309,-0.14017646238728365,-0.17216447183660133,466,0,114,0,0,20260224,20260519,57,F3_order_lte_3pct_ref_amount_B_tail_and_past20_exit_proxy_capital_300000,F,0.0077901641662892745,0.023569799596696046,0.028969843408353194,3,0,2939.689655172414,2872,10.0,F3_order_lte_3pct_ref_amount,B_tail_and_past20_exit_proxy,300000,0.03
10bp_slippage_plus_impact_participation_3pct_partial_zero,10bp_one_way_slippage_plus_impact_cost_plus_participation_cap_plus_partial_zero_fill,300000.0,0.03,10,True,True,True,True,True,-0.05317563763002309,-0.0008604079309035107,0.43005181347150256,0.41379310344827586,-0.08060352971908946,0.9057230413282285,0.5242640916015529,580,58,10.0,0.9250840287094763,113,1,20260407,0.028513781735262866,20260306,-0.0347624186626857,-0.07942472022831126,-0.12018821880669417,-0.15329701597492273,466,113,1,0,0,20260225,20260320,18,F3_order_lte_3pct_ref_amount_B_tail_and_past20_exit_proxy_capital_300000,F,0.015187115831232105,0.03,0.030000000000000002,3,0,2939.689655172414,2872,10.0,F3_order_lte_3pct_ref_amount,B_tail_and_past20_exit_proxy,300000,0.03
10bp_slippage_plus_impact_participation_5pct_no_partial,10bp_one_way_slippage_plus_impact_cost_plus_participation_cap,300000.0,0.05,10,True,True,False,True,True,-0.06471718334457743,-0.0010719395869547592,0.40264650283553877,0.39655172413793105,-0.08439117652348771,0.8827871553018893,0.5242640916015529,580,58,10.0,0.9120689655172414,0,51,20260407,0.026936270661493778,20260306,-0.035083292203650265,-0.08924940780116086,-0.13000950108191456,-0.16237575192621645,529,0,51,0,0,20260224,20260519,57,F3_order_lte_3pct_ref_amount_B_tail_and_past20_exit_proxy_capital_300000,F,0.011687005877068004,0.03090816833288978,0.04550519500626051,3,0,2939.689655172414,2872,10.0,F3_order_lte_3pct_ref_amount,B_tail_and_past20_exit_proxy,300000,0.03
10bp_slippage_plus_impact_participation_5pct_partial_zero,10bp_one_way_slippage_plus_impact_cost_plus_participation_cap_plus_partial_zero_fill,300000.0,0.05,10,True,True,True,True,True,-0.040914156123152745,-0.0006346805889448792,0.43005181347150256,0.41379310344827586,-0.08021894757519954,0.9316509741328796,0.5242640916015529,580,58,10.0,0.9710370549708731,50,1,20260407,0.029556225484567135,20260306,-0.035083292203650265,-0.0684473366906726,-0.11013841411369218,-0.14407515522765824,529,50,1,0,0,20260225,20260320,18,F3_order_lte_3pct_ref_amount_B_tail_and_past20_exit_proxy_capital_300000,F,0.015187115831232105,0.04428527697831441,0.05000000000000001,3,0,2939.689655172414,2872,10.0,F3_order_lte_3pct_ref_amount,B_tail_and_past20_exit_proxy,300000,0.03
10bp_slippage_plus_impact_participation_10pct_no_partial,10bp_one_way_slippage_plus_impact_cost_plus_participation_cap,300000.0,0.1,10,True,True,False,True,True,-0.039322908861577965,-0.000604935238001737,0.4253075571177504,0.41379310344827586,-0.08147395150359416,0.935056267872679,0.5242640916015529,580,58,10.0,0.9810344827586207,0,11,20260407,0.029959879096123677,20260306,-0.035083292203650265,-0.06726746290205299,-0.1090113448646417,-0.14337383491305955,569,0,11,0,0,20260225,20260320,18,F3_order_lte_3pct_ref_amount_B_tail_and_past20_exit_proxy_capital_300000,F,0.014342395454905787,0.042062617698595525,0.08089118560133134,3,0,2939.689655172414,2872,10.0,F3_order_lte_3pct_ref_amount,B_tail_and_past20_exit_proxy,300000,0.03
10bp_slippage_plus_impact_participation_10pct_partial_zero,10bp_one_way_slippage_plus_impact_cost_plus_participation_cap_plus_partial_zero_fill,300000.0,0.1,10,True,True,True,True,True,-0.033451196621476886,-0.0004997643991559451,0.43005181347150256,0.43103448275862066,-0.07990912319917765,0.9464505026013058,0.5242640916015529,580,58,10.0,0.9937655009768999,10,1,20260407,0.029959879096123677,20260306,-0.035083292203650265,-0.06156654934292083,-0.10356557225237972,-0.13813808776645975,569,10,1,0,0,20260225,20260320,18,F3_order_lte_3pct_ref_amount_B_tail_and_past20_exit_proxy_capital_300000,F,0.015187115831232105,0.04428527697831441,0.1,3,0,2939.689655172414,2872,10.0,F3_order_lte_3pct_ref_amount,B_tail_and_past20_exit_proxy,300000,0.03
5bp_one_way_slippage,5bp_one_way_slippage,,,5,True,False,False,False,False,0.025898527907701085,0.0005260450116563834,0.4379310344827586,0.5172413793103449,-0.06434692763012251,1.0606636506720348,0.5194777925991798,580,58,10.0,1.0,0,0,20260407,0.03133403000173749,20260306,-0.03382598351049495,-0.005270360461223977,-0.05002213307750669,-0.08753166854475447,580,0,0,0,0,20260305,20260320,12,F4_order_lte_1pct_ref_amount_A_tail_capital_300000,F,0.0,0.0,0.0,1036,0,2921.8793103448274,2866,10.0,F4_order_lte_1pct_ref_amount,A_tail,300000,0.01
10bp_one_way_slippage,10bp_one_way_slippage,,,10,True,False,False,False,False,-0.03192503773303346,-0.0004742324647775721,0.42758620689655175,0.46551724137931033,-0.0755493907585415,0.9486201497592918,0.5194777925991798,580,58,10.0,1.0,0,0,20260407,0.03030295219418422,20260306,-0.03479191749275214,-0.06039775950820414,-0.10087250261196479,-0.1346448139974934,580,0,0,0,0,20260226,20260320,17,F4_order_lte_1pct_ref_amount_A_tail_capital_300000,F,0.0,0.0,0.0,1036,0,2921.8793103448274,2866,10.0,F4_order_lte_1pct_ref_amount,A_tail,300000,0.01
15bp_one_way_slippage,15bp_one_way_slippage,,,15,True,False,False,False,False,-0.08648952554377998,-0.0014735114111628029,0.41551724137931034,0.41379310344827586,-0.10530864758462066,0.8496490041274072,0.5194777925991798,580,58,10.0,1.0,0,0,20260407,0.02927290366320434,20260306,-0.03575688722845871,-0.11247010272492663,-0.14900102627405065,-0.17932544884111845,580,0,0,0,0,20260225,20260519,56,F4_order_lte_1pct_ref_amount_A_tail_capital_300000,F,0.0,0.0,0.0,1036,0,2921.8793103448274,2866,10.0,F4_order_lte_1pct_ref_amount,A_tail,300000,0.01
20bp_one_way_slippage,20bp_one_way_slippage,,,20,True,False,False,False,False,-0.13797864567071527,-0.0024717933219316622,0.40344827586206894,0.3793103448275862,-0.15319980636417163,0.7618814727916375,0.5194777925991798,580,58,10.0,1.0,0,0,20260407,0.028243882868349245,20260306,-0.036720894160737136,-0.16165671520979674,-0.19455341354360234,-0.221699183909419,580,0,0,0,0,20260225,20260519,56,F4_order_lte_1pct_ref_amount_A_tail_capital_300000,F,0.0,0.0,0.0,1036,0,2921.8793103448274,2866,10.0,F4_order_lte_1pct_ref_amount,A_tail,300000,0.01
10bp_slippage_plus_impact,10bp_one_way_slippage_plus_impact_cost,300000.0,,10,True,True,False,False,False,-0.04946015287778671,-0.0007893338341613918,0.4224137931034483,0.4482758620689655,-0.07987181626975592,0.9160416226489275,0.5194777925991798,580,58,10.0,1.0,0,0,20260407,0.029959879096123677,20260306,-0.035083292203650265,-0.0771098307670085,-0.11624963149739675,-0.14912779067990634,580,0,0,0,0,20260226,20260320,17,F4_order_lte_1pct_ref_amount_A_tail_capital_300000,F,0.014838502152709378,0.04373367831875263,0.11894182993080803,1036,0,2921.8793103448274,2866,10.0,F4_order_lte_1pct_ref_amount,A_tail,300000,0.01
10bp_slippage_plus_impact_participation_1pct_no_partial,10bp_one_way_slippage_plus_impact_cost_plus_participation_cap,300000.0,0.01,10,True,True,False,True,True,-0.06438480516699396,-0.0011249512509456155,0.3824884792626728,0.3103448275862069,-0.07864167734759009,0.7695144190343804,0.5194777925991798,580,58,10.0,0.3741379310344828,0,363,20260304,0.018803066770653333,20260227,-0.022659814081956442,-0.08165255352178313,-0.10492165328757097,-0.11961631551528429,217,0,363,0,0,20260225,20260519,56,F4_order_lte_1pct_ref_amount_A_tail_capital_300000,F,0.0,0.006256280890204676,0.009683140161814128,1036,0,2921.8793103448274,2866,10.0,F4_order_lte_1pct_ref_amount,A_tail,300000,0.01
10bp_slippage_plus_impact_participation_1pct_partial_zero,10bp_one_way_slippage_plus_impact_cost_plus_participation_cap_plus_partial_zero_fill,300000.0,0.01,10,True,True,True,True,True,-0.06528589764599702,-0.0011184673690634887,0.4231433506044905,0.4482758620689655,-0.08408439869215201,0.8461219449931685,0.5194777925991798,580,58,10.0,0.6693417656086318,362,1,20260304,0.01904133648875726,20260320,-0.024174487466897362,-0.08275153432471649,-0.11518339600783822,-0.14184764719687049,217,362,1,0,0,20260224,20260519,57,F4_order_lte_1pct_ref_amount_A_tail_capital_300000,F,0.01,0.01,0.010000000000000002,1036,0,2921.8793103448274,2866,10.0,F4_order_lte_1pct_ref_amount,A_tail,300000,0.01
10bp_slippage_plus_impact_participation_3pct_no_partial,10bp_one_way_slippage_plus_impact_cost_plus_participation_cap,300000.0,0.03,10,True,True,False,True,True,-0.08351358760906269,-0.0014312308079793804,0.3855932203389831,0.3793103448275862,-0.10333683070903832,0.8352732768676527,0.5194777925991798,580,58,10.0,0.8137931034482758,0,108,20260407,0.026936270661493778,20260320,-0.03324429398147812,-0.10755278728193218,-0.1440271580773692,-0.17587191012009995,472,0,108,0,0,20260224,20260519,57,F4_order_lte_1pct_ref_amount_A_tail_capital_300000,F,0.00813828307340422,0.023569799596696046,0.028969843408353194,1036,0,2921.8793103448274,2866,10.0,F4_order_lte_1pct_ref_amount,A_tail,300000,0.01
10bp_slippage_plus_impact_participation_3pct_partial_zero,10bp_one_way_slippage_plus_impact_cost_plus_participation_cap_plus_partial_zero_fill,300000.0,0.03,10,True,True,True,True,True,-0.06770983055283386,-0.001127798213066192,0.4231433506044905,0.41379310344827586,-0.08770737512107363,0.877432255629826,0.5194777925991798,580,58,10.0,0.9289347432691156,107,1,20260407,0.028513781735262866,20260306,-0.0347624186626857,-0.09355597756381284,-0.13156764701157486,-0.16387593016304114,472,107,1,0,0,20260225,20260519,56,F4_order_lte_1pct_ref_amount_A_tail_capital_300000,F,0.014635909249349759,0.03,0.030000000000000002,1036,0,2921.8793103448274,2866,10.0,F4_order_lte_1pct_ref_amount,A_tail,300000,0.01
10bp_slippage_plus_impact_participation_5pct_no_partial,10bp_one_way_slippage_plus_impact_cost_plus_participation_cap,300000.0,0.05,10,True,True,False,True,True,-0.07760176485184711,-0.001311595054211336,0.39849624060150374,0.39655172413793105,-0.09700472646236646,0.8579789626307607,0.5194777925991798,580,58,10.0,0.9172413793103448,0,48,20260407,0.026936270661493778,20260306,-0.035083292203650265,-0.10179603009445115,-0.13988888834492363,-0.1718875964094594,532,0,48,0,0,20260224,20260519,57,F4_order_lte_1pct_ref_amount_A_tail_capital_300000,F,0.01156774619637252,0.030284700031537805,0.04503046880647694,1036,0,2921.8793103448274,2866,10.0,F4_order_lte_1pct_ref_amount,A_tail,300000,0.01
10bp_slippage_plus_impact_participation_5pct_partial_zero,10bp_one_way_slippage_plus_impact_cost_plus_participation_cap_plus_partial_zero_fill,300000.0,0.05,10,True,True,True,True,True,-0.05923187616298076,-0.0009683665750182866,0.4231433506044905,0.41379310344827586,-0.08296303721718756,0.8963905380956523,0.5194777925991798,580,58,10.0,0.9715265979955201,47,1,20260407,0.029556225484567135,20260306,-0.035083292203650265,-0.08623919650989353,-0.1249918205556847,-0.15754474413580422,532,47,1,0,0,20260225,20260320,18,F4_order_lte_1pct_ref_amount_A_tail_capital_300000,F,0.014635909249349759,0.043698395950064695,0.05000000000000001,1036,0,2921.8793103448274,2866,10.0,F4_order_lte_1pct_ref_amount,A_tail,300000,0.01
10bp_slippage_plus_impact_participation_10pct_no_partial,10bp_one_way_slippage_plus_impact_cost_plus_participation_cap,300000.0,0.1,10,True,True,False,True,True,-0.058750828071700734,-0.0009585194609698819,0.4182776801405975,0.41379310344827586,-0.08435035345463959,0.8977340689587335,0.5194777925991798,580,58,10.0,0.9810344827586207,0,11,20260407,0.029959879096123677,20260306,-0.035083292203650265,-0.08613025513739003,-0.12488749939017085,-0.15744430402992937,569,0,11,0,0,20260225,20260320,18,F4_order_lte_1pct_ref_amount_A_tail_capital_300000,F,0.014014178380895682,0.04130035203978946,0.08164993052135838,1036,0,2921.8793103448274,2866,10.0,F4_order_lte_1pct_ref_amount,A_tail,300000,0.01
10bp_slippage_plus_impact_participation_10pct_partial_zero,10bp_one_way_slippage_plus_impact_cost_plus_participation_cap_plus_partial_zero_fill,300000.0,0.1,10,True,True,True,True,True,-0.05299183392931117,-0.0008533486221240895,0.4231433506044905,0.43103448275862066,-0.08278939530681062,0.9091293898125801,0.5194777925991798,580,58,10.0,0.9937655009768998,10,1,20260407,0.029959879096123677,20260306,-0.035083292203650265,-0.08053878088749689,-0.11953315973681544,-0.15228916183969732,569,10,1,0,0,20260225,20260320,18,F4_order_lte_1pct_ref_amount_A_tail_capital_300000,F,0.014635909249349759,0.043698395950064695,0.1,1036,0,2921.8793103448274,2866,10.0,F4_order_lte_1pct_ref_amount,A_tail,300000,0.01
5bp_one_way_slippage,5bp_one_way_slippage,,,5,True,False,False,False,False,0.025898527907701085,0.0005260450116563834,0.4379310344827586,0.5172413793103449,-0.06434692763012251,1.0606636506720348,0.5194777925991798,580,58,10.0,1.0,0,0,20260407,0.03133403000173749,20260306,-0.03382598351049495,-0.005270360461223977,-0.05002213307750669,-0.08753166854475447,580,0,0,0,0,20260305,20260320,12,F4_order_lte_1pct_ref_amount_B_tail_and_past20_exit_proxy_capital_300000,F,0.0,0.0,0.0,1036,0,2921.8793103448274,2866,10.0,F4_order_lte_1pct_ref_amount,B_tail_and_past20_exit_proxy,300000,0.01
10bp_one_way_slippage,10bp_one_way_slippage,,,10,True,False,False,False,False,-0.03192503773303346,-0.0004742324647775721,0.42758620689655175,0.46551724137931033,-0.0755493907585415,0.9486201497592918,0.5194777925991798,580,58,10.0,1.0,0,0,20260407,0.03030295219418422,20260306,-0.03479191749275214,-0.06039775950820414,-0.10087250261196479,-0.1346448139974934,580,0,0,0,0,20260226,20260320,17,F4_order_lte_1pct_ref_amount_B_tail_and_past20_exit_proxy_capital_300000,F,0.0,0.0,0.0,1036,0,2921.8793103448274,2866,10.0,F4_order_lte_1pct_ref_amount,B_tail_and_past20_exit_proxy,300000,0.01
15bp_one_way_slippage,15bp_one_way_slippage,,,15,True,False,False,False,False,-0.08648952554377998,-0.0014735114111628029,0.41551724137931034,0.41379310344827586,-0.10530864758462066,0.8496490041274072,0.5194777925991798,580,58,10.0,1.0,0,0,20260407,0.02927290366320434,20260306,-0.03575688722845871,-0.11247010272492663,-0.14900102627405065,-0.17932544884111845,580,0,0,0,0,20260225,20260519,56,F4_order_lte_1pct_ref_amount_B_tail_and_past20_exit_proxy_capital_300000,F,0.0,0.0,0.0,1036,0,2921.8793103448274,2866,10.0,F4_order_lte_1pct_ref_amount,B_tail_and_past20_exit_proxy,300000,0.01
20bp_one_way_slippage,20bp_one_way_slippage,,,20,True,False,False,False,False,-0.13797864567071527,-0.0024717933219316622,0.40344827586206894,0.3793103448275862,-0.15319980636417163,0.7618814727916375,0.5194777925991798,580,58,10.0,1.0,0,0,20260407,0.028243882868349245,20260306,-0.036720894160737136,-0.16165671520979674,-0.19455341354360234,-0.221699183909419,580,0,0,0,0,20260225,20260519,56,F4_order_lte_1pct_ref_amount_B_tail_and_past20_exit_proxy_capital_300000,F,0.0,0.0,0.0,1036,0,2921.8793103448274,2866,10.0,F4_order_lte_1pct_ref_amount,B_tail_and_past20_exit_proxy,300000,0.01
10bp_slippage_plus_impact,10bp_one_way_slippage_plus_impact_cost,300000.0,,10,True,True,False,False,False,-0.04946015287778671,-0.0007893338341613918,0.4224137931034483,0.4482758620689655,-0.07987181626975592,0.9160416226489275,0.5194777925991798,580,58,10.0,1.0,0,0,20260407,0.029959879096123677,20260306,-0.035083292203650265,-0.0771098307670085,-0.11624963149739675,-0.14912779067990634,580,0,0,0,0,20260226,20260320,17,F4_order_lte_1pct_ref_amount_B_tail_and_past20_exit_proxy_capital_300000,F,0.014838502152709378,0.04373367831875263,0.11894182993080803,1036,0,2921.8793103448274,2866,10.0,F4_order_lte_1pct_ref_amount,B_tail_and_past20_exit_proxy,300000,0.01
10bp_slippage_plus_impact_participation_1pct_no_partial,10bp_one_way_slippage_plus_impact_cost_plus_participation_cap,300000.0,0.01,10,True,True,False,True,True,-0.06438480516699396,-0.0011249512509456155,0.3824884792626728,0.3103448275862069,-0.07864167734759009,0.7695144190343804,0.5194777925991798,580,58,10.0,0.3741379310344828,0,363,20260304,0.018803066770653333,20260227,-0.022659814081956442,-0.08165255352178313,-0.10492165328757097,-0.11961631551528429,217,0,363,0,0,20260225,20260519,56,F4_order_lte_1pct_ref_amount_B_tail_and_past20_exit_proxy_capital_300000,F,0.0,0.006256280890204676,0.009683140161814128,1036,0,2921.8793103448274,2866,10.0,F4_order_lte_1pct_ref_amount,B_tail_and_past20_exit_proxy,300000,0.01
10bp_slippage_plus_impact_participation_1pct_partial_zero,10bp_one_way_slippage_plus_impact_cost_plus_participation_cap_plus_partial_zero_fill,300000.0,0.01,10,True,True,True,True,True,-0.06528589764599702,-0.0011184673690634887,0.4231433506044905,0.4482758620689655,-0.08408439869215201,0.8461219449931685,0.5194777925991798,580,58,10.0,0.6693417656086318,362,1,20260304,0.01904133648875726,20260320,-0.024174487466897362,-0.08275153432471649,-0.11518339600783822,-0.14184764719687049,217,362,1,0,0,20260224,20260519,57,F4_order_lte_1pct_ref_amount_B_tail_and_past20_exit_proxy_capital_300000,F,0.01,0.01,0.010000000000000002,1036,0,2921.8793103448274,2866,10.0,F4_order_lte_1pct_ref_amount,B_tail_and_past20_exit_proxy,300000,0.01
10bp_slippage_plus_impact_participation_3pct_no_partial,10bp_one_way_slippage_plus_impact_cost_plus_participation_cap,300000.0,0.03,10,True,True,False,True,True,-0.08351358760906269,-0.0014312308079793804,0.3855932203389831,0.3793103448275862,-0.10333683070903832,0.8352732768676527,0.5194777925991798,580,58,10.0,0.8137931034482758,0,108,20260407,0.026936270661493778,20260320,-0.03324429398147812,-0.10755278728193218,-0.1440271580773692,-0.17587191012009995,472,0,108,0,0,20260224,20260519,57,F4_order_lte_1pct_ref_amount_B_tail_and_past20_exit_proxy_capital_300000,F,0.00813828307340422,0.023569799596696046,0.028969843408353194,1036,0,2921.8793103448274,2866,10.0,F4_order_lte_1pct_ref_amount,B_tail_and_past20_exit_proxy,300000,0.01
10bp_slippage_plus_impact_participation_3pct_partial_zero,10bp_one_way_slippage_plus_impact_cost_plus_participation_cap_plus_partial_zero_fill,300000.0,0.03,10,True,True,True,True,True,-0.06770983055283386,-0.001127798213066192,0.4231433506044905,0.41379310344827586,-0.08770737512107363,0.877432255629826,0.5194777925991798,580,58,10.0,0.9289347432691156,107,1,20260407,0.028513781735262866,20260306,-0.0347624186626857,-0.09355597756381284,-0.13156764701157486,-0.16387593016304114,472,107,1,0,0,20260225,20260519,56,F4_order_lte_1pct_ref_amount_B_tail_and_past20_exit_proxy_capital_300000,F,0.014635909249349759,0.03,0.030000000000000002,1036,0,2921.8793103448274,2866,10.0,F4_order_lte_1pct_ref_amount,B_tail_and_past20_exit_proxy,300000,0.01
10bp_slippage_plus_impact_participation_5pct_no_partial,10bp_one_way_slippage_plus_impact_cost_plus_participation_cap,300000.0,0.05,10,True,True,False,True,True,-0.07760176485184711,-0.001311595054211336,0.39849624060150374,0.39655172413793105,-0.09700472646236646,0.8579789626307607,0.5194777925991798,580,58,10.0,0.9172413793103448,0,48,20260407,0.026936270661493778,20260306,-0.035083292203650265,-0.10179603009445115,-0.13988888834492363,-0.1718875964094594,532,0,48,0,0,20260224,20260519,57,F4_order_lte_1pct_ref_amount_B_tail_and_past20_exit_proxy_capital_300000,F,0.01156774619637252,0.030284700031537805,0.04503046880647694,1036,0,2921.8793103448274,2866,10.0,F4_order_lte_1pct_ref_amount,B_tail_and_past20_exit_proxy,300000,0.01
10bp_slippage_plus_impact_participation_5pct_partial_zero,10bp_one_way_slippage_plus_impact_cost_plus_participation_cap_plus_partial_zero_fill,300000.0,0.05,10,True,True,True,True,True,-0.05923187616298076,-0.0009683665750182866,0.4231433506044905,0.41379310344827586,-0.08296303721718756,0.8963905380956523,0.5194777925991798,580,58,10.0,0.9715265979955201,47,1,20260407,0.029556225484567135,20260306,-0.035083292203650265,-0.08623919650989353,-0.1249918205556847,-0.15754474413580422,532,47,1,0,0,20260225,20260320,18,F4_order_lte_1pct_ref_amount_B_tail_and_past20_exit_proxy_capital_300000,F,0.014635909249349759,0.043698395950064695,0.05000000000000001,1036,0,2921.8793103448274,2866,10.0,F4_order_lte_1pct_ref_amount,B_tail_and_past20_exit_proxy,300000,0.01
10bp_slippage_plus_impact_participation_10pct_no_partial,10bp_one_way_slippage_plus_impact_cost_plus_participation_cap,300000.0,0.1,10,True,True,False,True,True,-0.058750828071700734,-0.0009585194609698819,0.4182776801405975,0.41379310344827586,-0.08435035345463959,0.8977340689587335,0.5194777925991798,580,58,10.0,0.9810344827586207,0,11,20260407,0.029959879096123677,20260306,-0.035083292203650265,-0.08613025513739003,-0.12488749939017085,-0.15744430402992937,569,0,11,0,0,20260225,20260320,18,F4_order_lte_1pct_ref_amount_B_tail_and_past20_exit_proxy_capital_300000,F,0.014014178380895682,0.04130035203978946,0.08164993052135838,1036,0,2921.8793103448274,2866,10.0,F4_order_lte_1pct_ref_amount,B_tail_and_past20_exit_proxy,300000,0.01
10bp_slippage_plus_impact_participation_10pct_partial_zero,10bp_one_way_slippage_plus_impact_cost_plus_participation_cap_plus_partial_zero_fill,300000.0,0.1,10,True,True,True,True,True,-0.05299183392931117,-0.0008533486221240895,0.4231433506044905,0.43103448275862066,-0.08278939530681062,0.9091293898125801,0.5194777925991798,580,58,10.0,0.9937655009768998,10,1,20260407,0.029959879096123677,20260306,-0.035083292203650265,-0.08053878088749689,-0.11953315973681544,-0.15228916183969732,569,10,1,0,0,20260225,20260320,18,F4_order_lte_1pct_ref_amount_B_tail_and_past20_exit_proxy_capital_300000,F,0.014635909249349759,0.043698395950064695,0.1,1036,0,2921.8793103448274,2866,10.0,F4_order_lte_1pct_ref_amount,B_tail_and_past20_exit_proxy,300000,0.01
5bp_one_way_slippage,5bp_one_way_slippage,,,5,True,False,False,False,False,0.0563104482106116,0.0010326747876184769,0.44655172413793104,0.5172413793103449,-0.06142807961348873,1.119888709620435,0.5274665946821433,580,58,10.0,1.0,0,0,20260407,0.03133403000173749,20260306,-0.03382598351049495,0.02421758371420335,-0.024056056257852454,-0.06417169996848882,580,0,0,0,0,20260305,20260320,12,F0_no_capacity_filter_none_capital_500000,F,0.0,0.0,0.0,0,0,2939.7413793103447,2872,10.0,F0_no_capacity_filter,none,500000,
10bp_one_way_slippage,10bp_one_way_slippage,,,10,True,False,False,False,False,-0.003227249600176618,3.1890807274591157e-05,0.4362068965517241,0.46551724137931033,-0.07266548976260367,1.003480207336016,0.5274665946821433,580,58,10.0,1.0,0,0,20260407,0.03030295219418422,20260306,-0.03479191749275214,-0.03254402185585592,-0.07629633670246394,-0.11249098218166709,580,0,0,0,0,20260226,20260320,17,F0_no_capacity_filter_none_capital_500000,F,0.0,0.0,0.0,0,0,2939.7413793103447,2872,10.0,F0_no_capacity_filter,none,500000,
15bp_one_way_slippage,15bp_one_way_slippage,,,15,True,False,False,False,False,-0.05940925689216536,-0.0009678941374014937,0.4241379310344828,0.41379310344827586,-0.08774790238071883,0.9004784480888323,0.5274665946821433,580,58,10.0,1.0,0,0,20260407,0.02927290366320434,20260306,-0.03575688722845871,-0.08616000697166704,-0.12574037411085848,-0.15831547943665913,580,0,0,0,0,20260225,20260320,18,F0_no_capacity_filter_none_capital_500000,F,0.0,0.0,0.0,0,0,2939.7413793103447,2872,10.0,F0_no_capacity_filter,none,500000,
20bp_one_way_slippage,20bp_one_way_slippage,,,20,True,False,False,False,False,-0.11242472974811923,-0.001966681541598857,0.41206896551724137,0.3793103448275862,-0.13245101003646953,0.8090038424362932,0.5274665946821433,580,58,10.0,1.0,0,0,20260407,0.028243882868349245,20260306,-0.036720894160737136,-0.13680471623528145,-0.17253786069097876,-0.20177401831187802,580,0,0,0,0,20260225,20260519,56,F0_no_capacity_filter_none_capital_500000,F,0.0,0.0,0.0,0,0,2939.7413793103447,2872,10.0,F0_no_capacity_filter,none,500000,
10bp_slippage_plus_impact,10bp_one_way_slippage_plus_impact_cost,500000.0,,10,True,True,False,False,False,-0.026666965537027854,-0.0003785280730400929,0.42931034482758623,0.4482758620689655,-0.07823556241868701,0.9596557639706803,0.5274665946821433,580,58,10.0,1.0,0,0,20260407,0.02986007588437638,20260306,-0.03516805920598265,-0.054888079211015794,-0.09705678193007239,-0.13171799118784333,580,0,0,0,0,20260226,20260320,17,F0_no_capacity_filter_none_capital_500000,F,0.02540259513771686,0.07635693006174908,0.21977166955737687,0,0,2939.7413793103447,2872,10.0,F0_no_capacity_filter,none,500000,
10bp_slippage_plus_impact_participation_1pct_no_partial,10bp_one_way_slippage_plus_impact_cost_plus_participation_cap,500000.0,0.01,10,True,True,False,True,True,-0.03256042119123481,-0.0005575656547564926,0.4025974025974026,0.27586206896551724,-0.04857772262000015,0.8408237822824026,0.5274665946821433,580,58,10.0,0.2655172413793103,0,426,20260520,0.015184413122085415,20260227,-0.017625389230304944,-0.04703070072410431,-0.06643111856871986,-0.07902029701354807,154,0,426,0,0,20260225,20260519,56,F0_no_capacity_filter_none_capital_500000,F,0.0,0.0047219914369626146,0.009462836444039953,0,0,2939.7413793103447,2872,10.0,F0_no_capacity_filter,none,500000,
10bp_slippage_plus_impact_participation_1pct_partial_zero,10bp_one_way_slippage_plus_impact_cost_plus_participation_cap_plus_partial_zero_fill,500000.0,0.01,10,True,True,True,True,True,-0.05632557437392194,-0.0009699119366124896,0.4317789291882556,0.43103448275862066,-0.0735381311119605,0.8374194967118974,0.5274665946821433,580,58,10.0,0.517804037267043,425,1,20260520,0.01709321142541654,20260227,-0.022271573499168272,-0.07218491380592829,-0.09982308798737971,-0.12230844314361466,154,425,1,0,0,20260224,20260519,57,F0_no_capacity_filter_none_capital_500000,F,0.01,0.01,0.010000000000000002,0,0,2939.7413793103447,2872,10.0,F0_no_capacity_filter,none,500000,
10bp_slippage_plus_impact_participation_3pct_no_partial,10bp_one_way_slippage_plus_impact_cost_plus_participation_cap,500000.0,0.03,10,True,True,False,True,True,-0.07531111594237438,-0.0013083952648472892,0.3850746268656716,0.43103448275862066,-0.09466382950076246,0.8081884953235821,0.5274665946821433,580,58,10.0,0.5775862068965517,0,245,20260520,0.01886642384003736,20260306,-0.025155000627737577,-0.09243364741323312,-0.12475818367355518,-0.1484484340336525,335,0,245,0,0,20260224,20260519,57,F0_no_capacity_filter_none_capital_500000,F,0.0021166775168179443,0.02380365061570261,0.02898996140718704,0,0,2939.7413793103447,2872,10.0,F0_no_capacity_filter,none,500000,
10bp_slippage_plus_impact_participation_3pct_partial_zero,10bp_one_way_slippage_plus_impact_cost_plus_participation_cap_plus_partial_zero_fill,500000.0,0.03,10,True,True,True,True,True,-0.06696196949039201,-0.0011257247772294369,0.4317789291882556,0.41379310344827586,-0.08709634625608198,0.8690014257565224,0.5274665946821433,580,58,10.0,0.8283795485436911,244,1,20260407,0.0241371384447807,20260306,-0.032416238381459836,-0.08895205975394338,-0.12621858437898337,-0.15852360700641677,335,244,1,0,0,20260224,20260519,57,F0_no_capacity_filter_none_capital_500000,F,0.025311859718720173,0.03,0.030000000000000002,0,0,2939.7413793103447,2872,10.0,F0_no_capacity_filter,none,500000,
10bp_slippage_plus_impact_participation_5pct_no_partial,10bp_one_way_slippage_plus_impact_cost_plus_participation_cap,500000.0,0.05,10,True,True,False,True,True,-0.0812649022225268,-0.0013880381534151977,0.3870967741935484,0.3620689655172414,-0.10103809441682021,0.8395809787997776,0.5274665946821433,580,58,10.0,0.8017241379310345,0,115,20260407,0.02685126367073354,20260320,-0.03332427148503704,-0.10528902258616502,-0.1438482962379385,-0.17561044038318396,465,0,115,0,0,20260224,20260519,57,F0_no_capacity_filter_none_capital_500000,F,0.012827936600493427,0.039179020557369125,0.048283072347255325,0,0,2939.7413793103447,2872,10.0,F0_no_capacity_filter,none,500000,
10bp_slippage_plus_impact_participation_5pct_partial_zero,10bp_one_way_slippage_plus_impact_cost_plus_participation_cap_plus_partial_zero_fill,500000.0,0.05,10,True,True,True,True,True,-0.05534046324071906,-0.0008996899902183173,0.4317789291882556,0.41379310344827586,-0.08170873668233647,0.9018092981289526,0.5274665946821433,580,58,10.0,0.9230832982520665,114,1,20260407,0.028423236564577552,20260306,-0.034845906607423885,-0.08144866512848081,-0.12200308882500788,-0.1548973721400656,465,114,1,0,0,20260225,20260320,18,F0_no_capacity_filter_none_capital_500000,F,0.025311859718720173,0.05,0.05000000000000001,0,0,2939.7413793103447,2872,10.0,F0_no_capacity_filter,none,500000,
10bp_slippage_plus_impact_participation_10pct_no_partial,10bp_one_way_slippage_plus_impact_cost_plus_participation_cap,500000.0,0.1,10,True,True,False,True,True,-0.05860645506305984,-0.0009561983190321194,0.40699815837937386,0.41379310344827586,-0.0825957733333923,0.8970885257873702,0.5274665946821433,580,58,10.0,0.9362068965517242,0,37,20260407,0.02986007588437638,20260306,-0.03516805920598265,-0.0859015054753598,-0.12668646101731051,-0.1590852875188251,543,0,37,0,0,20260225,20260320,18,F0_no_capacity_filter_none_capital_500000,F,0.0212147376326338,0.05916497023796996,0.09598924216443211,0,0,2939.7413793103447,2872,10.0,F0_no_capacity_filter,none,500000,
10bp_slippage_plus_impact_participation_10pct_partial_zero,10bp_one_way_slippage_plus_impact_cost_plus_participation_cap_plus_partial_zero_fill,500000.0,0.1,10,True,True,True,True,True,-0.037669272001598864,-0.0005751591039287406,0.43005181347150256,0.41379310344827586,-0.08150160751515378,0.9384608725535799,0.5274665946821433,580,58,10.0,0.9791960792244085,36,1,20260407,0.02986007588437638,20260306,-0.03516805920598265,-0.06557138145974384,-0.10726342000107125,-0.14137558878106127,543,36,1,0,0,20260225,20260320,18,F0_no_capacity_filter_none_capital_500000,F,0.025311859718720173,0.07577469921662504,0.10000000000000002,0,0,2939.7413793103447,2872,10.0,F0_no_capacity_filter,none,500000,
5bp_one_way_slippage,5bp_one_way_slippage,,,5,True,False,False,False,False,0.0563104482106116,0.0010326747876184769,0.44655172413793104,0.5172413793103449,-0.06142807961348873,1.119888709620435,0.5274665946821433,580,58,10.0,1.0,0,0,20260407,0.03133403000173749,20260306,-0.03382598351049495,0.02421758371420335,-0.024056056257852454,-0.06417169996848882,580,0,0,0,0,20260305,20260320,12,F1_order_lte_10pct_ref_amount_A_tail_capital_500000,F,0.0,0.0,0.0,0,0,2939.7413793103447,2872,10.0,F1_order_lte_10pct_ref_amount,A_tail,500000,0.1
10bp_one_way_slippage,10bp_one_way_slippage,,,10,True,False,False,False,False,-0.003227249600176618,3.1890807274591157e-05,0.4362068965517241,0.46551724137931033,-0.07266548976260367,1.003480207336016,0.5274665946821433,580,58,10.0,1.0,0,0,20260407,0.03030295219418422,20260306,-0.03479191749275214,-0.03254402185585592,-0.07629633670246394,-0.11249098218166709,580,0,0,0,0,20260226,20260320,17,F1_order_lte_10pct_ref_amount_A_tail_capital_500000,F,0.0,0.0,0.0,0,0,2939.7413793103447,2872,10.0,F1_order_lte_10pct_ref_amount,A_tail,500000,0.1
15bp_one_way_slippage,15bp_one_way_slippage,,,15,True,False,False,False,False,-0.05940925689216536,-0.0009678941374014937,0.4241379310344828,0.41379310344827586,-0.08774790238071883,0.9004784480888323,0.5274665946821433,580,58,10.0,1.0,0,0,20260407,0.02927290366320434,20260306,-0.03575688722845871,-0.08616000697166704,-0.12574037411085848,-0.15831547943665913,580,0,0,0,0,20260225,20260320,18,F1_order_lte_10pct_ref_amount_A_tail_capital_500000,F,0.0,0.0,0.0,0,0,2939.7413793103447,2872,10.0,F1_order_lte_10pct_ref_amount,A_tail,500000,0.1
20bp_one_way_slippage,20bp_one_way_slippage,,,20,True,False,False,False,False,-0.11242472974811923,-0.001966681541598857,0.41206896551724137,0.3793103448275862,-0.13245101003646953,0.8090038424362932,0.5274665946821433,580,58,10.0,1.0,0,0,20260407,0.028243882868349245,20260306,-0.036720894160737136,-0.13680471623528145,-0.17253786069097876,-0.20177401831187802,580,0,0,0,0,20260225,20260519,56,F1_order_lte_10pct_ref_amount_A_tail_capital_500000,F,0.0,0.0,0.0,0,0,2939.7413793103447,2872,10.0,F1_order_lte_10pct_ref_amount,A_tail,500000,0.1
10bp_slippage_plus_impact,10bp_one_way_slippage_plus_impact_cost,500000.0,,10,True,True,False,False,False,-0.026666965537027854,-0.0003785280730400929,0.42931034482758623,0.4482758620689655,-0.07823556241868701,0.9596557639706803,0.5274665946821433,580,58,10.0,1.0,0,0,20260407,0.02986007588437638,20260306,-0.03516805920598265,-0.054888079211015794,-0.09705678193007239,-0.13171799118784333,580,0,0,0,0,20260226,20260320,17,F1_order_lte_10pct_ref_amount_A_tail_capital_500000,F,0.02540259513771686,0.07635693006174908,0.21977166955737687,0,0,2939.7413793103447,2872,10.0,F1_order_lte_10pct_ref_amount,A_tail,500000,0.1
10bp_slippage_plus_impact_participation_1pct_no_partial,10bp_one_way_slippage_plus_impact_cost_plus_participation_cap,500000.0,0.01,10,True,True,False,True,True,-0.03256042119123481,-0.0005575656547564926,0.4025974025974026,0.27586206896551724,-0.04857772262000015,0.8408237822824026,0.5274665946821433,580,58,10.0,0.2655172413793103,0,426,20260520,0.015184413122085415,20260227,-0.017625389230304944,-0.04703070072410431,-0.06643111856871986,-0.07902029701354807,154,0,426,0,0,20260225,20260519,56,F1_order_lte_10pct_ref_amount_A_tail_capital_500000,F,0.0,0.0047219914369626146,0.009462836444039953,0,0,2939.7413793103447,2872,10.0,F1_order_lte_10pct_ref_amount,A_tail,500000,0.1
10bp_slippage_plus_impact_participation_1pct_partial_zero,10bp_one_way_slippage_plus_impact_cost_plus_participation_cap_plus_partial_zero_fill,500000.0,0.01,10,True,True,True,True,True,-0.05632557437392194,-0.0009699119366124896,0.4317789291882556,0.43103448275862066,-0.0735381311119605,0.8374194967118974,0.5274665946821433,580,58,10.0,0.517804037267043,425,1,20260520,0.01709321142541654,20260227,-0.022271573499168272,-0.07218491380592829,-0.09982308798737971,-0.12230844314361466,154,425,1,0,0,20260224,20260519,57,F1_order_lte_10pct_ref_amount_A_tail_capital_500000,F,0.01,0.01,0.010000000000000002,0,0,2939.7413793103447,2872,10.0,F1_order_lte_10pct_ref_amount,A_tail,500000,0.1
10bp_slippage_plus_impact_participation_3pct_no_partial,10bp_one_way_slippage_plus_impact_cost_plus_participation_cap,500000.0,0.03,10,True,True,False,True,True,-0.07531111594237438,-0.0013083952648472892,0.3850746268656716,0.43103448275862066,-0.09466382950076246,0.8081884953235821,0.5274665946821433,580,58,10.0,0.5775862068965517,0,245,20260520,0.01886642384003736,20260306,-0.025155000627737577,-0.09243364741323312,-0.12475818367355518,-0.1484484340336525,335,0,245,0,0,20260224,20260519,57,F1_order_lte_10pct_ref_amount_A_tail_capital_500000,F,0.0021166775168179443,0.02380365061570261,0.02898996140718704,0,0,2939.7413793103447,2872,10.0,F1_order_lte_10pct_ref_amount,A_tail,500000,0.1
10bp_slippage_plus_impact_participation_3pct_partial_zero,10bp_one_way_slippage_plus_impact_cost_plus_participation_cap_plus_partial_zero_fill,500000.0,0.03,10,True,True,True,True,True,-0.06696196949039201,-0.0011257247772294369,0.4317789291882556,0.41379310344827586,-0.08709634625608198,0.8690014257565224,0.5274665946821433,580,58,10.0,0.8283795485436911,244,1,20260407,0.0241371384447807,20260306,-0.032416238381459836,-0.08895205975394338,-0.12621858437898337,-0.15852360700641677,335,244,1,0,0,20260224,20260519,57,F1_order_lte_10pct_ref_amount_A_tail_capital_500000,F,0.025311859718720173,0.03,0.030000000000000002,0,0,2939.7413793103447,2872,10.0,F1_order_lte_10pct_ref_amount,A_tail,500000,0.1
10bp_slippage_plus_impact_participation_5pct_no_partial,10bp_one_way_slippage_plus_impact_cost_plus_participation_cap,500000.0,0.05,10,True,True,False,True,True,-0.0812649022225268,-0.0013880381534151977,0.3870967741935484,0.3620689655172414,-0.10103809441682021,0.8395809787997776,0.5274665946821433,580,58,10.0,0.8017241379310345,0,115,20260407,0.02685126367073354,20260320,-0.03332427148503704,-0.10528902258616502,-0.1438482962379385,-0.17561044038318396,465,0,115,0,0,20260224,20260519,57,F1_order_lte_10pct_ref_amount_A_tail_capital_500000,F,0.012827936600493427,0.039179020557369125,0.048283072347255325,0,0,2939.7413793103447,2872,10.0,F1_order_lte_10pct_ref_amount,A_tail,500000,0.1
10bp_slippage_plus_impact_participation_5pct_partial_zero,10bp_one_way_slippage_plus_impact_cost_plus_participation_cap_plus_partial_zero_fill,500000.0,0.05,10,True,True,True,True,True,-0.05534046324071906,-0.0008996899902183173,0.4317789291882556,0.41379310344827586,-0.08170873668233647,0.9018092981289526,0.5274665946821433,580,58,10.0,0.9230832982520665,114,1,20260407,0.028423236564577552,20260306,-0.034845906607423885,-0.08144866512848081,-0.12200308882500788,-0.1548973721400656,465,114,1,0,0,20260225,20260320,18,F1_order_lte_10pct_ref_amount_A_tail_capital_500000,F,0.025311859718720173,0.05,0.05000000000000001,0,0,2939.7413793103447,2872,10.0,F1_order_lte_10pct_ref_amount,A_tail,500000,0.1
10bp_slippage_plus_impact_participation_10pct_no_partial,10bp_one_way_slippage_plus_impact_cost_plus_participation_cap,500000.0,0.1,10,True,True,False,True,True,-0.05860645506305984,-0.0009561983190321194,0.40699815837937386,0.41379310344827586,-0.0825957733333923,0.8970885257873702,0.5274665946821433,580,58,10.0,0.9362068965517242,0,37,20260407,0.02986007588437638,20260306,-0.03516805920598265,-0.0859015054753598,-0.12668646101731051,-0.1590852875188251,543,0,37,0,0,20260225,20260320,18,F1_order_lte_10pct_ref_amount_A_tail_capital_500000,F,0.0212147376326338,0.05916497023796996,0.09598924216443211,0,0,2939.7413793103447,2872,10.0,F1_order_lte_10pct_ref_amount,A_tail,500000,0.1
10bp_slippage_plus_impact_participation_10pct_partial_zero,10bp_one_way_slippage_plus_impact_cost_plus_participation_cap_plus_partial_zero_fill,500000.0,0.1,10,True,True,True,True,True,-0.037669272001598864,-0.0005751591039287406,0.43005181347150256,0.41379310344827586,-0.08150160751515378,0.9384608725535799,0.5274665946821433,580,58,10.0,0.9791960792244085,36,1,20260407,0.02986007588437638,20260306,-0.03516805920598265,-0.06557138145974384,-0.10726342000107125,-0.14137558878106127,543,36,1,0,0,20260225,20260320,18,F1_order_lte_10pct_ref_amount_A_tail_capital_500000,F,0.025311859718720173,0.07577469921662504,0.10000000000000002,0,0,2939.7413793103447,2872,10.0,F1_order_lte_10pct_ref_amount,A_tail,500000,0.1
5bp_one_way_slippage,5bp_one_way_slippage,,,5,True,False,False,False,False,0.0563104482106116,0.0010326747876184769,0.44655172413793104,0.5172413793103449,-0.06142807961348873,1.119888709620435,0.5274665946821433,580,58,10.0,1.0,0,0,20260407,0.03133403000173749,20260306,-0.03382598351049495,0.02421758371420335,-0.024056056257852454,-0.06417169996848882,580,0,0,0,0,20260305,20260320,12,F1_order_lte_10pct_ref_amount_B_tail_and_past20_exit_proxy_capital_500000,F,0.0,0.0,0.0,0,0,2939.7413793103447,2872,10.0,F1_order_lte_10pct_ref_amount,B_tail_and_past20_exit_proxy,500000,0.1
10bp_one_way_slippage,10bp_one_way_slippage,,,10,True,False,False,False,False,-0.003227249600176618,3.1890807274591157e-05,0.4362068965517241,0.46551724137931033,-0.07266548976260367,1.003480207336016,0.5274665946821433,580,58,10.0,1.0,0,0,20260407,0.03030295219418422,20260306,-0.03479191749275214,-0.03254402185585592,-0.07629633670246394,-0.11249098218166709,580,0,0,0,0,20260226,20260320,17,F1_order_lte_10pct_ref_amount_B_tail_and_past20_exit_proxy_capital_500000,F,0.0,0.0,0.0,0,0,2939.7413793103447,2872,10.0,F1_order_lte_10pct_ref_amount,B_tail_and_past20_exit_proxy,500000,0.1
15bp_one_way_slippage,15bp_one_way_slippage,,,15,True,False,False,False,False,-0.05940925689216536,-0.0009678941374014937,0.4241379310344828,0.41379310344827586,-0.08774790238071883,0.9004784480888323,0.5274665946821433,580,58,10.0,1.0,0,0,20260407,0.02927290366320434,20260306,-0.03575688722845871,-0.08616000697166704,-0.12574037411085848,-0.15831547943665913,580,0,0,0,0,20260225,20260320,18,F1_order_lte_10pct_ref_amount_B_tail_and_past20_exit_proxy_capital_500000,F,0.0,0.0,0.0,0,0,2939.7413793103447,2872,10.0,F1_order_lte_10pct_ref_amount,B_tail_and_past20_exit_proxy,500000,0.1
20bp_one_way_slippage,20bp_one_way_slippage,,,20,True,False,False,False,False,-0.11242472974811923,-0.001966681541598857,0.41206896551724137,0.3793103448275862,-0.13245101003646953,0.8090038424362932,0.5274665946821433,580,58,10.0,1.0,0,0,20260407,0.028243882868349245,20260306,-0.036720894160737136,-0.13680471623528145,-0.17253786069097876,-0.20177401831187802,580,0,0,0,0,20260225,20260519,56,F1_order_lte_10pct_ref_amount_B_tail_and_past20_exit_proxy_capital_500000,F,0.0,0.0,0.0,0,0,2939.7413793103447,2872,10.0,F1_order_lte_10pct_ref_amount,B_tail_and_past20_exit_proxy,500000,0.1
10bp_slippage_plus_impact,10bp_one_way_slippage_plus_impact_cost,500000.0,,10,True,True,False,False,False,-0.026666965537027854,-0.0003785280730400929,0.42931034482758623,0.4482758620689655,-0.07823556241868701,0.9596557639706803,0.5274665946821433,580,58,10.0,1.0,0,0,20260407,0.02986007588437638,20260306,-0.03516805920598265,-0.054888079211015794,-0.09705678193007239,-0.13171799118784333,580,0,0,0,0,20260226,20260320,17,F1_order_lte_10pct_ref_amount_B_tail_and_past20_exit_proxy_capital_500000,F,0.02540259513771686,0.07635693006174908,0.21977166955737687,0,0,2939.7413793103447,2872,10.0,F1_order_lte_10pct_ref_amount,B_tail_and_past20_exit_proxy,500000,0.1
10bp_slippage_plus_impact_participation_1pct_no_partial,10bp_one_way_slippage_plus_impact_cost_plus_participation_cap,500000.0,0.01,10,True,True,False,True,True,-0.03256042119123481,-0.0005575656547564926,0.4025974025974026,0.27586206896551724,-0.04857772262000015,0.8408237822824026,0.5274665946821433,580,58,10.0,0.2655172413793103,0,426,20260520,0.015184413122085415,20260227,-0.017625389230304944,-0.04703070072410431,-0.06643111856871986,-0.07902029701354807,154,0,426,0,0,20260225,20260519,56,F1_order_lte_10pct_ref_amount_B_tail_and_past20_exit_proxy_capital_500000,F,0.0,0.0047219914369626146,0.009462836444039953,0,0,2939.7413793103447,2872,10.0,F1_order_lte_10pct_ref_amount,B_tail_and_past20_exit_proxy,500000,0.1
10bp_slippage_plus_impact_participation_1pct_partial_zero,10bp_one_way_slippage_plus_impact_cost_plus_participation_cap_plus_partial_zero_fill,500000.0,0.01,10,True,True,True,True,True,-0.05632557437392194,-0.0009699119366124896,0.4317789291882556,0.43103448275862066,-0.0735381311119605,0.8374194967118974,0.5274665946821433,580,58,10.0,0.517804037267043,425,1,20260520,0.01709321142541654,20260227,-0.022271573499168272,-0.07218491380592829,-0.09982308798737971,-0.12230844314361466,154,425,1,0,0,20260224,20260519,57,F1_order_lte_10pct_ref_amount_B_tail_and_past20_exit_proxy_capital_500000,F,0.01,0.01,0.010000000000000002,0,0,2939.7413793103447,2872,10.0,F1_order_lte_10pct_ref_amount,B_tail_and_past20_exit_proxy,500000,0.1
10bp_slippage_plus_impact_participation_3pct_no_partial,10bp_one_way_slippage_plus_impact_cost_plus_participation_cap,500000.0,0.03,10,True,True,False,True,True,-0.07531111594237438,-0.0013083952648472892,0.3850746268656716,0.43103448275862066,-0.09466382950076246,0.8081884953235821,0.5274665946821433,580,58,10.0,0.5775862068965517,0,245,20260520,0.01886642384003736,20260306,-0.025155000627737577,-0.09243364741323312,-0.12475818367355518,-0.1484484340336525,335,0,245,0,0,20260224,20260519,57,F1_order_lte_10pct_ref_amount_B_tail_and_past20_exit_proxy_capital_500000,F,0.0021166775168179443,0.02380365061570261,0.02898996140718704,0,0,2939.7413793103447,2872,10.0,F1_order_lte_10pct_ref_amount,B_tail_and_past20_exit_proxy,500000,0.1
10bp_slippage_plus_impact_participation_3pct_partial_zero,10bp_one_way_slippage_plus_impact_cost_plus_participation_cap_plus_partial_zero_fill,500000.0,0.03,10,True,True,True,True,True,-0.06696196949039201,-0.0011257247772294369,0.4317789291882556,0.41379310344827586,-0.08709634625608198,0.8690014257565224,0.5274665946821433,580,58,10.0,0.8283795485436911,244,1,20260407,0.0241371384447807,20260306,-0.032416238381459836,-0.08895205975394338,-0.12621858437898337,-0.15852360700641677,335,244,1,0,0,20260224,20260519,57,F1_order_lte_10pct_ref_amount_B_tail_and_past20_exit_proxy_capital_500000,F,0.025311859718720173,0.03,0.030000000000000002,0,0,2939.7413793103447,2872,10.0,F1_order_lte_10pct_ref_amount,B_tail_and_past20_exit_proxy,500000,0.1
10bp_slippage_plus_impact_participation_5pct_no_partial,10bp_one_way_slippage_plus_impact_cost_plus_participation_cap,500000.0,0.05,10,True,True,False,True,True,-0.0812649022225268,-0.0013880381534151977,0.3870967741935484,0.3620689655172414,-0.10103809441682021,0.8395809787997776,0.5274665946821433,580,58,10.0,0.8017241379310345,0,115,20260407,0.02685126367073354,20260320,-0.03332427148503704,-0.10528902258616502,-0.1438482962379385,-0.17561044038318396,465,0,115,0,0,20260224,20260519,57,F1_order_lte_10pct_ref_amount_B_tail_and_past20_exit_proxy_capital_500000,F,0.012827936600493427,0.039179020557369125,0.048283072347255325,0,0,2939.7413793103447,2872,10.0,F1_order_lte_10pct_ref_amount,B_tail_and_past20_exit_proxy,500000,0.1
10bp_slippage_plus_impact_participation_5pct_partial_zero,10bp_one_way_slippage_plus_impact_cost_plus_participation_cap_plus_partial_zero_fill,500000.0,0.05,10,True,True,True,True,True,-0.05534046324071906,-0.0008996899902183173,0.4317789291882556,0.41379310344827586,-0.08170873668233647,0.9018092981289526,0.5274665946821433,580,58,10.0,0.9230832982520665,114,1,20260407,0.028423236564577552,20260306,-0.034845906607423885,-0.08144866512848081,-0.12200308882500788,-0.1548973721400656,465,114,1,0,0,20260225,20260320,18,F1_order_lte_10pct_ref_amount_B_tail_and_past20_exit_proxy_capital_500000,F,0.025311859718720173,0.05,0.05000000000000001,0,0,2939.7413793103447,2872,10.0,F1_order_lte_10pct_ref_amount,B_tail_and_past20_exit_proxy,500000,0.1
10bp_slippage_plus_impact_participation_10pct_no_partial,10bp_one_way_slippage_plus_impact_cost_plus_participation_cap,500000.0,0.1,10,True,True,False,True,True,-0.05860645506305984,-0.0009561983190321194,0.40699815837937386,0.41379310344827586,-0.0825957733333923,0.8970885257873702,0.5274665946821433,580,58,10.0,0.9362068965517242,0,37,20260407,0.02986007588437638,20260306,-0.03516805920598265,-0.0859015054753598,-0.12668646101731051,-0.1590852875188251,543,0,37,0,0,20260225,20260320,18,F1_order_lte_10pct_ref_amount_B_tail_and_past20_exit_proxy_capital_500000,F,0.0212147376326338,0.05916497023796996,0.09598924216443211,0,0,2939.7413793103447,2872,10.0,F1_order_lte_10pct_ref_amount,B_tail_and_past20_exit_proxy,500000,0.1
10bp_slippage_plus_impact_participation_10pct_partial_zero,10bp_one_way_slippage_plus_impact_cost_plus_participation_cap_plus_partial_zero_fill,500000.0,0.1,10,True,True,True,True,True,-0.037669272001598864,-0.0005751591039287406,0.43005181347150256,0.41379310344827586,-0.08150160751515378,0.9384608725535799,0.5274665946821433,580,58,10.0,0.9791960792244085,36,1,20260407,0.02986007588437638,20260306,-0.03516805920598265,-0.06557138145974384,-0.10726342000107125,-0.14137558878106127,543,36,1,0,0,20260225,20260320,18,F1_order_lte_10pct_ref_amount_B_tail_and_past20_exit_proxy_capital_500000,F,0.025311859718720173,0.07577469921662504,0.10000000000000002,0,0,2939.7413793103447,2872,10.0,F1_order_lte_10pct_ref_amount,B_tail_and_past20_exit_proxy,500000,0.1
5bp_one_way_slippage,5bp_one_way_slippage,,,5,True,False,False,False,False,0.04719432528399459,0.000882208339340955,0.44482758620689655,0.5172413793103449,-0.06142807961348884,1.1023260101720942,0.5242640916015529,580,58,10.0,1.0,0,0,20260407,0.03133403000173749,20260306,-0.03382598351049495,0.01537842718350979,-0.03247860379178169,-0.07224804327811496,580,0,0,0,0,20260305,20260320,12,F2_order_lte_5pct_ref_amount_A_tail_capital_500000,F,0.0,0.0,0.0,3,0,2939.689655172414,2872,10.0,F2_order_lte_5pct_ref_amount,A_tail,500000,0.05
10bp_one_way_slippage,10bp_one_way_slippage,,,10,True,False,False,False,False,-0.011829552964626844,-0.00011842521193621966,0.43448275862068964,0.46551724137931033,-0.07266548976260334,0.9870899867454144,0.5242640916015529,580,58,10.0,1.0,0,0,20260407,0.03030295219418422,20260306,-0.03479191749275214,-0.040893316930795676,-0.0842680425174076,-0.12015032259491265,580,0,0,0,0,20260226,20260320,17,F2_order_lte_5pct_ref_amount_A_tail_capital_500000,F,0.0,0.0,0.0,3,0,2939.689655172414,2872,10.0,F2_order_lte_5pct_ref_amount,A_tail,500000,0.05
15bp_one_way_slippage,15bp_one_way_slippage,,,15,True,False,False,False,False,-0.06752670082385681,-0.00111805987771187,0.4224137931034483,0.41379310344827586,-0.08774790238071917,0.8851721598644039,0.5242640916015529,580,58,10.0,1.0,0,0,20260407,0.02927290366320434,20260306,-0.03575688722845871,-0.09404658778303487,-0.13328537021771802,-0.16557934733447655,580,0,0,0,0,20260225,20260320,18,F2_order_lte_5pct_ref_amount_A_tail_capital_500000,F,0.0,0.0,0.0,3,0,2939.689655172414,2872,10.0,F2_order_lte_5pct_ref_amount,A_tail,500000,0.05
20bp_one_way_slippage,20bp_one_way_slippage,,,20,True,False,False,False,False,-0.12008464193013635,-0.0021166971529503298,0.4103448275862069,0.3793103448275862,-0.13562176638135437,0.7946956446437382,0.5242640916015529,580,58,10.0,1.0,0,0,20260407,0.028243882868349245,20260306,-0.036720894160737136,-0.14425422535431465,-0.1796789872336918,-0.20866283228187632,580,0,0,0,0,20260225,20260519,56,F2_order_lte_5pct_ref_amount_A_tail_capital_500000,F,0.0,0.0,0.0,3,0,2939.689655172414,2872,10.0,F2_order_lte_5pct_ref_amount,A_tail,500000,0.05
10bp_slippage_plus_impact,10bp_one_way_slippage_plus_impact_cost,500000.0,,10,True,True,False,False,False,-0.035028371908722766,-0.000528066507895281,0.42758620689655175,0.4482758620689655,-0.07823556241868679,0.9437820644564181,0.5242640916015529,580,58,10.0,1.0,0,0,20260407,0.02986007588437638,20260306,-0.03516805920598265,-0.06300705242639593,-0.10481350538394463,-0.13917695791747375,580,0,0,0,0,20260226,20260320,17,F2_order_lte_5pct_ref_amount_A_tail_capital_500000,F,0.02540259513771686,0.07495850068599269,0.19823638321801337,3,0,2939.689655172414,2872,10.0,F2_order_lte_5pct_ref_amount,A_tail,500000,0.05
10bp_slippage_plus_impact_participation_1pct_no_partial,10bp_one_way_slippage_plus_impact_cost_plus_participation_cap,500000.0,0.01,10,True,True,False,True,True,-0.03256042119123481,-0.0005575656547564926,0.4025974025974026,0.27586206896551724,-0.04857772262000015,0.8408237822824026,0.5242640916015529,580,58,10.0,0.2655172413793103,0,426,20260520,0.015184413122085415,20260227,-0.017625389230304944,-0.04703070072410431,-0.06643111856871986,-0.07902029701354807,154,0,426,0,0,20260225,20260519,56,F2_order_lte_5pct_ref_amount_A_tail_capital_500000,F,0.0,0.0047219914369626146,0.009462836444039953,3,0,2939.689655172414,2872,10.0,F2_order_lte_5pct_ref_amount,A_tail,500000,0.05
10bp_slippage_plus_impact_participation_1pct_partial_zero,10bp_one_way_slippage_plus_impact_cost_plus_participation_cap_plus_partial_zero_fill,500000.0,0.01,10,True,True,True,True,True,-0.05667561955731981,-0.000976315901428224,0.43005181347150256,0.43103448275862066,-0.07369053225193145,0.8363863898905414,0.5242640916015529,580,58,10.0,0.5182864241560116,425,1,20260520,0.01709321142541654,20260227,-0.022271573499168272,-0.07252907614962079,-0.10015699826797897,-0.12263401274012276,154,425,1,0,0,20260224,20260519,57,F2_order_lte_5pct_ref_amount_A_tail_capital_500000,F,0.01,0.01,0.010000000000000002,3,0,2939.689655172414,2872,10.0,F2_order_lte_5pct_ref_amount,A_tail,500000,0.05
10bp_slippage_plus_impact_participation_3pct_no_partial,10bp_one_way_slippage_plus_impact_cost_plus_participation_cap,500000.0,0.03,10,True,True,False,True,True,-0.07531111594237438,-0.0013083952648472892,0.3850746268656716,0.43103448275862066,-0.09466382950076246,0.8081884953235821,0.5242640916015529,580,58,10.0,0.5775862068965517,0,245,20260520,0.01886642384003736,20260306,-0.025155000627737577,-0.09243364741323312,-0.12475818367355518,-0.1484484340336525,335,0,245,0,0,20260224,20260519,57,F2_order_lte_5pct_ref_amount_A_tail_capital_500000,F,0.0021166775168179443,0.02380365061570261,0.02898996140718704,3,0,2939.689655172414,2872,10.0,F2_order_lte_5pct_ref_amount,A_tail,500000,0.05
10bp_slippage_plus_impact_participation_3pct_partial_zero,10bp_one_way_slippage_plus_impact_cost_plus_participation_cap_plus_partial_zero_fill,500000.0,0.03,10,True,True,True,True,True,-0.0680153407166384,-0.0011452527360725682,0.43005181347150256,0.41379310344827586,-0.08755653987831491,0.8667994943232447,0.5242640916015529,580,58,10.0,0.8298267092105968,244,1,20260407,0.0241371384447807,20260306,-0.032416238381459836,-0.08998060484493176,-0.12720505671038507,-0.15947360796132004,335,244,1,0,0,20260224,20260519,57,F2_order_lte_5pct_ref_amount_A_tail_capital_500000,F,0.025311859718720173,0.03,0.030000000000000002,3,0,2939.689655172414,2872,10.0,F2_order_lte_5pct_ref_amount,A_tail,500000,0.05
10bp_slippage_plus_impact_participation_5pct_no_partial,10bp_one_way_slippage_plus_impact_cost_plus_participation_cap,500000.0,0.05,10,True,True,False,True,True,-0.08039874323396501,-0.001371795814051154,0.388412017167382,0.3793103448275862,-0.10019057706739154,0.8414581463519596,0.5242640916015529,580,58,10.0,0.803448275862069,0,114,20260407,0.02685126367073354,20260320,-0.03332427148503704,-0.10444551289863235,-0.14304113920695172,-0.1748332278560195,466,0,114,0,0,20260224,20260519,57,F2_order_lte_5pct_ref_amount_A_tail_capital_500000,F,0.012983606943815458,0.039282999327826744,0.048283072347255325,3,0,2939.689655172414,2872,10.0,F2_order_lte_5pct_ref_amount,A_tail,500000,0.05
10bp_slippage_plus_impact_participation_5pct_partial_zero,10bp_one_way_slippage_plus_impact_cost_plus_participation_cap_plus_partial_zero_fill,500000.0,0.05,10,True,True,True,True,True,-0.05733945726181522,-0.000936338126243247,0.43005181347150256,0.41379310344827586,-0.08170873668233625,0.8978957759776998,0.5242640916015529,580,58,10.0,0.9250840287094763,113,1,20260407,0.028423236564577552,20260306,-0.034845906607423885,-0.08339241158424293,-0.12386101806584437,-0.1566856937888368,466,113,1,0,0,20260225,20260320,18,F2_order_lte_5pct_ref_amount_A_tail_capital_500000,F,0.025311859718720173,0.05,0.05000000000000001,3,0,2939.689655172414,2872,10.0,F2_order_lte_5pct_ref_amount,A_tail,500000,0.05
10bp_slippage_plus_impact_participation_10pct_no_partial,10bp_one_way_slippage_plus_impact_cost_plus_participation_cap,500000.0,0.1,10,True,True,False,True,True,-0.05830844075630204,-0.0009507021320127472,0.4073394495412844,0.41379310344827586,-0.0825957733333923,0.8977982591592348,0.5242640916015529,580,58,10.0,0.9396551724137931,0,35,20260407,0.02986007588437638,20260306,-0.03516805920598265,-0.08561213188594086,-0.12640999860655555,-0.15881908151345092,545,0,35,0,0,20260225,20260320,18,F2_order_lte_5pct_ref_amount_A_tail_capital_500000,F,0.021276533257023,0.05929927361060404,0.09598924216443211,3,0,2939.689655172414,2872,10.0,F2_order_lte_5pct_ref_amount,A_tail,500000,0.05
10bp_slippage_plus_impact_participation_10pct_partial_zero,10bp_one_way_slippage_plus_impact_cost_plus_participation_cap_plus_partial_zero_fill,500000.0,0.1,10,True,True,True,True,True,-0.042349576475570694,-0.0006596376860524289,0.4283246977547496,0.41379310344827586,-0.08150160751515367,0.9295031458934454,0.5242640916015529,580,58,10.0,0.9806781378450982,34,1,20260407,0.02986007588437638,20260306,-0.03516805920598265,-0.07011598376404515,-0.11160525268694865,-0.1455515166158171,545,34,1,0,0,20260225,20260320,18,F2_order_lte_5pct_ref_amount_A_tail_capital_500000,F,0.025311859718720173,0.07380879496385735,0.10000000000000002,3,0,2939.689655172414,2872,10.0,F2_order_lte_5pct_ref_amount,A_tail,500000,0.05
5bp_one_way_slippage,5bp_one_way_slippage,,,5,True,False,False,False,False,0.04719432528399459,0.000882208339340955,0.44482758620689655,0.5172413793103449,-0.06142807961348884,1.1023260101720942,0.5242640916015529,580,58,10.0,1.0,0,0,20260407,0.03133403000173749,20260306,-0.03382598351049495,0.01537842718350979,-0.03247860379178169,-0.07224804327811496,580,0,0,0,0,20260305,20260320,12,F2_order_lte_5pct_ref_amount_B_tail_and_past20_exit_proxy_capital_500000,F,0.0,0.0,0.0,3,0,2939.689655172414,2872,10.0,F2_order_lte_5pct_ref_amount,B_tail_and_past20_exit_proxy,500000,0.05
10bp_one_way_slippage,10bp_one_way_slippage,,,10,True,False,False,False,False,-0.011829552964626844,-0.00011842521193621966,0.43448275862068964,0.46551724137931033,-0.07266548976260334,0.9870899867454144,0.5242640916015529,580,58,10.0,1.0,0,0,20260407,0.03030295219418422,20260306,-0.03479191749275214,-0.040893316930795676,-0.0842680425174076,-0.12015032259491265,580,0,0,0,0,20260226,20260320,17,F2_order_lte_5pct_ref_amount_B_tail_and_past20_exit_proxy_capital_500000,F,0.0,0.0,0.0,3,0,2939.689655172414,2872,10.0,F2_order_lte_5pct_ref_amount,B_tail_and_past20_exit_proxy,500000,0.05
15bp_one_way_slippage,15bp_one_way_slippage,,,15,True,False,False,False,False,-0.06752670082385681,-0.00111805987771187,0.4224137931034483,0.41379310344827586,-0.08774790238071917,0.8851721598644039,0.5242640916015529,580,58,10.0,1.0,0,0,20260407,0.02927290366320434,20260306,-0.03575688722845871,-0.09404658778303487,-0.13328537021771802,-0.16557934733447655,580,0,0,0,0,20260225,20260320,18,F2_order_lte_5pct_ref_amount_B_tail_and_past20_exit_proxy_capital_500000,F,0.0,0.0,0.0,3,0,2939.689655172414,2872,10.0,F2_order_lte_5pct_ref_amount,B_tail_and_past20_exit_proxy,500000,0.05
20bp_one_way_slippage,20bp_one_way_slippage,,,20,True,False,False,False,False,-0.12008464193013635,-0.0021166971529503298,0.4103448275862069,0.3793103448275862,-0.13562176638135437,0.7946956446437382,0.5242640916015529,580,58,10.0,1.0,0,0,20260407,0.028243882868349245,20260306,-0.036720894160737136,-0.14425422535431465,-0.1796789872336918,-0.20866283228187632,580,0,0,0,0,20260225,20260519,56,F2_order_lte_5pct_ref_amount_B_tail_and_past20_exit_proxy_capital_500000,F,0.0,0.0,0.0,3,0,2939.689655172414,2872,10.0,F2_order_lte_5pct_ref_amount,B_tail_and_past20_exit_proxy,500000,0.05
10bp_slippage_plus_impact,10bp_one_way_slippage_plus_impact_cost,500000.0,,10,True,True,False,False,False,-0.035028371908722766,-0.000528066507895281,0.42758620689655175,0.4482758620689655,-0.07823556241868679,0.9437820644564181,0.5242640916015529,580,58,10.0,1.0,0,0,20260407,0.02986007588437638,20260306,-0.03516805920598265,-0.06300705242639593,-0.10481350538394463,-0.13917695791747375,580,0,0,0,0,20260226,20260320,17,F2_order_lte_5pct_ref_amount_B_tail_and_past20_exit_proxy_capital_500000,F,0.02540259513771686,0.07495850068599269,0.19823638321801337,3,0,2939.689655172414,2872,10.0,F2_order_lte_5pct_ref_amount,B_tail_and_past20_exit_proxy,500000,0.05
10bp_slippage_plus_impact_participation_1pct_no_partial,10bp_one_way_slippage_plus_impact_cost_plus_participation_cap,500000.0,0.01,10,True,True,False,True,True,-0.03256042119123481,-0.0005575656547564926,0.4025974025974026,0.27586206896551724,-0.04857772262000015,0.8408237822824026,0.5242640916015529,580,58,10.0,0.2655172413793103,0,426,20260520,0.015184413122085415,20260227,-0.017625389230304944,-0.04703070072410431,-0.06643111856871986,-0.07902029701354807,154,0,426,0,0,20260225,20260519,56,F2_order_lte_5pct_ref_amount_B_tail_and_past20_exit_proxy_capital_500000,F,0.0,0.0047219914369626146,0.009462836444039953,3,0,2939.689655172414,2872,10.0,F2_order_lte_5pct_ref_amount,B_tail_and_past20_exit_proxy,500000,0.05
10bp_slippage_plus_impact_participation_1pct_partial_zero,10bp_one_way_slippage_plus_impact_cost_plus_participation_cap_plus_partial_zero_fill,500000.0,0.01,10,True,True,True,True,True,-0.05667561955731981,-0.000976315901428224,0.43005181347150256,0.43103448275862066,-0.07369053225193145,0.8363863898905414,0.5242640916015529,580,58,10.0,0.5182864241560116,425,1,20260520,0.01709321142541654,20260227,-0.022271573499168272,-0.07252907614962079,-0.10015699826797897,-0.12263401274012276,154,425,1,0,0,20260224,20260519,57,F2_order_lte_5pct_ref_amount_B_tail_and_past20_exit_proxy_capital_500000,F,0.01,0.01,0.010000000000000002,3,0,2939.689655172414,2872,10.0,F2_order_lte_5pct_ref_amount,B_tail_and_past20_exit_proxy,500000,0.05
10bp_slippage_plus_impact_participation_3pct_no_partial,10bp_one_way_slippage_plus_impact_cost_plus_participation_cap,500000.0,0.03,10,True,True,False,True,True,-0.07531111594237438,-0.0013083952648472892,0.3850746268656716,0.43103448275862066,-0.09466382950076246,0.8081884953235821,0.5242640916015529,580,58,10.0,0.5775862068965517,0,245,20260520,0.01886642384003736,20260306,-0.025155000627737577,-0.09243364741323312,-0.12475818367355518,-0.1484484340336525,335,0,245,0,0,20260224,20260519,57,F2_order_lte_5pct_ref_amount_B_tail_and_past20_exit_proxy_capital_500000,F,0.0021166775168179443,0.02380365061570261,0.02898996140718704,3,0,2939.689655172414,2872,10.0,F2_order_lte_5pct_ref_amount,B_tail_and_past20_exit_proxy,500000,0.05
10bp_slippage_plus_impact_participation_3pct_partial_zero,10bp_one_way_slippage_plus_impact_cost_plus_participation_cap_plus_partial_zero_fill,500000.0,0.03,10,True,True,True,True,True,-0.0680153407166384,-0.0011452527360725682,0.43005181347150256,0.41379310344827586,-0.08755653987831491,0.8667994943232447,0.5242640916015529,580,58,10.0,0.8298267092105968,244,1,20260407,0.0241371384447807,20260306,-0.032416238381459836,-0.08998060484493176,-0.12720505671038507,-0.15947360796132004,335,244,1,0,0,20260224,20260519,57,F2_order_lte_5pct_ref_amount_B_tail_and_past20_exit_proxy_capital_500000,F,0.025311859718720173,0.03,0.030000000000000002,3,0,2939.689655172414,2872,10.0,F2_order_lte_5pct_ref_amount,B_tail_and_past20_exit_proxy,500000,0.05
10bp_slippage_plus_impact_participation_5pct_no_partial,10bp_one_way_slippage_plus_impact_cost_plus_participation_cap,500000.0,0.05,10,True,True,False,True,True,-0.08039874323396501,-0.001371795814051154,0.388412017167382,0.3793103448275862,-0.10019057706739154,0.8414581463519596,0.5242640916015529,580,58,10.0,0.803448275862069,0,114,20260407,0.02685126367073354,20260320,-0.03332427148503704,-0.10444551289863235,-0.14304113920695172,-0.1748332278560195,466,0,114,0,0,20260224,20260519,57,F2_order_lte_5pct_ref_amount_B_tail_and_past20_exit_proxy_capital_500000,F,0.012983606943815458,0.039282999327826744,0.048283072347255325,3,0,2939.689655172414,2872,10.0,F2_order_lte_5pct_ref_amount,B_tail_and_past20_exit_proxy,500000,0.05
10bp_slippage_plus_impact_participation_5pct_partial_zero,10bp_one_way_slippage_plus_impact_cost_plus_participation_cap_plus_partial_zero_fill,500000.0,0.05,10,True,True,True,True,True,-0.05733945726181522,-0.000936338126243247,0.43005181347150256,0.41379310344827586,-0.08170873668233625,0.8978957759776998,0.5242640916015529,580,58,10.0,0.9250840287094763,113,1,20260407,0.028423236564577552,20260306,-0.034845906607423885,-0.08339241158424293,-0.12386101806584437,-0.1566856937888368,466,113,1,0,0,20260225,20260320,18,F2_order_lte_5pct_ref_amount_B_tail_and_past20_exit_proxy_capital_500000,F,0.025311859718720173,0.05,0.05000000000000001,3,0,2939.689655172414,2872,10.0,F2_order_lte_5pct_ref_amount,B_tail_and_past20_exit_proxy,500000,0.05
10bp_slippage_plus_impact_participation_10pct_no_partial,10bp_one_way_slippage_plus_impact_cost_plus_participation_cap,500000.0,0.1,10,True,True,False,True,True,-0.05830844075630204,-0.0009507021320127472,0.4073394495412844,0.41379310344827586,-0.0825957733333923,0.8977982591592348,0.5242640916015529,580,58,10.0,0.9396551724137931,0,35,20260407,0.02986007588437638,20260306,-0.03516805920598265,-0.08561213188594086,-0.12640999860655555,-0.15881908151345092,545,0,35,0,0,20260225,20260320,18,F2_order_lte_5pct_ref_amount_B_tail_and_past20_exit_proxy_capital_500000,F,0.021276533257023,0.05929927361060404,0.09598924216443211,3,0,2939.689655172414,2872,10.0,F2_order_lte_5pct_ref_amount,B_tail_and_past20_exit_proxy,500000,0.05
10bp_slippage_plus_impact_participation_10pct_partial_zero,10bp_one_way_slippage_plus_impact_cost_plus_participation_cap_plus_partial_zero_fill,500000.0,0.1,10,True,True,True,True,True,-0.042349576475570694,-0.0006596376860524289,0.4283246977547496,0.41379310344827586,-0.08150160751515367,0.9295031458934454,0.5242640916015529,580,58,10.0,0.9806781378450982,34,1,20260407,0.02986007588437638,20260306,-0.03516805920598265,-0.07011598376404515,-0.11160525268694865,-0.1455515166158171,545,34,1,0,0,20260225,20260320,18,F2_order_lte_5pct_ref_amount_B_tail_and_past20_exit_proxy_capital_500000,F,0.025311859718720173,0.07380879496385735,0.10000000000000002,3,0,2939.689655172414,2872,10.0,F2_order_lte_5pct_ref_amount,B_tail_and_past20_exit_proxy,500000,0.05
5bp_one_way_slippage,5bp_one_way_slippage,,,5,True,False,False,False,False,0.04282800260307296,0.0008085981665320957,0.44310344827586207,0.5172413793103449,-0.06142807961348884,1.0935971594613274,0.5253472094081756,580,58,10.0,1.0,0,0,20260407,0.03133403000173749,20260306,-0.03382598351049495,0.011144762285518972,-0.03449235795801919,-0.07261508102776326,580,0,0,0,0,20260305,20260320,12,F3_order_lte_3pct_ref_amount_A_tail_capital_500000,F,0.0,0.0,0.0,41,0,2939.0344827586205,2872,10.0,F3_order_lte_3pct_ref_amount,A_tail,500000,0.03
10bp_one_way_slippage,10bp_one_way_slippage,,,10,True,False,False,False,False,-0.01594977299574407,-0.00019196179285982607,0.43275862068965515,0.46551724137931033,-0.07266548976260334,0.9791173841891841,0.5253472094081756,580,58,10.0,1.0,0,0,20260407,0.03030295219418422,20260306,-0.03479191749275214,-0.0448923543229941,-0.0861740045475643,-0.12049840921794142,580,0,0,0,0,20260226,20260320,17,F3_order_lte_3pct_ref_amount_A_tail_capital_500000,F,0.0,0.0,0.0,41,0,2939.0344827586205,2872,10.0,F3_order_lte_3pct_ref_amount,A_tail,500000,0.03
15bp_one_way_slippage,15bp_one_way_slippage,,,15,True,False,False,False,False,-0.07141468915347515,-0.0011915229402135478,0.4206896551724138,0.41379310344827586,-0.09054436612905137,0.8778906187635138,0.5253472094081756,580,58,10.0,1.0,0,0,20260407,0.02927290366320434,20260306,-0.03575688722845871,-0.09782400028051863,-0.13508930985512835,-0.1659094613012494,580,0,0,0,0,20260225,20260519,56,F3_order_lte_3pct_ref_amount_A_tail_capital_500000,F,0.0,0.0,0.0,41,0,2939.0344827586205,2872,10.0,F3_order_lte_3pct_ref_amount,A_tail,500000,0.03
20bp_one_way_slippage,20bp_one_way_slippage,,,20,True,False,False,False,False,-0.12375348761853322,-0.0021900867703834553,0.4086206896551724,0.3793103448275862,-0.13922582934772,0.7880440395834346,0.5253472094081756,580,58,10.0,1.0,0,0,20260407,0.028243882868349245,20260306,-0.036720894160737136,-0.14782229490427623,-0.18138636534810282,-0.2089759015361613,580,0,0,0,0,20260225,20260519,56,F3_order_lte_3pct_ref_amount_A_tail_capital_500000,F,0.0,0.0,0.0,41,0,2939.0344827586205,2872,10.0,F3_order_lte_3pct_ref_amount,A_tail,500000,0.03
10bp_slippage_plus_impact,10bp_one_way_slippage_plus_impact_cost,500000.0,,10,True,True,False,False,False,-0.039051049455797626,-0.0006015712470236966,0.42586206896551726,0.4482758620689655,-0.07823556241868679,0.9360917360079569,0.5253472094081756,580,58,10.0,1.0,0,0,20260407,0.02986007588437638,20260306,-0.03516805920598265,-0.06691309523868805,-0.10639970262641973,-0.13955114217702314,580,0,0,0,0,20260226,20260320,17,F3_order_lte_3pct_ref_amount_A_tail_capital_500000,F,0.025311859718720173,0.07495850068599269,0.19823638321801337,41,0,2939.0344827586205,2872,10.0,F3_order_lte_3pct_ref_amount,A_tail,500000,0.03
10bp_slippage_plus_impact_participation_1pct_no_partial,10bp_one_way_slippage_plus_impact_cost_plus_participation_cap,500000.0,0.01,10,True,True,False,True,True,-0.03256042119123481,-0.0005575656547564926,0.4025974025974026,0.27586206896551724,-0.04857772262000015,0.8408237822824026,0.5253472094081756,580,58,10.0,0.2655172413793103,0,426,20260520,0.015184413122085415,20260227,-0.017625389230304944,-0.04703070072410431,-0.06643111856871986,-0.07902029701354807,154,0,426,0,0,20260225,20260519,56,F3_order_lte_3pct_ref_amount_A_tail_capital_500000,F,0.0,0.0047219914369626146,0.009462836444039953,41,0,2939.0344827586205,2872,10.0,F3_order_lte_3pct_ref_amount,A_tail,500000,0.03
10bp_slippage_plus_impact_participation_1pct_partial_zero,10bp_one_way_slippage_plus_impact_cost_plus_participation_cap_plus_partial_zero_fill,500000.0,0.01,10,True,True,True,True,True,-0.05813132818281508,-0.001003258885978577,0.4283246977547496,0.43103448275862066,-0.07511998399730657,0.8322193591085483,0.5253472094081756,580,58,10.0,0.5189032671811931,425,1,20260520,0.01709321142541654,20260227,-0.022271573499168272,-0.07396032021765964,-0.10154560779230626,-0.12263401274012276,154,425,1,0,0,20260224,20260519,57,F3_order_lte_3pct_ref_amount_A_tail_capital_500000,F,0.01,0.01,0.010000000000000002,41,0,2939.0344827586205,2872,10.0,F3_order_lte_3pct_ref_amount,A_tail,500000,0.03
10bp_slippage_plus_impact_participation_3pct_no_partial,10bp_one_way_slippage_plus_impact_cost_plus_participation_cap,500000.0,0.03,10,True,True,False,True,True,-0.07636720764352511,-0.0013282349395605112,0.38392857142857145,0.43103448275862066,-0.09569781837301994,0.805844689742024,0.5253472094081756,580,58,10.0,0.5793103448275863,0,244,20260520,0.01886642384003736,20260306,-0.025155000627737577,-0.09347018338737034,-0.12575780163659,-0.149420995245779,336,0,244,0,0,20260224,20260519,57,F3_order_lte_3pct_ref_amount_A_tail_capital_500000,F,0.00212597151971352,0.02380365061570261,0.02898996140718704,41,0,2939.0344827586205,2872,10.0,F3_order_lte_3pct_ref_amount,A_tail,500000,0.03
10bp_slippage_plus_impact_participation_3pct_partial_zero,10bp_one_way_slippage_plus_impact_cost_plus_participation_cap_plus_partial_zero_fill,500000.0,0.03,10,True,True,True,True,True,-0.07137124502264602,-0.0012085969879865996,0.4283246977547496,0.41379310344827586,-0.09084207994199522,0.8597557484308112,0.5253472094081756,580,58,10.0,0.8301546512795622,243,1,20260407,0.0241371384447807,20260306,-0.032416238381459836,-0.09325741629921003,-0.12936450424729273,-0.15947360796132004,336,243,1,0,0,20260224,20260519,57,F3_order_lte_3pct_ref_amount_A_tail_capital_500000,F,0.025273809619990477,0.03,0.030000000000000002,41,0,2939.0344827586205,2872,10.0,F3_order_lte_3pct_ref_amount,A_tail,500000,0.03
10bp_slippage_plus_impact_participation_5pct_no_partial,10bp_one_way_slippage_plus_impact_cost_plus_participation_cap,500000.0,0.05,10,True,True,False,True,True,-0.0842322852990014,-0.0014453005531795697,0.38626609442060084,0.3793103448275862,-0.10394161290814163,0.8333451471931881,0.5253472094081756,580,58,10.0,0.803448275862069,0,114,20260407,0.02685126367073354,20260320,-0.03332427148503704,-0.10817881118696726,-0.14377597126720465,-0.17484792967932627,466,0,114,0,0,20260224,20260519,57,F3_order_lte_3pct_ref_amount_A_tail_capital_500000,F,0.012983606943815458,0.039282999327826744,0.048283072347255325,41,0,2939.0344827586205,2872,10.0,F3_order_lte_3pct_ref_amount,A_tail,500000,0.03
10bp_slippage_plus_impact_participation_5pct_partial_zero,10bp_one_way_slippage_plus_impact_cost_plus_participation_cap_plus_partial_zero_fill,500000.0,0.05,10,True,True,True,True,True,-0.061269126579955535,-0.0010098428653716627,0.4283246977547496,0.41379310344827586,-0.08170873668233625,0.8901180782269786,0.5253472094081756,580,58,10.0,0.9250840287094763,113,1,20260407,0.028423236564577552,20260306,-0.034845906607423885,-0.08721347394303147,-0.12461229685251485,-0.15705226731650823,466,113,1,0,0,20260225,20260320,18,F3_order_lte_3pct_ref_amount_A_tail_capital_500000,F,0.025273809619990477,0.05,0.05000000000000001,41,0,2939.0344827586205,2872,10.0,F3_order_lte_3pct_ref_amount,A_tail,500000,0.03
10bp_slippage_plus_impact_participation_10pct_no_partial,10bp_one_way_slippage_plus_impact_cost_plus_participation_cap,500000.0,0.1,10,True,True,False,True,True,-0.06223407067262643,-0.0010242068711411626,0.4055045871559633,0.41379310344827586,-0.08395223934400076,0.8901307303859085,0.5253472094081756,580,58,10.0,0.9396551724137931,0,35,20260407,0.02986007588437638,20260306,-0.03516805920598265,-0.08942394089596917,-0.1271590916726416,-0.15883406865744432,545,0,35,0,0,20260225,20260519,56,F3_order_lte_3pct_ref_amount_A_tail_capital_500000,F,0.021259823616413688,0.05929927361060404,0.09598924216443211,41,0,2939.0344827586205,2872,10.0,F3_order_lte_3pct_ref_amount,A_tail,500000,0.03
10bp_slippage_plus_impact_participation_10pct_partial_zero,10bp_one_way_slippage_plus_impact_cost_plus_participation_cap_plus_partial_zero_fill,500000.0,0.1,10,True,True,True,True,True,-0.04634173411473197,-0.0007331424251808445,0.4265975820379965,0.41379310344827586,-0.08150160751515367,0.9218133210409931,0.5253472094081756,580,58,10.0,0.9806781378450982,34,1,20260407,0.02986007588437638,20260306,-0.03516805920598265,-0.07399239157190474,-0.11301698314749475,-0.14592292996960576,545,34,1,0,0,20260225,20260320,18,F3_order_lte_3pct_ref_amount_A_tail_capital_500000,F,0.025273809619990477,0.07380879496385735,0.10000000000000002,41,0,2939.0344827586205,2872,10.0,F3_order_lte_3pct_ref_amount,A_tail,500000,0.03
5bp_one_way_slippage,5bp_one_way_slippage,,,5,True,False,False,False,False,0.04282800260307296,0.0008085981665320957,0.44310344827586207,0.5172413793103449,-0.06142807961348884,1.0935971594613274,0.5253472094081756,580,58,10.0,1.0,0,0,20260407,0.03133403000173749,20260306,-0.03382598351049495,0.011144762285518972,-0.03449235795801919,-0.07261508102776326,580,0,0,0,0,20260305,20260320,12,F3_order_lte_3pct_ref_amount_B_tail_and_past20_exit_proxy_capital_500000,F,0.0,0.0,0.0,41,0,2939.0344827586205,2872,10.0,F3_order_lte_3pct_ref_amount,B_tail_and_past20_exit_proxy,500000,0.03
10bp_one_way_slippage,10bp_one_way_slippage,,,10,True,False,False,False,False,-0.01594977299574407,-0.00019196179285982607,0.43275862068965515,0.46551724137931033,-0.07266548976260334,0.9791173841891841,0.5253472094081756,580,58,10.0,1.0,0,0,20260407,0.03030295219418422,20260306,-0.03479191749275214,-0.0448923543229941,-0.0861740045475643,-0.12049840921794142,580,0,0,0,0,20260226,20260320,17,F3_order_lte_3pct_ref_amount_B_tail_and_past20_exit_proxy_capital_500000,F,0.0,0.0,0.0,41,0,2939.0344827586205,2872,10.0,F3_order_lte_3pct_ref_amount,B_tail_and_past20_exit_proxy,500000,0.03
15bp_one_way_slippage,15bp_one_way_slippage,,,15,True,False,False,False,False,-0.07141468915347515,-0.0011915229402135478,0.4206896551724138,0.41379310344827586,-0.09054436612905137,0.8778906187635138,0.5253472094081756,580,58,10.0,1.0,0,0,20260407,0.02927290366320434,20260306,-0.03575688722845871,-0.09782400028051863,-0.13508930985512835,-0.1659094613012494,580,0,0,0,0,20260225,20260519,56,F3_order_lte_3pct_ref_amount_B_tail_and_past20_exit_proxy_capital_500000,F,0.0,0.0,0.0,41,0,2939.0344827586205,2872,10.0,F3_order_lte_3pct_ref_amount,B_tail_and_past20_exit_proxy,500000,0.03
20bp_one_way_slippage,20bp_one_way_slippage,,,20,True,False,False,False,False,-0.12375348761853322,-0.0021900867703834553,0.4086206896551724,0.3793103448275862,-0.13922582934772,0.7880440395834346,0.5253472094081756,580,58,10.0,1.0,0,0,20260407,0.028243882868349245,20260306,-0.036720894160737136,-0.14782229490427623,-0.18138636534810282,-0.2089759015361613,580,0,0,0,0,20260225,20260519,56,F3_order_lte_3pct_ref_amount_B_tail_and_past20_exit_proxy_capital_500000,F,0.0,0.0,0.0,41,0,2939.0344827586205,2872,10.0,F3_order_lte_3pct_ref_amount,B_tail_and_past20_exit_proxy,500000,0.03
10bp_slippage_plus_impact,10bp_one_way_slippage_plus_impact_cost,500000.0,,10,True,True,False,False,False,-0.039051049455797626,-0.0006015712470236966,0.42586206896551726,0.4482758620689655,-0.07823556241868679,0.9360917360079569,0.5253472094081756,580,58,10.0,1.0,0,0,20260407,0.02986007588437638,20260306,-0.03516805920598265,-0.06691309523868805,-0.10639970262641973,-0.13955114217702314,580,0,0,0,0,20260226,20260320,17,F3_order_lte_3pct_ref_amount_B_tail_and_past20_exit_proxy_capital_500000,F,0.025311859718720173,0.07495850068599269,0.19823638321801337,41,0,2939.0344827586205,2872,10.0,F3_order_lte_3pct_ref_amount,B_tail_and_past20_exit_proxy,500000,0.03
10bp_slippage_plus_impact_participation_1pct_no_partial,10bp_one_way_slippage_plus_impact_cost_plus_participation_cap,500000.0,0.01,10,True,True,False,True,True,-0.03256042119123481,-0.0005575656547564926,0.4025974025974026,0.27586206896551724,-0.04857772262000015,0.8408237822824026,0.5253472094081756,580,58,10.0,0.2655172413793103,0,426,20260520,0.015184413122085415,20260227,-0.017625389230304944,-0.04703070072410431,-0.06643111856871986,-0.07902029701354807,154,0,426,0,0,20260225,20260519,56,F3_order_lte_3pct_ref_amount_B_tail_and_past20_exit_proxy_capital_500000,F,0.0,0.0047219914369626146,0.009462836444039953,41,0,2939.0344827586205,2872,10.0,F3_order_lte_3pct_ref_amount,B_tail_and_past20_exit_proxy,500000,0.03
10bp_slippage_plus_impact_participation_1pct_partial_zero,10bp_one_way_slippage_plus_impact_cost_plus_participation_cap_plus_partial_zero_fill,500000.0,0.01,10,True,True,True,True,True,-0.05813132818281508,-0.001003258885978577,0.4283246977547496,0.43103448275862066,-0.07511998399730657,0.8322193591085483,0.5253472094081756,580,58,10.0,0.5189032671811931,425,1,20260520,0.01709321142541654,20260227,-0.022271573499168272,-0.07396032021765964,-0.10154560779230626,-0.12263401274012276,154,425,1,0,0,20260224,20260519,57,F3_order_lte_3pct_ref_amount_B_tail_and_past20_exit_proxy_capital_500000,F,0.01,0.01,0.010000000000000002,41,0,2939.0344827586205,2872,10.0,F3_order_lte_3pct_ref_amount,B_tail_and_past20_exit_proxy,500000,0.03
10bp_slippage_plus_impact_participation_3pct_no_partial,10bp_one_way_slippage_plus_impact_cost_plus_participation_cap,500000.0,0.03,10,True,True,False,True,True,-0.07636720764352511,-0.0013282349395605112,0.38392857142857145,0.43103448275862066,-0.09569781837301994,0.805844689742024,0.5253472094081756,580,58,10.0,0.5793103448275863,0,244,20260520,0.01886642384003736,20260306,-0.025155000627737577,-0.09347018338737034,-0.12575780163659,-0.149420995245779,336,0,244,0,0,20260224,20260519,57,F3_order_lte_3pct_ref_amount_B_tail_and_past20_exit_proxy_capital_500000,F,0.00212597151971352,0.02380365061570261,0.02898996140718704,41,0,2939.0344827586205,2872,10.0,F3_order_lte_3pct_ref_amount,B_tail_and_past20_exit_proxy,500000,0.03
10bp_slippage_plus_impact_participation_3pct_partial_zero,10bp_one_way_slippage_plus_impact_cost_plus_participation_cap_plus_partial_zero_fill,500000.0,0.03,10,True,True,True,True,True,-0.07137124502264602,-0.0012085969879865996,0.4283246977547496,0.41379310344827586,-0.09084207994199522,0.8597557484308112,0.5253472094081756,580,58,10.0,0.8301546512795622,243,1,20260407,0.0241371384447807,20260306,-0.032416238381459836,-0.09325741629921003,-0.12936450424729273,-0.15947360796132004,336,243,1,0,0,20260224,20260519,57,F3_order_lte_3pct_ref_amount_B_tail_and_past20_exit_proxy_capital_500000,F,0.025273809619990477,0.03,0.030000000000000002,41,0,2939.0344827586205,2872,10.0,F3_order_lte_3pct_ref_amount,B_tail_and_past20_exit_proxy,500000,0.03
10bp_slippage_plus_impact_participation_5pct_no_partial,10bp_one_way_slippage_plus_impact_cost_plus_participation_cap,500000.0,0.05,10,True,True,False,True,True,-0.0842322852990014,-0.0014453005531795697,0.38626609442060084,0.3793103448275862,-0.10394161290814163,0.8333451471931881,0.5253472094081756,580,58,10.0,0.803448275862069,0,114,20260407,0.02685126367073354,20260320,-0.03332427148503704,-0.10817881118696726,-0.14377597126720465,-0.17484792967932627,466,0,114,0,0,20260224,20260519,57,F3_order_lte_3pct_ref_amount_B_tail_and_past20_exit_proxy_capital_500000,F,0.012983606943815458,0.039282999327826744,0.048283072347255325,41,0,2939.0344827586205,2872,10.0,F3_order_lte_3pct_ref_amount,B_tail_and_past20_exit_proxy,500000,0.03
10bp_slippage_plus_impact_participation_5pct_partial_zero,10bp_one_way_slippage_plus_impact_cost_plus_participation_cap_plus_partial_zero_fill,500000.0,0.05,10,True,True,True,True,True,-0.061269126579955535,-0.0010098428653716627,0.4283246977547496,0.41379310344827586,-0.08170873668233625,0.8901180782269786,0.5253472094081756,580,58,10.0,0.9250840287094763,113,1,20260407,0.028423236564577552,20260306,-0.034845906607423885,-0.08721347394303147,-0.12461229685251485,-0.15705226731650823,466,113,1,0,0,20260225,20260320,18,F3_order_lte_3pct_ref_amount_B_tail_and_past20_exit_proxy_capital_500000,F,0.025273809619990477,0.05,0.05000000000000001,41,0,2939.0344827586205,2872,10.0,F3_order_lte_3pct_ref_amount,B_tail_and_past20_exit_proxy,500000,0.03
10bp_slippage_plus_impact_participation_10pct_no_partial,10bp_one_way_slippage_plus_impact_cost_plus_participation_cap,500000.0,0.1,10,True,True,False,True,True,-0.06223407067262643,-0.0010242068711411626,0.4055045871559633,0.41379310344827586,-0.08395223934400076,0.8901307303859085,0.5253472094081756,580,58,10.0,0.9396551724137931,0,35,20260407,0.02986007588437638,20260306,-0.03516805920598265,-0.08942394089596917,-0.1271590916726416,-0.15883406865744432,545,0,35,0,0,20260225,20260519,56,F3_order_lte_3pct_ref_amount_B_tail_and_past20_exit_proxy_capital_500000,F,0.021259823616413688,0.05929927361060404,0.09598924216443211,41,0,2939.0344827586205,2872,10.0,F3_order_lte_3pct_ref_amount,B_tail_and_past20_exit_proxy,500000,0.03
10bp_slippage_plus_impact_participation_10pct_partial_zero,10bp_one_way_slippage_plus_impact_cost_plus_participation_cap_plus_partial_zero_fill,500000.0,0.1,10,True,True,True,True,True,-0.04634173411473197,-0.0007331424251808445,0.4265975820379965,0.41379310344827586,-0.08150160751515367,0.9218133210409931,0.5253472094081756,580,58,10.0,0.9806781378450982,34,1,20260407,0.02986007588437638,20260306,-0.03516805920598265,-0.07399239157190474,-0.11301698314749475,-0.14592292996960576,545,34,1,0,0,20260225,20260320,18,F3_order_lte_3pct_ref_amount_B_tail_and_past20_exit_proxy_capital_500000,F,0.025273809619990477,0.07380879496385735,0.10000000000000002,41,0,2939.0344827586205,2872,10.0,F3_order_lte_3pct_ref_amount,B_tail_and_past20_exit_proxy,500000,0.03
5bp_one_way_slippage,5bp_one_way_slippage,,,5,True,False,False,False,False,0.0015353000507574155,0.00010302269746833485,0.43275862068965515,0.4827586206896552,-0.06298984624765325,1.011657246930673,0.5192173913043477,580,58,10.0,1.0,0,0,20260407,0.029861651450410465,20260320,-0.03155374627705494,-0.027505006482918537,-0.06707608891704919,-0.10308972485378198,580,0,0,0,0,20260305,20260320,12,F4_order_lte_1pct_ref_amount_A_tail_capital_500000,F,0.0,0.0,0.0,7206,0,2815.5,2613,10.0,F4_order_lte_1pct_ref_amount,A_tail,500000,0.01
10bp_one_way_slippage,10bp_one_way_slippage,,,10,True,False,False,False,False,-0.054915060865648235,-0.0008968318617462014,0.4224137931034483,0.4482758620689655,-0.0773958531555139,0.9045952811978623,0.5192173913043477,580,58,10.0,1.0,0,0,20260407,0.028832045655613925,20260320,-0.032521951932035796,-0.08140017301647617,-0.11701359512420284,-0.1493995668442739,580,0,0,0,0,20260226,20260519,55,F4_order_lte_1pct_ref_amount_A_tail_capital_500000,F,0.0,0.0,0.0,7206,0,2815.5,2613,10.0,F4_order_lte_1pct_ref_amount,A_tail,500000,0.01
15bp_one_way_slippage,15bp_one_way_slippage,,,15,True,False,False,False,False,-0.10818374113474383,-0.0018956883130904203,0.4103448275862069,0.3620689655172414,-0.12625142033614578,0.8099719627487587,0.5192173913043477,580,58,10.0,1.0,0,0,20260407,0.0278034676679495,20260320,-0.033489191072761736,-0.1323085717070438,-0.16427811790191504,-0.19331837378784233,580,0,0,0,0,20260225,20260519,56,F4_order_lte_1pct_ref_amount_A_tail_capital_500000,F,0.0,0.0,0.0,7206,0,2815.5,2613,10.0,F4_order_lte_1pct_ref_amount,A_tail,500000,0.01
20bp_one_way_slippage,20bp_one_way_slippage,,,20,True,False,False,False,False,-0.15845008812020278,-0.002893548150364828,0.39655172413793105,0.3620689655172414,-0.17302155156533638,0.7260197697452693,0.5192173913043477,580,58,10.0,1.0,0,0,20260407,0.02677591594916784,20260320,-0.03445546514574919,-0.1803957428219819,-0.209012750960627,-0.23496961478868839,580,0,0,0,0,20260225,20260519,56,F4_order_lte_1pct_ref_amount_A_tail_capital_500000,F,0.0,0.0,0.0,7206,0,2815.5,2613,10.0,F4_order_lte_1pct_ref_amount,A_tail,500000,0.01
10bp_slippage_plus_impact,10bp_one_way_slippage_plus_impact_cost,500000.0,,10,True,True,False,False,False,-0.0752352286973701,-0.0012713373364354932,0.41551724137931034,0.39655172413793105,-0.09606601701395423,0.8676586810832457,0.5192173913043477,580,58,10.0,1.0,0,0,20260407,0.028432716323512363,20260320,-0.03287023358744664,-0.1008018739344263,-0.134997930208559,-0.16637358696410232,580,0,0,0,0,20260226,20260519,55,F4_order_lte_1pct_ref_amount_A_tail_capital_500000,F,0.020649909709581183,0.05624802661236713,0.17921538424609015,7206,0,2815.5,2613,10.0,F4_order_lte_1pct_ref_amount,A_tail,500000,0.01
10bp_slippage_plus_impact_participation_1pct_no_partial,10bp_one_way_slippage_plus_impact_cost_plus_participation_cap,500000.0,0.01,10,True,True,False,True,True,-0.03915947910647244,-0.0006749846149769234,0.39080459770114945,0.25862068965517243,-0.05506752399654591,0.8245705669777477,0.5192173913043477,580,58,10.0,0.3,0,406,20260520,0.015184413122085415,20260227,-0.017625389230304944,-0.053531054580940096,-0.07370677570827366,-0.08619784190037438,174,0,406,0,0,20260225,20260519,56,F4_order_lte_1pct_ref_amount_A_tail_capital_500000,F,0.0,0.005495667490602327,0.009655155755344832,7206,0,2815.5,2613,10.0,F4_order_lte_1pct_ref_amount,A_tail,500000,0.01
10bp_slippage_plus_impact_participation_1pct_partial_zero,10bp_one_way_slippage_plus_impact_cost_plus_participation_cap_plus_partial_zero_fill,500000.0,0.01,10,True,True,True,True,True,-0.07213400807815995,-0.001259549521396642,0.41724137931034483,0.39655172413793105,-0.08876094425184433,0.8076166071888402,0.5192173913043477,580,58,10.0,0.5723221115676524,406,0,20260520,0.01709321142541654,20260227,-0.022271573499168272,-0.0877276718606036,-0.11493238909301529,-0.13638764571056994,174,406,0,0,0,20260224,20260519,57,F4_order_lte_1pct_ref_amount_A_tail_capital_500000,F,0.01,0.01,0.010000000000000002,7206,0,2815.5,2613,10.0,F4_order_lte_1pct_ref_amount,A_tail,500000,0.01
10bp_slippage_plus_impact_participation_3pct_no_partial,10bp_one_way_slippage_plus_impact_cost_plus_participation_cap,500000.0,0.03,10,True,True,False,True,True,-0.10251017206163682,-0.0018175167374704132,0.3711340206185567,0.39655172413793105,-0.12079238300810102,0.766953930219603,0.5192173913043477,580,58,10.0,0.6689655172413793,0,192,20260520,0.01886642384003736,20260306,-0.027861539187101447,-0.1191290566276727,-0.15094319524129163,-0.17393894454950665,388,0,192,0,0,20260224,20260519,57,F4_order_lte_1pct_ref_amount_A_tail_capital_500000,F,0.004152098298447014,0.02454839977010066,0.029108021057265062,7206,0,2815.5,2613,10.0,F4_order_lte_1pct_ref_amount,A_tail,500000,0.01
10bp_slippage_plus_impact_participation_3pct_partial_zero,10bp_one_way_slippage_plus_impact_cost_plus_participation_cap_plus_partial_zero_fill,500000.0,0.03,10,True,True,True,True,True,-0.09355090806508104,-0.0016247917546078604,0.41724137931034483,0.3793103448275862,-0.11224927992563549,0.8221201593991467,0.5192173913043477,580,58,10.0,0.881024955020842,192,0,20260407,0.025667893022234756,20260320,-0.03169139540567106,-0.11623528619583234,-0.14890940648080075,-0.17853401396608015,388,192,0,0,0,20260224,20260519,57,F4_order_lte_1pct_ref_amount_A_tail_capital_500000,F,0.020649909709581183,0.03,0.030000000000000002,7206,0,2815.5,2613,10.0,F4_order_lte_1pct_ref_amount,A_tail,500000,0.01
10bp_slippage_plus_impact_participation_5pct_no_partial,10bp_one_way_slippage_plus_impact_cost_plus_participation_cap,500000.0,0.05,10,True,True,False,True,True,-0.10131908473277984,-0.001768955517157423,0.38415841584158417,0.3448275862068966,-0.12033815945504822,0.8088993027051012,0.5192173913043477,580,58,10.0,0.8706896551724138,0,75,20260407,0.028432716323512363,20260320,-0.03287023358744664,-0.12616459880830577,-0.15939612330472297,-0.18988680029111327,505,0,75,0,0,20260224,20260519,57,F4_order_lte_1pct_ref_amount_A_tail_capital_500000,F,0.014009207045343537,0.03793754214227162,0.04816082587522788,7206,0,2815.5,2613,10.0,F4_order_lte_1pct_ref_amount,A_tail,500000,0.01
10bp_slippage_plus_impact_participation_5pct_partial_zero,10bp_one_way_slippage_plus_impact_cost_plus_participation_cap_plus_partial_zero_fill,500000.0,0.05,10,True,True,True,True,True,-0.08682302031815403,-0.0014898138140943755,0.41724137931034483,0.3793103448275862,-0.10592404036568459,0.8433830871218467,0.5192173913043477,580,58,10.0,0.9538332993287786,75,0,20260407,0.028432716323512363,20260320,-0.03287023358744664,-0.1120693019701745,-0.14583686357554948,-0.1768193667597947,505,75,0,0,0,20260225,20260519,56,F4_order_lte_1pct_ref_amount_A_tail_capital_500000,F,0.020649909709581183,0.049999999999999996,0.05000000000000001,7206,0,2815.5,2613,10.0,F4_order_lte_1pct_ref_amount,A_tail,500000,0.01
10bp_slippage_plus_impact_participation_10pct_no_partial,10bp_one_way_slippage_plus_impact_cost_plus_participation_cap,500000.0,0.1,10,True,True,False,True,True,-0.08452658523459577,-0.0014452868376495398,0.40467625899280574,0.3793103448275862,-0.10540028284569569,0.8485863212548657,0.5192173913043477,580,58,10.0,0.9586206896551724,0,24,20260407,0.028432716323512363,20260320,-0.03287023358744664,-0.10983635561684557,-0.1436888350583937,-0.1747492522821642,556,0,24,0,0,20260225,20260519,56,F4_order_lte_1pct_ref_amount_A_tail_capital_500000,F,0.018529256792157632,0.04803513547185257,0.08587364836620043,7206,0,2815.5,2613,10.0,F4_order_lte_1pct_ref_amount,A_tail,500000,0.01
10bp_slippage_plus_impact_participation_10pct_partial_zero,10bp_one_way_slippage_plus_impact_cost_plus_participation_cap_plus_partial_zero_fill,500000.0,0.1,10,True,True,True,True,True,-0.07989880976044228,-0.001358180099793478,0.41551724137931034,0.3793103448275862,-0.10047883952306658,0.8583666063797422,0.5192173913043477,580,58,10.0,0.9875356147002743,24,0,20260407,0.028432716323512363,20260320,-0.03287023358744664,-0.10533652261785564,-0.1393601284641376,-0.17057755804318464,556,24,0,0,0,20260225,20260519,56,F4_order_lte_1pct_ref_amount_A_tail_capital_500000,F,0.020649909709581183,0.05624802661236713,0.1,7206,0,2815.5,2613,10.0,F4_order_lte_1pct_ref_amount,A_tail,500000,0.01
5bp_one_way_slippage,5bp_one_way_slippage,,,5,True,False,False,False,False,0.0015353000507574155,0.00010302269746833485,0.43275862068965515,0.4827586206896552,-0.06298984624765325,1.011657246930673,0.5192173913043477,580,58,10.0,1.0,0,0,20260407,0.029861651450410465,20260320,-0.03155374627705494,-0.027505006482918537,-0.06707608891704919,-0.10308972485378198,580,0,0,0,0,20260305,20260320,12,F4_order_lte_1pct_ref_amount_B_tail_and_past20_exit_proxy_capital_500000,F,0.0,0.0,0.0,7206,0,2815.5,2613,10.0,F4_order_lte_1pct_ref_amount,B_tail_and_past20_exit_proxy,500000,0.01
10bp_one_way_slippage,10bp_one_way_slippage,,,10,True,False,False,False,False,-0.054915060865648235,-0.0008968318617462014,0.4224137931034483,0.4482758620689655,-0.0773958531555139,0.9045952811978623,0.5192173913043477,580,58,10.0,1.0,0,0,20260407,0.028832045655613925,20260320,-0.032521951932035796,-0.08140017301647617,-0.11701359512420284,-0.1493995668442739,580,0,0,0,0,20260226,20260519,55,F4_order_lte_1pct_ref_amount_B_tail_and_past20_exit_proxy_capital_500000,F,0.0,0.0,0.0,7206,0,2815.5,2613,10.0,F4_order_lte_1pct_ref_amount,B_tail_and_past20_exit_proxy,500000,0.01
15bp_one_way_slippage,15bp_one_way_slippage,,,15,True,False,False,False,False,-0.10818374113474383,-0.0018956883130904203,0.4103448275862069,0.3620689655172414,-0.12625142033614578,0.8099719627487587,0.5192173913043477,580,58,10.0,1.0,0,0,20260407,0.0278034676679495,20260320,-0.033489191072761736,-0.1323085717070438,-0.16427811790191504,-0.19331837378784233,580,0,0,0,0,20260225,20260519,56,F4_order_lte_1pct_ref_amount_B_tail_and_past20_exit_proxy_capital_500000,F,0.0,0.0,0.0,7206,0,2815.5,2613,10.0,F4_order_lte_1pct_ref_amount,B_tail_and_past20_exit_proxy,500000,0.01
20bp_one_way_slippage,20bp_one_way_slippage,,,20,True,False,False,False,False,-0.15845008812020278,-0.002893548150364828,0.39655172413793105,0.3620689655172414,-0.17302155156533638,0.7260197697452693,0.5192173913043477,580,58,10.0,1.0,0,0,20260407,0.02677591594916784,20260320,-0.03445546514574919,-0.1803957428219819,-0.209012750960627,-0.23496961478868839,580,0,0,0,0,20260225,20260519,56,F4_order_lte_1pct_ref_amount_B_tail_and_past20_exit_proxy_capital_500000,F,0.0,0.0,0.0,7206,0,2815.5,2613,10.0,F4_order_lte_1pct_ref_amount,B_tail_and_past20_exit_proxy,500000,0.01
10bp_slippage_plus_impact,10bp_one_way_slippage_plus_impact_cost,500000.0,,10,True,True,False,False,False,-0.0752352286973701,-0.0012713373364354932,0.41551724137931034,0.39655172413793105,-0.09606601701395423,0.8676586810832457,0.5192173913043477,580,58,10.0,1.0,0,0,20260407,0.028432716323512363,20260320,-0.03287023358744664,-0.1008018739344263,-0.134997930208559,-0.16637358696410232,580,0,0,0,0,20260226,20260519,55,F4_order_lte_1pct_ref_amount_B_tail_and_past20_exit_proxy_capital_500000,F,0.020649909709581183,0.05624802661236713,0.17921538424609015,7206,0,2815.5,2613,10.0,F4_order_lte_1pct_ref_amount,B_tail_and_past20_exit_proxy,500000,0.01
10bp_slippage_plus_impact_participation_1pct_no_partial,10bp_one_way_slippage_plus_impact_cost_plus_participation_cap,500000.0,0.01,10,True,True,False,True,True,-0.03915947910647244,-0.0006749846149769234,0.39080459770114945,0.25862068965517243,-0.05506752399654591,0.8245705669777477,0.5192173913043477,580,58,10.0,0.3,0,406,20260520,0.015184413122085415,20260227,-0.017625389230304944,-0.053531054580940096,-0.07370677570827366,-0.08619784190037438,174,0,406,0,0,20260225,20260519,56,F4_order_lte_1pct_ref_amount_B_tail_and_past20_exit_proxy_capital_500000,F,0.0,0.005495667490602327,0.009655155755344832,7206,0,2815.5,2613,10.0,F4_order_lte_1pct_ref_amount,B_tail_and_past20_exit_proxy,500000,0.01
10bp_slippage_plus_impact_participation_1pct_partial_zero,10bp_one_way_slippage_plus_impact_cost_plus_participation_cap_plus_partial_zero_fill,500000.0,0.01,10,True,True,True,True,True,-0.07213400807815995,-0.001259549521396642,0.41724137931034483,0.39655172413793105,-0.08876094425184433,0.8076166071888402,0.5192173913043477,580,58,10.0,0.5723221115676524,406,0,20260520,0.01709321142541654,20260227,-0.022271573499168272,-0.0877276718606036,-0.11493238909301529,-0.13638764571056994,174,406,0,0,0,20260224,20260519,57,F4_order_lte_1pct_ref_amount_B_tail_and_past20_exit_proxy_capital_500000,F,0.01,0.01,0.010000000000000002,7206,0,2815.5,2613,10.0,F4_order_lte_1pct_ref_amount,B_tail_and_past20_exit_proxy,500000,0.01
10bp_slippage_plus_impact_participation_3pct_no_partial,10bp_one_way_slippage_plus_impact_cost_plus_participation_cap,500000.0,0.03,10,True,True,False,True,True,-0.10251017206163682,-0.0018175167374704132,0.3711340206185567,0.39655172413793105,-0.12079238300810102,0.766953930219603,0.5192173913043477,580,58,10.0,0.6689655172413793,0,192,20260520,0.01886642384003736,20260306,-0.027861539187101447,-0.1191290566276727,-0.15094319524129163,-0.17393894454950665,388,0,192,0,0,20260224,20260519,57,F4_order_lte_1pct_ref_amount_B_tail_and_past20_exit_proxy_capital_500000,F,0.004152098298447014,0.02454839977010066,0.029108021057265062,7206,0,2815.5,2613,10.0,F4_order_lte_1pct_ref_amount,B_tail_and_past20_exit_proxy,500000,0.01
10bp_slippage_plus_impact_participation_3pct_partial_zero,10bp_one_way_slippage_plus_impact_cost_plus_participation_cap_plus_partial_zero_fill,500000.0,0.03,10,True,True,True,True,True,-0.09355090806508104,-0.0016247917546078604,0.41724137931034483,0.3793103448275862,-0.11224927992563549,0.8221201593991467,0.5192173913043477,580,58,10.0,0.881024955020842,192,0,20260407,0.025667893022234756,20260320,-0.03169139540567106,-0.11623528619583234,-0.14890940648080075,-0.17853401396608015,388,192,0,0,0,20260224,20260519,57,F4_order_lte_1pct_ref_amount_B_tail_and_past20_exit_proxy_capital_500000,F,0.020649909709581183,0.03,0.030000000000000002,7206,0,2815.5,2613,10.0,F4_order_lte_1pct_ref_amount,B_tail_and_past20_exit_proxy,500000,0.01
10bp_slippage_plus_impact_participation_5pct_no_partial,10bp_one_way_slippage_plus_impact_cost_plus_participation_cap,500000.0,0.05,10,True,True,False,True,True,-0.10131908473277984,-0.001768955517157423,0.38415841584158417,0.3448275862068966,-0.12033815945504822,0.8088993027051012,0.5192173913043477,580,58,10.0,0.8706896551724138,0,75,20260407,0.028432716323512363,20260320,-0.03287023358744664,-0.12616459880830577,-0.15939612330472297,-0.18988680029111327,505,0,75,0,0,20260224,20260519,57,F4_order_lte_1pct_ref_amount_B_tail_and_past20_exit_proxy_capital_500000,F,0.014009207045343537,0.03793754214227162,0.04816082587522788,7206,0,2815.5,2613,10.0,F4_order_lte_1pct_ref_amount,B_tail_and_past20_exit_proxy,500000,0.01
10bp_slippage_plus_impact_participation_5pct_partial_zero,10bp_one_way_slippage_plus_impact_cost_plus_participation_cap_plus_partial_zero_fill,500000.0,0.05,10,True,True,True,True,True,-0.08682302031815403,-0.0014898138140943755,0.41724137931034483,0.3793103448275862,-0.10592404036568459,0.8433830871218467,0.5192173913043477,580,58,10.0,0.9538332993287786,75,0,20260407,0.028432716323512363,20260320,-0.03287023358744664,-0.1120693019701745,-0.14583686357554948,-0.1768193667597947,505,75,0,0,0,20260225,20260519,56,F4_order_lte_1pct_ref_amount_B_tail_and_past20_exit_proxy_capital_500000,F,0.020649909709581183,0.049999999999999996,0.05000000000000001,7206,0,2815.5,2613,10.0,F4_order_lte_1pct_ref_amount,B_tail_and_past20_exit_proxy,500000,0.01
10bp_slippage_plus_impact_participation_10pct_no_partial,10bp_one_way_slippage_plus_impact_cost_plus_participation_cap,500000.0,0.1,10,True,True,False,True,True,-0.08452658523459577,-0.0014452868376495398,0.40467625899280574,0.3793103448275862,-0.10540028284569569,0.8485863212548657,0.5192173913043477,580,58,10.0,0.9586206896551724,0,24,20260407,0.028432716323512363,20260320,-0.03287023358744664,-0.10983635561684557,-0.1436888350583937,-0.1747492522821642,556,0,24,0,0,20260225,20260519,56,F4_order_lte_1pct_ref_amount_B_tail_and_past20_exit_proxy_capital_500000,F,0.018529256792157632,0.04803513547185257,0.08587364836620043,7206,0,2815.5,2613,10.0,F4_order_lte_1pct_ref_amount,B_tail_and_past20_exit_proxy,500000,0.01
10bp_slippage_plus_impact_participation_10pct_partial_zero,10bp_one_way_slippage_plus_impact_cost_plus_participation_cap_plus_partial_zero_fill,500000.0,0.1,10,True,True,True,True,True,-0.07989880976044228,-0.001358180099793478,0.41551724137931034,0.3793103448275862,-0.10047883952306658,0.8583666063797422,0.5192173913043477,580,58,10.0,0.9875356147002743,24,0,20260407,0.028432716323512363,20260320,-0.03287023358744664,-0.10533652261785564,-0.1393601284641376,-0.17057755804318464,556,24,0,0,0,20260225,20260519,56,F4_order_lte_1pct_ref_amount_B_tail_and_past20_exit_proxy_capital_500000,F,0.020649909709581183,0.05624802661236713,0.1,7206,0,2815.5,2613,10.0,F4_order_lte_1pct_ref_amount,B_tail_and_past20_exit_proxy,500000,0.01
5bp_one_way_slippage,5bp_one_way_slippage,,,5,True,False,False,False,False,0.0563104482106116,0.0010326747876184769,0.44655172413793104,0.5172413793103449,-0.06142807961348873,1.119888709620435,0.5274665946821433,580,58,10.0,1.0,0,0,20260407,0.03133403000173749,20260306,-0.03382598351049495,0.02421758371420335,-0.024056056257852454,-0.06417169996848882,580,0,0,0,0,20260305,20260320,12,F0_no_capacity_filter_none_capital_1000000,F,0.0,0.0,0.0,0,0,2939.7413793103447,2872,10.0,F0_no_capacity_filter,none,1000000,
10bp_one_way_slippage,10bp_one_way_slippage,,,10,True,False,False,False,False,-0.003227249600176618,3.1890807274591157e-05,0.4362068965517241,0.46551724137931033,-0.07266548976260367,1.003480207336016,0.5274665946821433,580,58,10.0,1.0,0,0,20260407,0.03030295219418422,20260306,-0.03479191749275214,-0.03254402185585592,-0.07629633670246394,-0.11249098218166709,580,0,0,0,0,20260226,20260320,17,F0_no_capacity_filter_none_capital_1000000,F,0.0,0.0,0.0,0,0,2939.7413793103447,2872,10.0,F0_no_capacity_filter,none,1000000,
15bp_one_way_slippage,15bp_one_way_slippage,,,15,True,False,False,False,False,-0.05940925689216536,-0.0009678941374014937,0.4241379310344828,0.41379310344827586,-0.08774790238071883,0.9004784480888323,0.5274665946821433,580,58,10.0,1.0,0,0,20260407,0.02927290366320434,20260306,-0.03575688722845871,-0.08616000697166704,-0.12574037411085848,-0.15831547943665913,580,0,0,0,0,20260225,20260320,18,F0_no_capacity_filter_none_capital_1000000,F,0.0,0.0,0.0,0,0,2939.7413793103447,2872,10.0,F0_no_capacity_filter,none,1000000,
20bp_one_way_slippage,20bp_one_way_slippage,,,20,True,False,False,False,False,-0.11242472974811923,-0.001966681541598857,0.41206896551724137,0.3793103448275862,-0.13245101003646953,0.8090038424362932,0.5274665946821433,580,58,10.0,1.0,0,0,20260407,0.028243882868349245,20260306,-0.036720894160737136,-0.13680471623528145,-0.17253786069097876,-0.20177401831187802,580,0,0,0,0,20260225,20260519,56,F0_no_capacity_filter_none_capital_1000000,F,0.0,0.0,0.0,0,0,2939.7413793103447,2872,10.0,F0_no_capacity_filter,none,1000000,
10bp_slippage_plus_impact,10bp_one_way_slippage_plus_impact_cost,1000000.0,,10,True,True,False,False,False,-0.036213553088077055,-0.0005484691024093512,0.4241379310344828,0.43103448275862066,-0.08053290443612471,0.9421115408380139,0.5274665946821433,580,58,10.0,1.0,0,0,20260407,0.029676706264787866,20260306,-0.03532380654460101,-0.06399121098105187,-0.10551855353448636,-0.13955935909071537,580,0,0,0,0,20260226,20260320,17,F0_no_capacity_filter_none_capital_1000000,F,0.05080519027543372,0.15271386012349816,0.43954333911475374,0,0,2939.7413793103447,2872,10.0,F0_no_capacity_filter,none,1000000,
10bp_slippage_plus_impact_participation_1pct_no_partial,10bp_one_way_slippage_plus_impact_cost_plus_participation_cap,1000000.0,0.01,10,True,True,False,True,True,-0.02894493728378067,-0.0004955690626463138,0.41237113402061853,0.20689655172413793,-0.043156516472210416,0.7897911834112781,0.5274665946821433,580,58,10.0,0.16724137931034483,0,483,20260513,0.011250044543654459,20260227,-0.02143732107056586,-0.03974781711438535,-0.05951531916743924,-0.06992179764029471,97,0,483,0,0,20260225,20260512,51,F0_no_capacity_filter_none_capital_1000000,F,0.0,0.00401050215831839,0.008699568014273395,0,0,2939.7413793103447,2872,10.0,F0_no_capacity_filter,none,1000000,
10bp_slippage_plus_impact_participation_1pct_partial_zero,10bp_one_way_slippage_plus_impact_cost_plus_participation_cap_plus_partial_zero_fill,1000000.0,0.01,10,True,True,True,True,True,-0.04200307200383768,-0.0007222838693496123,0.4317789291882556,0.5172413793103449,-0.05750041797778327,0.8354469191841647,0.5274665946821433,580,58,10.0,0.3611912367787948,482,1,20260520,0.01476120310213815,20260227,-0.02037096623756974,-0.055938554738244606,-0.07769798076105883,-0.0947292101097792,97,482,1,0,0,20260225,20260519,56,F0_no_capacity_filter_none_capital_1000000,F,0.01,0.01,0.010000000000000002,0,0,2939.7413793103447,2872,10.0,F0_no_capacity_filter,none,1000000,
10bp_slippage_plus_impact_participation_3pct_no_partial,10bp_one_way_slippage_plus_impact_cost_plus_participation_cap,1000000.0,0.03,10,True,True,False,True,True,-0.06522283097556325,-0.0011436204814282535,0.3711340206185567,0.3103448275862069,-0.07931110228552463,0.7480796522534294,0.5274665946821433,580,58,10.0,0.33448275862068966,0,386,20260520,0.015128680903895252,20260227,-0.022780010668209106,-0.07915401602869854,-0.09976609082037713,-0.1145693516664158,194,0,386,0,0,20260225,20260519,56,F0_no_capacity_filter_none_capital_1000000,F,0.0,0.01715867577293322,0.02812800654519925,0,0,2939.7413793103447,2872,10.0,F0_no_capacity_filter,none,1000000,
10bp_slippage_plus_impact_participation_3pct_partial_zero,10bp_one_way_slippage_plus_impact_cost_plus_participation_cap_plus_partial_zero_fill,1000000.0,0.03,10,True,True,True,True,True,-0.06541453715512968,-0.0011246917701760871,0.43005181347150256,0.43103448275862066,-0.08382925084166704,0.8393493730746369,0.5274665946821433,580,58,10.0,0.6292453638518128,385,1,20260304,0.018396488804178626,20260320,-0.022874193751569794,-0.08229704921481162,-0.11338135445941588,-0.13987520394661868,194,385,1,0,0,20260224,20260519,57,F0_no_capacity_filter_none_capital_1000000,F,0.03,0.030000000000000002,0.030000000000000006,0,0,2939.7413793103447,2872,10.0,F0_no_capacity_filter,none,1000000,
10bp_slippage_plus_impact_participation_5pct_no_partial,10bp_one_way_slippage_plus_impact_cost_plus_participation_cap,1000000.0,0.05,10,True,True,False,True,True,-0.05917198761284381,-0.0010216582325667065,0.38596491228070173,0.41379310344827586,-0.0789434818451491,0.8265486378741581,0.5274665946821433,580,58,10.0,0.49137931034482757,0,295,20260520,0.01878588775872784,20260227,-0.022780010668209106,-0.07652037224727826,-0.10567229761101304,-0.12496815752045554,285,0,295,0,0,20260224,20260519,57,F0_no_capacity_filter_none_capital_1000000,F,0.0,0.03627574226730429,0.047709020491505556,0,0,2939.7413793103447,2872,10.0,F0_no_capacity_filter,none,1000000,
10bp_slippage_plus_impact_participation_5pct_partial_zero,10bp_one_way_slippage_plus_impact_cost_plus_participation_cap_plus_partial_zero_fill,1000000.0,0.05,10,True,True,True,True,True,-0.07085833064878921,-0.0012054315665354508,0.4283246977547496,0.43103448275862066,-0.09065935418557336,0.8540847921227966,0.5274665946821433,580,58,10.0,0.7792773490719225,294,1,20260407,0.021771459169505236,20260306,-0.030394872314023807,-0.09065607478758919,-0.12559312884524076,-0.1569784430372092,285,294,1,0,0,20260224,20260519,57,F0_no_capacity_filter_none_capital_1000000,F,0.04999999999999999,0.05,0.05000000000000002,0,0,2939.7413793103447,2872,10.0,F0_no_capacity_filter,none,1000000,
10bp_slippage_plus_impact_participation_10pct_no_partial,10bp_one_way_slippage_plus_impact_cost_plus_participation_cap,1000000.0,0.1,10,True,True,False,True,True,-0.0872122530532713,-0.0014998848169992917,0.3827956989247312,0.3620689655172414,-0.10667723999027345,0.8280341197784828,0.5274665946821433,580,58,10.0,0.8017241379310345,0,115,20260407,0.026695076321551613,20260320,-0.033471220040511916,-0.1109456273842575,-0.14906292823134193,-0.18046855989746446,465,0,115,0,0,20260224,20260519,57,F0_no_capacity_filter_none_capital_1000000,F,0.025655873200986855,0.07835804111473825,0.09656614469451065,0,0,2939.7413793103447,2872,10.0,F0_no_capacity_filter,none,1000000,
10bp_slippage_plus_impact_participation_10pct_partial_zero,10bp_one_way_slippage_plus_impact_cost_plus_participation_cap_plus_partial_zero_fill,1000000.0,0.1,10,True,True,True,True,True,-0.06293215441793576,-0.001038688950888334,0.4265975820379965,0.41379310344827586,-0.08373622547115456,0.8876361588094993,0.5274665946821433,580,58,10.0,0.9230832982520665,114,1,20260407,0.028256874130863786,20260306,-0.03499930416557613,-0.0886831207677331,-0.12870031875219845,-0.16107698230046785,465,114,1,0,0,20260225,20260320,18,F0_no_capacity_filter_none_capital_1000000,F,0.050623719437440345,0.1,0.10000000000000002,0,0,2939.7413793103447,2872,10.0,F0_no_capacity_filter,none,1000000,
5bp_one_way_slippage,5bp_one_way_slippage,,,5,True,False,False,False,False,0.04719432528399459,0.000882208339340955,0.44482758620689655,0.5172413793103449,-0.06142807961348884,1.1023260101720942,0.5242640916015529,580,58,10.0,1.0,0,0,20260407,0.03133403000173749,20260306,-0.03382598351049495,0.01537842718350979,-0.03247860379178169,-0.07224804327811496,580,0,0,0,0,20260305,20260320,12,F1_order_lte_10pct_ref_amount_A_tail_capital_1000000,F,0.0,0.0,0.0,3,0,2939.689655172414,2872,10.0,F1_order_lte_10pct_ref_amount,A_tail,1000000,0.1
10bp_one_way_slippage,10bp_one_way_slippage,,,10,True,False,False,False,False,-0.011829552964626844,-0.00011842521193621966,0.43448275862068964,0.46551724137931033,-0.07266548976260334,0.9870899867454144,0.5242640916015529,580,58,10.0,1.0,0,0,20260407,0.03030295219418422,20260306,-0.03479191749275214,-0.040893316930795676,-0.0842680425174076,-0.12015032259491265,580,0,0,0,0,20260226,20260320,17,F1_order_lte_10pct_ref_amount_A_tail_capital_1000000,F,0.0,0.0,0.0,3,0,2939.689655172414,2872,10.0,F1_order_lte_10pct_ref_amount,A_tail,1000000,0.1
15bp_one_way_slippage,15bp_one_way_slippage,,,15,True,False,False,False,False,-0.06752670082385681,-0.00111805987771187,0.4224137931034483,0.41379310344827586,-0.08774790238071917,0.8851721598644039,0.5242640916015529,580,58,10.0,1.0,0,0,20260407,0.02927290366320434,20260306,-0.03575688722845871,-0.09404658778303487,-0.13328537021771802,-0.16557934733447655,580,0,0,0,0,20260225,20260320,18,F1_order_lte_10pct_ref_amount_A_tail_capital_1000000,F,0.0,0.0,0.0,3,0,2939.689655172414,2872,10.0,F1_order_lte_10pct_ref_amount,A_tail,1000000,0.1
20bp_one_way_slippage,20bp_one_way_slippage,,,20,True,False,False,False,False,-0.12008464193013635,-0.0021166971529503298,0.4103448275862069,0.3793103448275862,-0.13562176638135437,0.7946956446437382,0.5242640916015529,580,58,10.0,1.0,0,0,20260407,0.028243882868349245,20260306,-0.036720894160737136,-0.14425422535431465,-0.1796789872336918,-0.20866283228187632,580,0,0,0,0,20260225,20260519,56,F1_order_lte_10pct_ref_amount_A_tail_capital_1000000,F,0.0,0.0,0.0,3,0,2939.689655172414,2872,10.0,F1_order_lte_10pct_ref_amount,A_tail,1000000,0.1
10bp_slippage_plus_impact,10bp_one_way_slippage_plus_impact_cost,1000000.0,,10,True,True,False,False,False,-0.044477152953894206,-0.0006976863971633114,0.4224137931034483,0.43103448275862066,-0.0805329044361246,0.9264492701519503,0.5242640916015529,580,58,10.0,1.0,0,0,20260407,0.029676706264787866,20260306,-0.03532380654460101,-0.07201664247381045,-0.113187925504462,-0.146936861843057,580,0,0,0,0,20260226,20260320,17,F1_order_lte_10pct_ref_amount_A_tail_capital_1000000,F,0.05080519027543372,0.14991700137198538,0.39647276643602675,3,0,2939.689655172414,2872,10.0,F1_order_lte_10pct_ref_amount,A_tail,1000000,0.1
10bp_slippage_plus_impact_participation_1pct_no_partial,10bp_one_way_slippage_plus_impact_cost_plus_participation_cap,1000000.0,0.01,10,True,True,False,True,True,-0.02894493728378067,-0.0004955690626463138,0.41237113402061853,0.20689655172413793,-0.043156516472210416,0.7897911834112781,0.5242640916015529,580,58,10.0,0.16724137931034483,0,483,20260513,0.011250044543654459,20260227,-0.02143732107056586,-0.03974781711438535,-0.05951531916743924,-0.06992179764029471,97,0,483,0,0,20260225,20260512,51,F1_order_lte_10pct_ref_amount_A_tail_capital_1000000,F,0.0,0.00401050215831839,0.008699568014273395,3,0,2939.689655172414,2872,10.0,F1_order_lte_10pct_ref_amount,A_tail,1000000,0.1
10bp_slippage_plus_impact_participation_1pct_partial_zero,10bp_one_way_slippage_plus_impact_cost_plus_participation_cap_plus_partial_zero_fill,1000000.0,0.01,10,True,True,True,True,True,-0.04218086860140913,-0.0007254858517574795,0.43005181347150256,0.5172413793103449,-0.05757797435126466,0.8347451294943181,0.5242640916015529,580,58,10.0,0.36143243022327903,482,1,20260520,0.01476120310213815,20260227,-0.02037096623756974,-0.0561137650212431,-0.07786915266794225,-0.09489722115618227,97,482,1,0,0,20260225,20260519,56,F1_order_lte_10pct_ref_amount_A_tail_capital_1000000,F,0.01,0.01,0.010000000000000002,3,0,2939.689655172414,2872,10.0,F1_order_lte_10pct_ref_amount,A_tail,1000000,0.1
10bp_slippage_plus_impact_participation_3pct_no_partial,10bp_one_way_slippage_plus_impact_cost_plus_participation_cap,1000000.0,0.03,10,True,True,False,True,True,-0.06522283097556325,-0.0011436204814282535,0.3711340206185567,0.3103448275862069,-0.07931110228552463,0.7480796522534294,0.5242640916015529,580,58,10.0,0.33448275862068966,0,386,20260520,0.015128680903895252,20260227,-0.022780010668209106,-0.07915401602869854,-0.09976609082037713,-0.1145693516664158,194,0,386,0,0,20260225,20260519,56,F1_order_lte_10pct_ref_amount_A_tail_capital_1000000,F,0.0,0.01715867577293322,0.02812800654519925,3,0,2939.689655172414,2872,10.0,F1_order_lte_10pct_ref_amount,A_tail,1000000,0.1
10bp_slippage_plus_impact_participation_3pct_partial_zero,10bp_one_way_slippage_plus_impact_cost_plus_participation_cap_plus_partial_zero_fill,1000000.0,0.03,10,True,True,True,True,True,-0.06594279268887615,-0.0011344557495976528,0.4283246977547496,0.43103448275862066,-0.08406048688247791,0.8380073123431051,0.5242640916015529,580,58,10.0,0.6299689441852656,385,1,20260304,0.018396488804178626,20260320,-0.022874193751569794,-0.08281576225001375,-0.11388249771966319,-0.14036137209420008,194,385,1,0,0,20260224,20260519,57,F1_order_lte_10pct_ref_amount_A_tail_capital_1000000,F,0.03,0.030000000000000002,0.030000000000000006,3,0,2939.689655172414,2872,10.0,F1_order_lte_10pct_ref_amount,A_tail,1000000,0.1
10bp_slippage_plus_impact_participation_5pct_no_partial,10bp_one_way_slippage_plus_impact_cost_plus_participation_cap,1000000.0,0.05,10,True,True,False,True,True,-0.05917198761284381,-0.0010216582325667065,0.38596491228070173,0.41379310344827586,-0.0789434818451491,0.8265486378741581,0.5242640916015529,580,58,10.0,0.49137931034482757,0,295,20260520,0.01878588775872784,20260227,-0.022780010668209106,-0.07652037224727826,-0.10567229761101304,-0.12496815752045554,285,0,295,0,0,20260224,20260519,57,F1_order_lte_10pct_ref_amount_A_tail_capital_1000000,F,0.0,0.03627574226730429,0.047709020491505556,3,0,2939.689655172414,2872,10.0,F1_order_lte_10pct_ref_amount,A_tail,1000000,0.1
10bp_slippage_plus_impact_participation_5pct_partial_zero,10bp_one_way_slippage_plus_impact_cost_plus_participation_cap_plus_partial_zero_fill,1000000.0,0.05,10,True,True,True,True,True,-0.0717425527156248,-0.00122188618379006,0.4265975820379965,0.43103448275862066,-0.09104754386746805,0.8521622033887664,0.5242640916015529,580,58,10.0,0.7804833162943438,294,1,20260407,0.021771459169505236,20260306,-0.030394872314023807,-0.09152145623752117,-0.12642526228233797,-0.15778070849152348,285,294,1,0,0,20260224,20260519,57,F1_order_lte_10pct_ref_amount_A_tail_capital_1000000,F,0.04999999999999999,0.05,0.05000000000000002,3,0,2939.689655172414,2872,10.0,F1_order_lte_10pct_ref_amount,A_tail,1000000,0.1
10bp_slippage_plus_impact_participation_10pct_no_partial,10bp_one_way_slippage_plus_impact_cost_plus_participation_cap,1000000.0,0.1,10,True,True,False,True,True,-0.08637279373443962,-0.0014840420516698514,0.38412017167381973,0.3793103448275862,-0.10585568194666128,0.8298505359820089,0.5242640916015529,580,58,10.0,0.803448275862069,0,114,20260407,0.026695076321551613,20260320,-0.033471220040511916,-0.11012799482889468,-0.14828035083914415,-0.1797148651784337,466,0,114,0,0,20260224,20260519,57,F1_order_lte_10pct_ref_amount_A_tail_capital_1000000,F,0.025967213887630916,0.07856599865565349,0.09656614469451065,3,0,2939.689655172414,2872,10.0,F1_order_lte_10pct_ref_amount,A_tail,1000000,0.1
10bp_slippage_plus_impact_participation_10pct_partial_zero,10bp_one_way_slippage_plus_impact_cost_plus_participation_cap_plus_partial_zero_fill,1000000.0,0.1,10,True,True,True,True,True,-0.06494326334244249,-0.001075852266212182,0.42487046632124353,0.41379310344827586,-0.08453941707296109,0.8837167560677609,0.5242640916015529,580,58,10.0,0.9250840287094763,113,1,20260407,0.028256874130863786,20260306,-0.03499930416557613,-0.09063896368510438,-0.1305702778732356,-0.16287745552748523,466,113,1,0,0,20260225,20260519,56,F1_order_lte_10pct_ref_amount_A_tail_capital_1000000,F,0.050623719437440345,0.1,0.10000000000000002,3,0,2939.689655172414,2872,10.0,F1_order_lte_10pct_ref_amount,A_tail,1000000,0.1
5bp_one_way_slippage,5bp_one_way_slippage,,,5,True,False,False,False,False,0.04719432528399459,0.000882208339340955,0.44482758620689655,0.5172413793103449,-0.06142807961348884,1.1023260101720942,0.5242640916015529,580,58,10.0,1.0,0,0,20260407,0.03133403000173749,20260306,-0.03382598351049495,0.01537842718350979,-0.03247860379178169,-0.07224804327811496,580,0,0,0,0,20260305,20260320,12,F1_order_lte_10pct_ref_amount_B_tail_and_past20_exit_proxy_capital_1000000,F,0.0,0.0,0.0,3,0,2939.689655172414,2872,10.0,F1_order_lte_10pct_ref_amount,B_tail_and_past20_exit_proxy,1000000,0.1
10bp_one_way_slippage,10bp_one_way_slippage,,,10,True,False,False,False,False,-0.011829552964626844,-0.00011842521193621966,0.43448275862068964,0.46551724137931033,-0.07266548976260334,0.9870899867454144,0.5242640916015529,580,58,10.0,1.0,0,0,20260407,0.03030295219418422,20260306,-0.03479191749275214,-0.040893316930795676,-0.0842680425174076,-0.12015032259491265,580,0,0,0,0,20260226,20260320,17,F1_order_lte_10pct_ref_amount_B_tail_and_past20_exit_proxy_capital_1000000,F,0.0,0.0,0.0,3,0,2939.689655172414,2872,10.0,F1_order_lte_10pct_ref_amount,B_tail_and_past20_exit_proxy,1000000,0.1
15bp_one_way_slippage,15bp_one_way_slippage,,,15,True,False,False,False,False,-0.06752670082385681,-0.00111805987771187,0.4224137931034483,0.41379310344827586,-0.08774790238071917,0.8851721598644039,0.5242640916015529,580,58,10.0,1.0,0,0,20260407,0.02927290366320434,20260306,-0.03575688722845871,-0.09404658778303487,-0.13328537021771802,-0.16557934733447655,580,0,0,0,0,20260225,20260320,18,F1_order_lte_10pct_ref_amount_B_tail_and_past20_exit_proxy_capital_1000000,F,0.0,0.0,0.0,3,0,2939.689655172414,2872,10.0,F1_order_lte_10pct_ref_amount,B_tail_and_past20_exit_proxy,1000000,0.1
20bp_one_way_slippage,20bp_one_way_slippage,,,20,True,False,False,False,False,-0.12008464193013635,-0.0021166971529503298,0.4103448275862069,0.3793103448275862,-0.13562176638135437,0.7946956446437382,0.5242640916015529,580,58,10.0,1.0,0,0,20260407,0.028243882868349245,20260306,-0.036720894160737136,-0.14425422535431465,-0.1796789872336918,-0.20866283228187632,580,0,0,0,0,20260225,20260519,56,F1_order_lte_10pct_ref_amount_B_tail_and_past20_exit_proxy_capital_1000000,F,0.0,0.0,0.0,3,0,2939.689655172414,2872,10.0,F1_order_lte_10pct_ref_amount,B_tail_and_past20_exit_proxy,1000000,0.1
10bp_slippage_plus_impact,10bp_one_way_slippage_plus_impact_cost,1000000.0,,10,True,True,False,False,False,-0.044477152953894206,-0.0006976863971633114,0.4224137931034483,0.43103448275862066,-0.0805329044361246,0.9264492701519503,0.5242640916015529,580,58,10.0,1.0,0,0,20260407,0.029676706264787866,20260306,-0.03532380654460101,-0.07201664247381045,-0.113187925504462,-0.146936861843057,580,0,0,0,0,20260226,20260320,17,F1_order_lte_10pct_ref_amount_B_tail_and_past20_exit_proxy_capital_1000000,F,0.05080519027543372,0.14991700137198538,0.39647276643602675,3,0,2939.689655172414,2872,10.0,F1_order_lte_10pct_ref_amount,B_tail_and_past20_exit_proxy,1000000,0.1
10bp_slippage_plus_impact_participation_1pct_no_partial,10bp_one_way_slippage_plus_impact_cost_plus_participation_cap,1000000.0,0.01,10,True,True,False,True,True,-0.02894493728378067,-0.0004955690626463138,0.41237113402061853,0.20689655172413793,-0.043156516472210416,0.7897911834112781,0.5242640916015529,580,58,10.0,0.16724137931034483,0,483,20260513,0.011250044543654459,20260227,-0.02143732107056586,-0.03974781711438535,-0.05951531916743924,-0.06992179764029471,97,0,483,0,0,20260225,20260512,51,F1_order_lte_10pct_ref_amount_B_tail_and_past20_exit_proxy_capital_1000000,F,0.0,0.00401050215831839,0.008699568014273395,3,0,2939.689655172414,2872,10.0,F1_order_lte_10pct_ref_amount,B_tail_and_past20_exit_proxy,1000000,0.1
10bp_slippage_plus_impact_participation_1pct_partial_zero,10bp_one_way_slippage_plus_impact_cost_plus_participation_cap_plus_partial_zero_fill,1000000.0,0.01,10,True,True,True,True,True,-0.04218086860140913,-0.0007254858517574795,0.43005181347150256,0.5172413793103449,-0.05757797435126466,0.8347451294943181,0.5242640916015529,580,58,10.0,0.36143243022327903,482,1,20260520,0.01476120310213815,20260227,-0.02037096623756974,-0.0561137650212431,-0.07786915266794225,-0.09489722115618227,97,482,1,0,0,20260225,20260519,56,F1_order_lte_10pct_ref_amount_B_tail_and_past20_exit_proxy_capital_1000000,F,0.01,0.01,0.010000000000000002,3,0,2939.689655172414,2872,10.0,F1_order_lte_10pct_ref_amount,B_tail_and_past20_exit_proxy,1000000,0.1
10bp_slippage_plus_impact_participation_3pct_no_partial,10bp_one_way_slippage_plus_impact_cost_plus_participation_cap,1000000.0,0.03,10,True,True,False,True,True,-0.06522283097556325,-0.0011436204814282535,0.3711340206185567,0.3103448275862069,-0.07931110228552463,0.7480796522534294,0.5242640916015529,580,58,10.0,0.33448275862068966,0,386,20260520,0.015128680903895252,20260227,-0.022780010668209106,-0.07915401602869854,-0.09976609082037713,-0.1145693516664158,194,0,386,0,0,20260225,20260519,56,F1_order_lte_10pct_ref_amount_B_tail_and_past20_exit_proxy_capital_1000000,F,0.0,0.01715867577293322,0.02812800654519925,3,0,2939.689655172414,2872,10.0,F1_order_lte_10pct_ref_amount,B_tail_and_past20_exit_proxy,1000000,0.1
10bp_slippage_plus_impact_participation_3pct_partial_zero,10bp_one_way_slippage_plus_impact_cost_plus_participation_cap_plus_partial_zero_fill,1000000.0,0.03,10,True,True,True,True,True,-0.06594279268887615,-0.0011344557495976528,0.4283246977547496,0.43103448275862066,-0.08406048688247791,0.8380073123431051,0.5242640916015529,580,58,10.0,0.6299689441852656,385,1,20260304,0.018396488804178626,20260320,-0.022874193751569794,-0.08281576225001375,-0.11388249771966319,-0.14036137209420008,194,385,1,0,0,20260224,20260519,57,F1_order_lte_10pct_ref_amount_B_tail_and_past20_exit_proxy_capital_1000000,F,0.03,0.030000000000000002,0.030000000000000006,3,0,2939.689655172414,2872,10.0,F1_order_lte_10pct_ref_amount,B_tail_and_past20_exit_proxy,1000000,0.1
10bp_slippage_plus_impact_participation_5pct_no_partial,10bp_one_way_slippage_plus_impact_cost_plus_participation_cap,1000000.0,0.05,10,True,True,False,True,True,-0.05917198761284381,-0.0010216582325667065,0.38596491228070173,0.41379310344827586,-0.0789434818451491,0.8265486378741581,0.5242640916015529,580,58,10.0,0.49137931034482757,0,295,20260520,0.01878588775872784,20260227,-0.022780010668209106,-0.07652037224727826,-0.10567229761101304,-0.12496815752045554,285,0,295,0,0,20260224,20260519,57,F1_order_lte_10pct_ref_amount_B_tail_and_past20_exit_proxy_capital_1000000,F,0.0,0.03627574226730429,0.047709020491505556,3,0,2939.689655172414,2872,10.0,F1_order_lte_10pct_ref_amount,B_tail_and_past20_exit_proxy,1000000,0.1
10bp_slippage_plus_impact_participation_5pct_partial_zero,10bp_one_way_slippage_plus_impact_cost_plus_participation_cap_plus_partial_zero_fill,1000000.0,0.05,10,True,True,True,True,True,-0.0717425527156248,-0.00122188618379006,0.4265975820379965,0.43103448275862066,-0.09104754386746805,0.8521622033887664,0.5242640916015529,580,58,10.0,0.7804833162943438,294,1,20260407,0.021771459169505236,20260306,-0.030394872314023807,-0.09152145623752117,-0.12642526228233797,-0.15778070849152348,285,294,1,0,0,20260224,20260519,57,F1_order_lte_10pct_ref_amount_B_tail_and_past20_exit_proxy_capital_1000000,F,0.04999999999999999,0.05,0.05000000000000002,3,0,2939.689655172414,2872,10.0,F1_order_lte_10pct_ref_amount,B_tail_and_past20_exit_proxy,1000000,0.1
10bp_slippage_plus_impact_participation_10pct_no_partial,10bp_one_way_slippage_plus_impact_cost_plus_participation_cap,1000000.0,0.1,10,True,True,False,True,True,-0.08637279373443962,-0.0014840420516698514,0.38412017167381973,0.3793103448275862,-0.10585568194666128,0.8298505359820089,0.5242640916015529,580,58,10.0,0.803448275862069,0,114,20260407,0.026695076321551613,20260320,-0.033471220040511916,-0.11012799482889468,-0.14828035083914415,-0.1797148651784337,466,0,114,0,0,20260224,20260519,57,F1_order_lte_10pct_ref_amount_B_tail_and_past20_exit_proxy_capital_1000000,F,0.025967213887630916,0.07856599865565349,0.09656614469451065,3,0,2939.689655172414,2872,10.0,F1_order_lte_10pct_ref_amount,B_tail_and_past20_exit_proxy,1000000,0.1
10bp_slippage_plus_impact_participation_10pct_partial_zero,10bp_one_way_slippage_plus_impact_cost_plus_participation_cap_plus_partial_zero_fill,1000000.0,0.1,10,True,True,True,True,True,-0.06494326334244249,-0.001075852266212182,0.42487046632124353,0.41379310344827586,-0.08453941707296109,0.8837167560677609,0.5242640916015529,580,58,10.0,0.9250840287094763,113,1,20260407,0.028256874130863786,20260306,-0.03499930416557613,-0.09063896368510438,-0.1305702778732356,-0.16287745552748523,466,113,1,0,0,20260225,20260519,56,F1_order_lte_10pct_ref_amount_B_tail_and_past20_exit_proxy_capital_1000000,F,0.050623719437440345,0.1,0.10000000000000002,3,0,2939.689655172414,2872,10.0,F1_order_lte_10pct_ref_amount,B_tail_and_past20_exit_proxy,1000000,0.1
5bp_one_way_slippage,5bp_one_way_slippage,,,5,True,False,False,False,False,0.03930783031507379,0.0007495522104203271,0.44310344827586207,0.5172413793103449,-0.060723164093463455,1.0868905179308277,0.5236127000528964,580,58,10.0,1.0,0,0,20260407,0.03133403000173749,20260306,-0.03382598351049495,0.007731540006803206,-0.037751527482508984,-0.07574556341213146,580,0,0,0,0,20260305,20260320,12,F2_order_lte_5pct_ref_amount_A_tail_capital_1000000,F,0.0,0.0,0.0,134,0,2937.4310344827586,2871,10.0,F2_order_lte_5pct_ref_amount,A_tail,1000000,0.05
10bp_one_way_slippage,10bp_one_way_slippage,,,10,True,False,False,False,False,-0.019271534907060017,-0.0002509487176847354,0.43275862068965515,0.46551724137931033,-0.07196901411239176,0.9726626459847663,0.5236127000528964,580,58,10.0,1.0,0,0,20260407,0.03030295219418422,20260306,-0.03479191749275214,-0.04811641759898666,-0.08925871740262459,-0.12346725654405333,580,0,0,0,0,20260226,20260320,17,F2_order_lte_5pct_ref_amount_A_tail_capital_1000000,F,0.0,0.0,0.0,134,0,2937.4310344827586,2871,10.0,F2_order_lte_5pct_ref_amount,A_tail,1000000,0.05
15bp_one_way_slippage,15bp_one_way_slippage,,,15,True,False,False,False,False,-0.07454922358305138,-0.0012504508926797608,0.4206896551724138,0.41379310344827586,-0.09361432638282896,0.871684470268717,0.5236127000528964,580,58,10.0,1.0,0,0,20260407,0.02927290366320434,20260306,-0.03575688722845871,-0.10086938738671758,-0.1380089041079129,-0.16872501898926795,580,0,0,0,0,20260225,20260519,56,F2_order_lte_5pct_ref_amount_A_tail_capital_1000000,F,0.0,0.0,0.0,134,0,2937.4310344827586,2871,10.0,F2_order_lte_5pct_ref_amount,A_tail,1000000,0.05
20bp_one_way_slippage,20bp_one_way_slippage,,,20,True,False,False,False,False,-0.12671134709549658,-0.0022489558093309403,0.4086206896551724,0.3793103448275862,-0.1421314603570456,0.7820789673958248,0.5236127000528964,580,58,10.0,1.0,0,0,20260407,0.028243882868349245,20260306,-0.036720894160737136,-0.15069890766730243,-0.1841496791679157,-0.21164608406252394,580,0,0,0,0,20260225,20260519,56,F2_order_lte_5pct_ref_amount_A_tail_capital_1000000,F,0.0,0.0,0.0,134,0,2937.4310344827586,2871,10.0,F2_order_lte_5pct_ref_amount,A_tail,1000000,0.05
10bp_slippage_plus_impact,10bp_one_way_slippage_plus_impact_cost,1000000.0,,10,True,True,False,False,False,-0.05167043633664936,-0.0008301107669931712,0.4206896551724138,0.43103448275862066,-0.07984066907417964,0.9125564994928258,0.5236127000528964,580,58,10.0,1.0,0,0,20260407,0.029676706264787866,20260306,-0.03532380654460101,-0.07900260548432614,-0.11763262329344815,-0.15019825681256527,580,0,0,0,0,20260226,20260320,17,F2_order_lte_5pct_ref_amount_A_tail_capital_1000000,F,0.050623719437440345,0.14724554439467769,0.39647276643602675,134,0,2937.4310344827586,2871,10.0,F2_order_lte_5pct_ref_amount,A_tail,1000000,0.05
10bp_slippage_plus_impact_participation_1pct_no_partial,10bp_one_way_slippage_plus_impact_cost_plus_participation_cap,1000000.0,0.01,10,True,True,False,True,True,-0.02894493728378067,-0.0004955690626463138,0.41237113402061853,0.20689655172413793,-0.043156516472210416,0.7897911834112781,0.5236127000528964,580,58,10.0,0.16724137931034483,0,483,20260513,0.011250044543654459,20260227,-0.02143732107056586,-0.03974781711438535,-0.05951531916743924,-0.06992179764029471,97,0,483,0,0,20260225,20260512,51,F2_order_lte_5pct_ref_amount_A_tail_capital_1000000,F,0.0,0.00401050215831839,0.008699568014273395,134,0,2937.4310344827586,2871,10.0,F2_order_lte_5pct_ref_amount,A_tail,1000000,0.05
10bp_slippage_plus_impact_participation_1pct_partial_zero,10bp_one_way_slippage_plus_impact_cost_plus_participation_cap_plus_partial_zero_fill,1000000.0,0.01,10,True,True,True,True,True,-0.04320492874045312,-0.0007440797557490527,0.4283246977547496,0.5172413793103449,-0.058585572549073484,0.8307866308210972,0.5236127000528964,580,58,10.0,0.3619240014882913,482,1,20260520,0.01476120310213815,20260227,-0.02037096623756974,-0.05712292869040336,-0.07814320006550912,-0.09516620799442688,97,482,1,0,0,20260225,20260519,56,F2_order_lte_5pct_ref_amount_A_tail_capital_1000000,F,0.01,0.01,0.010000000000000002,134,0,2937.4310344827586,2871,10.0,F2_order_lte_5pct_ref_amount,A_tail,1000000,0.05
10bp_slippage_plus_impact_participation_3pct_no_partial,10bp_one_way_slippage_plus_impact_cost_plus_participation_cap,1000000.0,0.03,10,True,True,False,True,True,-0.06522283097556325,-0.0011436204814282535,0.3711340206185567,0.3103448275862069,-0.07931110228552463,0.7480796522534294,0.5236127000528964,580,58,10.0,0.33448275862068966,0,386,20260520,0.015128680903895252,20260227,-0.022780010668209106,-0.07915401602869854,-0.09976609082037713,-0.1145693516664158,194,0,386,0,0,20260225,20260519,56,F2_order_lte_5pct_ref_amount_A_tail_capital_1000000,F,0.0,0.01715867577293322,0.02812800654519925,134,0,2937.4310344827586,2871,10.0,F2_order_lte_5pct_ref_amount,A_tail,1000000,0.05
10bp_slippage_plus_impact_participation_3pct_partial_zero,10bp_one_way_slippage_plus_impact_cost_plus_participation_cap_plus_partial_zero_fill,1000000.0,0.03,10,True,True,True,True,True,-0.06895072746464681,-0.001190582098285317,0.4265975820379965,0.43103448275862066,-0.08701007743479516,0.8305229694954607,0.5236127000528964,580,58,10.0,0.6314436579803026,385,1,20260304,0.018396488804178626,20260320,-0.022874193751569794,-0.08576936117620537,-0.11673605275854593,-0.14174741526720636,194,385,1,0,0,20260224,20260519,57,F2_order_lte_5pct_ref_amount_A_tail_capital_1000000,F,0.03,0.030000000000000002,0.030000000000000006,134,0,2937.4310344827586,2871,10.0,F2_order_lte_5pct_ref_amount,A_tail,1000000,0.05
10bp_slippage_plus_impact_participation_5pct_no_partial,10bp_one_way_slippage_plus_impact_cost_plus_participation_cap,1000000.0,0.05,10,True,True,False,True,True,-0.0602588623555087,-0.0010417246222675515,0.38461538461538464,0.41379310344827586,-0.08000751592254596,0.8237423468268769,0.5236127000528964,580,58,10.0,0.49310344827586206,0,294,20260520,0.01878588775872784,20260227,-0.022780010668209106,-0.07758720557872145,-0.10670545370181206,-0.12597902241403514,286,0,294,0,0,20260224,20260519,57,F2_order_lte_5pct_ref_amount_A_tail_capital_1000000,F,0.0,0.03627574226730429,0.047709020491505556,134,0,2937.4310344827586,2871,10.0,F2_order_lte_5pct_ref_amount,A_tail,1000000,0.05
10bp_slippage_plus_impact_participation_5pct_partial_zero,10bp_one_way_slippage_plus_impact_cost_plus_participation_cap_plus_partial_zero_fill,1000000.0,0.05,10,True,True,True,True,True,-0.07610872136190117,-0.0013040958009754376,0.42487046632124353,0.43103448275862066,-0.09532290920553455,0.842694869972421,0.5236127000528964,580,58,10.0,0.7819597064357617,293,1,20260407,0.021771459169505236,20260306,-0.030394872314023807,-0.09579459247272659,-0.1305342243393195,-0.1590489086815604,286,293,1,0,0,20260224,20260519,57,F2_order_lte_5pct_ref_amount_A_tail_capital_1000000,F,0.04999999999999999,0.05,0.05000000000000002,134,0,2937.4310344827586,2871,10.0,F2_order_lte_5pct_ref_amount,A_tail,1000000,0.05
10bp_slippage_plus_impact_participation_10pct_no_partial,10bp_one_way_slippage_plus_impact_cost_plus_participation_cap,1000000.0,0.1,10,True,True,False,True,True,-0.0897792492948577,-0.0015498913088891294,0.38329764453961457,0.3793103448275862,-0.10918949563255076,0.8227086275326694,0.5236127000528964,580,58,10.0,0.8051724137931034,0,113,20260407,0.026695076321551613,20260320,-0.033471220040511916,-0.11344587921246685,-0.1486137765817982,-0.17935254619625496,467,0,113,0,0,20260224,20260519,57,F2_order_lte_5pct_ref_amount_A_tail_capital_1000000,F,0.02634309529893457,0.07934643816004804,0.09656614469451065,134,0,2937.4310344827586,2871,10.0,F2_order_lte_5pct_ref_amount,A_tail,1000000,0.05
10bp_slippage_plus_impact_participation_10pct_partial_zero,10bp_one_way_slippage_plus_impact_cost_plus_participation_cap_plus_partial_zero_fill,1000000.0,0.1,10,True,True,True,True,True,-0.07175119030978849,-0.0012033562939306526,0.4231433506044905,0.41379310344827586,-0.09120466907930413,0.8703632885741698,0.5236127000528964,580,58,10.0,0.9265458856060279,112,1,20260407,0.028256874130863786,20260306,-0.03499930416557613,-0.0972598063350506,-0.13400942821452455,-0.16587007279695964,467,112,1,0,0,20260225,20260519,56,F2_order_lte_5pct_ref_amount_A_tail_capital_1000000,F,0.050547619239980954,0.1,0.10000000000000002,134,0,2937.4310344827586,2871,10.0,F2_order_lte_5pct_ref_amount,A_tail,1000000,0.05
5bp_one_way_slippage,5bp_one_way_slippage,,,5,True,False,False,False,False,0.03930783031507379,0.0007495522104203271,0.44310344827586207,0.5172413793103449,-0.060723164093463455,1.0868905179308277,0.5236127000528964,580,58,10.0,1.0,0,0,20260407,0.03133403000173749,20260306,-0.03382598351049495,0.007731540006803206,-0.037751527482508984,-0.07574556341213146,580,0,0,0,0,20260305,20260320,12,F2_order_lte_5pct_ref_amount_B_tail_and_past20_exit_proxy_capital_1000000,F,0.0,0.0,0.0,134,0,2937.4310344827586,2871,10.0,F2_order_lte_5pct_ref_amount,B_tail_and_past20_exit_proxy,1000000,0.05
10bp_one_way_slippage,10bp_one_way_slippage,,,10,True,False,False,False,False,-0.019271534907060017,-0.0002509487176847354,0.43275862068965515,0.46551724137931033,-0.07196901411239176,0.9726626459847663,0.5236127000528964,580,58,10.0,1.0,0,0,20260407,0.03030295219418422,20260306,-0.03479191749275214,-0.04811641759898666,-0.08925871740262459,-0.12346725654405333,580,0,0,0,0,20260226,20260320,17,F2_order_lte_5pct_ref_amount_B_tail_and_past20_exit_proxy_capital_1000000,F,0.0,0.0,0.0,134,0,2937.4310344827586,2871,10.0,F2_order_lte_5pct_ref_amount,B_tail_and_past20_exit_proxy,1000000,0.05
15bp_one_way_slippage,15bp_one_way_slippage,,,15,True,False,False,False,False,-0.07454922358305138,-0.0012504508926797608,0.4206896551724138,0.41379310344827586,-0.09361432638282896,0.871684470268717,0.5236127000528964,580,58,10.0,1.0,0,0,20260407,0.02927290366320434,20260306,-0.03575688722845871,-0.10086938738671758,-0.1380089041079129,-0.16872501898926795,580,0,0,0,0,20260225,20260519,56,F2_order_lte_5pct_ref_amount_B_tail_and_past20_exit_proxy_capital_1000000,F,0.0,0.0,0.0,134,0,2937.4310344827586,2871,10.0,F2_order_lte_5pct_ref_amount,B_tail_and_past20_exit_proxy,1000000,0.05
20bp_one_way_slippage,20bp_one_way_slippage,,,20,True,False,False,False,False,-0.12671134709549658,-0.0022489558093309403,0.4086206896551724,0.3793103448275862,-0.1421314603570456,0.7820789673958248,0.5236127000528964,580,58,10.0,1.0,0,0,20260407,0.028243882868349245,20260306,-0.036720894160737136,-0.15069890766730243,-0.1841496791679157,-0.21164608406252394,580,0,0,0,0,20260225,20260519,56,F2_order_lte_5pct_ref_amount_B_tail_and_past20_exit_proxy_capital_1000000,F,0.0,0.0,0.0,134,0,2937.4310344827586,2871,10.0,F2_order_lte_5pct_ref_amount,B_tail_and_past20_exit_proxy,1000000,0.05
10bp_slippage_plus_impact,10bp_one_way_slippage_plus_impact_cost,1000000.0,,10,True,True,False,False,False,-0.05167043633664936,-0.0008301107669931712,0.4206896551724138,0.43103448275862066,-0.07984066907417964,0.9125564994928258,0.5236127000528964,580,58,10.0,1.0,0,0,20260407,0.029676706264787866,20260306,-0.03532380654460101,-0.07900260548432614,-0.11763262329344815,-0.15019825681256527,580,0,0,0,0,20260226,20260320,17,F2_order_lte_5pct_ref_amount_B_tail_and_past20_exit_proxy_capital_1000000,F,0.050623719437440345,0.14724554439467769,0.39647276643602675,134,0,2937.4310344827586,2871,10.0,F2_order_lte_5pct_ref_amount,B_tail_and_past20_exit_proxy,1000000,0.05
10bp_slippage_plus_impact_participation_1pct_no_partial,10bp_one_way_slippage_plus_impact_cost_plus_participation_cap,1000000.0,0.01,10,True,True,False,True,True,-0.02894493728378067,-0.0004955690626463138,0.41237113402061853,0.20689655172413793,-0.043156516472210416,0.7897911834112781,0.5236127000528964,580,58,10.0,0.16724137931034483,0,483,20260513,0.011250044543654459,20260227,-0.02143732107056586,-0.03974781711438535,-0.05951531916743924,-0.06992179764029471,97,0,483,0,0,20260225,20260512,51,F2_order_lte_5pct_ref_amount_B_tail_and_past20_exit_proxy_capital_1000000,F,0.0,0.00401050215831839,0.008699568014273395,134,0,2937.4310344827586,2871,10.0,F2_order_lte_5pct_ref_amount,B_tail_and_past20_exit_proxy,1000000,0.05
10bp_slippage_plus_impact_participation_1pct_partial_zero,10bp_one_way_slippage_plus_impact_cost_plus_participation_cap_plus_partial_zero_fill,1000000.0,0.01,10,True,True,True,True,True,-0.04320492874045312,-0.0007440797557490527,0.4283246977547496,0.5172413793103449,-0.058585572549073484,0.8307866308210972,0.5236127000528964,580,58,10.0,0.3619240014882913,482,1,20260520,0.01476120310213815,20260227,-0.02037096623756974,-0.05712292869040336,-0.07814320006550912,-0.09516620799442688,97,482,1,0,0,20260225,20260519,56,F2_order_lte_5pct_ref_amount_B_tail_and_past20_exit_proxy_capital_1000000,F,0.01,0.01,0.010000000000000002,134,0,2937.4310344827586,2871,10.0,F2_order_lte_5pct_ref_amount,B_tail_and_past20_exit_proxy,1000000,0.05
10bp_slippage_plus_impact_participation_3pct_no_partial,10bp_one_way_slippage_plus_impact_cost_plus_participation_cap,1000000.0,0.03,10,True,True,False,True,True,-0.06522283097556325,-0.0011436204814282535,0.3711340206185567,0.3103448275862069,-0.07931110228552463,0.7480796522534294,0.5236127000528964,580,58,10.0,0.33448275862068966,0,386,20260520,0.015128680903895252,20260227,-0.022780010668209106,-0.07915401602869854,-0.09976609082037713,-0.1145693516664158,194,0,386,0,0,20260225,20260519,56,F2_order_lte_5pct_ref_amount_B_tail_and_past20_exit_proxy_capital_1000000,F,0.0,0.01715867577293322,0.02812800654519925,134,0,2937.4310344827586,2871,10.0,F2_order_lte_5pct_ref_amount,B_tail_and_past20_exit_proxy,1000000,0.05
10bp_slippage_plus_impact_participation_3pct_partial_zero,10bp_one_way_slippage_plus_impact_cost_plus_participation_cap_plus_partial_zero_fill,1000000.0,0.03,10,True,True,True,True,True,-0.06895072746464681,-0.001190582098285317,0.4265975820379965,0.43103448275862066,-0.08701007743479516,0.8305229694954607,0.5236127000528964,580,58,10.0,0.6314436579803026,385,1,20260304,0.018396488804178626,20260320,-0.022874193751569794,-0.08576936117620537,-0.11673605275854593,-0.14174741526720636,194,385,1,0,0,20260224,20260519,57,F2_order_lte_5pct_ref_amount_B_tail_and_past20_exit_proxy_capital_1000000,F,0.03,0.030000000000000002,0.030000000000000006,134,0,2937.4310344827586,2871,10.0,F2_order_lte_5pct_ref_amount,B_tail_and_past20_exit_proxy,1000000,0.05
10bp_slippage_plus_impact_participation_5pct_no_partial,10bp_one_way_slippage_plus_impact_cost_plus_participation_cap,1000000.0,0.05,10,True,True,False,True,True,-0.0602588623555087,-0.0010417246222675515,0.38461538461538464,0.41379310344827586,-0.08000751592254596,0.8237423468268769,0.5236127000528964,580,58,10.0,0.49310344827586206,0,294,20260520,0.01878588775872784,20260227,-0.022780010668209106,-0.07758720557872145,-0.10670545370181206,-0.12597902241403514,286,0,294,0,0,20260224,20260519,57,F2_order_lte_5pct_ref_amount_B_tail_and_past20_exit_proxy_capital_1000000,F,0.0,0.03627574226730429,0.047709020491505556,134,0,2937.4310344827586,2871,10.0,F2_order_lte_5pct_ref_amount,B_tail_and_past20_exit_proxy,1000000,0.05
10bp_slippage_plus_impact_participation_5pct_partial_zero,10bp_one_way_slippage_plus_impact_cost_plus_participation_cap_plus_partial_zero_fill,1000000.0,0.05,10,True,True,True,True,True,-0.07610872136190117,-0.0013040958009754376,0.42487046632124353,0.43103448275862066,-0.09532290920553455,0.842694869972421,0.5236127000528964,580,58,10.0,0.7819597064357617,293,1,20260407,0.021771459169505236,20260306,-0.030394872314023807,-0.09579459247272659,-0.1305342243393195,-0.1590489086815604,286,293,1,0,0,20260224,20260519,57,F2_order_lte_5pct_ref_amount_B_tail_and_past20_exit_proxy_capital_1000000,F,0.04999999999999999,0.05,0.05000000000000002,134,0,2937.4310344827586,2871,10.0,F2_order_lte_5pct_ref_amount,B_tail_and_past20_exit_proxy,1000000,0.05
10bp_slippage_plus_impact_participation_10pct_no_partial,10bp_one_way_slippage_plus_impact_cost_plus_participation_cap,1000000.0,0.1,10,True,True,False,True,True,-0.0897792492948577,-0.0015498913088891294,0.38329764453961457,0.3793103448275862,-0.10918949563255076,0.8227086275326694,0.5236127000528964,580,58,10.0,0.8051724137931034,0,113,20260407,0.026695076321551613,20260320,-0.033471220040511916,-0.11344587921246685,-0.1486137765817982,-0.17935254619625496,467,0,113,0,0,20260224,20260519,57,F2_order_lte_5pct_ref_amount_B_tail_and_past20_exit_proxy_capital_1000000,F,0.02634309529893457,0.07934643816004804,0.09656614469451065,134,0,2937.4310344827586,2871,10.0,F2_order_lte_5pct_ref_amount,B_tail_and_past20_exit_proxy,1000000,0.05
10bp_slippage_plus_impact_participation_10pct_partial_zero,10bp_one_way_slippage_plus_impact_cost_plus_participation_cap_plus_partial_zero_fill,1000000.0,0.1,10,True,True,True,True,True,-0.07175119030978849,-0.0012033562939306526,0.4231433506044905,0.41379310344827586,-0.09120466907930413,0.8703632885741698,0.5236127000528964,580,58,10.0,0.9265458856060279,112,1,20260407,0.028256874130863786,20260306,-0.03499930416557613,-0.0972598063350506,-0.13400942821452455,-0.16587007279695964,467,112,1,0,0,20260225,20260519,56,F2_order_lte_5pct_ref_amount_B_tail_and_past20_exit_proxy_capital_1000000,F,0.050547619239980954,0.1,0.10000000000000002,134,0,2937.4310344827586,2871,10.0,F2_order_lte_5pct_ref_amount,B_tail_and_past20_exit_proxy,1000000,0.05
5bp_one_way_slippage,5bp_one_way_slippage,,,5,True,False,False,False,False,0.02964040970338533,0.000589382951787387,0.4379310344827586,0.5172413793103449,-0.06524806238540404,1.0679937344796404,0.5184952204748691,580,58,10.0,1.0,0,0,20260407,0.03133403000173749,20260306,-0.03382598351049495,-0.0016421646615787377,-0.047732772278655466,-0.08533270233621093,580,0,0,0,0,20260305,20260320,12,F3_order_lte_3pct_ref_amount_A_tail_capital_1000000,F,0.0,0.0,0.0,1624,0,2911.7413793103447,2836,10.0,F3_order_lte_3pct_ref_amount,A_tail,1000000,0.03
10bp_one_way_slippage,10bp_one_way_slippage,,,10,True,False,False,False,False,-0.028394062710043855,-0.00041095784685115505,0.42931034482758623,0.46551724137931033,-0.07614619898169706,0.9554548053754963,0.5184952204748691,580,58,10.0,1.0,0,0,20260407,0.03030295219418422,20260306,-0.03479191749275214,-0.05697063643195843,-0.09870568660775869,-0.13255938621133334,580,0,0,0,0,20260226,20260320,17,F3_order_lte_3pct_ref_amount_A_tail_capital_1000000,F,0.0,0.0,0.0,1624,0,2911.7413793103447,2836,10.0,F3_order_lte_3pct_ref_amount,A_tail,1000000,0.03
15bp_one_way_slippage,15bp_one_way_slippage,,,15,True,False,False,False,False,-0.0831575700710443,-0.0014103000522293887,0.41724137931034483,0.41379310344827586,-0.1020453333354171,0.8560104985027683,0.5184952204748691,580,58,10.0,1.0,0,0,20260407,0.02927290366320434,20260306,-0.03575688722845871,-0.10923290930335983,-0.14695019566194112,-0.17734769734662859,580,0,0,0,0,20260225,20260519,56,F3_order_lte_3pct_ref_amount_A_tail_capital_1000000,F,0.0,0.0,0.0,1624,0,2911.7413793103447,2836,10.0,F3_order_lte_3pct_ref_amount,A_tail,1000000,0.03
20bp_one_way_slippage,20bp_one_way_slippage,,,20,True,False,False,False,False,-0.13483449259367175,-0.002408645158874271,0.4051724137931034,0.3793103448275862,-0.1501111712380352,0.7677918948909565,0.5184952204748691,580,58,10.0,1.0,0,0,20260407,0.028243882868349245,20260306,-0.036720894160737136,-0.1585989259737719,-0.1926123600677192,-0.21982354928664205,580,0,0,0,0,20260225,20260519,56,F3_order_lte_3pct_ref_amount_A_tail_capital_1000000,F,0.0,0.0,0.0,1624,0,2911.7413793103447,2836,10.0,F3_order_lte_3pct_ref_amount,A_tail,1000000,0.03
10bp_slippage_plus_impact,10bp_one_way_slippage_plus_impact_cost,1000000.0,,10,True,True,False,False,False,-0.06010027385399974,-0.0009828157152800387,0.41724137931034483,0.43103448275862066,-0.0839109938756053,0.8969584776900152,0.5184952204748691,580,58,10.0,1.0,0,0,20260407,0.029676706264787866,20260306,-0.03532380654460101,-0.08718948342966693,-0.12650716567304376,-0.1587452654432785,580,0,0,0,0,20260226,20260320,17,F3_order_lte_3pct_ref_amount_A_tail_capital_1000000,F,0.04852472702358632,0.14556986734549274,0.39647276643602675,1624,0,2911.7413793103447,2836,10.0,F3_order_lte_3pct_ref_amount,A_tail,1000000,0.03
10bp_slippage_plus_impact_participation_1pct_no_partial,10bp_one_way_slippage_plus_impact_cost_plus_participation_cap,1000000.0,0.01,10,True,True,False,True,True,-0.03106666346901854,-0.0005331787633668526,0.40404040404040403,0.20689655172413793,-0.04524719078319783,0.7773893693480657,0.5184952204748691,580,58,10.0,0.1706896551724138,0,481,20260513,0.011250044543654459,20260227,-0.02143732107056586,-0.0418459393312256,-0.06157024998521987,-0.0719539906147546,99,0,481,0,0,20260225,20260512,51,F3_order_lte_3pct_ref_amount_A_tail_capital_1000000,F,0.0,0.00401050215831839,0.008699568014273395,1624,0,2911.7413793103447,2836,10.0,F3_order_lte_3pct_ref_amount,A_tail,1000000,0.03
10bp_slippage_plus_impact_participation_1pct_partial_zero,10bp_one_way_slippage_plus_impact_cost_plus_participation_cap_plus_partial_zero_fill,1000000.0,0.01,10,True,True,True,True,True,-0.043941376418164535,-0.0007570629223743616,0.42487046632124353,0.5172413793103449,-0.05931018170487479,0.8295571452786779,0.5184952204748691,580,58,10.0,0.3674834390957985,480,1,20260520,0.01476120310213815,20260227,-0.02037096623756974,-0.05784866364702179,-0.07885275566407723,-0.095862660939111,99,480,1,0,0,20260225,20260519,56,F3_order_lte_3pct_ref_amount_A_tail_capital_1000000,F,0.01,0.01,0.010000000000000002,1624,0,2911.7413793103447,2836,10.0,F3_order_lte_3pct_ref_amount,A_tail,1000000,0.03
10bp_slippage_plus_impact_participation_3pct_no_partial,10bp_one_way_slippage_plus_impact_cost_plus_participation_cap,1000000.0,0.03,10,True,True,False,True,True,-0.06496984938395722,-0.001138708456648419,0.37055837563451777,0.3103448275862069,-0.07906193344568135,0.75122275444602,0.5184952204748691,580,58,10.0,0.3396551724137931,0,383,20260520,0.015128680903895252,20260227,-0.022780010668209106,-0.07890480467612326,-0.09952245777636537,-0.11432972487396176,197,0,383,0,0,20260225,20260519,56,F3_order_lte_3pct_ref_amount_A_tail_capital_1000000,F,0.0,0.01727156730909659,0.02812800654519925,1624,0,2911.7413793103447,2836,10.0,F3_order_lte_3pct_ref_amount,A_tail,1000000,0.03
10bp_slippage_plus_impact_participation_3pct_partial_zero,10bp_one_way_slippage_plus_impact_cost_plus_participation_cap_plus_partial_zero_fill,1000000.0,0.03,10,True,True,True,True,True,-0.06730648326347666,-0.0011587637387540598,0.4231433506044905,0.43103448275862066,-0.08539772626264197,0.8364160946129722,0.5184952204748691,580,58,10.0,0.6410984726993759,382,1,20260304,0.018396488804178626,20260320,-0.022874193751569794,-0.08415481888423348,-0.11517619801595091,-0.14089374906630925,197,382,1,0,0,20260224,20260519,57,F3_order_lte_3pct_ref_amount_A_tail_capital_1000000,F,0.03,0.030000000000000002,0.030000000000000006,1624,0,2911.7413793103447,2836,10.0,F3_order_lte_3pct_ref_amount,A_tail,1000000,0.03
10bp_slippage_plus_impact_participation_5pct_no_partial,10bp_one_way_slippage_plus_impact_cost_plus_participation_cap,1000000.0,0.05,10,True,True,False,True,True,-0.056735194079473694,-0.000975788483849968,0.3856655290102389,0.41379310344827586,-0.07655789751118203,0.8369369286228411,0.5184952204748691,580,58,10.0,0.5051724137931034,0,287,20260520,0.01878588775872784,20260227,-0.022780010668209106,-0.07412851193330106,-0.10335594230143219,-0.12319416203299083,293,0,287,0,0,20260224,20260519,57,F3_order_lte_3pct_ref_amount_A_tail_capital_1000000,F,0.0009578267623562985,0.03693935129754669,0.047709020491505556,1624,0,2911.7413793103447,2836,10.0,F3_order_lte_3pct_ref_amount,A_tail,1000000,0.03
10bp_slippage_plus_impact_participation_5pct_partial_zero,10bp_one_way_slippage_plus_impact_cost_plus_participation_cap_plus_partial_zero_fill,1000000.0,0.05,10,True,True,True,True,True,-0.07458830829919683,-0.0012737047770202403,0.4214162348877375,0.43103448275862066,-0.09383411620772542,0.8474545835876695,0.5184952204748691,580,58,10.0,0.7921250157435495,286,1,20260407,0.021771459169505236,20260306,-0.030394872314023807,-0.09430657570629652,-0.12910337727597487,-0.16055457513240612,293,286,1,0,0,20260224,20260519,57,F3_order_lte_3pct_ref_amount_A_tail_capital_1000000,F,0.04827372943226778,0.05,0.05000000000000002,1624,0,2911.7413793103447,2836,10.0,F3_order_lte_3pct_ref_amount,A_tail,1000000,0.03
10bp_slippage_plus_impact_participation_10pct_no_partial,10bp_one_way_slippage_plus_impact_cost_plus_participation_cap,1000000.0,0.1,10,True,True,False,True,True,-0.08640547136376897,-0.0014843394845628771,0.38526315789473686,0.3793103448275862,-0.10588766273312655,0.8312189839527925,0.5184952204748691,580,58,10.0,0.8189655172413793,0,105,20260407,0.026695076321551613,20260320,-0.033471220040511916,-0.11015982280789538,-0.14715828568672085,-0.17863421221270592,475,0,105,0,0,20260224,20260519,57,F3_order_lte_3pct_ref_amount_A_tail_capital_1000000,F,0.027502910079053474,0.07814815721454473,0.09632165175045576,1624,0,2911.7413793103447,2836,10.0,F3_order_lte_3pct_ref_amount,A_tail,1000000,0.03
10bp_slippage_plus_impact_participation_10pct_partial_zero,10bp_one_way_slippage_plus_impact_cost_plus_participation_cap_plus_partial_zero_fill,1000000.0,0.1,10,True,True,True,True,True,-0.07494048652583962,-0.001260957970381489,0.41968911917098445,0.41379310344827586,-0.0943271266357405,0.8647775209524031,0.5184952204748691,580,58,10.0,0.9307126225334013,104,1,20260407,0.028256874130863786,20260306,-0.03499930416557613,-0.10036145952725206,-0.13870188883652446,-0.17048991656659473,475,104,1,0,0,20260225,20260519,56,F3_order_lte_3pct_ref_amount_A_tail_capital_1000000,F,0.04827372943226778,0.1,0.10000000000000002,1624,0,2911.7413793103447,2836,10.0,F3_order_lte_3pct_ref_amount,A_tail,1000000,0.03
5bp_one_way_slippage,5bp_one_way_slippage,,,5,True,False,False,False,False,0.02964040970338533,0.000589382951787387,0.4379310344827586,0.5172413793103449,-0.06524806238540404,1.0679937344796404,0.5184952204748691,580,58,10.0,1.0,0,0,20260407,0.03133403000173749,20260306,-0.03382598351049495,-0.0016421646615787377,-0.047732772278655466,-0.08533270233621093,580,0,0,0,0,20260305,20260320,12,F3_order_lte_3pct_ref_amount_B_tail_and_past20_exit_proxy_capital_1000000,F,0.0,0.0,0.0,1624,0,2911.7413793103447,2836,10.0,F3_order_lte_3pct_ref_amount,B_tail_and_past20_exit_proxy,1000000,0.03
10bp_one_way_slippage,10bp_one_way_slippage,,,10,True,False,False,False,False,-0.028394062710043855,-0.00041095784685115505,0.42931034482758623,0.46551724137931033,-0.07614619898169706,0.9554548053754963,0.5184952204748691,580,58,10.0,1.0,0,0,20260407,0.03030295219418422,20260306,-0.03479191749275214,-0.05697063643195843,-0.09870568660775869,-0.13255938621133334,580,0,0,0,0,20260226,20260320,17,F3_order_lte_3pct_ref_amount_B_tail_and_past20_exit_proxy_capital_1000000,F,0.0,0.0,0.0,1624,0,2911.7413793103447,2836,10.0,F3_order_lte_3pct_ref_amount,B_tail_and_past20_exit_proxy,1000000,0.03
15bp_one_way_slippage,15bp_one_way_slippage,,,15,True,False,False,False,False,-0.0831575700710443,-0.0014103000522293887,0.41724137931034483,0.41379310344827586,-0.1020453333354171,0.8560104985027683,0.5184952204748691,580,58,10.0,1.0,0,0,20260407,0.02927290366320434,20260306,-0.03575688722845871,-0.10923290930335983,-0.14695019566194112,-0.17734769734662859,580,0,0,0,0,20260225,20260519,56,F3_order_lte_3pct_ref_amount_B_tail_and_past20_exit_proxy_capital_1000000,F,0.0,0.0,0.0,1624,0,2911.7413793103447,2836,10.0,F3_order_lte_3pct_ref_amount,B_tail_and_past20_exit_proxy,1000000,0.03
20bp_one_way_slippage,20bp_one_way_slippage,,,20,True,False,False,False,False,-0.13483449259367175,-0.002408645158874271,0.4051724137931034,0.3793103448275862,-0.1501111712380352,0.7677918948909565,0.5184952204748691,580,58,10.0,1.0,0,0,20260407,0.028243882868349245,20260306,-0.036720894160737136,-0.1585989259737719,-0.1926123600677192,-0.21982354928664205,580,0,0,0,0,20260225,20260519,56,F3_order_lte_3pct_ref_amount_B_tail_and_past20_exit_proxy_capital_1000000,F,0.0,0.0,0.0,1624,0,2911.7413793103447,2836,10.0,F3_order_lte_3pct_ref_amount,B_tail_and_past20_exit_proxy,1000000,0.03
10bp_slippage_plus_impact,10bp_one_way_slippage_plus_impact_cost,1000000.0,,10,True,True,False,False,False,-0.06010027385399974,-0.0009828157152800387,0.41724137931034483,0.43103448275862066,-0.0839109938756053,0.8969584776900152,0.5184952204748691,580,58,10.0,1.0,0,0,20260407,0.029676706264787866,20260306,-0.03532380654460101,-0.08718948342966693,-0.12650716567304376,-0.1587452654432785,580,0,0,0,0,20260226,20260320,17,F3_order_lte_3pct_ref_amount_B_tail_and_past20_exit_proxy_capital_1000000,F,0.04852472702358632,0.14556986734549274,0.39647276643602675,1624,0,2911.7413793103447,2836,10.0,F3_order_lte_3pct_ref_amount,B_tail_and_past20_exit_proxy,1000000,0.03
10bp_slippage_plus_impact_participation_1pct_no_partial,10bp_one_way_slippage_plus_impact_cost_plus_participation_cap,1000000.0,0.01,10,True,True,False,True,True,-0.03106666346901854,-0.0005331787633668526,0.40404040404040403,0.20689655172413793,-0.04524719078319783,0.7773893693480657,0.5184952204748691,580,58,10.0,0.1706896551724138,0,481,20260513,0.011250044543654459,20260227,-0.02143732107056586,-0.0418459393312256,-0.06157024998521987,-0.0719539906147546,99,0,481,0,0,20260225,20260512,51,F3_order_lte_3pct_ref_amount_B_tail_and_past20_exit_proxy_capital_1000000,F,0.0,0.00401050215831839,0.008699568014273395,1624,0,2911.7413793103447,2836,10.0,F3_order_lte_3pct_ref_amount,B_tail_and_past20_exit_proxy,1000000,0.03
10bp_slippage_plus_impact_participation_1pct_partial_zero,10bp_one_way_slippage_plus_impact_cost_plus_participation_cap_plus_partial_zero_fill,1000000.0,0.01,10,True,True,True,True,True,-0.043941376418164535,-0.0007570629223743616,0.42487046632124353,0.5172413793103449,-0.05931018170487479,0.8295571452786779,0.5184952204748691,580,58,10.0,0.3674834390957985,480,1,20260520,0.01476120310213815,20260227,-0.02037096623756974,-0.05784866364702179,-0.07885275566407723,-0.095862660939111,99,480,1,0,0,20260225,20260519,56,F3_order_lte_3pct_ref_amount_B_tail_and_past20_exit_proxy_capital_1000000,F,0.01,0.01,0.010000000000000002,1624,0,2911.7413793103447,2836,10.0,F3_order_lte_3pct_ref_amount,B_tail_and_past20_exit_proxy,1000000,0.03
10bp_slippage_plus_impact_participation_3pct_no_partial,10bp_one_way_slippage_plus_impact_cost_plus_participation_cap,1000000.0,0.03,10,True,True,False,True,True,-0.06496984938395722,-0.001138708456648419,0.37055837563451777,0.3103448275862069,-0.07906193344568135,0.75122275444602,0.5184952204748691,580,58,10.0,0.3396551724137931,0,383,20260520,0.015128680903895252,20260227,-0.022780010668209106,-0.07890480467612326,-0.09952245777636537,-0.11432972487396176,197,0,383,0,0,20260225,20260519,56,F3_order_lte_3pct_ref_amount_B_tail_and_past20_exit_proxy_capital_1000000,F,0.0,0.01727156730909659,0.02812800654519925,1624,0,2911.7413793103447,2836,10.0,F3_order_lte_3pct_ref_amount,B_tail_and_past20_exit_proxy,1000000,0.03
10bp_slippage_plus_impact_participation_3pct_partial_zero,10bp_one_way_slippage_plus_impact_cost_plus_participation_cap_plus_partial_zero_fill,1000000.0,0.03,10,True,True,True,True,True,-0.06730648326347666,-0.0011587637387540598,0.4231433506044905,0.43103448275862066,-0.08539772626264197,0.8364160946129722,0.5184952204748691,580,58,10.0,0.6410984726993759,382,1,20260304,0.018396488804178626,20260320,-0.022874193751569794,-0.08415481888423348,-0.11517619801595091,-0.14089374906630925,197,382,1,0,0,20260224,20260519,57,F3_order_lte_3pct_ref_amount_B_tail_and_past20_exit_proxy_capital_1000000,F,0.03,0.030000000000000002,0.030000000000000006,1624,0,2911.7413793103447,2836,10.0,F3_order_lte_3pct_ref_amount,B_tail_and_past20_exit_proxy,1000000,0.03
10bp_slippage_plus_impact_participation_5pct_no_partial,10bp_one_way_slippage_plus_impact_cost_plus_participation_cap,1000000.0,0.05,10,True,True,False,True,True,-0.056735194079473694,-0.000975788483849968,0.3856655290102389,0.41379310344827586,-0.07655789751118203,0.8369369286228411,0.5184952204748691,580,58,10.0,0.5051724137931034,0,287,20260520,0.01878588775872784,20260227,-0.022780010668209106,-0.07412851193330106,-0.10335594230143219,-0.12319416203299083,293,0,287,0,0,20260224,20260519,57,F3_order_lte_3pct_ref_amount_B_tail_and_past20_exit_proxy_capital_1000000,F,0.0009578267623562985,0.03693935129754669,0.047709020491505556,1624,0,2911.7413793103447,2836,10.0,F3_order_lte_3pct_ref_amount,B_tail_and_past20_exit_proxy,1000000,0.03
10bp_slippage_plus_impact_participation_5pct_partial_zero,10bp_one_way_slippage_plus_impact_cost_plus_participation_cap_plus_partial_zero_fill,1000000.0,0.05,10,True,True,True,True,True,-0.07458830829919683,-0.0012737047770202403,0.4214162348877375,0.43103448275862066,-0.09383411620772542,0.8474545835876695,0.5184952204748691,580,58,10.0,0.7921250157435495,286,1,20260407,0.021771459169505236,20260306,-0.030394872314023807,-0.09430657570629652,-0.12910337727597487,-0.16055457513240612,293,286,1,0,0,20260224,20260519,57,F3_order_lte_3pct_ref_amount_B_tail_and_past20_exit_proxy_capital_1000000,F,0.04827372943226778,0.05,0.05000000000000002,1624,0,2911.7413793103447,2836,10.0,F3_order_lte_3pct_ref_amount,B_tail_and_past20_exit_proxy,1000000,0.03
10bp_slippage_plus_impact_participation_10pct_no_partial,10bp_one_way_slippage_plus_impact_cost_plus_participation_cap,1000000.0,0.1,10,True,True,False,True,True,-0.08640547136376897,-0.0014843394845628771,0.38526315789473686,0.3793103448275862,-0.10588766273312655,0.8312189839527925,0.5184952204748691,580,58,10.0,0.8189655172413793,0,105,20260407,0.026695076321551613,20260320,-0.033471220040511916,-0.11015982280789538,-0.14715828568672085,-0.17863421221270592,475,0,105,0,0,20260224,20260519,57,F3_order_lte_3pct_ref_amount_B_tail_and_past20_exit_proxy_capital_1000000,F,0.027502910079053474,0.07814815721454473,0.09632165175045576,1624,0,2911.7413793103447,2836,10.0,F3_order_lte_3pct_ref_amount,B_tail_and_past20_exit_proxy,1000000,0.03
10bp_slippage_plus_impact_participation_10pct_partial_zero,10bp_one_way_slippage_plus_impact_cost_plus_participation_cap_plus_partial_zero_fill,1000000.0,0.1,10,True,True,True,True,True,-0.07494048652583962,-0.001260957970381489,0.41968911917098445,0.41379310344827586,-0.0943271266357405,0.8647775209524031,0.5184952204748691,580,58,10.0,0.9307126225334013,104,1,20260407,0.028256874130863786,20260306,-0.03499930416557613,-0.10036145952725206,-0.13870188883652446,-0.17048991656659473,475,104,1,0,0,20260225,20260519,56,F3_order_lte_3pct_ref_amount_B_tail_and_past20_exit_proxy_capital_1000000,F,0.04827372943226778,0.1,0.10000000000000002,1624,0,2911.7413793103447,2836,10.0,F3_order_lte_3pct_ref_amount,B_tail_and_past20_exit_proxy,1000000,0.03
5bp_one_way_slippage,5bp_one_way_slippage,,,5,True,False,False,False,False,-0.022847941462086796,-0.00031308445127584665,0.4482758620689655,0.4827586206896552,-0.08985960590829112,0.9687499910997467,0.5456862745098039,580,58,10.0,1.0,0,0,20260407,0.03445106375173248,20260320,-0.03327670803539744,-0.055390735455390416,-0.09596739378403796,-0.12949293427930897,580,0,0,0,0,20260305,20260320,12,F4_order_lte_1pct_ref_amount_A_tail_capital_1000000,F,0.0,0.0,0.0,33450,0,2363.0172413793102,1930,10.0,F4_order_lte_1pct_ref_amount,A_tail,1000000,0.01
10bp_one_way_slippage,10bp_one_way_slippage,,,10,True,False,False,False,False,-0.07792396960795211,-0.0013125230067184224,0.4413793103448276,0.4482758620689655,-0.09981877990571097,0.8757521701913291,0.5456862745098039,580,58,10.0,1.0,0,0,20260407,0.033416869684818475,20260320,-0.03424319115666895,-0.10774048939875414,-0.1443584076149229,-0.17443950896155358,580,0,0,0,0,20260305,20260320,12,F4_order_lte_1pct_ref_amount_A_tail_capital_1000000,F,0.0,0.0,0.0,33450,0,2363.0172413793102,1930,10.0,F4_order_lte_1pct_ref_amount,A_tail,1000000,0.01
15bp_one_way_slippage,15bp_one_way_slippage,,,15,True,False,False,False,False,-0.12989577786863649,-0.0023109638695677152,0.42758620689655175,0.41379310344827586,-0.12503157037439505,0.7921765585614552,0.5456862745098039,580,58,10.0,1.0,0,0,20260407,0.03238370800529322,20260320,-0.035208709483210046,-0.1571891193318775,-0.19015921644904288,-0.2170654357926034,580,0,0,0,0,20260225,20260519,56,F4_order_lte_1pct_ref_amount_A_tail_capital_1000000,F,0.0,0.0,0.0,33450,0,2363.0172413793102,1930,10.0,F4_order_lte_1pct_ref_amount,A_tail,1000000,0.01
20bp_one_way_slippage,20bp_one_way_slippage,,,20,True,False,False,False,False,-0.17893834724141156,-0.003308408533002718,0.41379310344827586,0.3793103448275862,-0.17186699789604187,0.7169389607238806,0.5456862745098039,580,58,10.0,1.0,0,0,20260407,0.0313515771680527,20260320,-0.03617326445896374,-0.20389741875112188,-0.23350848259148382,-0.25749054919802317,580,0,0,0,0,20260225,20260519,56,F4_order_lte_1pct_ref_amount_A_tail_capital_1000000,F,0.0,0.0,0.0,33450,0,2363.0172413793102,1930,10.0,F4_order_lte_1pct_ref_amount,A_tail,1000000,0.01
10bp_slippage_plus_impact,10bp_one_way_slippage_plus_impact_cost,1000000.0,,10,True,True,False,False,False,-0.0999489901781887,-0.0017290880478648895,0.43103448275862066,0.4482758620689655,-0.10453282176558676,0.8396492502596561,0.5456862745098039,580,58,10.0,1.0,0,0,20260407,0.03299068882715037,20260320,-0.03467999645511908,-0.12869397608634536,-0.16350142582944072,-0.19214237410322765,580,0,0,0,0,20260305,20260320,12,F4_order_lte_1pct_ref_amount_A_tail_capital_1000000,F,0.02221888535234729,0.08065231488853528,0.2932012762322707,33450,0,2363.0172413793102,1930,10.0,F4_order_lte_1pct_ref_amount,A_tail,1000000,0.01
10bp_slippage_plus_impact_participation_1pct_no_partial,10bp_one_way_slippage_plus_impact_cost_plus_participation_cap,1000000.0,0.01,10,True,True,False,True,True,-0.055825587058737525,-0.0009714177372053621,0.4251497005988024,0.3103448275862069,-0.05140595232883316,0.7662367044933166,0.5456862745098039,580,58,10.0,0.28793103448275864,0,413,20260513,0.011371960766462607,20260227,-0.02143732107056586,-0.06644197232270022,-0.08537035934985437,-0.09914042811660406,167,0,413,0,0,20260225,20260423,41,F4_order_lte_1pct_ref_amount_A_tail_capital_1000000,F,0.0,0.005997320300966684,0.009298107365271884,33450,0,2363.0172413793102,1930,10.0,F4_order_lte_1pct_ref_amount,A_tail,1000000,0.01
10bp_slippage_plus_impact_participation_1pct_partial_zero,10bp_one_way_slippage_plus_impact_cost_plus_participation_cap_plus_partial_zero_fill,1000000.0,0.01,10,True,True,True,True,True,-0.09083115312485279,-0.0016113822111734927,0.4379310344827586,0.46551724137931033,-0.08403998995306083,0.7710902187182609,0.5456862745098039,580,58,10.0,0.5443812363039192,413,0,20260407,0.016652614574284498,20260227,-0.02037096623756974,-0.10572319999801061,-0.12672512200429253,-0.14273669227595465,167,413,0,0,0,20260225,20260519,56,F4_order_lte_1pct_ref_amount_A_tail_capital_1000000,F,0.01,0.010000000000000002,0.010000000000000002,33450,0,2363.0172413793102,1930,10.0,F4_order_lte_1pct_ref_amount,A_tail,1000000,0.01
10bp_slippage_plus_impact_participation_3pct_no_partial,10bp_one_way_slippage_plus_impact_cost_plus_participation_cap,1000000.0,0.03,10,True,True,False,True,True,-0.12318880167639823,-0.00223133499485575,0.3870967741935484,0.41379310344827586,-0.11874798953849375,0.7191775300739709,0.5456862745098039,580,58,10.0,0.5879310344827586,0,239,20260407,0.01802648298014553,20260227,-0.022780010668209106,-0.13871474565490027,-0.1593432502042028,-0.176772153144248,341,0,239,0,0,20260224,20260519,57,F4_order_lte_1pct_ref_amount_A_tail_capital_1000000,F,0.003479289162193304,0.02138110119485581,0.02876729995817547,33450,0,2363.0172413793102,1930,10.0,F4_order_lte_1pct_ref_amount,A_tail,1000000,0.01
10bp_slippage_plus_impact_participation_3pct_partial_zero,10bp_one_way_slippage_plus_impact_cost_plus_participation_cap_plus_partial_zero_fill,1000000.0,0.03,10,True,True,True,True,True,-0.12740921394187665,-0.0022829298892186674,0.43275862068965515,0.39655172413793105,-0.1220299786794109,0.7697876937668469,0.5456862745098039,580,58,10.0,0.8216679856489799,239,0,20260407,0.030987254823069223,20260306,-0.030224478071610474,-0.15363571957262345,-0.18000591690268086,-0.20105984682250355,341,239,0,0,0,20260224,20260519,57,F4_order_lte_1pct_ref_amount_A_tail_capital_1000000,F,0.02221888535234729,0.03,0.030000000000000002,33450,0,2363.0172413793102,1930,10.0,F4_order_lte_1pct_ref_amount,A_tail,1000000,0.01
10bp_slippage_plus_impact_participation_5pct_no_partial,10bp_one_way_slippage_plus_impact_cost_plus_participation_cap,1000000.0,0.05,10,True,True,False,True,True,-0.1485802692249153,-0.002703620193556128,0.38789237668161436,0.39655172413793105,-0.14255082662710872,0.7272398943135051,0.5456862745098039,580,58,10.0,0.7689655172413793,0,134,20260407,0.03299068882715037,20260320,-0.03467999645511908,-0.17577211490475297,-0.2007686476879853,-0.2199578370508123,446,0,134,0,0,20260224,20260519,57,F4_order_lte_1pct_ref_amount_A_tail_capital_1000000,F,0.008729849602205176,0.03632484381509051,0.047276680104470746,33450,0,2363.0172413793102,1930,10.0,F4_order_lte_1pct_ref_amount,A_tail,1000000,0.01
10bp_slippage_plus_impact_participation_5pct_partial_zero,10bp_one_way_slippage_plus_impact_cost_plus_participation_cap_plus_partial_zero_fill,1000000.0,0.05,10,True,True,True,True,True,-0.12237318134529385,-0.0021696041432931867,0.43103448275862066,0.39655172413793105,-0.11691655490657504,0.7939463558344318,0.5456862745098039,580,58,10.0,0.9147350248874708,134,0,20260407,0.03299068882715037,20260320,-0.03467999645511908,-0.15040200444482532,-0.1808769730214429,-0.20629254349084614,446,134,0,0,0,20260224,20260519,57,F4_order_lte_1pct_ref_amount_A_tail_capital_1000000,F,0.02221888535234729,0.05,0.05000000000000001,33450,0,2363.0172413793102,1930,10.0,F4_order_lte_1pct_ref_amount,A_tail,1000000,0.01
10bp_slippage_plus_impact_participation_10pct_no_partial,10bp_one_way_slippage_plus_impact_cost_plus_participation_cap,1000000.0,0.1,10,True,True,False,True,True,-0.12324191792840622,-0.0021826284423583486,0.4111111111111111,0.3793103448275862,-0.11761504425341474,0.7955555675672291,0.5456862745098039,580,58,10.0,0.9310344827586207,0,40,20260407,0.03299068882715037,20260320,-0.03467999645511908,-0.15124299613285153,-0.18486476240911354,-0.21155311624248674,540,0,40,0,0,20260224,20260519,57,F4_order_lte_1pct_ref_amount_A_tail_capital_1000000,F,0.017475024109854298,0.05968749375888001,0.09097180974153557,33450,0,2363.0172413793102,1930,10.0,F4_order_lte_1pct_ref_amount,A_tail,1000000,0.01
10bp_slippage_plus_impact_participation_10pct_partial_zero,10bp_one_way_slippage_plus_impact_cost_plus_participation_cap_plus_partial_zero_fill,1000000.0,0.1,10,True,True,True,True,True,-0.10989763413220532,-0.0019207132734535086,0.43103448275862066,0.43103448275862066,-0.10875807629723189,0.8214183327613913,0.5456862745098039,580,58,10.0,0.9753459918523449,40,0,20260407,0.03299068882715037,20260320,-0.03467999645511908,-0.13832488957048605,-0.17245838011835124,-0.20074469111244375,540,40,0,0,0,20260225,20260320,18,F4_order_lte_1pct_ref_amount_A_tail_capital_1000000,F,0.02221888535234729,0.08065231488853528,0.10000000000000002,33450,0,2363.0172413793102,1930,10.0,F4_order_lte_1pct_ref_amount,A_tail,1000000,0.01
5bp_one_way_slippage,5bp_one_way_slippage,,,5,True,False,False,False,False,-0.022847941462086796,-0.00031308445127584665,0.4482758620689655,0.4827586206896552,-0.08985960590829112,0.9687499910997467,0.5456862745098039,580,58,10.0,1.0,0,0,20260407,0.03445106375173248,20260320,-0.03327670803539744,-0.055390735455390416,-0.09596739378403796,-0.12949293427930897,580,0,0,0,0,20260305,20260320,12,F4_order_lte_1pct_ref_amount_B_tail_and_past20_exit_proxy_capital_1000000,F,0.0,0.0,0.0,33450,0,2363.0172413793102,1930,10.0,F4_order_lte_1pct_ref_amount,B_tail_and_past20_exit_proxy,1000000,0.01
10bp_one_way_slippage,10bp_one_way_slippage,,,10,True,False,False,False,False,-0.07792396960795211,-0.0013125230067184224,0.4413793103448276,0.4482758620689655,-0.09981877990571097,0.8757521701913291,0.5456862745098039,580,58,10.0,1.0,0,0,20260407,0.033416869684818475,20260320,-0.03424319115666895,-0.10774048939875414,-0.1443584076149229,-0.17443950896155358,580,0,0,0,0,20260305,20260320,12,F4_order_lte_1pct_ref_amount_B_tail_and_past20_exit_proxy_capital_1000000,F,0.0,0.0,0.0,33450,0,2363.0172413793102,1930,10.0,F4_order_lte_1pct_ref_amount,B_tail_and_past20_exit_proxy,1000000,0.01
15bp_one_way_slippage,15bp_one_way_slippage,,,15,True,False,False,False,False,-0.12989577786863649,-0.0023109638695677152,0.42758620689655175,0.41379310344827586,-0.12503157037439505,0.7921765585614552,0.5456862745098039,580,58,10.0,1.0,0,0,20260407,0.03238370800529322,20260320,-0.035208709483210046,-0.1571891193318775,-0.19015921644904288,-0.2170654357926034,580,0,0,0,0,20260225,20260519,56,F4_order_lte_1pct_ref_amount_B_tail_and_past20_exit_proxy_capital_1000000,F,0.0,0.0,0.0,33450,0,2363.0172413793102,1930,10.0,F4_order_lte_1pct_ref_amount,B_tail_and_past20_exit_proxy,1000000,0.01
20bp_one_way_slippage,20bp_one_way_slippage,,,20,True,False,False,False,False,-0.17893834724141156,-0.003308408533002718,0.41379310344827586,0.3793103448275862,-0.17186699789604187,0.7169389607238806,0.5456862745098039,580,58,10.0,1.0,0,0,20260407,0.0313515771680527,20260320,-0.03617326445896374,-0.20389741875112188,-0.23350848259148382,-0.25749054919802317,580,0,0,0,0,20260225,20260519,56,F4_order_lte_1pct_ref_amount_B_tail_and_past20_exit_proxy_capital_1000000,F,0.0,0.0,0.0,33450,0,2363.0172413793102,1930,10.0,F4_order_lte_1pct_ref_amount,B_tail_and_past20_exit_proxy,1000000,0.01
10bp_slippage_plus_impact,10bp_one_way_slippage_plus_impact_cost,1000000.0,,10,True,True,False,False,False,-0.0999489901781887,-0.0017290880478648895,0.43103448275862066,0.4482758620689655,-0.10453282176558676,0.8396492502596561,0.5456862745098039,580,58,10.0,1.0,0,0,20260407,0.03299068882715037,20260320,-0.03467999645511908,-0.12869397608634536,-0.16350142582944072,-0.19214237410322765,580,0,0,0,0,20260305,20260320,12,F4_order_lte_1pct_ref_amount_B_tail_and_past20_exit_proxy_capital_1000000,F,0.02221888535234729,0.08065231488853528,0.2932012762322707,33450,0,2363.0172413793102,1930,10.0,F4_order_lte_1pct_ref_amount,B_tail_and_past20_exit_proxy,1000000,0.01
10bp_slippage_plus_impact_participation_1pct_no_partial,10bp_one_way_slippage_plus_impact_cost_plus_participation_cap,1000000.0,0.01,10,True,True,False,True,True,-0.055825587058737525,-0.0009714177372053621,0.4251497005988024,0.3103448275862069,-0.05140595232883316,0.7662367044933166,0.5456862745098039,580,58,10.0,0.28793103448275864,0,413,20260513,0.011371960766462607,20260227,-0.02143732107056586,-0.06644197232270022,-0.08537035934985437,-0.09914042811660406,167,0,413,0,0,20260225,20260423,41,F4_order_lte_1pct_ref_amount_B_tail_and_past20_exit_proxy_capital_1000000,F,0.0,0.005997320300966684,0.009298107365271884,33450,0,2363.0172413793102,1930,10.0,F4_order_lte_1pct_ref_amount,B_tail_and_past20_exit_proxy,1000000,0.01
10bp_slippage_plus_impact_participation_1pct_partial_zero,10bp_one_way_slippage_plus_impact_cost_plus_participation_cap_plus_partial_zero_fill,1000000.0,0.01,10,True,True,True,True,True,-0.09083115312485279,-0.0016113822111734927,0.4379310344827586,0.46551724137931033,-0.08403998995306083,0.7710902187182609,0.5456862745098039,580,58,10.0,0.5443812363039192,413,0,20260407,0.016652614574284498,20260227,-0.02037096623756974,-0.10572319999801061,-0.12672512200429253,-0.14273669227595465,167,413,0,0,0,20260225,20260519,56,F4_order_lte_1pct_ref_amount_B_tail_and_past20_exit_proxy_capital_1000000,F,0.01,0.010000000000000002,0.010000000000000002,33450,0,2363.0172413793102,1930,10.0,F4_order_lte_1pct_ref_amount,B_tail_and_past20_exit_proxy,1000000,0.01
10bp_slippage_plus_impact_participation_3pct_no_partial,10bp_one_way_slippage_plus_impact_cost_plus_participation_cap,1000000.0,0.03,10,True,True,False,True,True,-0.12318880167639823,-0.00223133499485575,0.3870967741935484,0.41379310344827586,-0.11874798953849375,0.7191775300739709,0.5456862745098039,580,58,10.0,0.5879310344827586,0,239,20260407,0.01802648298014553,20260227,-0.022780010668209106,-0.13871474565490027,-0.1593432502042028,-0.176772153144248,341,0,239,0,0,20260224,20260519,57,F4_order_lte_1pct_ref_amount_B_tail_and_past20_exit_proxy_capital_1000000,F,0.003479289162193304,0.02138110119485581,0.02876729995817547,33450,0,2363.0172413793102,1930,10.0,F4_order_lte_1pct_ref_amount,B_tail_and_past20_exit_proxy,1000000,0.01
10bp_slippage_plus_impact_participation_3pct_partial_zero,10bp_one_way_slippage_plus_impact_cost_plus_participation_cap_plus_partial_zero_fill,1000000.0,0.03,10,True,True,True,True,True,-0.12740921394187665,-0.0022829298892186674,0.43275862068965515,0.39655172413793105,-0.1220299786794109,0.7697876937668469,0.5456862745098039,580,58,10.0,0.8216679856489799,239,0,20260407,0.030987254823069223,20260306,-0.030224478071610474,-0.15363571957262345,-0.18000591690268086,-0.20105984682250355,341,239,0,0,0,20260224,20260519,57,F4_order_lte_1pct_ref_amount_B_tail_and_past20_exit_proxy_capital_1000000,F,0.02221888535234729,0.03,0.030000000000000002,33450,0,2363.0172413793102,1930,10.0,F4_order_lte_1pct_ref_amount,B_tail_and_past20_exit_proxy,1000000,0.01
10bp_slippage_plus_impact_participation_5pct_no_partial,10bp_one_way_slippage_plus_impact_cost_plus_participation_cap,1000000.0,0.05,10,True,True,False,True,True,-0.1485802692249153,-0.002703620193556128,0.38789237668161436,0.39655172413793105,-0.14255082662710872,0.7272398943135051,0.5456862745098039,580,58,10.0,0.7689655172413793,0,134,20260407,0.03299068882715037,20260320,-0.03467999645511908,-0.17577211490475297,-0.2007686476879853,-0.2199578370508123,446,0,134,0,0,20260224,20260519,57,F4_order_lte_1pct_ref_amount_B_tail_and_past20_exit_proxy_capital_1000000,F,0.008729849602205176,0.03632484381509051,0.047276680104470746,33450,0,2363.0172413793102,1930,10.0,F4_order_lte_1pct_ref_amount,B_tail_and_past20_exit_proxy,1000000,0.01
10bp_slippage_plus_impact_participation_5pct_partial_zero,10bp_one_way_slippage_plus_impact_cost_plus_participation_cap_plus_partial_zero_fill,1000000.0,0.05,10,True,True,True,True,True,-0.12237318134529385,-0.0021696041432931867,0.43103448275862066,0.39655172413793105,-0.11691655490657504,0.7939463558344318,0.5456862745098039,580,58,10.0,0.9147350248874708,134,0,20260407,0.03299068882715037,20260320,-0.03467999645511908,-0.15040200444482532,-0.1808769730214429,-0.20629254349084614,446,134,0,0,0,20260224,20260519,57,F4_order_lte_1pct_ref_amount_B_tail_and_past20_exit_proxy_capital_1000000,F,0.02221888535234729,0.05,0.05000000000000001,33450,0,2363.0172413793102,1930,10.0,F4_order_lte_1pct_ref_amount,B_tail_and_past20_exit_proxy,1000000,0.01
10bp_slippage_plus_impact_participation_10pct_no_partial,10bp_one_way_slippage_plus_impact_cost_plus_participation_cap,1000000.0,0.1,10,True,True,False,True,True,-0.12324191792840622,-0.0021826284423583486,0.4111111111111111,0.3793103448275862,-0.11761504425341474,0.7955555675672291,0.5456862745098039,580,58,10.0,0.9310344827586207,0,40,20260407,0.03299068882715037,20260320,-0.03467999645511908,-0.15124299613285153,-0.18486476240911354,-0.21155311624248674,540,0,40,0,0,20260224,20260519,57,F4_order_lte_1pct_ref_amount_B_tail_and_past20_exit_proxy_capital_1000000,F,0.017475024109854298,0.05968749375888001,0.09097180974153557,33450,0,2363.0172413793102,1930,10.0,F4_order_lte_1pct_ref_amount,B_tail_and_past20_exit_proxy,1000000,0.01
10bp_slippage_plus_impact_participation_10pct_partial_zero,10bp_one_way_slippage_plus_impact_cost_plus_participation_cap_plus_partial_zero_fill,1000000.0,0.1,10,True,True,True,True,True,-0.10989763413220532,-0.0019207132734535086,0.43103448275862066,0.43103448275862066,-0.10875807629723189,0.8214183327613913,0.5456862745098039,580,58,10.0,0.9753459918523449,40,0,20260407,0.03299068882715037,20260320,-0.03467999645511908,-0.13832488957048605,-0.17245838011835124,-0.20074469111244375,540,40,0,0,0,20260225,20260320,18,F4_order_lte_1pct_ref_amount_B_tail_and_past20_exit_proxy_capital_1000000,F,0.02221888535234729,0.08065231488853528,0.10000000000000002,33450,0,2363.0172413793102,1930,10.0,F4_order_lte_1pct_ref_amount,B_tail_and_past20_exit_proxy,1000000,0.01
5bp_one_way_slippage,5bp_one_way_slippage,,,5,True,False,False,False,False,0.0563104482106116,0.0010326747876184769,0.44655172413793104,0.5172413793103449,-0.06142807961348873,1.119888709620435,0.5274665946821433,580,58,10.0,1.0,0,0,20260407,0.03133403000173749,20260306,-0.03382598351049495,0.02421758371420335,-0.024056056257852454,-0.06417169996848882,580,0,0,0,0,20260305,20260320,12,F0_no_capacity_filter_none_capital_5000000,F,0.0,0.0,0.0,0,0,2939.7413793103447,2872,10.0,F0_no_capacity_filter,none,5000000,
10bp_one_way_slippage,10bp_one_way_slippage,,,10,True,False,False,False,False,-0.003227249600176618,3.1890807274591157e-05,0.4362068965517241,0.46551724137931033,-0.07266548976260367,1.003480207336016,0.5274665946821433,580,58,10.0,1.0,0,0,20260407,0.03030295219418422,20260306,-0.03479191749275214,-0.03254402185585592,-0.07629633670246394,-0.11249098218166709,580,0,0,0,0,20260226,20260320,17,F0_no_capacity_filter_none_capital_5000000,F,0.0,0.0,0.0,0,0,2939.7413793103447,2872,10.0,F0_no_capacity_filter,none,5000000,
15bp_one_way_slippage,15bp_one_way_slippage,,,15,True,False,False,False,False,-0.05940925689216536,-0.0009678941374014937,0.4241379310344828,0.41379310344827586,-0.08774790238071883,0.9004784480888323,0.5274665946821433,580,58,10.0,1.0,0,0,20260407,0.02927290366320434,20260306,-0.03575688722845871,-0.08616000697166704,-0.12574037411085848,-0.15831547943665913,580,0,0,0,0,20260225,20260320,18,F0_no_capacity_filter_none_capital_5000000,F,0.0,0.0,0.0,0,0,2939.7413793103447,2872,10.0,F0_no_capacity_filter,none,5000000,
20bp_one_way_slippage,20bp_one_way_slippage,,,20,True,False,False,False,False,-0.11242472974811923,-0.001966681541598857,0.41206896551724137,0.3793103448275862,-0.13245101003646953,0.8090038424362932,0.5274665946821433,580,58,10.0,1.0,0,0,20260407,0.028243882868349245,20260306,-0.036720894160737136,-0.13680471623528145,-0.17253786069097876,-0.20177401831187802,580,0,0,0,0,20260225,20260519,56,F0_no_capacity_filter_none_capital_5000000,F,0.0,0.0,0.0,0,0,2939.7413793103447,2872,10.0,F0_no_capacity_filter,none,5000000,
10bp_slippage_plus_impact,10bp_one_way_slippage_plus_impact_cost,5000000.0,,10,True,True,False,False,False,-0.07547980498230311,-0.00126526723280599,0.41379310344827586,0.39655172413793105,-0.09890878159273542,0.8718220856527163,0.5274665946821433,580,58,10.0,1.0,0,0,20260407,0.028903338100228538,20260306,-0.03598073262146573,-0.10145087416594989,-0.14036283738049837,-0.17187776000018418,580,0,0,0,0,20260225,20260519,56,F0_no_capacity_filter_none_capital_5000000,F,0.25402595137716855,0.7635693006174908,2.1977166955737686,0,0,2939.7413793103447,2872,10.0,F0_no_capacity_filter,none,5000000,
10bp_slippage_plus_impact_participation_1pct_no_partial,10bp_one_way_slippage_plus_impact_cost_plus_participation_cap,5000000.0,0.01,10,True,True,False,True,True,-0.009265273056495382,-0.0001587762315281393,0.3125,0.06896551724137931,-0.013815528356102225,0.5736268497843211,0.5274665946821433,580,58,10.0,0.027586206896551724,0,564,20260513,0.0075026134388067375,20260302,-0.010402270022517313,-0.016643020347183013,-0.019505185827082383,-0.019649598119433453,16,0,564,0,0,20260226,20260508,48,F0_no_capacity_filter_none_capital_5000000,F,0.0,0.0,0.007612377420111549,0,0,2939.7413793103447,2872,10.0,F0_no_capacity_filter,none,5000000,
10bp_slippage_plus_impact_participation_1pct_partial_zero,10bp_one_way_slippage_plus_impact_cost_plus_participation_cap_plus_partial_zero_fill,5000000.0,0.01,10,True,True,True,True,True,-0.018740543102057416,-0.0003226843506643623,0.4317789291882556,0.46551724137931033,-0.025509846297590566,0.8023254992938753,0.5274665946821433,580,58,10.0,0.1288795986143042,563,1,20260513,0.009097917884014161,20260302,-0.008476097426572118,-0.02758747242730064,-0.03704901721124665,-0.04193143006493738,16,563,1,0,0,20260224,20260519,57,F0_no_capacity_filter_none_capital_5000000,F,0.01,0.01,0.010000000000000002,0,0,2939.7413793103447,2872,10.0,F0_no_capacity_filter,none,5000000,
10bp_slippage_plus_impact_participation_3pct_no_partial,10bp_one_way_slippage_plus_impact_cost_plus_participation_cap,5000000.0,0.03,10,True,True,False,True,True,-0.014900558333442837,-0.0002528502443531942,0.417910447761194,0.1896551724137931,-0.026418203641704552,0.8322990281689784,0.5274665946821433,580,58,10.0,0.11551724137931034,0,513,20260520,0.01183017734241103,20260519,-0.012371724855068766,-0.026418203641704552,-0.04056933562881848,-0.04657355439907507,67,0,513,0,0,20260224,20260519,57,F0_no_capacity_filter_none_capital_5000000,F,0.0,0.006943250223064772,0.028276112497755128,0,0,2939.7413793103447,2872,10.0,F0_no_capacity_filter,none,5000000,
10bp_slippage_plus_impact_participation_3pct_partial_zero,10bp_one_way_slippage_plus_impact_cost_plus_participation_cap_plus_partial_zero_fill,5000000.0,0.03,10,True,True,True,True,True,-0.038188649528372975,-0.0006592968331518572,0.43005181347150256,0.4827586206896552,-0.05216153905263321,0.8082427159538801,0.5274665946821433,580,58,10.0,0.27258613978617613,512,1,20260520,0.013407310388339814,20260227,-0.017656379011575553,-0.05091334884582699,-0.0699207756368998,-0.08161174850229813,67,512,1,0,0,20260225,20260519,56,F0_no_capacity_filter_none_capital_5000000,F,0.03,0.030000000000000002,0.030000000000000006,0,0,2939.7413793103447,2872,10.0,F0_no_capacity_filter,none,5000000,
10bp_slippage_plus_impact_participation_5pct_no_partial,10bp_one_way_slippage_plus_impact_cost_plus_participation_cap,5000000.0,0.05,10,True,True,False,True,True,-0.030947788597524895,-0.0005310866718588916,0.41237113402061853,0.20689655172413793,-0.04459230598417141,0.7766607945362278,0.5274665946821433,580,58,10.0,0.16724137931034483,0,483,20260513,0.011183704384752613,20260227,-0.0215628883905708,-0.04166551814431396,-0.06124361259186617,-0.07149413855587605,97,0,483,0,0,20260225,20260512,51,F0_no_capacity_filter_none_capital_5000000,F,0.0,0.02005251079159195,0.04349784007136697,0,0,2939.7413793103447,2872,10.0,F0_no_capacity_filter,none,5000000,
10bp_slippage_plus_impact_participation_5pct_partial_zero,10bp_one_way_slippage_plus_impact_cost_plus_participation_cap_plus_partial_zero_fill,5000000.0,0.05,10,True,True,True,True,True,-0.04740214760602368,-0.0008195954466706631,0.4283246977547496,0.5172413793103449,-0.06242514453234138,0.8157329235033731,0.5274665946821433,580,58,10.0,0.3611912367787948,482,1,20260520,0.014570910402658972,20260227,-0.020587298527479328,-0.06108302275696731,-0.08247276094921097,-0.09921204478534884,97,482,1,0,0,20260225,20260519,56,F0_no_capacity_filter_none_capital_5000000,F,0.05,0.05000000000000001,0.05000000000000002,0,0,2939.7413793103447,2872,10.0,F0_no_capacity_filter,none,5000000,
10bp_slippage_plus_impact_participation_10pct_no_partial,10bp_one_way_slippage_plus_impact_cost_plus_participation_cap,5000000.0,0.1,10,True,True,False,True,True,-0.03769528385970444,-0.0006491811669222272,0.4025974025974026,0.25862068965517243,-0.05314601284058651,0.8175202810366171,0.5274665946821433,580,58,10.0,0.2655172413793103,0,426,20260520,0.014893530921402076,20260227,-0.017864450960306144,-0.05181707556393833,-0.07086668214117209,-0.08314171642033397,154,0,426,0,0,20260225,20260519,56,F0_no_capacity_filter_none_capital_5000000,F,0.0,0.04721991436962615,0.09462836444039953,0,0,2939.7413793103447,2872,10.0,F0_no_capacity_filter,none,5000000,
10bp_slippage_plus_impact_participation_10pct_partial_zero,10bp_one_way_slippage_plus_impact_cost_plus_participation_cap_plus_partial_zero_fill,5000000.0,0.1,10,True,True,True,True,True,-0.06894033041451186,-0.0012016452697434187,0.4265975820379965,0.43103448275862066,-0.08544477158432084,0.8032634147218533,0.5274665946821433,580,58,10.0,0.517804037267043,425,1,20260520,0.016747630510328276,20260227,-0.022637427755261764,-0.08427652876046676,-0.11102301032524864,-0.1328115800618761,154,425,1,0,0,20260224,20260519,57,F0_no_capacity_filter_none_capital_5000000,F,0.1,0.10000000000000002,0.10000000000000003,0,0,2939.7413793103447,2872,10.0,F0_no_capacity_filter,none,5000000,
5bp_one_way_slippage,5bp_one_way_slippage,,,5,True,False,False,False,False,0.0015353000507574155,0.00010302269746833485,0.43275862068965515,0.4827586206896552,-0.06298984624765325,1.011657246930673,0.5192173913043477,580,58,10.0,1.0,0,0,20260407,0.029861651450410465,20260320,-0.03155374627705494,-0.027505006482918537,-0.06707608891704919,-0.10308972485378198,580,0,0,0,0,20260305,20260320,12,F1_order_lte_10pct_ref_amount_A_tail_capital_5000000,F,0.0,0.0,0.0,7206,0,2815.5,2613,10.0,F1_order_lte_10pct_ref_amount,A_tail,5000000,0.1
10bp_one_way_slippage,10bp_one_way_slippage,,,10,True,False,False,False,False,-0.054915060865648235,-0.0008968318617462014,0.4224137931034483,0.4482758620689655,-0.0773958531555139,0.9045952811978623,0.5192173913043477,580,58,10.0,1.0,0,0,20260407,0.028832045655613925,20260320,-0.032521951932035796,-0.08140017301647617,-0.11701359512420284,-0.1493995668442739,580,0,0,0,0,20260226,20260519,55,F1_order_lte_10pct_ref_amount_A_tail_capital_5000000,F,0.0,0.0,0.0,7206,0,2815.5,2613,10.0,F1_order_lte_10pct_ref_amount,A_tail,5000000,0.1
15bp_one_way_slippage,15bp_one_way_slippage,,,15,True,False,False,False,False,-0.10818374113474383,-0.0018956883130904203,0.4103448275862069,0.3620689655172414,-0.12625142033614578,0.8099719627487587,0.5192173913043477,580,58,10.0,1.0,0,0,20260407,0.0278034676679495,20260320,-0.033489191072761736,-0.1323085717070438,-0.16427811790191504,-0.19331837378784233,580,0,0,0,0,20260225,20260519,56,F1_order_lte_10pct_ref_amount_A_tail_capital_5000000,F,0.0,0.0,0.0,7206,0,2815.5,2613,10.0,F1_order_lte_10pct_ref_amount,A_tail,5000000,0.1
20bp_one_way_slippage,20bp_one_way_slippage,,,20,True,False,False,False,False,-0.15845008812020278,-0.002893548150364828,0.39655172413793105,0.3620689655172414,-0.17302155156533638,0.7260197697452693,0.5192173913043477,580,58,10.0,1.0,0,0,20260407,0.02677591594916784,20260320,-0.03445546514574919,-0.1803957428219819,-0.209012750960627,-0.23496961478868839,580,0,0,0,0,20260225,20260519,56,F1_order_lte_10pct_ref_amount_A_tail_capital_5000000,F,0.0,0.0,0.0,7206,0,2815.5,2613,10.0,F1_order_lte_10pct_ref_amount,A_tail,5000000,0.1
10bp_slippage_plus_impact,10bp_one_way_slippage_plus_impact_cost,5000000.0,,10,True,True,False,False,False,-0.1176899731615958,-0.002080552836158344,0.4,0.3620689655172414,-0.13547270744338857,0.7933432825978626,0.5192173913043477,580,58,10.0,1.0,0,0,20260407,0.027569922983025297,20260320,-0.03362276635325877,-0.1413625417557307,-0.17264107746581814,-0.20192564801005564,580,0,0,0,0,20260225,20260519,56,F1_order_lte_10pct_ref_amount_A_tail_capital_5000000,F,0.20649909709581182,0.5624802661236713,1.7921538424609016,7206,0,2815.5,2613,10.0,F1_order_lte_10pct_ref_amount,A_tail,5000000,0.1
10bp_slippage_plus_impact_participation_1pct_no_partial,10bp_one_way_slippage_plus_impact_cost_plus_participation_cap,5000000.0,0.01,10,True,True,False,True,True,-0.008249947839801708,-0.00014110691328552525,0.35294117647058826,0.08620689655172414,-0.012804866334129028,0.621075531547067,0.5192173913043477,580,58,10.0,0.029310344827586206,0,563,20260513,0.0075026134388067375,20260302,-0.010402270022517313,-0.01563525599684734,-0.018633310683587756,-0.019649598119433453,17,0,563,0,0,20260226,20260508,48,F1_order_lte_10pct_ref_amount_A_tail_capital_5000000,F,0.0,0.0,0.007612377420111549,7206,0,2815.5,2613,10.0,F1_order_lte_10pct_ref_amount,A_tail,5000000,0.1
10bp_slippage_plus_impact_participation_1pct_partial_zero,10bp_one_way_slippage_plus_impact_cost_plus_participation_cap_plus_partial_zero_fill,5000000.0,0.01,10,True,True,True,True,True,-0.021585943901258564,-0.0003726908808980815,0.41724137931034483,0.41379310344827586,-0.02830387629978115,0.7882322778397289,0.5192173913043477,580,58,10.0,0.14223607563225318,563,0,20260513,0.008941648573622113,20260302,-0.008476097426572118,-0.030257044615056405,-0.03969261454152928,-0.04456302199635265,17,563,0,0,0,20260224,20260519,57,F1_order_lte_10pct_ref_amount_A_tail_capital_5000000,F,0.01,0.01,0.010000000000000002,7206,0,2815.5,2613,10.0,F1_order_lte_10pct_ref_amount,A_tail,5000000,0.1
10bp_slippage_plus_impact_participation_3pct_no_partial,10bp_one_way_slippage_plus_impact_cost_plus_participation_cap,5000000.0,0.03,10,True,True,False,True,True,-0.015949481919506403,-0.0002708552618878014,0.41333333333333333,0.20689655172413793,-0.027454863359463233,0.8332606652326251,0.5192173913043477,580,58,10.0,0.12931034482758622,0,505,20260520,0.01183017734241103,20260519,-0.012371724855068766,-0.027454863359463233,-0.04215390321549961,-0.049306439078308006,75,0,505,0,0,20260224,20260519,57,F1_order_lte_10pct_ref_amount_A_tail_capital_5000000,F,0.0,0.008987587887029136,0.028276112497755128,7206,0,2815.5,2613,10.0,F1_order_lte_10pct_ref_amount,A_tail,5000000,0.1
10bp_slippage_plus_impact_participation_3pct_partial_zero,10bp_one_way_slippage_plus_impact_cost_plus_participation_cap_plus_partial_zero_fill,5000000.0,0.03,10,True,True,True,True,True,-0.0463159400186709,-0.0008053702452835967,0.41551724137931034,0.41379310344827586,-0.060080498530459936,0.7864040162715324,0.5192173913043477,580,58,10.0,0.30478691577658223,505,0,20260520,0.013407310388339814,20260227,-0.017656379011575553,-0.05893311583091376,-0.0773500929376153,-0.08863211579491792,75,505,0,0,0,20260225,20260519,56,F1_order_lte_10pct_ref_amount_A_tail_capital_5000000,F,0.03,0.030000000000000002,0.030000000000000006,7206,0,2815.5,2613,10.0,F1_order_lte_10pct_ref_amount,A_tail,5000000,0.1
10bp_slippage_plus_impact_participation_5pct_no_partial,10bp_one_way_slippage_plus_impact_cost_plus_participation_cap,5000000.0,0.05,10,True,True,False,True,True,-0.034002408297433506,-0.0005852839647333294,0.4017857142857143,0.1896551724137931,-0.047140538227590234,0.7767133877218635,0.5192173913043477,580,58,10.0,0.19310344827586207,0,468,20260513,0.011183704384752613,20260227,-0.0215628883905708,-0.04468635371223595,-0.06420273462951342,-0.07470637333651398,112,0,468,0,0,20260225,20260519,56,F1_order_lte_10pct_ref_amount_A_tail_capital_5000000,F,0.0,0.022385891451078103,0.04449263710017528,7206,0,2815.5,2613,10.0,F1_order_lte_10pct_ref_amount,A_tail,5000000,0.1
10bp_slippage_plus_impact_participation_5pct_partial_zero,10bp_one_way_slippage_plus_impact_cost_plus_participation_cap_plus_partial_zero_fill,5000000.0,0.05,10,True,True,True,True,True,-0.05811780065807726,-0.0010141805805548324,0.41379310344827586,0.43103448275862066,-0.07282551487054834,0.7921786215361329,0.5192173913043477,580,58,10.0,0.40230352264708275,468,0,20260520,0.014570910402658972,20260227,-0.020587298527479328,-0.07164478137056762,-0.09208659312087397,-0.10812924058426454,112,468,0,0,0,20260225,20260519,56,F1_order_lte_10pct_ref_amount_A_tail_capital_5000000,F,0.05,0.05000000000000001,0.05000000000000002,7206,0,2815.5,2613,10.0,F1_order_lte_10pct_ref_amount,A_tail,5000000,0.1
10bp_slippage_plus_impact_participation_10pct_no_partial,10bp_one_way_slippage_plus_impact_cost_plus_participation_cap,5000000.0,0.1,10,True,True,False,True,True,-0.04494729811834852,-0.000779009961608798,0.39080459770114945,0.2413793103448276,-0.06028158902613745,0.8008202481566526,0.5192173913043477,580,58,10.0,0.3,0,406,20260520,0.014893530921402076,20260227,-0.017864450960306144,-0.05896266673945805,-0.0786723204455484,-0.09084423230307814,174,0,406,0,0,20260225,20260519,56,F1_order_lte_10pct_ref_amount_A_tail_capital_5000000,F,0.0,0.054956674906023274,0.09655155755344833,7206,0,2815.5,2613,10.0,F1_order_lte_10pct_ref_amount,A_tail,5000000,0.1
10bp_slippage_plus_impact_participation_10pct_partial_zero,10bp_one_way_slippage_plus_impact_cost_plus_participation_cap_plus_partial_zero_fill,5000000.0,0.1,10,True,True,True,True,True,-0.08583233033175275,-0.0015155878338907979,0.41206896551724137,0.39655172413793105,-0.10176139939732898,0.7739605615555217,0.5192173913043477,580,58,10.0,0.5723221115676524,406,0,20260520,0.016747630510328276,20260227,-0.022637427755261764,-0.1008902875835509,-0.12715628966128456,-0.14779583936271257,174,406,0,0,0,20260224,20260519,57,F1_order_lte_10pct_ref_amount_A_tail_capital_5000000,F,0.1,0.10000000000000002,0.10000000000000003,7206,0,2815.5,2613,10.0,F1_order_lte_10pct_ref_amount,A_tail,5000000,0.1
5bp_one_way_slippage,5bp_one_way_slippage,,,5,True,False,False,False,False,0.0015353000507574155,0.00010302269746833485,0.43275862068965515,0.4827586206896552,-0.06298984624765325,1.011657246930673,0.5192173913043477,580,58,10.0,1.0,0,0,20260407,0.029861651450410465,20260320,-0.03155374627705494,-0.027505006482918537,-0.06707608891704919,-0.10308972485378198,580,0,0,0,0,20260305,20260320,12,F1_order_lte_10pct_ref_amount_B_tail_and_past20_exit_proxy_capital_5000000,F,0.0,0.0,0.0,7206,0,2815.5,2613,10.0,F1_order_lte_10pct_ref_amount,B_tail_and_past20_exit_proxy,5000000,0.1
10bp_one_way_slippage,10bp_one_way_slippage,,,10,True,False,False,False,False,-0.054915060865648235,-0.0008968318617462014,0.4224137931034483,0.4482758620689655,-0.0773958531555139,0.9045952811978623,0.5192173913043477,580,58,10.0,1.0,0,0,20260407,0.028832045655613925,20260320,-0.032521951932035796,-0.08140017301647617,-0.11701359512420284,-0.1493995668442739,580,0,0,0,0,20260226,20260519,55,F1_order_lte_10pct_ref_amount_B_tail_and_past20_exit_proxy_capital_5000000,F,0.0,0.0,0.0,7206,0,2815.5,2613,10.0,F1_order_lte_10pct_ref_amount,B_tail_and_past20_exit_proxy,5000000,0.1
15bp_one_way_slippage,15bp_one_way_slippage,,,15,True,False,False,False,False,-0.10818374113474383,-0.0018956883130904203,0.4103448275862069,0.3620689655172414,-0.12625142033614578,0.8099719627487587,0.5192173913043477,580,58,10.0,1.0,0,0,20260407,0.0278034676679495,20260320,-0.033489191072761736,-0.1323085717070438,-0.16427811790191504,-0.19331837378784233,580,0,0,0,0,20260225,20260519,56,F1_order_lte_10pct_ref_amount_B_tail_and_past20_exit_proxy_capital_5000000,F,0.0,0.0,0.0,7206,0,2815.5,2613,10.0,F1_order_lte_10pct_ref_amount,B_tail_and_past20_exit_proxy,5000000,0.1
20bp_one_way_slippage,20bp_one_way_slippage,,,20,True,False,False,False,False,-0.15845008812020278,-0.002893548150364828,0.39655172413793105,0.3620689655172414,-0.17302155156533638,0.7260197697452693,0.5192173913043477,580,58,10.0,1.0,0,0,20260407,0.02677591594916784,20260320,-0.03445546514574919,-0.1803957428219819,-0.209012750960627,-0.23496961478868839,580,0,0,0,0,20260225,20260519,56,F1_order_lte_10pct_ref_amount_B_tail_and_past20_exit_proxy_capital_5000000,F,0.0,0.0,0.0,7206,0,2815.5,2613,10.0,F1_order_lte_10pct_ref_amount,B_tail_and_past20_exit_proxy,5000000,0.1
10bp_slippage_plus_impact,10bp_one_way_slippage_plus_impact_cost,5000000.0,,10,True,True,False,False,False,-0.1176899731615958,-0.002080552836158344,0.4,0.3620689655172414,-0.13547270744338857,0.7933432825978626,0.5192173913043477,580,58,10.0,1.0,0,0,20260407,0.027569922983025297,20260320,-0.03362276635325877,-0.1413625417557307,-0.17264107746581814,-0.20192564801005564,580,0,0,0,0,20260225,20260519,56,F1_order_lte_10pct_ref_amount_B_tail_and_past20_exit_proxy_capital_5000000,F,0.20649909709581182,0.5624802661236713,1.7921538424609016,7206,0,2815.5,2613,10.0,F1_order_lte_10pct_ref_amount,B_tail_and_past20_exit_proxy,5000000,0.1
10bp_slippage_plus_impact_participation_1pct_no_partial,10bp_one_way_slippage_plus_impact_cost_plus_participation_cap,5000000.0,0.01,10,True,True,False,True,True,-0.008249947839801708,-0.00014110691328552525,0.35294117647058826,0.08620689655172414,-0.012804866334129028,0.621075531547067,0.5192173913043477,580,58,10.0,0.029310344827586206,0,563,20260513,0.0075026134388067375,20260302,-0.010402270022517313,-0.01563525599684734,-0.018633310683587756,-0.019649598119433453,17,0,563,0,0,20260226,20260508,48,F1_order_lte_10pct_ref_amount_B_tail_and_past20_exit_proxy_capital_5000000,F,0.0,0.0,0.007612377420111549,7206,0,2815.5,2613,10.0,F1_order_lte_10pct_ref_amount,B_tail_and_past20_exit_proxy,5000000,0.1
10bp_slippage_plus_impact_participation_1pct_partial_zero,10bp_one_way_slippage_plus_impact_cost_plus_participation_cap_plus_partial_zero_fill,5000000.0,0.01,10,True,True,True,True,True,-0.021585943901258564,-0.0003726908808980815,0.41724137931034483,0.41379310344827586,-0.02830387629978115,0.7882322778397289,0.5192173913043477,580,58,10.0,0.14223607563225318,563,0,20260513,0.008941648573622113,20260302,-0.008476097426572118,-0.030257044615056405,-0.03969261454152928,-0.04456302199635265,17,563,0,0,0,20260224,20260519,57,F1_order_lte_10pct_ref_amount_B_tail_and_past20_exit_proxy_capital_5000000,F,0.01,0.01,0.010000000000000002,7206,0,2815.5,2613,10.0,F1_order_lte_10pct_ref_amount,B_tail_and_past20_exit_proxy,5000000,0.1
10bp_slippage_plus_impact_participation_3pct_no_partial,10bp_one_way_slippage_plus_impact_cost_plus_participation_cap,5000000.0,0.03,10,True,True,False,True,True,-0.015949481919506403,-0.0002708552618878014,0.41333333333333333,0.20689655172413793,-0.027454863359463233,0.8332606652326251,0.5192173913043477,580,58,10.0,0.12931034482758622,0,505,20260520,0.01183017734241103,20260519,-0.012371724855068766,-0.027454863359463233,-0.04215390321549961,-0.049306439078308006,75,0,505,0,0,20260224,20260519,57,F1_order_lte_10pct_ref_amount_B_tail_and_past20_exit_proxy_capital_5000000,F,0.0,0.008987587887029136,0.028276112497755128,7206,0,2815.5,2613,10.0,F1_order_lte_10pct_ref_amount,B_tail_and_past20_exit_proxy,5000000,0.1
10bp_slippage_plus_impact_participation_3pct_partial_zero,10bp_one_way_slippage_plus_impact_cost_plus_participation_cap_plus_partial_zero_fill,5000000.0,0.03,10,True,True,True,True,True,-0.0463159400186709,-0.0008053702452835967,0.41551724137931034,0.41379310344827586,-0.060080498530459936,0.7864040162715324,0.5192173913043477,580,58,10.0,0.30478691577658223,505,0,20260520,0.013407310388339814,20260227,-0.017656379011575553,-0.05893311583091376,-0.0773500929376153,-0.08863211579491792,75,505,0,0,0,20260225,20260519,56,F1_order_lte_10pct_ref_amount_B_tail_and_past20_exit_proxy_capital_5000000,F,0.03,0.030000000000000002,0.030000000000000006,7206,0,2815.5,2613,10.0,F1_order_lte_10pct_ref_amount,B_tail_and_past20_exit_proxy,5000000,0.1
10bp_slippage_plus_impact_participation_5pct_no_partial,10bp_one_way_slippage_plus_impact_cost_plus_participation_cap,5000000.0,0.05,10,True,True,False,True,True,-0.034002408297433506,-0.0005852839647333294,0.4017857142857143,0.1896551724137931,-0.047140538227590234,0.7767133877218635,0.5192173913043477,580,58,10.0,0.19310344827586207,0,468,20260513,0.011183704384752613,20260227,-0.0215628883905708,-0.04468635371223595,-0.06420273462951342,-0.07470637333651398,112,0,468,0,0,20260225,20260519,56,F1_order_lte_10pct_ref_amount_B_tail_and_past20_exit_proxy_capital_5000000,F,0.0,0.022385891451078103,0.04449263710017528,7206,0,2815.5,2613,10.0,F1_order_lte_10pct_ref_amount,B_tail_and_past20_exit_proxy,5000000,0.1
10bp_slippage_plus_impact_participation_5pct_partial_zero,10bp_one_way_slippage_plus_impact_cost_plus_participation_cap_plus_partial_zero_fill,5000000.0,0.05,10,True,True,True,True,True,-0.05811780065807726,-0.0010141805805548324,0.41379310344827586,0.43103448275862066,-0.07282551487054834,0.7921786215361329,0.5192173913043477,580,58,10.0,0.40230352264708275,468,0,20260520,0.014570910402658972,20260227,-0.020587298527479328,-0.07164478137056762,-0.09208659312087397,-0.10812924058426454,112,468,0,0,0,20260225,20260519,56,F1_order_lte_10pct_ref_amount_B_tail_and_past20_exit_proxy_capital_5000000,F,0.05,0.05000000000000001,0.05000000000000002,7206,0,2815.5,2613,10.0,F1_order_lte_10pct_ref_amount,B_tail_and_past20_exit_proxy,5000000,0.1
10bp_slippage_plus_impact_participation_10pct_no_partial,10bp_one_way_slippage_plus_impact_cost_plus_participation_cap,5000000.0,0.1,10,True,True,False,True,True,-0.04494729811834852,-0.000779009961608798,0.39080459770114945,0.2413793103448276,-0.06028158902613745,0.8008202481566526,0.5192173913043477,580,58,10.0,0.3,0,406,20260520,0.014893530921402076,20260227,-0.017864450960306144,-0.05896266673945805,-0.0786723204455484,-0.09084423230307814,174,0,406,0,0,20260225,20260519,56,F1_order_lte_10pct_ref_amount_B_tail_and_past20_exit_proxy_capital_5000000,F,0.0,0.054956674906023274,0.09655155755344833,7206,0,2815.5,2613,10.0,F1_order_lte_10pct_ref_amount,B_tail_and_past20_exit_proxy,5000000,0.1
10bp_slippage_plus_impact_participation_10pct_partial_zero,10bp_one_way_slippage_plus_impact_cost_plus_participation_cap_plus_partial_zero_fill,5000000.0,0.1,10,True,True,True,True,True,-0.08583233033175275,-0.0015155878338907979,0.41206896551724137,0.39655172413793105,-0.10176139939732898,0.7739605615555217,0.5192173913043477,580,58,10.0,0.5723221115676524,406,0,20260520,0.016747630510328276,20260227,-0.022637427755261764,-0.1008902875835509,-0.12715628966128456,-0.14779583936271257,174,406,0,0,0,20260224,20260519,57,F1_order_lte_10pct_ref_amount_B_tail_and_past20_exit_proxy_capital_5000000,F,0.1,0.10000000000000002,0.10000000000000003,7206,0,2815.5,2613,10.0,F1_order_lte_10pct_ref_amount,B_tail_and_past20_exit_proxy,5000000,0.1
5bp_one_way_slippage,5bp_one_way_slippage,,,5,True,False,False,False,False,-0.022847941462086796,-0.00031308445127584665,0.4482758620689655,0.4827586206896552,-0.08985960590829112,0.9687499910997467,0.5456862745098039,580,58,10.0,1.0,0,0,20260407,0.03445106375173248,20260320,-0.03327670803539744,-0.055390735455390416,-0.09596739378403796,-0.12949293427930897,580,0,0,0,0,20260305,20260320,12,F2_order_lte_5pct_ref_amount_A_tail_capital_5000000,F,0.0,0.0,0.0,33450,0,2363.0172413793102,1930,10.0,F2_order_lte_5pct_ref_amount,A_tail,5000000,0.05
10bp_one_way_slippage,10bp_one_way_slippage,,,10,True,False,False,False,False,-0.07792396960795211,-0.0013125230067184224,0.4413793103448276,0.4482758620689655,-0.09981877990571097,0.8757521701913291,0.5456862745098039,580,58,10.0,1.0,0,0,20260407,0.033416869684818475,20260320,-0.03424319115666895,-0.10774048939875414,-0.1443584076149229,-0.17443950896155358,580,0,0,0,0,20260305,20260320,12,F2_order_lte_5pct_ref_amount_A_tail_capital_5000000,F,0.0,0.0,0.0,33450,0,2363.0172413793102,1930,10.0,F2_order_lte_5pct_ref_amount,A_tail,5000000,0.05
15bp_one_way_slippage,15bp_one_way_slippage,,,15,True,False,False,False,False,-0.12989577786863649,-0.0023109638695677152,0.42758620689655175,0.41379310344827586,-0.12503157037439505,0.7921765585614552,0.5456862745098039,580,58,10.0,1.0,0,0,20260407,0.03238370800529322,20260320,-0.035208709483210046,-0.1571891193318775,-0.19015921644904288,-0.2170654357926034,580,0,0,0,0,20260225,20260519,56,F2_order_lte_5pct_ref_amount_A_tail_capital_5000000,F,0.0,0.0,0.0,33450,0,2363.0172413793102,1930,10.0,F2_order_lte_5pct_ref_amount,A_tail,5000000,0.05
20bp_one_way_slippage,20bp_one_way_slippage,,,20,True,False,False,False,False,-0.17893834724141156,-0.003308408533002718,0.41379310344827586,0.3793103448275862,-0.17186699789604187,0.7169389607238806,0.5456862745098039,580,58,10.0,1.0,0,0,20260407,0.0313515771680527,20260320,-0.03617326445896374,-0.20389741875112188,-0.23350848259148382,-0.25749054919802317,580,0,0,0,0,20260225,20260519,56,F2_order_lte_5pct_ref_amount_A_tail_capital_5000000,F,0.0,0.0,0.0,33450,0,2363.0172413793102,1930,10.0,F2_order_lte_5pct_ref_amount,A_tail,5000000,0.05
10bp_slippage_plus_impact,10bp_one_way_slippage_plus_impact_cost,5000000.0,,10,True,True,False,False,False,-0.12644642075909795,-0.002243697041607363,0.4241379310344828,0.41379310344827586,-0.12211148091283575,0.797143232307061,0.5456862745098039,580,58,10.0,1.0,0,0,20260407,0.032464195594465825,20260320,-0.035219577914982626,-0.15391392460061748,-0.18657152269218502,-0.21376794198715443,580,0,0,0,0,20260225,20260519,56,F2_order_lte_5pct_ref_amount_A_tail_capital_5000000,F,0.11109442676173645,0.4032615744426764,1.4660063811613535,33450,0,2363.0172413793102,1930,10.0,F2_order_lte_5pct_ref_amount,A_tail,5000000,0.05
10bp_slippage_plus_impact_participation_1pct_no_partial,10bp_one_way_slippage_plus_impact_cost_plus_participation_cap,5000000.0,0.01,10,True,True,False,True,True,-0.027120536393715144,-0.0004709491095217494,0.37037037037037035,0.15517241379310345,-0.030920084549461713,0.4209599636499868,0.5456862745098039,580,58,10.0,0.04655172413793104,0,553,20260513,0.0075026134388067375,20260302,-0.010402270022517313,-0.03436532011996096,-0.03994574884276447,-0.04286976167920731,27,0,553,0,0,20260226,20260416,35,F2_order_lte_5pct_ref_amount_A_tail_capital_5000000,F,0.0,0.0,0.007926520658339544,33450,0,2363.0172413793102,1930,10.0,F2_order_lte_5pct_ref_amount,A_tail,5000000,0.05
10bp_slippage_plus_impact_participation_1pct_partial_zero,10bp_one_way_slippage_plus_impact_cost_plus_participation_cap_plus_partial_zero_fill,5000000.0,0.01,10,True,True,True,True,True,-0.04889620300211861,-0.0008578592556662284,0.4379310344827586,0.41379310344827586,-0.04356538837753876,0.6964649712121134,0.5456862745098039,580,58,10.0,0.19924894774349153,553,0,20260513,0.008967322565612423,20260224,-0.008760941078276737,-0.05734925628770127,-0.06607126762256343,-0.07346406007244843,27,553,0,0,0,20260224,20260519,57,F2_order_lte_5pct_ref_amount_A_tail_capital_5000000,F,0.01,0.01,0.010000000000000002,33450,0,2363.0172413793102,1930,10.0,F2_order_lte_5pct_ref_amount,A_tail,5000000,0.05
10bp_slippage_plus_impact_participation_3pct_no_partial,10bp_one_way_slippage_plus_impact_cost_plus_participation_cap,5000000.0,0.03,10,True,True,False,True,True,-0.04704804417717834,-0.0008191681922411364,0.44036697247706424,0.27586206896551724,-0.036057571608476,0.7094932279250399,0.5456862745098039,580,58,10.0,0.1879310344827586,0,471,20260513,0.011283231548002736,20260224,-0.018658679579781366,-0.05768045380905962,-0.07209696376125241,-0.08415986702243261,109,0,471,0,0,20260224,20260519,57,F2_order_lte_5pct_ref_amount_A_tail_capital_5000000,F,0.0,0.017306834949949706,0.02891031108235231,33450,0,2363.0172413793102,1930,10.0,F2_order_lte_5pct_ref_amount,A_tail,5000000,0.05
10bp_slippage_plus_impact_participation_3pct_partial_zero,10bp_one_way_slippage_plus_impact_cost_plus_participation_cap_plus_partial_zero_fill,5000000.0,0.03,10,True,True,True,True,True,-0.08028490685207024,-0.0014214251590161742,0.43275862068965515,0.4482758620689655,-0.07201457868160377,0.7488706918879395,0.5456862745098039,580,58,10.0,0.4208325204469654,471,0,20260513,0.011068239139561911,20260227,-0.017656379011575553,-0.09035309631462218,-0.1093178296880607,-0.123787843658692,109,471,0,0,0,20260225,20260519,56,F2_order_lte_5pct_ref_amount_A_tail_capital_5000000,F,0.03,0.030000000000000002,0.030000000000000006,33450,0,2363.0172413793102,1930,10.0,F2_order_lte_5pct_ref_amount,A_tail,5000000,0.05
10bp_slippage_plus_impact_participation_5pct_no_partial,10bp_one_way_slippage_plus_impact_cost_plus_participation_cap,5000000.0,0.05,10,True,True,False,True,True,-0.0592177518344329,-0.0010333411038102017,0.4251497005988024,0.3103448275862069,-0.05340246788639469,0.753409894869623,0.5456862745098039,580,58,10.0,0.28793103448275864,0,413,20260513,0.011283231548002736,20260227,-0.0215628883905708,-0.06971437989188989,-0.08836968139548462,-0.10197404045087977,167,0,413,0,0,20260225,20260423,41,F2_order_lte_5pct_ref_amount_A_tail_capital_5000000,F,0.0,0.029986601504833423,0.04649053682635942,33450,0,2363.0172413793102,1930,10.0,F2_order_lte_5pct_ref_amount,A_tail,5000000,0.05
10bp_slippage_plus_impact_participation_5pct_partial_zero,10bp_one_way_slippage_plus_impact_cost_plus_participation_cap_plus_partial_zero_fill,5000000.0,0.05,10,True,True,True,True,True,-0.09839478606958385,-0.001755062251820811,0.43103448275862066,0.46551724137931033,-0.09120154078761344,0.7536364212392641,0.5456862745098039,580,58,10.0,0.5443812363039192,413,0,20260407,0.01649735339202309,20260227,-0.020587298527479328,-0.11302748509695104,-0.13359114969071673,-0.14915450887937753,167,413,0,0,0,20260225,20260519,56,F2_order_lte_5pct_ref_amount_A_tail_capital_5000000,F,0.05,0.05000000000000001,0.05000000000000001,33450,0,2363.0172413793102,1930,10.0,F2_order_lte_5pct_ref_amount,A_tail,5000000,0.05
10bp_slippage_plus_impact_participation_10pct_no_partial,10bp_one_way_slippage_plus_impact_cost_plus_participation_cap,5000000.0,0.1,10,True,True,False,True,True,-0.08809530604994043,-0.0015626235804209162,0.40441176470588236,0.43103448275862066,-0.08201794438729781,0.7556376503391579,0.5456862745098039,580,58,10.0,0.4689655172413793,0,308,20260407,0.01284140081116909,20260227,-0.017864450960306144,-0.099656971743326,-0.1182168834355013,-0.13587611371313113,272,0,308,0,0,20260225,20260519,56,F2_order_lte_5pct_ref_amount_A_tail_capital_5000000,F,0.0,0.06642415499691906,0.09629702617836845,33450,0,2363.0172413793102,1930,10.0,F2_order_lte_5pct_ref_amount,A_tail,5000000,0.05
10bp_slippage_plus_impact_participation_10pct_partial_zero,10bp_one_way_slippage_plus_impact_cost_plus_participation_cap_plus_partial_zero_fill,5000000.0,0.1,10,True,True,True,True,True,-0.1323172368042007,-0.0023962548927649488,0.43103448275862066,0.39655172413793105,-0.12668575090556822,0.7382181725033626,0.5456862745098039,580,58,10.0,0.7224492307924314,308,0,20260407,0.025335710080816316,20260306,-0.02292945608398869,-0.1537573941246917,-0.17681373591987826,-0.19414019323806553,272,308,0,0,0,20260224,20260519,57,F2_order_lte_5pct_ref_amount_A_tail_capital_5000000,F,0.09999999999999999,0.10000000000000002,0.10000000000000002,33450,0,2363.0172413793102,1930,10.0,F2_order_lte_5pct_ref_amount,A_tail,5000000,0.05
5bp_one_way_slippage,5bp_one_way_slippage,,,5,True,False,False,False,False,-0.022847941462086796,-0.00031308445127584665,0.4482758620689655,0.4827586206896552,-0.08985960590829112,0.9687499910997467,0.5456862745098039,580,58,10.0,1.0,0,0,20260407,0.03445106375173248,20260320,-0.03327670803539744,-0.055390735455390416,-0.09596739378403796,-0.12949293427930897,580,0,0,0,0,20260305,20260320,12,F2_order_lte_5pct_ref_amount_B_tail_and_past20_exit_proxy_capital_5000000,F,0.0,0.0,0.0,33450,0,2363.0172413793102,1930,10.0,F2_order_lte_5pct_ref_amount,B_tail_and_past20_exit_proxy,5000000,0.05
10bp_one_way_slippage,10bp_one_way_slippage,,,10,True,False,False,False,False,-0.07792396960795211,-0.0013125230067184224,0.4413793103448276,0.4482758620689655,-0.09981877990571097,0.8757521701913291,0.5456862745098039,580,58,10.0,1.0,0,0,20260407,0.033416869684818475,20260320,-0.03424319115666895,-0.10774048939875414,-0.1443584076149229,-0.17443950896155358,580,0,0,0,0,20260305,20260320,12,F2_order_lte_5pct_ref_amount_B_tail_and_past20_exit_proxy_capital_5000000,F,0.0,0.0,0.0,33450,0,2363.0172413793102,1930,10.0,F2_order_lte_5pct_ref_amount,B_tail_and_past20_exit_proxy,5000000,0.05
15bp_one_way_slippage,15bp_one_way_slippage,,,15,True,False,False,False,False,-0.12989577786863649,-0.0023109638695677152,0.42758620689655175,0.41379310344827586,-0.12503157037439505,0.7921765585614552,0.5456862745098039,580,58,10.0,1.0,0,0,20260407,0.03238370800529322,20260320,-0.035208709483210046,-0.1571891193318775,-0.19015921644904288,-0.2170654357926034,580,0,0,0,0,20260225,20260519,56,F2_order_lte_5pct_ref_amount_B_tail_and_past20_exit_proxy_capital_5000000,F,0.0,0.0,0.0,33450,0,2363.0172413793102,1930,10.0,F2_order_lte_5pct_ref_amount,B_tail_and_past20_exit_proxy,5000000,0.05
20bp_one_way_slippage,20bp_one_way_slippage,,,20,True,False,False,False,False,-0.17893834724141156,-0.003308408533002718,0.41379310344827586,0.3793103448275862,-0.17186699789604187,0.7169389607238806,0.5456862745098039,580,58,10.0,1.0,0,0,20260407,0.0313515771680527,20260320,-0.03617326445896374,-0.20389741875112188,-0.23350848259148382,-0.25749054919802317,580,0,0,0,0,20260225,20260519,56,F2_order_lte_5pct_ref_amount_B_tail_and_past20_exit_proxy_capital_5000000,F,0.0,0.0,0.0,33450,0,2363.0172413793102,1930,10.0,F2_order_lte_5pct_ref_amount,B_tail_and_past20_exit_proxy,5000000,0.05
10bp_slippage_plus_impact,10bp_one_way_slippage_plus_impact_cost,5000000.0,,10,True,True,False,False,False,-0.12644642075909795,-0.002243697041607363,0.4241379310344828,0.41379310344827586,-0.12211148091283575,0.797143232307061,0.5456862745098039,580,58,10.0,1.0,0,0,20260407,0.032464195594465825,20260320,-0.035219577914982626,-0.15391392460061748,-0.18657152269218502,-0.21376794198715443,580,0,0,0,0,20260225,20260519,56,F2_order_lte_5pct_ref_amount_B_tail_and_past20_exit_proxy_capital_5000000,F,0.11109442676173645,0.4032615744426764,1.4660063811613535,33450,0,2363.0172413793102,1930,10.0,F2_order_lte_5pct_ref_amount,B_tail_and_past20_exit_proxy,5000000,0.05
10bp_slippage_plus_impact_participation_1pct_no_partial,10bp_one_way_slippage_plus_impact_cost_plus_participation_cap,5000000.0,0.01,10,True,True,False,True,True,-0.027120536393715144,-0.0004709491095217494,0.37037037037037035,0.15517241379310345,-0.030920084549461713,0.4209599636499868,0.5456862745098039,580,58,10.0,0.04655172413793104,0,553,20260513,0.0075026134388067375,20260302,-0.010402270022517313,-0.03436532011996096,-0.03994574884276447,-0.04286976167920731,27,0,553,0,0,20260226,20260416,35,F2_order_lte_5pct_ref_amount_B_tail_and_past20_exit_proxy_capital_5000000,F,0.0,0.0,0.007926520658339544,33450,0,2363.0172413793102,1930,10.0,F2_order_lte_5pct_ref_amount,B_tail_and_past20_exit_proxy,5000000,0.05
10bp_slippage_plus_impact_participation_1pct_partial_zero,10bp_one_way_slippage_plus_impact_cost_plus_participation_cap_plus_partial_zero_fill,5000000.0,0.01,10,True,True,True,True,True,-0.04889620300211861,-0.0008578592556662284,0.4379310344827586,0.41379310344827586,-0.04356538837753876,0.6964649712121134,0.5456862745098039,580,58,10.0,0.19924894774349153,553,0,20260513,0.008967322565612423,20260224,-0.008760941078276737,-0.05734925628770127,-0.06607126762256343,-0.07346406007244843,27,553,0,0,0,20260224,20260519,57,F2_order_lte_5pct_ref_amount_B_tail_and_past20_exit_proxy_capital_5000000,F,0.01,0.01,0.010000000000000002,33450,0,2363.0172413793102,1930,10.0,F2_order_lte_5pct_ref_amount,B_tail_and_past20_exit_proxy,5000000,0.05
10bp_slippage_plus_impact_participation_3pct_no_partial,10bp_one_way_slippage_plus_impact_cost_plus_participation_cap,5000000.0,0.03,10,True,True,False,True,True,-0.04704804417717834,-0.0008191681922411364,0.44036697247706424,0.27586206896551724,-0.036057571608476,0.7094932279250399,0.5456862745098039,580,58,10.0,0.1879310344827586,0,471,20260513,0.011283231548002736,20260224,-0.018658679579781366,-0.05768045380905962,-0.07209696376125241,-0.08415986702243261,109,0,471,0,0,20260224,20260519,57,F2_order_lte_5pct_ref_amount_B_tail_and_past20_exit_proxy_capital_5000000,F,0.0,0.017306834949949706,0.02891031108235231,33450,0,2363.0172413793102,1930,10.0,F2_order_lte_5pct_ref_amount,B_tail_and_past20_exit_proxy,5000000,0.05
10bp_slippage_plus_impact_participation_3pct_partial_zero,10bp_one_way_slippage_plus_impact_cost_plus_participation_cap_plus_partial_zero_fill,5000000.0,0.03,10,True,True,True,True,True,-0.08028490685207024,-0.0014214251590161742,0.43275862068965515,0.4482758620689655,-0.07201457868160377,0.7488706918879395,0.5456862745098039,580,58,10.0,0.4208325204469654,471,0,20260513,0.011068239139561911,20260227,-0.017656379011575553,-0.09035309631462218,-0.1093178296880607,-0.123787843658692,109,471,0,0,0,20260225,20260519,56,F2_order_lte_5pct_ref_amount_B_tail_and_past20_exit_proxy_capital_5000000,F,0.03,0.030000000000000002,0.030000000000000006,33450,0,2363.0172413793102,1930,10.0,F2_order_lte_5pct_ref_amount,B_tail_and_past20_exit_proxy,5000000,0.05
10bp_slippage_plus_impact_participation_5pct_no_partial,10bp_one_way_slippage_plus_impact_cost_plus_participation_cap,5000000.0,0.05,10,True,True,False,True,True,-0.0592177518344329,-0.0010333411038102017,0.4251497005988024,0.3103448275862069,-0.05340246788639469,0.753409894869623,0.5456862745098039,580,58,10.0,0.28793103448275864,0,413,20260513,0.011283231548002736,20260227,-0.0215628883905708,-0.06971437989188989,-0.08836968139548462,-0.10197404045087977,167,0,413,0,0,20260225,20260423,41,F2_order_lte_5pct_ref_amount_B_tail_and_past20_exit_proxy_capital_5000000,F,0.0,0.029986601504833423,0.04649053682635942,33450,0,2363.0172413793102,1930,10.0,F2_order_lte_5pct_ref_amount,B_tail_and_past20_exit_proxy,5000000,0.05
10bp_slippage_plus_impact_participation_5pct_partial_zero,10bp_one_way_slippage_plus_impact_cost_plus_participation_cap_plus_partial_zero_fill,5000000.0,0.05,10,True,True,True,True,True,-0.09839478606958385,-0.001755062251820811,0.43103448275862066,0.46551724137931033,-0.09120154078761344,0.7536364212392641,0.5456862745098039,580,58,10.0,0.5443812363039192,413,0,20260407,0.01649735339202309,20260227,-0.020587298527479328,-0.11302748509695104,-0.13359114969071673,-0.14915450887937753,167,413,0,0,0,20260225,20260519,56,F2_order_lte_5pct_ref_amount_B_tail_and_past20_exit_proxy_capital_5000000,F,0.05,0.05000000000000001,0.05000000000000001,33450,0,2363.0172413793102,1930,10.0,F2_order_lte_5pct_ref_amount,B_tail_and_past20_exit_proxy,5000000,0.05
10bp_slippage_plus_impact_participation_10pct_no_partial,10bp_one_way_slippage_plus_impact_cost_plus_participation_cap,5000000.0,0.1,10,True,True,False,True,True,-0.08809530604994043,-0.0015626235804209162,0.40441176470588236,0.43103448275862066,-0.08201794438729781,0.7556376503391579,0.5456862745098039,580,58,10.0,0.4689655172413793,0,308,20260407,0.01284140081116909,20260227,-0.017864450960306144,-0.099656971743326,-0.1182168834355013,-0.13587611371313113,272,0,308,0,0,20260225,20260519,56,F2_order_lte_5pct_ref_amount_B_tail_and_past20_exit_proxy_capital_5000000,F,0.0,0.06642415499691906,0.09629702617836845,33450,0,2363.0172413793102,1930,10.0,F2_order_lte_5pct_ref_amount,B_tail_and_past20_exit_proxy,5000000,0.05
10bp_slippage_plus_impact_participation_10pct_partial_zero,10bp_one_way_slippage_plus_impact_cost_plus_participation_cap_plus_partial_zero_fill,5000000.0,0.1,10,True,True,True,True,True,-0.1323172368042007,-0.0023962548927649488,0.43103448275862066,0.39655172413793105,-0.12668575090556822,0.7382181725033626,0.5456862745098039,580,58,10.0,0.7224492307924314,308,0,20260407,0.025335710080816316,20260306,-0.02292945608398869,-0.1537573941246917,-0.17681373591987826,-0.19414019323806553,272,308,0,0,0,20260224,20260519,57,F2_order_lte_5pct_ref_amount_B_tail_and_past20_exit_proxy_capital_5000000,F,0.09999999999999999,0.10000000000000002,0.10000000000000002,33450,0,2363.0172413793102,1930,10.0,F2_order_lte_5pct_ref_amount,B_tail_and_past20_exit_proxy,5000000,0.05
5bp_one_way_slippage,5bp_one_way_slippage,,,5,True,False,False,False,False,0.02386672464056505,0.0004861903345302594,0.44482758620689655,0.5344827586206896,-0.0841551968587837,1.0454883339004302,0.5364093137254902,580,58,10.0,1.0,0,0,20260407,0.038209260379087874,20260306,-0.03436929838891471,-0.013814686774500484,-0.05793124214557577,-0.09317274138462217,580,0,0,0,0,20260226,20260320,17,F3_order_lte_3pct_ref_amount_A_tail_capital_5000000,F,0.0,0.0,0.0,62672,0,1859.1896551724137,1361,10.0,F3_order_lte_3pct_ref_amount,A_tail,5000000,0.03
10bp_one_way_slippage,10bp_one_way_slippage,,,10,True,False,False,False,False,-0.0338423207953058,-0.0005140472971279845,0.4413793103448276,0.5172413793103449,-0.0986957372741738,0.9542423251072706,0.5364093137254902,580,58,10.0,1.0,0,0,20260407,0.03717130904922494,20260306,-0.03533468919127358,-0.06846856370297072,-0.10835825327053494,-0.1399946233753293,580,0,0,0,0,20260226,20260320,17,F3_order_lte_3pct_ref_amount_A_tail_capital_5000000,F,0.0,0.0,0.0,62672,0,1859.1896551724137,1361,10.0,F3_order_lte_3pct_ref_amount,A_tail,5000000,0.03
15bp_one_way_slippage,15bp_one_way_slippage,,,15,True,False,False,False,False,-0.08829874304051255,-0.0015132864385126637,0.4241379310344828,0.4827586206896552,-0.11335478709365898,0.8716587906178347,0.5364093137254902,580,58,10.0,1.0,0,0,20260407,0.036134393857450056,20260306,-0.03629911628931267,-0.12009362649830357,-0.15608607944672892,-0.18439903305365746,580,0,0,0,0,20260225,20260320,18,F3_order_lte_3pct_ref_amount_A_tail_capital_5000000,F,0.0,0.0,0.0,62672,0,1859.1896551724137,1361,10.0,F3_order_lte_3pct_ref_amount,A_tail,5000000,0.03
20bp_one_way_slippage,20bp_one_way_slippage,,,20,True,False,False,False,False,-0.13968588840128093,-0.0025115285839966248,0.41379310344827586,0.41379310344827586,-0.13173927934303797,0.7968108195754563,0.5364093137254902,580,58,10.0,1.0,0,0,20260407,0.03509851325304554,20260306,-0.0372625811253431,-0.16885774582462154,-0.20125921703924088,-0.22651080470056928,580,0,0,0,0,20260225,20260519,56,F3_order_lte_3pct_ref_amount_A_tail_capital_5000000,F,0.0,0.0,0.0,62672,0,1859.1896551724137,1361,10.0,F3_order_lte_3pct_ref_amount,A_tail,5000000,0.03
10bp_slippage_plus_impact,10bp_one_way_slippage_plus_impact_cost,5000000.0,,10,True,True,False,False,False,-0.07040350006502472,-0.0011787915871319054,0.4224137931034483,0.4827586206896552,-0.10890417029883992,0.8983766176733093,0.5364093137254902,580,58,10.0,1.0,0,0,20260407,0.03653028558227649,20260306,-0.035922980336536826,-0.10316513384578108,-0.14054188383467958,-0.16980394096138363,580,0,0,0,0,20260225,20260320,18,F3_order_lte_3pct_ref_amount_A_tail_capital_5000000,F,0.05833032447579495,0.1855929037510543,0.6485314690811236,62672,0,1859.1896551724137,1361,10.0,F3_order_lte_3pct_ref_amount,A_tail,5000000,0.03
10bp_slippage_plus_impact_participation_1pct_no_partial,10bp_one_way_slippage_plus_impact_cost_plus_participation_cap,5000000.0,0.01,10,True,True,False,True,True,-0.0109332248140388,-0.00018458377523022934,0.4583333333333333,0.29310344827586204,-0.025501786277564276,0.8527552359434653,0.5364093137254902,580,58,10.0,0.08275862068965517,0,532,20260512,0.007270638513665717,20260302,-0.010402270022517313,-0.01807246496787218,-0.029456297999288283,-0.03908581322784099,48,0,532,0,0,20260226,20260402,26,F3_order_lte_3pct_ref_amount_A_tail_capital_5000000,F,0.0,0.0,0.009099649174552133,62672,0,1859.1896551724137,1361,10.0,F3_order_lte_3pct_ref_amount,A_tail,5000000,0.03
10bp_slippage_plus_impact_participation_1pct_partial_zero,10bp_one_way_slippage_plus_impact_cost_plus_participation_cap_plus_partial_zero_fill,5000000.0,0.01,10,True,True,True,True,True,-0.036551732610643706,-0.0006284355375389659,0.43448275862068964,0.41379310344827586,-0.046407675754346234,0.847990702714655,0.5364093137254902,580,58,10.0,0.30068770401885725,532,0,20260407,0.012673830461605123,20260402,-0.013220468232491822,-0.048609494579128554,-0.06693416331940982,-0.0789196642954485,48,532,0,0,0,20260224,20260320,19,F3_order_lte_3pct_ref_amount_A_tail_capital_5000000,F,0.01,0.01,0.010000000000000002,62672,0,1859.1896551724137,1361,10.0,F3_order_lte_3pct_ref_amount,A_tail,5000000,0.03
10bp_slippage_plus_impact_participation_3pct_no_partial,10bp_one_way_slippage_plus_impact_cost_plus_participation_cap,5000000.0,0.03,10,True,True,False,True,True,-0.0448320893600328,-0.0007667902051736143,0.4482758620689655,0.3793103448275862,-0.0456064228261408,0.830763237792966,0.5364093137254902,580,58,10.0,0.3,0,406,20260324,0.01469413389970251,20260224,-0.0202201920657351,-0.05866420359696167,-0.08259135792691719,-0.101783052131167,174,0,406,0,0,20260224,20260318,17,F3_order_lte_3pct_ref_amount_A_tail_capital_5000000,F,0.0,0.020798276619107665,0.029360764417718475,62672,0,1859.1896551724137,1361,10.0,F3_order_lte_3pct_ref_amount,A_tail,5000000,0.03
10bp_slippage_plus_impact_participation_3pct_partial_zero,10bp_one_way_slippage_plus_impact_cost_plus_participation_cap_plus_partial_zero_fill,5000000.0,0.03,10,True,True,True,True,True,-0.06666875994174959,-0.0011479521953776915,0.43275862068965515,0.4482758620689655,-0.08560258553065214,0.8530155879406047,0.5364093137254902,580,58,10.0,0.5924171208714036,406,0,20260407,0.026297128493160273,20260306,-0.028229996392673783,-0.09058379474510025,-0.11714444926249679,-0.13355696356093216,174,406,0,0,0,20260225,20260320,18,F3_order_lte_3pct_ref_amount_A_tail_capital_5000000,F,0.03,0.030000000000000002,0.030000000000000006,62672,0,1859.1896551724137,1361,10.0,F3_order_lte_3pct_ref_amount,A_tail,5000000,0.03
10bp_slippage_plus_impact_participation_5pct_no_partial,10bp_one_way_slippage_plus_impact_cost_plus_participation_cap,5000000.0,0.05,10,True,True,False,True,True,-0.05449727741125143,-0.0009297592046234061,0.4351145038167939,0.43103448275862066,-0.07782600346134305,0.8537712292599938,0.5364093137254902,580,58,10.0,0.4517241379310345,0,318,20260407,0.024259971734751428,20260306,-0.024845666004838694,-0.07689185491903505,-0.10222159863646596,-0.11952841124859359,262,0,318,0,0,20260225,20260402,27,F3_order_lte_3pct_ref_amount_A_tail_capital_5000000,F,0.0,0.03483555323644579,0.047342300425637474,62672,0,1859.1896551724137,1361,10.0,F3_order_lte_3pct_ref_amount,A_tail,5000000,0.03
10bp_slippage_plus_impact_participation_5pct_partial_zero,10bp_one_way_slippage_plus_impact_cost_plus_participation_cap_plus_partial_zero_fill,5000000.0,0.05,10,True,True,True,True,True,-0.07868841691254624,-0.0013571395879458357,0.42931034482758623,0.4482758620689655,-0.10222969853754671,0.8560630456361353,0.5364093137254902,580,58,10.0,0.7379129144615949,318,0,20260407,0.030836532666140653,20260306,-0.033174077464426674,-0.10624861082039161,-0.13455602805995792,-0.15363487834821954,262,318,0,0,0,20260225,20260320,18,F3_order_lte_3pct_ref_amount_A_tail_capital_5000000,F,0.049999999999999996,0.05,0.05000000000000001,62672,0,1859.1896551724137,1361,10.0,F3_order_lte_3pct_ref_amount,A_tail,5000000,0.03
10bp_slippage_plus_impact_participation_10pct_no_partial,10bp_one_way_slippage_plus_impact_cost_plus_participation_cap,5000000.0,0.1,10,True,True,False,True,True,-0.09632175378294328,-0.0016778747150942171,0.42105263157894735,0.4827586206896552,-0.12119057496733654,0.8289773373456918,0.5364093137254902,580,58,10.0,0.753448275862069,0,143,20260407,0.033183058140998575,20260306,-0.04198206052038742,-0.12534546603673458,-0.15628787513148945,-0.1791890419044162,437,0,143,0,0,20260225,20260320,18,F3_order_lte_3pct_ref_amount_A_tail_capital_5000000,F,0.025832528974589507,0.07845527712473863,0.09820645029241493,62672,0,1859.1896551724137,1361,10.0,F3_order_lte_3pct_ref_amount,A_tail,5000000,0.03
10bp_slippage_plus_impact_participation_10pct_partial_zero,10bp_one_way_slippage_plus_impact_cost_plus_participation_cap_plus_partial_zero_fill,5000000.0,0.1,10,True,True,True,True,True,-0.08840298268533309,-0.0015209639192176152,0.42931034482758623,0.46551724137931033,-0.11755702569387394,0.8621283243417733,0.5364093137254902,580,58,10.0,0.8968834637527544,143,0,20260407,0.03545133337110939,20260306,-0.03787439765267305,-0.11961384573547373,-0.15396819232515446,-0.17878777374576116,437,143,0,0,0,20260225,20260320,18,F3_order_lte_3pct_ref_amount_A_tail_capital_5000000,F,0.05833032447579495,0.1,0.10000000000000002,62672,0,1859.1896551724137,1361,10.0,F3_order_lte_3pct_ref_amount,A_tail,5000000,0.03
5bp_one_way_slippage,5bp_one_way_slippage,,,5,True,False,False,False,False,0.02386672464056505,0.0004861903345302594,0.44482758620689655,0.5344827586206896,-0.0841551968587837,1.0454883339004302,0.5364093137254902,580,58,10.0,1.0,0,0,20260407,0.038209260379087874,20260306,-0.03436929838891471,-0.013814686774500484,-0.05793124214557577,-0.09317274138462217,580,0,0,0,0,20260226,20260320,17,F3_order_lte_3pct_ref_amount_B_tail_and_past20_exit_proxy_capital_5000000,F,0.0,0.0,0.0,62675,0,1859.1379310344828,1361,10.0,F3_order_lte_3pct_ref_amount,B_tail_and_past20_exit_proxy,5000000,0.03
10bp_one_way_slippage,10bp_one_way_slippage,,,10,True,False,False,False,False,-0.0338423207953058,-0.0005140472971279845,0.4413793103448276,0.5172413793103449,-0.0986957372741738,0.9542423251072706,0.5364093137254902,580,58,10.0,1.0,0,0,20260407,0.03717130904922494,20260306,-0.03533468919127358,-0.06846856370297072,-0.10835825327053494,-0.1399946233753293,580,0,0,0,0,20260226,20260320,17,F3_order_lte_3pct_ref_amount_B_tail_and_past20_exit_proxy_capital_5000000,F,0.0,0.0,0.0,62675,0,1859.1379310344828,1361,10.0,F3_order_lte_3pct_ref_amount,B_tail_and_past20_exit_proxy,5000000,0.03
15bp_one_way_slippage,15bp_one_way_slippage,,,15,True,False,False,False,False,-0.08829874304051255,-0.0015132864385126637,0.4241379310344828,0.4827586206896552,-0.11335478709365898,0.8716587906178347,0.5364093137254902,580,58,10.0,1.0,0,0,20260407,0.036134393857450056,20260306,-0.03629911628931267,-0.12009362649830357,-0.15608607944672892,-0.18439903305365746,580,0,0,0,0,20260225,20260320,18,F3_order_lte_3pct_ref_amount_B_tail_and_past20_exit_proxy_capital_5000000,F,0.0,0.0,0.0,62675,0,1859.1379310344828,1361,10.0,F3_order_lte_3pct_ref_amount,B_tail_and_past20_exit_proxy,5000000,0.03
20bp_one_way_slippage,20bp_one_way_slippage,,,20,True,False,False,False,False,-0.13968588840128093,-0.0025115285839966248,0.41379310344827586,0.41379310344827586,-0.13173927934303797,0.7968108195754563,0.5364093137254902,580,58,10.0,1.0,0,0,20260407,0.03509851325304554,20260306,-0.0372625811253431,-0.16885774582462154,-0.20125921703924088,-0.22651080470056928,580,0,0,0,0,20260225,20260519,56,F3_order_lte_3pct_ref_amount_B_tail_and_past20_exit_proxy_capital_5000000,F,0.0,0.0,0.0,62675,0,1859.1379310344828,1361,10.0,F3_order_lte_3pct_ref_amount,B_tail_and_past20_exit_proxy,5000000,0.03
10bp_slippage_plus_impact,10bp_one_way_slippage_plus_impact_cost,5000000.0,,10,True,True,False,False,False,-0.07040350006502472,-0.0011787915871319054,0.4224137931034483,0.4827586206896552,-0.10890417029883992,0.8983766176733093,0.5364093137254902,580,58,10.0,1.0,0,0,20260407,0.03653028558227649,20260306,-0.035922980336536826,-0.10316513384578108,-0.14054188383467958,-0.16980394096138363,580,0,0,0,0,20260225,20260320,18,F3_order_lte_3pct_ref_amount_B_tail_and_past20_exit_proxy_capital_5000000,F,0.05833032447579495,0.1855929037510543,0.6485314690811236,62675,0,1859.1379310344828,1361,10.0,F3_order_lte_3pct_ref_amount,B_tail_and_past20_exit_proxy,5000000,0.03
10bp_slippage_plus_impact_participation_1pct_no_partial,10bp_one_way_slippage_plus_impact_cost_plus_participation_cap,5000000.0,0.01,10,True,True,False,True,True,-0.0109332248140388,-0.00018458377523022934,0.4583333333333333,0.29310344827586204,-0.025501786277564276,0.8527552359434653,0.5364093137254902,580,58,10.0,0.08275862068965517,0,532,20260512,0.007270638513665717,20260302,-0.010402270022517313,-0.01807246496787218,-0.029456297999288283,-0.03908581322784099,48,0,532,0,0,20260226,20260402,26,F3_order_lte_3pct_ref_amount_B_tail_and_past20_exit_proxy_capital_5000000,F,0.0,0.0,0.009099649174552133,62675,0,1859.1379310344828,1361,10.0,F3_order_lte_3pct_ref_amount,B_tail_and_past20_exit_proxy,5000000,0.03
10bp_slippage_plus_impact_participation_1pct_partial_zero,10bp_one_way_slippage_plus_impact_cost_plus_participation_cap_plus_partial_zero_fill,5000000.0,0.01,10,True,True,True,True,True,-0.036551732610643706,-0.0006284355375389659,0.43448275862068964,0.41379310344827586,-0.046407675754346234,0.847990702714655,0.5364093137254902,580,58,10.0,0.30068770401885725,532,0,20260407,0.012673830461605123,20260402,-0.013220468232491822,-0.048609494579128554,-0.06693416331940982,-0.0789196642954485,48,532,0,0,0,20260224,20260320,19,F3_order_lte_3pct_ref_amount_B_tail_and_past20_exit_proxy_capital_5000000,F,0.01,0.01,0.010000000000000002,62675,0,1859.1379310344828,1361,10.0,F3_order_lte_3pct_ref_amount,B_tail_and_past20_exit_proxy,5000000,0.03
10bp_slippage_plus_impact_participation_3pct_no_partial,10bp_one_way_slippage_plus_impact_cost_plus_participation_cap,5000000.0,0.03,10,True,True,False,True,True,-0.0448320893600328,-0.0007667902051736143,0.4482758620689655,0.3793103448275862,-0.0456064228261408,0.830763237792966,0.5364093137254902,580,58,10.0,0.3,0,406,20260324,0.01469413389970251,20260224,-0.0202201920657351,-0.05866420359696167,-0.08259135792691719,-0.101783052131167,174,0,406,0,0,20260224,20260318,17,F3_order_lte_3pct_ref_amount_B_tail_and_past20_exit_proxy_capital_5000000,F,0.0,0.020798276619107665,0.029360764417718475,62675,0,1859.1379310344828,1361,10.0,F3_order_lte_3pct_ref_amount,B_tail_and_past20_exit_proxy,5000000,0.03
10bp_slippage_plus_impact_participation_3pct_partial_zero,10bp_one_way_slippage_plus_impact_cost_plus_participation_cap_plus_partial_zero_fill,5000000.0,0.03,10,True,True,True,True,True,-0.06666875994174959,-0.0011479521953776915,0.43275862068965515,0.4482758620689655,-0.08560258553065214,0.8530155879406047,0.5364093137254902,580,58,10.0,0.5924171208714036,406,0,20260407,0.026297128493160273,20260306,-0.028229996392673783,-0.09058379474510025,-0.11714444926249679,-0.13355696356093216,174,406,0,0,0,20260225,20260320,18,F3_order_lte_3pct_ref_amount_B_tail_and_past20_exit_proxy_capital_5000000,F,0.03,0.030000000000000002,0.030000000000000006,62675,0,1859.1379310344828,1361,10.0,F3_order_lte_3pct_ref_amount,B_tail_and_past20_exit_proxy,5000000,0.03
10bp_slippage_plus_impact_participation_5pct_no_partial,10bp_one_way_slippage_plus_impact_cost_plus_participation_cap,5000000.0,0.05,10,True,True,False,True,True,-0.05449727741125143,-0.0009297592046234061,0.4351145038167939,0.43103448275862066,-0.07782600346134305,0.8537712292599938,0.5364093137254902,580,58,10.0,0.4517241379310345,0,318,20260407,0.024259971734751428,20260306,-0.024845666004838694,-0.07689185491903505,-0.10222159863646596,-0.11952841124859359,262,0,318,0,0,20260225,20260402,27,F3_order_lte_3pct_ref_amount_B_tail_and_past20_exit_proxy_capital_5000000,F,0.0,0.03483555323644579,0.047342300425637474,62675,0,1859.1379310344828,1361,10.0,F3_order_lte_3pct_ref_amount,B_tail_and_past20_exit_proxy,5000000,0.03
10bp_slippage_plus_impact_participation_5pct_partial_zero,10bp_one_way_slippage_plus_impact_cost_plus_participation_cap_plus_partial_zero_fill,5000000.0,0.05,10,True,True,True,True,True,-0.07868841691254624,-0.0013571395879458357,0.42931034482758623,0.4482758620689655,-0.10222969853754671,0.8560630456361353,0.5364093137254902,580,58,10.0,0.7379129144615949,318,0,20260407,0.030836532666140653,20260306,-0.033174077464426674,-0.10624861082039161,-0.13455602805995792,-0.15363487834821954,262,318,0,0,0,20260225,20260320,18,F3_order_lte_3pct_ref_amount_B_tail_and_past20_exit_proxy_capital_5000000,F,0.049999999999999996,0.05,0.05000000000000001,62675,0,1859.1379310344828,1361,10.0,F3_order_lte_3pct_ref_amount,B_tail_and_past20_exit_proxy,5000000,0.03
10bp_slippage_plus_impact_participation_10pct_no_partial,10bp_one_way_slippage_plus_impact_cost_plus_participation_cap,5000000.0,0.1,10,True,True,False,True,True,-0.09632175378294328,-0.0016778747150942171,0.42105263157894735,0.4827586206896552,-0.12119057496733654,0.8289773373456918,0.5364093137254902,580,58,10.0,0.753448275862069,0,143,20260407,0.033183058140998575,20260306,-0.04198206052038742,-0.12534546603673458,-0.15628787513148945,-0.1791890419044162,437,0,143,0,0,20260225,20260320,18,F3_order_lte_3pct_ref_amount_B_tail_and_past20_exit_proxy_capital_5000000,F,0.025832528974589507,0.07845527712473863,0.09820645029241493,62675,0,1859.1379310344828,1361,10.0,F3_order_lte_3pct_ref_amount,B_tail_and_past20_exit_proxy,5000000,0.03
10bp_slippage_plus_impact_participation_10pct_partial_zero,10bp_one_way_slippage_plus_impact_cost_plus_participation_cap_plus_partial_zero_fill,5000000.0,0.1,10,True,True,True,True,True,-0.08840298268533309,-0.0015209639192176152,0.42931034482758623,0.46551724137931033,-0.11755702569387394,0.8621283243417733,0.5364093137254902,580,58,10.0,0.8968834637527544,143,0,20260407,0.03545133337110939,20260306,-0.03787439765267305,-0.11961384573547373,-0.15396819232515446,-0.17878777374576116,437,143,0,0,0,20260225,20260320,18,F3_order_lte_3pct_ref_amount_B_tail_and_past20_exit_proxy_capital_5000000,F,0.05833032447579495,0.1,0.10000000000000002,62675,0,1859.1379310344828,1361,10.0,F3_order_lte_3pct_ref_amount,B_tail_and_past20_exit_proxy,5000000,0.03
5bp_one_way_slippage,5bp_one_way_slippage,,,5,True,False,False,False,False,-0.12860049880433122,-0.0022438573216345013,0.41379310344827586,0.4482758620689655,-0.13971581943944378,0.8255213537351244,0.5252414867292208,580,58,10.0,1.0,0,0,20260407,0.04163369701756307,20260306,-0.05229580920936081,-0.16343000068960323,-0.204672520905806,-0.23672713668183365,580,0,0,0,0,20260224,20260320,19,F4_order_lte_1pct_ref_amount_A_tail_capital_5000000,F,0.0,0.0,0.0,122607,0,825.8275862068965,530,10.0,F4_order_lte_1pct_ref_amount,A_tail,5000000,0.01
10bp_one_way_slippage,10bp_one_way_slippage,,,10,True,False,False,False,False,-0.17771590825857375,-0.0032413655838838583,0.4051724137931034,0.41379310344827586,-0.16903681840257412,0.7588109835752639,0.5252414867292208,580,58,10.0,1.0,0,0,20260407,0.04059232210182151,20260306,-0.053243277954523674,-0.20979227476851747,-0.24724477192452143,-0.2761369267972743,580,0,0,0,0,20260224,20260519,57,F4_order_lte_1pct_ref_amount_A_tail_capital_5000000,F,0.0,0.0,0.0,122607,0,825.8275862068965,530,10.0,F4_order_lte_1pct_ref_amount,A_tail,5000000,0.01
15bp_one_way_slippage,15bp_one_way_slippage,,,15,True,False,False,False,False,-0.22406305290089445,-0.004237878080461006,0.39482758620689656,0.39655172413793105,-0.2143029296701262,0.6978281326313448,0.5252414867292208,580,58,10.0,1.0,0,0,20260407,0.03955198674177305,20260306,-0.054189800886115205,-0.253585239607791,-0.28753827636236307,-0.3135119401717964,580,0,0,0,0,20260224,20260519,57,F4_order_lte_1pct_ref_amount_A_tail_capital_5000000,F,0.0,0.0,0.0,122607,0,825.8275862068965,530,10.0,F4_order_lte_1pct_ref_amount,A_tail,5000000,0.01
20bp_one_way_slippage,20bp_one_way_slippage,,,20,True,False,False,False,False,-0.2677979763607441,-0.005233396301661056,0.38448275862068965,0.39655172413793105,-0.2571032859170086,0.6420496539913905,0.5252414867292208,580,58,10.0,1.0,0,0,20260407,0.03851268938158503,20260306,-0.05513537941967063,-0.2949512980190263,-0.3256750231175073,-0.34895724931856453,580,0,0,0,0,20260224,20260519,57,F4_order_lte_1pct_ref_amount_A_tail_capital_5000000,F,0.0,0.0,0.0,122607,0,825.8275862068965,530,10.0,F4_order_lte_1pct_ref_amount,A_tail,5000000,0.01
10bp_slippage_plus_impact,10bp_one_way_slippage_plus_impact_cost,5000000.0,,10,True,True,False,False,False,-0.1964618392762495,-0.0036375103676909953,0.4,0.39655172413793105,-0.1873731558420565,0.7339148420825645,0.5252414867292208,580,58,10.0,1.0,0,0,20260407,0.04027586914638844,20260306,-0.053555456135508675,-0.2275720464581149,-0.26370432854976855,-0.29141296846668274,580,0,0,0,0,20260224,20260519,57,F4_order_lte_1pct_ref_amount_A_tail_capital_5000000,F,0.02074135679599247,0.05884553907124691,0.15522425995770478,122607,0,825.8275862068965,530,10.0,F4_order_lte_1pct_ref_amount,A_tail,5000000,0.01
10bp_slippage_plus_impact_participation_1pct_no_partial,10bp_one_way_slippage_plus_impact_cost_plus_participation_cap,5000000.0,0.01,10,True,True,False,True,True,-0.028573138195146175,-0.0004875751788743451,0.4174757281553398,0.3448275862068966,-0.031889048767911876,0.8285383990276605,0.5252414867292208,580,58,10.0,0.17758620689655172,0,477,20260417,0.016621738591309443,20260325,-0.012583271130812711,-0.04445594174395684,-0.06267396681301207,-0.07396438666092464,103,0,477,0,0,20260224,20260331,26,F4_order_lte_1pct_ref_amount_A_tail_capital_5000000,F,0.0,0.005804009077134138,0.009583409258091402,122607,0,825.8275862068965,530,10.0,F4_order_lte_1pct_ref_amount,A_tail,5000000,0.01
10bp_slippage_plus_impact_participation_1pct_partial_zero,10bp_one_way_slippage_plus_impact_cost_plus_participation_cap_plus_partial_zero_fill,5000000.0,0.01,10,True,True,True,True,True,-0.11369225752735623,-0.002029696663809917,0.4017241379310345,0.39655172413793105,-0.10652597656744833,0.7491052908744682,0.5252414867292208,580,58,10.0,0.5385366486481526,477,0,20260417,0.022940801647383657,20260306,-0.029800899159548293,-0.13356888194771466,-0.16223942116181567,-0.18169820155751726,103,477,0,0,0,20260224,20260519,57,F4_order_lte_1pct_ref_amount_A_tail_capital_5000000,F,0.01,0.01,0.010000000000000002,122607,0,825.8275862068965,530,10.0,F4_order_lte_1pct_ref_amount,A_tail,5000000,0.01
10bp_slippage_plus_impact_participation_3pct_no_partial,10bp_one_way_slippage_plus_impact_cost_plus_participation_cap,5000000.0,0.03,10,True,True,False,True,True,-0.1549451370728463,-0.002801842385872565,0.39285714285714285,0.41379310344827586,-0.1457512664170173,0.7363741064643522,0.5252414867292208,580,58,10.0,0.6758620689655173,0,188,20260407,0.03090843713654178,20260306,-0.04865242629732971,-0.18028135915311383,-0.21660455520447364,-0.24063921747838246,392,0,188,0,0,20260224,20260519,57,F4_order_lte_1pct_ref_amount_A_tail_capital_5000000,F,0.009944009915089865,0.02370274641967727,0.029311184106004782,122607,0,825.8275862068965,530,10.0,F4_order_lte_1pct_ref_amount,A_tail,5000000,0.01
10bp_slippage_plus_impact_participation_3pct_partial_zero,10bp_one_way_slippage_plus_impact_cost_plus_participation_cap_plus_partial_zero_fill,5000000.0,0.03,10,True,True,True,True,True,-0.1924774341642983,-0.0035611992390067035,0.4017241379310345,0.3793103448275862,-0.1836171346295119,0.7222079169467588,0.5252414867292208,580,58,10.0,0.8837607177422024,188,0,20260407,0.03756262323920388,20260306,-0.05346285687935809,-0.22171197405447363,-0.2577254846815443,-0.2834130084086647,392,188,0,0,0,20260224,20260519,57,F4_order_lte_1pct_ref_amount_A_tail_capital_5000000,F,0.02074135679599247,0.03,0.030000000000000006,122607,0,825.8275862068965,530,10.0,F4_order_lte_1pct_ref_amount,A_tail,5000000,0.01
10bp_slippage_plus_impact_participation_5pct_no_partial,10bp_one_way_slippage_plus_impact_cost_plus_participation_cap,5000000.0,0.05,10,True,True,False,True,True,-0.20612707386870988,-0.003854003864724048,0.38353413654618473,0.3793103448275862,-0.19628402702717085,0.7002442915595236,0.5252414867292208,580,58,10.0,0.8586206896551725,0,82,20260407,0.036074508777492756,20260306,-0.053555456135508675,-0.23376849888140427,-0.2693371243630579,-0.2947676504289215,498,0,82,0,0,20260224,20260519,57,F4_order_lte_1pct_ref_amount_A_tail_capital_5000000,F,0.01579054564660571,0.03564059048244125,0.04841483400347141,122607,0,825.8275862068965,530,10.0,F4_order_lte_1pct_ref_amount,A_tail,5000000,0.01
10bp_slippage_plus_impact_participation_5pct_partial_zero,10bp_one_way_slippage_plus_impact_cost_plus_participation_cap_plus_partial_zero_fill,5000000.0,0.05,10,True,True,True,True,True,-0.19930094853411862,-0.003700343652837011,0.4017241379310345,0.39655172413793105,-0.19036341071631568,0.7249230690599355,0.5252414867292208,580,58,10.0,0.9574971040846945,82,0,20260407,0.04024845393584924,20260306,-0.053555456135508675,-0.2302809502514681,-0.26608183016795506,-0.29254997655057213,498,82,0,0,0,20260224,20260519,57,F4_order_lte_1pct_ref_amount_A_tail_capital_5000000,F,0.02074135679599247,0.05,0.05000000000000001,122607,0,825.8275862068965,530,10.0,F4_order_lte_1pct_ref_amount,A_tail,5000000,0.01
10bp_slippage_plus_impact_participation_10pct_no_partial,10bp_one_way_slippage_plus_impact_cost_plus_participation_cap,5000000.0,0.1,10,True,True,False,True,True,-0.20377119255446285,-0.003795755007955747,0.39436619718309857,0.39655172413793105,-0.19476518397169762,0.7215357723571276,0.5252414867292208,580,58,10.0,0.9793103448275862,0,12,20260407,0.04027586914638844,20260306,-0.053555456135508675,-0.23459840696017242,-0.27012850793637955,-0.29570642382682266,568,0,12,0,0,20260224,20260519,57,F4_order_lte_1pct_ref_amount_A_tail_capital_5000000,F,0.019880868109504922,0.054062084015924994,0.09550971863512876,122607,0,825.8275862068965,530,10.0,F4_order_lte_1pct_ref_amount,A_tail,5000000,0.01
10bp_slippage_plus_impact_participation_10pct_partial_zero,10bp_one_way_slippage_plus_impact_cost_plus_participation_cap_plus_partial_zero_fill,5000000.0,0.1,10,True,True,True,True,True,-0.20075800677559041,-0.0037297709054566345,0.4017241379310345,0.39655172413793105,-0.19171791656109793,0.7269035122532812,0.5252414867292208,580,58,10.0,0.9920403211019209,12,0,20260407,0.04027586914638844,20260306,-0.053555456135508675,-0.23170188127093827,-0.26750038963268197,-0.2948724882267151,568,12,0,0,0,20260224,20260519,57,F4_order_lte_1pct_ref_amount_A_tail_capital_5000000,F,0.02074135679599247,0.05884553907124691,0.1,122607,0,825.8275862068965,530,10.0,F4_order_lte_1pct_ref_amount,A_tail,5000000,0.01
5bp_one_way_slippage,5bp_one_way_slippage,,,5,True,False,False,False,False,-0.12860049880433122,-0.0022438573216345013,0.41379310344827586,0.4482758620689655,-0.13971581943944378,0.8255213537351244,0.5252414867292208,580,58,10.0,1.0,0,0,20260407,0.04163369701756307,20260306,-0.05229580920936081,-0.16343000068960323,-0.204672520905806,-0.23672713668183365,580,0,0,0,0,20260224,20260320,19,F4_order_lte_1pct_ref_amount_B_tail_and_past20_exit_proxy_capital_5000000,F,0.0,0.0,0.0,122668,0,824.7758620689655,528,10.0,F4_order_lte_1pct_ref_amount,B_tail_and_past20_exit_proxy,5000000,0.01
10bp_one_way_slippage,10bp_one_way_slippage,,,10,True,False,False,False,False,-0.17771590825857375,-0.0032413655838838583,0.4051724137931034,0.41379310344827586,-0.16903681840257412,0.7588109835752639,0.5252414867292208,580,58,10.0,1.0,0,0,20260407,0.04059232210182151,20260306,-0.053243277954523674,-0.20979227476851747,-0.24724477192452143,-0.2761369267972743,580,0,0,0,0,20260224,20260519,57,F4_order_lte_1pct_ref_amount_B_tail_and_past20_exit_proxy_capital_5000000,F,0.0,0.0,0.0,122668,0,824.7758620689655,528,10.0,F4_order_lte_1pct_ref_amount,B_tail_and_past20_exit_proxy,5000000,0.01
15bp_one_way_slippage,15bp_one_way_slippage,,,15,True,False,False,False,False,-0.22406305290089445,-0.004237878080461006,0.39482758620689656,0.39655172413793105,-0.2143029296701262,0.6978281326313448,0.5252414867292208,580,58,10.0,1.0,0,0,20260407,0.03955198674177305,20260306,-0.054189800886115205,-0.253585239607791,-0.28753827636236307,-0.3135119401717964,580,0,0,0,0,20260224,20260519,57,F4_order_lte_1pct_ref_amount_B_tail_and_past20_exit_proxy_capital_5000000,F,0.0,0.0,0.0,122668,0,824.7758620689655,528,10.0,F4_order_lte_1pct_ref_amount,B_tail_and_past20_exit_proxy,5000000,0.01
20bp_one_way_slippage,20bp_one_way_slippage,,,20,True,False,False,False,False,-0.2677979763607441,-0.005233396301661056,0.38448275862068965,0.39655172413793105,-0.2571032859170086,0.6420496539913905,0.5252414867292208,580,58,10.0,1.0,0,0,20260407,0.03851268938158503,20260306,-0.05513537941967063,-0.2949512980190263,-0.3256750231175073,-0.34895724931856453,580,0,0,0,0,20260224,20260519,57,F4_order_lte_1pct_ref_amount_B_tail_and_past20_exit_proxy_capital_5000000,F,0.0,0.0,0.0,122668,0,824.7758620689655,528,10.0,F4_order_lte_1pct_ref_amount,B_tail_and_past20_exit_proxy,5000000,0.01
10bp_slippage_plus_impact,10bp_one_way_slippage_plus_impact_cost,5000000.0,,10,True,True,False,False,False,-0.1964618392762495,-0.0036375103676909953,0.4,0.39655172413793105,-0.1873731558420565,0.7339148420825645,0.5252414867292208,580,58,10.0,1.0,0,0,20260407,0.04027586914638844,20260306,-0.053555456135508675,-0.2275720464581149,-0.26370432854976855,-0.29141296846668274,580,0,0,0,0,20260224,20260519,57,F4_order_lte_1pct_ref_amount_B_tail_and_past20_exit_proxy_capital_5000000,F,0.02074135679599247,0.05884553907124691,0.15522425995770478,122668,0,824.7758620689655,528,10.0,F4_order_lte_1pct_ref_amount,B_tail_and_past20_exit_proxy,5000000,0.01
10bp_slippage_plus_impact_participation_1pct_no_partial,10bp_one_way_slippage_plus_impact_cost_plus_participation_cap,5000000.0,0.01,10,True,True,False,True,True,-0.028573138195146175,-0.0004875751788743451,0.4174757281553398,0.3448275862068966,-0.031889048767911876,0.8285383990276605,0.5252414867292208,580,58,10.0,0.17758620689655172,0,477,20260417,0.016621738591309443,20260325,-0.012583271130812711,-0.04445594174395684,-0.06267396681301207,-0.07396438666092464,103,0,477,0,0,20260224,20260331,26,F4_order_lte_1pct_ref_amount_B_tail_and_past20_exit_proxy_capital_5000000,F,0.0,0.005804009077134138,0.009583409258091402,122668,0,824.7758620689655,528,10.0,F4_order_lte_1pct_ref_amount,B_tail_and_past20_exit_proxy,5000000,0.01
10bp_slippage_plus_impact_participation_1pct_partial_zero,10bp_one_way_slippage_plus_impact_cost_plus_participation_cap_plus_partial_zero_fill,5000000.0,0.01,10,True,True,True,True,True,-0.11369225752735623,-0.002029696663809917,0.4017241379310345,0.39655172413793105,-0.10652597656744833,0.7491052908744682,0.5252414867292208,580,58,10.0,0.5385366486481526,477,0,20260417,0.022940801647383657,20260306,-0.029800899159548293,-0.13356888194771466,-0.16223942116181567,-0.18169820155751726,103,477,0,0,0,20260224,20260519,57,F4_order_lte_1pct_ref_amount_B_tail_and_past20_exit_proxy_capital_5000000,F,0.01,0.01,0.010000000000000002,122668,0,824.7758620689655,528,10.0,F4_order_lte_1pct_ref_amount,B_tail_and_past20_exit_proxy,5000000,0.01
10bp_slippage_plus_impact_participation_3pct_no_partial,10bp_one_way_slippage_plus_impact_cost_plus_participation_cap,5000000.0,0.03,10,True,True,False,True,True,-0.1549451370728463,-0.002801842385872565,0.39285714285714285,0.41379310344827586,-0.1457512664170173,0.7363741064643522,0.5252414867292208,580,58,10.0,0.6758620689655173,0,188,20260407,0.03090843713654178,20260306,-0.04865242629732971,-0.18028135915311383,-0.21660455520447364,-0.24063921747838246,392,0,188,0,0,20260224,20260519,57,F4_order_lte_1pct_ref_amount_B_tail_and_past20_exit_proxy_capital_5000000,F,0.009944009915089865,0.02370274641967727,0.029311184106004782,122668,0,824.7758620689655,528,10.0,F4_order_lte_1pct_ref_amount,B_tail_and_past20_exit_proxy,5000000,0.01
10bp_slippage_plus_impact_participation_3pct_partial_zero,10bp_one_way_slippage_plus_impact_cost_plus_participation_cap_plus_partial_zero_fill,5000000.0,0.03,10,True,True,True,True,True,-0.1924774341642983,-0.0035611992390067035,0.4017241379310345,0.3793103448275862,-0.1836171346295119,0.7222079169467588,0.5252414867292208,580,58,10.0,0.8837607177422024,188,0,20260407,0.03756262323920388,20260306,-0.05346285687935809,-0.22171197405447363,-0.2577254846815443,-0.2834130084086647,392,188,0,0,0,20260224,20260519,57,F4_order_lte_1pct_ref_amount_B_tail_and_past20_exit_proxy_capital_5000000,F,0.02074135679599247,0.03,0.030000000000000006,122668,0,824.7758620689655,528,10.0,F4_order_lte_1pct_ref_amount,B_tail_and_past20_exit_proxy,5000000,0.01
10bp_slippage_plus_impact_participation_5pct_no_partial,10bp_one_way_slippage_plus_impact_cost_plus_participation_cap,5000000.0,0.05,10,True,True,False,True,True,-0.20612707386870988,-0.003854003864724048,0.38353413654618473,0.3793103448275862,-0.19628402702717085,0.7002442915595236,0.5252414867292208,580,58,10.0,0.8586206896551725,0,82,20260407,0.036074508777492756,20260306,-0.053555456135508675,-0.23376849888140427,-0.2693371243630579,-0.2947676504289215,498,0,82,0,0,20260224,20260519,57,F4_order_lte_1pct_ref_amount_B_tail_and_past20_exit_proxy_capital_5000000,F,0.01579054564660571,0.03564059048244125,0.04841483400347141,122668,0,824.7758620689655,528,10.0,F4_order_lte_1pct_ref_amount,B_tail_and_past20_exit_proxy,5000000,0.01
10bp_slippage_plus_impact_participation_5pct_partial_zero,10bp_one_way_slippage_plus_impact_cost_plus_participation_cap_plus_partial_zero_fill,5000000.0,0.05,10,True,True,True,True,True,-0.19930094853411862,-0.003700343652837011,0.4017241379310345,0.39655172413793105,-0.19036341071631568,0.7249230690599355,0.5252414867292208,580,58,10.0,0.9574971040846945,82,0,20260407,0.04024845393584924,20260306,-0.053555456135508675,-0.2302809502514681,-0.26608183016795506,-0.29254997655057213,498,82,0,0,0,20260224,20260519,57,F4_order_lte_1pct_ref_amount_B_tail_and_past20_exit_proxy_capital_5000000,F,0.02074135679599247,0.05,0.05000000000000001,122668,0,824.7758620689655,528,10.0,F4_order_lte_1pct_ref_amount,B_tail_and_past20_exit_proxy,5000000,0.01
10bp_slippage_plus_impact_participation_10pct_no_partial,10bp_one_way_slippage_plus_impact_cost_plus_participation_cap,5000000.0,0.1,10,True,True,False,True,True,-0.20377119255446285,-0.003795755007955747,0.39436619718309857,0.39655172413793105,-0.19476518397169762,0.7215357723571276,0.5252414867292208,580,58,10.0,0.9793103448275862,0,12,20260407,0.04027586914638844,20260306,-0.053555456135508675,-0.23459840696017242,-0.27012850793637955,-0.29570642382682266,568,0,12,0,0,20260224,20260519,57,F4_order_lte_1pct_ref_amount_B_tail_and_past20_exit_proxy_capital_5000000,F,0.019880868109504922,0.054062084015924994,0.09550971863512876,122668,0,824.7758620689655,528,10.0,F4_order_lte_1pct_ref_amount,B_tail_and_past20_exit_proxy,5000000,0.01
10bp_slippage_plus_impact_participation_10pct_partial_zero,10bp_one_way_slippage_plus_impact_cost_plus_participation_cap_plus_partial_zero_fill,5000000.0,0.1,10,True,True,True,True,True,-0.20075800677559041,-0.0037297709054566345,0.4017241379310345,0.39655172413793105,-0.19171791656109793,0.7269035122532812,0.5252414867292208,580,58,10.0,0.9920403211019209,12,0,20260407,0.04027586914638844,20260306,-0.053555456135508675,-0.23170188127093827,-0.26750038963268197,-0.2948724882267151,568,12,0,0,0,20260224,20260519,57,F4_order_lte_1pct_ref_amount_B_tail_and_past20_exit_proxy_capital_5000000,F,0.02074135679599247,0.05884553907124691,0.1,122668,0,824.7758620689655,528,10.0,F4_order_lte_1pct_ref_amount,B_tail_and_past20_exit_proxy,5000000,0.01
