dimension_type,dimension_value,trade_count,cumulative_return_5bp,cumulative_return_10bp,cumulative_return_10bp_impact,mean_trade_return_5bp,mean_trade_return_10bp,mean_trade_return_10bp_impact,decay_5bp_to_10bp_sum,decay_10bp_to_impact_sum,decay_5bp_to_10bp_contribution,decay_10bp_to_impact_contribution,avg_participation
stock,301001.SZ,7,0.022080888170283197,0.014949516743137492,0.012836919495045507,0.003220461253284964,0.002217490030004408,0.0019196673856902555,0.0070207985629638925,0.0020847585101990695,0.012095342597709271,0.019580576218103024,0.014827550359197287
stock,001270.SZ,9,0.3062657273496743,0.2945591492595394,0.292291247529495,0.030388161382795802,0.029358029208871872,0.029157659579898416,0.009271189565315363,0.0018033266607611065,0.01597228763581795,0.01693729751164242,0.013805643271149571
stock,002836.SZ,6,-0.05686100226262336,-0.06250430915838445,-0.06399125890964563,-0.009692885941090893,-0.010682947025341727,-0.010944627433365125,0.0059403665055050014,0.0015700824481403863,0.010233987970979125,0.014746609208748606,0.012094633403735474
stock,301043.SZ,6,0.007259523457801231,0.0012325490370779235,-0.00028460776989425174,0.0013416501960037037,0.00034055731701271297,8.752356237932506e-05,0.006006557273945945,0.0015182025278003275,0.010348020586203578,0.014259339949773074,0.0128625855205387
stock,605167.SH,6,0.034603623942878636,0.028413035090776306,0.02692152670745296,0.005767639703181042,0.0047621219342662835,0.004518566233726022,0.006033106613488548,0.001461334203241571,0.0103937594511818,0.013725218343855166,0.01145542852109027
stock,603268.SH,4,0.11109639230333723,0.10665976971422908,0.1051050787977792,0.026916641872189506,0.025889980355319114,0.025528156164759314,0.0041066460674815675,0.001447296762239203,0.00707487768923481,0.013593375167722625,0.053010704971913694
stock,688291.SH,6,-0.10274788283020875,-0.10811662388768584,-0.10939525711949305,-0.017747452199847042,-0.018729460718898545,-0.01896481199938462,0.005892051114309016,0.0014121076829164414,0.010150750828648825,0.013262870485116285,0.010125558241222672
stock,688478.SH,5,0.026192929143627364,0.021073485805792602,0.01968209875529392,0.005269003625931701,0.004263984369214024,0.00399010745175612,0.005025096283588382,0.0013693845872895238,0.00865717205690889,0.012861604426671808,0.01064427160899446
stock,688651.SH,5,-0.006139087422947775,-0.011097233677056395,-0.012405428140112251,-0.0010064566042359059,-0.0020052019597853743,-0.002268955347858248,0.004993726777747343,0.0013187669403643687,0.0086031290706495,0.012386190757054799,0.011289247106881475
stock,688500.SH,6,0.15528440978806302,0.14837172301340673,0.14692280584511241,0.02535406199024372,0.02432896266505132,0.02411383998994643,0.006150595951154414,0.0012907360506293486,0.010596168589957414,0.012122917591250384,0.00834193717616143
stock,688767.SH,3,-0.03258749451410248,-0.03548611117584832,-0.036663943635110385,-0.010824803183083579,-0.011813732631303586,-0.01221877547642225,0.0029667883446600207,0.0012151285353559915,0.0051111452809443425,0.011412792793472251,0.028674265214009245
stock,688448.SH,4,-0.031708285287900706,-0.03557468691074517,-0.03658091454122958,-0.007932714491021176,-0.008924535309428855,-0.009183605869984818,0.003967283273630717,0.0010362822422238516,0.006834785237944147,0.009733023430801718,0.010985996110879174
stock,002910.SZ,4,-0.019879734310191077,-0.023793367493525897,-0.024807230313112827,-0.004926048031717756,-0.005920874769614781,-0.006179200185289946,0.003979306951588102,0.0010333016627006586,0.00685549947762427,0.009705029078341958,0.00980159006459412
stock,301067.SZ,4,-0.0020821747231490884,-0.006066873797294314,-0.007068075029144527,-0.00037361450099465676,-0.001372992541425505,-0.0016253480393054465,0.003997512161723393,0.0010094219915197655,0.006886863182432898,0.009480745201176699,0.008425607595312155
stock,301161.SZ,4,-0.010063270494571785,-0.014016100947748855,-0.01500485236224014,-0.0024439689583136137,-0.003441277158641648,-0.0036911578949813395,0.003989232801312137,0.0009995229453587662,0.00687259960546712,0.009387770870148086,0.007981982844097964
stock,301010.SZ,4,-0.014944148598727058,-0.0188774896410826,-0.019848914695798747,-0.003707268405620856,-0.0047033136203529224,-0.00495005723160491,0.003984180858928266,0.0009869744450079487,0.006863896183289598,0.009269912199064588,0.008401762751116315
stock,688399.SH,4,0.06949637368621242,0.06522586052161716,0.06418942555466045,0.01699253496215658,0.01597579508667213,0.015729166522877813,0.004066959501937806,0.000986514255177262,0.007006506178149098,0.009265589980442876,0.012502055361780074
stock,002098.SZ,3,0.033152896400746146,0.03005730462096623,0.029067406504867943,0.010983446475784309,0.009972714195900881,0.009648911965132992,0.0030321968396502808,0.0009714066923036668,0.005223830205403101,0.009123695950573696,0.015916928785282034
stock,301321.SZ,4,-0.026575331129987334,-0.03046222870666937,-0.03132247599394,-0.006513521947423301,-0.007506761605793361,-0.007728501466479409,0.003972958633480239,0.0008869594427441951,0.006844562675813875,0.008330546145299362,0.009694403832808491
stock,002295.SZ,3,-0.054361553756657854,-0.05719492973714668,-0.05803943518655219,-0.018332601422486716,-0.019314024937688818,-0.019608246374805183,0.002944270545606309,0.0008826643113490906,0.005072351902718428,0.008290205191065492,0.017465709137883017
stock,002513.SZ,4,-0.02142089371024891,-0.025328373023717266,-0.026164264287465655,-0.00528665803240802,-0.006281124249893577,-0.006494123384902656,0.003977864869942227,0.000851996540036315,0.006853015077679691,0.008002165770340538,0.007032085280106664
stock,605288.SH,5,-0.047355320454222305,-0.05210784828745696,-0.05288856850841117,-0.009464655019975999,-0.010454944278446666,-0.010618489357032291,0.004951446292353334,0.0008177253929281258,0.008530288787389458,0.007680282537941769,0.004277506751781762
stock,301126.SZ,3,0.021655979220516874,0.01859483516134075,0.017798590244449963,0.007317591747015961,0.0063105244111240815,0.006048734655238179,0.0030212020076756385,0.0007853692676577095,0.0052048884485153485,0.007376385672247057,0.01196926814781222
stock,688607.SH,3,-0.005618347222497877,-0.00859777038534748,-0.009330153724893653,-0.0018325605821147468,-0.0028304800389219085,-0.0030759732710869216,0.0029937583704214843,0.0007364796964950404,0.0051576088987975565,0.006917202524780445,0.007499027264716619
stock,603536.SH,3,9.784307381455193e-05,-0.002898707265230005,-0.0036269937967084998,0.00020748879902606396,-0.0007924702003366813,-0.0010362829733580787,0.0029998769980882356,0.0007314383190641927,0.005168149992833152,0.0068698526401074645,0.008901215392124089
stock,600697.SH,2,-0.0024470408970330704,-0.004440654097977559,-0.00516432167261649,-0.0012132773952522324,-0.0022118159813930283,-0.002574608523259747,0.0019970771722815917,0.0007255850837334377,0.0034405391888373627,0.006814877581866595,0.0231306698532118
stock,003016.SZ,2,0.027617979134504145,0.02556428088216056,0.024876157963195533,0.01385211244722273,0.012838512214053355,0.012497451484608624,0.002027200466338752,0.000682121458889462,0.0034924352172628075,0.006406656286781805,0.015341462445785542
stock,301567.SZ,3,0.02701278302561083,0.023935588604593327,0.02325059405067531,0.008962226179942726,0.007953514618207516,0.007728974308216803,0.003026134685205628,0.0006736209299721407,0.005213386402717307,0.006326817181415158,0.0066444135490938
stock,603726.SH,3,0.02636823197926641,0.02329296879894671,0.022626896666620988,0.008801992652504106,0.0077934412844881855,0.007575265566216349,0.003025654104047759,0.0006545271548155096,0.005212558463602077,0.006147483643301893,0.006414833986596762
stock,605398.SH,3,0.004519713121678315,0.0015099137227714277,0.000867248187330194,0.0015699750666458383,0.000568653919508666,0.0003547565640041143,0.003003963441411517,0.000641692066513655,0.0051751900654912605,0.006026933266109022,0.00729136926325952
stock,003033.SZ,3,0.05709074634329947,0.053923430608850964,0.05327178782992137,0.01875417847189202,0.017735677390556814,0.01752643188236669,0.0030555032440056085,0.000627736524570377,0.00526398218282708,0.005895859306536027,0.007440014671760545
stock,603130.SH,2,0.003386447325653519,0.0013811758773729643,0.0007532560265497423,0.0017156130044277407,0.0007141462555347311,0.0004004720026744013,0.002002933497786019,0.0006273485057206596,0.003450628392039035,0.005892214935917664,0.023286085100989867
stock,301398.SZ,3,-0.05203707126186019,-0.05487741198970442,-0.05546163132348525,-0.017626755041086684,-0.01860888422731118,-0.018811248678969477,0.002946387558673491,0.0006070933549748858,0.0050759990659437725,0.0057019734661999475,0.006667297018406677
stock,301077.SZ,2,0.05770485597298425,0.05559102898833301,0.0549755496594051,0.028482591319742068,0.02745436424246528,0.027155317671887613,0.0020564541545535775,0.0005980931411553314,0.0035428330997873715,0.005617441194567113,0.017012650528924318
stock,605086.SH,2,0.05783701386206053,0.05572292275938984,0.055109884279938015,0.02881221052217331,0.027783653907584194,0.02748817512601287,0.0020571132291782313,0.0005909575631426467,0.0035439685451802497,0.005550422051364646,0.023909364605686496
stock,301181.SZ,2,0.01775246056118651,0.015718478583435003,0.015135322267318951,0.009176762911781267,0.008167836866613265,0.007875438091469122,0.002017852090336003,0.0005847975502882852,0.003476329953812873,0.00549256566147141,0.018876013611209153
stock,603879.SH,2,-0.003543887008851554,-0.005535308158869601,-0.006114994008301622,-0.0017657302500588279,-0.0027637165205949277,-0.0030546199377390337,0.0019959725410721996,0.0005818068342882121,0.0034386361442190192,0.005464476104671597,0.015638504460523776
stock,688648.SH,2,-0.008902489529866497,-0.010883201493342431,-0.011456403481016397,-0.0042829104579952815,-0.005278380173686259,-0.005567227673431818,0.001990939431381955,0.0005776949994911185,0.0034299651667668964,0.005425856718183014,0.01622826711852663
stock,002238.SZ,2,-0.004036268008523081,-0.006026705133329924,-0.006593844915506519,-0.0018468466138865658,-0.002844751788210975,-0.0031306680893443684,0.001995810348648819,0.0005718326022667863,0.0034383567211719187,0.0053707956091335685,0.015486089093693783
stock,688039.SH,3,0.02475493407026841,0.021684504745385746,0.021102712808902302,0.008475834600498463,0.007467609309504557,0.007277026608698371,0.003024675872981719,0.0005717481024185567,0.0052108731795453755,0.005370001965308356,0.005682560464665446
stock,002374.SZ,3,0.0009255233634608562,-0.0020735069185907617,-0.0026400776950822324,0.00043396202769493036,-0.0005662233886319182,-0.0007556327472943621,0.003000556248980546,0.0005682280759873315,0.005169320197643704,0.005336940991824304,0.005103384300846822
stock,688682.SH,2,-0.03563243586880349,-0.03755972793773088,-0.03811240831514162,-0.017783895098536784,-0.018765867183743346,-0.019049002134476634,0.0019639441704131233,0.0005662699014665762,0.0033834580740189244,0.005318549324269325,0.012938299801963937
stock,301380.SZ,2,0.04592975978157843,0.04383946536930372,0.0432673306636262,0.02271286412638951,0.021690405342887242,0.021410407236263973,0.002044917567004534,0.0005599962132465386,0.0035229580132765228,0.005259625266753746,0.009044904500509795
stock,002679.SZ,2,0.008951785658894762,0.006935391861803364,0.006375837013457453,0.004613854566766662,0.003609490296344442,0.0033309847990244945,0.00200872854084444,0.0005570109946398949,0.0034606120186210353,0.005231587342855546,0.010940541858716964
stock,001288.SZ,3,-0.04408925984233991,-0.0469534142571838,-0.047483667934998586,-0.014901838272751785,-0.015886691698772066,-0.016069229228142246,0.002954560278060847,0.0005476125881105354,0.0050900789231079525,0.005143315145151809,0.005586824532841372
stock,301159.SZ,2,0.0238880261215777,0.021841782193836146,0.021290838867501716,0.011875240930992015,0.01086361707820882,0.010591182762277551,0.002023247705566389,0.0005448686318625384,0.003485625451205606,0.005117543218000441,0.015574395741569507
stock,688109.SH,3,-0.01584853109538875,-0.018797301996397064,-0.019332620148931556,-0.005115098714787029,-0.006109736448968395,-0.006290673483172693,0.0029839132025440973,0.0005428111026128946,0.005140647768615424,0.005098218385845286,0.006389243478346498
stock,600272.SH,2,0.010073419243828763,0.008054783857955883,0.007511818015058402,0.0050357169542566416,0.0040309309262533954,0.0037606164000735798,0.0020095720560064922,0.0005406290523596313,0.0034620652158292853,0.005077724021108686,0.011658765569871717
stock,300909.SZ,3,-0.03997929773337128,-0.04285576665167756,-0.043378240460258954,-0.013434742833969985,-0.014421062990946995,-0.014600858876274788,0.002958960470931027,0.000539387655983381,0.00509765951950073,0.005066064514147505,0.006379354112339302
stock,002574.SZ,2,-0.006524681334945437,-0.008510145356709131,-0.009039791946339526,-0.0032647887614784543,-0.004261276345925991,-0.004527338708427531,0.0019929751688950725,0.0005321247250030803,0.003433472309499926,0.004997849239845533,0.009557855685305193
stock,600778.SH,2,-0.011576121041269927,-0.013551489742489209,-0.014064384309094735,-0.005804907313491092,-0.00679885541044839,-0.007057090414682332,0.0019878961939145956,0.0005164700084678842,0.003424722315908296,0.004850816205184394,0.007849120484422979
stock,603344.SH,2,0.04514121652534686,0.043052498019625185,0.04252854637121617,0.022372986652948512,0.021350867662481288,0.021094651798800212,0.002044237980934449,0.0005124317273621504,0.003521787231025958,0.004812887653462882,0.009199137314840098
stock,002677.SZ,2,-0.009662083421975165,-0.011641277334307198,-0.01214803536043485,-0.0048336926675533465,-0.005828611737869971,-0.006083848400850356,0.001989838140633249,0.0005104733259607697,0.003428067877051798,0.004794493854988011,0.011521722341380236
stock,300978.SZ,2,-0.006697540565037685,-0.008682659127004055,-0.009183292902338769,-0.0033285069660376476,-0.004324930848110642,-0.004576813296469029,0.0019928477641459885,0.000503764896716774,0.0034332528182162885,0.004731486600443567,0.0122493374887456
stock,300542.SZ,2,0.0016255504141398092,-0.00037620187528697446,-0.0008625883114000699,0.0008618801549713506,-0.00013873307317185946,-0.00038246083184334534,0.00200122645628642,0.00048745551734297177,0.003447687522623542,0.004578304807762842,0.00802609712152193
stock,603777.SH,1,-0.000280294835458883,-0.0012797661723711329,-0.0017639972455888442,-0.000280294835458883,-0.0012797661723711329,-0.0017639972455888442,0.0009994713369122499,0.0004842310732177113,0.0017218765256014855,0.00454802001763161,0.06019744762822056
stock,002983.SZ,2,-0.03619723881744252,-0.03812340212563181,-0.03858571722574988,-0.018258510877507572,-0.01924000846484769,-0.019475713911691506,0.0019629951746802377,0.00047141089368762934,0.0033818231562228827,0.004427609667372595,0.007807781288722518
stock,300155.SZ,1,0.009722113987862713,0.00871264272710448,0.008243020835174697,0.009722113987862713,0.00871264272710448,0.008243020835174697,0.0010094712607582323,0.00046962189192978343,0.00173910426740086,0.004410806912951663,0.04380982444273205
stock,300946.SZ,2,0.008783379672386848,0.006767322435269119,0.006298130757508957,0.00438459198343133,0.0033804569186349775,0.003146762844948303,0.002008270129592704,0.00046738814737334877,0.003459822273538526,0.004389827022319215,0.011017026268790297
stock,688118.SH,2,0.028468821384762366,0.026413422721100588,0.02594110437067143,0.014142592708593749,0.01312870206732919,0.01289567682998427,0.0020277812825291175,0.0004660504746898386,0.0034934358400190027,0.00437726326406798,0.0076314771011456025
stock,600981.SH,1,-0.00557874427490157,-0.006572918478709888,-0.007033141719693714,-0.00557874427490157,-0.006572918478709888,-0.007033141719693714,0.0009941742038083179,0.00046022324098382583,0.0017127506919654503,0.004322532419625769,0.03681744436812336
stock,300837.SZ,2,-0.022269393292820294,-0.024223391450724052,-0.024672139095315626,-0.011196572342462185,-0.012185130113884335,-0.012412363450326758,0.001977115542844299,0.00045446667288484566,0.0034061495471623777,0.004268465284336311,0.010386539569580834
stock,688376.SH,2,0.007835009847904306,0.00582084793131421,0.005368343071749271,0.003913003809219995,0.002909340215437206,0.0026835677836607452,0.0020073271875655774,0.0004515448635529218,0.0034581977849898814,0.0042410229162929075,0.007383770324746809
stock,603315.SH,2,0.020086756132953187,0.018048109057049233,0.017593637520458394,0.01020682129622369,0.00919686544857684,0.008972394140608131,0.002019911695293697,0.0004489426159374199,0.003479878215076294,0.004216581952255857,0.007037968316244085
stock,002647.SZ,1,0.04575473355230808,0.04470923862385323,0.044262044535486655,0.04575473355230808,0.04470923862385323,0.044262044535486655,0.0010454949284548487,0.0004471940883665759,0.0018011653845955776,0.004200159341577992,0.07335949822103217
stock,688560.SH,2,0.03957771043105196,0.037500110612405324,0.037062007795056084,0.019609373685463338,0.018590017621377353,0.018375052112883483,0.002038712128171971,0.00042993101698773906,0.0035122673620669983,0.004038020233744543,0.008502398317752001
stock,300546.SZ,2,0.0005231579415754251,-0.00147639121250287,-0.0018982212067255588,0.000261836712595942,-0.0007381766211783103,-0.0009492938193373379,0.0020000266675485046,0.00042223439631805526,0.003445620541823592,0.00396573163681243,0.006122302728831901
stock,301286.SZ,3,0.03245042191569092,0.029356934930128142,0.02892782834381835,0.010779486226325,0.009768957856019575,0.009628482086989298,0.0030315851109162795,0.000421427307090827,0.00522277632690933,0.003958151251817602,0.0026503448925976544
stock,301019.SZ,2,0.005193489917942218,0.0031846070884977706,0.002769583658601027,0.0028443057328691457,0.001841710571657773,0.0016338436682908353,0.002005190322422745,0.0004157338067338756,0.0034545164208607346,0.003904676464622016,0.005897036500075684
stock,002853.SZ,1,-0.0020534761127395385,-0.0030511747088998176,-0.003461458148541263,-0.0020534761127395385,-0.0030511747088998176,-0.003461458148541263,0.0009976985961602791,0.00041028343964144565,0.0017188224703484098,0.0038534852461917456,0.04449796477008106
stock,605339.SH,1,0.01982219102953242,0.018802622200974506,0.01839717585744083,0.01982219102953242,0.018802622200974506,0.01839717585744083,0.0010195688285579152,0.0004054463435336775,0.0017565002289635573,0.00380805402307929,0.02239349380827578
stock,301189.SZ,2,-0.008419222907694812,-0.01040090068126498,-0.010796510501559609,-0.0039753589981252335,-0.004971136188868686,-0.005172875779915154,0.001991554381486904,0.0004034791820929362,0.003431024594997624,0.0037895779481117056,0.007568148459141136
stock,301595.SZ,2,0.017040605956341492,0.015008046622595472,0.014602078535014273,0.00878389527634077,0.007775362001205044,0.007575012349429533,0.0020170665502714513,0.000400699303551022,0.0034749766353662933,0.003763468629741866,0.0055363153688733615
stock,688292.SH,2,0.007987172997588221,0.005972706982393161,0.005569246789873139,0.004239589770045349,0.0032355996714382718,0.0030352681041491136,0.002007980197214154,0.00040066313457831626,0.0034593227817190015,0.003763128921654176,0.005516854188845356
stock,301209.SZ,2,-0.036101502466134416,-0.03802785710376877,-0.038419709643770616,-0.01820869017984189,-0.019190237575502422,-0.019390313249896707,0.001963094791321063,0.00040015134878856884,0.0033819947745065302,0.0037583221008092357,0.006199365295138384
stock,000955.SZ,2,-0.03187156058867102,-0.03380636878046406,-0.03419702671293667,-0.015972293080215194,-0.016956076317369506,-0.01715519412874178,0.001967566474308624,0.00039823562274454716,0.0033896985331655837,0.0037403291200229912,0.005285704044748633
stock,002357.SZ,2,-0.01125101297023523,-0.013227031401111478,-0.013619899937198587,-0.005570610293354872,-0.006564792629123961,-0.006763169385023415,0.0019883646715381786,0.0003967535117989085,0.003425529403208377,0.0037264087612894556,0.006632486739164552
stock,002718.SZ,3,-0.041639340671764224,-0.044510835674503424,-0.04489464728874892,-0.014061154863791595,-0.015046848764363204,-0.015178768417570229,0.0029570817017148254,0.0003957589596210731,0.005094422799756076,0.003717067677117972,0.003343030954281737
stock,601089.SH,2,-0.011058062559126447,-0.01303446660209795,-0.013427372489805633,-0.005540675659236827,-0.006534887922203081,-0.006732691321814421,0.0019884245259325084,0.00039560679922268083,0.003425632519598757,0.003715638548389862,0.0067039747673361925
stock,300350.SZ,2,-0.0014979809732196259,-0.003493490873858085,-0.0038853796994064993,-0.0007492584471787134,-0.0017482609369875446,-0.0019445705078973696,0.0019980049796176624,0.0003926191418196501,0.003442137603532472,0.0036875777187026686,0.00587475303232312
stock,600173.SH,2,0.05193160616061432,0.04982931703661864,0.04943112364130009,0.025637495506834473,0.024612112818541143,0.024417803959502438,0.0020507653765866607,0.00038861771807741086,0.0035330325453554108,0.003649995340608258,0.006034332958107478
stock,301046.SZ,1,0.0076182178725132665,0.0066108499851831315,0.006230268318633714,0.0076182178725132665,0.0066108499851831315,0.006230268318633714,0.001007367887330135,0.0003805816665494177,0.0017354806023725023,0.0035745187236923505,0.028297448289672775
stock,300687.SZ,2,-0.02002248857352984,-0.02198097717865133,-0.022352249783105016,-0.009960704487206984,-0.010950497819448068,-0.011139274481766437,0.001979586664482169,0.00037755332463673685,0.003410406764136003,0.003546075774858885,0.00838908033590989
stock,301082.SZ,2,-0.014562657917844501,-0.016532058014301354,-0.016900891773184545,-0.007291055043545935,-0.008283517361988513,-0.008469539708839402,0.0019849246368851547,0.0003720446937017785,0.003419602955197775,0.003494337327766971,0.005019364858392081
stock,605179.SH,2,0.05025134697572042,0.048152415855789554,0.0477742826541494,0.02485464664078374,0.02383004660686705,0.02364556347876634,0.002049200067833379,0.00036896625620141954,0.0035303358513152183,0.003465423868575628,0.005296042058773697
stock,001216.SZ,2,-0.006202575349548267,-0.008188683101290506,-0.008554491337689152,-0.0029257838932634783,-0.003922610398357784,-0.004106222157121531,0.001993653010188612,0.00036722351752749294,0.003434640085871617,0.0034490556286734452,0.00528480670381022
stock,688716.SH,2,-0.05915082646438641,-0.06103111694454777,-0.06137983895252219,-0.03001933895690495,-0.0309890786380011,-0.03116906988775553,0.0019394793621922979,0.00035998249950885963,0.0033413104131275947,0.003381046166418286,0.00603081290536242
stock,600191.SH,2,-0.03893550826644976,-0.04085619913323024,-0.04120322448273228,-0.019533848097455175,-0.020514070664417627,-0.020691886197996834,0.001960445133924904,0.00035563106715841286,0.0033774299783959913,0.0033401764194528655,0.0066228517190529005
stock,300402.SZ,1,0.0019319525196372922,0.0009302694849762094,0.0005775815080484303,0.0019319525196372922,0.0009302694849762094,0.0005775815080484303,0.0010016830346610828,0.0003526879769277791,0.00172568681039385,0.003312534175856903,0.030805859744624412
stock,603023.SH,2,-0.0026126875361557333,-0.0046059696916918025,-0.00495388037624056,-0.0013005903310186473,-0.0022990416259153768,-0.002473296157230964,0.001996902589793459,0.00034850906263117487,0.003440238420344065,0.0032732847618392735,0.004550645023698176
stock,301333.SZ,2,0.010765018158489292,0.008745000609681197,0.008394640402428877,0.005446970214307234,0.004441773035214869,0.0042677456681414205,0.0020103943581847306,0.00034805473414689647,0.0034634818675784327,0.0032690175944570816,0.004756084514816242
stock,605188.SH,2,0.033114286574344565,0.03104960393167988,0.03069548202549499,0.016574777083496195,0.015558454862103444,0.015384671068390698,0.002032644442785503,0.0003475675874254902,0.0035018140307448895,0.0032644421899384146,0.00454356384593836
stock,300051.SZ,3,-0.011683974674572717,-0.01464522365764187,-0.014988780318150874,-0.003869621160254096,-0.004865504062566139,-0.004981055800238517,0.00298764870693613,0.000346655213017133,0.005147083248139823,0.0032558729400445365,0.0020046825234962657
stock,688081.SH,2,-0.045912658039039766,-0.0478194050467351,-0.04815379802426145,-0.022937506255020168,-0.023914326009422615,-0.02408571614564531,0.001953639508804894,0.00034278027244538656,0.003365705333873026,0.0032194785236963064,0.004628438237902695
stock,002976.SZ,2,-0.018926769577622737,-0.020887447981125296,-0.021225748889239004,-0.009320673171942961,-0.010311106376491352,-0.010481944366231288,0.001980866409096782,0.00034167597947987183,0.00341261149190486,0.0032091067264485226,0.00445552009091151
stock,688625.SH,2,0.010436761436642517,0.008417399910081835,0.008070983139356835,0.005435588629752353,0.0044304028294169795,0.004259611226490989,0.002010371600670746,0.00034158320585198076,0.0034634426612223687,0.0032082353732039797,0.004305026774008407
stock,300582.SZ,2,-0.0015274654348211847,-0.003522916410656274,-0.003862194756105164,-0.0007379840115412373,-0.0017369977729846942,-0.0019073859341470212,0.0019980275228869138,0.00034077632232465405,0.0034421764407904305,0.003200656920194358,0.005885050578345186
stock,002363.SZ,2,-0.03852747272298174,-0.040448979050273004,-0.040778981785672186,-0.019404174986056844,-0.020384527193914814,-0.020553113786773214,0.0019607044157159415,0.0003371731857167992,0.0033778766657726225,0.003166815355030246,0.004029466236469473
stock,301367.SZ,1,0.00808861224629931,0.007080774081459129,0.006747272052656905,0.00808861224629931,0.007080774081459129,0.006747272052656905,0.0010078381648401802,0.0003335020288022239,0.0017362907904941215,0.003132334926039171,0.019773264157357754
stock,002614.SZ,1,-0.0052236423512908026,-0.006218171568802,-0.006547247878949225,-0.0052236423512908026,-0.006218171568802,-0.006547247878949225,0.0009945292175111975,0.00032907631014722494,0.0017133623050639747,0.0030907674634193336,0.015142704850511217
stock,001360.SZ,2,-0.05632338711957685,-0.05820932824750691,-0.05852826016304147,-0.028564866145544487,-0.029536059938105763,-0.029700368613756856,0.0019423875851225514,0.00032861735130218506,0.0033463206626564005,0.0030864568065243933,0.00472717804385262
stock,603708.SH,1,0.001060646884543992,5.9834939052594294e-05,-0.0002657483294525864,0.001060646884543992,5.9834939052594294e-05,-0.0002657483294525864,0.0010008119454913977,0.0003255832685051807,0.0017241861090354499,0.003057959937861602,0.014176358735519435
stock,300275.SZ,1,-0.00960179588433474,-0.010591948036012155,-0.010911723332499568,-0.00960179588433474,-0.010591948036012155,-0.010911723332499568,0.0009901521516774148,0.0003197752964874123,0.0017058215516357806,0.003003410004039452,0.01532836711565649
stock,688435.SH,1,-0.013702814811651476,-0.014688866963250113,-0.015007940774986461,-0.013702814811651476,-0.014688866963250113,-0.015007940774986461,0.0009860521515986376,0.00031907381173634786,0.0016987581235714793,0.0029968214828429403,0.019190944842936344
stock,688125.SH,3,-0.011027329621512427,-0.013990546082034094,-0.014302720583437734,-0.003138412444149178,-0.004135026373517481,-0.004240598973790181,0.0029898417881049077,0.0003167178008181004,0.005150861460524505,0.002974693235791908,0.0015496454472379987
stock,600403.SH,2,-0.029392356550952625,-0.031332119440992345,-0.031642120270759744,-0.014717907022619936,-0.015702944334194835,-0.015860734362182716,0.001970074623149798,0.00031558005597576155,0.0033940195401348018,0.0029640072501042696,0.004520018703296163
stock,688260.SH,1,0.009315291621403432,0.00830622708194162,0.00799279513979001,0.009315291621403432,0.00830622708194162,0.00799279513979001,0.0010090645394618125,0.00031343194215160963,0.0017384035731168887,0.0029438316248444635,0.022726406414555634
stock,605599.SH,1,0.0060401389843467435,0.005034348783849785,0.0047246713691628806,0.0060401389843467435,0.005034348783849785,0.0047246713691628806,0.0010057902004969588,0.00030967741468690413,0.0017327625835334736,0.0029085681586799306,0.01570457585163834
stock,002344.SZ,1,0.00042694823943412175,-0.0005732301648471161,-0.00087578878723793,0.00042694823943412175,-0.0005732301648471161,-0.00087578878723793,0.0010001784042812378,0.0003025586223908139,0.0017230946522847784,0.0028417066711491135,0.012013152546288671
stock,001316.SZ,2,-0.026278183973066804,-0.02822417054827997,-0.02851741139972952,-0.01315527120939286,-0.014141870768563047,-0.014290409240511281,0.001973199118340374,0.0002970769438964682,0.0033994023807669593,0.002790221368157631,0.003989700405623959
stock,300306.SZ,1,0.014378327179480621,0.013364200862310494,0.013068377517282848,0.014378327179480621,0.013364200862310494,0.013068377517282848,0.0010141263171701276,0.00029582334502764596,0.00174712393946645,0.002778447252317443,0.0120784179205071
stock,002105.SZ,1,0.000768487157970732,-0.0002320327003776379,-0.0005260757537616234,0.000768487157970732,-0.0002320327003776379,-0.0005260757537616234,0.0010005198583483699,0.0002940430533839855,0.001723682905015049,0.0027617263054794242,0.018053205651319827
stock,300947.SZ,1,0.016294499730431067,0.015278457716760174,0.014984950041377454,0.016294499730431067,0.015278457716760174,0.014984950041377454,0.0010160420136708925,0.0002935076753827204,0.001750424277067961,0.0027566979006507677,0.014658805573812076
stock,002627.SZ,2,-0.01840905131007975,-0.020370764375414296,-0.020660476604892675,-0.00923779879909814,-0.010228314857430032,-0.010374743134539455,0.0019810321166637834,0.0002928565542188455,0.0034128969707967467,0.0027505824069309435,0.003926686625770452
stock,600729.SH,1,-0.0057473906718229495,-0.0067413962711325714,-0.007030696626038724,-0.0057473906718229495,-0.0067413962711325714,-0.007030696626038724,0.000994005599309622,0.00028930035490615236,0.0017124602222764321,0.0027171816886471245,0.014296651918444122
stock,001255.SZ,1,-0.009627622251440315,-0.010617748583166775,-0.01090162878863088,-0.009627622251440315,-0.010617748583166775,-0.01090162878863088,0.0009901263317264597,0.0002838802054641043,0.0017057770693521975,0.0026662742819885967,0.013045072209016913
stock,600076.SH,1,-0.0021276176674992486,-0.0031252421405243425,-0.003408302847308753,-0.0021276176674992486,-0.0031252421405243425,-0.003408302847308753,0.0009976244730250938,0.0002830607067844104,0.001718694771952502,0.0026585773442953918,0.014045217755738573
stock,603028.SH,1,-0.008543489509658664,-0.009534699704787264,-0.009813078246319829,-0.008543489509658664,-0.009534699704787264,-0.009813078246319829,0.0009912101951286,0.0002783785415325646,0.0017076443354559657,0.0026146012707449033,0.008900349720921906
stock,300588.SZ,1,0.016575724972187622,0.01555940180314197,0.015287589279983749,0.016575724972187622,0.01555940180314197,0.015287589279983749,0.001016323169045652,0.00027181252315822135,0.0017509086479768263,0.002552931574902762,0.014210459498582868
stock,001318.SZ,1,0.01586438975826221,0.014848777747707764,0.014578728122795592,0.01586438975826221,0.014848777747707764,0.014578728122795592,0.0010156120105544453,0.000270049624912172,0.0017496834731601336,0.002536373991229326,0.00821393016845128
stock,300640.SZ,1,0.023112916370050973,0.022090057633693316,0.02182087490237583,0.023112916370050973,0.022090057633693316,0.02182087490237583,0.001022858736357657,0.0002691827313174855,0.0017621680403379879,0.0025282319085752902,0.010300120298348035
stock,688319.SH,2,0.03318475364316176,0.03111993017180481,0.030853241814051913,0.016968053092588087,0.01595133769289092,0.01581815543455567,0.0020334307993943312,0.0002663645166705031,0.0035031687559235786,0.002501762527865606,0.0028817622042053783
stock,300771.SZ,1,0.015644192334381746,0.014628800466545577,0.014364169617749889,0.015644192334381746,0.014628800466545577,0.014364169617749889,0.0010153918678361684,0.0002646308487956883,0.0017493042140809749,0.0024854794831898727,0.012033346810681762
stock,000607.SZ,1,0.009262063502018192,0.008253052177451758,0.007988734810969511,0.009262063502018192,0.008253052177451758,0.007988734810969511,0.0010090113245664334,0.00026431736648224735,0.001738311895170977,0.0024825351784652106,0.008442088538936179
stock,300793.SZ,1,0.008209587456529555,0.007201628346533928,0.006937565878030849,0.008209587456529555,0.007201628346533928,0.006937565878030849,0.0010079591099956264,0.000264062468503079,0.001736499153271879,0.002480141112541254,0.01345201089113406
stock,603666.SH,1,0.003436700586957553,0.002433513178065505,0.002171368499433557,0.003436700586957553,0.002433513178065505,0.002171368499433557,0.0010031874088920478,0.0002621446786319481,0.0017282785272128847,0.002462128747771774,0.012846229045910925
stock,601279.SH,1,-0.007651117824412079,-0.00864322016952701,-0.008901723546050455,-0.007651117824412079,-0.00864322016952701,-0.008901723546050455,0.0009921023451149313,0.00025850337652344457,0.0017091813201218044,0.00242792872262743,0.01010808576104283
stock,300701.SZ,1,-0.008364175673393648,-0.009355565137810218,-0.00961318308028225,-0.008364175673393648,-0.009355565137810218,-0.00961318308028225,0.00099138946441657,0.0002576179424720326,0.0017079531783084983,0.0024196125033411394,0.007587434410646923
stock,001233.SZ,1,-0.01565158950218737,-0.016635693363244886,-0.016891823958819496,-0.01565158950218737,-0.016635693363244886,-0.016891823958819496,0.000984103861057517,0.0002561305955746107,0.001695401633371199,0.00240564296723168,0.009299271959998252
stock,301162.SZ,2,-0.005094818941990487,-0.007083140548924449,-0.0073380842482247965,-0.0024825144391544263,-0.00347978410357791,-0.003607487147593791,0.001994539328846967,0.0002554060880317621,0.003436167024399679,0.002398838210184792,0.002173004245481591
stock,301387.SZ,1,-0.007950297113504035,-0.008942100353657279,-0.009195704833883434,-0.007950297113504035,-0.008942100353657279,-0.009195704833883434,0.000991803240153244,0.000253604480226155,0.0017086660258925457,0.0023819170565930257,0.011739042411595027
stock,300403.SZ,1,0.005131078377651921,0.0041261970119166325,0.0038735195630830166,0.005131078377651921,0.0041261970119166325,0.0038735195630830166,0.0010048813657352884,0.00025267744883361587,0.001731196854548583,0.0023732101446176657,0.014568902461707037
stock,600725.SH,1,-0.005908029180612062,-0.006901874181321488,-0.007151554515090641,-0.005908029180612062,-0.006901874181321488,-0.007151554515090641,0.0009938450007094257,0.00024968033376915333,0.0017121835450476719,0.0023450604861958227,0.007168955550415521
stock,300318.SZ,1,0.02036268677553954,0.019342577585515164,0.019096466348411445,0.02036268677553954,0.019342577585515164,0.019096466348411445,0.0010201091900243764,0.00024611123710371885,0.0017574311568351996,0.0023115386327315366,0.015265054778649072
stock,300937.SZ,1,-0.0004097932074681454,-0.0014091350781805234,-0.0016546019520651267,-0.0004097932074681454,-0.0014091350781805234,-0.0016546019520651267,0.000999341870712378,0.0002454668738846033,0.0017216534828766118,0.0023054866113284295,0.007174922306690747
stock,002591.SZ,1,-0.004481051194291874,-0.005476322818472212,-0.005721298136464048,-0.004481051194291874,-0.005476322818472212,-0.005721298136464048,0.0009952716241803383,0.0002449753179918357,0.0017146413138447495,0.002300869794763486,0.00865442492491421
stock,688246.SH,1,0.011119911585626863,0.010109042874536733,0.009866159180122569,0.011119911585626863,0.010109042874536733,0.009866159180122569,0.0010108687110901293,0.00024288369441416435,0.0017415117770845504,0.002281224740105206,0.010093434927120353
stock,688679.SH,1,0.007036662386680659,0.006029875910355642,0.005787658524800676,0.007036662386680659,0.006029875910355642,0.005787658524800676,0.0010067864763250167,0.00024221738555496586,0.001734478954877005,0.0022749665997313898,0.008058166320511529
stock,001266.SZ,1,-0.01449894945695318,-0.015484205671696394,-0.01572453068868329,-0.01449894945695318,-0.015484205671696394,-0.01572453068868329,0.0009852562147432131,0.00024032501698689757,0.001697386893665627,0.0022571929982334086,0.007300295859832954
stock,688790.SH,1,-0.016899444245531248,-0.0178823005618598,-0.018122149102662855,-0.016899444245531248,-0.0178823005618598,-0.018122149102662855,0.0009828563163285509,0.00023984854080305595,0.0016932523791563848,0.0022527178140870534,0.007603664768277434
stock,600429.SH,1,0.00707958278424492,0.006072753398185471,0.005833287360196948,0.00707958278424492,0.006072753398185471,0.005833287360196948,0.001006829386059449,0.00023946603798852273,0.0017345528792225165,0.002249125251458353,0.009703445815894754
stock,300948.SZ,1,0.03099812325166651,0.029967381267411275,0.029727950918203128,0.03099812325166651,0.029967381267411275,0.029727950918203128,0.0010307419842552346,0.00023943034920814732,0.0017757491996959656,0.0022487900534577917,0.008651432071550804
stock,601900.SH,1,-0.010848459997363724,-0.01183736579464667,-0.012075879979719484,-0.010848459997363724,-0.01183736579464667,-0.012075879979719484,0.0009889057972829463,0.0002385141850728134,0.0017036743481141212,0.00224018520949508,0.010326145091166947
stock,603999.SH,1,-0.007874079425336467,-0.008865958864242574,-0.009104390938781792,-0.007874079425336467,-0.008865958864242574,-0.009104390938781792,0.000991879438906107,0.00023843207453921877,0.0017087973001362275,0.0022394140067138017,0.007812634279651681
stock,301016.SZ,1,-0.014734285197079422,-0.01571930613454897,-0.015957411441241298,-0.014734285197079422,-0.01571930613454897,-0.015957411441241298,0.0009850209374695496,0.00023810530669232666,0.0016969815609666618,0.0022363449209178237,0.00679332392507449
stock,301092.SZ,1,-0.009686718606013778,-0.010676785856067572,-0.010914837963584945,-0.009686718606013778,-0.010676785856067572,-0.010914837963584945,0.0009900672500537944,0.0002380521075173725,0.0017056752841968872,0.0022358452608877365,0.006455090322851342
stock,000850.SZ,1,0.007615249562174631,0.006607884642417128,0.006371076717805346,0.007615249562174631,0.006607884642417128,0.006371076717805346,0.001007364919757503,0.00023680792461178157,0.0017354754898760612,0.0022241595821422128,0.008728714962238142
stock,001296.SZ,1,-0.011049005982125215,-0.0120377112832466,-0.012273652607652452,-0.011049005982125215,-0.0120377112832466,-0.012273652607652452,0.0009887053011213842,0.0002359413244058528,0.0017033289358733526,0.0022160202550691732,0.006530066384654866
stock,605108.SH,1,-0.008810156755729714,-0.00980110034986248,-0.010036151023357753,-0.008810156755729714,-0.00980110034986248,-0.010036151023357753,0.000990943594132765,0.00023505067349527398,0.0017071850386462654,0.002207655037729614,0.006355707329846592
stock,002599.SZ,1,0.030336002103967585,0.029305922076364066,0.029072307559972144,0.030336002103967585,0.029305922076364066,0.029072307559972144,0.0010300800276035194,0.00023361451639192232,0.0017746087891834686,0.002194166289039646,0.0066955019617820745
stock,688386.SH,1,-0.0033594399046711354,-0.0043558328614904385,-0.004588905865241633,-0.0033594399046711354,-0.0043558328614904385,-0.004588905865241633,0.000996392956819303,0.0002330730037511941,0.0017165731314738465,0.0021890802661343684,0.00794067994454229
stock,300810.SZ,1,-0.0069459656518083834,-0.007938772973909436,-0.008169695958832657,-0.0069459656518083834,-0.007938772973909436,-0.008169695958832657,0.0009928073221010525,0.00023092298492322083,0.0017103958455200428,0.002168886748599588,0.007649678405607409
stock,300659.SZ,1,-0.007355763435884288,-0.008348161062010528,-0.008578595859666804,-0.007355763435884288,-0.008348161062010528,-0.008578595859666804,0.0009923976261262402,0.00023043479765627595,0.0017096900264979165,0.0021643015710155382,0.007290361995634531
stock,002283.SZ,2,0.028710429109953584,0.026654547592378064,0.026422807531939707,0.014414750904157725,0.013400588172312045,0.013285615171016285,0.0020283254636913606,0.00022994600259151898,0.003494373348414026,0.002159710684841584,0.004279089256988896
stock,300667.SZ,1,-0.004710799356691386,-0.005705841289787572,-0.005934982102494768,-0.004710799356691386,-0.005705841289787572,-0.005934982102494768,0.0009950419330961857,0.00022914081270719588,0.0017142456049621274,0.002152148138952982,0.010373682544710381
stock,300686.SZ,1,-0.020573578362190648,-0.021552761457196534,-0.021780966890881714,-0.020573578362190648,-0.021552761457196534,-0.021780966890881714,0.0009791830950058866,0.0002282054336851802,0.0016869242001128775,0.002143362823942255,0.00722310584883773
stock,300121.SZ,2,-0.03810086937715562,-0.04002322827277838,-0.040244432007506714,-0.019151557497262106,-0.02013216225984915,-0.020245446448191484,0.00196120952517409,0.000226568376684666,0.0033787468619320567,0.0021279871728943616,0.002278132920067119
stock,002712.SZ,1,-0.0020068226681581036,-0.0030045679061725394,-0.003230224418381722,-0.0020068226681581036,-0.0030045679061725394,-0.003230224418381722,0.0009977452380144358,0.00022565651220918248,0.0017189028243423832,0.0021194227124182747,0.007547431835369379
stock,688227.SH,1,0.00343029641528636,0.0024271154089750002,0.0022026644352564073,0.00343029641528636,0.0024271154089750002,0.0022026644352564073,0.00100318100631136,0.0002244509737185929,0.0017282674969281908,0.0021080999917370232,0.009258712217937675
stock,300523.SZ,1,-0.010359856238675302,-0.011349250518329246,-0.01157123814733585,-0.010359856238675302,-0.011349250518329246,-0.01157123814733585,0.0009893942796539434,0.00022198762900660363,0.0017045158993389804,0.0020849636387020804,0.006273796855488235
stock,002905.SZ,1,-0.011839685508187037,-0.012827600326217103,-0.013046871234129953,-0.011839685508187037,-0.012827600326217103,-0.013046871234129953,0.0009879148180300668,0.00021927090791284964,0.001701967101643039,0.0020594475109686583,0.00675474647754293
stock,300862.SZ,1,0.01670987440509375,0.015693417119942543,0.015474264429867324,0.01670987440509375,0.015693417119942543,0.015474264429867324,0.0010164572851512066,0.00021915269007521943,0.001751139701500155,0.0020583371793073493,0.0063964875607506405
stock,001379.SZ,1,0.020944226187038506,0.019923535602079046,0.01970523440245553,0.020944226187038506,0.019923535602079046,0.01970523440245553,0.0010206905849594605,0.00021830119962351624,0.0017584327766454462,0.002050339766845908,0.007609435090757732
stock,603211.SH,1,0.02735599212959916,0.026328891371622642,0.02611105095671662,0.02735599212959916,0.026328891371622642,0.02611105095671662,0.001027100757976518,0.00021784041490602313,0.001769476141307823,0.002046011960897703,0.006804919957129004
stock,300805.SZ,1,-0.004423172196815317,-0.0054185016856138635,-0.0056344111963290144,-0.004423172196815317,-0.0054185016856138635,-0.0056344111963290144,0.0009953294887985464,0.00021590951071515097,0.0017147410022740979,0.0020278764231391275,0.006958819766506633
stock,300478.SZ,1,0.023280519375598496,0.022257493077874058,0.02204237486385896,0.023280519375598496,0.022257493077874058,0.02204237486385896,0.0010230262977244386,0.00021511821401509756,0.0017624567129325922,0.002020444365531146,0.011444489077951848
stock,300213.SZ,1,0.012038809453917887,0.011027022073248682,0.010812052168007957,0.012038809453917887,0.011027022073248682,0.010812052168007957,0.0010117873806692046,0.000214969905240725,0.0017430944493679607,0.0020190514122244638,0.0051939748673748695
stock,002462.SZ,1,0.016382468423135954,0.015366338462626583,0.015154070303497802,0.016382468423135954,0.015366338462626583,0.015154070303497802,0.001016129960509371,0.00021226815912878116,0.0017505757907643365,0.0019936759332862207,0.006399463468982761
stock,002862.SZ,1,-0.00992131182186795,-0.010911144536987716,-0.011121235029560972,-0.00992131182186795,-0.010911144536987716,-0.011121235029560972,0.000989832715119765,0.00021009049257325607,0.001705271230391216,0.0019732227413412212,0.0066735626814374855
stock,605580.SH,1,0.0032674586643173242,0.0022644404553018305,0.0020548223992633563,0.0032674586643173242,0.0022644404553018305,0.0020548223992633563,0.0010030182090154938,0.00020961805603847417,0.0017279870318144543,0.001968785498594755,0.005677202868256941
stock,301636.SZ,2,-0.030472126162033986,-0.03240973112859613,-0.03260968165022193,-0.014517225062942174,-0.015502463006619782,-0.015605605668700118,0.0019704758873552164,0.00020628532416067102,0.003394710833011703,0.0019374836426586475,0.0017360734467801783
stock,300591.SZ,1,-0.0035363983603049487,-0.004532614402631752,-0.004738055890346371,-0.0035363983603049487,-0.004532614402631752,-0.004738055890346371,0.000996216042326803,0.00020544148771461934,0.0017162683454330424,0.0019295581185431708,0.005423307017508601
stock,000803.SZ,1,-0.0063261835659238486,-0.00731961051613339,-0.0075249667702760314,-0.0063261835659238486,-0.00731961051613339,-0.0075249667702760314,0.0009934269502095416,0.00020535625414264125,0.0017114633329558572,0.0019287575833999906,0.0053103162983696795
stock,300095.SZ,1,-0.01983836350101975,-0.02081828162823174,-0.0210206498183666,-0.01983836350101975,-0.02081828162823174,-0.0210206498183666,0.0009799181272119872,0.00020236819013486063,0.0016881905042623849,0.0019006929347787304,0.005812172665700684
stock,300518.SZ,1,0.003975351344760458,0.0029716254189318114,0.0027694858931326394,0.003975351344760458,0.0029716254189318114,0.0027694858931326394,0.0010037259258286468,0.00020213952579917205,0.0017292062773519065,0.0018985452618317641,0.006140477396054034
stock,301040.SZ,2,0.014055609270811509,0.012029015463750348,0.011826974864163953,0.007424554481365753,0.0064173802093132615,0.0063168342043986025,0.0020143485441049824,0.00020109200982931785,0.003470294088862317,0.0018887067284059182,0.0013008152377291704
stock,600984.SH,1,0.016663857885904854,0.015647446605840942,0.015447352966247552,0.016663857885904854,0.015647446605840942,0.015447352966247552,0.0010164112800639113,0.00020009363959339055,0.0017510604445200432,0.0018793297840726422,0.005745280682815119
stock,600327.SH,1,0.01048137011052952,0.009471139782276428,0.00927114265980511,0.01048137011052952,0.009471139782276428,0.00927114265980511,0.0010102303282530922,0.00019999712247131818,0.0017404119792405854,0.0018784232709893069,0.004763735664592662
stock,603355.SH,1,-0.013858741515812567,-0.014844637779445113,-0.015044126405286518,-0.013858741515812567,-0.014844637779445113,-0.015044126405286518,0.0009858962636325463,0.00019948862584140414,0.0016984895617633282,0.001873647342760704,0.005678214132265309
stock,301259.SZ,1,-0.016418439533768647,-0.01740177673530907,-0.01760112905148903,-0.016418439533768647,-0.01740177673530907,-0.01760112905148903,0.000983337201540424,0.00019935231617995708,0.0016940808420919918,0.0018723670881402427,0.004585588486413796
stock,002893.SZ,1,-0.009023221138554915,-0.010013951721238201,-0.010212150119250585,-0.009023221138554915,-0.010013951721238201,-0.010212150119250585,0.0009907305826832857,0.0001981983980123836,0.0017068180652264216,0.0018615291985146147,0.006129242647626343
stock,300605.SZ,1,0.02220259078881015,0.021180642151874318,0.020982572714385972,0.02220259078881015,0.021180642151874318,0.020982572714385972,0.0010219486369358322,0.00019806943748834627,0.001760600132612645,0.0018603179688409205,0.005209141619929296
stock,300293.SZ,1,0.005339474236739861,0.004334384526919255,0.0041365611805728175,0.005339474236739861,0.004334384526919255,0.0041365611805728175,0.0010050897098206057,0.0001978233463464374,0.001731555787092726,0.0018580066189473126,0.008533444726360527
stock,002953.SZ,1,-0.005481282670421139,-0.006475554311620835,-0.00667292471973624,-0.005481282670421139,-0.006475554311620835,-0.00667292471973624,0.0009942716411996955,0.00019737040811540485,0.001712918555865827,0.001853752509173237,0.005716970387790718
stock,301160.SZ,1,0.039523222129298485,0.03848395716412312,0.03828680605949475,0.039523222129298485,0.03848395716412312,0.03828680605949475,0.0010392649651753683,0.00019715110462836805,0.0017904324829803725,0.0018516927556709428,0.009113452458308233
stock,603222.SH,1,0.00586085472612119,0.0048552437653415215,0.004658103094458799,0.00586085472612119,0.0048552437653415215,0.004658103094458799,0.0010056109607796682,0.0001971406708827228,0.0017324537916249315,0.001851594759307888,0.004743852439597623
stock,300654.SZ,1,0.03824891663162622,0.03721092565536299,0.037013787141353616,0.03824891663162622,0.03721092565536299,0.037013787141353616,0.0010379909762632256,0.0001971385140093762,0.001788237671062632,0.0018515745014109906,0.004536759774662901
stock,002825.SZ,1,-0.0046812165547759355,-0.005676288063324542,-0.005870427846507487,-0.0046812165547759355,-0.005676288063324542,-0.005870427846507487,0.0009950715085486062,0.000194139783182945,0.001714296557175939,0.0018234096673463945,0.005603666092372222
stock,001221.SZ,1,0.027817510023119274,0.026789947861907804,0.026597886385960834,0.027817510023119274,0.026789947861907804,0.026597886385960834,0.0010275621612114705,0.00019206147594696965,0.001770271040941019,0.0018038896831182143,0.00651951257516183
stock,688539.SH,1,-0.008682851997644403,-0.00967392286490798,-0.00986594301066146,-0.008682851997644403,-0.00967392286490798,-0.00986594301066146,0.000991070867263577,0.0001920201457534798,0.001707404303179616,0.0018035014995469384,0.0060973615217831375
stock,603679.SH,1,-0.00041549840184051945,-0.0014148345687761132,-0.0016052103207907509,-0.00041549840184051945,-0.0014148345687761132,-0.0016052103207907509,0.0009993361669355938,0.00019037575201463763,0.0017216436564824078,0.0017880569400075719,0.004571424391840556
stock,603815.SH,1,-0.0109764418615389,-0.011965219708753194,-0.012154669800828799,-0.0109764418615389,-0.011965219708753194,-0.012154669800828799,0.000988777847214295,0.00018945009207560481,0.0017034539173608587,0.001779362909068446,0.004635267058593948
stock,301052.SZ,1,0.03348928017140129,0.03245604764912424,0.032266692225897176,0.03348928017140129,0.03245604764912424,0.032266692225897176,0.00103323252227705,0.00018935542322706667,0.0017800398669692566,0.0017784737554349614,0.006933403961608356
stock,600336.SH,1,-0.014214278407881475,-0.015199819222950883,-0.015389157859370672,-0.014214278407881475,-0.015199819222950883,-0.015389157859370672,0.0009855408150694078,0.0001893386364197891,0.0016978771994930726,0.0017783160895193414,0.004253011354530548
stock,301096.SZ,1,0.026196899600130052,0.025170957646720504,0.024982532685067227,0.026196899600130052,0.025170957646720504,0.024982532685067227,0.0010259419534095482,0.00018842496165327738,0.0017674797675170655,0.0017697346263346526,0.004507744191827956
stock,688159.SH,1,0.010175099941692967,0.009165175807519743,0.008977743607321953,0.010175099941692967,0.009165175807519743,0.008977743607321953,0.0010099241341732235,0.00018743220019779017,0.001739884471968558,0.001760410361077807,0.0043839940377681085
stock,301538.SZ,1,0.027456226499336545,0.026429025531892414,0.026242476561187056,0.027456226499336545,0.026429025531892414,0.026242476561187056,0.0010272009674441307,0.00018654897070535803,0.0017696487809059315,0.0017521148475638738,0.005523289114248904
stock,300632.SZ,1,-0.008541855164160839,-0.009533066993228978,-0.009717745421495616,-0.008541855164160839,-0.009533066993228978,-0.009717745421495616,0.0009912118290681393,0.00018467842826663805,0.0017076471503862521,0.0017345462425617264,0.004685579259051828
stock,688680.SH,1,0.03841558013088986,0.037377422532532734,0.03719316598331379,0.03841558013088986,0.037377422532532734,0.03719316598331379,0.0010381575983571256,0.00018425654921894186,0.001788524725489845,0.001730583848448536,0.003655773815887995
stock,300596.SZ,2,0.026120498859190988,0.024069793326600086,0.023883855013769884,0.012977471812126051,0.0119647460022978,0.011872860852773615,0.0020254516196565042,0.00018377029904836917,0.003489422326409587,0.001726016864560769,0.0012417307580917653
stock,600622.SH,1,0.007408028189488602,0.0064008704396223415,0.006218428331669967,0.007408028189488602,0.0064008704396223415,0.006218428331669967,0.001007157749866261,0.00018244210795237414,0.0017351185802185584,0.0017135421597639757,0.004657206328211959
stock,300279.SZ,1,-0.0038795619908894574,-0.004875434954840552,-0.005057568508697763,-0.0038795619908894574,-0.004875434954840552,-0.005057568508697763,0.0009958729639510944,0.00018213355385721108,0.0017156772943645853,0.0017106441421047643,0.004354012677103441
stock,002806.SZ,1,0.015439462497889744,0.014424275309027346,0.014243118331098259,0.015439462497889744,0.014424275309027346,0.014243118331098259,0.0010151871888623987,0.0001811569779290867,0.001748951595744458,0.0017014718953913652,0.006510750563962879
stock,002059.SZ,1,-0.012443268120951423,-0.013430579506321538,-0.013610365030528704,-0.012443268120951423,-0.013430579506321538,-0.013610365030528704,0.0009873113853701154,0.00017978552420716554,0.0017009275155202778,0.0016885908571318718,0.005027462443056823
stock,688719.SH,1,0.03489873281360256,0.03386409118884459,0.03368439438041104,0.03489873281360256,0.03386409118884459,0.03368439438041104,0.0010346416247579704,0.0001796968084335493,0.0017824674508272985,0.0016877576162751767,0.005723819962966885
stock,603969.SH,1,-0.0036715160639575473,-0.004667597022149028,-0.004846716065362133,-0.0036715160639575473,-0.004667597022149028,-0.004846716065362133,0.000996080958191481,0.00017911904321310512,0.0017160356242003248,0.0016823311000241428,0.003958774901683826
stock,688586.SH,1,0.025550480803705478,0.024525185108497327,0.024346595331761645,0.025550480803705478,0.024525185108497327,0.024346595331761645,0.0010252956952081504,0.00017858977673568255,0.0017663664020953996,0.0016773600961643865,0.005289300960695733
stock,300818.SZ,1,-0.025490439152850763,-0.026464706608600563,-0.026643193909058005,-0.025490439152850763,-0.026464706608600563,-0.026643193909058005,0.0009742674557497999,0.00017848730045744166,0.0016784555992328063,0.0016763976131876643,0.0059450027792888
stock,001325.SZ,1,-0.007432924218417125,-0.008425244702930601,-0.008599714324940999,-0.007432924218417125,-0.008425244702930601,-0.008599714324940999,0.0009923204845134759,0.00017446962201039806,0.0017095571279071712,0.0016386625668178788,0.0042349769610185925
stock,002394.SZ,1,-0.01040442868791025,-0.011393778406188493,-0.011566788104268255,-0.01040442868791025,-0.011393778406188493,-0.011566788104268255,0.000989349718278243,0.0001730096980797624,0.0017044391295668684,0.0016249505941090042,0.004158053434225887
stock,603499.SH,1,-0.003478227298505443,-0.004474501497442218,-0.004646891337928061,-0.003478227298505443,-0.004474501497442218,-0.004646891337928061,0.0009962741989367752,0.0001723898404858426,0.0017163685369020935,0.0016191287357005893,0.004424900152128067
stock,603680.SH,1,-0.009097825107552415,-0.010088481104801095,-0.010259681803448273,-0.009097825107552415,-0.010088481104801095,-0.010259681803448273,0.0009906559972486795,0.00017120069864717813,0.0017066895703869427,0.0016079600164977683,0.004136273672411261
stock,605299.SH,1,0.09511520030282283,0.09402035717062773,0.09385402214144478,0.09511520030282283,0.09402035717062773,0.09385402214144478,0.0010948431321951002,0.0001663350291829513,0.0018861818432600631,0.0015622604252356165,0.00876542495656732
stock,600901.SH,1,0.005103913744316291,0.00409905953646561,0.0039341163516253275,0.005103913744316291,0.00409905953646561,0.0039341163516253275,0.0010048542078506806,0.0001649431848402827,0.001731150067289895,0.001549187873138081,0.0030374133388006773
stock,002043.SZ,1,-0.012648772752197779,-0.013635878683991742,-0.013800710287358298,-0.012648772752197779,-0.013635878683991742,-0.013800710287358298,0.0009871059317939634,0.00016483160336655533,0.0017005735627086144,0.0015481398718755087,0.0033330166967471425
stock,688562.SH,1,0.01313367945581878,0.012120797477154666,0.011956014528764713,0.01313367945581878,0.012120797477154666,0.011956014528764713,0.0010128819786641152,0.0001647829483899521,0.0017449802088918204,0.0015476828920991418,0.003302671068283537
stock,603863.SH,1,-0.022178891516897004,-0.023156469697568793,-0.023319661314997076,-0.022178891516897004,-0.023156469697568793,-0.023319661314997076,0.0009775781806717898,0.00016319161742828214,0.0016841592740810614,0.0015327367115075918,0.004067287578788444
stock,300349.SZ,1,-0.01545014144203627,-0.016434446701106498,-0.01659606923582968,-0.01545014144203627,-0.016434446701106498,-0.01659606923582968,0.0009843052590702284,0.00016162253472318255,0.001695748599309674,0.0015179994921369051,0.0034496602612323775
stock,600078.SH,2,0.0037395620800948493,0.0017335849306989726,0.0015756616116260336,0.0026060941239094415,0.0016037371151262358,0.0015235874929258597,0.0020047140175664113,0.00016029924440075227,0.003453695848903479,0.001505570816637914,0.0009004704844659042
stock,603316.SH,1,0.015879625051626656,0.014863997809563934,0.014706131649797172,0.015879625051626656,0.014863997809563934,0.014706131649797172,0.0010156272420627221,0.00015786615976676188,0.0017497097138091478,0.0014827186738655626,0.0031847133757961785
stock,002809.SZ,1,-0.01088820947207092,-0.011877075529754477,-0.012034034012472494,-0.01088820947207092,-0.011877075529754477,-0.012034034012472494,0.0009888660576835573,0.00015695848271801704,0.0017036058852370004,0.0014741935427544902,0.0029759114844888053
stock,300819.SZ,1,-0.021318678486045073,-0.022297116666038286,-0.02245169881682274,-0.021318678486045073,-0.022297116666038286,-0.02245169881682274,0.000978438179993213,0.0001545821507844547,0.001685640869989721,0.0014518744356171428,0.003657407695258939
stock,300712.SZ,1,-0.012916897243818726,-0.013903735117733462,-0.014056609054820202,-0.012916897243818726,-0.013903735117733462,-0.014056609054820202,0.0009868378739147365,0.00015287393708673935,0.00170011175599871,0.0014358304629741294,0.003882005661517057
stock,603616.SH,1,0.02591387561689018,0.024888216617149794,0.02473553611044066,0.02591387561689018,0.024888216617149794,0.02473553611044066,0.0010256589997403864,0.00015268050670913524,0.001766992298529443,0.0014340137162223861,0.004250918092034928
stock,603040.SH,1,-0.028309484938630836,-0.0292809340489526,-0.02943190752211622,-0.028309484938630836,-0.0292809340489526,-0.02943190752211622,0.0009714491103217648,0.0001509734731636181,0.0016736001895233472,0.0014179808278656115,0.005277067132737236
stock,002970.SZ,2,-0.05227867231454786,-0.05417269681966175,-0.05431925800030357,-0.026471624901929502,-0.027444911415693884,-0.02752038858919903,0.001946573027528764,0.0001509543470102903,0.0033535312896772604,0.0014178011902235721,0.0008941809721083526
stock,301266.SZ,1,-0.03174249274176544,-0.03271050969717326,-0.03286137965426761,-0.03174249274176544,-0.03271050969717326,-0.03286137965426761,0.0009680169554078244,0.00015086995709434614,0.0016676873166271626,0.0014170085789100314,0.002820013750387047
stock,300508.SZ,1,-0.03786209301180754,-0.038823991887285914,-0.03897347053733258,-0.03786209301180754,-0.038823991887285914,-0.03897347053733258,0.000961898875478373,0.00014947865004666383,0.0016571471662264307,0.0014039410732221299,0.0051311285558079504
stock,301127.SZ,1,-0.006264499416130054,-0.007257988035164642,-0.007406427833444029,-0.006264499416130054,-0.007257988035164642,-0.007406427833444029,0.0009934886190345882,0.00014843979827938725,0.001711569575224432,0.00139418391616583,0.0029533665323733405
stock,000565.SZ,1,-0.01817129049164834,-0.019152875277705705,-0.019300326046153837,-0.01817129049164834,-0.019152875277705705,-0.019300326046153837,0.0009815847860573657,0.00014745076844813187,0.0016910618029540602,0.001384894699262226,0.0032187169679171166
stock,002548.SZ,1,-0.010906167978946169,-0.011895016082584364,-0.012042106700157151,-0.010906167978946169,-0.011895016082584364,-0.012042106700157151,0.0009888481036381958,0.00014709061757278707,0.0017035749542356742,0.0013815120716676123,0.0026652888899964646
stock,301201.SZ,1,0.00589484954834929,0.004889204601193242,0.004742288080721968,0.00589484954834929,0.004889204601193242,0.004742288080721968,0.001005644947156048,0.00014691652047127413,0.00173251234292252,0.0013798769079069906,0.004465620845393961
stock,301319.SZ,1,-0.02702004190057994,-0.027992780133593187,-0.028139357516424046,-0.02702004190057994,-0.027992780133593187,-0.028139357516424046,0.0009727382330132484,0.0001465773828308592,0.001675821073723932,0.0013766916418994,0.003085722417915309
stock,002300.SZ,1,0.10003306010494062,0.09893330033472614,0.09878703850478643,0.10003306010494062,0.09893330033472614,0.09878703850478643,0.0010997597702144812,0.00014626182993970893,0.001894652164796853,0.0013737278897881684,0.003456888712473832
stock,300600.SZ,1,0.04514501425508066,0.04410012889444581,0.0439540782259793,0.04514501425508066,0.04410012889444581,0.0439540782259793,0.0010448853606348507,0.00014605066846651305,0.0018001152288970067,0.0013717446081274814,0.005094754797093748
stock,603696.SH,1,-0.014556035269650103,-0.015541234412763005,-0.01568630454043063,-0.014556035269650103,-0.015541234412763005,-0.01568630454043063,0.0009851991431129026,0.00014507012766762362,0.0016972885713857572,0.0013625351223507424,0.002541062032461637
stock,000935.SZ,1,-0.005249040915154879,-0.006243544740412221,-0.006386689696696868,-0.005249040915154879,-0.006243544740412221,-0.006386689696696868,0.0009945038252573424,0.00014314495628464652,0.0017133185596115235,0.0013444534285656457,0.0038600128919452077
stock,001311.SZ,1,0.015269208189487182,0.014254191212635714,0.0141110797680577,0.015269208189487182,0.014254191212635714,0.0141110797680577,0.0010150169768514683,0.0001431114445780146,0.0017486583566537783,0.0013441386781891898,0.0032129603573303324
stock,688727.SH,1,-0.003878639052048549,-0.004874512938709108,-0.005015551629235282,-0.003878639052048549,-0.004874512938709108,-0.005015551629235282,0.0009958738866605588,0.00014103869052617402,0.001715678883996732,0.0013246708508629584,0.00305242961677511
stock,603817.SH,1,-0.009756189066653431,-0.010746186863505702,-0.010886581731126999,-0.009756189066653431,-0.010746186863505702,-0.010886581731126999,0.000989997796852271,0.00014039486762129627,0.0017055556311033825,0.001318623904227055,0.0024474801356393493
stock,002927.SZ,1,0.026692548044942033,0.025666110566225475,0.025528814858003512,0.026692548044942033,0.025666110566225475,0.025528814858003512,0.0010264374787165575,0.0001372957082219628,0.0017683334522226386,0.0012895158197492491,0.0043462236531922145
stock,605365.SH,1,-0.006536789334227966,-0.007530005730991718,-0.007666310461058812,-0.006536789334227966,-0.007530005730991718,-0.007666310461058812,0.000993216396763752,0.00013630473006709387,0.001711100594153552,0.0012802083037002881,0.0030543310937529073
stock,605133.SH,1,-0.005203200587553969,-0.00619775024175051,-0.006332595382162132,-0.005203200587553969,-0.00619775024175051,-0.006332595382162132,0.0009945496541965415,0.00013484514041162132,0.0017133975131259323,0.0012664994705878113,0.002809529063549111
stock,688339.SH,1,0.031017213397388943,0.029986452327730673,0.029856527188194537,0.031017213397388943,0.029986452327730673,0.029856527188194537,0.0010307610696582703,0.0001299251395361356,0.0017757820797859242,0.0012202895850474554,0.0032585899690173266
stock,601880.SH,1,0.0001885336853653108,-0.0008114063635931146,-0.0009411335669222698,0.0001885336853653108,-0.0008114063635931146,-0.0009411335669222698,0.0009999400489584254,0.00012972720332915522,0.0017226840167618319,0.001218430518413051,0.001967297693349352
stock,002290.SZ,1,0.013437463151325435,0.012424277464437417,0.012294814746242944,0.013437463151325435,0.012424277464437417,0.012294814746242944,0.0010131856868880185,0.00012946271819447297,0.0017455034335627617,0.0012159464075134597,0.0035453089017641296
stock,688392.SH,1,-0.014491560712194818,-0.015476824313847226,-0.015605539009265645,-0.014491560712194818,-0.015476824313847226,-0.015605539009265645,0.0009852636016524086,0.0001287146954184193,0.0016973996197389724,0.0012089207894825265,0.002603330169790449
stock,603992.SH,1,-0.02476288009981431,-0.025737874933863925,-0.02586653112722548,-0.02476288009981431,-0.025737874933863925,-0.02586653112722548,0.000974994834049614,0.00012865619336155376,0.0016797087173297707,0.0012083713234519206,0.0028094212255144893
stock,600710.SH,1,0.010094756271827876,0.009084912461364114,0.00895629941842735,0.010094756271827876,0.009084912461364114,0.00895629941842735,0.001009843810463762,0.0001286130429367649,0.0017397460913020364,0.0012079660438105192,0.0027488462003017917
stock,301368.SZ,1,-0.021394010325109125,-0.0223723731919786,-0.02250091120683051,-0.021394010325109125,-0.0223723731919786,-0.02250091120683051,0.0009783628668694755,0.00012853801485190886,0.001685511121496649,0.0012072613611689399,0.0024361271814300847
stock,301017.SZ,1,-0.026856845259232376,-0.027829746648342923,-0.027957156516383863,-0.026856845259232376,-0.027829746648342923,-0.027957156516383863,0.0009729013891105476,0.00012740986804093968,0.0016761021569762203,0.0011966655226057087,0.0020761218376252654
stock,688796.SH,1,-0.00782898297463075,-0.008820907498783948,-0.008948053427243141,-0.00782898297463075,-0.008820907498783948,-0.008948053427243141,0.0009919245241531982,0.0001271459284591936,0.0017088749724273181,0.0011941865356764935,0.002101575887695147
stock,002554.SZ,1,-0.008186425858159319,-0.009177993028231302,-0.009304833169795912,-0.008186425858159319,-0.009177993028231302,-0.009304833169795912,0.000991567170071983,0.00012684014156461032,0.0017082593273547208,0.0011913145082610432,0.002002830399921169
stock,688433.SH,1,-0.0038676941218830363,-0.004863578950754732,-0.004990179059520705,-0.0038676941218830363,-0.004863578950754732,-0.004990179059520705,0.000995884828871696,0.00012660010876597294,0.0017156977350991092,0.0011890600598510378,0.0029143953207936284
stock,300689.SZ,1,0.03289636637480031,0.031863726619017596,0.03173974976877614,0.03289636637480031,0.031863726619017596,0.03173974976877614,0.001032639755782716,0.00012397685024145844,0.0017790186563811572,0.0011644217560725632,0.002688959937185896
stock,300177.SZ,1,0.04578239412513807,0.04473687154298256,0.04461315071570571,0.04578239412513807,0.04473687154298256,0.04461315071570571,0.0010455225821555114,0.00012372082727685196,0.0018012130260398678,0.0011620171240024522,0.00378023097967332
stock,605118.SH,1,-0.015267948552734056,-0.016252435959430045,-0.0163756489174387,-0.015267948552734056,-0.016252435959430045,-0.0163756489174387,0.0009844874066959886,0.00012321295800865606,0.0016960624009259959,0.0011572470881128791,0.002185419433966973
stock,300376.SZ,1,0.03681216624906858,0.03577561166624488,0.035652512093054645,0.03681216624906858,0.03577561166624488,0.035652512093054645,0.001036554582823701,0.0001230995731902329,0.0017857630706877117,0.0011561821493834058,0.002178990441942282
stock,300264.SZ,1,-0.032442408657806565,-0.03340972587118407,-0.03353275988048743,-0.032442408657806565,-0.03340972587118407,-0.03353275988048743,0.0009673172133775054,0.00012303400930335773,0.0016664818099442944,0.0011555663568693884,0.0018244689381426578
stock,002653.SZ,1,0.005384306181700049,0.004379171651072156,0.0042563662346297715,0.005384306181700049,0.004379171651072156,0.0042563662346297715,0.0010051345306278936,0.00012280541644238419,0.0017316330038102817,0.0011534193552309208,0.0018888698936042586
stock,300004.SZ,1,-0.010629237293873772,-0.011618362259396942,-0.011740890440140928,-0.010629237293873772,-0.011618362259396942,-0.011740890440140928,0.0009891249655231693,0.00012252818074398597,0.001704051928374865,0.0011508154878303043,0.0017123745086341348
stock,603248.SH,1,-0.0027716933860946202,-0.0037686739434139582,-0.0038903974601409708,-0.0027716933860946202,-0.0037686739434139582,-0.0038903974601409708,0.000996980557319338,0.00012172351672701254,0.0017175854421525776,0.0011432578810200993,0.0019272710042890695
stock,002443.SZ,1,-0.0006257068728038329,-0.0016248328834920223,-0.0017460380580437418,-0.0006257068728038329,-0.0016248328834920223,-0.0017460380580437418,0.0009991260106881894,0.00012120517455171953,0.0017212816019684363,0.001138389480953267,0.002741998784871488
stock,002545.SZ,1,0.05788016557857523,0.056822548230510916,0.056701618904692275,0.05788016557857523,0.056822548230510916,0.056701618904692275,0.0010576173480643103,0.00012092932581864169,0.001822049735139845,0.0011357986402797437,0.0017409588957863747
stock,688186.SH,1,-0.00583628889617005,-0.006830205619341001,-0.006950594986203984,-0.00583628889617005,-0.006830205619341001,-0.006950594986203984,0.0009939167231709511,0.00012038936686298296,0.0017123071075934877,0.0011307272099753708,0.0024617098594620396
stock,600640.SH,1,-0.01687563502722711,-0.017858515146858767,-0.017977919960078803,-0.01687563502722711,-0.017858515146858767,-0.017977919960078803,0.0009828801196316572,0.00011940481322003649,0.0016932933871846663,0.0011214800345580686,0.0018610582312093137
stock,300774.SZ,1,-0.005372295189479237,-0.006366675791083187,-0.0064801447797782075,-0.005372295189479237,-0.006366675791083187,-0.0064801447797782075,0.0009943806016039503,0.0001134689886950202,0.0017131062714664425,0.001065729277834563,0.0017813794426845388
stock,000564.SZ,1,-0.018380455607319046,-0.019361831280225172,-0.019475299061890494,-0.018380455607319046,-0.019361831280225172,-0.019475299061890494,0.0009813756729061263,0.00011346778166532179,0.0016907015454729142,0.0010657179411080826,0.0019392751714275723
stock,603703.SH,1,-0.01073447312067477,-0.011723492876515751,-0.01183606203943166,-0.01073447312067477,-0.011723492876515751,-0.01183606203943166,0.0009890197558409808,0.00011256916291590979,0.00170387067447059,0.0010572778878223917,0.0017256231570344682
stock,300982.SZ,1,0.042886718493734266,0.0418440908678146,0.04173291021099934,0.042886718493734266,0.0418440908678146,0.04173291021099934,0.0010426276259196676,0.00011118065681525735,0.0017962256322036994,0.0010442366893333973,0.0019288397026192101
stock,301002.SZ,1,-0.03546571272561427,-0.0364300073860272,-0.03654002429643233,-0.03546571272561427,-0.0364300073860272,-0.03654002429643233,0.0009642946604129232,0.00011001691040513073,0.0016612745940843782,0.001033306490382032,0.002302670360763971
stock,605305.SH,1,-0.005382324543236727,-0.00637669511797867,-0.0064860972523390625,-0.005382324543236727,-0.00637669511797867,-0.0064860972523390625,0.000994370574741943,0.00010940213436039237,0.0017130889973159208,0.0010275323591614743,0.002259661345267908
stock,688582.SH,1,-0.013997115835848839,-0.014982873759538773,-0.015091491349525032,-0.013997115835848839,-0.014982873759538773,-0.015091491349525032,0.0009857579236899339,0.00010861758998625959,0.0016982512314671606,0.0010201637210966636,0.0016260302731064187
stock,603216.SH,1,-0.010264244951821877,-0.011253734819009154,-0.01136210172932195,-0.010264244951821877,-0.011253734819009154,-0.01136210172932195,0.0009894898671872765,0.000108366910312796,0.0017046805763274119,0.0010178092745607365,0.0017580386757960443
stock,688146.SH,1,0.029148225760900814,0.028119333214551512,0.028013550918672525,0.029148225760900814,0.028119333214551512,0.028013550918672525,0.0010288925463493026,0.00010578229587898669,0.0017725630115601257,0.0009935339258006636,0.0022314405510765584
stock,601369.SH,1,0.0011246357430341192,0.0001237598245813487,1.9572724478056358e-05,0.0011246357430341192,0.0001237598245813487,1.9572724478056358e-05,0.0010008759184527705,0.00010418710010329235,0.0017242963208408241,0.0009785514459038451,0.001490358182048863
stock,002062.SZ,1,0.022215522885002725,0.021193561319183374,0.021089838634087865,0.022215522885002725,0.021193561319183374,0.021089838634087865,0.0010219615658193515,0.00010372268509550864,0.0017606224063289708,0.0009741895433562585,0.001584607754119584
stock,605488.SH,1,-0.028271646777753512,-0.029243133716835734,-0.029345784680879117,-0.028271646777753512,-0.029243133716835734,-0.029345784680879117,0.0009714869390822223,0.00010265096404338259,0.0016736653604314251,0.0009641236697104443,0.002129765776878922
stock,300521.SZ,1,-0.042736288490202945,-0.04369331438113788,-0.04379377059310652,-0.042736288490202945,-0.04369331438113788,-0.04379377059310652,0.0009570258909349372,0.00010045621196863586,0.0016487520503435848,0.0009435100062721238,0.0014463941033405195
stock,002723.SZ,1,-0.02812904274852135,-0.029100672256204718,-0.029200565897534836,-0.02812904274852135,-0.029100672256204718,-0.029200565897534836,0.0009716295076833692,9.989364133011769e-05,0.0016739109758068106,0.0009382262013557836,0.00171478362398875
stock,300984.SZ,1,-0.035549115481146365,-0.03651332675952412,-0.03661200132793907,-0.035549115481146365,-0.03651332675952412,-0.03661200132793907,0.0009642112783777579,9.867456841494704e-05,0.0016611309445731758,0.0009267763619551306,0.0020836326384800485
stock,600320.SH,1,0.009859389371898342,0.008849780869860435,0.008751698973575639,0.009859389371898342,0.008849780869860435,0.008751698973575639,0.0010096085020379064,9.808189628479624e-05,0.0017393407049344708,0.0009212098362592336,0.0015125290560010268
stock,600513.SH,1,-0.008174971073005688,-0.009166549695017068,-0.009263997574347593,-0.008174971073005688,-0.009166549695017068,-0.009263997574347593,0.0009915786220113798,9.744787933052557e-05,0.00170827905661047,0.000915254989577504,0.0015998997403947172
stock,603737.SH,1,-0.02244122121191927,-0.02341853712806885,-0.02351358961826089,-0.02244122121191927,-0.02341853712806885,-0.02351358961826089,0.0009773159161495792,9.505249019203799e-05,0.001683707448093047,0.0008927568923788536,0.0012980103189224334
stock,300170.SZ,2,0.024518533508786966,0.02247102950974944,0.022375934020121058,0.012199299582764,0.011187351751837604,0.01114021093786799,0.0020238956618527926,9.428162793923e-05,0.003486741742066554,0.0008855167602384054,0.0003470418397405992
stock,300071.SZ,1,-0.0035932621931502595,-0.004589421385771453,-0.004683508596105002,-0.0035932621931502595,-0.004589421385771453,-0.004683508596105002,0.0009961591926211932,9.408721033354883e-05,0.001716170405482229,0.0008836907411922868,0.0010832464576122928
stock,603052.SH,1,0.007635531511528182,0.006628146314860306,0.006534147053175676,0.007635531511528182,0.006628146314860306,0.006534147053175676,0.001007385196667876,9.399926168462969e-05,0.0017355104226797278,0.0008828647053636689,0.0012144227271926858
stock,000525.SZ,1,-0.014713592586218738,-0.015698634211158247,-0.01579215672991041,-0.014713592586218738,-0.015698634211158247,-0.01579215672991041,0.0009850416249395089,9.352251875216488e-05,0.0016970172010771698,0.000878387015847161,0.0012929964810499423
stock,601111.SH,1,-0.004882536658947112,-0.0058774068974070115,-0.005970464145933163,-0.004882536658947112,-0.0058774068974070115,-0.005970464145933163,0.0009948702384598995,9.30572485261516e-05,0.0017139498116233148,0.0008740170808748859,0.0010443623643500452
stock,601015.SH,1,-0.02064767605449591,-0.021626785070218313,-0.021718581660002845,-0.02064767605449591,-0.021626785070218313,-0.021718581660002845,0.0009791090157224014,9.179658978453187e-05,0.0016867965772641217,0.0008621766569339153,0.0012340299555835597
stock,300875.SZ,1,-0.020108852589125203,-0.021088500294448753,-0.021180125238957292,-0.020108852589125203,-0.021088500294448753,-0.021180125238957292,0.0009796477053235497,9.162494450853931e-05,0.001687724624867436,0.0008605645213351842,0.001423072644357359
stock,000603.SZ,1,0.010247766582664353,0.009237769799903095,0.00914614815458803,0.010247766582664353,0.009237769799903095,0.00914614815458803,0.0010099967827612577,9.162164531506534e-05,0.0017400096300333612,0.0008605335344803714,0.0015123934393671123
stock,688323.SH,1,0.06062046681205757,0.05956010984355453,0.05946916658997248,0.06062046681205757,0.05956010984355453,0.05946916658997248,0.00106035696850304,9.094325358205424e-05,0.0018267695184375635,0.000854161908717018,0.0010557993102885425
stock,300005.SZ,1,0.014370886339241773,0.01335676746106329,0.013266152325526193,0.014370886339241773,0.01335676746106329,0.013266152325526193,0.0010141188781784827,9.061513553709766e-05,0.0017471111236661218,0.0008510801415212607,0.000932427709812086
stock,603358.SH,1,0.06109371855986123,0.06003288845718413,0.059942309166928665,0.06109371855986123,0.06003288845718413,0.059942309166928665,0.0010608301026771016,9.057929025546585e-05,0.0018275846279836696,0.0008507434736215412,0.0021019725751434174
stock,002093.SZ,1,-0.08914158773351832,-0.09005221985404444,-0.09014183482235782,-0.08914158773351832,-0.09005221985404444,-0.09014183482235782,0.0009106321205261114,8.961496831338955e-05,0.0015688254519001564,0.0008416863194268278,0.002427770195042202
stock,601898.SH,1,-0.022255853840918105,-0.02323335507838631,-0.02332285008204149,-0.022255853840918105,-0.02323335507838631,-0.02332285008204149,0.0009775012374682035,8.949500365518226e-05,0.0016840267173071281,0.0008405595811873555,0.0013087496062299622
stock,301529.SZ,1,0.07824952257900675,0.07717154093446221,0.07708216038293503,0.07824952257900675,0.07717154093446221,0.07708216038293503,0.0010779816445445345,8.938055152718505e-05,0.0018571330864823813,0.0008394846180179476,0.001376119834716999
stock,603730.SH,1,0.02198648088521682,0.020964748304494796,0.020876375916329737,0.02198648088521682,0.020964748304494796,0.020876375916329737,0.0010217325807220234,8.837238816505888e-05,0.0017602279137114837,0.000830015694180565,0.0008334265382011889
stock,002952.SZ,1,-0.03989427870117768,-0.04085414589583858,-0.04094220028179474,-0.03989427870117768,-0.04085414589583858,-0.04094220028179474,0.0009598671946609016,8.805438595616e-05,0.0016536470123171385,0.000827028937461066,0.0012328951213107155
stock,688068.SH,1,-0.022777663439164653,-0.02375464299667185,-0.023842526155417598,-0.022777663439164653,-0.02375464299667185,-0.023842526155417598,0.000976979557507196,8.788315874574959e-05,0.0016831279736958201,0.0008254207284394206,0.001773604053891314
stock,300257.SZ,1,-0.019001905730877455,-0.01998266010805172,-0.020070240209536294,-0.019001905730877455,-0.01998266010805172,-0.020070240209536294,0.0009807543771742644,8.758010148457451e-05,0.0016896311850767328,0.0008225743384274083,0.0012530423869154307
stock,300765.SZ,1,-0.022809855320285344,-0.023786802693909093,-0.023874106893281732,-0.022809855320285344,-0.023786802693909093,-0.023874106893281732,0.0009769473736237488,8.730419937263978e-05,0.0016830725277101636,0.000819982996406237,0.0009525132156446105
stock,301500.SZ,1,0.03189589659773051,0.030864257063170086,0.030778245674575322,0.03189589659773051,0.030864257063170086,0.030778245674575322,0.0010316395345604246,8.601138859476443e-05,0.001777295487962548,0.0008078405924549245,0.0011761877496752546
stock,603926.SH,1,0.035708267219760614,0.03467281626171581,0.034588047107190434,0.035708267219760614,0.03467281626171581,0.034588047107190434,0.0010354509580448035,8.476915452537703e-05,0.0017838617599350425,0.0007961732176691314,0.0008459612077720487
stock,001359.SZ,1,-0.03451842664800164,-0.03548366835915051,-0.03556793238173683,-0.03451842664800164,-0.03548366835915051,-0.03556793238173683,0.0009652417111488676,8.426402258632226e-05,0.0016629061610643919,0.0007914288914632556,0.0008655439753465379
stock,605060.SH,1,-0.027217839348147033,-0.02819037983285322,-0.028273969908902408,-0.027217839348147033,-0.02819037983285322,-0.028273969908902408,0.0009725404847061858,8.359007604918922e-05,0.0016754803954519965,0.0007850990160974991,0.0011873252554055356
stock,688108.SH,1,0.03718570640885899,0.036148778378676694,0.036065400127306635,0.03718570640885899,0.036148778378676694,0.036065400127306635,0.0010369280301822936,8.337825137005872e-05,0.0017864064410541844,0.0007831095054398864,0.0008782059236570321
stock,603301.SH,1,0.03659334215717358,0.0355570063440771,0.03547468990596103,0.03659334215717358,0.0355570063440771,0.03547468990596103,0.0010363358130964784,8.231643811607015e-05,0.0017853861769801034,0.0007731366883258648,0.001401200184005608
stock,605287.SH,1,0.03261332559852903,0.03158096881320449,0.03150170995282764,0.03261332559852903,0.03158096881320449,0.03150170995282764,0.0010323567853245397,7.925886037685181e-05,0.0017785311584696333,0.0007444191492571202,0.0010936057636523283
stock,002408.SZ,1,0.003433058433929048,0.0024298746662851922,0.0023508198074342346,0.003433058433929048,0.0024298746662851922,0.0023508198074342346,0.001003183767643856,7.905485885095764e-05,0.0017282722541167449,0.0007425031156221268,0.0008603203643766459
stock,003041.SZ,1,-0.024641130676185674,-0.025616247229411693,-0.025694810435063387,-0.024641130676185674,-0.025616247229411693,-0.025694810435063387,0.0009751165532260186,7.856320565169383e-05,0.001679918413581005,0.0007378853851300998,0.001192238005996242
stock,000659.SZ,1,0.07560683133948887,0.07453149172963913,0.07445344381267982,0.07560683133948887,0.07453149172963913,0.07445344381267982,0.0010753396098497348,7.804791695931179e-05,0.0018525814226649328,0.0007330456641426795,0.0009434966286978463
stock,301550.SZ,1,0.06572222318044618,0.06465676572304413,0.0645798852024082,0.06572222318044618,0.06465676572304413,0.0645798852024082,0.0010654574574020526,7.688052063592465e-05,0.0018355565759348128,0.0007220811842880645,0.0005879056683420829
stock,003018.SZ,1,0.015205873117664082,0.01419091946014972,0.014114120545611675,0.015205873117664082,0.01419091946014972,0.014114120545611675,0.0010149536575143614,7.679891453804544e-05,0.0017485492709039881,0.0007213147192938847,0.000644137278279092
stock,688608.SH,1,0.020094668557220974,0.019074827318829035,0.019000195401826625,0.020094668557220974,0.019074827318829035,0.019000195401826625,0.0010198412383919386,7.463191700241012e-05,0.0017569695331659141,0.0007009617334668131,0.0008124183671869421
stock,002824.SZ,1,-0.0048538951229449845,-0.005848793995825274,-0.005923205335637172,-0.0048538951229449845,-0.005848793995825274,-0.005923205335637172,0.0009948988728802899,7.441133981189729e-05,0.0017139991426390962,0.0006988900170211518,0.0007000813006708366
stock,688510.SH,1,-0.028088642933770003,-0.029060312831231117,-0.02913438582335348,-0.028088642933770003,-0.029060312831231117,-0.02913438582335348,0.0009716698974611138,7.407299212236484e-05,0.0016739805588029447,0.0006957121704309122,0.0007312878967099723
stock,002036.SZ,1,0.0696080023710719,0.0685386600998541,0.06846590894704718,0.0696080023710719,0.0685386600998541,0.06846590894704718,0.0010693422712177991,7.27511528069158e-05,0.0018422492838381047,0.0006832971231543988,0.001436620402222107
stock,002291.SZ,1,-0.009246909122419655,-0.010237416072691574,-0.010309410910750216,-0.009246909122419655,-0.010237416072691574,-0.010309410910750216,0.0009905069502719188,7.199483805864215e-05,0.0017064327941483275,0.0006761936248350499,0.0009205473830447208
stock,000818.SZ,1,-0.013971337744411949,-0.014957121439789,-0.015029052897266637,-0.013971337744411949,-0.014957121439789,-0.015029052897266637,0.0009857836953770516,7.193145747763641e-05,0.0016982956306024176,0.0006755983384788319,0.000687526095453749
stock,600233.SH,1,0.025570198051857673,0.024544882644300214,0.024473993866142685,0.025570198051857673,0.024544882644300214,0.024473993866142685,0.0010253154075574589,7.088877815752959e-05,0.0017664003622804346,0.0006658052320837694,0.0007791931128055791
stock,688365.SH,1,-0.027980364524643475,-0.028952142673613235,-0.02902281019224373,-0.027980364524643475,-0.028952142673613235,-0.02902281019224373,0.0009717781489697597,7.066751863049614e-05,0.0016741670531272084,0.0006637271069619077,0.0007143919545749589
stock,300785.SZ,1,-0.021291367819037732,-0.02226983330291299,-0.022339818357424046,-0.021291367819037732,-0.02226983330291299,-0.022339818357424046,0.0009784654838752571,6.998505451105697e-05,0.001685687908770938,0.0006573172323210682,0.0006006405350794194
stock,301235.SZ,1,-0.0520642529717964,-0.05301195321566954,-0.053080209185181526,-0.0520642529717964,-0.05301195321566954,-0.053080209185181526,0.0009477002438731397,6.825596951198776e-05,0.0016326859440244565,0.000641077231166872,0.0008274127811776169
stock,301218.SZ,1,0.06246078295730517,0.061398586129861155,0.06133042958306412,0.06246078295730517,0.061398586129861155,0.06133042958306412,0.0010621968274440174,6.815654679703798e-05,0.0018299392040542358,0.0006401434280245123,0.0007213032738368733
stock,601615.SH,1,0.013133458548239663,0.012120576790428439,0.012052553554207535,0.013133458548239663,0.012120576790428439,0.012052553554207535,0.0010128817578112237,6.802323622090434e-05,0.0017449798284092637,0.0006388913415675468,0.0005147160212782483
stock,300991.SZ,1,-0.018878823317844184,-0.01985970074685317,-0.01992770640163044,-0.018878823317844184,-0.01985970074685317,-0.01992770640163044,0.0009808774290089861,6.800565477727005e-05,0.0016898431772147907,0.0006387262122274236,0.0006621707041642459
stock,002389.SZ,1,-0.012614279916651427,-0.013601420332711611,-0.013668963899672648,-0.012614279916651427,-0.013601420332711611,-0.013668963899672648,0.0009871404160601838,6.754356696103692e-05,0.0017006329717644969,0.0006343861672481393,0.0005398003429675459
stock,301123.SZ,1,-0.014407083851315172,-0.015392431908841209,-0.015458207067254648,-0.014407083851315172,-0.015392431908841209,-0.015458207067254648,0.0009853480575260365,6.577515841343917e-05,0.0016975451192454399,0.0006177768294367895,0.0005428879323114709
stock,300658.SZ,1,-0.0319064499439603,-0.03287430298289917,-0.03293996308709701,-0.0319064499439603,-0.03287430298289917,-0.03293996308709701,0.0009678530389388706,6.566010419783996e-05,0.0016674049234162449,0.0006166962113092064,0.0006859730582709418
stock,688498.SH,1,-0.007044820923902129,-0.008037529415290567,-0.008103142560465182,-0.007044820923902129,-0.008037529415290567,-0.008103142560465182,0.0009927084913884388,6.561314517461447e-05,0.001710225581223536,0.0006162551603534741,0.000867763996784003
stock,000682.SZ,1,-0.02147025868009511,-0.02244854531755247,-0.022513939712368036,-0.02147025868009511,-0.02244854531755247,-0.022513939712368036,0.0009782866374573596,6.539439481556553e-05,0.0016853797944335954,0.0006142006019683467,0.000596539189821037
stock,688778.SH,1,-0.008241924774648579,-0.00923343645959207,-0.009297449817771697,-0.008241924774648579,-0.00923343645959207,-0.009297449817771697,0.0009915116849434913,6.40133581796265e-05,0.0017081637382800354,0.0006012295585704164,0.00046942124303871765
stock,688226.SH,1,-0.010956060594355277,-0.011944858817773185,-0.012008820240254736,-0.010956060594355277,-0.011944858817773185,-0.012008820240254736,0.0009887982234179082,6.396142248155101e-05,0.001703489021225659,0.0006007417654329222,0.0007868804988192858
stock,688169.SH,1,0.0029323866760480044,0.0019297034557761439,0.0018659048237632536,0.0029323866760480044,0.0019297034557761439,0.0018659048237632536,0.0010026832202718605,6.379863201289027e-05,0.0017274099174613955,0.0005992127964115232,0.0005551014967183298
stock,002575.SZ,1,0.02159196523412321,0.020570627071039516,0.02050722500837643,0.02159196523412321,0.020570627071039516,0.02050722500837643,0.001021338163083696,6.340206266308712e-05,0.0017595484160134133,0.0005954881173460124,0.0005183377530265742
stock,301338.SZ,1,-0.019248238368663517,-0.020228746474398318,-0.02029109364322823,-0.019248238368663517,-0.020228746474398318,-0.02029109364322823,0.0009805081057348008,6.234716882991265e-05,0.0016892069117685573,0.0005855802891724234,0.00045854038342229783
stock,002181.SZ,1,-0.03454154898298212,-0.035506767577540455,-0.03556822619547806,-0.03454154898298212,-0.035506767577540455,-0.03556822619547806,0.0009652185945583369,6.145861793760421e-05,0.0016628663360958142,0.0005772347957325873,0.0007685085485432652
stock,688556.SH,1,-0.020179634638294752,-0.021159211579154125,-0.02122023061766054,-0.020179634638294752,-0.021159211579154125,-0.02122023061766054,0.0009795769408593724,6.101903850641577e-05,0.0016876027127472844,0.000573106155166216,0.0006705192467520886
stock,002218.SZ,1,0.027488058725250175,0.02646082593348842,0.026399945961829374,0.027488058725250175,0.02646082593348842,0.026399945961829374,0.0010272327917617563,6.0879971659044685e-05,0.001769703607436157,0.0005718000043621592,0.00042702971708341776
stock,600714.SH,1,-0.021670818897872368,-0.02264890502493877,-0.022709436897611845,-0.021670818897872368,-0.02264890502493877,-0.022709436897611845,0.000978086127066402,6.053187267307525e-05,0.001685034357678605,0.000568530571143456,0.0004269731217857997
stock,688308.SH,1,0.023990203482342265,0.022966467676823754,0.022906147801164733,0.023990203482342265,0.022966467676823754,0.022906147801164733,0.0010237358055185108,6.031987565902064e-05,0.001763679043949226,0.000566539441872896,0.0005621518453084043
stock,301246.SZ,1,0.03302247002645964,0.03198970419835412,0.031930756031551155,0.03302247002645964,0.03198970419835412,0.031930756031551155,0.0010327658281055196,5.894816680296344e-05,0.0017792358521777213,0.0005536560073294341,0.0006585896355641564
stock,688516.SH,1,0.023989528528481463,0.02296579339774918,0.022907798538306823,0.023989528528481463,0.02296579339774918,0.022907798538306823,0.001023735130732284,5.799485944235627e-05,0.0017636778814360842,0.0005447023048539062,0.00040026378984806145
stock,605196.SH,1,-0.033769080886401626,-0.034735071757146296,-0.03479159930081954,-0.033769080886401626,-0.034735071757146296,-0.03479159930081954,0.0009659908707446707,5.652754367324597e-05,0.001664196803701456,0.000530920906139124,0.0005948607835411064
stock,600126.SH,1,0.009382624047519883,0.008373492192359944,0.008317255259072454,0.009382624047519883,0.008373492192359944,0.008317255259072454,0.0010091318551599393,5.623693328749013e-05,0.001738519543746689,0.0005281914203112805,0.000421898346799766
stock,300731.SZ,1,-0.030739170393236148,-0.03170819042172923,-0.03176422369651233,-0.030739170393236148,-0.03170819042172923,-0.03176422369651233,0.0009690200284930839,5.6033274783096054e-05,0.0016694153981990734,0.0005262786084204815,0.000496407794634904
stock,688585.SH,1,-0.0696355047794236,-0.07056563813685379,-0.07062030179147338,-0.0696355047794236,-0.07056563813685379,-0.07062030179147338,0.0009301333574301962,5.4663654619591107e-05,0.0016024219351660743,0.00051341479140275,0.0006963365940687024
stock,300919.SZ,1,0.013265127825580869,0.012252114431203776,0.012197942074344548,0.013265127825580869,0.012252114431203776,0.012197942074344548,0.0010130133943770936,5.417235685922783e-05,0.0017452066102131146,0.0005088003992822651,0.0005782013912450595
stock,603067.SH,1,0.03668114800121014,0.03564472440408406,0.03559082418494741,0.03668114800121014,0.03564472440408406,0.03559082418494741,0.0010364235971260793,5.3900219136648886e-05,0.0017855374101914125,0.0005062444133526194,0.0005782243931592816
stock,600184.SH,1,0.02990442327324261,0.028874774717249307,0.028821459129090288,0.02990442327324261,0.028874774717249307,0.028821459129090288,0.001029648555993301,5.331558815901971e-05,0.0017738654553732228,0.0005007534121834532,0.00030329856601651184
stock,600577.SH,1,-0.025690354296767914,-0.026664421887040324,-0.02671729415660573,-0.025690354296767914,-0.026664421887040324,-0.02671729415660573,0.0009740675902724094,5.287226956540714e-05,0.0016781112735267186,0.0004965896524632426,0.00041284659710366645
stock,688663.SH,1,0.04035182965466655,0.03931173628782325,0.03926124954921151,0.04035182965466655,0.03931173628782325,0.03926124954921151,0.0010400933668432977,5.0486738611743576e-05,0.0017918596428528942,0.0004741841458156678,0.0003434089283986203
stock,000875.SZ,1,-0.021238776032412865,-0.022217294095008833,-0.02226777873275687,-0.021238776032412865,-0.022217294095008833,-0.02226777873275687,0.0009785180625959677,5.048463774803835e-05,0.0016857784907232103,0.0004741644139754078,0.00036032893708008165
stock,300228.SZ,1,0.015334166933524074,0.014319085014066646,0.014268790990996427,0.015334166933524074,0.014319085014066646,0.014268790990996427,0.0010150819194574279,5.0294023070218685e-05,0.001748770238950532,0.00047237411298415254,0.00042341548609960833
stock,688235.SH,1,-0.019909212278370947,-0.02088905957440701,-0.020939096881671504,-0.019909212278370947,-0.02088905957440701,-0.020939096881671504,0.0009798472960360627,5.00373072644944e-05,0.0016880684772120824,0.00046996297357602225,0.0004100288463493984
stock,300738.SZ,1,-0.01185720463178086,-0.012845101935039849,-0.012893691600531776,-0.01185720463178086,-0.012845101935039849,-0.012893691600531776,0.0009878973032589888,4.8589665491927114e-05,0.0017019369274178695,0.0004563663579845325,0.00034568864469390994
stock,600977.SH,1,-0.011733184822440124,-0.01272120611469707,-0.01276940342654842,-0.011733184822440124,-0.01272120611469707,-0.01276940342654842,0.0009880212922569465,4.819731185135012e-05,0.001702150534088848,0.0004526812739202711,0.00026937108048242207
stock,000807.SZ,1,-0.009088141128995142,-0.010078806807816587,-0.010126714257601144,-0.009088141128995142,-0.010078806807816587,-0.010126714257601144,0.0009906656788214452,4.790744978455663e-05,0.0017067062496775442,0.00044995881649231465,0.000260535644611039
stock,000960.SZ,1,0.019004373808163333,0.017985622593650108,0.01793794957673045,0.019004373808163333,0.017985622593650108,0.01793794957673045,0.001018751214513225,4.7673016919658195e-05,0.0017550916538713456,0.0004477569640682976,0.00040812804968583526
stock,300436.SZ,1,-0.029792120708618253,-0.030762087551513106,-0.030809583838115273,-0.029792120708618253,-0.030762087551513106,-0.030809583838115273,0.0009699668428948538,4.749628660216665e-05,0.0016710465580255728,0.0004460970684809845,0.00048519843936892373
stock,688691.SH,1,0.025991363147734647,0.02496562667971447,0.02491869927134971,0.025991363147734647,0.02496562667971447,0.02491869927134971,0.0010257364680201775,4.6927408364760836e-05,0.0017671257598979929,0.0004407540210096105,0.0004232555206275694
stock,600399.SH,1,-0.00856197588931118,-0.009553167602652901,-0.009600063413350512,-0.00856197588931118,-0.009553167602652901,-0.009600063413350512,0.0009911917133417214,4.6895810697611395e-05,0.0017076124952682562,0.00044045724777333055,0.00046337923197301874
stock,000062.SZ,1,-0.005621504812782452,-0.0066156362666762725,-0.0066618201190395965,-0.005621504812782452,-0.0066156362666762725,-0.0066618201190395965,0.0009941314538938206,4.618385236332401e-05,0.001712677042955693,0.00043377035604921587,0.0002687526892065964
stock,600481.SH,1,-0.010559346053767515,-0.011548540893167258,-0.011594639815009633,-0.010559346053767515,-0.011548540893167258,-0.011594639815009633,0.000989194839399743,4.609892184237463e-05,0.001704172306202004,0.0004329726672375109,0.0002482328304798142
stock,300499.SZ,1,-0.02892516507158205,-0.02989599865472925,-0.029941803838629655,-0.02892516507158205,-0.02989599865472925,-0.029941803838629655,0.0009708335831472015,4.580518390040478e-05,0.0016725397671244172,0.00043021380661516467,0.00037327837481165307
stock,300300.SZ,1,0.025993110453329527,0.024967372238437813,0.0249225317860875,0.025993110453329527,0.024967372238437813,0.0249225317860875,0.0010257382148917138,4.484045235031431e-05,0.0017671287693860897,0.0004211528052789709,0.00025025891787643496
stock,300179.SZ,1,-0.02486505390676297,-0.02583994659238953,-0.025883542646340962,-0.02486505390676297,-0.02583994659238953,-0.025883542646340962,0.0009748926856265605,4.359605395143351e-05,0.0016795327373238544,0.0004094651025662744,0.0002817820255979809
stock,300721.SZ,1,0.038280827487143565,0.037242804607952484,0.03719988267311125,0.038280827487143565,0.037242804607952484,0.03719988267311125,0.0010380228791910806,4.292193484123352e-05,0.0017882926330215624,0.0004031336063508733,0.0002899546151438192
stock,603026.SH,1,0.0658796127373984,0.06481399792954101,0.06477170485419825,0.0658796127373984,0.06481399792954101,0.06477170485419825,0.0010656148078573846,4.229307534275861e-05,0.0018358276573008537,0.0003972271997910122,0.0004389531213868671
stock,002738.SZ,1,-0.014419974792062251,-0.015405309961850078,-0.015447415542360066,-0.014419974792062251,-0.015405309961850078,-0.015447415542360066,0.0009853351697878265,4.2105580509987917e-05,0.0016975229164137304,0.0003954662011690583,0.00031057411052972327
stock,003022.SZ,1,-0.025301897580808808,-0.026276353531289875,-0.02631787187623502,-0.025301897580808808,-0.026276353531289875,-0.02631787187623502,0.0009744559504810679,4.151834494514617e-05,0.0016787803355618868,0.00038995073706177106,0.00021187069927705354
stock,688802.SH,1,-0.01504752206159532,-0.016032229840020173,-0.016073043563628042,-0.01504752206159532,-0.016032229840020173,-0.016073043563628042,0.0009847077784248537,4.0813723607868724e-05,0.0016964420545416876,0.00038333275625873544,0.0002069423787571165
stock,601975.SH,1,-0.02940773150891074,-0.030378082645508453,-0.03041836459923042,-0.02940773150891074,-0.030378082645508453,-0.03041836459923042,0.0009703511365977135,4.0281953721965635e-05,0.001671708614336197,0.00037833823975695456,0.0002838623998590226
stock,688047.SH,1,0.03222770618683879,0.03119573492512373,0.031155844798455012,0.03222770618683879,0.03119573492512373,0.031155844798455012,0.001031971261715059,3.989012666871794e-05,0.0017778669832915028,0.0003746581015333199,0.0003362467545463251
stock,300083.SZ,1,0.01854706783213489,0.017528773809985188,0.017489226339733266,0.01854706783213489,0.017528773809985188,0.017489226339733266,0.0010182940221497017,3.9547470251921624e-05,0.0017543040086739684,0.0003714397862930278,0.0002275203314443382
stock,002326.SZ,1,-0.012815745037205506,-0.013802684038196733,-0.013841416433250875,-0.012815745037205506,-0.013802684038196733,-0.013841416433250875,0.0009869390009912271,3.873239505414183e-05,0.0017002859764417393,0.0003637843950544096,0.00017673057762763376
stock,301408.SZ,1,0.012875234286423787,0.011862610688721631,0.011824412000613682,0.012875234286423787,0.011862610688721631,0.011824412000613682,0.0010126235977021558,3.81986881079488e-05,0.001744535073452084,0.0003587716851952395,0.00022404218158654664
stock,600722.SH,1,-0.0724135121371573,-0.07334086817739194,-0.073378862732145,-0.0724135121371573,-0.07334086817739194,-0.073378862732145,0.0009273560402346392,3.799455475306246e-05,0.0015976372083744558,0.00035685441338919834,0.00027176357438671794
stock,002471.SZ,1,-0.002912278751150521,-0.003909118758031682,-0.003945877439936241,-0.002912278751150521,-0.003909118758031682,-0.003945877439936241,0.0009968400068811611,3.6758681904558443e-05,0.0017173433036427254,0.00034524678478970827,0.0001571439884416045
stock,300444.SZ,1,-0.033082383176962105,-0.03404906057481427,-0.034085583307691736,-0.033082383176962105,-0.03404906057481427,-0.034085583307691736,0.000966677397852167,3.6522732877464215e-05,0.0016653795438831193,0.00034303069218905274,0.00017172673811071394
stock,600256.SH,1,0.030030413995451255,0.029000639480036616,0.028964337375777305,0.030030413995451255,0.029000639480036616,0.028964337375777305,0.0010297745154146387,3.630210425931146e-05,0.0017740824566645753,0.00034095849272206403,0.00021992517705626192
stock,003035.SZ,1,-0.02395246396619577,-0.02492826901504097,-0.024963644583455125,-0.02395246396619577,-0.02492826901504097,-0.024963644583455125,0.0009758050488452019,3.5375568414153236e-05,0.001681104545089602,0.00033225623505232907,0.00015590206244898565
stock,603667.SH,1,-0.009056407307221348,-0.010047104711980559,-0.010081366456081042,-0.009056407307221348,-0.010047104711980559,-0.010081366456081042,0.000990697404759211,3.426174410048333e-05,0.0017067609067201966,0.0003217949169856589,0.00015552907413853224
stock,002015.SZ,1,0.0433321275692824,0.04228905464494348,0.04225556705353162,0.0433321275692824,0.04228905464494348,0.04225556705353162,0.001043072924338917,3.348759141186264e-05,0.0017969927866649386,0.0003145238802445548,0.0002178415923906712
stock,300063.SZ,1,-0.013989808860807473,-0.014975574089656996,-0.015008585947104969,-0.013989808860807473,-0.014975574089656996,-0.015008585947104969,0.0009857652288495222,3.301185744797319e-05,0.0016982638167033213,0.00031005566721464947,0.0001374749778355967
stock,300751.SZ,1,0.020419463765244394,0.019399297812335625,0.01936849847009925,0.020419463765244394,0.019399297812335625,0.01936849847009925,0.0010201659529087692,3.079934223637615e-05,0.0017575289472115234,0.00028927516792782727,0.000174130309651054
stock,002498.SZ,1,-0.027609524998985058,-0.028581673895349935,-0.028612429416778995,-0.027609524998985058,-0.028581673895349935,-0.028612429416778995,0.0009721488963648772,3.075552142906002e-05,0.001674805772030897,0.00028886359188513714,0.00013431701744227357
stock,002865.SZ,1,0.07630510967567061,0.07522907196096318,0.07520036904265259,0.07630510967567061,0.07522907196096318,0.07520036904265259,0.001076037714707434,2.87029183105858e-05,0.0018537841088476046,0.00026958502719278695,0.0001513752440925811
stock,600699.SH,1,-0.03637174278787825,-0.03733513164332103,-0.03736267136536797,-0.03637174278787825,-0.03733513164332103,-0.03736267136536797,0.0009633888554427816,2.7539722046943105e-05,0.001659714084785854,0.00025865999535555336,0.00010946099871777386
stock,300438.SZ,1,0.004952749309619087,0.003948046228648305,0.003922051213438804,0.004952749309619087,0.003948046228648305,0.003922051213438804,0.0010047030809707813,2.5995015209501204e-05,0.0017308897078205682,0.00024415172026412906,9.963769740469704e-05
stock,002131.SZ,1,0.021474342221217135,0.020453121651924366,0.020428749521283374,0.021474342221217135,0.020453121651924366,0.020428749521283374,0.001021220569292769,2.437213064099275e-05,0.001759345826923886,0.00022890918026182027,0.00012019303000618994
stock,688629.SH,1,-0.030402837769763824,-0.03137219404732261,-0.031395548868980994,-0.030402837769763824,-0.03137219404732261,-0.031395548868980994,0.0009693562775587861,2.335482165838343e-05,0.0016699946838189858,0.00021935435845685225,9.86080487833739e-05
stock,300342.SZ,1,-0.0007450444797436617,-0.0017440511824731164,-0.0017646194909777257,-0.0007450444797436617,-0.0017440511824731164,-0.0017646194909777257,0.0009990067027294547,2.0568308504609334e-05,0.0017210760597323805,0.0001931827261439038,4.864021890433237e-05
stock,688521.SH,1,-0.011870215308017018,-0.012858099603831996,-0.012878127405411388,-0.011870215308017018,-0.012858099603831996,-0.012878127405411388,0.000987884295814978,2.002780157939199e-05,0.0017019145183585268,0.0001881061491716289,5.97927916680419e-05
