ts_code,trade_date,open,high,low,close,vol,amount,pre_close,change,pct_chg,next_trade_date,name,industry,market,list_date,delist_date
000070.SZ,20250708,8.03,8.03,8.03,8.03,0.0,0.0,8.03,0.0,0.0,20250709,特发信息,通信设备,主板,20000511,
000403.SZ,20250606,16.96,16.96,16.96,16.96,0.0,0.0,16.96,0.0,0.0,20250609,派林生物,生物制药,主板,19960628,
000403.SZ,20250609,16.96,16.96,16.96,16.96,0.0,0.0,16.96,0.0,0.0,20250610,派林生物,生物制药,主板,19960628,
000407.SZ,20251028,3.78,3.78,3.78,3.78,0.0,0.0,3.78,0.0,0.0,20251029,胜利股份,供气供热,主板,19960703,
000407.SZ,20251029,3.78,3.78,3.78,3.78,0.0,0.0,3.78,0.0,0.0,20251030,胜利股份,供气供热,主板,19960703,
000407.SZ,20251030,3.78,3.78,3.78,3.78,0.0,0.0,3.78,0.0,0.0,20251031,胜利股份,供气供热,主板,19960703,
000407.SZ,20251031,3.78,3.78,3.78,3.78,0.0,0.0,3.78,0.0,0.0,20251103,胜利股份,供气供热,主板,19960703,
000407.SZ,20251103,3.78,3.78,3.78,3.78,0.0,0.0,3.78,0.0,0.0,20251104,胜利股份,供气供热,主板,19960703,
000407.SZ,20251104,3.78,3.78,3.78,3.78,0.0,0.0,3.78,0.0,0.0,20251105,胜利股份,供气供热,主板,19960703,
000407.SZ,20251105,3.78,3.78,3.78,3.78,0.0,0.0,3.78,0.0,0.0,20251106,胜利股份,供气供热,主板,19960703,
000407.SZ,20251106,3.78,3.78,3.78,3.78,0.0,0.0,3.78,0.0,0.0,20251107,胜利股份,供气供热,主板,19960703,
000407.SZ,20251107,3.78,3.78,3.78,3.78,0.0,0.0,3.78,0.0,0.0,20251110,胜利股份,供气供热,主板,19960703,
000407.SZ,20251110,3.78,3.78,3.78,3.78,0.0,0.0,3.78,0.0,0.0,20251111,胜利股份,供气供热,主板,19960703,
000408.SZ,20250110,29.5,29.5,29.5,29.5,0.0,0.0,29.5,0.0,0.0,20250113,藏格矿业,农药化肥,主板,19960628,
000408.SZ,20250113,29.5,29.5,29.5,29.5,0.0,0.0,29.5,0.0,0.0,20250114,藏格矿业,农药化肥,主板,19960628,
000408.SZ,20250114,29.5,29.5,29.5,29.5,0.0,0.0,29.5,0.0,0.0,20250115,藏格矿业,农药化肥,主板,19960628,
000408.SZ,20250115,29.5,29.5,29.5,29.5,0.0,0.0,29.5,0.0,0.0,20250116,藏格矿业,农药化肥,主板,19960628,
000408.SZ,20250116,29.5,29.5,29.5,29.5,0.0,0.0,29.5,0.0,0.0,20250117,藏格矿业,农药化肥,主板,19960628,
000506.SZ,20241008,1.45,1.45,1.45,1.45,0.0,0.0,1.45,0.0,0.0,20241009,招金黄金,黄金,主板,19930312,
000506.SZ,20241009,1.45,1.45,1.45,1.45,0.0,0.0,1.45,0.0,0.0,20241010,招金黄金,黄金,主板,19930312,
000506.SZ,20241010,1.45,1.45,1.45,1.45,0.0,0.0,1.45,0.0,0.0,20241011,招金黄金,黄金,主板,19930312,
000506.SZ,20241011,1.45,1.45,1.45,1.45,0.0,0.0,1.45,0.0,0.0,20241014,招金黄金,黄金,主板,19930312,
000506.SZ,20241014,1.45,1.45,1.45,1.45,0.0,0.0,1.45,0.0,0.0,20241015,招金黄金,黄金,主板,19930312,
000506.SZ,20250604,7.37,7.37,7.37,7.37,0.0,0.0,7.37,0.0,0.0,20250605,招金黄金,黄金,主板,19930312,
000525.SZ,20240918,9.32,9.32,9.32,9.32,0.0,0.0,9.32,0.0,0.0,20240919,红太阳,农药化肥,主板,19931028,
000525.SZ,20241111,10.1,10.1,10.1,10.1,0.0,0.0,10.1,0.0,0.0,20241112,红太阳,农药化肥,主板,19931028,
000525.SZ,20241112,10.1,10.1,10.1,10.1,0.0,0.0,10.1,0.0,0.0,20241113,红太阳,农药化肥,主板,19931028,
000525.SZ,20241113,10.1,10.1,10.1,10.1,0.0,0.0,10.1,0.0,0.0,20241114,红太阳,农药化肥,主板,19931028,
000525.SZ,20241114,10.1,10.1,10.1,10.1,0.0,0.0,10.1,0.0,0.0,20241115,红太阳,农药化肥,主板,19931028,
000525.SZ,20241115,10.1,10.1,10.1,10.1,0.0,0.0,10.1,0.0,0.0,20241118,红太阳,农药化肥,主板,19931028,
000525.SZ,20241118,9.07,9.07,9.07,9.07,0.0,0.0,10.1,-1.0299999999999994,-10.198019801980191,20241119,红太阳,农药化肥,主板,19931028,
000525.SZ,20241119,9.07,9.07,9.07,9.07,0.0,0.0,9.07,0.0,0.0,20241120,红太阳,农药化肥,主板,19931028,
000525.SZ,20241120,9.07,9.07,9.07,9.07,0.0,0.0,9.07,0.0,0.0,20241121,红太阳,农药化肥,主板,19931028,
000525.SZ,20241121,9.07,9.07,9.07,9.07,0.0,0.0,9.07,0.0,0.0,20241122,红太阳,农药化肥,主板,19931028,
000525.SZ,20241122,9.07,9.07,9.07,9.07,0.0,0.0,9.07,0.0,0.0,20241125,红太阳,农药化肥,主板,19931028,
000525.SZ,20241125,9.07,9.07,9.07,9.07,0.0,0.0,9.07,0.0,0.0,20241126,红太阳,农药化肥,主板,19931028,
000525.SZ,20241126,9.07,9.07,9.07,9.07,0.0,0.0,9.07,0.0,0.0,20241127,红太阳,农药化肥,主板,19931028,
000525.SZ,20241127,9.07,9.07,9.07,9.07,0.0,0.0,9.07,0.0,0.0,20241128,红太阳,农药化肥,主板,19931028,
000525.SZ,20241128,9.07,9.07,9.07,9.07,0.0,0.0,9.07,0.0,0.0,20241129,红太阳,农药化肥,主板,19931028,
000525.SZ,20241129,9.07,9.07,9.07,9.07,0.0,0.0,9.07,0.0,0.0,20241202,红太阳,农药化肥,主板,19931028,
000525.SZ,20241202,9.07,9.07,9.07,9.07,0.0,0.0,9.07,0.0,0.0,20241203,红太阳,农药化肥,主板,19931028,
000525.SZ,20241203,9.07,9.07,9.07,9.07,0.0,0.0,9.07,0.0,0.0,20241204,红太阳,农药化肥,主板,19931028,
000525.SZ,20241204,9.07,9.07,9.07,9.07,0.0,0.0,9.07,0.0,0.0,20241205,红太阳,农药化肥,主板,19931028,
000525.SZ,20241205,9.07,9.07,9.07,9.07,0.0,0.0,9.07,0.0,0.0,20241206,红太阳,农药化肥,主板,19931028,
000525.SZ,20241206,9.07,9.07,9.07,9.07,0.0,0.0,9.07,0.0,0.0,20241209,红太阳,农药化肥,主板,19931028,
000525.SZ,20241209,9.07,9.07,9.07,9.07,0.0,0.0,9.07,0.0,0.0,20241210,红太阳,农药化肥,主板,19931028,
000525.SZ,20241210,9.07,9.07,9.07,9.07,0.0,0.0,9.07,0.0,0.0,20241211,红太阳,农药化肥,主板,19931028,
000525.SZ,20241211,9.07,9.07,9.07,9.07,0.0,0.0,9.07,0.0,0.0,20241212,红太阳,农药化肥,主板,19931028,
000525.SZ,20241212,9.07,9.07,9.07,9.07,0.0,0.0,9.07,0.0,0.0,20241213,红太阳,农药化肥,主板,19931028,
000525.SZ,20241217,8.19,8.19,8.19,8.19,0.0,0.0,8.19,0.0,0.0,20241218,红太阳,农药化肥,主板,19931028,
000525.SZ,20250612,8.29,8.29,8.29,8.29,0.0,0.0,8.29,0.0,0.0,20250613,红太阳,农药化肥,主板,19931028,
000545.SZ,20250701,2.77,2.77,2.77,2.77,0.0,0.0,2.77,0.0,0.0,20250702,金浦钛业,化工原料,主板,19931215,
000545.SZ,20250702,2.77,2.77,2.77,2.77,0.0,0.0,2.77,0.0,0.0,20250703,金浦钛业,化工原料,主板,19931215,
000545.SZ,20250703,2.77,2.77,2.77,2.77,0.0,0.0,2.77,0.0,0.0,20250704,金浦钛业,化工原料,主板,19931215,
000545.SZ,20250704,2.77,2.77,2.77,2.77,0.0,0.0,2.77,0.0,0.0,20250707,金浦钛业,化工原料,主板,19931215,
000545.SZ,20250707,2.77,2.77,2.77,2.77,0.0,0.0,2.77,0.0,0.0,20250708,金浦钛业,化工原料,主板,19931215,
000545.SZ,20250708,2.77,2.77,2.77,2.77,0.0,0.0,2.77,0.0,0.0,20250709,金浦钛业,化工原料,主板,19931215,
000545.SZ,20250709,2.77,2.77,2.77,2.77,0.0,0.0,2.77,0.0,0.0,20250710,金浦钛业,化工原料,主板,19931215,
000545.SZ,20250710,2.77,2.77,2.77,2.77,0.0,0.0,2.77,0.0,0.0,20250711,金浦钛业,化工原料,主板,19931215,
000545.SZ,20250711,2.77,2.77,2.77,2.77,0.0,0.0,2.77,0.0,0.0,20250714,金浦钛业,化工原料,主板,19931215,
000545.SZ,20250714,2.77,2.77,2.77,2.77,0.0,0.0,2.77,0.0,0.0,20250715,金浦钛业,化工原料,主板,19931215,
000564.SZ,20240530,2.16,2.16,2.16,2.16,0.0,0.0,2.16,0.0,0.0,20240531,供销大集,百货,主板,19940110,
000592.SZ,20251118,11.97,11.97,11.97,11.97,0.0,0.0,11.97,0.0,0.0,20251119,平潭发展,林业,主板,19960327,
000592.SZ,20251119,11.97,11.97,11.97,11.97,0.0,0.0,11.97,0.0,0.0,20251120,平潭发展,林业,主板,19960327,
000592.SZ,20251120,11.97,11.97,11.97,11.97,0.0,0.0,11.97,0.0,0.0,20251121,平潭发展,林业,主板,19960327,
000593.SZ,20251027,8.71,8.71,8.71,8.71,0.0,0.0,8.71,0.0,0.0,20251028,德龙汇能,供气供热,主板,19960312,
000593.SZ,20251028,8.71,8.71,8.71,8.71,0.0,0.0,8.71,0.0,0.0,20251029,德龙汇能,供气供热,主板,19960312,
000603.SZ,20241021,13.58,13.58,13.58,13.58,0.0,0.0,13.58,0.0,0.0,20241022,盛达资源,铅锌,主板,19960823,
000603.SZ,20241022,13.58,13.58,13.58,13.58,0.0,0.0,13.58,0.0,0.0,20241023,盛达资源,铅锌,主板,19960823,
000603.SZ,20241023,13.58,13.58,13.58,13.58,0.0,0.0,13.58,0.0,0.0,20241024,盛达资源,铅锌,主板,19960823,
000603.SZ,20241024,13.58,13.58,13.58,13.58,0.0,0.0,13.58,0.0,0.0,20241025,盛达资源,铅锌,主板,19960823,
000603.SZ,20241025,13.58,13.58,13.58,13.58,0.0,0.0,13.58,0.0,0.0,20241028,盛达资源,铅锌,主板,19960823,
000603.SZ,20241028,13.58,13.58,13.58,13.58,0.0,0.0,13.58,0.0,0.0,20241029,盛达资源,铅锌,主板,19960823,
000603.SZ,20241029,13.58,13.58,13.58,13.58,0.0,0.0,13.58,0.0,0.0,20241030,盛达资源,铅锌,主板,19960823,
000603.SZ,20241030,13.58,13.58,13.58,13.58,0.0,0.0,13.58,0.0,0.0,20241031,盛达资源,铅锌,主板,19960823,
000612.SZ,20250303,7.23,7.23,7.23,7.23,0.0,0.0,7.23,0.0,0.0,20250304,焦作万方,铝,主板,19960926,
000612.SZ,20250304,7.23,7.23,7.23,7.23,0.0,0.0,7.23,0.0,0.0,20250305,焦作万方,铝,主板,19960926,
000612.SZ,20250305,7.23,7.23,7.23,7.23,0.0,0.0,7.23,0.0,0.0,20250306,焦作万方,铝,主板,19960926,
000612.SZ,20250306,7.23,7.23,7.23,7.23,0.0,0.0,7.23,0.0,0.0,20250307,焦作万方,铝,主板,19960926,
000612.SZ,20250307,7.23,7.23,7.23,7.23,0.0,0.0,7.23,0.0,0.0,20250310,焦作万方,铝,主板,19960926,
000612.SZ,20250310,7.23,7.23,7.23,7.23,0.0,0.0,7.23,0.0,0.0,20250311,焦作万方,铝,主板,19960926,
000612.SZ,20250311,7.23,7.23,7.23,7.23,0.0,0.0,7.23,0.0,0.0,20250312,焦作万方,铝,主板,19960926,
000612.SZ,20250312,7.23,7.23,7.23,7.23,0.0,0.0,7.23,0.0,0.0,20250313,焦作万方,铝,主板,19960926,
000612.SZ,20250313,7.23,7.23,7.23,7.23,0.0,0.0,7.23,0.0,0.0,20250314,焦作万方,铝,主板,19960926,
000612.SZ,20250314,7.23,7.23,7.23,7.23,0.0,0.0,7.23,0.0,0.0,20250317,焦作万方,铝,主板,19960926,
000633.SZ,20250624,6.15,6.15,6.15,6.15,0.0,0.0,6.15,0.0,0.0,20250625,合金投资,小金属,主板,19961112,
000633.SZ,20250625,6.15,6.15,6.15,6.15,0.0,0.0,6.15,0.0,0.0,20250626,合金投资,小金属,主板,19961112,
000633.SZ,20250626,6.15,6.15,6.15,6.15,0.0,0.0,6.15,0.0,0.0,20250627,合金投资,小金属,主板,19961112,
000633.SZ,20250627,6.15,6.15,6.15,6.15,0.0,0.0,6.15,0.0,0.0,20250630,合金投资,小金属,主板,19961112,
000633.SZ,20250630,6.15,6.15,6.15,6.15,0.0,0.0,6.15,0.0,0.0,20250701,合金投资,小金属,主板,19961112,
000659.SZ,20260402,4.57,4.57,4.57,4.57,0.0,0.0,4.57,0.0,0.0,20260403,珠海中富,广告包装,主板,19961203,
000659.SZ,20260403,4.57,4.57,4.57,4.57,0.0,0.0,4.57,0.0,0.0,20260407,珠海中富,广告包装,主板,19961203,
000670.SZ,20260106,7.73,7.73,7.73,7.73,0.0,0.0,7.73,0.0,0.0,20260107,盈方微,元器件,主板,19961217,
000670.SZ,20260107,7.73,7.73,7.73,7.73,0.0,0.0,7.73,0.0,0.0,20260108,盈方微,元器件,主板,19961217,
000670.SZ,20260108,7.73,7.73,7.73,7.73,0.0,0.0,7.73,0.0,0.0,20260109,盈方微,元器件,主板,19961217,
000670.SZ,20260109,7.73,7.73,7.73,7.73,0.0,0.0,7.73,0.0,0.0,20260112,盈方微,元器件,主板,19961217,
000670.SZ,20260112,7.73,7.73,7.73,7.73,0.0,0.0,7.73,0.0,0.0,20260113,盈方微,元器件,主板,19961217,
000670.SZ,20260113,7.73,7.73,7.73,7.73,0.0,0.0,7.73,0.0,0.0,20260114,盈方微,元器件,主板,19961217,
000670.SZ,20260114,7.73,7.73,7.73,7.73,0.0,0.0,7.73,0.0,0.0,20260115,盈方微,元器件,主板,19961217,
000670.SZ,20260115,7.73,7.73,7.73,7.73,0.0,0.0,7.73,0.0,0.0,20260116,盈方微,元器件,主板,19961217,
000670.SZ,20260116,7.73,7.73,7.73,7.73,0.0,0.0,7.73,0.0,0.0,20260119,盈方微,元器件,主板,19961217,
000670.SZ,20260119,7.73,7.73,7.73,7.73,0.0,0.0,7.73,0.0,0.0,20260120,盈方微,元器件,主板,19961217,
000695.SZ,20250430,9.4,9.4,9.4,9.4,0.0,0.0,9.4,0.0,0.0,20250506,滨海能源,化工原料,主板,19970218,
000695.SZ,20250506,9.4,9.4,9.4,9.4,0.0,0.0,9.4,0.0,0.0,20250507,滨海能源,化工原料,主板,19970218,
000695.SZ,20250507,9.4,9.4,9.4,9.4,0.0,0.0,9.4,0.0,0.0,20250508,滨海能源,化工原料,主板,19970218,
000695.SZ,20250508,9.4,9.4,9.4,9.4,0.0,0.0,9.4,0.0,0.0,20250509,滨海能源,化工原料,主板,19970218,
000695.SZ,20250509,9.4,9.4,9.4,9.4,0.0,0.0,9.4,0.0,0.0,20250512,滨海能源,化工原料,主板,19970218,
000695.SZ,20250512,9.4,9.4,9.4,9.4,0.0,0.0,9.4,0.0,0.0,20250513,滨海能源,化工原料,主板,19970218,
000695.SZ,20250513,9.4,9.4,9.4,9.4,0.0,0.0,9.4,0.0,0.0,20250514,滨海能源,化工原料,主板,19970218,
000695.SZ,20250514,9.4,9.4,9.4,9.4,0.0,0.0,9.4,0.0,0.0,20250515,滨海能源,化工原料,主板,19970218,
000695.SZ,20250515,9.4,9.4,9.4,9.4,0.0,0.0,9.4,0.0,0.0,20250516,滨海能源,化工原料,主板,19970218,
000695.SZ,20250516,9.4,9.4,9.4,9.4,0.0,0.0,9.4,0.0,0.0,20250519,滨海能源,化工原料,主板,19970218,
000716.SZ,20250804,6.54,6.54,6.54,6.54,0.0,0.0,6.54,0.0,0.0,20250805,黑芝麻,食品,主板,19970418,
000716.SZ,20250805,6.54,6.54,6.54,6.54,0.0,0.0,6.54,0.0,0.0,20250806,黑芝麻,食品,主板,19970418,
000716.SZ,20250806,6.54,6.54,6.54,6.54,0.0,0.0,6.54,0.0,0.0,20250807,黑芝麻,食品,主板,19970418,
000716.SZ,20250807,6.54,6.54,6.54,6.54,0.0,0.0,6.54,0.0,0.0,20250808,黑芝麻,食品,主板,19970418,
000716.SZ,20250808,6.54,6.54,6.54,6.54,0.0,0.0,6.54,0.0,0.0,20250811,黑芝麻,食品,主板,19970418,
000777.SZ,20241230,18.07,18.07,18.07,18.07,0.0,0.0,18.07,0.0,0.0,20241231,中核科技,机械基件,主板,19970710,
000777.SZ,20241231,18.07,18.07,18.07,18.07,0.0,0.0,18.07,0.0,0.0,20250102,中核科技,机械基件,主板,19970710,
000777.SZ,20250102,18.07,18.07,18.07,18.07,0.0,0.0,18.07,0.0,0.0,20250103,中核科技,机械基件,主板,19970710,
000777.SZ,20250103,18.07,18.07,18.07,18.07,0.0,0.0,18.07,0.0,0.0,20250106,中核科技,机械基件,主板,19970710,
000777.SZ,20250106,18.07,18.07,18.07,18.07,0.0,0.0,18.07,0.0,0.0,20250107,中核科技,机械基件,主板,19970710,
000777.SZ,20250107,18.07,18.07,18.07,18.07,0.0,0.0,18.07,0.0,0.0,20250108,中核科技,机械基件,主板,19970710,
000777.SZ,20250108,18.07,18.07,18.07,18.07,0.0,0.0,18.07,0.0,0.0,20250109,中核科技,机械基件,主板,19970710,
000777.SZ,20250109,18.07,18.07,18.07,18.07,0.0,0.0,18.07,0.0,0.0,20250110,中核科技,机械基件,主板,19970710,
000777.SZ,20250110,18.07,18.07,18.07,18.07,0.0,0.0,18.07,0.0,0.0,20250113,中核科技,机械基件,主板,19970710,
000777.SZ,20250113,18.07,18.07,18.07,18.07,0.0,0.0,18.07,0.0,0.0,20250114,中核科技,机械基件,主板,19970710,
000796.SZ,20240618,3.59,3.59,3.59,3.59,0.0,0.0,3.59,0.0,0.0,20240619,凯撒旅业,旅游服务,主板,19970703,
000796.SZ,20241028,4.8,4.8,4.8,4.8,0.0,0.0,4.8,0.0,0.0,20241029,凯撒旅业,旅游服务,主板,19970703,
000839.SZ,20240607,2.36,2.36,2.36,2.36,0.0,0.0,2.36,0.0,0.0,20240611,国安股份,综合类,主板,19971031,
000859.SZ,20241202,5.8,5.8,5.8,5.8,0.0,0.0,5.8,0.0,0.0,20241203,国风新材,塑料,主板,19981119,
000859.SZ,20241203,5.8,5.8,5.8,5.8,0.0,0.0,5.8,0.0,0.0,20241204,国风新材,塑料,主板,19981119,
000859.SZ,20241204,5.8,5.8,5.8,5.8,0.0,0.0,5.8,0.0,0.0,20241205,国风新材,塑料,主板,19981119,
000859.SZ,20241205,5.8,5.8,5.8,5.8,0.0,0.0,5.8,0.0,0.0,20241206,国风新材,塑料,主板,19981119,
000859.SZ,20241206,5.8,5.8,5.8,5.8,0.0,0.0,5.8,0.0,0.0,20241209,国风新材,塑料,主板,19981119,
000859.SZ,20241209,5.8,5.8,5.8,5.8,0.0,0.0,5.8,0.0,0.0,20241210,国风新材,塑料,主板,19981119,
000859.SZ,20241210,5.8,5.8,5.8,5.8,0.0,0.0,5.8,0.0,0.0,20241211,国风新材,塑料,主板,19981119,
000859.SZ,20241211,5.8,5.8,5.8,5.8,0.0,0.0,5.8,0.0,0.0,20241212,国风新材,塑料,主板,19981119,
000859.SZ,20241212,5.8,5.8,5.8,5.8,0.0,0.0,5.8,0.0,0.0,20241213,国风新材,塑料,主板,19981119,
000859.SZ,20241213,5.8,5.8,5.8,5.8,0.0,0.0,5.8,0.0,0.0,20241216,国风新材,塑料,主板,19981119,
000878.SZ,20250513,12.1,12.1,12.1,12.1,0.0,0.0,12.1,0.0,0.0,20250514,云南铜业,铜,主板,19980602,
000878.SZ,20250514,12.1,12.1,12.1,12.1,0.0,0.0,12.1,0.0,0.0,20250515,云南铜业,铜,主板,19980602,
000878.SZ,20250515,12.1,12.1,12.1,12.1,0.0,0.0,12.1,0.0,0.0,20250516,云南铜业,铜,主板,19980602,
000878.SZ,20250516,12.1,12.1,12.1,12.1,0.0,0.0,12.1,0.0,0.0,20250519,云南铜业,铜,主板,19980602,
000878.SZ,20250519,12.1,12.1,12.1,12.1,0.0,0.0,12.1,0.0,0.0,20250520,云南铜业,铜,主板,19980602,
000878.SZ,20250520,12.1,12.1,12.1,12.1,0.0,0.0,12.1,0.0,0.0,20250521,云南铜业,铜,主板,19980602,
000878.SZ,20250521,12.1,12.1,12.1,12.1,0.0,0.0,12.1,0.0,0.0,20250522,云南铜业,铜,主板,19980602,
000878.SZ,20250522,12.1,12.1,12.1,12.1,0.0,0.0,12.1,0.0,0.0,20250523,云南铜业,铜,主板,19980602,
000878.SZ,20250523,12.1,12.1,12.1,12.1,0.0,0.0,12.1,0.0,0.0,20250526,云南铜业,铜,主板,19980602,
000905.SZ,20250311,7.89,7.89,7.89,7.89,0.0,0.0,7.89,0.0,0.0,20250312,厦门港务,港口,主板,19990429,
000905.SZ,20250312,7.89,7.89,7.89,7.89,0.0,0.0,7.89,0.0,0.0,20250313,厦门港务,港口,主板,19990429,
000905.SZ,20250313,7.89,7.89,7.89,7.89,0.0,0.0,7.89,0.0,0.0,20250314,厦门港务,港口,主板,19990429,
000905.SZ,20250314,7.89,7.89,7.89,7.89,0.0,0.0,7.89,0.0,0.0,20250317,厦门港务,港口,主板,19990429,
000905.SZ,20250317,7.89,7.89,7.89,7.89,0.0,0.0,7.89,0.0,0.0,20250318,厦门港务,港口,主板,19990429,
000958.SZ,20240930,4.09,4.09,4.09,4.09,0.0,0.0,4.09,0.0,0.0,20241008,电投产融,新型电力,主板,19991223,
000958.SZ,20241008,4.09,4.09,4.09,4.09,0.0,0.0,4.09,0.0,0.0,20241009,电投产融,新型电力,主板,19991223,
000958.SZ,20241009,4.09,4.09,4.09,4.09,0.0,0.0,4.09,0.0,0.0,20241010,电投产融,新型电力,主板,19991223,
000958.SZ,20241010,4.09,4.09,4.09,4.09,0.0,0.0,4.09,0.0,0.0,20241011,电投产融,新型电力,主板,19991223,
000958.SZ,20241011,4.09,4.09,4.09,4.09,0.0,0.0,4.09,0.0,0.0,20241014,电投产融,新型电力,主板,19991223,
000958.SZ,20241014,4.09,4.09,4.09,4.09,0.0,0.0,4.09,0.0,0.0,20241015,电投产融,新型电力,主板,19991223,
000958.SZ,20241015,4.09,4.09,4.09,4.09,0.0,0.0,4.09,0.0,0.0,20241016,电投产融,新型电力,主板,19991223,
000958.SZ,20241016,4.09,4.09,4.09,4.09,0.0,0.0,4.09,0.0,0.0,20241017,电投产融,新型电力,主板,19991223,
000958.SZ,20241017,4.09,4.09,4.09,4.09,0.0,0.0,4.09,0.0,0.0,20241018,电投产融,新型电力,主板,19991223,
000958.SZ,20241018,4.09,4.09,4.09,4.09,0.0,0.0,4.09,0.0,0.0,20241021,电投产融,新型电力,主板,19991223,
000959.SZ,20260327,4.67,4.67,4.67,4.67,0.0,0.0,4.67,0.0,0.0,20260330,首钢股份,普钢,主板,19991216,
000959.SZ,20260330,4.67,4.67,4.67,4.67,0.0,0.0,4.67,0.0,0.0,20260331,首钢股份,普钢,主板,19991216,
000959.SZ,20260331,4.67,4.67,4.67,4.67,0.0,0.0,4.67,0.0,0.0,20260401,首钢股份,普钢,主板,19991216,
000959.SZ,20260401,4.67,4.67,4.67,4.67,0.0,0.0,4.67,0.0,0.0,20260402,首钢股份,普钢,主板,19991216,
000959.SZ,20260402,4.67,4.67,4.67,4.67,0.0,0.0,4.67,0.0,0.0,20260403,首钢股份,普钢,主板,19991216,
000959.SZ,20260403,4.67,4.67,4.67,4.67,0.0,0.0,4.67,0.0,0.0,20260407,首钢股份,普钢,主板,19991216,
000959.SZ,20260407,4.67,4.67,4.67,4.67,0.0,0.0,4.67,0.0,0.0,20260408,首钢股份,普钢,主板,19991216,
000959.SZ,20260408,4.67,4.67,4.67,4.67,0.0,0.0,4.67,0.0,0.0,20260409,首钢股份,普钢,主板,19991216,
000959.SZ,20260409,4.67,4.67,4.67,4.67,0.0,0.0,4.67,0.0,0.0,20260410,首钢股份,普钢,主板,19991216,
000959.SZ,20260410,4.67,4.67,4.67,4.67,0.0,0.0,4.67,0.0,0.0,20260413,首钢股份,普钢,主板,19991216,
000973.SZ,20241101,5.7,5.7,5.7,5.7,0.0,0.0,5.7,0.0,0.0,20241104,佛塑科技,塑料,主板,20000525,
000973.SZ,20241104,5.7,5.7,5.7,5.7,0.0,0.0,5.7,0.0,0.0,20241105,佛塑科技,塑料,主板,20000525,
000973.SZ,20241105,5.7,5.7,5.7,5.7,0.0,0.0,5.7,0.0,0.0,20241106,佛塑科技,塑料,主板,20000525,
000973.SZ,20241106,5.7,5.7,5.7,5.7,0.0,0.0,5.7,0.0,0.0,20241107,佛塑科技,塑料,主板,20000525,
000973.SZ,20241107,5.7,5.7,5.7,5.7,0.0,0.0,5.7,0.0,0.0,20241108,佛塑科技,塑料,主板,20000525,
000973.SZ,20241108,5.7,5.7,5.7,5.7,0.0,0.0,5.7,0.0,0.0,20241111,佛塑科技,塑料,主板,20000525,
000973.SZ,20241111,5.7,5.7,5.7,5.7,0.0,0.0,5.7,0.0,0.0,20241112,佛塑科技,塑料,主板,20000525,
000973.SZ,20241112,5.7,5.7,5.7,5.7,0.0,0.0,5.7,0.0,0.0,20241113,佛塑科技,塑料,主板,20000525,
000973.SZ,20241113,5.7,5.7,5.7,5.7,0.0,0.0,5.7,0.0,0.0,20241114,佛塑科技,塑料,主板,20000525,
000973.SZ,20241114,5.7,5.7,5.7,5.7,0.0,0.0,5.7,0.0,0.0,20241115,佛塑科技,塑料,主板,20000525,
001212.SZ,20250328,29.27,29.27,29.27,29.27,0.0,0.0,29.27,0.0,0.0,20250331,中旗新材,其他建材,主板,20210823,
001212.SZ,20250331,29.27,29.27,29.27,29.27,0.0,0.0,29.27,0.0,0.0,20250401,中旗新材,其他建材,主板,20210823,
001267.SZ,20250722,13.0,13.0,13.0,13.0,0.0,0.0,13.0,0.0,0.0,20250723,汇绿生态,通信设备,主板,20211117,
001267.SZ,20250723,13.0,13.0,13.0,13.0,0.0,0.0,13.0,0.0,0.0,20250724,汇绿生态,通信设备,主板,20211117,
001267.SZ,20250724,13.0,13.0,13.0,13.0,0.0,0.0,13.0,0.0,0.0,20250725,汇绿生态,通信设备,主板,20211117,
001267.SZ,20250725,13.0,13.0,13.0,13.0,0.0,0.0,13.0,0.0,0.0,20250728,汇绿生态,通信设备,主板,20211117,
001270.SZ,20250423,32.76,32.76,32.76,32.76,0.0,0.0,32.76,0.0,0.0,20250424,铖昌科技,半导体,主板,20220606,
001270.SZ,20260113,122.84,122.84,122.84,122.84,0.0,0.0,122.84,0.0,0.0,20260114,铖昌科技,半导体,主板,20220606,
001270.SZ,20260114,122.84,122.84,122.84,122.84,0.0,0.0,122.84,0.0,0.0,20260115,铖昌科技,半导体,主板,20220606,
001270.SZ,20260115,122.84,122.84,122.84,122.84,0.0,0.0,122.84,0.0,0.0,20260116,铖昌科技,半导体,主板,20220606,
001270.SZ,20260519,142.65,142.65,142.65,142.65,0.0,0.0,142.65,0.0,0.0,20260520,铖昌科技,半导体,主板,20220606,
001285.SZ,20260209,58.84,58.84,58.84,58.84,0.0,0.0,58.84,0.0,0.0,20260210,瑞立科密,汽车配件,主板,20250930,
001285.SZ,20260210,58.84,58.84,58.84,58.84,0.0,0.0,58.84,0.0,0.0,20260211,瑞立科密,汽车配件,主板,20250930,
001285.SZ,20260211,58.84,58.84,58.84,58.84,0.0,0.0,58.84,0.0,0.0,20260212,瑞立科密,汽车配件,主板,20250930,
001285.SZ,20260212,58.84,58.84,58.84,58.84,0.0,0.0,58.84,0.0,0.0,20260213,瑞立科密,汽车配件,主板,20250930,
001285.SZ,20260213,58.84,58.84,58.84,58.84,0.0,0.0,58.84,0.0,0.0,20260224,瑞立科密,汽车配件,主板,20250930,
001285.SZ,20260224,58.84,58.84,58.84,58.84,0.0,0.0,58.84,0.0,0.0,20260225,瑞立科密,汽车配件,主板,20250930,
001285.SZ,20260225,58.84,58.84,58.84,58.84,0.0,0.0,58.84,0.0,0.0,20260226,瑞立科密,汽车配件,主板,20250930,
001285.SZ,20260226,58.84,58.84,58.84,58.84,0.0,0.0,58.84,0.0,0.0,20260227,瑞立科密,汽车配件,主板,20250930,
001285.SZ,20260227,58.84,58.84,58.84,58.84,0.0,0.0,58.84,0.0,0.0,20260302,瑞立科密,汽车配件,主板,20250930,
001285.SZ,20260302,58.84,58.84,58.84,58.84,0.0,0.0,58.84,0.0,0.0,20260303,瑞立科密,汽车配件,主板,20250930,
001331.SZ,20251205,14.75,14.75,14.75,14.75,0.0,0.0,14.75,0.0,0.0,20251208,胜通能源,供气供热,主板,20220908,
001331.SZ,20251208,14.75,14.75,14.75,14.75,0.0,0.0,14.75,0.0,0.0,20251209,胜通能源,供气供热,主板,20220908,
001331.SZ,20251209,14.75,14.75,14.75,14.75,0.0,0.0,14.75,0.0,0.0,20251210,胜通能源,供气供热,主板,20220908,
001331.SZ,20251210,14.75,14.75,14.75,14.75,0.0,0.0,14.75,0.0,0.0,20251211,胜通能源,供气供热,主板,20220908,
001331.SZ,20251211,14.75,14.75,14.75,14.75,0.0,0.0,14.75,0.0,0.0,20251212,胜通能源,供气供热,主板,20220908,
001331.SZ,20251230,46.31,46.31,46.31,46.31,0.0,0.0,46.31,0.0,0.0,20251231,胜通能源,供气供热,主板,20220908,
001331.SZ,20251231,46.31,46.31,46.31,46.31,0.0,0.0,46.31,0.0,0.0,20260105,胜通能源,供气供热,主板,20220908,
001331.SZ,20260105,46.31,46.31,46.31,46.31,0.0,0.0,46.31,0.0,0.0,20260106,胜通能源,供气供热,主板,20220908,
002036.SZ,20251218,11.59,11.59,11.59,11.59,0.0,0.0,11.59,0.0,0.0,20251219,联创电子,元器件,主板,20040903,
002036.SZ,20251219,11.59,11.59,11.59,11.59,0.0,0.0,11.59,0.0,0.0,20251222,联创电子,元器件,主板,20040903,
002036.SZ,20251222,11.59,11.59,11.59,11.59,0.0,0.0,11.59,0.0,0.0,20251223,联创电子,元器件,主板,20040903,
002036.SZ,20251223,11.59,11.59,11.59,11.59,0.0,0.0,11.59,0.0,0.0,20251224,联创电子,元器件,主板,20040903,
002036.SZ,20251224,11.59,11.59,11.59,11.59,0.0,0.0,11.59,0.0,0.0,20251225,联创电子,元器件,主板,20040903,
002049.SZ,20251230,78.81,78.81,78.81,78.81,0.0,0.0,78.81,0.0,0.0,20251231,紫光国微,半导体,主板,20050606,
002049.SZ,20251231,78.81,78.81,78.81,78.81,0.0,0.0,78.81,0.0,0.0,20260105,紫光国微,半导体,主板,20050606,
002049.SZ,20260105,78.81,78.81,78.81,78.81,0.0,0.0,78.81,0.0,0.0,20260106,紫光国微,半导体,主板,20050606,
002049.SZ,20260106,78.81,78.81,78.81,78.81,0.0,0.0,78.81,0.0,0.0,20260107,紫光国微,半导体,主板,20050606,
002049.SZ,20260107,78.81,78.81,78.81,78.81,0.0,0.0,78.81,0.0,0.0,20260108,紫光国微,半导体,主板,20050606,
002049.SZ,20260108,78.81,78.81,78.81,78.81,0.0,0.0,78.81,0.0,0.0,20260109,紫光国微,半导体,主板,20050606,
002049.SZ,20260109,78.81,78.81,78.81,78.81,0.0,0.0,78.81,0.0,0.0,20260112,紫光国微,半导体,主板,20050606,
002049.SZ,20260112,78.81,78.81,78.81,78.81,0.0,0.0,78.81,0.0,0.0,20260113,紫光国微,半导体,主板,20050606,
002049.SZ,20260113,78.81,78.81,78.81,78.81,0.0,0.0,78.81,0.0,0.0,20260114,紫光国微,半导体,主板,20050606,
002049.SZ,20260114,78.81,78.81,78.81,78.81,0.0,0.0,78.81,0.0,0.0,20260115,紫光国微,半导体,主板,20050606,
002052.SZ,20250616,10.24,10.24,10.24,10.24,0.0,0.0,10.24,0.0,0.0,20250617,同洲电子,家用电器,主板,20060627,
002064.SZ,20241029,8.11,8.11,8.11,8.11,0.0,0.0,8.11,0.0,0.0,20241030,华峰化学,化纤,主板,20060823,
002064.SZ,20241030,8.11,8.11,8.11,8.11,0.0,0.0,8.11,0.0,0.0,20241031,华峰化学,化纤,主板,20060823,
002064.SZ,20241031,8.11,8.11,8.11,8.11,0.0,0.0,8.11,0.0,0.0,20241101,华峰化学,化纤,主板,20060823,
002064.SZ,20241101,8.11,8.11,8.11,8.11,0.0,0.0,8.11,0.0,0.0,20241104,华峰化学,化纤,主板,20060823,
002086.SZ,20240611,2.57,2.57,2.57,2.57,0.0,0.0,2.57,0.0,0.0,20240612,东方海洋,渔业,主板,20061128,
002090.SZ,20250721,11.07,11.07,11.07,11.07,0.0,0.0,11.07,0.0,0.0,20250722,金智科技,电气设备,主板,20061208,
002090.SZ,20250722,11.07,11.07,11.07,11.07,0.0,0.0,11.07,0.0,0.0,20250723,金智科技,电气设备,主板,20061208,
002092.SZ,20250519,5.09,5.09,5.09,5.09,0.0,0.0,5.09,0.0,0.0,20250520,中泰化学,化工原料,主板,20061208,
002114.SZ,20250528,7.19,7.19,7.19,7.19,0.0,0.0,7.19,0.0,0.0,20250529,罗平锌电,铅锌,主板,20070215,
002114.SZ,20250529,7.19,7.19,7.19,7.19,0.0,0.0,7.19,0.0,0.0,20250530,罗平锌电,铅锌,主板,20070215,
002114.SZ,20250530,7.19,7.19,7.19,7.19,0.0,0.0,7.19,0.0,0.0,20250603,罗平锌电,铅锌,主板,20070215,
002114.SZ,20250603,7.19,7.19,7.19,7.19,0.0,0.0,7.19,0.0,0.0,20250604,罗平锌电,铅锌,主板,20070215,
002123.SZ,20250102,10.81,10.81,10.81,10.81,0.0,0.0,10.81,0.0,0.0,20250103,梦网科技,互联网,主板,20070328,
002123.SZ,20250103,10.81,10.81,10.81,10.81,0.0,0.0,10.81,0.0,0.0,20250106,梦网科技,互联网,主板,20070328,
002123.SZ,20250106,10.81,10.81,10.81,10.81,0.0,0.0,10.81,0.0,0.0,20250107,梦网科技,互联网,主板,20070328,
002123.SZ,20250107,10.81,10.81,10.81,10.81,0.0,0.0,10.81,0.0,0.0,20250108,梦网科技,互联网,主板,20070328,
002123.SZ,20250108,10.81,10.81,10.81,10.81,0.0,0.0,10.81,0.0,0.0,20250109,梦网科技,互联网,主板,20070328,
002123.SZ,20250109,10.81,10.81,10.81,10.81,0.0,0.0,10.81,0.0,0.0,20250110,梦网科技,互联网,主板,20070328,
002123.SZ,20250110,10.81,10.81,10.81,10.81,0.0,0.0,10.81,0.0,0.0,20250113,梦网科技,互联网,主板,20070328,
002123.SZ,20250113,10.81,10.81,10.81,10.81,0.0,0.0,10.81,0.0,0.0,20250114,梦网科技,互联网,主板,20070328,
002123.SZ,20250114,10.81,10.81,10.81,10.81,0.0,0.0,10.81,0.0,0.0,20250115,梦网科技,互联网,主板,20070328,
002123.SZ,20250115,10.81,10.81,10.81,10.81,0.0,0.0,10.81,0.0,0.0,20250116,梦网科技,互联网,主板,20070328,
002128.SZ,20250506,17.85,17.85,17.85,17.85,0.0,0.0,17.85,0.0,0.0,20250507,电投能源,煤炭开采,主板,20070418,
002128.SZ,20250507,17.85,17.85,17.85,17.85,0.0,0.0,17.85,0.0,0.0,20250508,电投能源,煤炭开采,主板,20070418,
002128.SZ,20250508,17.85,17.85,17.85,17.85,0.0,0.0,17.85,0.0,0.0,20250509,电投能源,煤炭开采,主板,20070418,
002128.SZ,20250509,17.85,17.85,17.85,17.85,0.0,0.0,17.85,0.0,0.0,20250512,电投能源,煤炭开采,主板,20070418,
002128.SZ,20250512,17.85,17.85,17.85,17.85,0.0,0.0,17.85,0.0,0.0,20250513,电投能源,煤炭开采,主板,20070418,
002128.SZ,20250513,17.85,17.85,17.85,17.85,0.0,0.0,17.85,0.0,0.0,20250514,电投能源,煤炭开采,主板,20070418,
002128.SZ,20250514,17.85,17.85,17.85,17.85,0.0,0.0,17.85,0.0,0.0,20250515,电投能源,煤炭开采,主板,20070418,
002128.SZ,20250515,17.85,17.85,17.85,17.85,0.0,0.0,17.85,0.0,0.0,20250516,电投能源,煤炭开采,主板,20070418,
002128.SZ,20250516,17.85,17.85,17.85,17.85,0.0,0.0,17.85,0.0,0.0,20250519,电投能源,煤炭开采,主板,20070418,
002131.SZ,20260116,10.4,10.4,10.4,10.4,0.0,0.0,10.4,0.0,0.0,20260119,利欧股份,互联网,主板,20070427,
002131.SZ,20260119,10.4,10.4,10.4,10.4,0.0,0.0,10.4,0.0,0.0,20260120,利欧股份,互联网,主板,20070427,
002131.SZ,20260120,10.4,10.4,10.4,10.4,0.0,0.0,10.4,0.0,0.0,20260121,利欧股份,互联网,主板,20070427,
002153.SZ,20250422,8.94,8.94,8.94,8.94,0.0,0.0,8.94,0.0,0.0,20250423,石基信息,软件服务,主板,20070813,
002153.SZ,20250423,8.94,8.94,8.94,8.94,0.0,0.0,8.94,0.0,0.0,20250424,石基信息,软件服务,主板,20070813,
002153.SZ,20250424,8.94,8.94,8.94,8.94,0.0,0.0,8.94,0.0,0.0,20250425,石基信息,软件服务,主板,20070813,
002155.SZ,20260112,22.97,22.97,22.97,22.97,0.0,0.0,22.97,0.0,0.0,20260113,湖南黄金,黄金,主板,20070816,
002155.SZ,20260113,22.97,22.97,22.97,22.97,0.0,0.0,22.97,0.0,0.0,20260114,湖南黄金,黄金,主板,20070816,
002155.SZ,20260114,22.97,22.97,22.97,22.97,0.0,0.0,22.97,0.0,0.0,20260115,湖南黄金,黄金,主板,20070816,
002155.SZ,20260115,22.97,22.97,22.97,22.97,0.0,0.0,22.97,0.0,0.0,20260116,湖南黄金,黄金,主板,20070816,
002155.SZ,20260116,22.97,22.97,22.97,22.97,0.0,0.0,22.97,0.0,0.0,20260119,湖南黄金,黄金,主板,20070816,
002155.SZ,20260119,22.97,22.97,22.97,22.97,0.0,0.0,22.97,0.0,0.0,20260120,湖南黄金,黄金,主板,20070816,
002155.SZ,20260120,22.97,22.97,22.97,22.97,0.0,0.0,22.97,0.0,0.0,20260121,湖南黄金,黄金,主板,20070816,
002155.SZ,20260121,22.97,22.97,22.97,22.97,0.0,0.0,22.97,0.0,0.0,20260122,湖南黄金,黄金,主板,20070816,
002155.SZ,20260122,22.97,22.97,22.97,22.97,0.0,0.0,22.97,0.0,0.0,20260123,湖南黄金,黄金,主板,20070816,
002155.SZ,20260123,22.97,22.97,22.97,22.97,0.0,0.0,22.97,0.0,0.0,20260126,湖南黄金,黄金,主板,20070816,
002157.SZ,20240611,3.29,3.29,3.29,3.29,0.0,0.0,3.29,0.0,0.0,20240612,正邦科技,农业综合,主板,20070817,
002166.SZ,20251210,8.7,8.7,8.7,8.7,0.0,0.0,8.7,0.0,0.0,20251211,莱茵生物,中成药,主板,20070913,
002166.SZ,20251211,8.7,8.7,8.7,8.7,0.0,0.0,8.7,0.0,0.0,20251212,莱茵生物,中成药,主板,20070913,
002166.SZ,20251212,8.7,8.7,8.7,8.7,0.0,0.0,8.7,0.0,0.0,20251215,莱茵生物,中成药,主板,20070913,
002166.SZ,20251215,8.7,8.7,8.7,8.7,0.0,0.0,8.7,0.0,0.0,20251216,莱茵生物,中成药,主板,20070913,
002166.SZ,20251216,8.7,8.7,8.7,8.7,0.0,0.0,8.7,0.0,0.0,20251217,莱茵生物,中成药,主板,20070913,
002166.SZ,20251217,8.7,8.7,8.7,8.7,0.0,0.0,8.7,0.0,0.0,20251218,莱茵生物,中成药,主板,20070913,
002166.SZ,20251218,8.7,8.7,8.7,8.7,0.0,0.0,8.7,0.0,0.0,20251219,莱茵生物,中成药,主板,20070913,
002166.SZ,20251219,8.7,8.7,8.7,8.7,0.0,0.0,8.7,0.0,0.0,20251222,莱茵生物,中成药,主板,20070913,
002166.SZ,20251222,8.7,8.7,8.7,8.7,0.0,0.0,8.7,0.0,0.0,20251223,莱茵生物,中成药,主板,20070913,
002166.SZ,20251223,8.7,8.7,8.7,8.7,0.0,0.0,8.7,0.0,0.0,20251224,莱茵生物,中成药,主板,20070913,
002169.SZ,20250929,8.03,8.03,8.03,8.03,0.0,0.0,8.03,0.0,0.0,20250930,智光电气,电气设备,主板,20070919,
002169.SZ,20250930,8.03,8.03,8.03,8.03,0.0,0.0,8.03,0.0,0.0,20251009,智光电气,电气设备,主板,20070919,
002169.SZ,20251009,8.03,8.03,8.03,8.03,0.0,0.0,8.03,0.0,0.0,20251010,智光电气,电气设备,主板,20070919,
002169.SZ,20251010,8.03,8.03,8.03,8.03,0.0,0.0,8.03,0.0,0.0,20251013,智光电气,电气设备,主板,20070919,
002169.SZ,20251013,8.03,8.03,8.03,8.03,0.0,0.0,8.03,0.0,0.0,20251014,智光电气,电气设备,主板,20070919,
002169.SZ,20251014,8.03,8.03,8.03,8.03,0.0,0.0,8.03,0.0,0.0,20251015,智光电气,电气设备,主板,20070919,
002169.SZ,20251015,8.03,8.03,8.03,8.03,0.0,0.0,8.03,0.0,0.0,20251016,智光电气,电气设备,主板,20070919,
002169.SZ,20251016,8.03,8.03,8.03,8.03,0.0,0.0,8.03,0.0,0.0,20251017,智光电气,电气设备,主板,20070919,
002176.SZ,20250722,7.74,7.74,7.74,7.74,0.0,0.0,7.74,0.0,0.0,20250723,江特电机,小金属,主板,20071012,
002176.SZ,20250723,7.74,7.74,7.74,7.74,0.0,0.0,7.74,0.0,0.0,20250724,江特电机,小金属,主板,20071012,
002176.SZ,20250724,7.74,7.74,7.74,7.74,0.0,0.0,7.74,0.0,0.0,20250725,江特电机,小金属,主板,20071012,
002176.SZ,20250725,7.74,7.74,7.74,7.74,0.0,0.0,7.74,0.0,0.0,20250728,江特电机,小金属,主板,20071012,
002176.SZ,20250728,7.74,7.74,7.74,7.74,0.0,0.0,7.74,0.0,0.0,20250729,江特电机,小金属,主板,20071012,
002185.SZ,20250925,11.78,11.78,11.78,11.78,0.0,0.0,11.78,0.0,0.0,20250926,华天科技,半导体,主板,20071120,
002185.SZ,20250926,11.78,11.78,11.78,11.78,0.0,0.0,11.78,0.0,0.0,20250929,华天科技,半导体,主板,20071120,
002185.SZ,20250929,11.78,11.78,11.78,11.78,0.0,0.0,11.78,0.0,0.0,20250930,华天科技,半导体,主板,20071120,
002185.SZ,20250930,11.78,11.78,11.78,11.78,0.0,0.0,11.78,0.0,0.0,20251009,华天科技,半导体,主板,20071120,
002185.SZ,20251009,11.78,11.78,11.78,11.78,0.0,0.0,11.78,0.0,0.0,20251010,华天科技,半导体,主板,20071120,
002185.SZ,20251010,11.78,11.78,11.78,11.78,0.0,0.0,11.78,0.0,0.0,20251013,华天科技,半导体,主板,20071120,
002185.SZ,20251013,11.78,11.78,11.78,11.78,0.0,0.0,11.78,0.0,0.0,20251014,华天科技,半导体,主板,20071120,
002185.SZ,20251014,11.78,11.78,11.78,11.78,0.0,0.0,11.78,0.0,0.0,20251015,华天科技,半导体,主板,20071120,
002185.SZ,20251015,11.78,11.78,11.78,11.78,0.0,0.0,11.78,0.0,0.0,20251016,华天科技,半导体,主板,20071120,
002185.SZ,20251016,11.78,11.78,11.78,11.78,0.0,0.0,11.78,0.0,0.0,20251017,华天科技,半导体,主板,20071120,
002197.SZ,20251223,9.71,9.71,9.71,9.71,0.0,0.0,9.71,0.0,0.0,20251224,证通电子,IT设备,主板,20071218,
002208.SZ,20240909,5.03,5.03,5.03,5.03,0.0,0.0,5.03,0.0,0.0,20240910,合肥城建,区域地产,主板,20080128,
002208.SZ,20240910,5.03,5.03,5.03,5.03,0.0,0.0,5.03,0.0,0.0,20240911,合肥城建,区域地产,主板,20080128,
002208.SZ,20240911,5.03,5.03,5.03,5.03,0.0,0.0,5.03,0.0,0.0,20240912,合肥城建,区域地产,主板,20080128,
002208.SZ,20240912,5.03,5.03,5.03,5.03,0.0,0.0,5.03,0.0,0.0,20240913,合肥城建,区域地产,主板,20080128,
002208.SZ,20240913,5.03,5.03,5.03,5.03,0.0,0.0,5.03,0.0,0.0,20240918,合肥城建,区域地产,主板,20080128,
002208.SZ,20240918,5.03,5.03,5.03,5.03,0.0,0.0,5.03,0.0,0.0,20240919,合肥城建,区域地产,主板,20080128,
002208.SZ,20240919,5.03,5.03,5.03,5.03,0.0,0.0,5.03,0.0,0.0,20240920,合肥城建,区域地产,主板,20080128,
002208.SZ,20240920,5.03,5.03,5.03,5.03,0.0,0.0,5.03,0.0,0.0,20240923,合肥城建,区域地产,主板,20080128,
002208.SZ,20240923,5.03,5.03,5.03,5.03,0.0,0.0,5.03,0.0,0.0,20240924,合肥城建,区域地产,主板,20080128,
002208.SZ,20240924,5.03,5.03,5.03,5.03,0.0,0.0,5.03,0.0,0.0,20240925,合肥城建,区域地产,主板,20080128,
002217.SZ,20241230,2.51,2.51,2.51,2.51,0.0,0.0,2.51,0.0,0.0,20241231,合力泰,元器件,主板,20080220,
002217.SZ,20250623,2.14,2.14,2.14,2.14,0.0,0.0,2.14,0.0,0.0,20250624,合力泰,元器件,主板,20080220,
002235.SZ,20251201,9.29,9.29,9.29,9.29,0.0,0.0,9.29,0.0,0.0,20251202,安妮股份,造纸,主板,20080516,
002235.SZ,20251202,9.29,9.29,9.29,9.29,0.0,0.0,9.29,0.0,0.0,20251203,安妮股份,造纸,主板,20080516,
002235.SZ,20251203,9.29,9.29,9.29,9.29,0.0,0.0,9.29,0.0,0.0,20251204,安妮股份,造纸,主板,20080516,
002235.SZ,20251204,9.29,9.29,9.29,9.29,0.0,0.0,9.29,0.0,0.0,20251205,安妮股份,造纸,主板,20080516,
002235.SZ,20251205,9.29,9.29,9.29,9.29,0.0,0.0,9.29,0.0,0.0,20251208,安妮股份,造纸,主板,20080516,
002251.SZ,20240801,3.2,3.2,3.2,3.2,0.0,0.0,3.2,0.0,0.0,20240802,步步高,超市连锁,主板,20080619,
002251.SZ,20241015,2.94,2.94,2.94,2.94,0.0,0.0,2.94,0.0,0.0,20241016,步步高,超市连锁,主板,20080619,
002251.SZ,20250418,4.57,4.57,4.57,4.57,0.0,0.0,4.57,0.0,0.0,20250421,步步高,超市连锁,主板,20080619,
002252.SZ,20241223,7.22,7.22,7.22,7.22,0.0,0.0,7.22,0.0,0.0,20241224,上海莱士,生物制药,主板,20080623,
002252.SZ,20241224,7.22,7.22,7.22,7.22,0.0,0.0,7.22,0.0,0.0,20241225,上海莱士,生物制药,主板,20080623,
002252.SZ,20241225,7.22,7.22,7.22,7.22,0.0,0.0,7.22,0.0,0.0,20241226,上海莱士,生物制药,主板,20080623,
002252.SZ,20241226,7.22,7.22,7.22,7.22,0.0,0.0,7.22,0.0,0.0,20241227,上海莱士,生物制药,主板,20080623,
002252.SZ,20241227,7.22,7.22,7.22,7.22,0.0,0.0,7.22,0.0,0.0,20241230,上海莱士,生物制药,主板,20080623,
002252.SZ,20241230,7.22,7.22,7.22,7.22,0.0,0.0,7.22,0.0,0.0,20241231,上海莱士,生物制药,主板,20080623,
002252.SZ,20241231,7.22,7.22,7.22,7.22,0.0,0.0,7.22,0.0,0.0,20250102,上海莱士,生物制药,主板,20080623,
002252.SZ,20250102,7.22,7.22,7.22,7.22,0.0,0.0,7.22,0.0,0.0,20250103,上海莱士,生物制药,主板,20080623,
002252.SZ,20250103,7.22,7.22,7.22,7.22,0.0,0.0,7.22,0.0,0.0,20250106,上海莱士,生物制药,主板,20080623,
002252.SZ,20250106,7.22,7.22,7.22,7.22,0.0,0.0,7.22,0.0,0.0,20250107,上海莱士,生物制药,主板,20080623,
002277.SZ,20241127,3.35,3.35,3.35,3.35,0.0,0.0,3.35,0.0,0.0,20241128,友阿股份,百货,主板,20090717,
002277.SZ,20241128,3.35,3.35,3.35,3.35,0.0,0.0,3.35,0.0,0.0,20241129,友阿股份,百货,主板,20090717,
002277.SZ,20241129,3.35,3.35,3.35,3.35,0.0,0.0,3.35,0.0,0.0,20241202,友阿股份,百货,主板,20090717,
002277.SZ,20241202,3.35,3.35,3.35,3.35,0.0,0.0,3.35,0.0,0.0,20241203,友阿股份,百货,主板,20090717,
002277.SZ,20241203,3.35,3.35,3.35,3.35,0.0,0.0,3.35,0.0,0.0,20241204,友阿股份,百货,主板,20090717,
002277.SZ,20241204,3.35,3.35,3.35,3.35,0.0,0.0,3.35,0.0,0.0,20241205,友阿股份,百货,主板,20090717,
002277.SZ,20241205,3.35,3.35,3.35,3.35,0.0,0.0,3.35,0.0,0.0,20241206,友阿股份,百货,主板,20090717,
002277.SZ,20241206,3.35,3.35,3.35,3.35,0.0,0.0,3.35,0.0,0.0,20241209,友阿股份,百货,主板,20090717,
002277.SZ,20241209,3.35,3.35,3.35,3.35,0.0,0.0,3.35,0.0,0.0,20241210,友阿股份,百货,主板,20090717,
002277.SZ,20241210,3.35,3.35,3.35,3.35,0.0,0.0,3.35,0.0,0.0,20241211,友阿股份,百货,主板,20090717,
002309.SZ,20241111,2.44,2.44,2.44,2.44,0.0,0.0,2.44,0.0,0.0,20241112,中利集团,电气设备,主板,20091127,
002309.SZ,20241112,2.44,2.44,2.44,2.44,0.0,0.0,2.44,0.0,0.0,20241113,中利集团,电气设备,主板,20091127,
002309.SZ,20241113,2.44,2.44,2.44,2.44,0.0,0.0,2.44,0.0,0.0,20241114,中利集团,电气设备,主板,20091127,
002309.SZ,20241114,2.44,2.44,2.44,2.44,0.0,0.0,2.44,0.0,0.0,20241115,中利集团,电气设备,主板,20091127,
002309.SZ,20241115,2.44,2.44,2.44,2.44,0.0,0.0,2.44,0.0,0.0,20241118,中利集团,电气设备,主板,20091127,
002309.SZ,20241118,2.44,2.44,2.44,2.44,0.0,0.0,2.44,0.0,0.0,20241119,中利集团,电气设备,主板,20091127,
002309.SZ,20241119,2.44,2.44,2.44,2.44,0.0,0.0,2.44,0.0,0.0,20241120,中利集团,电气设备,主板,20091127,
002309.SZ,20241120,2.44,2.44,2.44,2.44,0.0,0.0,2.44,0.0,0.0,20241121,中利集团,电气设备,主板,20091127,
002309.SZ,20241121,2.44,2.44,2.44,2.44,0.0,0.0,2.44,0.0,0.0,20241122,中利集团,电气设备,主板,20091127,
002309.SZ,20241122,2.44,2.44,2.44,2.44,0.0,0.0,2.44,0.0,0.0,20241125,中利集团,电气设备,主板,20091127,
002309.SZ,20241125,2.44,2.44,2.44,2.44,0.0,0.0,2.44,0.0,0.0,20241126,中利集团,电气设备,主板,20091127,
002309.SZ,20241126,2.44,2.44,2.44,2.44,0.0,0.0,2.44,0.0,0.0,20241127,中利集团,电气设备,主板,20091127,
002309.SZ,20241127,2.44,2.44,2.44,2.44,0.0,0.0,2.44,0.0,0.0,20241128,中利集团,电气设备,主板,20091127,
002309.SZ,20241128,2.44,2.44,2.44,2.44,0.0,0.0,2.44,0.0,0.0,20241129,中利集团,电气设备,主板,20091127,
002309.SZ,20241129,2.44,2.44,2.44,2.44,0.0,0.0,2.44,0.0,0.0,20241202,中利集团,电气设备,主板,20091127,
002309.SZ,20241202,2.44,2.44,2.44,2.44,0.0,0.0,2.44,0.0,0.0,20241203,中利集团,电气设备,主板,20091127,
002309.SZ,20241203,2.44,2.44,2.44,2.44,0.0,0.0,2.44,0.0,0.0,20241204,中利集团,电气设备,主板,20091127,
002309.SZ,20241204,2.44,2.44,2.44,2.44,0.0,0.0,2.44,0.0,0.0,20241205,中利集团,电气设备,主板,20091127,
002309.SZ,20241205,2.44,2.44,2.44,2.44,0.0,0.0,2.44,0.0,0.0,20241206,中利集团,电气设备,主板,20091127,
002309.SZ,20241206,2.44,2.44,2.44,2.44,0.0,0.0,2.44,0.0,0.0,20241209,中利集团,电气设备,主板,20091127,
002309.SZ,20241209,2.44,2.44,2.44,2.44,0.0,0.0,2.44,0.0,0.0,20241210,中利集团,电气设备,主板,20091127,
002309.SZ,20241210,2.44,2.44,2.44,2.44,0.0,0.0,2.44,0.0,0.0,20241211,中利集团,电气设备,主板,20091127,
002309.SZ,20241211,2.44,2.44,2.44,2.44,0.0,0.0,2.44,0.0,0.0,20241212,中利集团,电气设备,主板,20091127,
002309.SZ,20241212,2.44,2.44,2.44,2.44,0.0,0.0,2.44,0.0,0.0,20241213,中利集团,电气设备,主板,20091127,
002309.SZ,20241213,2.44,2.44,2.44,2.44,0.0,0.0,2.44,0.0,0.0,20241216,中利集团,电气设备,主板,20091127,
002309.SZ,20241216,2.44,2.44,2.44,2.44,0.0,0.0,2.44,0.0,0.0,20241217,中利集团,电气设备,主板,20091127,
002309.SZ,20241217,2.44,2.44,2.44,2.44,0.0,0.0,2.44,0.0,0.0,20241218,中利集团,电气设备,主板,20091127,
002309.SZ,20241218,2.44,2.44,2.44,2.44,0.0,0.0,2.44,0.0,0.0,20241219,中利集团,电气设备,主板,20091127,
002309.SZ,20241219,2.44,2.44,2.44,2.44,0.0,0.0,2.44,0.0,0.0,20241220,中利集团,电气设备,主板,20091127,
002309.SZ,20241220,2.44,2.44,2.44,2.44,0.0,0.0,2.44,0.0,0.0,20241223,中利集团,电气设备,主板,20091127,
002309.SZ,20241223,2.44,2.44,2.44,2.44,0.0,0.0,2.44,0.0,0.0,20241224,中利集团,电气设备,主板,20091127,
002309.SZ,20241224,2.44,2.44,2.44,2.44,0.0,0.0,2.44,0.0,0.0,20241225,中利集团,电气设备,主板,20091127,
002309.SZ,20241225,2.44,2.44,2.44,2.44,0.0,0.0,2.44,0.0,0.0,20241226,中利集团,电气设备,主板,20091127,
002309.SZ,20241226,2.44,2.44,2.44,2.44,0.0,0.0,2.44,0.0,0.0,20241227,中利集团,电气设备,主板,20091127,
002309.SZ,20241227,2.44,2.44,2.44,2.44,0.0,0.0,2.44,0.0,0.0,20241230,中利集团,电气设备,主板,20091127,
002309.SZ,20241230,2.44,2.44,2.44,2.44,0.0,0.0,2.44,0.0,0.0,20241231,中利集团,电气设备,主板,20091127,
002309.SZ,20241231,2.44,2.44,2.44,2.44,0.0,0.0,2.44,0.0,0.0,20250102,中利集团,电气设备,主板,20091127,
002309.SZ,20250102,2.44,2.44,2.44,2.44,0.0,0.0,2.44,0.0,0.0,20250103,中利集团,电气设备,主板,20091127,
002309.SZ,20250103,2.44,2.44,2.44,2.44,0.0,0.0,2.44,0.0,0.0,20250106,中利集团,电气设备,主板,20091127,
002309.SZ,20250106,2.44,2.44,2.44,2.44,0.0,0.0,2.44,0.0,0.0,20250107,中利集团,电气设备,主板,20091127,
002309.SZ,20250107,2.44,2.44,2.44,2.44,0.0,0.0,2.44,0.0,0.0,20250108,中利集团,电气设备,主板,20091127,
002309.SZ,20250108,2.44,2.44,2.44,2.44,0.0,0.0,2.44,0.0,0.0,20250109,中利集团,电气设备,主板,20091127,
002309.SZ,20250603,2.76,2.76,2.76,2.76,0.0,0.0,2.76,0.0,0.0,20250604,中利集团,电气设备,主板,20091127,
002309.SZ,20250708,3.68,3.68,3.68,3.68,0.0,0.0,3.68,0.0,0.0,20250709,中利集团,电气设备,主板,20091127,
002310.SZ,20241227,2.05,2.05,2.05,2.05,0.0,0.0,2.05,0.0,0.0,20241230,东方新能,新型电力,主板,20091127,
002310.SZ,20250528,2.14,2.14,2.14,2.14,0.0,0.0,2.14,0.0,0.0,20250529,东方新能,新型电力,主板,20091127,
002326.SZ,20260209,28.77,28.77,28.77,28.77,0.0,0.0,28.77,0.0,0.0,20260210,永太科技,化工原料,主板,20091222,
002326.SZ,20260210,28.77,28.77,28.77,28.77,0.0,0.0,28.77,0.0,0.0,20260211,永太科技,化工原料,主板,20091222,
002326.SZ,20260211,28.77,28.77,28.77,28.77,0.0,0.0,28.77,0.0,0.0,20260212,永太科技,化工原料,主板,20091222,
002326.SZ,20260212,28.77,28.77,28.77,28.77,0.0,0.0,28.77,0.0,0.0,20260213,永太科技,化工原料,主板,20091222,
002326.SZ,20260213,28.77,28.77,28.77,28.77,0.0,0.0,28.77,0.0,0.0,20260224,永太科技,化工原料,主板,20091222,
002348.SZ,20251125,4.81,4.81,4.81,4.81,0.0,0.0,4.81,0.0,0.0,20251126,高乐股份,文教休闲,主板,20100203,
002348.SZ,20251126,4.81,4.81,4.81,4.81,0.0,0.0,4.81,0.0,0.0,20251127,高乐股份,文教休闲,主板,20100203,
002348.SZ,20251127,4.81,4.81,4.81,4.81,0.0,0.0,4.81,0.0,0.0,20251128,高乐股份,文教休闲,主板,20100203,
002348.SZ,20251128,4.81,4.81,4.81,4.81,0.0,0.0,4.81,0.0,0.0,20251201,高乐股份,文教休闲,主板,20100203,
002348.SZ,20251201,4.81,4.81,4.81,4.81,0.0,0.0,4.81,0.0,0.0,20251202,高乐股份,文教休闲,主板,20100203,
002357.SZ,20260326,14.46,14.46,14.46,14.46,0.0,0.0,14.46,0.0,0.0,20260327,富临运业,公共交通,主板,20100210,
002357.SZ,20260327,14.46,14.46,14.46,14.46,0.0,0.0,14.46,0.0,0.0,20260330,富临运业,公共交通,主板,20100210,
002357.SZ,20260330,14.46,14.46,14.46,14.46,0.0,0.0,14.46,0.0,0.0,20260331,富临运业,公共交通,主板,20100210,
002357.SZ,20260331,14.46,14.46,14.46,14.46,0.0,0.0,14.46,0.0,0.0,20260401,富临运业,公共交通,主板,20100210,
002357.SZ,20260401,14.46,14.46,14.46,14.46,0.0,0.0,14.46,0.0,0.0,20260402,富临运业,公共交通,主板,20100210,
002370.SZ,20250929,5.67,5.67,5.67,5.67,0.0,0.0,5.67,0.0,0.0,20250930,亚太药业,化学制药,主板,20100316,
002370.SZ,20250930,5.67,5.67,5.67,5.67,0.0,0.0,5.67,0.0,0.0,20251009,亚太药业,化学制药,主板,20100316,
002370.SZ,20251009,5.67,5.67,5.67,5.67,0.0,0.0,5.67,0.0,0.0,20251010,亚太药业,化学制药,主板,20100316,
002370.SZ,20251010,5.67,5.67,5.67,5.67,0.0,0.0,5.67,0.0,0.0,20251013,亚太药业,化学制药,主板,20100316,
002370.SZ,20251013,5.67,5.67,5.67,5.67,0.0,0.0,5.67,0.0,0.0,20251014,亚太药业,化学制药,主板,20100316,
002379.SZ,20241223,8.97,8.97,8.97,8.97,0.0,0.0,8.97,0.0,0.0,20241224,宏桥控股,铝,主板,20100331,
002379.SZ,20241224,8.97,8.97,8.97,8.97,0.0,0.0,8.97,0.0,0.0,20241225,宏桥控股,铝,主板,20100331,
002379.SZ,20241225,8.97,8.97,8.97,8.97,0.0,0.0,8.97,0.0,0.0,20241226,宏桥控股,铝,主板,20100331,
002379.SZ,20241226,8.97,8.97,8.97,8.97,0.0,0.0,8.97,0.0,0.0,20241227,宏桥控股,铝,主板,20100331,
002379.SZ,20241227,8.97,8.97,8.97,8.97,0.0,0.0,8.97,0.0,0.0,20241230,宏桥控股,铝,主板,20100331,
002379.SZ,20241230,8.97,8.97,8.97,8.97,0.0,0.0,8.97,0.0,0.0,20241231,宏桥控股,铝,主板,20100331,
002379.SZ,20241231,8.97,8.97,8.97,8.97,0.0,0.0,8.97,0.0,0.0,20250102,宏桥控股,铝,主板,20100331,
002379.SZ,20250102,8.97,8.97,8.97,8.97,0.0,0.0,8.97,0.0,0.0,20250103,宏桥控股,铝,主板,20100331,
002379.SZ,20250103,8.97,8.97,8.97,8.97,0.0,0.0,8.97,0.0,0.0,20250106,宏桥控股,铝,主板,20100331,
002379.SZ,20250106,8.97,8.97,8.97,8.97,0.0,0.0,8.97,0.0,0.0,20250107,宏桥控股,铝,主板,20100331,
002387.SZ,20251103,8.47,8.47,8.47,8.47,0.0,0.0,8.47,0.0,0.0,20251104,维信诺,元器件,主板,20100413,
002387.SZ,20251104,8.47,8.47,8.47,8.47,0.0,0.0,8.47,0.0,0.0,20251105,维信诺,元器件,主板,20100413,
002387.SZ,20251105,8.47,8.47,8.47,8.47,0.0,0.0,8.47,0.0,0.0,20251106,维信诺,元器件,主板,20100413,
002387.SZ,20251106,8.47,8.47,8.47,8.47,0.0,0.0,8.47,0.0,0.0,20251107,维信诺,元器件,主板,20100413,
002387.SZ,20251107,8.47,8.47,8.47,8.47,0.0,0.0,8.47,0.0,0.0,20251110,维信诺,元器件,主板,20100413,
002420.SZ,20251223,8.43,8.43,8.43,8.43,0.0,0.0,8.43,0.0,0.0,20251224,毅昌科技,家用电器,主板,20100601,
002420.SZ,20251224,8.43,8.43,8.43,8.43,0.0,0.0,8.43,0.0,0.0,20251225,毅昌科技,家用电器,主板,20100601,
002420.SZ,20251225,8.43,8.43,8.43,8.43,0.0,0.0,8.43,0.0,0.0,20251226,毅昌科技,家用电器,主板,20100601,
002445.SZ,20260213,2.78,2.78,2.78,2.78,0.0,0.0,2.78,0.0,0.0,20260224,中南文化,钢加工,主板,20100713,
002445.SZ,20260224,2.78,2.78,2.78,2.78,0.0,0.0,2.78,0.0,0.0,20260225,中南文化,钢加工,主板,20100713,
002445.SZ,20260225,2.78,2.78,2.78,2.78,0.0,0.0,2.78,0.0,0.0,20260226,中南文化,钢加工,主板,20100713,
002445.SZ,20260226,2.78,2.78,2.78,2.78,0.0,0.0,2.78,0.0,0.0,20260227,中南文化,钢加工,主板,20100713,
002445.SZ,20260227,2.78,2.78,2.78,2.78,0.0,0.0,2.78,0.0,0.0,20260302,中南文化,钢加工,主板,20100713,
002445.SZ,20260302,2.78,2.78,2.78,2.78,0.0,0.0,2.78,0.0,0.0,20260303,中南文化,钢加工,主板,20100713,
002445.SZ,20260303,2.78,2.78,2.78,2.78,0.0,0.0,2.78,0.0,0.0,20260304,中南文化,钢加工,主板,20100713,
002445.SZ,20260304,2.78,2.78,2.78,2.78,0.0,0.0,2.78,0.0,0.0,20260305,中南文化,钢加工,主板,20100713,
002445.SZ,20260305,2.78,2.78,2.78,2.78,0.0,0.0,2.78,0.0,0.0,20260306,中南文化,钢加工,主板,20100713,
002445.SZ,20260306,2.78,2.78,2.78,2.78,0.0,0.0,2.78,0.0,0.0,20260309,中南文化,钢加工,主板,20100713,
002456.SZ,20250401,12.23,12.23,12.23,12.23,0.0,0.0,12.23,0.0,0.0,20250402,欧菲光,元器件,主板,20100803,
002456.SZ,20250402,12.23,12.23,12.23,12.23,0.0,0.0,12.23,0.0,0.0,20250403,欧菲光,元器件,主板,20100803,
002456.SZ,20250403,12.23,12.23,12.23,12.23,0.0,0.0,12.23,0.0,0.0,20250407,欧菲光,元器件,主板,20100803,
002456.SZ,20250407,12.23,12.23,12.23,12.23,0.0,0.0,12.23,0.0,0.0,20250408,欧菲光,元器件,主板,20100803,
002456.SZ,20250408,12.23,12.23,12.23,12.23,0.0,0.0,12.23,0.0,0.0,20250409,欧菲光,元器件,主板,20100803,
002456.SZ,20250409,12.23,12.23,12.23,12.23,0.0,0.0,12.23,0.0,0.0,20250410,欧菲光,元器件,主板,20100803,
002456.SZ,20250410,12.23,12.23,12.23,12.23,0.0,0.0,12.23,0.0,0.0,20250411,欧菲光,元器件,主板,20100803,
002456.SZ,20250411,12.23,12.23,12.23,12.23,0.0,0.0,12.23,0.0,0.0,20250414,欧菲光,元器件,主板,20100803,
002456.SZ,20250414,12.23,12.23,12.23,12.23,0.0,0.0,12.23,0.0,0.0,20250415,欧菲光,元器件,主板,20100803,
002456.SZ,20250415,12.23,12.23,12.23,12.23,0.0,0.0,12.23,0.0,0.0,20250416,欧菲光,元器件,主板,20100803,
002462.SZ,20260128,16.4,16.4,16.4,16.4,0.0,0.0,16.4,0.0,0.0,20260129,嘉事堂,医药商业,主板,20100818,
002462.SZ,20260129,16.4,16.4,16.4,16.4,0.0,0.0,16.4,0.0,0.0,20260130,嘉事堂,医药商业,主板,20100818,
002462.SZ,20260130,16.4,16.4,16.4,16.4,0.0,0.0,16.4,0.0,0.0,20260202,嘉事堂,医药商业,主板,20100818,
002462.SZ,20260202,16.4,16.4,16.4,16.4,0.0,0.0,16.4,0.0,0.0,20260203,嘉事堂,医药商业,主板,20100818,
002462.SZ,20260203,16.4,16.4,16.4,16.4,0.0,0.0,16.4,0.0,0.0,20260204,嘉事堂,医药商业,主板,20100818,
002490.SZ,20250430,3.95,3.95,3.95,3.95,0.0,0.0,3.95,0.0,0.0,20250506,山东墨龙,化工机械,主板,20101021,
002510.SZ,20240708,4.09,4.09,4.09,4.09,0.0,0.0,4.09,0.0,0.0,20240709,天汽模,汽车配件,主板,20101125,
002510.SZ,20240709,4.09,4.09,4.09,4.09,0.0,0.0,4.09,0.0,0.0,20240710,天汽模,汽车配件,主板,20101125,
002510.SZ,20260206,7.53,7.53,7.53,7.53,0.0,0.0,7.53,0.0,0.0,20260209,天汽模,汽车配件,主板,20101125,
002510.SZ,20260209,7.53,7.53,7.53,7.53,0.0,0.0,7.53,0.0,0.0,20260210,天汽模,汽车配件,主板,20101125,
002510.SZ,20260210,7.53,7.53,7.53,7.53,0.0,0.0,7.53,0.0,0.0,20260211,天汽模,汽车配件,主板,20101125,
002510.SZ,20260211,7.53,7.53,7.53,7.53,0.0,0.0,7.53,0.0,0.0,20260212,天汽模,汽车配件,主板,20101125,
002515.SZ,20250421,5.36,5.36,5.36,5.36,0.0,0.0,5.36,0.0,0.0,20250422,金字火腿,食品,主板,20101203,
002515.SZ,20250422,5.36,5.36,5.36,5.36,0.0,0.0,5.36,0.0,0.0,20250423,金字火腿,食品,主板,20101203,
002515.SZ,20250423,5.36,5.36,5.36,5.36,0.0,0.0,5.36,0.0,0.0,20250424,金字火腿,食品,主板,20101203,
002515.SZ,20250424,5.36,5.36,5.36,5.36,0.0,0.0,5.36,0.0,0.0,20250425,金字火腿,食品,主板,20101203,
002515.SZ,20250425,5.36,5.36,5.36,5.36,0.0,0.0,5.36,0.0,0.0,20250428,金字火腿,食品,主板,20101203,
002527.SZ,20250210,10.15,10.15,10.15,10.15,0.0,0.0,10.15,0.0,0.0,20250211,新时达,电器仪表,主板,20101224,
002527.SZ,20250211,10.15,10.15,10.15,10.15,0.0,0.0,10.15,0.0,0.0,20250212,新时达,电器仪表,主板,20101224,
002527.SZ,20250212,10.15,10.15,10.15,10.15,0.0,0.0,10.15,0.0,0.0,20250213,新时达,电器仪表,主板,20101224,
002527.SZ,20250213,10.15,10.15,10.15,10.15,0.0,0.0,10.15,0.0,0.0,20250214,新时达,电器仪表,主板,20101224,
002527.SZ,20250214,10.15,10.15,10.15,10.15,0.0,0.0,10.15,0.0,0.0,20250217,新时达,电器仪表,主板,20101224,
002554.SZ,20260109,3.55,3.55,3.55,3.55,0.0,0.0,3.55,0.0,0.0,20260112,惠博普,石油开采,主板,20110225,
002554.SZ,20260112,3.55,3.55,3.55,3.55,0.0,0.0,3.55,0.0,0.0,20260113,惠博普,石油开采,主板,20110225,
002554.SZ,20260113,3.55,3.55,3.55,3.55,0.0,0.0,3.55,0.0,0.0,20260114,惠博普,石油开采,主板,20110225,
002554.SZ,20260114,3.55,3.55,3.55,3.55,0.0,0.0,3.55,0.0,0.0,20260115,惠博普,石油开采,主板,20110225,
002564.SZ,20250414,3.99,3.99,3.99,3.99,0.0,0.0,3.99,0.0,0.0,20250415,天沃科技,化工机械,主板,20110310,
002571.SZ,20251009,8.32,8.32,8.32,8.32,0.0,0.0,8.32,0.0,0.0,20251010,德力股份,家居用品,主板,20110412,
002571.SZ,20251010,8.32,8.32,8.32,8.32,0.0,0.0,8.32,0.0,0.0,20251013,德力股份,家居用品,主板,20110412,
002571.SZ,20251013,8.32,8.32,8.32,8.32,0.0,0.0,8.32,0.0,0.0,20251014,德力股份,家居用品,主板,20110412,
002571.SZ,20251014,8.32,8.32,8.32,8.32,0.0,0.0,8.32,0.0,0.0,20251015,德力股份,家居用品,主板,20110412,
002571.SZ,20251015,8.32,8.32,8.32,8.32,0.0,0.0,8.32,0.0,0.0,20251016,德力股份,家居用品,主板,20110412,
002602.SZ,20241107,5.13,5.13,5.13,5.13,0.0,0.0,5.13,0.0,0.0,20241108,世纪华通,互联网,主板,20110728,
002602.SZ,20251111,17.61,17.61,17.61,17.61,0.0,0.0,17.61,0.0,0.0,20251112,世纪华通,互联网,主板,20110728,
002647.SZ,20250102,5.94,5.94,5.94,5.94,0.0,0.0,5.94,0.0,0.0,20250103,仁东控股,多元金融,主板,20111228,
002647.SZ,20250312,5.96,5.96,5.96,5.96,0.0,0.0,5.96,0.0,0.0,20250313,仁东控股,多元金融,主板,20111228,
002647.SZ,20260413,9.46,9.46,9.46,9.46,0.0,0.0,9.46,0.0,0.0,20260414,仁东控股,多元金融,主板,20111228,
002708.SZ,20250519,12.43,12.43,12.43,12.43,0.0,0.0,12.43,0.0,0.0,20250520,光洋股份,汽车配件,主板,20140121,
002708.SZ,20250520,12.43,12.43,12.43,12.43,0.0,0.0,12.43,0.0,0.0,20250521,光洋股份,汽车配件,主板,20140121,
002708.SZ,20250521,12.43,12.43,12.43,12.43,0.0,0.0,12.43,0.0,0.0,20250522,光洋股份,汽车配件,主板,20140121,
002708.SZ,20250522,12.43,12.43,12.43,12.43,0.0,0.0,12.43,0.0,0.0,20250523,光洋股份,汽车配件,主板,20140121,
002708.SZ,20250523,12.43,12.43,12.43,12.43,0.0,0.0,12.43,0.0,0.0,20250526,光洋股份,汽车配件,主板,20140121,
002708.SZ,20250526,12.43,12.43,12.43,12.43,0.0,0.0,12.43,0.0,0.0,20250527,光洋股份,汽车配件,主板,20140121,
002708.SZ,20250527,12.43,12.43,12.43,12.43,0.0,0.0,12.43,0.0,0.0,20250528,光洋股份,汽车配件,主板,20140121,
002708.SZ,20250528,12.43,12.43,12.43,12.43,0.0,0.0,12.43,0.0,0.0,20250529,光洋股份,汽车配件,主板,20140121,
002708.SZ,20250529,12.43,12.43,12.43,12.43,0.0,0.0,12.43,0.0,0.0,20250530,光洋股份,汽车配件,主板,20140121,
002718.SZ,20251224,32.67,32.67,32.67,32.67,0.0,0.0,32.67,0.0,0.0,20251225,友邦吊顶,其他建材,主板,20140128,
002718.SZ,20251225,32.67,32.67,32.67,32.67,0.0,0.0,32.67,0.0,0.0,20251226,友邦吊顶,其他建材,主板,20140128,
002718.SZ,20251226,32.67,32.67,32.67,32.67,0.0,0.0,32.67,0.0,0.0,20251229,友邦吊顶,其他建材,主板,20140128,
002718.SZ,20251229,32.67,32.67,32.67,32.67,0.0,0.0,32.67,0.0,0.0,20251230,友邦吊顶,其他建材,主板,20140128,
002718.SZ,20251230,32.67,32.67,32.67,32.67,0.0,0.0,32.67,0.0,0.0,20251231,友邦吊顶,其他建材,主板,20140128,
002718.SZ,20260327,60.6,60.6,60.6,60.6,0.0,0.0,60.6,0.0,0.0,20260330,友邦吊顶,其他建材,主板,20140128,
002718.SZ,20260330,60.6,60.6,60.6,60.6,0.0,0.0,60.6,0.0,0.0,20260331,友邦吊顶,其他建材,主板,20140128,
002718.SZ,20260331,60.6,60.6,60.6,60.6,0.0,0.0,60.6,0.0,0.0,20260401,友邦吊顶,其他建材,主板,20140128,
002718.SZ,20260401,60.6,60.6,60.6,60.6,0.0,0.0,60.6,0.0,0.0,20260402,友邦吊顶,其他建材,主板,20140128,
002718.SZ,20260402,60.6,60.6,60.6,60.6,0.0,0.0,60.6,0.0,0.0,20260403,友邦吊顶,其他建材,主板,20140128,
002721.SZ,20240611,2.63,2.63,2.63,2.63,0.0,0.0,2.63,0.0,0.0,20240612,金一文化,服饰,主板,20140127,
002721.SZ,20250613,3.5,3.5,3.5,3.5,0.0,0.0,3.5,0.0,0.0,20250616,金一文化,服饰,主板,20140127,
002725.SZ,20250225,12.72,12.72,12.72,12.72,0.0,0.0,12.72,0.0,0.0,20250226,跃岭股份,汽车配件,主板,20140129,
002725.SZ,20250226,12.72,12.72,12.72,12.72,0.0,0.0,12.72,0.0,0.0,20250227,跃岭股份,汽车配件,主板,20140129,
002725.SZ,20250227,12.72,12.72,12.72,12.72,0.0,0.0,12.72,0.0,0.0,20250228,跃岭股份,汽车配件,主板,20140129,
002725.SZ,20250228,12.72,12.72,12.72,12.72,0.0,0.0,12.72,0.0,0.0,20250303,跃岭股份,汽车配件,主板,20140129,
002725.SZ,20250303,12.72,12.72,12.72,12.72,0.0,0.0,12.72,0.0,0.0,20250304,跃岭股份,汽车配件,主板,20140129,
002736.SZ,20240822,9.04,9.04,9.04,9.04,0.0,0.0,9.04,0.0,0.0,20240823,国信证券,证券,主板,20141229,
002736.SZ,20240823,9.04,9.04,9.04,9.04,0.0,0.0,9.04,0.0,0.0,20240826,国信证券,证券,主板,20141229,
002736.SZ,20240826,9.04,9.04,9.04,9.04,0.0,0.0,9.04,0.0,0.0,20240827,国信证券,证券,主板,20141229,
002736.SZ,20240827,9.04,9.04,9.04,9.04,0.0,0.0,9.04,0.0,0.0,20240828,国信证券,证券,主板,20141229,
002736.SZ,20240828,9.04,9.04,9.04,9.04,0.0,0.0,9.04,0.0,0.0,20240829,国信证券,证券,主板,20141229,
002736.SZ,20240829,9.04,9.04,9.04,9.04,0.0,0.0,9.04,0.0,0.0,20240830,国信证券,证券,主板,20141229,
002736.SZ,20240830,9.04,9.04,9.04,9.04,0.0,0.0,9.04,0.0,0.0,20240902,国信证券,证券,主板,20141229,
002736.SZ,20240902,9.04,9.04,9.04,9.04,0.0,0.0,9.04,0.0,0.0,20240903,国信证券,证券,主板,20141229,
002736.SZ,20240903,9.04,9.04,9.04,9.04,0.0,0.0,9.04,0.0,0.0,20240904,国信证券,证券,主板,20141229,
002736.SZ,20240904,9.04,9.04,9.04,9.04,0.0,0.0,9.04,0.0,0.0,20240905,国信证券,证券,主板,20141229,
002748.SZ,20250521,9.18,9.18,9.18,9.18,0.0,0.0,9.18,0.0,0.0,20250522,世龙实业,化工原料,主板,20150319,
002765.SZ,20250708,12.75,12.75,12.75,12.75,0.0,0.0,12.75,0.0,0.0,20250709,蓝黛科技,元器件,主板,20150612,
002765.SZ,20250709,12.75,12.75,12.75,12.75,0.0,0.0,12.75,0.0,0.0,20250710,蓝黛科技,元器件,主板,20150612,
002769.SZ,20251204,12.94,12.94,12.94,12.94,0.0,0.0,12.94,0.0,0.0,20251205,普路通,仓储物流,主板,20150629,
002769.SZ,20251205,12.94,12.94,12.94,12.94,0.0,0.0,12.94,0.0,0.0,20251208,普路通,仓储物流,主板,20150629,
002769.SZ,20251208,12.94,12.94,12.94,12.94,0.0,0.0,12.94,0.0,0.0,20251209,普路通,仓储物流,主板,20150629,
002769.SZ,20251209,12.94,12.94,12.94,12.94,0.0,0.0,12.94,0.0,0.0,20251210,普路通,仓储物流,主板,20150629,
002769.SZ,20251210,12.94,12.94,12.94,12.94,0.0,0.0,12.94,0.0,0.0,20251211,普路通,仓储物流,主板,20150629,
002769.SZ,20251211,12.94,12.94,12.94,12.94,0.0,0.0,12.94,0.0,0.0,20251212,普路通,仓储物流,主板,20150629,
002769.SZ,20251212,12.94,12.94,12.94,12.94,0.0,0.0,12.94,0.0,0.0,20251215,普路通,仓储物流,主板,20150629,
002769.SZ,20251215,12.94,12.94,12.94,12.94,0.0,0.0,12.94,0.0,0.0,20251216,普路通,仓储物流,主板,20150629,
002769.SZ,20251216,12.94,12.94,12.94,12.94,0.0,0.0,12.94,0.0,0.0,20251217,普路通,仓储物流,主板,20150629,
002769.SZ,20251217,12.94,12.94,12.94,12.94,0.0,0.0,12.94,0.0,0.0,20251218,普路通,仓储物流,主板,20150629,
002806.SZ,20251124,13.22,13.22,13.22,13.22,0.0,0.0,13.22,0.0,0.0,20251125,华锋股份,汽车配件,主板,20160726,
002806.SZ,20251125,13.22,13.22,13.22,13.22,0.0,0.0,13.22,0.0,0.0,20251126,华锋股份,汽车配件,主板,20160726,
002806.SZ,20251126,13.22,13.22,13.22,13.22,0.0,0.0,13.22,0.0,0.0,20251127,华锋股份,汽车配件,主板,20160726,
002806.SZ,20251127,13.22,13.22,13.22,13.22,0.0,0.0,13.22,0.0,0.0,20251128,华锋股份,汽车配件,主板,20160726,
002806.SZ,20251128,13.22,13.22,13.22,13.22,0.0,0.0,13.22,0.0,0.0,20251201,华锋股份,汽车配件,主板,20160726,
002812.SZ,20251201,55.35,55.35,55.35,55.35,0.0,0.0,55.35,0.0,0.0,20251202,恩捷股份,电气设备,主板,20160914,
002812.SZ,20251202,55.35,55.35,55.35,55.35,0.0,0.0,55.35,0.0,0.0,20251203,恩捷股份,电气设备,主板,20160914,
002812.SZ,20251203,55.35,55.35,55.35,55.35,0.0,0.0,55.35,0.0,0.0,20251204,恩捷股份,电气设备,主板,20160914,
002812.SZ,20251204,55.35,55.35,55.35,55.35,0.0,0.0,55.35,0.0,0.0,20251205,恩捷股份,电气设备,主板,20160914,
002812.SZ,20251205,55.35,55.35,55.35,55.35,0.0,0.0,55.35,0.0,0.0,20251208,恩捷股份,电气设备,主板,20160914,
002812.SZ,20251208,55.35,55.35,55.35,55.35,0.0,0.0,55.35,0.0,0.0,20251209,恩捷股份,电气设备,主板,20160914,
002812.SZ,20251209,55.35,55.35,55.35,55.35,0.0,0.0,55.35,0.0,0.0,20251210,恩捷股份,电气设备,主板,20160914,
002812.SZ,20251210,55.35,55.35,55.35,55.35,0.0,0.0,55.35,0.0,0.0,20251211,恩捷股份,电气设备,主板,20160914,
002812.SZ,20251211,55.35,55.35,55.35,55.35,0.0,0.0,55.35,0.0,0.0,20251212,恩捷股份,电气设备,主板,20160914,
002812.SZ,20251212,55.35,55.35,55.35,55.35,0.0,0.0,55.35,0.0,0.0,20251215,恩捷股份,电气设备,主板,20160914,
002828.SZ,20250428,8.23,8.23,8.23,8.23,0.0,0.0,8.23,0.0,0.0,20250429,贝肯能源,石油开采,主板,20161208,
002828.SZ,20250429,8.23,8.23,8.23,8.23,0.0,0.0,8.23,0.0,0.0,20250430,贝肯能源,石油开采,主板,20161208,
002828.SZ,20250430,8.23,8.23,8.23,8.23,0.0,0.0,8.23,0.0,0.0,20250506,贝肯能源,石油开采,主板,20161208,
002828.SZ,20250506,8.23,8.23,8.23,8.23,0.0,0.0,8.23,0.0,0.0,20250507,贝肯能源,石油开采,主板,20161208,
002828.SZ,20250507,8.23,8.23,8.23,8.23,0.0,0.0,8.23,0.0,0.0,20250508,贝肯能源,石油开采,主板,20161208,
002838.SZ,20241029,13.3,13.3,13.3,13.3,0.0,0.0,13.3,0.0,0.0,20241030,道恩股份,塑料,主板,20170106,
002838.SZ,20241030,13.3,13.3,13.3,13.3,0.0,0.0,13.3,0.0,0.0,20241031,道恩股份,塑料,主板,20170106,
002838.SZ,20241031,13.3,13.3,13.3,13.3,0.0,0.0,13.3,0.0,0.0,20241101,道恩股份,塑料,主板,20170106,
002838.SZ,20241101,13.3,13.3,13.3,13.3,0.0,0.0,13.3,0.0,0.0,20241104,道恩股份,塑料,主板,20170106,
002838.SZ,20241104,13.3,13.3,13.3,13.3,0.0,0.0,13.3,0.0,0.0,20241105,道恩股份,塑料,主板,20170106,
002838.SZ,20241105,13.3,13.3,13.3,13.3,0.0,0.0,13.3,0.0,0.0,20241106,道恩股份,塑料,主板,20170106,
002838.SZ,20241106,13.3,13.3,13.3,13.3,0.0,0.0,13.3,0.0,0.0,20241107,道恩股份,塑料,主板,20170106,
002838.SZ,20241107,13.3,13.3,13.3,13.3,0.0,0.0,13.3,0.0,0.0,20241108,道恩股份,塑料,主板,20170106,
002838.SZ,20241108,13.3,13.3,13.3,13.3,0.0,0.0,13.3,0.0,0.0,20241111,道恩股份,塑料,主板,20170106,
002838.SZ,20241111,13.3,13.3,13.3,13.3,0.0,0.0,13.3,0.0,0.0,20241112,道恩股份,塑料,主板,20170106,
002853.SZ,20251209,16.24,16.24,16.24,16.24,0.0,0.0,16.24,0.0,0.0,20251210,皮阿诺,家居用品,主板,20170310,
002853.SZ,20251210,16.24,16.24,16.24,16.24,0.0,0.0,16.24,0.0,0.0,20251211,皮阿诺,家居用品,主板,20170310,
002853.SZ,20251211,16.24,16.24,16.24,16.24,0.0,0.0,16.24,0.0,0.0,20251212,皮阿诺,家居用品,主板,20170310,
002853.SZ,20251212,16.24,16.24,16.24,16.24,0.0,0.0,16.24,0.0,0.0,20251215,皮阿诺,家居用品,主板,20170310,
002853.SZ,20251215,16.24,16.24,16.24,16.24,0.0,0.0,16.24,0.0,0.0,20251216,皮阿诺,家居用品,主板,20170310,
002859.SZ,20260303,42.62,42.62,42.62,42.62,0.0,0.0,42.62,0.0,0.0,20260304,洁美科技,元器件,主板,20170407,
002859.SZ,20260304,42.62,42.62,42.62,42.62,0.0,0.0,42.62,0.0,0.0,20260305,洁美科技,元器件,主板,20170407,
002859.SZ,20260305,42.62,42.62,42.62,42.62,0.0,0.0,42.62,0.0,0.0,20260306,洁美科技,元器件,主板,20170407,
002859.SZ,20260306,42.62,42.62,42.62,42.62,0.0,0.0,42.62,0.0,0.0,20260309,洁美科技,元器件,主板,20170407,
002859.SZ,20260309,42.62,42.62,42.62,42.62,0.0,0.0,42.62,0.0,0.0,20260310,洁美科技,元器件,主板,20170407,
002859.SZ,20260310,42.62,42.62,42.62,42.62,0.0,0.0,42.62,0.0,0.0,20260311,洁美科技,元器件,主板,20170407,
002859.SZ,20260311,42.62,42.62,42.62,42.62,0.0,0.0,42.62,0.0,0.0,20260312,洁美科技,元器件,主板,20170407,
002859.SZ,20260312,42.62,42.62,42.62,42.62,0.0,0.0,42.62,0.0,0.0,20260313,洁美科技,元器件,主板,20170407,
002859.SZ,20260313,42.62,42.62,42.62,42.62,0.0,0.0,42.62,0.0,0.0,20260316,洁美科技,元器件,主板,20170407,
002859.SZ,20260316,42.62,42.62,42.62,42.62,0.0,0.0,42.62,0.0,0.0,20260317,洁美科技,元器件,主板,20170407,
002931.SZ,20251218,19.68,19.68,19.68,19.68,0.0,0.0,19.68,0.0,0.0,20251219,锋龙股份,机械基件,主板,20180403,
002931.SZ,20251219,19.68,19.68,19.68,19.68,0.0,0.0,19.68,0.0,0.0,20251222,锋龙股份,机械基件,主板,20180403,
002931.SZ,20251222,19.68,19.68,19.68,19.68,0.0,0.0,19.68,0.0,0.0,20251223,锋龙股份,机械基件,主板,20180403,
002931.SZ,20251223,19.68,19.68,19.68,19.68,0.0,0.0,19.68,0.0,0.0,20251224,锋龙股份,机械基件,主板,20180403,
002931.SZ,20251224,19.68,19.68,19.68,19.68,0.0,0.0,19.68,0.0,0.0,20251225,锋龙股份,机械基件,主板,20180403,
002931.SZ,20260114,61.79,61.79,61.79,61.79,0.0,0.0,61.79,0.0,0.0,20260115,锋龙股份,机械基件,主板,20180403,
002931.SZ,20260115,61.79,61.79,61.79,61.79,0.0,0.0,61.79,0.0,0.0,20260116,锋龙股份,机械基件,主板,20180403,
002931.SZ,20260116,61.79,61.79,61.79,61.79,0.0,0.0,61.79,0.0,0.0,20260119,锋龙股份,机械基件,主板,20180403,
002931.SZ,20260126,99.53,99.53,99.53,99.53,0.0,0.0,99.53,0.0,0.0,20260127,锋龙股份,机械基件,主板,20180403,
002931.SZ,20260127,99.53,99.53,99.53,99.53,0.0,0.0,99.53,0.0,0.0,20260128,锋龙股份,机械基件,主板,20180403,
002931.SZ,20260128,99.53,99.53,99.53,99.53,0.0,0.0,99.53,0.0,0.0,20260129,锋龙股份,机械基件,主板,20180403,
002931.SZ,20260129,99.53,99.53,99.53,99.53,0.0,0.0,99.53,0.0,0.0,20260130,锋龙股份,机械基件,主板,20180403,
002931.SZ,20260130,99.53,99.53,99.53,99.53,0.0,0.0,99.53,0.0,0.0,20260202,锋龙股份,机械基件,主板,20180403,
002931.SZ,20260421,69.25,69.25,69.25,69.25,0.0,0.0,69.25,0.0,0.0,20260422,锋龙股份,机械基件,主板,20180403,
002931.SZ,20260422,69.25,69.25,69.25,69.25,0.0,0.0,69.25,0.0,0.0,20260423,锋龙股份,机械基件,主板,20180403,
002931.SZ,20260423,69.25,69.25,69.25,69.25,0.0,0.0,69.25,0.0,0.0,20260424,锋龙股份,机械基件,主板,20180403,
002931.SZ,20260424,69.25,69.25,69.25,69.25,0.0,0.0,69.25,0.0,0.0,20260427,锋龙股份,机械基件,主板,20180403,
002969.SZ,20251210,4.56,4.56,4.56,4.56,0.0,0.0,4.56,0.0,0.0,20251211,嘉美包装,广告包装,主板,20191202,
002969.SZ,20251211,4.56,4.56,4.56,4.56,0.0,0.0,4.56,0.0,0.0,20251212,嘉美包装,广告包装,主板,20191202,
002969.SZ,20251212,4.56,4.56,4.56,4.56,0.0,0.0,4.56,0.0,0.0,20251215,嘉美包装,广告包装,主板,20191202,
002969.SZ,20251215,4.56,4.56,4.56,4.56,0.0,0.0,4.56,0.0,0.0,20251216,嘉美包装,广告包装,主板,20191202,
002969.SZ,20251216,4.56,4.56,4.56,4.56,0.0,0.0,4.56,0.0,0.0,20251217,嘉美包装,广告包装,主板,20191202,
002969.SZ,20260107,15.07,15.07,15.07,15.07,0.0,0.0,15.07,0.0,0.0,20260108,嘉美包装,广告包装,主板,20191202,
002969.SZ,20260108,15.07,15.07,15.07,15.07,0.0,0.0,15.07,0.0,0.0,20260109,嘉美包装,广告包装,主板,20191202,
002969.SZ,20260109,15.07,15.07,15.07,15.07,0.0,0.0,15.07,0.0,0.0,20260112,嘉美包装,广告包装,主板,20191202,
002969.SZ,20260126,23.17,23.17,23.17,23.17,0.0,0.0,23.17,0.0,0.0,20260127,嘉美包装,广告包装,主板,20191202,
002969.SZ,20260127,23.17,23.17,23.17,23.17,0.0,0.0,23.17,0.0,0.0,20260128,嘉美包装,广告包装,主板,20191202,
002969.SZ,20260128,23.17,23.17,23.17,23.17,0.0,0.0,23.17,0.0,0.0,20260129,嘉美包装,广告包装,主板,20191202,
002969.SZ,20260129,23.17,23.17,23.17,23.17,0.0,0.0,23.17,0.0,0.0,20260130,嘉美包装,广告包装,主板,20191202,
002969.SZ,20260130,23.17,23.17,23.17,23.17,0.0,0.0,23.17,0.0,0.0,20260202,嘉美包装,广告包装,主板,20191202,
002995.SZ,20241030,20.3,20.3,20.3,20.3,0.0,0.0,20.3,0.0,0.0,20241031,天地在线,互联网,主板,20200805,
002995.SZ,20241031,20.3,20.3,20.3,20.3,0.0,0.0,20.3,0.0,0.0,20241101,天地在线,互联网,主板,20200805,
002995.SZ,20241101,20.3,20.3,20.3,20.3,0.0,0.0,20.3,0.0,0.0,20241104,天地在线,互联网,主板,20200805,
002995.SZ,20241104,20.3,20.3,20.3,20.3,0.0,0.0,20.3,0.0,0.0,20241105,天地在线,互联网,主板,20200805,
003041.SZ,20251105,30.82,30.82,30.82,30.82,0.0,0.0,30.82,0.0,0.0,20251106,真爱美家,纺织,主板,20210406,
003041.SZ,20251106,30.82,30.82,30.82,30.82,0.0,0.0,30.82,0.0,0.0,20251107,真爱美家,纺织,主板,20210406,
003041.SZ,20251107,30.82,30.82,30.82,30.82,0.0,0.0,30.82,0.0,0.0,20251110,真爱美家,纺织,主板,20210406,
003041.SZ,20251110,30.82,30.82,30.82,30.82,0.0,0.0,30.82,0.0,0.0,20251111,真爱美家,纺织,主板,20210406,
003041.SZ,20251111,30.82,30.82,30.82,30.82,0.0,0.0,30.82,0.0,0.0,20251112,真爱美家,纺织,主板,20210406,
003041.SZ,20260422,62.22,62.22,62.22,62.22,0.0,0.0,62.22,0.0,0.0,20260423,真爱美家,纺织,主板,20210406,
003041.SZ,20260423,62.22,62.22,62.22,62.22,0.0,0.0,62.22,0.0,0.0,20260424,真爱美家,纺织,主板,20210406,
003041.SZ,20260424,62.22,62.22,62.22,62.22,0.0,0.0,62.22,0.0,0.0,20260427,真爱美家,纺织,主板,20210406,
003041.SZ,20260427,62.22,62.22,62.22,62.22,0.0,0.0,62.22,0.0,0.0,20260428,真爱美家,纺织,主板,20210406,
300018.SZ,20251027,11.9,11.9,11.9,11.9,0.0,0.0,11.9,0.0,0.0,20251028,中元股份,电气设备,创业板,20091030,
300018.SZ,20251028,11.9,11.9,11.9,11.9,0.0,0.0,11.9,0.0,0.0,20251029,中元股份,电气设备,创业板,20091030,
300018.SZ,20251029,11.9,11.9,11.9,11.9,0.0,0.0,11.9,0.0,0.0,20251030,中元股份,电气设备,创业板,20091030,
300018.SZ,20251030,11.9,11.9,11.9,11.9,0.0,0.0,11.9,0.0,0.0,20251031,中元股份,电气设备,创业板,20091030,
300018.SZ,20251031,11.9,11.9,11.9,11.9,0.0,0.0,11.9,0.0,0.0,20251103,中元股份,电气设备,创业板,20091030,
300046.SZ,20250613,31.8,31.8,31.8,31.8,0.0,0.0,31.8,0.0,0.0,20250616,台基股份,半导体,创业板,20100120,
300046.SZ,20250616,31.8,31.8,31.8,31.8,0.0,0.0,31.8,0.0,0.0,20250617,台基股份,半导体,创业板,20100120,
300046.SZ,20250617,31.8,31.8,31.8,31.8,0.0,0.0,31.8,0.0,0.0,20250618,台基股份,半导体,创业板,20100120,
300046.SZ,20250618,31.8,31.8,31.8,31.8,0.0,0.0,31.8,0.0,0.0,20250619,台基股份,半导体,创业板,20100120,
300046.SZ,20250619,31.8,31.8,31.8,31.8,0.0,0.0,31.8,0.0,0.0,20250620,台基股份,半导体,创业板,20100120,
300051.SZ,20250407,6.22,6.22,6.22,6.22,0.0,0.0,6.22,0.0,0.0,20250408,琏升科技,综合类,创业板,20100211,
300051.SZ,20250408,6.22,6.22,6.22,6.22,0.0,0.0,6.22,0.0,0.0,20250409,琏升科技,综合类,创业板,20100211,
300051.SZ,20250409,6.22,6.22,6.22,6.22,0.0,0.0,6.22,0.0,0.0,20250410,琏升科技,综合类,创业板,20100211,
300051.SZ,20250410,6.22,6.22,6.22,6.22,0.0,0.0,6.22,0.0,0.0,20250411,琏升科技,综合类,创业板,20100211,
300051.SZ,20250411,6.22,6.22,6.22,6.22,0.0,0.0,6.22,0.0,0.0,20250414,琏升科技,综合类,创业板,20100211,
300051.SZ,20250414,6.22,6.22,6.22,6.22,0.0,0.0,6.22,0.0,0.0,20250415,琏升科技,综合类,创业板,20100211,
300051.SZ,20250415,6.22,6.22,6.22,6.22,0.0,0.0,6.22,0.0,0.0,20250416,琏升科技,综合类,创业板,20100211,
300051.SZ,20250416,6.22,6.22,6.22,6.22,0.0,0.0,6.22,0.0,0.0,20250417,琏升科技,综合类,创业板,20100211,
300051.SZ,20250417,6.22,6.22,6.22,6.22,0.0,0.0,6.22,0.0,0.0,20250418,琏升科技,综合类,创业板,20100211,
300051.SZ,20250418,6.22,6.22,6.22,6.22,0.0,0.0,6.22,0.0,0.0,20250421,琏升科技,综合类,创业板,20100211,
300065.SZ,20250124,8.88,8.88,8.88,8.88,0.0,0.0,8.88,0.0,0.0,20250127,海兰信,船舶,创业板,20100326,
300065.SZ,20250127,8.88,8.88,8.88,8.88,0.0,0.0,8.88,0.0,0.0,20250205,海兰信,船舶,创业板,20100326,
300065.SZ,20250205,8.88,8.88,8.88,8.88,0.0,0.0,8.88,0.0,0.0,20250206,海兰信,船舶,创业板,20100326,
300065.SZ,20250206,8.88,8.88,8.88,8.88,0.0,0.0,8.88,0.0,0.0,20250207,海兰信,船舶,创业板,20100326,
300065.SZ,20250207,8.88,8.88,8.88,8.88,0.0,0.0,8.88,0.0,0.0,20250210,海兰信,船舶,创业板,20100326,
300065.SZ,20250210,8.88,8.88,8.88,8.88,0.0,0.0,8.88,0.0,0.0,20250211,海兰信,船舶,创业板,20100326,
300065.SZ,20250211,8.88,8.88,8.88,8.88,0.0,0.0,8.88,0.0,0.0,20250212,海兰信,船舶,创业板,20100326,
300065.SZ,20250212,8.88,8.88,8.88,8.88,0.0,0.0,8.88,0.0,0.0,20250213,海兰信,船舶,创业板,20100326,
300065.SZ,20250213,8.88,8.88,8.88,8.88,0.0,0.0,8.88,0.0,0.0,20250214,海兰信,船舶,创业板,20100326,
300065.SZ,20250214,8.88,8.88,8.88,8.88,0.0,0.0,8.88,0.0,0.0,20250217,海兰信,船舶,创业板,20100326,
300067.SZ,20260408,4.21,4.21,4.21,4.21,0.0,0.0,4.21,0.0,0.0,20260409,安诺其,染料涂料,创业板,20100421,
300067.SZ,20260409,4.21,4.21,4.21,4.21,0.0,0.0,4.21,0.0,0.0,20260410,安诺其,染料涂料,创业板,20100421,
300067.SZ,20260410,4.21,4.21,4.21,4.21,0.0,0.0,4.21,0.0,0.0,20260413,安诺其,染料涂料,创业板,20100421,
300067.SZ,20260413,4.21,4.21,4.21,4.21,0.0,0.0,4.21,0.0,0.0,20260414,安诺其,染料涂料,创业板,20100421,
300067.SZ,20260414,4.21,4.21,4.21,4.21,0.0,0.0,4.21,0.0,0.0,20260415,安诺其,染料涂料,创业板,20100421,
300067.SZ,20260415,4.21,4.21,4.21,4.21,0.0,0.0,4.21,0.0,0.0,20260416,安诺其,染料涂料,创业板,20100421,
300067.SZ,20260416,4.21,4.21,4.21,4.21,0.0,0.0,4.21,0.0,0.0,20260417,安诺其,染料涂料,创业板,20100421,
300067.SZ,20260417,4.21,4.21,4.21,4.21,0.0,0.0,4.21,0.0,0.0,20260420,安诺其,染料涂料,创业板,20100421,
300067.SZ,20260420,4.21,4.21,4.21,4.21,0.0,0.0,4.21,0.0,0.0,20260421,安诺其,染料涂料,创业板,20100421,
300084.SZ,20250609,7.9,7.9,7.9,7.9,0.0,0.0,7.9,0.0,0.0,20250610,海默科技,专用机械,创业板,20100520,
300084.SZ,20250610,7.9,7.9,7.9,7.9,0.0,0.0,7.9,0.0,0.0,20250611,海默科技,专用机械,创业板,20100520,
300084.SZ,20250611,7.9,7.9,7.9,7.9,0.0,0.0,7.9,0.0,0.0,20250612,海默科技,专用机械,创业板,20100520,
300084.SZ,20250612,7.9,7.9,7.9,7.9,0.0,0.0,7.9,0.0,0.0,20250613,海默科技,专用机械,创业板,20100520,
300084.SZ,20250613,7.9,7.9,7.9,7.9,0.0,0.0,7.9,0.0,0.0,20250616,海默科技,专用机械,创业板,20100520,
300087.SZ,20260106,11.69,11.69,11.69,11.69,0.0,0.0,11.69,0.0,0.0,20260107,荃银高科,种植业,创业板,20100526,
300087.SZ,20260107,11.69,11.69,11.69,11.69,0.0,0.0,11.69,0.0,0.0,20260108,荃银高科,种植业,创业板,20100526,
300087.SZ,20260108,11.69,11.69,11.69,11.69,0.0,0.0,11.69,0.0,0.0,20260109,荃银高科,种植业,创业板,20100526,
300111.SZ,20250908,4.96,4.96,4.96,4.96,0.0,0.0,4.96,0.0,0.0,20250909,向日葵,化学制药,创业板,20100827,
300111.SZ,20250909,4.96,4.96,4.96,4.96,0.0,0.0,4.96,0.0,0.0,20250910,向日葵,化学制药,创业板,20100827,
300111.SZ,20250910,4.96,4.96,4.96,4.96,0.0,0.0,4.96,0.0,0.0,20250911,向日葵,化学制药,创业板,20100827,
300111.SZ,20250911,4.96,4.96,4.96,4.96,0.0,0.0,4.96,0.0,0.0,20250912,向日葵,化学制药,创业板,20100827,
300111.SZ,20250912,4.96,4.96,4.96,4.96,0.0,0.0,4.96,0.0,0.0,20250915,向日葵,化学制药,创业板,20100827,
300111.SZ,20250915,4.96,4.96,4.96,4.96,0.0,0.0,4.96,0.0,0.0,20250916,向日葵,化学制药,创业板,20100827,
300111.SZ,20250916,4.96,4.96,4.96,4.96,0.0,0.0,4.96,0.0,0.0,20250917,向日葵,化学制药,创业板,20100827,
300111.SZ,20250917,4.96,4.96,4.96,4.96,0.0,0.0,4.96,0.0,0.0,20250918,向日葵,化学制药,创业板,20100827,
300111.SZ,20250918,4.96,4.96,4.96,4.96,0.0,0.0,4.96,0.0,0.0,20250919,向日葵,化学制药,创业板,20100827,
300111.SZ,20250919,4.96,4.96,4.96,4.96,0.0,0.0,4.96,0.0,0.0,20250922,向日葵,化学制药,创业板,20100827,
300121.SZ,20241025,12.07,12.07,12.07,12.07,0.0,0.0,12.07,0.0,0.0,20241028,阳谷华泰,化工原料,创业板,20100917,
300121.SZ,20241028,12.07,12.07,12.07,12.07,0.0,0.0,12.07,0.0,0.0,20241029,阳谷华泰,化工原料,创业板,20100917,
300121.SZ,20241029,12.07,12.07,12.07,12.07,0.0,0.0,12.07,0.0,0.0,20241030,阳谷华泰,化工原料,创业板,20100917,
300121.SZ,20241030,12.07,12.07,12.07,12.07,0.0,0.0,12.07,0.0,0.0,20241031,阳谷华泰,化工原料,创业板,20100917,
300121.SZ,20241031,12.07,12.07,12.07,12.07,0.0,0.0,12.07,0.0,0.0,20241101,阳谷华泰,化工原料,创业板,20100917,
300127.SZ,20250915,32.29,32.29,32.29,32.29,0.0,0.0,32.29,0.0,0.0,20250916,银河磁体,矿物制品,创业板,20101013,
300127.SZ,20250916,32.29,32.29,32.29,32.29,0.0,0.0,32.29,0.0,0.0,20250917,银河磁体,矿物制品,创业板,20101013,
300127.SZ,20250917,32.29,32.29,32.29,32.29,0.0,0.0,32.29,0.0,0.0,20250918,银河磁体,矿物制品,创业板,20101013,
300127.SZ,20250918,32.29,32.29,32.29,32.29,0.0,0.0,32.29,0.0,0.0,20250919,银河磁体,矿物制品,创业板,20101013,
300127.SZ,20250919,32.29,32.29,32.29,32.29,0.0,0.0,32.29,0.0,0.0,20250922,银河磁体,矿物制品,创业板,20101013,
300127.SZ,20250922,32.29,32.29,32.29,32.29,0.0,0.0,32.29,0.0,0.0,20250923,银河磁体,矿物制品,创业板,20101013,
300127.SZ,20250923,32.29,32.29,32.29,32.29,0.0,0.0,32.29,0.0,0.0,20250924,银河磁体,矿物制品,创业板,20101013,
300127.SZ,20250924,32.29,32.29,32.29,32.29,0.0,0.0,32.29,0.0,0.0,20250925,银河磁体,矿物制品,创业板,20101013,
300127.SZ,20250925,32.29,32.29,32.29,32.29,0.0,0.0,32.29,0.0,0.0,20250926,银河磁体,矿物制品,创业板,20101013,
300127.SZ,20250926,32.29,32.29,32.29,32.29,0.0,0.0,32.29,0.0,0.0,20250929,银河磁体,矿物制品,创业板,20101013,
300131.SZ,20241115,8.66,8.66,8.66,8.66,0.0,0.0,8.66,0.0,0.0,20241118,英唐智控,元器件,创业板,20101019,
300131.SZ,20241118,8.66,8.66,8.66,8.66,0.0,0.0,8.66,0.0,0.0,20241119,英唐智控,元器件,创业板,20101019,
300131.SZ,20241119,8.66,8.66,8.66,8.66,0.0,0.0,8.66,0.0,0.0,20241120,英唐智控,元器件,创业板,20101019,
300131.SZ,20241120,8.66,8.66,8.66,8.66,0.0,0.0,8.66,0.0,0.0,20241121,英唐智控,元器件,创业板,20101019,
300131.SZ,20241121,8.66,8.66,8.66,8.66,0.0,0.0,8.66,0.0,0.0,20241122,英唐智控,元器件,创业板,20101019,
300131.SZ,20241122,8.66,8.66,8.66,8.66,0.0,0.0,8.66,0.0,0.0,20241125,英唐智控,元器件,创业板,20101019,
300131.SZ,20241125,8.66,8.66,8.66,8.66,0.0,0.0,8.66,0.0,0.0,20241126,英唐智控,元器件,创业板,20101019,
300131.SZ,20241126,8.66,8.66,8.66,8.66,0.0,0.0,8.66,0.0,0.0,20241127,英唐智控,元器件,创业板,20101019,
300131.SZ,20241127,8.66,8.66,8.66,8.66,0.0,0.0,8.66,0.0,0.0,20241128,英唐智控,元器件,创业板,20101019,
300131.SZ,20241128,8.66,8.66,8.66,8.66,0.0,0.0,8.66,0.0,0.0,20241129,英唐智控,元器件,创业板,20101019,
300131.SZ,20251027,11.42,11.42,11.42,11.42,0.0,0.0,11.42,0.0,0.0,20251028,英唐智控,元器件,创业板,20101019,
300131.SZ,20251028,11.42,11.42,11.42,11.42,0.0,0.0,11.42,0.0,0.0,20251029,英唐智控,元器件,创业板,20101019,
300131.SZ,20251029,11.42,11.42,11.42,11.42,0.0,0.0,11.42,0.0,0.0,20251030,英唐智控,元器件,创业板,20101019,
300131.SZ,20251030,11.42,11.42,11.42,11.42,0.0,0.0,11.42,0.0,0.0,20251031,英唐智控,元器件,创业板,20101019,
300131.SZ,20251031,11.42,11.42,11.42,11.42,0.0,0.0,11.42,0.0,0.0,20251103,英唐智控,元器件,创业板,20101019,
300131.SZ,20251103,11.42,11.42,11.42,11.42,0.0,0.0,11.42,0.0,0.0,20251104,英唐智控,元器件,创业板,20101019,
300131.SZ,20251104,11.42,11.42,11.42,11.42,0.0,0.0,11.42,0.0,0.0,20251105,英唐智控,元器件,创业板,20101019,
300131.SZ,20251105,11.42,11.42,11.42,11.42,0.0,0.0,11.42,0.0,0.0,20251106,英唐智控,元器件,创业板,20101019,
300131.SZ,20251106,11.42,11.42,11.42,11.42,0.0,0.0,11.42,0.0,0.0,20251107,英唐智控,元器件,创业板,20101019,
300131.SZ,20251107,11.42,11.42,11.42,11.42,0.0,0.0,11.42,0.0,0.0,20251110,英唐智控,元器件,创业板,20101019,
300137.SZ,20241111,5.28,5.28,5.28,5.28,0.0,0.0,5.28,0.0,0.0,20241112,先河环保,环境保护,创业板,20101105,
300137.SZ,20251205,8.04,8.04,8.04,8.04,0.0,0.0,8.04,0.0,0.0,20251208,先河环保,环境保护,创业板,20101105,
300142.SZ,20260317,12.28,12.28,12.28,12.28,0.0,0.0,12.28,0.0,0.0,20260318,沃森生物,生物制药,创业板,20101112,
300142.SZ,20260318,12.28,12.28,12.28,12.28,0.0,0.0,12.28,0.0,0.0,20260319,沃森生物,生物制药,创业板,20101112,
300163.SZ,20250530,3.55,3.55,3.55,3.55,0.0,0.0,3.55,0.0,0.0,20250603,先锋新材,家居用品,创业板,20110113,
300185.SZ,20250430,2.44,2.44,2.44,2.44,0.0,0.0,2.44,0.0,0.0,20250506,通裕重工,工程机械,创业板,20110308,
300185.SZ,20250506,2.44,2.44,2.44,2.44,0.0,0.0,2.44,0.0,0.0,20250507,通裕重工,工程机械,创业板,20110308,
300209.SZ,20241219,6.29,6.29,6.29,6.29,0.0,0.0,6.29,0.0,0.0,20241220,行云科技,互联网,创业板,20110426,
300209.SZ,20250512,5.27,5.27,5.27,5.27,0.0,0.0,5.27,0.0,0.0,20250513,行云科技,互联网,创业板,20110426,
300264.SZ,20250804,6.86,6.86,6.86,6.86,0.0,0.0,6.86,0.0,0.0,20250805,佳创视讯,软件服务,创业板,20110916,
300264.SZ,20250805,6.86,6.86,6.86,6.86,0.0,0.0,6.86,0.0,0.0,20250806,佳创视讯,软件服务,创业板,20110916,
300264.SZ,20250806,6.86,6.86,6.86,6.86,0.0,0.0,6.86,0.0,0.0,20250807,佳创视讯,软件服务,创业板,20110916,
300264.SZ,20250807,6.86,6.86,6.86,6.86,0.0,0.0,6.86,0.0,0.0,20250808,佳创视讯,软件服务,创业板,20110916,
300264.SZ,20250808,6.86,6.86,6.86,6.86,0.0,0.0,6.86,0.0,0.0,20250811,佳创视讯,软件服务,创业板,20110916,
300270.SZ,20251205,11.25,11.25,11.25,11.25,0.0,0.0,11.25,0.0,0.0,20251208,中威电子,IT设备,创业板,20111012,
300270.SZ,20251208,11.25,11.25,11.25,11.25,0.0,0.0,11.25,0.0,0.0,20251209,中威电子,IT设备,创业板,20111012,
300270.SZ,20251209,11.25,11.25,11.25,11.25,0.0,0.0,11.25,0.0,0.0,20251210,中威电子,IT设备,创业板,20111012,
300270.SZ,20251210,11.25,11.25,11.25,11.25,0.0,0.0,11.25,0.0,0.0,20251211,中威电子,IT设备,创业板,20111012,
300270.SZ,20251211,11.25,11.25,11.25,11.25,0.0,0.0,11.25,0.0,0.0,20251212,中威电子,IT设备,创业板,20111012,
300277.SZ,20241028,12.02,12.02,12.02,12.02,0.0,0.0,12.02,0.0,0.0,20241029,汽轮科技,机械基件,创业板,20111123,
300277.SZ,20241029,12.02,12.02,12.02,12.02,0.0,0.0,12.02,0.0,0.0,20241030,汽轮科技,机械基件,创业板,20111123,
300277.SZ,20241030,12.02,12.02,12.02,12.02,0.0,0.0,12.02,0.0,0.0,20241031,汽轮科技,机械基件,创业板,20111123,
300277.SZ,20241031,12.02,12.02,12.02,12.02,0.0,0.0,12.02,0.0,0.0,20241101,汽轮科技,机械基件,创业板,20111123,
300277.SZ,20241101,12.02,12.02,12.02,12.02,0.0,0.0,12.02,0.0,0.0,20241104,汽轮科技,机械基件,创业板,20111123,
300277.SZ,20241104,12.02,12.02,12.02,12.02,0.0,0.0,12.02,0.0,0.0,20241105,汽轮科技,机械基件,创业板,20111123,
300277.SZ,20241105,12.02,12.02,12.02,12.02,0.0,0.0,12.02,0.0,0.0,20241106,汽轮科技,机械基件,创业板,20111123,
300277.SZ,20241106,12.02,12.02,12.02,12.02,0.0,0.0,12.02,0.0,0.0,20241107,汽轮科技,机械基件,创业板,20111123,
300277.SZ,20241107,12.02,12.02,12.02,12.02,0.0,0.0,12.02,0.0,0.0,20241108,汽轮科技,机械基件,创业板,20111123,
300277.SZ,20241108,12.02,12.02,12.02,12.02,0.0,0.0,12.02,0.0,0.0,20241111,汽轮科技,机械基件,创业板,20111123,
300277.SZ,20251105,14.5,14.5,14.5,14.5,0.0,0.0,14.5,0.0,0.0,20251106,汽轮科技,机械基件,创业板,20111123,
300277.SZ,20251106,14.5,14.5,14.5,14.5,0.0,0.0,14.5,0.0,0.0,20251107,汽轮科技,机械基件,创业板,20111123,
300277.SZ,20251107,14.5,14.5,14.5,14.5,0.0,0.0,14.5,0.0,0.0,20251110,汽轮科技,机械基件,创业板,20111123,
300277.SZ,20251110,14.5,14.5,14.5,14.5,0.0,0.0,14.5,0.0,0.0,20251111,汽轮科技,机械基件,创业板,20111123,
300277.SZ,20251111,14.5,14.5,14.5,14.5,0.0,0.0,14.5,0.0,0.0,20251112,汽轮科技,机械基件,创业板,20111123,
300277.SZ,20251112,14.5,14.5,14.5,14.5,0.0,0.0,14.5,0.0,0.0,20251113,汽轮科技,机械基件,创业板,20111123,
300277.SZ,20251113,14.5,14.5,14.5,14.5,0.0,0.0,14.5,0.0,0.0,20251114,汽轮科技,机械基件,创业板,20111123,
300277.SZ,20251114,14.5,14.5,14.5,14.5,0.0,0.0,14.5,0.0,0.0,20251117,汽轮科技,机械基件,创业板,20111123,
300277.SZ,20251117,14.5,14.5,14.5,14.5,0.0,0.0,14.5,0.0,0.0,20251118,汽轮科技,机械基件,创业板,20111123,
300277.SZ,20251118,14.5,14.5,14.5,14.5,0.0,0.0,14.5,0.0,0.0,20251119,汽轮科技,机械基件,创业板,20111123,
300291.SZ,20251216,5.33,5.33,5.33,5.33,0.0,0.0,5.33,0.0,0.0,20251217,百纳千成,影视音像,创业板,20120209,
300291.SZ,20251217,5.33,5.33,5.33,5.33,0.0,0.0,5.33,0.0,0.0,20251218,百纳千成,影视音像,创业板,20120209,
300291.SZ,20251218,5.33,5.33,5.33,5.33,0.0,0.0,5.33,0.0,0.0,20251219,百纳千成,影视音像,创业板,20120209,
300291.SZ,20251219,5.33,5.33,5.33,5.33,0.0,0.0,5.33,0.0,0.0,20251222,百纳千成,影视音像,创业板,20120209,
300291.SZ,20251222,5.33,5.33,5.33,5.33,0.0,0.0,5.33,0.0,0.0,20251223,百纳千成,影视音像,创业板,20120209,
300291.SZ,20251223,5.33,5.33,5.33,5.33,0.0,0.0,5.33,0.0,0.0,20251224,百纳千成,影视音像,创业板,20120209,
300291.SZ,20251224,5.33,5.33,5.33,5.33,0.0,0.0,5.33,0.0,0.0,20251225,百纳千成,影视音像,创业板,20120209,
300291.SZ,20251225,5.33,5.33,5.33,5.33,0.0,0.0,5.33,0.0,0.0,20251226,百纳千成,影视音像,创业板,20120209,
300300.SZ,20250813,5.39,5.39,5.39,5.39,0.0,0.0,5.39,0.0,0.0,20250814,海峡创新,软件服务,创业板,20120319,
300300.SZ,20251118,18.24,18.24,18.24,18.24,0.0,0.0,18.24,0.0,0.0,20251119,海峡创新,软件服务,创业板,20120319,
300300.SZ,20251119,18.24,18.24,18.24,18.24,0.0,0.0,18.24,0.0,0.0,20251120,海峡创新,软件服务,创业板,20120319,
300300.SZ,20251120,18.24,18.24,18.24,18.24,0.0,0.0,18.24,0.0,0.0,20251121,海峡创新,软件服务,创业板,20120319,
300327.SZ,20250609,21.41,21.41,21.41,21.41,0.0,0.0,21.41,0.0,0.0,20250610,中颖电子,半导体,创业板,20120613,
300353.SZ,20251021,24.27,24.27,24.27,24.27,0.0,0.0,24.27,0.0,0.0,20251022,东土科技,通信设备,创业板,20120927,
300353.SZ,20251022,24.27,24.27,24.27,24.27,0.0,0.0,24.27,0.0,0.0,20251023,东土科技,通信设备,创业板,20120927,
300353.SZ,20251023,24.27,24.27,24.27,24.27,0.0,0.0,24.27,0.0,0.0,20251024,东土科技,通信设备,创业板,20120927,
300353.SZ,20251024,24.27,24.27,24.27,24.27,0.0,0.0,24.27,0.0,0.0,20251027,东土科技,通信设备,创业板,20120927,
300353.SZ,20251027,24.27,24.27,24.27,24.27,0.0,0.0,24.27,0.0,0.0,20251028,东土科技,通信设备,创业板,20120927,
300353.SZ,20251028,24.27,24.27,24.27,24.27,0.0,0.0,24.27,0.0,0.0,20251029,东土科技,通信设备,创业板,20120927,
300353.SZ,20251029,24.27,24.27,24.27,24.27,0.0,0.0,24.27,0.0,0.0,20251030,东土科技,通信设备,创业板,20120927,
300353.SZ,20251030,24.27,24.27,24.27,24.27,0.0,0.0,24.27,0.0,0.0,20251031,东土科技,通信设备,创业板,20120927,
300353.SZ,20251031,24.27,24.27,24.27,24.27,0.0,0.0,24.27,0.0,0.0,20251103,东土科技,通信设备,创业板,20120927,
300368.SZ,20250523,6.78,6.78,6.78,6.78,0.0,0.0,6.78,0.0,0.0,20250526,汇金股份,IT设备,创业板,20140123,
300373.SZ,20250313,49.88,49.88,49.88,49.88,0.0,0.0,49.88,0.0,0.0,20250314,扬杰科技,半导体,创业板,20140123,
300373.SZ,20250314,49.88,49.88,49.88,49.88,0.0,0.0,49.88,0.0,0.0,20250317,扬杰科技,半导体,创业板,20140123,
300373.SZ,20250317,49.88,49.88,49.88,49.88,0.0,0.0,49.88,0.0,0.0,20250318,扬杰科技,半导体,创业板,20140123,
300373.SZ,20250318,49.88,49.88,49.88,49.88,0.0,0.0,49.88,0.0,0.0,20250319,扬杰科技,半导体,创业板,20140123,
300373.SZ,20250319,49.88,49.88,49.88,49.88,0.0,0.0,49.88,0.0,0.0,20250320,扬杰科技,半导体,创业板,20140123,
300373.SZ,20250320,49.88,49.88,49.88,49.88,0.0,0.0,49.88,0.0,0.0,20250321,扬杰科技,半导体,创业板,20140123,
300373.SZ,20250321,49.88,49.88,49.88,49.88,0.0,0.0,49.88,0.0,0.0,20250324,扬杰科技,半导体,创业板,20140123,
300373.SZ,20250324,49.88,49.88,49.88,49.88,0.0,0.0,49.88,0.0,0.0,20250325,扬杰科技,半导体,创业板,20140123,
300373.SZ,20250325,49.88,49.88,49.88,49.88,0.0,0.0,49.88,0.0,0.0,20250326,扬杰科技,半导体,创业板,20140123,
300373.SZ,20250326,49.88,49.88,49.88,49.88,0.0,0.0,49.88,0.0,0.0,20250327,扬杰科技,半导体,创业板,20140123,
300376.SZ,20240708,4.01,4.01,4.01,4.01,0.0,0.0,4.01,0.0,0.0,20240709,易事特,电气设备,创业板,20140127,
300376.SZ,20260113,7.27,7.27,7.27,7.27,0.0,0.0,7.27,0.0,0.0,20260114,易事特,电气设备,创业板,20140127,
300423.SZ,20250415,8.52,8.52,8.52,8.52,0.0,0.0,8.52,0.0,0.0,20250416,昇辉科技,电气设备,创业板,20150217,
300423.SZ,20250416,8.52,8.52,8.52,8.52,0.0,0.0,8.52,0.0,0.0,20250417,昇辉科技,电气设备,创业板,20150217,
300423.SZ,20250417,8.52,8.52,8.52,8.52,0.0,0.0,8.52,0.0,0.0,20250418,昇辉科技,电气设备,创业板,20150217,
300423.SZ,20250418,8.52,8.52,8.52,8.52,0.0,0.0,8.52,0.0,0.0,20250421,昇辉科技,电气设备,创业板,20150217,
300423.SZ,20250421,8.52,8.52,8.52,8.52,0.0,0.0,8.52,0.0,0.0,20250422,昇辉科技,电气设备,创业板,20150217,
300423.SZ,20250422,8.52,8.52,8.52,8.52,0.0,0.0,8.52,0.0,0.0,20250423,昇辉科技,电气设备,创业板,20150217,
300423.SZ,20250423,8.52,8.52,8.52,8.52,0.0,0.0,8.52,0.0,0.0,20250424,昇辉科技,电气设备,创业板,20150217,
300423.SZ,20250424,8.52,8.52,8.52,8.52,0.0,0.0,8.52,0.0,0.0,20250425,昇辉科技,电气设备,创业板,20150217,
300423.SZ,20250425,8.52,8.52,8.52,8.52,0.0,0.0,8.52,0.0,0.0,20250428,昇辉科技,电气设备,创业板,20150217,
300423.SZ,20250428,8.52,8.52,8.52,8.52,0.0,0.0,8.52,0.0,0.0,20250429,昇辉科技,电气设备,创业板,20150217,
300424.SZ,20251028,20.17,20.17,20.17,20.17,0.0,0.0,20.17,0.0,0.0,20251029,航新科技,航空,创业板,20150422,
300424.SZ,20251029,20.17,20.17,20.17,20.17,0.0,0.0,20.17,0.0,0.0,20251030,航新科技,航空,创业板,20150422,
300424.SZ,20251030,20.17,20.17,20.17,20.17,0.0,0.0,20.17,0.0,0.0,20251031,航新科技,航空,创业板,20150422,
300424.SZ,20251031,20.17,20.17,20.17,20.17,0.0,0.0,20.17,0.0,0.0,20251103,航新科技,航空,创业板,20150422,
300424.SZ,20251103,20.17,20.17,20.17,20.17,0.0,0.0,20.17,0.0,0.0,20251104,航新科技,航空,创业板,20150422,
300427.SZ,20241008,5.08,5.08,5.08,5.08,0.0,0.0,5.08,0.0,0.0,20241009,红相股份,电气设备,创业板,20150217,
300442.SZ,20260206,76.5,76.5,76.5,76.5,0.0,0.0,76.5,0.0,0.0,20260209,润泽科技,软件服务,创业板,20150424,
300442.SZ,20260209,76.5,76.5,76.5,76.5,0.0,0.0,76.5,0.0,0.0,20260210,润泽科技,软件服务,创业板,20150424,
300442.SZ,20260210,76.5,76.5,76.5,76.5,0.0,0.0,76.5,0.0,0.0,20260211,润泽科技,软件服务,创业板,20150424,
300442.SZ,20260211,76.5,76.5,76.5,76.5,0.0,0.0,76.5,0.0,0.0,20260212,润泽科技,软件服务,创业板,20150424,
300442.SZ,20260212,76.5,76.5,76.5,76.5,0.0,0.0,76.5,0.0,0.0,20260213,润泽科技,软件服务,创业板,20150424,
300442.SZ,20260213,76.5,76.5,76.5,76.5,0.0,0.0,76.5,0.0,0.0,20260224,润泽科技,软件服务,创业板,20150424,
300451.SZ,20251110,5.18,5.18,5.18,5.18,0.0,0.0,5.18,0.0,0.0,20251111,创业慧康,软件服务,创业板,20150514,
300451.SZ,20251111,5.18,5.18,5.18,5.18,0.0,0.0,5.18,0.0,0.0,20251112,创业慧康,软件服务,创业板,20150514,
300451.SZ,20251112,5.18,5.18,5.18,5.18,0.0,0.0,5.18,0.0,0.0,20251113,创业慧康,软件服务,创业板,20150514,
300451.SZ,20251113,5.18,5.18,5.18,5.18,0.0,0.0,5.18,0.0,0.0,20251114,创业慧康,软件服务,创业板,20150514,
300451.SZ,20251114,5.18,5.18,5.18,5.18,0.0,0.0,5.18,0.0,0.0,20251117,创业慧康,软件服务,创业板,20150514,
300478.SZ,20250630,13.48,13.48,13.48,13.48,0.0,0.0,13.48,0.0,0.0,20250701,杭州高新,塑料,创业板,20150610,
300478.SZ,20250701,13.48,13.48,13.48,13.48,0.0,0.0,13.48,0.0,0.0,20250702,杭州高新,塑料,创业板,20150610,
300486.SZ,20250820,23.03,23.03,23.03,23.03,0.0,0.0,23.03,0.0,0.0,20250821,东杰智能,专用机械,创业板,20150630,
300486.SZ,20250821,23.03,23.03,23.03,23.03,0.0,0.0,23.03,0.0,0.0,20250822,东杰智能,专用机械,创业板,20150630,
300486.SZ,20250822,23.03,23.03,23.03,23.03,0.0,0.0,23.03,0.0,0.0,20250825,东杰智能,专用机械,创业板,20150630,
300486.SZ,20250825,23.03,23.03,23.03,23.03,0.0,0.0,23.03,0.0,0.0,20250826,东杰智能,专用机械,创业板,20150630,
300486.SZ,20250826,23.03,23.03,23.03,23.03,0.0,0.0,23.03,0.0,0.0,20250827,东杰智能,专用机械,创业板,20150630,
300486.SZ,20251217,21.59,21.59,21.59,21.59,0.0,0.0,21.59,0.0,0.0,20251218,东杰智能,专用机械,创业板,20150630,
300486.SZ,20251218,21.59,21.59,21.59,21.59,0.0,0.0,21.59,0.0,0.0,20251219,东杰智能,专用机械,创业板,20150630,
300486.SZ,20251219,21.59,21.59,21.59,21.59,0.0,0.0,21.59,0.0,0.0,20251222,东杰智能,专用机械,创业板,20150630,
300486.SZ,20251222,21.59,21.59,21.59,21.59,0.0,0.0,21.59,0.0,0.0,20251223,东杰智能,专用机械,创业板,20150630,
300486.SZ,20251223,21.59,21.59,21.59,21.59,0.0,0.0,21.59,0.0,0.0,20251224,东杰智能,专用机械,创业板,20150630,
300486.SZ,20251224,21.59,21.59,21.59,21.59,0.0,0.0,21.59,0.0,0.0,20251225,东杰智能,专用机械,创业板,20150630,
300486.SZ,20251225,21.59,21.59,21.59,21.59,0.0,0.0,21.59,0.0,0.0,20251226,东杰智能,专用机械,创业板,20150630,
300486.SZ,20251226,21.59,21.59,21.59,21.59,0.0,0.0,21.59,0.0,0.0,20251229,东杰智能,专用机械,创业板,20150630,
300486.SZ,20251229,21.59,21.59,21.59,21.59,0.0,0.0,21.59,0.0,0.0,20251230,东杰智能,专用机械,创业板,20150630,
300486.SZ,20251230,21.59,21.59,21.59,21.59,0.0,0.0,21.59,0.0,0.0,20251231,东杰智能,专用机械,创业板,20150630,
300489.SZ,20240930,22.78,22.78,22.78,22.78,0.0,0.0,22.78,0.0,0.0,20241008,光智科技,专用机械,创业板,20150701,
300489.SZ,20241008,22.78,22.78,22.78,22.78,0.0,0.0,22.78,0.0,0.0,20241009,光智科技,专用机械,创业板,20150701,
300489.SZ,20241009,22.78,22.78,22.78,22.78,0.0,0.0,22.78,0.0,0.0,20241010,光智科技,专用机械,创业板,20150701,
300489.SZ,20241010,22.78,22.78,22.78,22.78,0.0,0.0,22.78,0.0,0.0,20241011,光智科技,专用机械,创业板,20150701,
300489.SZ,20241011,22.78,22.78,22.78,22.78,0.0,0.0,22.78,0.0,0.0,20241014,光智科技,专用机械,创业板,20150701,
300507.SZ,20250425,7.28,7.28,7.28,7.28,0.0,0.0,7.28,0.0,0.0,20250428,苏奥传感,汽车配件,创业板,20160429,
300507.SZ,20250428,7.28,7.28,7.28,7.28,0.0,0.0,7.28,0.0,0.0,20250429,苏奥传感,汽车配件,创业板,20160429,
300507.SZ,20250429,7.28,7.28,7.28,7.28,0.0,0.0,7.28,0.0,0.0,20250430,苏奥传感,汽车配件,创业板,20160429,
300507.SZ,20250430,7.28,7.28,7.28,7.28,0.0,0.0,7.28,0.0,0.0,20250506,苏奥传感,汽车配件,创业板,20160429,
300507.SZ,20250506,7.28,7.28,7.28,7.28,0.0,0.0,7.28,0.0,0.0,20250507,苏奥传感,汽车配件,创业板,20160429,
300523.SZ,20251128,26.2,26.2,26.2,26.2,0.0,0.0,26.2,0.0,0.0,20251201,辰安科技,软件服务,创业板,20160726,
300523.SZ,20251201,26.2,26.2,26.2,26.2,0.0,0.0,26.2,0.0,0.0,20251202,辰安科技,软件服务,创业板,20160726,
300523.SZ,20251202,26.2,26.2,26.2,26.2,0.0,0.0,26.2,0.0,0.0,20251203,辰安科技,软件服务,创业板,20160726,
300542.SZ,20250408,13.88,13.88,13.88,13.88,0.0,0.0,13.88,0.0,0.0,20250409,新晨科技,软件服务,创业板,20160920,
300542.SZ,20250409,13.88,13.88,13.88,13.88,0.0,0.0,13.88,0.0,0.0,20250410,新晨科技,软件服务,创业板,20160920,
300542.SZ,20250410,13.88,13.88,13.88,13.88,0.0,0.0,13.88,0.0,0.0,20250411,新晨科技,软件服务,创业板,20160920,
300542.SZ,20250411,13.88,13.88,13.88,13.88,0.0,0.0,13.88,0.0,0.0,20250414,新晨科技,软件服务,创业板,20160920,
300542.SZ,20250414,13.88,13.88,13.88,13.88,0.0,0.0,13.88,0.0,0.0,20250415,新晨科技,软件服务,创业板,20160920,
300542.SZ,20250415,13.88,13.88,13.88,13.88,0.0,0.0,13.88,0.0,0.0,20250416,新晨科技,软件服务,创业板,20160920,
300542.SZ,20250416,13.88,13.88,13.88,13.88,0.0,0.0,13.88,0.0,0.0,20250417,新晨科技,软件服务,创业板,20160920,
300542.SZ,20250417,13.88,13.88,13.88,13.88,0.0,0.0,13.88,0.0,0.0,20250418,新晨科技,软件服务,创业板,20160920,
300542.SZ,20250418,13.88,13.88,13.88,13.88,0.0,0.0,13.88,0.0,0.0,20250421,新晨科技,软件服务,创业板,20160920,
300542.SZ,20250421,13.88,13.88,13.88,13.88,0.0,0.0,13.88,0.0,0.0,20250422,新晨科技,软件服务,创业板,20160920,
300551.SZ,20251208,13.7,13.7,13.7,13.7,0.0,0.0,13.7,0.0,0.0,20251209,古鳌科技,软件服务,创业板,20161018,
300551.SZ,20251209,13.7,13.7,13.7,13.7,0.0,0.0,13.7,0.0,0.0,20251210,古鳌科技,软件服务,创业板,20161018,
300551.SZ,20251210,13.7,13.7,13.7,13.7,0.0,0.0,13.7,0.0,0.0,20251211,古鳌科技,软件服务,创业板,20161018,
300551.SZ,20251211,13.7,13.7,13.7,13.7,0.0,0.0,13.7,0.0,0.0,20251212,古鳌科技,软件服务,创业板,20161018,
300551.SZ,20251212,13.7,13.7,13.7,13.7,0.0,0.0,13.7,0.0,0.0,20251215,古鳌科技,软件服务,创业板,20161018,
300572.SZ,20250730,26.01,26.01,26.01,26.01,0.0,0.0,26.01,0.0,0.0,20250731,安车检测,电器仪表,创业板,20161206,
300572.SZ,20250731,26.01,26.01,26.01,26.01,0.0,0.0,26.01,0.0,0.0,20250801,安车检测,电器仪表,创业板,20161206,
300572.SZ,20250801,26.01,26.01,26.01,26.01,0.0,0.0,26.01,0.0,0.0,20250804,安车检测,电器仪表,创业板,20161206,
300572.SZ,20250804,26.01,26.01,26.01,26.01,0.0,0.0,26.01,0.0,0.0,20250805,安车检测,电器仪表,创业板,20161206,
300572.SZ,20250805,26.01,26.01,26.01,26.01,0.0,0.0,26.01,0.0,0.0,20250806,安车检测,电器仪表,创业板,20161206,
300585.SZ,20251222,22.68,22.68,22.68,22.68,0.0,0.0,22.68,0.0,0.0,20251223,奥联电子,汽车配件,创业板,20161229,
300585.SZ,20251223,22.68,22.68,22.68,22.68,0.0,0.0,22.68,0.0,0.0,20251224,奥联电子,汽车配件,创业板,20161229,
300585.SZ,20251224,22.68,22.68,22.68,22.68,0.0,0.0,22.68,0.0,0.0,20251225,奥联电子,汽车配件,创业板,20161229,
300585.SZ,20251225,22.68,22.68,22.68,22.68,0.0,0.0,22.68,0.0,0.0,20251226,奥联电子,汽车配件,创业板,20161229,
300585.SZ,20251226,22.68,22.68,22.68,22.68,0.0,0.0,22.68,0.0,0.0,20251229,奥联电子,汽车配件,创业板,20161229,
300588.SZ,20250721,18.77,18.77,18.77,18.77,0.0,0.0,18.77,0.0,0.0,20250722,熙菱信息,IT设备,创业板,20170105,
300588.SZ,20250722,18.77,18.77,18.77,18.77,0.0,0.0,18.77,0.0,0.0,20250723,熙菱信息,IT设备,创业板,20170105,
300588.SZ,20250723,18.77,18.77,18.77,18.77,0.0,0.0,18.77,0.0,0.0,20250724,熙菱信息,IT设备,创业板,20170105,
300588.SZ,20250724,18.77,18.77,18.77,18.77,0.0,0.0,18.77,0.0,0.0,20250725,熙菱信息,IT设备,创业板,20170105,
300588.SZ,20250725,18.77,18.77,18.77,18.77,0.0,0.0,18.77,0.0,0.0,20250728,熙菱信息,IT设备,创业板,20170105,
300600.SZ,20250530,8.85,8.85,8.85,8.85,0.0,0.0,8.85,0.0,0.0,20250603,国瑞科技,船舶,创业板,20170125,
300609.SZ,20250507,27.06,27.06,27.06,27.06,0.0,0.0,27.06,0.0,0.0,20250508,汇纳科技,软件服务,创业板,20170215,
300609.SZ,20250508,27.06,27.06,27.06,27.06,0.0,0.0,27.06,0.0,0.0,20250509,汇纳科技,软件服务,创业板,20170215,
300609.SZ,20250509,27.06,27.06,27.06,27.06,0.0,0.0,27.06,0.0,0.0,20250512,汇纳科技,软件服务,创业板,20170215,
300620.SZ,20250729,55.07,55.07,55.07,55.07,0.0,0.0,55.07,0.0,0.0,20250730,光库科技,通信设备,创业板,20170310,
300620.SZ,20250730,55.07,55.07,55.07,55.07,0.0,0.0,55.07,0.0,0.0,20250731,光库科技,通信设备,创业板,20170310,
300620.SZ,20250731,55.07,55.07,55.07,55.07,0.0,0.0,55.07,0.0,0.0,20250801,光库科技,通信设备,创业板,20170310,
300620.SZ,20250801,55.07,55.07,55.07,55.07,0.0,0.0,55.07,0.0,0.0,20250804,光库科技,通信设备,创业板,20170310,
300620.SZ,20250804,55.07,55.07,55.07,55.07,0.0,0.0,55.07,0.0,0.0,20250805,光库科技,通信设备,创业板,20170310,
300620.SZ,20250805,55.07,55.07,55.07,55.07,0.0,0.0,55.07,0.0,0.0,20250806,光库科技,通信设备,创业板,20170310,
300620.SZ,20250806,55.07,55.07,55.07,55.07,0.0,0.0,55.07,0.0,0.0,20250807,光库科技,通信设备,创业板,20170310,
300620.SZ,20250807,55.07,55.07,55.07,55.07,0.0,0.0,55.07,0.0,0.0,20250808,光库科技,通信设备,创业板,20170310,
300620.SZ,20250808,55.07,55.07,55.07,55.07,0.0,0.0,55.07,0.0,0.0,20250811,光库科技,通信设备,创业板,20170310,
300620.SZ,20250811,55.07,55.07,55.07,55.07,0.0,0.0,55.07,0.0,0.0,20250812,光库科技,通信设备,创业板,20170310,
300658.SZ,20260105,14.82,14.82,14.82,14.82,0.0,0.0,14.82,0.0,0.0,20260106,延江股份,纺织,创业板,20170602,
300658.SZ,20260106,14.82,14.82,14.82,14.82,0.0,0.0,14.82,0.0,0.0,20260107,延江股份,纺织,创业板,20170602,
300658.SZ,20260107,14.82,14.82,14.82,14.82,0.0,0.0,14.82,0.0,0.0,20260108,延江股份,纺织,创业板,20170602,
300658.SZ,20260108,14.82,14.82,14.82,14.82,0.0,0.0,14.82,0.0,0.0,20260109,延江股份,纺织,创业板,20170602,
300658.SZ,20260109,14.82,14.82,14.82,14.82,0.0,0.0,14.82,0.0,0.0,20260112,延江股份,纺织,创业板,20170602,
300658.SZ,20260112,14.82,14.82,14.82,14.82,0.0,0.0,14.82,0.0,0.0,20260113,延江股份,纺织,创业板,20170602,
300658.SZ,20260113,14.82,14.82,14.82,14.82,0.0,0.0,14.82,0.0,0.0,20260114,延江股份,纺织,创业板,20170602,
300658.SZ,20260114,14.82,14.82,14.82,14.82,0.0,0.0,14.82,0.0,0.0,20260115,延江股份,纺织,创业板,20170602,
300658.SZ,20260115,14.82,14.82,14.82,14.82,0.0,0.0,14.82,0.0,0.0,20260116,延江股份,纺织,创业板,20170602,
300658.SZ,20260116,14.82,14.82,14.82,14.82,0.0,0.0,14.82,0.0,0.0,20260119,延江股份,纺织,创业板,20170602,
300666.SZ,20260130,113.48,113.48,113.48,113.48,0.0,0.0,113.48,0.0,0.0,20260202,江丰电子,半导体,创业板,20170615,
300666.SZ,20260202,113.48,113.48,113.48,113.48,0.0,0.0,113.48,0.0,0.0,20260203,江丰电子,半导体,创业板,20170615,
300666.SZ,20260203,113.48,113.48,113.48,113.48,0.0,0.0,113.48,0.0,0.0,20260204,江丰电子,半导体,创业板,20170615,
300666.SZ,20260204,113.48,113.48,113.48,113.48,0.0,0.0,113.48,0.0,0.0,20260205,江丰电子,半导体,创业板,20170615,
300666.SZ,20260205,113.48,113.48,113.48,113.48,0.0,0.0,113.48,0.0,0.0,20260206,江丰电子,半导体,创业板,20170615,
300672.SZ,20250522,81.06,81.06,81.06,81.06,0.0,0.0,81.06,0.0,0.0,20250523,国科微,半导体,创业板,20170712,
300672.SZ,20250523,81.06,81.06,81.06,81.06,0.0,0.0,81.06,0.0,0.0,20250526,国科微,半导体,创业板,20170712,
300672.SZ,20250526,81.06,81.06,81.06,81.06,0.0,0.0,81.06,0.0,0.0,20250527,国科微,半导体,创业板,20170712,
300672.SZ,20250527,81.06,81.06,81.06,81.06,0.0,0.0,81.06,0.0,0.0,20250528,国科微,半导体,创业板,20170712,
300672.SZ,20250528,81.06,81.06,81.06,81.06,0.0,0.0,81.06,0.0,0.0,20250529,国科微,半导体,创业板,20170712,
300672.SZ,20250529,81.06,81.06,81.06,81.06,0.0,0.0,81.06,0.0,0.0,20250530,国科微,半导体,创业板,20170712,
300672.SZ,20250530,81.06,81.06,81.06,81.06,0.0,0.0,81.06,0.0,0.0,20250603,国科微,半导体,创业板,20170712,
300672.SZ,20250603,81.06,81.06,81.06,81.06,0.0,0.0,81.06,0.0,0.0,20250604,国科微,半导体,创业板,20170712,
300672.SZ,20250604,81.06,81.06,81.06,81.06,0.0,0.0,81.06,0.0,0.0,20250605,国科微,半导体,创业板,20170712,
300672.SZ,20250605,81.06,81.06,81.06,81.06,0.0,0.0,81.06,0.0,0.0,20250606,国科微,半导体,创业板,20170712,
300688.SZ,20241202,31.3,31.3,31.3,31.3,0.0,0.0,31.3,0.0,0.0,20241203,创业黑马,文教休闲,创业板,20170810,
300688.SZ,20241203,31.3,31.3,31.3,31.3,0.0,0.0,31.3,0.0,0.0,20241204,创业黑马,文教休闲,创业板,20170810,
300688.SZ,20241204,31.3,31.3,31.3,31.3,0.0,0.0,31.3,0.0,0.0,20241205,创业黑马,文教休闲,创业板,20170810,
300688.SZ,20241205,31.3,31.3,31.3,31.3,0.0,0.0,31.3,0.0,0.0,20241206,创业黑马,文教休闲,创业板,20170810,
300688.SZ,20241206,31.3,31.3,31.3,31.3,0.0,0.0,31.3,0.0,0.0,20241209,创业黑马,文教休闲,创业板,20170810,
300688.SZ,20241209,31.3,31.3,31.3,31.3,0.0,0.0,31.3,0.0,0.0,20241210,创业黑马,文教休闲,创业板,20170810,
300688.SZ,20241210,31.3,31.3,31.3,31.3,0.0,0.0,31.3,0.0,0.0,20241211,创业黑马,文教休闲,创业板,20170810,
300688.SZ,20241211,31.3,31.3,31.3,31.3,0.0,0.0,31.3,0.0,0.0,20241212,创业黑马,文教休闲,创业板,20170810,
300688.SZ,20241212,31.3,31.3,31.3,31.3,0.0,0.0,31.3,0.0,0.0,20241213,创业黑马,文教休闲,创业板,20170810,
300688.SZ,20241213,31.3,31.3,31.3,31.3,0.0,0.0,31.3,0.0,0.0,20241216,创业黑马,文教休闲,创业板,20170810,
300710.SZ,20251204,25.73,25.73,25.73,25.73,0.0,0.0,25.73,0.0,0.0,20251205,万隆光电,通信设备,创业板,20171019,
300710.SZ,20251205,25.73,25.73,25.73,25.73,0.0,0.0,25.73,0.0,0.0,20251208,万隆光电,通信设备,创业板,20171019,
300710.SZ,20251208,25.73,25.73,25.73,25.73,0.0,0.0,25.73,0.0,0.0,20251209,万隆光电,通信设备,创业板,20171019,
300710.SZ,20251209,25.73,25.73,25.73,25.73,0.0,0.0,25.73,0.0,0.0,20251210,万隆光电,通信设备,创业板,20171019,
300710.SZ,20251210,25.73,25.73,25.73,25.73,0.0,0.0,25.73,0.0,0.0,20251211,万隆光电,通信设备,创业板,20171019,
300710.SZ,20251211,25.73,25.73,25.73,25.73,0.0,0.0,25.73,0.0,0.0,20251212,万隆光电,通信设备,创业板,20171019,
300710.SZ,20251212,25.73,25.73,25.73,25.73,0.0,0.0,25.73,0.0,0.0,20251215,万隆光电,通信设备,创业板,20171019,
300710.SZ,20251215,25.73,25.73,25.73,25.73,0.0,0.0,25.73,0.0,0.0,20251216,万隆光电,通信设备,创业板,20171019,
300710.SZ,20251216,25.73,25.73,25.73,25.73,0.0,0.0,25.73,0.0,0.0,20251217,万隆光电,通信设备,创业板,20171019,
300710.SZ,20251217,25.73,25.73,25.73,25.73,0.0,0.0,25.73,0.0,0.0,20251218,万隆光电,通信设备,创业板,20171019,
300736.SZ,20260330,23.38,23.38,23.38,23.38,0.0,0.0,23.38,0.0,0.0,20260331,百邦科技,通信设备,创业板,20180109,
300736.SZ,20260331,23.38,23.38,23.38,23.38,0.0,0.0,23.38,0.0,0.0,20260401,百邦科技,通信设备,创业板,20180109,
300781.SZ,20241023,66.52,66.52,66.52,66.52,0.0,0.0,66.52,0.0,0.0,20241024,因赛集团,广告包装,创业板,20190606,
300781.SZ,20241024,66.52,66.52,66.52,66.52,0.0,0.0,66.52,0.0,0.0,20241025,因赛集团,广告包装,创业板,20190606,
300781.SZ,20241025,66.52,66.52,66.52,66.52,0.0,0.0,66.52,0.0,0.0,20241028,因赛集团,广告包装,创业板,20190606,
300781.SZ,20241028,66.52,66.52,66.52,66.52,0.0,0.0,66.52,0.0,0.0,20241029,因赛集团,广告包装,创业板,20190606,
300807.SZ,20241230,30.31,30.31,30.31,30.31,0.0,0.0,30.31,0.0,0.0,20241231,天迈科技,软件服务,创业板,20191219,
300807.SZ,20241231,30.31,30.31,30.31,30.31,0.0,0.0,30.31,0.0,0.0,20250102,天迈科技,软件服务,创业板,20191219,
300807.SZ,20250102,30.31,30.31,30.31,30.31,0.0,0.0,30.31,0.0,0.0,20250103,天迈科技,软件服务,创业板,20191219,
300807.SZ,20250103,30.31,30.31,30.31,30.31,0.0,0.0,30.31,0.0,0.0,20250106,天迈科技,软件服务,创业板,20191219,
300807.SZ,20250106,30.31,30.31,30.31,30.31,0.0,0.0,30.31,0.0,0.0,20250107,天迈科技,软件服务,创业板,20191219,
300807.SZ,20260420,56.02,56.02,56.02,56.02,0.0,0.0,56.02,0.0,0.0,20260421,天迈科技,软件服务,创业板,20191219,
300807.SZ,20260421,56.02,56.02,56.02,56.02,0.0,0.0,56.02,0.0,0.0,20260422,天迈科技,软件服务,创业板,20191219,
300807.SZ,20260422,56.02,56.02,56.02,56.02,0.0,0.0,56.02,0.0,0.0,20260423,天迈科技,软件服务,创业板,20191219,
300807.SZ,20260423,56.02,56.02,56.02,56.02,0.0,0.0,56.02,0.0,0.0,20260424,天迈科技,软件服务,创业板,20191219,
300807.SZ,20260424,56.02,56.02,56.02,56.02,0.0,0.0,56.02,0.0,0.0,20260427,天迈科技,软件服务,创业板,20191219,
300807.SZ,20260427,56.02,56.02,56.02,56.02,0.0,0.0,56.02,0.0,0.0,20260428,天迈科技,软件服务,创业板,20191219,
300807.SZ,20260428,56.02,56.02,56.02,56.02,0.0,0.0,56.02,0.0,0.0,20260429,天迈科技,软件服务,创业板,20191219,
300807.SZ,20260429,56.02,56.02,56.02,56.02,0.0,0.0,56.02,0.0,0.0,20260430,天迈科技,软件服务,创业板,20191219,
300807.SZ,20260430,56.02,56.02,56.02,56.02,0.0,0.0,56.02,0.0,0.0,20260506,天迈科技,软件服务,创业板,20191219,
300807.SZ,20260506,56.02,56.02,56.02,56.02,0.0,0.0,56.02,0.0,0.0,20260507,天迈科技,软件服务,创业板,20191219,
300828.SZ,20260205,26.49,26.49,26.49,26.49,0.0,0.0,26.49,0.0,0.0,20260206,锐新科技,机械基件,创业板,20200421,
300828.SZ,20260206,26.49,26.49,26.49,26.49,0.0,0.0,26.49,0.0,0.0,20260209,锐新科技,机械基件,创业板,20200421,
300828.SZ,20260209,26.49,26.49,26.49,26.49,0.0,0.0,26.49,0.0,0.0,20260210,锐新科技,机械基件,创业板,20200421,
300828.SZ,20260210,26.49,26.49,26.49,26.49,0.0,0.0,26.49,0.0,0.0,20260211,锐新科技,机械基件,创业板,20200421,
300828.SZ,20260211,26.49,26.49,26.49,26.49,0.0,0.0,26.49,0.0,0.0,20260212,锐新科技,机械基件,创业板,20200421,
300828.SZ,20260212,26.49,26.49,26.49,26.49,0.0,0.0,26.49,0.0,0.0,20260213,锐新科技,机械基件,创业板,20200421,
300828.SZ,20260213,26.49,26.49,26.49,26.49,0.0,0.0,26.49,0.0,0.0,20260224,锐新科技,机械基件,创业板,20200421,
300828.SZ,20260224,26.49,26.49,26.49,26.49,0.0,0.0,26.49,0.0,0.0,20260225,锐新科技,机械基件,创业板,20200421,
300828.SZ,20260225,26.49,26.49,26.49,26.49,0.0,0.0,26.49,0.0,0.0,20260226,锐新科技,机械基件,创业板,20200421,
300828.SZ,20260226,26.49,26.49,26.49,26.49,0.0,0.0,26.49,0.0,0.0,20260227,锐新科技,机械基件,创业板,20200421,
300841.SZ,20250714,72.01,72.01,72.01,72.01,0.0,0.0,72.01,0.0,0.0,20250715,康华生物,生物制药,创业板,20200616,
300841.SZ,20250715,72.01,72.01,72.01,72.01,0.0,0.0,72.01,0.0,0.0,20250716,康华生物,生物制药,创业板,20200616,
300841.SZ,20250716,72.01,72.01,72.01,72.01,0.0,0.0,72.01,0.0,0.0,20250717,康华生物,生物制药,创业板,20200616,
300841.SZ,20250717,72.01,72.01,72.01,72.01,0.0,0.0,72.01,0.0,0.0,20250718,康华生物,生物制药,创业板,20200616,
300841.SZ,20250718,72.01,72.01,72.01,72.01,0.0,0.0,72.01,0.0,0.0,20250721,康华生物,生物制药,创业板,20200616,
300859.SZ,20240529,33.78,33.78,33.78,33.78,0.0,0.0,33.78,0.0,0.0,20240530,西域旅游,旅游服务,创业板,20200806,
300889.SZ,20251119,25.8,25.8,25.8,25.8,0.0,0.0,25.8,0.0,0.0,20251120,爱克股份,电气设备,创业板,20200916,
300889.SZ,20251120,25.8,25.8,25.8,25.8,0.0,0.0,25.8,0.0,0.0,20251121,爱克股份,电气设备,创业板,20200916,
300889.SZ,20251121,25.8,25.8,25.8,25.8,0.0,0.0,25.8,0.0,0.0,20251124,爱克股份,电气设备,创业板,20200916,
300889.SZ,20251124,25.8,25.8,25.8,25.8,0.0,0.0,25.8,0.0,0.0,20251125,爱克股份,电气设备,创业板,20200916,
300889.SZ,20251125,25.8,25.8,25.8,25.8,0.0,0.0,25.8,0.0,0.0,20251126,爱克股份,电气设备,创业板,20200916,
300889.SZ,20251126,25.8,25.8,25.8,25.8,0.0,0.0,25.8,0.0,0.0,20251127,爱克股份,电气设备,创业板,20200916,
300889.SZ,20251127,25.8,25.8,25.8,25.8,0.0,0.0,25.8,0.0,0.0,20251128,爱克股份,电气设备,创业板,20200916,
300889.SZ,20251128,25.8,25.8,25.8,25.8,0.0,0.0,25.8,0.0,0.0,20251201,爱克股份,电气设备,创业板,20200916,
300889.SZ,20251201,25.8,25.8,25.8,25.8,0.0,0.0,25.8,0.0,0.0,20251202,爱克股份,电气设备,创业板,20200916,
300889.SZ,20251202,25.8,25.8,25.8,25.8,0.0,0.0,25.8,0.0,0.0,20251203,爱克股份,电气设备,创业板,20200916,
300912.SZ,20260121,19.85,19.85,19.85,19.85,0.0,0.0,19.85,0.0,0.0,20260122,凯龙高科,汽车配件,创业板,20201207,
300912.SZ,20260122,19.85,19.85,19.85,19.85,0.0,0.0,19.85,0.0,0.0,20260123,凯龙高科,汽车配件,创业板,20201207,
300912.SZ,20260123,19.85,19.85,19.85,19.85,0.0,0.0,19.85,0.0,0.0,20260126,凯龙高科,汽车配件,创业板,20201207,
300912.SZ,20260126,19.85,19.85,19.85,19.85,0.0,0.0,19.85,0.0,0.0,20260127,凯龙高科,汽车配件,创业板,20201207,
300912.SZ,20260127,19.85,19.85,19.85,19.85,0.0,0.0,19.85,0.0,0.0,20260128,凯龙高科,汽车配件,创业板,20201207,
300912.SZ,20260128,19.85,19.85,19.85,19.85,0.0,0.0,19.85,0.0,0.0,20260129,凯龙高科,汽车配件,创业板,20201207,
300912.SZ,20260129,19.85,19.85,19.85,19.85,0.0,0.0,19.85,0.0,0.0,20260130,凯龙高科,汽车配件,创业板,20201207,
300912.SZ,20260130,19.85,19.85,19.85,19.85,0.0,0.0,19.85,0.0,0.0,20260202,凯龙高科,汽车配件,创业板,20201207,
300912.SZ,20260202,19.85,19.85,19.85,19.85,0.0,0.0,19.85,0.0,0.0,20260203,凯龙高科,汽车配件,创业板,20201207,
300912.SZ,20260203,19.85,19.85,19.85,19.85,0.0,0.0,19.85,0.0,0.0,20260204,凯龙高科,汽车配件,创业板,20201207,
300943.SZ,20250305,13.7,13.7,13.7,13.7,0.0,0.0,13.7,0.0,0.0,20250306,春晖智控,机械基件,创业板,20210210,
300943.SZ,20250306,13.7,13.7,13.7,13.7,0.0,0.0,13.7,0.0,0.0,20250307,春晖智控,机械基件,创业板,20210210,
300943.SZ,20250307,13.7,13.7,13.7,13.7,0.0,0.0,13.7,0.0,0.0,20250310,春晖智控,机械基件,创业板,20210210,
300943.SZ,20250310,13.7,13.7,13.7,13.7,0.0,0.0,13.7,0.0,0.0,20250311,春晖智控,机械基件,创业板,20210210,
300943.SZ,20250311,13.7,13.7,13.7,13.7,0.0,0.0,13.7,0.0,0.0,20250312,春晖智控,机械基件,创业板,20210210,
300943.SZ,20250312,13.7,13.7,13.7,13.7,0.0,0.0,13.7,0.0,0.0,20250313,春晖智控,机械基件,创业板,20210210,
300943.SZ,20250313,13.7,13.7,13.7,13.7,0.0,0.0,13.7,0.0,0.0,20250314,春晖智控,机械基件,创业板,20210210,
300943.SZ,20250314,13.7,13.7,13.7,13.7,0.0,0.0,13.7,0.0,0.0,20250317,春晖智控,机械基件,创业板,20210210,
300943.SZ,20250317,13.7,13.7,13.7,13.7,0.0,0.0,13.7,0.0,0.0,20250318,春晖智控,机械基件,创业板,20210210,
300943.SZ,20250318,13.7,13.7,13.7,13.7,0.0,0.0,13.7,0.0,0.0,20250319,春晖智控,机械基件,创业板,20210210,
300948.SZ,20250922,11.2,11.2,11.2,11.2,0.0,0.0,11.2,0.0,0.0,20250923,冠中生态,环境保护,创业板,20210225,
300948.SZ,20250923,11.2,11.2,11.2,11.2,0.0,0.0,11.2,0.0,0.0,20250924,冠中生态,环境保护,创业板,20210225,
300948.SZ,20250924,11.2,11.2,11.2,11.2,0.0,0.0,11.2,0.0,0.0,20250925,冠中生态,环境保护,创业板,20210225,
300948.SZ,20250925,11.2,11.2,11.2,11.2,0.0,0.0,11.2,0.0,0.0,20250926,冠中生态,环境保护,创业板,20210225,
300948.SZ,20250926,11.2,11.2,11.2,11.2,0.0,0.0,11.2,0.0,0.0,20250929,冠中生态,环境保护,创业板,20210225,
300955.SZ,20251225,41.51,41.51,41.51,41.51,0.0,0.0,41.51,0.0,0.0,20251226,嘉亨家化,日用化工,创业板,20210324,
300955.SZ,20251226,41.51,41.51,41.51,41.51,0.0,0.0,41.51,0.0,0.0,20251229,嘉亨家化,日用化工,创业板,20210324,
300955.SZ,20251229,41.51,41.51,41.51,41.51,0.0,0.0,41.51,0.0,0.0,20251230,嘉亨家化,日用化工,创业板,20210324,
300955.SZ,20251230,41.51,41.51,41.51,41.51,0.0,0.0,41.51,0.0,0.0,20251231,嘉亨家化,日用化工,创业板,20210324,
300955.SZ,20251231,41.51,41.51,41.51,41.51,0.0,0.0,41.51,0.0,0.0,20260105,嘉亨家化,日用化工,创业板,20210324,
300959.SZ,20250620,45.2,45.2,45.2,45.2,0.0,0.0,45.2,0.0,0.0,20250623,线上线下,电信运营,创业板,20210322,
300959.SZ,20250623,45.2,45.2,45.2,45.2,0.0,0.0,45.2,0.0,0.0,20250624,线上线下,电信运营,创业板,20210322,
300959.SZ,20250624,45.2,45.2,45.2,45.2,0.0,0.0,45.2,0.0,0.0,20250625,线上线下,电信运营,创业板,20210322,
300959.SZ,20250625,45.2,45.2,45.2,45.2,0.0,0.0,45.2,0.0,0.0,20250626,线上线下,电信运营,创业板,20210322,
300959.SZ,20250626,45.2,45.2,45.2,45.2,0.0,0.0,45.2,0.0,0.0,20250627,线上线下,电信运营,创业板,20210322,
300986.SZ,20260113,33.38,33.38,33.38,33.38,0.0,0.0,33.38,0.0,0.0,20260114,志特新材,建筑工程,创业板,20210430,
300986.SZ,20260114,33.38,33.38,33.38,33.38,0.0,0.0,33.38,0.0,0.0,20260115,志特新材,建筑工程,创业板,20210430,
300986.SZ,20260115,33.38,33.38,33.38,33.38,0.0,0.0,33.38,0.0,0.0,20260116,志特新材,建筑工程,创业板,20210430,
301007.SZ,20250521,22.75,22.75,22.75,22.75,0.0,0.0,22.75,0.0,0.0,20250522,德迈仕,汽车配件,创业板,20210616,
301007.SZ,20250522,22.75,22.75,22.75,22.75,0.0,0.0,22.75,0.0,0.0,20250523,德迈仕,汽车配件,创业板,20210616,
301012.SZ,20250714,19.28,19.28,19.28,19.28,0.0,0.0,19.28,0.0,0.0,20250715,扬电科技,电气设备,创业板,20210622,
301012.SZ,20250715,19.28,19.28,19.28,19.28,0.0,0.0,19.28,0.0,0.0,20250716,扬电科技,电气设备,创业板,20210622,
301025.SZ,20251222,10.2,10.2,10.2,10.2,0.0,0.0,10.2,0.0,0.0,20251223,读客文化,出版业,创业板,20210719,
301025.SZ,20251223,10.2,10.2,10.2,10.2,0.0,0.0,10.2,0.0,0.0,20251224,读客文化,出版业,创业板,20210719,
301025.SZ,20251224,10.2,10.2,10.2,10.2,0.0,0.0,10.2,0.0,0.0,20251225,读客文化,出版业,创业板,20210719,
301025.SZ,20251225,10.2,10.2,10.2,10.2,0.0,0.0,10.2,0.0,0.0,20251226,读客文化,出版业,创业板,20210719,
301025.SZ,20251226,10.2,10.2,10.2,10.2,0.0,0.0,10.2,0.0,0.0,20251229,读客文化,出版业,创业板,20210719,
301027.SZ,20251114,19.85,19.85,19.85,19.85,0.0,0.0,19.85,0.0,0.0,20251117,华蓝集团,建筑工程,创业板,20210715,
301027.SZ,20251117,19.85,19.85,19.85,19.85,0.0,0.0,19.85,0.0,0.0,20251118,华蓝集团,建筑工程,创业板,20210715,
301027.SZ,20251118,19.85,19.85,19.85,19.85,0.0,0.0,19.85,0.0,0.0,20251119,华蓝集团,建筑工程,创业板,20210715,
301040.SZ,20250829,39.6,39.6,39.6,39.6,0.0,0.0,39.6,0.0,0.0,20250901,中环海陆,机械基件,创业板,20210803,
301040.SZ,20250901,39.6,39.6,39.6,39.6,0.0,0.0,39.6,0.0,0.0,20250902,中环海陆,机械基件,创业板,20210803,
301040.SZ,20250902,39.6,39.6,39.6,39.6,0.0,0.0,39.6,0.0,0.0,20250903,中环海陆,机械基件,创业板,20210803,
301040.SZ,20250903,39.6,39.6,39.6,39.6,0.0,0.0,39.6,0.0,0.0,20250904,中环海陆,机械基件,创业板,20210803,
301040.SZ,20250904,39.6,39.6,39.6,39.6,0.0,0.0,39.6,0.0,0.0,20250905,中环海陆,机械基件,创业板,20210803,
301073.SZ,20251126,28.1,28.1,28.1,28.1,0.0,0.0,28.1,0.0,0.0,20251127,君亭酒店,酒店餐饮,创业板,20210930,
301073.SZ,20251127,28.1,28.1,28.1,28.1,0.0,0.0,28.1,0.0,0.0,20251128,君亭酒店,酒店餐饮,创业板,20210930,
301073.SZ,20251128,28.1,28.1,28.1,28.1,0.0,0.0,28.1,0.0,0.0,20251201,君亭酒店,酒店餐饮,创业板,20210930,
301073.SZ,20251201,28.1,28.1,28.1,28.1,0.0,0.0,28.1,0.0,0.0,20251202,君亭酒店,酒店餐饮,创业板,20210930,
301073.SZ,20251202,28.1,28.1,28.1,28.1,0.0,0.0,28.1,0.0,0.0,20251203,君亭酒店,酒店餐饮,创业板,20210930,
301079.SZ,20250623,31.9,31.9,31.9,31.9,0.0,0.0,31.9,0.0,0.0,20250624,邵阳液压,机械基件,创业板,20211019,
301079.SZ,20250624,31.9,31.9,31.9,31.9,0.0,0.0,31.9,0.0,0.0,20250625,邵阳液压,机械基件,创业板,20211019,
301079.SZ,20250625,31.9,31.9,31.9,31.9,0.0,0.0,31.9,0.0,0.0,20250626,邵阳液压,机械基件,创业板,20211019,
301079.SZ,20250626,31.9,31.9,31.9,31.9,0.0,0.0,31.9,0.0,0.0,20250627,邵阳液压,机械基件,创业板,20211019,
301079.SZ,20250627,31.9,31.9,31.9,31.9,0.0,0.0,31.9,0.0,0.0,20250630,邵阳液压,机械基件,创业板,20211019,
301079.SZ,20250630,31.9,31.9,31.9,31.9,0.0,0.0,31.9,0.0,0.0,20250701,邵阳液压,机械基件,创业板,20211019,
301079.SZ,20250701,31.9,31.9,31.9,31.9,0.0,0.0,31.9,0.0,0.0,20250702,邵阳液压,机械基件,创业板,20211019,
301079.SZ,20250702,31.9,31.9,31.9,31.9,0.0,0.0,31.9,0.0,0.0,20250703,邵阳液压,机械基件,创业板,20211019,
301079.SZ,20250703,31.9,31.9,31.9,31.9,0.0,0.0,31.9,0.0,0.0,20250704,邵阳液压,机械基件,创业板,20211019,
301079.SZ,20250704,31.9,31.9,31.9,31.9,0.0,0.0,31.9,0.0,0.0,20250707,邵阳液压,机械基件,创业板,20211019,
301148.SZ,20251117,33.03,33.03,33.03,33.03,0.0,0.0,33.03,0.0,0.0,20251118,嘉戎技术,环境保护,创业板,20220421,
301148.SZ,20251118,33.03,33.03,33.03,33.03,0.0,0.0,33.03,0.0,0.0,20251119,嘉戎技术,环境保护,创业板,20220421,
301148.SZ,20251119,33.03,33.03,33.03,33.03,0.0,0.0,33.03,0.0,0.0,20251120,嘉戎技术,环境保护,创业板,20220421,
301148.SZ,20251120,33.03,33.03,33.03,33.03,0.0,0.0,33.03,0.0,0.0,20251121,嘉戎技术,环境保护,创业板,20220421,
301148.SZ,20251121,33.03,33.03,33.03,33.03,0.0,0.0,33.03,0.0,0.0,20251124,嘉戎技术,环境保护,创业板,20220421,
301148.SZ,20251124,33.03,33.03,33.03,33.03,0.0,0.0,33.03,0.0,0.0,20251125,嘉戎技术,环境保护,创业板,20220421,
301148.SZ,20251125,33.03,33.03,33.03,33.03,0.0,0.0,33.03,0.0,0.0,20251126,嘉戎技术,环境保护,创业板,20220421,
301148.SZ,20251126,33.03,33.03,33.03,33.03,0.0,0.0,33.03,0.0,0.0,20251127,嘉戎技术,环境保护,创业板,20220421,
301148.SZ,20251127,33.03,33.03,33.03,33.03,0.0,0.0,33.03,0.0,0.0,20251128,嘉戎技术,环境保护,创业板,20220421,
301148.SZ,20251128,33.03,33.03,33.03,33.03,0.0,0.0,33.03,0.0,0.0,20251201,嘉戎技术,环境保护,创业板,20220421,
301171.SZ,20260115,81.32,81.32,81.32,81.32,0.0,0.0,81.32,0.0,0.0,20260116,易点天下,互联网,创业板,20220819,
301171.SZ,20260116,81.32,81.32,81.32,81.32,0.0,0.0,81.32,0.0,0.0,20260119,易点天下,互联网,创业板,20220819,
301171.SZ,20260119,81.32,81.32,81.32,81.32,0.0,0.0,81.32,0.0,0.0,20260120,易点天下,互联网,创业板,20220819,
301181.SZ,20251031,51.2,51.2,51.2,51.2,0.0,0.0,51.2,0.0,0.0,20251103,标榜股份,汽车配件,创业板,20220221,
301181.SZ,20251103,51.2,51.2,51.2,51.2,0.0,0.0,51.2,0.0,0.0,20251104,标榜股份,汽车配件,创业板,20220221,
301181.SZ,20251104,51.2,51.2,51.2,51.2,0.0,0.0,51.2,0.0,0.0,20251105,标榜股份,汽车配件,创业板,20220221,
301181.SZ,20251105,51.2,51.2,51.2,51.2,0.0,0.0,51.2,0.0,0.0,20251106,标榜股份,汽车配件,创业板,20220221,
301181.SZ,20251106,51.2,51.2,51.2,51.2,0.0,0.0,51.2,0.0,0.0,20251107,标榜股份,汽车配件,创业板,20220221,
301213.SZ,20251222,69.05,69.05,69.05,69.05,0.0,0.0,69.05,0.0,0.0,20251223,观想科技,软件服务,创业板,20211206,
301213.SZ,20251223,69.05,69.05,69.05,69.05,0.0,0.0,69.05,0.0,0.0,20251224,观想科技,软件服务,创业板,20211206,
301213.SZ,20251224,69.05,69.05,69.05,69.05,0.0,0.0,69.05,0.0,0.0,20251225,观想科技,软件服务,创业板,20211206,
301213.SZ,20251225,69.05,69.05,69.05,69.05,0.0,0.0,69.05,0.0,0.0,20251226,观想科技,软件服务,创业板,20211206,
301213.SZ,20251226,69.05,69.05,69.05,69.05,0.0,0.0,69.05,0.0,0.0,20251229,观想科技,软件服务,创业板,20211206,
301213.SZ,20251229,69.05,69.05,69.05,69.05,0.0,0.0,69.05,0.0,0.0,20251230,观想科技,软件服务,创业板,20211206,
301213.SZ,20251230,69.05,69.05,69.05,69.05,0.0,0.0,69.05,0.0,0.0,20251231,观想科技,软件服务,创业板,20211206,
301213.SZ,20251231,69.05,69.05,69.05,69.05,0.0,0.0,69.05,0.0,0.0,20260105,观想科技,软件服务,创业板,20211206,
301213.SZ,20260105,69.05,69.05,69.05,69.05,0.0,0.0,69.05,0.0,0.0,20260106,观想科技,软件服务,创业板,20211206,
301213.SZ,20260106,69.05,69.05,69.05,69.05,0.0,0.0,69.05,0.0,0.0,20260107,观想科技,软件服务,创业板,20211206,
301218.SZ,20260113,29.38,29.38,29.38,29.38,0.0,0.0,29.38,0.0,0.0,20260114,华是科技,软件服务,创业板,20220307,
301218.SZ,20260114,29.38,29.38,29.38,29.38,0.0,0.0,29.38,0.0,0.0,20260115,华是科技,软件服务,创业板,20220307,
301218.SZ,20260115,29.38,29.38,29.38,29.38,0.0,0.0,29.38,0.0,0.0,20260116,华是科技,软件服务,创业板,20220307,
301218.SZ,20260116,29.38,29.38,29.38,29.38,0.0,0.0,29.38,0.0,0.0,20260119,华是科技,软件服务,创业板,20220307,
301218.SZ,20260119,29.38,29.38,29.38,29.38,0.0,0.0,29.38,0.0,0.0,20260120,华是科技,软件服务,创业板,20220307,
301269.SZ,20250317,111.52,111.52,111.52,111.52,0.0,0.0,111.52,0.0,0.0,20250318,华大九天,半导体,创业板,20220729,
301269.SZ,20250318,111.52,111.52,111.52,111.52,0.0,0.0,111.52,0.0,0.0,20250319,华大九天,半导体,创业板,20220729,
301269.SZ,20250319,111.52,111.52,111.52,111.52,0.0,0.0,111.52,0.0,0.0,20250320,华大九天,半导体,创业板,20220729,
301269.SZ,20250320,111.52,111.52,111.52,111.52,0.0,0.0,111.52,0.0,0.0,20250321,华大九天,半导体,创业板,20220729,
301269.SZ,20250321,111.52,111.52,111.52,111.52,0.0,0.0,111.52,0.0,0.0,20250324,华大九天,半导体,创业板,20220729,
301269.SZ,20250324,111.52,111.52,111.52,111.52,0.0,0.0,111.52,0.0,0.0,20250325,华大九天,半导体,创业板,20220729,
301269.SZ,20250325,111.52,111.52,111.52,111.52,0.0,0.0,111.52,0.0,0.0,20250326,华大九天,半导体,创业板,20220729,
301269.SZ,20250326,111.52,111.52,111.52,111.52,0.0,0.0,111.52,0.0,0.0,20250327,华大九天,半导体,创业板,20220729,
301269.SZ,20250327,111.52,111.52,111.52,111.52,0.0,0.0,111.52,0.0,0.0,20250328,华大九天,半导体,创业板,20220729,
301269.SZ,20250328,111.52,111.52,111.52,111.52,0.0,0.0,111.52,0.0,0.0,20250331,华大九天,半导体,创业板,20220729,
301297.SZ,20240926,20.82,20.82,20.82,20.82,0.0,0.0,20.82,0.0,0.0,20240927,富乐德,半导体,创业板,20221230,
301297.SZ,20240927,20.82,20.82,20.82,20.82,0.0,0.0,20.82,0.0,0.0,20240930,富乐德,半导体,创业板,20221230,
301297.SZ,20240930,20.82,20.82,20.82,20.82,0.0,0.0,20.82,0.0,0.0,20241008,富乐德,半导体,创业板,20221230,
301297.SZ,20241008,20.82,20.82,20.82,20.82,0.0,0.0,20.82,0.0,0.0,20241009,富乐德,半导体,创业板,20221230,
301297.SZ,20241009,20.82,20.82,20.82,20.82,0.0,0.0,20.82,0.0,0.0,20241010,富乐德,半导体,创业板,20221230,
301297.SZ,20241010,20.82,20.82,20.82,20.82,0.0,0.0,20.82,0.0,0.0,20241011,富乐德,半导体,创业板,20221230,
301297.SZ,20241011,20.82,20.82,20.82,20.82,0.0,0.0,20.82,0.0,0.0,20241014,富乐德,半导体,创业板,20221230,
301297.SZ,20241014,20.82,20.82,20.82,20.82,0.0,0.0,20.82,0.0,0.0,20241015,富乐德,半导体,创业板,20221230,
301297.SZ,20241015,20.82,20.82,20.82,20.82,0.0,0.0,20.82,0.0,0.0,20241016,富乐德,半导体,创业板,20221230,
301297.SZ,20241016,20.82,20.82,20.82,20.82,0.0,0.0,20.82,0.0,0.0,20241017,富乐德,半导体,创业板,20221230,
301316.SZ,20250506,29.0,29.0,29.0,29.0,0.0,0.0,29.0,0.0,0.0,20250507,慧博云通,软件服务,创业板,20221013,
301316.SZ,20250507,29.0,29.0,29.0,29.0,0.0,0.0,29.0,0.0,0.0,20250508,慧博云通,软件服务,创业板,20221013,
301316.SZ,20250508,29.0,29.0,29.0,29.0,0.0,0.0,29.0,0.0,0.0,20250509,慧博云通,软件服务,创业板,20221013,
301316.SZ,20250509,29.0,29.0,29.0,29.0,0.0,0.0,29.0,0.0,0.0,20250512,慧博云通,软件服务,创业板,20221013,
301316.SZ,20250512,29.0,29.0,29.0,29.0,0.0,0.0,29.0,0.0,0.0,20250513,慧博云通,软件服务,创业板,20221013,
301316.SZ,20250513,29.0,29.0,29.0,29.0,0.0,0.0,29.0,0.0,0.0,20250514,慧博云通,软件服务,创业板,20221013,
301316.SZ,20250514,29.0,29.0,29.0,29.0,0.0,0.0,29.0,0.0,0.0,20250515,慧博云通,软件服务,创业板,20221013,
301316.SZ,20250515,29.0,29.0,29.0,29.0,0.0,0.0,29.0,0.0,0.0,20250516,慧博云通,软件服务,创业板,20221013,
301316.SZ,20250516,29.0,29.0,29.0,29.0,0.0,0.0,29.0,0.0,0.0,20250519,慧博云通,软件服务,创业板,20221013,
301316.SZ,20250519,29.0,29.0,29.0,29.0,0.0,0.0,29.0,0.0,0.0,20250520,慧博云通,软件服务,创业板,20221013,
301357.SZ,20250526,36.72,36.72,36.72,36.72,0.0,0.0,36.72,0.0,0.0,20250527,北方长龙,专用机械,创业板,20230418,
301357.SZ,20250527,36.72,36.72,36.72,36.72,0.0,0.0,36.72,0.0,0.0,20250528,北方长龙,专用机械,创业板,20230418,
301357.SZ,20250528,36.72,36.72,36.72,36.72,0.0,0.0,36.72,0.0,0.0,20250529,北方长龙,专用机械,创业板,20230418,
301357.SZ,20250529,36.72,36.72,36.72,36.72,0.0,0.0,36.72,0.0,0.0,20250530,北方长龙,专用机械,创业板,20230418,
301357.SZ,20250530,36.72,36.72,36.72,36.72,0.0,0.0,36.72,0.0,0.0,20250603,北方长龙,专用机械,创业板,20230418,
301357.SZ,20250603,36.72,36.72,36.72,36.72,0.0,0.0,36.72,0.0,0.0,20250604,北方长龙,专用机械,创业板,20230418,
301357.SZ,20250604,36.72,36.72,36.72,36.72,0.0,0.0,36.72,0.0,0.0,20250605,北方长龙,专用机械,创业板,20230418,
301357.SZ,20250605,36.72,36.72,36.72,36.72,0.0,0.0,36.72,0.0,0.0,20250606,北方长龙,专用机械,创业板,20230418,
301357.SZ,20250606,36.72,36.72,36.72,36.72,0.0,0.0,36.72,0.0,0.0,20250609,北方长龙,专用机械,创业板,20230418,
301357.SZ,20250609,36.72,36.72,36.72,36.72,0.0,0.0,36.72,0.0,0.0,20250610,北方长龙,专用机械,创业板,20230418,
301362.SZ,20260119,44.98,44.98,44.98,44.98,0.0,0.0,44.98,0.0,0.0,20260120,民爆光电,电气设备,创业板,20230804,
301362.SZ,20260120,44.98,44.98,44.98,44.98,0.0,0.0,44.98,0.0,0.0,20260121,民爆光电,电气设备,创业板,20230804,
301362.SZ,20260121,44.98,44.98,44.98,44.98,0.0,0.0,44.98,0.0,0.0,20260122,民爆光电,电气设备,创业板,20230804,
301362.SZ,20260122,44.98,44.98,44.98,44.98,0.0,0.0,44.98,0.0,0.0,20260123,民爆光电,电气设备,创业板,20230804,
301362.SZ,20260123,44.98,44.98,44.98,44.98,0.0,0.0,44.98,0.0,0.0,20260126,民爆光电,电气设备,创业板,20230804,
301362.SZ,20260126,44.98,44.98,44.98,44.98,0.0,0.0,44.98,0.0,0.0,20260127,民爆光电,电气设备,创业板,20230804,
301362.SZ,20260127,44.98,44.98,44.98,44.98,0.0,0.0,44.98,0.0,0.0,20260128,民爆光电,电气设备,创业板,20230804,
301362.SZ,20260128,44.98,44.98,44.98,44.98,0.0,0.0,44.98,0.0,0.0,20260129,民爆光电,电气设备,创业板,20230804,
301362.SZ,20260129,44.98,44.98,44.98,44.98,0.0,0.0,44.98,0.0,0.0,20260130,民爆光电,电气设备,创业板,20230804,
301362.SZ,20260130,44.98,44.98,44.98,44.98,0.0,0.0,44.98,0.0,0.0,20260202,民爆光电,电气设备,创业板,20230804,
301486.SZ,20250408,40.04,40.04,40.04,40.04,0.0,0.0,40.04,0.0,0.0,20250409,致尚科技,元器件,创业板,20230707,
301486.SZ,20250409,40.04,40.04,40.04,40.04,0.0,0.0,40.04,0.0,0.0,20250410,致尚科技,元器件,创业板,20230707,
301486.SZ,20250410,40.04,40.04,40.04,40.04,0.0,0.0,40.04,0.0,0.0,20250411,致尚科技,元器件,创业板,20230707,
301486.SZ,20250411,40.04,40.04,40.04,40.04,0.0,0.0,40.04,0.0,0.0,20250414,致尚科技,元器件,创业板,20230707,
301486.SZ,20250414,40.04,40.04,40.04,40.04,0.0,0.0,40.04,0.0,0.0,20250415,致尚科技,元器件,创业板,20230707,
301486.SZ,20250415,40.04,40.04,40.04,40.04,0.0,0.0,40.04,0.0,0.0,20250416,致尚科技,元器件,创业板,20230707,
301486.SZ,20250416,40.04,40.04,40.04,40.04,0.0,0.0,40.04,0.0,0.0,20250417,致尚科技,元器件,创业板,20230707,
301486.SZ,20250417,40.04,40.04,40.04,40.04,0.0,0.0,40.04,0.0,0.0,20250418,致尚科技,元器件,创业板,20230707,
301486.SZ,20250418,40.04,40.04,40.04,40.04,0.0,0.0,40.04,0.0,0.0,20250421,致尚科技,元器件,创业板,20230707,
301486.SZ,20250421,40.04,40.04,40.04,40.04,0.0,0.0,40.04,0.0,0.0,20250422,致尚科技,元器件,创业板,20230707,
301517.SZ,20250813,50.35,50.35,50.35,50.35,0.0,0.0,50.35,0.0,0.0,20250814,陕西华达,元器件,创业板,20231017,
301517.SZ,20250814,50.35,50.35,50.35,50.35,0.0,0.0,50.35,0.0,0.0,20250815,陕西华达,元器件,创业板,20231017,
301517.SZ,20250815,50.35,50.35,50.35,50.35,0.0,0.0,50.35,0.0,0.0,20250818,陕西华达,元器件,创业板,20231017,
301517.SZ,20250818,50.35,50.35,50.35,50.35,0.0,0.0,50.35,0.0,0.0,20250819,陕西华达,元器件,创业板,20231017,
301517.SZ,20250819,50.35,50.35,50.35,50.35,0.0,0.0,50.35,0.0,0.0,20250820,陕西华达,元器件,创业板,20231017,
301517.SZ,20250820,50.35,50.35,50.35,50.35,0.0,0.0,50.35,0.0,0.0,20250821,陕西华达,元器件,创业板,20231017,
301517.SZ,20250821,50.35,50.35,50.35,50.35,0.0,0.0,50.35,0.0,0.0,20250822,陕西华达,元器件,创业板,20231017,
301517.SZ,20250822,50.35,50.35,50.35,50.35,0.0,0.0,50.35,0.0,0.0,20250825,陕西华达,元器件,创业板,20231017,
301517.SZ,20250825,50.35,50.35,50.35,50.35,0.0,0.0,50.35,0.0,0.0,20250826,陕西华达,元器件,创业板,20231017,
600027.SH,20240719,6.08,6.08,6.08,6.08,0.0,0.0,6.08,0.0,0.0,20240722,华电国际,火力发电,主板,20050203,
600027.SH,20240722,6.08,6.08,6.08,6.08,0.0,0.0,6.08,0.0,0.0,20240723,华电国际,火力发电,主板,20050203,
600027.SH,20240723,6.08,6.08,6.08,6.08,0.0,0.0,6.08,0.0,0.0,20240724,华电国际,火力发电,主板,20050203,
600027.SH,20240724,6.08,6.08,6.08,6.08,0.0,0.0,6.08,0.0,0.0,20240725,华电国际,火力发电,主板,20050203,
600027.SH,20240725,5.93,5.93,5.93,5.93,0.0,0.0,6.08,-0.15000000000000036,-2.4671052631579005,20240726,华电国际,火力发电,主板,20050203,
600027.SH,20240726,5.93,5.93,5.93,5.93,0.0,0.0,5.93,0.0,0.0,20240729,华电国际,火力发电,主板,20050203,
600027.SH,20240729,5.93,5.93,5.93,5.93,0.0,0.0,5.93,0.0,0.0,20240730,华电国际,火力发电,主板,20050203,
600027.SH,20240730,5.93,5.93,5.93,5.93,0.0,0.0,5.93,0.0,0.0,20240731,华电国际,火力发电,主板,20050203,
600027.SH,20240731,5.93,5.93,5.93,5.93,0.0,0.0,5.93,0.0,0.0,20240801,华电国际,火力发电,主板,20050203,
600027.SH,20240801,5.93,5.93,5.93,5.93,0.0,0.0,5.93,0.0,0.0,20240802,华电国际,火力发电,主板,20050203,
600058.SH,20251230,11.52,11.52,11.52,11.52,0.0,0.0,11.52,0.0,0.0,20251231,XD五矿发,商贸代理,主板,19970528,
600058.SH,20251231,11.52,11.52,11.52,11.52,0.0,0.0,11.52,0.0,0.0,20260105,XD五矿发,商贸代理,主板,19970528,
600058.SH,20260105,11.52,11.52,11.52,11.52,0.0,0.0,11.52,0.0,0.0,20260106,XD五矿发,商贸代理,主板,19970528,
600058.SH,20260106,11.52,11.52,11.52,11.52,0.0,0.0,11.52,0.0,0.0,20260107,XD五矿发,商贸代理,主板,19970528,
600058.SH,20260107,11.52,11.52,11.52,11.52,0.0,0.0,11.52,0.0,0.0,20260108,XD五矿发,商贸代理,主板,19970528,
600058.SH,20260108,11.52,11.52,11.52,11.52,0.0,0.0,11.52,0.0,0.0,20260109,XD五矿发,商贸代理,主板,19970528,
600058.SH,20260109,11.52,11.52,11.52,11.52,0.0,0.0,11.52,0.0,0.0,20260112,XD五矿发,商贸代理,主板,19970528,
600058.SH,20260112,11.52,11.52,11.52,11.52,0.0,0.0,11.52,0.0,0.0,20260113,XD五矿发,商贸代理,主板,19970528,
600058.SH,20260113,11.52,11.52,11.52,11.52,0.0,0.0,11.52,0.0,0.0,20260114,XD五矿发,商贸代理,主板,19970528,
600058.SH,20260114,11.52,11.52,11.52,11.52,0.0,0.0,11.52,0.0,0.0,20260115,XD五矿发,商贸代理,主板,19970528,
600078.SH,20240621,7.02,7.02,7.02,7.02,0.0,0.0,7.02,0.0,0.0,20240624,澄星股份,化工原料,主板,19970627,
600095.SH,20250317,6.89,6.89,6.89,6.89,0.0,0.0,6.89,0.0,0.0,20250318,湘财股份,证券,主板,19970708,
600095.SH,20250318,6.89,6.89,6.89,6.89,0.0,0.0,6.89,0.0,0.0,20250319,湘财股份,证券,主板,19970708,
600095.SH,20250319,6.89,6.89,6.89,6.89,0.0,0.0,6.89,0.0,0.0,20250320,湘财股份,证券,主板,19970708,
600095.SH,20250320,6.89,6.89,6.89,6.89,0.0,0.0,6.89,0.0,0.0,20250321,湘财股份,证券,主板,19970708,
600095.SH,20250321,6.89,6.89,6.89,6.89,0.0,0.0,6.89,0.0,0.0,20250324,湘财股份,证券,主板,19970708,
600095.SH,20250324,6.89,6.89,6.89,6.89,0.0,0.0,6.89,0.0,0.0,20250325,湘财股份,证券,主板,19970708,
600095.SH,20250325,6.89,6.89,6.89,6.89,0.0,0.0,6.89,0.0,0.0,20250326,湘财股份,证券,主板,19970708,
600095.SH,20250326,6.89,6.89,6.89,6.89,0.0,0.0,6.89,0.0,0.0,20250327,湘财股份,证券,主板,19970708,
600095.SH,20250327,6.89,6.89,6.89,6.89,0.0,0.0,6.89,0.0,0.0,20250328,湘财股份,证券,主板,19970708,
600095.SH,20250328,6.89,6.89,6.89,6.89,0.0,0.0,6.89,0.0,0.0,20250331,湘财股份,证券,主板,19970708,
600114.SH,20250225,24.72,24.72,24.72,24.72,0.0,0.0,24.72,0.0,0.0,20250226,东睦股份,机械基件,主板,20040511,
600114.SH,20250226,24.72,24.72,24.72,24.72,0.0,0.0,24.72,0.0,0.0,20250227,东睦股份,机械基件,主板,20040511,
600114.SH,20250227,24.72,24.72,24.72,24.72,0.0,0.0,24.72,0.0,0.0,20250228,东睦股份,机械基件,主板,20040511,
600114.SH,20250228,24.72,24.72,24.72,24.72,0.0,0.0,24.72,0.0,0.0,20250303,东睦股份,机械基件,主板,20040511,
600114.SH,20250303,24.72,24.72,24.72,24.72,0.0,0.0,24.72,0.0,0.0,20250304,东睦股份,机械基件,主板,20040511,
600114.SH,20250304,24.72,24.72,24.72,24.72,0.0,0.0,24.72,0.0,0.0,20250305,东睦股份,机械基件,主板,20040511,
600114.SH,20250305,24.72,24.72,24.72,24.72,0.0,0.0,24.72,0.0,0.0,20250306,东睦股份,机械基件,主板,20040511,
600114.SH,20250306,24.72,24.72,24.72,24.72,0.0,0.0,24.72,0.0,0.0,20250307,东睦股份,机械基件,主板,20040511,
600114.SH,20250307,24.72,24.72,24.72,24.72,0.0,0.0,24.72,0.0,0.0,20250310,东睦股份,机械基件,主板,20040511,
600114.SH,20250310,24.72,24.72,24.72,24.72,0.0,0.0,24.72,0.0,0.0,20250311,东睦股份,机械基件,主板,20040511,
600150.SH,20240903,34.9,34.9,34.9,34.9,0.0,0.0,34.9,0.0,0.0,20240904,中国船舶,船舶,主板,19980520,
600150.SH,20240904,34.9,34.9,34.9,34.9,0.0,0.0,34.9,0.0,0.0,20240905,中国船舶,船舶,主板,19980520,
600150.SH,20240905,34.9,34.9,34.9,34.9,0.0,0.0,34.9,0.0,0.0,20240906,中国船舶,船舶,主板,19980520,
600150.SH,20240906,34.9,34.9,34.9,34.9,0.0,0.0,34.9,0.0,0.0,20240909,中国船舶,船舶,主板,19980520,
600150.SH,20240909,34.9,34.9,34.9,34.9,0.0,0.0,34.9,0.0,0.0,20240910,中国船舶,船舶,主板,19980520,
600150.SH,20240910,34.9,34.9,34.9,34.9,0.0,0.0,34.9,0.0,0.0,20240911,中国船舶,船舶,主板,19980520,
600150.SH,20240911,34.9,34.9,34.9,34.9,0.0,0.0,34.9,0.0,0.0,20240912,中国船舶,船舶,主板,19980520,
600150.SH,20240912,34.9,34.9,34.9,34.9,0.0,0.0,34.9,0.0,0.0,20240913,中国船舶,船舶,主板,19980520,
600150.SH,20240913,34.9,34.9,34.9,34.9,0.0,0.0,34.9,0.0,0.0,20240918,中国船舶,船舶,主板,19980520,
600150.SH,20240918,34.9,34.9,34.9,34.9,0.0,0.0,34.9,0.0,0.0,20240919,中国船舶,船舶,主板,19980520,
600150.SH,20250813,38.5,38.5,38.5,38.5,0.0,0.0,38.5,0.0,0.0,20250814,中国船舶,船舶,主板,19980520,
600150.SH,20250814,38.5,38.5,38.5,38.5,0.0,0.0,38.5,0.0,0.0,20250815,中国船舶,船舶,主板,19980520,
600150.SH,20250815,38.5,38.5,38.5,38.5,0.0,0.0,38.5,0.0,0.0,20250818,中国船舶,船舶,主板,19980520,
600150.SH,20250818,38.5,38.5,38.5,38.5,0.0,0.0,38.5,0.0,0.0,20250819,中国船舶,船舶,主板,19980520,
600157.SH,20240725,1.1,1.1,1.1,1.1,0.0,0.0,1.1,0.0,0.0,20240726,永泰能源,火力发电,主板,19980513,
600157.SH,20240726,1.1,1.1,1.1,1.1,0.0,0.0,1.1,0.0,0.0,20240729,永泰能源,火力发电,主板,19980513,
600157.SH,20240729,1.1,1.1,1.1,1.1,0.0,0.0,1.1,0.0,0.0,20240730,永泰能源,火力发电,主板,19980513,
600157.SH,20240730,1.1,1.1,1.1,1.1,0.0,0.0,1.1,0.0,0.0,20240731,永泰能源,火力发电,主板,19980513,
600157.SH,20240731,1.1,1.1,1.1,1.1,0.0,0.0,1.1,0.0,0.0,20240801,永泰能源,火力发电,主板,19980513,
600157.SH,20240801,1.1,1.1,1.1,1.1,0.0,0.0,1.1,0.0,0.0,20240802,永泰能源,火力发电,主板,19980513,
600157.SH,20240802,1.1,1.1,1.1,1.1,0.0,0.0,1.1,0.0,0.0,20240805,永泰能源,火力发电,主板,19980513,
600157.SH,20240805,1.1,1.1,1.1,1.1,0.0,0.0,1.1,0.0,0.0,20240806,永泰能源,火力发电,主板,19980513,
600157.SH,20240806,1.1,1.1,1.1,1.1,0.0,0.0,1.1,0.0,0.0,20240807,永泰能源,火力发电,主板,19980513,
600157.SH,20240807,1.1,1.1,1.1,1.1,0.0,0.0,1.1,0.0,0.0,20240808,永泰能源,火力发电,主板,19980513,
600179.SH,20240529,2.11,2.11,2.11,2.11,0.0,0.0,2.11,0.0,0.0,20240530,安通控股,水运,主板,19981104,
600179.SH,20240530,2.11,2.11,2.11,2.11,0.0,0.0,2.11,0.0,0.0,20240531,安通控股,水运,主板,19981104,
600179.SH,20240531,2.11,2.11,2.11,2.11,0.0,0.0,2.11,0.0,0.0,20240603,安通控股,水运,主板,19981104,
600179.SH,20240603,2.11,2.11,2.11,2.11,0.0,0.0,2.11,0.0,0.0,20240604,安通控股,水运,主板,19981104,
600179.SH,20240604,2.11,2.11,2.11,2.11,0.0,0.0,2.11,0.0,0.0,20240605,安通控股,水运,主板,19981104,
600179.SH,20240605,2.11,2.11,2.11,2.11,0.0,0.0,2.11,0.0,0.0,20240606,安通控股,水运,主板,19981104,
600179.SH,20240606,2.11,2.11,2.11,2.11,0.0,0.0,2.11,0.0,0.0,20240607,安通控股,水运,主板,19981104,
600179.SH,20240607,2.11,2.11,2.11,2.11,0.0,0.0,2.11,0.0,0.0,20240611,安通控股,水运,主板,19981104,
600179.SH,20240611,2.11,2.11,2.11,2.11,0.0,0.0,2.11,0.0,0.0,20240612,安通控股,水运,主板,19981104,
600179.SH,20240612,2.11,2.11,2.11,2.11,0.0,0.0,2.11,0.0,0.0,20240613,安通控股,水运,主板,19981104,
600191.SH,20250415,7.46,7.46,7.46,7.46,0.0,0.0,7.46,0.0,0.0,20250416,华资实业,食品,主板,19981210,
600208.SH,20250730,4.12,4.12,4.12,4.12,0.0,0.0,4.12,0.0,0.0,20250731,衢州发展,全国地产,主板,19990623,
600208.SH,20250731,4.12,4.12,4.12,4.12,0.0,0.0,4.12,0.0,0.0,20250801,衢州发展,全国地产,主板,19990623,
600208.SH,20250801,4.12,4.12,4.12,4.12,0.0,0.0,4.12,0.0,0.0,20250804,衢州发展,全国地产,主板,19990623,
600208.SH,20250804,4.12,4.12,4.12,4.12,0.0,0.0,4.12,0.0,0.0,20250805,衢州发展,全国地产,主板,19990623,
600208.SH,20250805,4.12,4.12,4.12,4.12,0.0,0.0,4.12,0.0,0.0,20250806,衢州发展,全国地产,主板,19990623,
600208.SH,20250806,4.12,4.12,4.12,4.12,0.0,0.0,4.12,0.0,0.0,20250807,衢州发展,全国地产,主板,19990623,
600208.SH,20250807,4.12,4.12,4.12,4.12,0.0,0.0,4.12,0.0,0.0,20250808,衢州发展,全国地产,主板,19990623,
600208.SH,20250808,4.12,4.12,4.12,4.12,0.0,0.0,4.12,0.0,0.0,20250811,衢州发展,全国地产,主板,19990623,
600208.SH,20250811,4.12,4.12,4.12,4.12,0.0,0.0,4.12,0.0,0.0,20250812,衢州发展,全国地产,主板,19990623,
600208.SH,20250812,4.12,4.12,4.12,4.12,0.0,0.0,4.12,0.0,0.0,20250813,衢州发展,全国地产,主板,19990623,
600222.SH,20251202,8.58,8.58,8.58,8.58,0.0,0.0,8.58,0.0,0.0,20251203,太龙药业,中成药,主板,19991105,
600222.SH,20251203,8.58,8.58,8.58,8.58,0.0,0.0,8.58,0.0,0.0,20251204,太龙药业,中成药,主板,19991105,
600222.SH,20251204,8.58,8.58,8.58,8.58,0.0,0.0,8.58,0.0,0.0,20251205,太龙药业,中成药,主板,19991105,
600222.SH,20251205,8.58,8.58,8.58,8.58,0.0,0.0,8.58,0.0,0.0,20251208,太龙药业,中成药,主板,19991105,
600222.SH,20251208,8.58,8.58,8.58,8.58,0.0,0.0,8.58,0.0,0.0,20251209,太龙药业,中成药,主板,19991105,
600250.SH,20240527,8.15,8.15,8.15,8.15,0.0,0.0,8.15,0.0,0.0,20240528,南京商旅,商贸代理,主板,20010306,
600250.SH,20240528,8.15,8.15,8.15,8.15,0.0,0.0,8.15,0.0,0.0,20240529,南京商旅,商贸代理,主板,20010306,
600250.SH,20240529,8.15,8.15,8.15,8.15,0.0,0.0,8.15,0.0,0.0,20240530,南京商旅,商贸代理,主板,20010306,
600250.SH,20240530,8.15,8.15,8.15,8.15,0.0,0.0,8.15,0.0,0.0,20240531,南京商旅,商贸代理,主板,20010306,
600250.SH,20240531,8.15,8.15,8.15,8.15,0.0,0.0,8.15,0.0,0.0,20240603,南京商旅,商贸代理,主板,20010306,
600250.SH,20240603,8.15,8.15,8.15,8.15,0.0,0.0,8.15,0.0,0.0,20240604,南京商旅,商贸代理,主板,20010306,
600250.SH,20240604,8.15,8.15,8.15,8.15,0.0,0.0,8.15,0.0,0.0,20240605,南京商旅,商贸代理,主板,20010306,
600250.SH,20240605,8.15,8.15,8.15,8.15,0.0,0.0,8.15,0.0,0.0,20240606,南京商旅,商贸代理,主板,20010306,
600250.SH,20240606,8.15,8.15,8.15,8.15,0.0,0.0,8.15,0.0,0.0,20240607,南京商旅,商贸代理,主板,20010306,
600250.SH,20240607,8.15,8.15,8.15,8.15,0.0,0.0,8.15,0.0,0.0,20240611,南京商旅,商贸代理,主板,20010306,
600250.SH,20241118,9.56,9.56,9.56,9.56,0.0,0.0,9.56,0.0,0.0,20241119,南京商旅,商贸代理,主板,20010306,
600250.SH,20241119,9.56,9.56,9.56,9.56,0.0,0.0,9.56,0.0,0.0,20241120,南京商旅,商贸代理,主板,20010306,
600250.SH,20241120,9.56,9.56,9.56,9.56,0.0,0.0,9.56,0.0,0.0,20241121,南京商旅,商贸代理,主板,20010306,
600250.SH,20241121,9.56,9.56,9.56,9.56,0.0,0.0,9.56,0.0,0.0,20241122,南京商旅,商贸代理,主板,20010306,
600250.SH,20241122,9.56,9.56,9.56,9.56,0.0,0.0,9.56,0.0,0.0,20241125,南京商旅,商贸代理,主板,20010306,
600292.SH,20240930,5.42,5.42,5.42,5.42,0.0,0.0,5.42,0.0,0.0,20241008,电投水电,水力发电,主板,20001101,
600292.SH,20241008,5.42,5.42,5.42,5.42,0.0,0.0,5.42,0.0,0.0,20241009,电投水电,水力发电,主板,20001101,
600292.SH,20241009,5.42,5.42,5.42,5.42,0.0,0.0,5.42,0.0,0.0,20241010,电投水电,水力发电,主板,20001101,
600292.SH,20241010,5.42,5.42,5.42,5.42,0.0,0.0,5.42,0.0,0.0,20241011,电投水电,水力发电,主板,20001101,
600292.SH,20241011,5.42,5.42,5.42,5.42,0.0,0.0,5.42,0.0,0.0,20241014,电投水电,水力发电,主板,20001101,
600292.SH,20241014,5.42,5.42,5.42,5.42,0.0,0.0,5.42,0.0,0.0,20241015,电投水电,水力发电,主板,20001101,
600292.SH,20241015,5.42,5.42,5.42,5.42,0.0,0.0,5.42,0.0,0.0,20241016,电投水电,水力发电,主板,20001101,
600292.SH,20241016,5.42,5.42,5.42,5.42,0.0,0.0,5.42,0.0,0.0,20241017,电投水电,水力发电,主板,20001101,
600292.SH,20241017,5.42,5.42,5.42,5.42,0.0,0.0,5.42,0.0,0.0,20241018,电投水电,水力发电,主板,20001101,
600292.SH,20241018,5.42,5.42,5.42,5.42,0.0,0.0,5.42,0.0,0.0,20241021,电投水电,水力发电,主板,20001101,
600331.SH,20241204,8.52,8.52,8.52,8.52,0.0,0.0,8.52,0.0,0.0,20241205,宏达股份,农药化肥,主板,20011220,
600375.SH,20241225,6.14,6.14,6.14,6.14,0.0,0.0,6.14,0.0,0.0,20241226,汉马科技,汽车整车,主板,20030401,
600375.SH,20250417,6.43,6.43,6.43,6.43,0.0,0.0,6.43,0.0,0.0,20250418,汉马科技,汽车整车,主板,20030401,
600399.SH,20250911,5.65,5.65,5.65,5.65,0.0,0.0,5.65,0.0,0.0,20250912,抚顺特钢,特种钢,主板,20001229,
600438.SH,20260225,18.16,18.16,18.16,18.16,0.0,0.0,18.16,0.0,0.0,20260226,通威股份,电气设备,主板,20040302,
600438.SH,20260226,18.16,18.16,18.16,18.16,0.0,0.0,18.16,0.0,0.0,20260227,通威股份,电气设备,主板,20040302,
600438.SH,20260227,18.16,18.16,18.16,18.16,0.0,0.0,18.16,0.0,0.0,20260302,通威股份,电气设备,主板,20040302,
600438.SH,20260302,18.16,18.16,18.16,18.16,0.0,0.0,18.16,0.0,0.0,20260303,通威股份,电气设备,主板,20040302,
600438.SH,20260303,18.16,18.16,18.16,18.16,0.0,0.0,18.16,0.0,0.0,20260304,通威股份,电气设备,主板,20040302,
600438.SH,20260304,18.16,18.16,18.16,18.16,0.0,0.0,18.16,0.0,0.0,20260305,通威股份,电气设备,主板,20040302,
600438.SH,20260305,18.16,18.16,18.16,18.16,0.0,0.0,18.16,0.0,0.0,20260306,通威股份,电气设备,主板,20040302,
600438.SH,20260306,18.16,18.16,18.16,18.16,0.0,0.0,18.16,0.0,0.0,20260309,通威股份,电气设备,主板,20040302,
600438.SH,20260309,18.16,18.16,18.16,18.16,0.0,0.0,18.16,0.0,0.0,20260310,通威股份,电气设备,主板,20040302,
600438.SH,20260310,18.16,18.16,18.16,18.16,0.0,0.0,18.16,0.0,0.0,20260311,通威股份,电气设备,主板,20040302,
600446.SH,20250116,17.55,17.55,17.55,17.55,0.0,0.0,17.55,0.0,0.0,20250117,金证股份,软件服务,主板,20031224,
600446.SH,20250117,17.55,17.55,17.55,17.55,0.0,0.0,17.55,0.0,0.0,20250120,金证股份,软件服务,主板,20031224,
600446.SH,20250120,17.55,17.55,17.55,17.55,0.0,0.0,17.55,0.0,0.0,20250121,金证股份,软件服务,主板,20031224,
600446.SH,20250121,17.55,17.55,17.55,17.55,0.0,0.0,17.55,0.0,0.0,20250122,金证股份,软件服务,主板,20031224,
600446.SH,20250122,17.55,17.55,17.55,17.55,0.0,0.0,17.55,0.0,0.0,20250123,金证股份,软件服务,主板,20031224,
600482.SH,20241028,23.56,23.56,23.56,23.56,0.0,0.0,23.56,0.0,0.0,20241029,中国动力,船舶,主板,20040714,
600482.SH,20241029,23.56,23.56,23.56,23.56,0.0,0.0,23.56,0.0,0.0,20241030,中国动力,船舶,主板,20040714,
600482.SH,20241030,23.56,23.56,23.56,23.56,0.0,0.0,23.56,0.0,0.0,20241031,中国动力,船舶,主板,20040714,
600482.SH,20241031,23.56,23.56,23.56,23.56,0.0,0.0,23.56,0.0,0.0,20241101,中国动力,船舶,主板,20040714,
600482.SH,20241101,23.56,23.56,23.56,23.56,0.0,0.0,23.56,0.0,0.0,20241104,中国动力,船舶,主板,20040714,
600482.SH,20241104,23.56,23.56,23.56,23.56,0.0,0.0,23.56,0.0,0.0,20241105,中国动力,船舶,主板,20040714,
600482.SH,20241105,23.56,23.56,23.56,23.56,0.0,0.0,23.56,0.0,0.0,20241106,中国动力,船舶,主板,20040714,
600482.SH,20241106,23.56,23.56,23.56,23.56,0.0,0.0,23.56,0.0,0.0,20241107,中国动力,船舶,主板,20040714,
600482.SH,20241107,23.56,23.56,23.56,23.56,0.0,0.0,23.56,0.0,0.0,20241108,中国动力,船舶,主板,20040714,
600482.SH,20241108,23.56,23.56,23.56,23.56,0.0,0.0,23.56,0.0,0.0,20241111,中国动力,船舶,主板,20040714,
600499.SH,20260115,14.78,14.78,14.78,14.78,0.0,0.0,14.78,0.0,0.0,20260116,科达制造,专用机械,主板,20021010,
600499.SH,20260116,14.78,14.78,14.78,14.78,0.0,0.0,14.78,0.0,0.0,20260119,科达制造,专用机械,主板,20021010,
600499.SH,20260119,14.78,14.78,14.78,14.78,0.0,0.0,14.78,0.0,0.0,20260120,科达制造,专用机械,主板,20021010,
600499.SH,20260120,14.78,14.78,14.78,14.78,0.0,0.0,14.78,0.0,0.0,20260121,科达制造,专用机械,主板,20021010,
600499.SH,20260121,14.78,14.78,14.78,14.78,0.0,0.0,14.78,0.0,0.0,20260122,科达制造,专用机械,主板,20021010,
600499.SH,20260122,14.78,14.78,14.78,14.78,0.0,0.0,14.78,0.0,0.0,20260123,科达制造,专用机械,主板,20021010,
600499.SH,20260123,14.78,14.78,14.78,14.78,0.0,0.0,14.78,0.0,0.0,20260126,科达制造,专用机械,主板,20021010,
600499.SH,20260126,14.78,14.78,14.78,14.78,0.0,0.0,14.78,0.0,0.0,20260127,科达制造,专用机械,主板,20021010,
600499.SH,20260127,14.78,14.78,14.78,14.78,0.0,0.0,14.78,0.0,0.0,20260128,科达制造,专用机械,主板,20021010,
600499.SH,20260128,14.78,14.78,14.78,14.78,0.0,0.0,14.78,0.0,0.0,20260129,科达制造,专用机械,主板,20021010,
600518.SH,20240703,1.93,1.93,1.93,1.93,0.0,0.0,1.93,0.0,0.0,20240704,康美药业,中成药,主板,20010319,
600566.SH,20250718,27.6,27.6,27.6,27.6,0.0,0.0,27.6,0.0,0.0,20250721,济川药业,中成药,主板,20010822,
600575.SH,20241217,4.33,4.33,4.33,4.33,0.0,0.0,4.33,0.0,0.0,20241218,淮河能源,火力发电,主板,20030328,
600575.SH,20241218,4.33,4.33,4.33,4.33,0.0,0.0,4.33,0.0,0.0,20241219,淮河能源,火力发电,主板,20030328,
600575.SH,20241219,4.33,4.33,4.33,4.33,0.0,0.0,4.33,0.0,0.0,20241220,淮河能源,火力发电,主板,20030328,
600575.SH,20241220,4.33,4.33,4.33,4.33,0.0,0.0,4.33,0.0,0.0,20241223,淮河能源,火力发电,主板,20030328,
600575.SH,20241223,4.33,4.33,4.33,4.33,0.0,0.0,4.33,0.0,0.0,20241224,淮河能源,火力发电,主板,20030328,
600575.SH,20241224,4.33,4.33,4.33,4.33,0.0,0.0,4.33,0.0,0.0,20241225,淮河能源,火力发电,主板,20030328,
600575.SH,20241225,4.33,4.33,4.33,4.33,0.0,0.0,4.33,0.0,0.0,20241226,淮河能源,火力发电,主板,20030328,
600575.SH,20241226,4.33,4.33,4.33,4.33,0.0,0.0,4.33,0.0,0.0,20241227,淮河能源,火力发电,主板,20030328,
600575.SH,20241227,4.33,4.33,4.33,4.33,0.0,0.0,4.33,0.0,0.0,20241230,淮河能源,火力发电,主板,20030328,
600575.SH,20241230,4.33,4.33,4.33,4.33,0.0,0.0,4.33,0.0,0.0,20241231,淮河能源,火力发电,主板,20030328,
600589.SH,20240613,4.04,4.04,4.04,4.04,0.0,0.0,4.04,0.0,0.0,20240614,大位科技,软件服务,主板,20010612,
600590.SH,20250324,9.55,9.55,9.55,9.55,0.0,0.0,9.55,0.0,0.0,20250325,泰豪科技,通信设备,主板,20020703,
600590.SH,20250325,9.55,9.55,9.55,9.55,0.0,0.0,9.55,0.0,0.0,20250326,泰豪科技,通信设备,主板,20020703,
600590.SH,20250326,9.55,9.55,9.55,9.55,0.0,0.0,9.55,0.0,0.0,20250327,泰豪科技,通信设备,主板,20020703,
600590.SH,20250327,9.55,9.55,9.55,9.55,0.0,0.0,9.55,0.0,0.0,20250328,泰豪科技,通信设备,主板,20020703,
600590.SH,20250328,9.55,9.55,9.55,9.55,0.0,0.0,9.55,0.0,0.0,20250331,泰豪科技,通信设备,主板,20020703,
600590.SH,20250331,9.55,9.55,9.55,9.55,0.0,0.0,9.55,0.0,0.0,20250401,泰豪科技,通信设备,主板,20020703,
600590.SH,20250401,9.55,9.55,9.55,9.55,0.0,0.0,9.55,0.0,0.0,20250402,泰豪科技,通信设备,主板,20020703,
600590.SH,20250402,9.55,9.55,9.55,9.55,0.0,0.0,9.55,0.0,0.0,20250403,泰豪科技,通信设备,主板,20020703,
600590.SH,20250403,9.55,9.55,9.55,9.55,0.0,0.0,9.55,0.0,0.0,20250407,泰豪科技,通信设备,主板,20020703,
600590.SH,20250407,9.55,9.55,9.55,9.55,0.0,0.0,9.55,0.0,0.0,20250408,泰豪科技,通信设备,主板,20020703,
600593.SH,20250722,34.3,34.3,34.3,34.3,0.0,0.0,34.3,0.0,0.0,20250723,大连圣亚,旅游景点,主板,20020711,
600593.SH,20250723,34.3,34.3,34.3,34.3,0.0,0.0,34.3,0.0,0.0,20250724,大连圣亚,旅游景点,主板,20020711,
600593.SH,20250724,34.3,34.3,34.3,34.3,0.0,0.0,34.3,0.0,0.0,20250725,大连圣亚,旅游景点,主板,20020711,
600593.SH,20250725,34.3,34.3,34.3,34.3,0.0,0.0,34.3,0.0,0.0,20250728,大连圣亚,旅游景点,主板,20020711,
600593.SH,20250728,34.3,34.3,34.3,34.3,0.0,0.0,34.3,0.0,0.0,20250729,大连圣亚,旅游景点,主板,20020711,
600641.SH,20241128,20.65,20.65,20.65,20.65,0.0,0.0,20.65,0.0,0.0,20241129,先导基电,半导体,主板,19930407,
600654.SH,20240625,2.34,2.34,2.34,2.34,0.0,0.0,2.34,0.0,0.0,20240626,中安科,仓储物流,主板,19901219,
600666.SH,20240819,1.62,1.62,1.62,1.62,0.0,0.0,1.62,0.0,0.0,20240820,奥瑞德,元器件,主板,19930712,
600673.SH,20260224,37.8,37.8,37.8,37.8,0.0,0.0,37.8,0.0,0.0,20260225,东阳光,综合类,主板,19930917,
600673.SH,20260225,37.8,37.8,37.8,37.8,0.0,0.0,37.8,0.0,0.0,20260226,东阳光,综合类,主板,19930917,
600673.SH,20260226,37.8,37.8,37.8,37.8,0.0,0.0,37.8,0.0,0.0,20260227,东阳光,综合类,主板,19930917,
600673.SH,20260227,37.8,37.8,37.8,37.8,0.0,0.0,37.8,0.0,0.0,20260302,东阳光,综合类,主板,19930917,
600673.SH,20260302,37.8,37.8,37.8,37.8,0.0,0.0,37.8,0.0,0.0,20260303,东阳光,综合类,主板,19930917,
600673.SH,20260303,37.8,37.8,37.8,37.8,0.0,0.0,37.8,0.0,0.0,20260304,东阳光,综合类,主板,19930917,
600673.SH,20260304,37.8,37.8,37.8,37.8,0.0,0.0,37.8,0.0,0.0,20260305,东阳光,综合类,主板,19930917,
600673.SH,20260305,37.8,37.8,37.8,37.8,0.0,0.0,37.8,0.0,0.0,20260306,东阳光,综合类,主板,19930917,
600673.SH,20260306,37.8,37.8,37.8,37.8,0.0,0.0,37.8,0.0,0.0,20260309,东阳光,综合类,主板,19930917,
600711.SH,20240731,4.76,4.76,4.76,4.76,0.0,0.0,4.76,0.0,0.0,20240801,盛屯矿业,小金属,主板,19960531,
600711.SH,20250813,7.91,7.91,7.91,7.91,0.0,0.0,7.91,0.0,0.0,20250814,盛屯矿业,小金属,主板,19960531,
600718.SH,20241217,10.49,10.49,10.49,10.49,0.0,0.0,10.49,0.0,0.0,20241218,东软集团,软件服务,主板,19960618,
600718.SH,20241218,10.49,10.49,10.49,10.49,0.0,0.0,10.49,0.0,0.0,20241219,东软集团,软件服务,主板,19960618,
600718.SH,20241219,10.49,10.49,10.49,10.49,0.0,0.0,10.49,0.0,0.0,20241220,东软集团,软件服务,主板,19960618,
600718.SH,20241220,10.49,10.49,10.49,10.49,0.0,0.0,10.49,0.0,0.0,20241223,东软集团,软件服务,主板,19960618,
600718.SH,20241223,10.49,10.49,10.49,10.49,0.0,0.0,10.49,0.0,0.0,20241224,东软集团,软件服务,主板,19960618,
600718.SH,20241224,10.49,10.49,10.49,10.49,0.0,0.0,10.49,0.0,0.0,20241225,东软集团,软件服务,主板,19960618,
600718.SH,20241225,10.49,10.49,10.49,10.49,0.0,0.0,10.49,0.0,0.0,20241226,东软集团,软件服务,主板,19960618,
600718.SH,20241226,10.49,10.49,10.49,10.49,0.0,0.0,10.49,0.0,0.0,20241227,东软集团,软件服务,主板,19960618,
600718.SH,20241227,10.49,10.49,10.49,10.49,0.0,0.0,10.49,0.0,0.0,20241230,东软集团,软件服务,主板,19960618,
600718.SH,20241230,10.49,10.49,10.49,10.49,0.0,0.0,10.49,0.0,0.0,20241231,东软集团,软件服务,主板,19960618,
600721.SH,20251229,12.24,12.24,12.24,12.24,0.0,0.0,12.24,0.0,0.0,20251230,百花医药,生物制药,主板,19960626,
600721.SH,20251230,12.24,12.24,12.24,12.24,0.0,0.0,12.24,0.0,0.0,20251231,百花医药,生物制药,主板,19960626,
600721.SH,20251231,12.24,12.24,12.24,12.24,0.0,0.0,12.24,0.0,0.0,20260105,百花医药,生物制药,主板,19960626,
600721.SH,20260105,12.24,12.24,12.24,12.24,0.0,0.0,12.24,0.0,0.0,20260106,百花医药,生物制药,主板,19960626,
600721.SH,20260106,12.24,12.24,12.24,12.24,0.0,0.0,12.24,0.0,0.0,20260107,百花医药,生物制药,主板,19960626,
600721.SH,20260331,10.18,10.18,10.18,10.18,0.0,0.0,10.18,0.0,0.0,20260401,百花医药,生物制药,主板,19960626,
600721.SH,20260401,10.18,10.18,10.18,10.18,0.0,0.0,10.18,0.0,0.0,20260402,百花医药,生物制药,主板,19960626,
600721.SH,20260402,10.18,10.18,10.18,10.18,0.0,0.0,10.18,0.0,0.0,20260403,百花医药,生物制药,主板,19960626,
600721.SH,20260403,10.18,10.18,10.18,10.18,0.0,0.0,10.18,0.0,0.0,20260407,百花医药,生物制药,主板,19960626,
600721.SH,20260407,10.18,10.18,10.18,10.18,0.0,0.0,10.18,0.0,0.0,20260408,百花医药,生物制药,主板,19960626,
600725.SH,20241209,3.74,3.74,3.74,3.74,0.0,0.0,3.74,0.0,0.0,20241210,云维股份,商贸代理,主板,19960702,
600725.SH,20241210,3.74,3.74,3.74,3.74,0.0,0.0,3.74,0.0,0.0,20241211,云维股份,商贸代理,主板,19960702,
600725.SH,20241211,3.74,3.74,3.74,3.74,0.0,0.0,3.74,0.0,0.0,20241212,云维股份,商贸代理,主板,19960702,
600725.SH,20241212,3.74,3.74,3.74,3.74,0.0,0.0,3.74,0.0,0.0,20241213,云维股份,商贸代理,主板,19960702,
600725.SH,20241213,3.74,3.74,3.74,3.74,0.0,0.0,3.74,0.0,0.0,20241216,云维股份,商贸代理,主板,19960702,
600725.SH,20241216,3.74,3.74,3.74,3.74,0.0,0.0,3.74,0.0,0.0,20241217,云维股份,商贸代理,主板,19960702,
600725.SH,20241217,3.74,3.74,3.74,3.74,0.0,0.0,3.74,0.0,0.0,20241218,云维股份,商贸代理,主板,19960702,
600725.SH,20241218,3.74,3.74,3.74,3.74,0.0,0.0,3.74,0.0,0.0,20241219,云维股份,商贸代理,主板,19960702,
600725.SH,20241219,3.74,3.74,3.74,3.74,0.0,0.0,3.74,0.0,0.0,20241220,云维股份,商贸代理,主板,19960702,
600725.SH,20241220,3.74,3.74,3.74,3.74,0.0,0.0,3.74,0.0,0.0,20241223,云维股份,商贸代理,主板,19960702,
600800.SH,20251208,5.05,5.05,5.05,5.05,0.0,0.0,5.05,0.0,0.0,20251209,渤海化学,化工原料,主板,19931206,
600800.SH,20251209,5.05,5.05,5.05,5.05,0.0,0.0,5.05,0.0,0.0,20251210,渤海化学,化工原料,主板,19931206,
600800.SH,20251210,5.05,5.05,5.05,5.05,0.0,0.0,5.05,0.0,0.0,20251211,渤海化学,化工原料,主板,19931206,
600800.SH,20251211,5.05,5.05,5.05,5.05,0.0,0.0,5.05,0.0,0.0,20251212,渤海化学,化工原料,主板,19931206,
600800.SH,20251212,5.05,5.05,5.05,5.05,0.0,0.0,5.05,0.0,0.0,20251215,渤海化学,化工原料,主板,19931206,
600800.SH,20251215,5.05,5.05,5.05,5.05,0.0,0.0,5.05,0.0,0.0,20251216,渤海化学,化工原料,主板,19931206,
600800.SH,20251216,5.05,5.05,5.05,5.05,0.0,0.0,5.05,0.0,0.0,20251217,渤海化学,化工原料,主板,19931206,
600800.SH,20251217,5.05,5.05,5.05,5.05,0.0,0.0,5.05,0.0,0.0,20251218,渤海化学,化工原料,主板,19931206,
600800.SH,20251218,5.05,5.05,5.05,5.05,0.0,0.0,5.05,0.0,0.0,20251219,渤海化学,化工原料,主板,19931206,
600800.SH,20251219,5.05,5.05,5.05,5.05,0.0,0.0,5.05,0.0,0.0,20251222,渤海化学,化工原料,主板,19931206,
600803.SH,20250319,19.65,19.65,19.65,19.65,0.0,0.0,19.65,0.0,0.0,20250320,新奥股份,供气供热,主板,19940103,
600803.SH,20250320,19.65,19.65,19.65,19.65,0.0,0.0,19.65,0.0,0.0,20250321,新奥股份,供气供热,主板,19940103,
600803.SH,20250321,19.65,19.65,19.65,19.65,0.0,0.0,19.65,0.0,0.0,20250324,新奥股份,供气供热,主板,19940103,
600803.SH,20250324,19.65,19.65,19.65,19.65,0.0,0.0,19.65,0.0,0.0,20250325,新奥股份,供气供热,主板,19940103,
600803.SH,20250325,19.65,19.65,19.65,19.65,0.0,0.0,19.65,0.0,0.0,20250326,新奥股份,供气供热,主板,19940103,
600803.SH,20250326,19.65,19.65,19.65,19.65,0.0,0.0,19.65,0.0,0.0,20250327,新奥股份,供气供热,主板,19940103,
600843.SH,20241128,15.33,15.33,15.33,15.33,0.0,0.0,15.33,0.0,0.0,20241129,上工申贝,纺织机械,主板,19940311,
600863.SH,20250211,4.13,4.13,4.13,4.13,0.0,0.0,4.13,0.0,0.0,20250212,华能蒙电,火力发电,主板,19940520,
600863.SH,20250212,4.13,4.13,4.13,4.13,0.0,0.0,4.13,0.0,0.0,20250213,华能蒙电,火力发电,主板,19940520,
600863.SH,20250213,4.13,4.13,4.13,4.13,0.0,0.0,4.13,0.0,0.0,20250214,华能蒙电,火力发电,主板,19940520,
600863.SH,20250214,4.13,4.13,4.13,4.13,0.0,0.0,4.13,0.0,0.0,20250217,华能蒙电,火力发电,主板,19940520,
600863.SH,20250217,4.13,4.13,4.13,4.13,0.0,0.0,4.13,0.0,0.0,20250218,华能蒙电,火力发电,主板,19940520,
600863.SH,20250218,4.13,4.13,4.13,4.13,0.0,0.0,4.13,0.0,0.0,20250219,华能蒙电,火力发电,主板,19940520,
600863.SH,20250219,4.13,4.13,4.13,4.13,0.0,0.0,4.13,0.0,0.0,20250220,华能蒙电,火力发电,主板,19940520,
600863.SH,20250220,4.13,4.13,4.13,4.13,0.0,0.0,4.13,0.0,0.0,20250221,华能蒙电,火力发电,主板,19940520,
600933.SH,20250106,15.16,15.16,15.16,15.16,0.0,0.0,15.16,0.0,0.0,20250107,爱柯迪,汽车配件,主板,20171117,
600933.SH,20250107,15.16,15.16,15.16,15.16,0.0,0.0,15.16,0.0,0.0,20250108,爱柯迪,汽车配件,主板,20171117,
600933.SH,20250108,15.16,15.16,15.16,15.16,0.0,0.0,15.16,0.0,0.0,20250109,爱柯迪,汽车配件,主板,20171117,
600933.SH,20250109,15.16,15.16,15.16,15.16,0.0,0.0,15.16,0.0,0.0,20250110,爱柯迪,汽车配件,主板,20171117,
600933.SH,20250110,15.16,15.16,15.16,15.16,0.0,0.0,15.16,0.0,0.0,20250113,爱柯迪,汽车配件,主板,20171117,
600933.SH,20250113,15.16,15.16,15.16,15.16,0.0,0.0,15.16,0.0,0.0,20250114,爱柯迪,汽车配件,主板,20171117,
600933.SH,20250114,15.16,15.16,15.16,15.16,0.0,0.0,15.16,0.0,0.0,20250115,爱柯迪,汽车配件,主板,20171117,
600933.SH,20250115,15.16,15.16,15.16,15.16,0.0,0.0,15.16,0.0,0.0,20250116,爱柯迪,汽车配件,主板,20171117,
600958.SH,20260420,9.34,9.34,9.34,9.34,0.0,0.0,9.34,0.0,0.0,20260421,东方证券,证券,主板,20150323,
600958.SH,20260421,9.34,9.34,9.34,9.34,0.0,0.0,9.34,0.0,0.0,20260422,东方证券,证券,主板,20150323,
600958.SH,20260422,9.34,9.34,9.34,9.34,0.0,0.0,9.34,0.0,0.0,20260423,东方证券,证券,主板,20150323,
600958.SH,20260423,9.34,9.34,9.34,9.34,0.0,0.0,9.34,0.0,0.0,20260424,东方证券,证券,主板,20150323,
600958.SH,20260424,9.34,9.34,9.34,9.34,0.0,0.0,9.34,0.0,0.0,20260427,东方证券,证券,主板,20150323,
600958.SH,20260427,9.34,9.34,9.34,9.34,0.0,0.0,9.34,0.0,0.0,20260428,东方证券,证券,主板,20150323,
600958.SH,20260428,9.34,9.34,9.34,9.34,0.0,0.0,9.34,0.0,0.0,20260429,东方证券,证券,主板,20150323,
600958.SH,20260429,9.34,9.34,9.34,9.34,0.0,0.0,9.34,0.0,0.0,20260430,东方证券,证券,主板,20150323,
600958.SH,20260430,9.34,9.34,9.34,9.34,0.0,0.0,9.34,0.0,0.0,20260506,东方证券,证券,主板,20150323,
600958.SH,20260506,9.34,9.34,9.34,9.34,0.0,0.0,9.34,0.0,0.0,20260507,东方证券,证券,主板,20150323,
600960.SH,20250603,4.59,4.59,4.59,4.59,0.0,0.0,4.59,0.0,0.0,20250604,渤海汽车,汽车配件,主板,20040407,
600960.SH,20250604,4.59,4.59,4.59,4.59,0.0,0.0,4.59,0.0,0.0,20250605,渤海汽车,汽车配件,主板,20040407,
600960.SH,20250605,4.59,4.59,4.59,4.59,0.0,0.0,4.59,0.0,0.0,20250606,渤海汽车,汽车配件,主板,20040407,
600960.SH,20250606,4.59,4.59,4.59,4.59,0.0,0.0,4.59,0.0,0.0,20250609,渤海汽车,汽车配件,主板,20040407,
600960.SH,20250609,4.59,4.59,4.59,4.59,0.0,0.0,4.59,0.0,0.0,20250610,渤海汽车,汽车配件,主板,20040407,
600960.SH,20250610,4.59,4.59,4.59,4.59,0.0,0.0,4.59,0.0,0.0,20250611,渤海汽车,汽车配件,主板,20040407,
600960.SH,20250611,4.59,4.59,4.59,4.59,0.0,0.0,4.59,0.0,0.0,20250612,渤海汽车,汽车配件,主板,20040407,
600960.SH,20250612,4.59,4.59,4.59,4.59,0.0,0.0,4.59,0.0,0.0,20250613,渤海汽车,汽车配件,主板,20040407,
600960.SH,20250613,4.59,4.59,4.59,4.59,0.0,0.0,4.59,0.0,0.0,20250616,渤海汽车,汽车配件,主板,20040407,
600960.SH,20250616,4.59,4.59,4.59,4.59,0.0,0.0,4.59,0.0,0.0,20250617,渤海汽车,汽车配件,主板,20040407,
600988.SH,20260319,40.82,40.82,40.82,40.82,0.0,0.0,40.82,0.0,0.0,20260320,赤峰黄金,黄金,主板,20040414,
600988.SH,20260320,40.82,40.82,40.82,40.82,0.0,0.0,40.82,0.0,0.0,20260323,赤峰黄金,黄金,主板,20040414,
601020.SH,20260403,27.85,27.85,27.85,27.85,0.0,0.0,27.85,0.0,0.0,20260407,华钰矿业,铅锌,主板,20160316,
601020.SH,20260407,27.85,27.85,27.85,27.85,0.0,0.0,27.85,0.0,0.0,20260408,华钰矿业,铅锌,主板,20160316,
601020.SH,20260408,27.85,27.85,27.85,27.85,0.0,0.0,27.85,0.0,0.0,20260409,华钰矿业,铅锌,主板,20160316,
601020.SH,20260409,27.85,27.85,27.85,27.85,0.0,0.0,27.85,0.0,0.0,20260410,华钰矿业,铅锌,主板,20160316,
601020.SH,20260410,27.85,27.85,27.85,27.85,0.0,0.0,27.85,0.0,0.0,20260413,华钰矿业,铅锌,主板,20160316,
601059.SH,20251120,17.79,17.79,17.79,17.79,0.0,0.0,17.79,0.0,0.0,20251121,信达证券,证券,主板,20230201,
601059.SH,20251121,17.79,17.79,17.79,17.79,0.0,0.0,17.79,0.0,0.0,20251124,信达证券,证券,主板,20230201,
601059.SH,20251124,17.79,17.79,17.79,17.79,0.0,0.0,17.79,0.0,0.0,20251125,信达证券,证券,主板,20230201,
601059.SH,20251125,17.79,17.79,17.79,17.79,0.0,0.0,17.79,0.0,0.0,20251126,信达证券,证券,主板,20230201,
601059.SH,20251126,17.79,17.79,17.79,17.79,0.0,0.0,17.79,0.0,0.0,20251127,信达证券,证券,主板,20230201,
601059.SH,20251127,17.79,17.79,17.79,17.79,0.0,0.0,17.79,0.0,0.0,20251128,信达证券,证券,主板,20230201,
601059.SH,20251128,17.79,17.79,17.79,17.79,0.0,0.0,17.79,0.0,0.0,20251201,信达证券,证券,主板,20230201,
601059.SH,20251201,17.79,17.79,17.79,17.79,0.0,0.0,17.79,0.0,0.0,20251202,信达证券,证券,主板,20230201,
601059.SH,20251202,17.79,17.79,17.79,17.79,0.0,0.0,17.79,0.0,0.0,20251203,信达证券,证券,主板,20230201,
601059.SH,20251203,17.79,17.79,17.79,17.79,0.0,0.0,17.79,0.0,0.0,20251204,信达证券,证券,主板,20230201,
601059.SH,20251204,17.79,17.79,17.79,17.79,0.0,0.0,17.79,0.0,0.0,20251205,信达证券,证券,主板,20230201,
601059.SH,20251205,17.79,17.79,17.79,17.79,0.0,0.0,17.79,0.0,0.0,20251208,信达证券,证券,主板,20230201,
601059.SH,20251208,17.79,17.79,17.79,17.79,0.0,0.0,17.79,0.0,0.0,20251209,信达证券,证券,主板,20230201,
601059.SH,20251209,17.79,17.79,17.79,17.79,0.0,0.0,17.79,0.0,0.0,20251210,信达证券,证券,主板,20230201,
601059.SH,20251210,17.79,17.79,17.79,17.79,0.0,0.0,17.79,0.0,0.0,20251211,信达证券,证券,主板,20230201,
601059.SH,20251211,17.79,17.79,17.79,17.79,0.0,0.0,17.79,0.0,0.0,20251212,信达证券,证券,主板,20230201,
601059.SH,20251212,17.79,17.79,17.79,17.79,0.0,0.0,17.79,0.0,0.0,20251215,信达证券,证券,主板,20230201,
601059.SH,20251215,17.79,17.79,17.79,17.79,0.0,0.0,17.79,0.0,0.0,20251216,信达证券,证券,主板,20230201,
601059.SH,20251216,17.79,17.79,17.79,17.79,0.0,0.0,17.79,0.0,0.0,20251217,信达证券,证券,主板,20230201,
601059.SH,20251217,17.79,17.79,17.79,17.79,0.0,0.0,17.79,0.0,0.0,20251218,信达证券,证券,主板,20230201,
601088.SH,20250804,37.56,37.56,37.56,37.56,0.0,0.0,37.56,0.0,0.0,20250805,中国神华,煤炭开采,主板,20071009,
601088.SH,20250805,37.56,37.56,37.56,37.56,0.0,0.0,37.56,0.0,0.0,20250806,中国神华,煤炭开采,主板,20071009,
601088.SH,20250806,37.56,37.56,37.56,37.56,0.0,0.0,37.56,0.0,0.0,20250807,中国神华,煤炭开采,主板,20071009,
601088.SH,20250807,37.56,37.56,37.56,37.56,0.0,0.0,37.56,0.0,0.0,20250808,中国神华,煤炭开采,主板,20071009,
601088.SH,20250808,37.56,37.56,37.56,37.56,0.0,0.0,37.56,0.0,0.0,20250811,中国神华,煤炭开采,主板,20071009,
601088.SH,20250811,37.56,37.56,37.56,37.56,0.0,0.0,37.56,0.0,0.0,20250812,中国神华,煤炭开采,主板,20071009,
601088.SH,20250812,37.56,37.56,37.56,37.56,0.0,0.0,37.56,0.0,0.0,20250813,中国神华,煤炭开采,主板,20071009,
601088.SH,20250813,37.56,37.56,37.56,37.56,0.0,0.0,37.56,0.0,0.0,20250814,中国神华,煤炭开采,主板,20071009,
601088.SH,20250814,37.56,37.56,37.56,37.56,0.0,0.0,37.56,0.0,0.0,20250815,中国神华,煤炭开采,主板,20071009,
601088.SH,20250815,37.56,37.56,37.56,37.56,0.0,0.0,37.56,0.0,0.0,20250818,中国神华,煤炭开采,主板,20071009,
601121.SH,20250107,6.71,6.71,6.71,6.71,0.0,0.0,6.71,0.0,0.0,20250108,宝地矿业,普钢,主板,20230310,
601121.SH,20250108,6.71,6.71,6.71,6.71,0.0,0.0,6.71,0.0,0.0,20250109,宝地矿业,普钢,主板,20230310,
601121.SH,20250109,6.71,6.71,6.71,6.71,0.0,0.0,6.71,0.0,0.0,20250110,宝地矿业,普钢,主板,20230310,
601121.SH,20250110,6.71,6.71,6.71,6.71,0.0,0.0,6.71,0.0,0.0,20250113,宝地矿业,普钢,主板,20230310,
601133.SH,20250930,13.38,13.38,13.38,13.38,0.0,0.0,13.38,0.0,0.0,20251009,柏诚股份,建筑工程,主板,20230410,
601133.SH,20251009,13.38,13.38,13.38,13.38,0.0,0.0,13.38,0.0,0.0,20251010,柏诚股份,建筑工程,主板,20230410,
601133.SH,20251010,13.38,13.38,13.38,13.38,0.0,0.0,13.38,0.0,0.0,20251013,柏诚股份,建筑工程,主板,20230410,
601198.SH,20251120,13.13,13.13,13.13,13.13,0.0,0.0,13.13,0.0,0.0,20251121,东兴证券,证券,主板,20150226,
601198.SH,20251121,13.13,13.13,13.13,13.13,0.0,0.0,13.13,0.0,0.0,20251124,东兴证券,证券,主板,20150226,
601198.SH,20251124,13.13,13.13,13.13,13.13,0.0,0.0,13.13,0.0,0.0,20251125,东兴证券,证券,主板,20150226,
601198.SH,20251125,13.13,13.13,13.13,13.13,0.0,0.0,13.13,0.0,0.0,20251126,东兴证券,证券,主板,20150226,
601198.SH,20251126,13.13,13.13,13.13,13.13,0.0,0.0,13.13,0.0,0.0,20251127,东兴证券,证券,主板,20150226,
601198.SH,20251127,13.13,13.13,13.13,13.13,0.0,0.0,13.13,0.0,0.0,20251128,东兴证券,证券,主板,20150226,
601198.SH,20251128,13.13,13.13,13.13,13.13,0.0,0.0,13.13,0.0,0.0,20251201,东兴证券,证券,主板,20150226,
601198.SH,20251201,13.13,13.13,13.13,13.13,0.0,0.0,13.13,0.0,0.0,20251202,东兴证券,证券,主板,20150226,
601198.SH,20251202,13.13,13.13,13.13,13.13,0.0,0.0,13.13,0.0,0.0,20251203,东兴证券,证券,主板,20150226,
601198.SH,20251203,13.13,13.13,13.13,13.13,0.0,0.0,13.13,0.0,0.0,20251204,东兴证券,证券,主板,20150226,
601198.SH,20251204,13.13,13.13,13.13,13.13,0.0,0.0,13.13,0.0,0.0,20251205,东兴证券,证券,主板,20150226,
601198.SH,20251205,13.13,13.13,13.13,13.13,0.0,0.0,13.13,0.0,0.0,20251208,东兴证券,证券,主板,20150226,
601198.SH,20251208,13.13,13.13,13.13,13.13,0.0,0.0,13.13,0.0,0.0,20251209,东兴证券,证券,主板,20150226,
601198.SH,20251209,13.13,13.13,13.13,13.13,0.0,0.0,13.13,0.0,0.0,20251210,东兴证券,证券,主板,20150226,
601198.SH,20251210,13.13,13.13,13.13,13.13,0.0,0.0,13.13,0.0,0.0,20251211,东兴证券,证券,主板,20150226,
601198.SH,20251211,13.13,13.13,13.13,13.13,0.0,0.0,13.13,0.0,0.0,20251212,东兴证券,证券,主板,20150226,
601198.SH,20251212,13.13,13.13,13.13,13.13,0.0,0.0,13.13,0.0,0.0,20251215,东兴证券,证券,主板,20150226,
601198.SH,20251215,13.13,13.13,13.13,13.13,0.0,0.0,13.13,0.0,0.0,20251216,东兴证券,证券,主板,20150226,
601198.SH,20251216,13.13,13.13,13.13,13.13,0.0,0.0,13.13,0.0,0.0,20251217,东兴证券,证券,主板,20150226,
601198.SH,20251217,13.13,13.13,13.13,13.13,0.0,0.0,13.13,0.0,0.0,20251218,东兴证券,证券,主板,20150226,
601211.SH,20240906,14.7,14.7,14.7,14.7,0.0,0.0,14.7,0.0,0.0,20240909,国泰海通,证券,主板,20150626,
601211.SH,20240909,14.7,14.7,14.7,14.7,0.0,0.0,14.7,0.0,0.0,20240910,国泰海通,证券,主板,20150626,
601211.SH,20240910,14.7,14.7,14.7,14.7,0.0,0.0,14.7,0.0,0.0,20240911,国泰海通,证券,主板,20150626,
601211.SH,20240911,14.7,14.7,14.7,14.7,0.0,0.0,14.7,0.0,0.0,20240912,国泰海通,证券,主板,20150626,
601211.SH,20240912,14.7,14.7,14.7,14.7,0.0,0.0,14.7,0.0,0.0,20240913,国泰海通,证券,主板,20150626,
601211.SH,20240913,14.7,14.7,14.7,14.7,0.0,0.0,14.7,0.0,0.0,20240918,国泰海通,证券,主板,20150626,
601211.SH,20240918,14.7,14.7,14.7,14.7,0.0,0.0,14.7,0.0,0.0,20240919,国泰海通,证券,主板,20150626,
601211.SH,20240919,14.7,14.7,14.7,14.7,0.0,0.0,14.7,0.0,0.0,20240920,国泰海通,证券,主板,20150626,
601211.SH,20240920,14.7,14.7,14.7,14.7,0.0,0.0,14.7,0.0,0.0,20240923,国泰海通,证券,主板,20150626,
601211.SH,20240923,14.7,14.7,14.7,14.7,0.0,0.0,14.7,0.0,0.0,20240924,国泰海通,证券,主板,20150626,
601211.SH,20240924,14.7,14.7,14.7,14.7,0.0,0.0,14.7,0.0,0.0,20240925,国泰海通,证券,主板,20150626,
601211.SH,20240925,14.7,14.7,14.7,14.7,0.0,0.0,14.7,0.0,0.0,20240926,国泰海通,证券,主板,20150626,
601211.SH,20240926,14.7,14.7,14.7,14.7,0.0,0.0,14.7,0.0,0.0,20240927,国泰海通,证券,主板,20150626,
601211.SH,20240927,14.7,14.7,14.7,14.7,0.0,0.0,14.7,0.0,0.0,20240930,国泰海通,证券,主板,20150626,
601211.SH,20240930,14.7,14.7,14.7,14.7,0.0,0.0,14.7,0.0,0.0,20241008,国泰海通,证券,主板,20150626,
601211.SH,20241008,14.7,14.7,14.7,14.7,0.0,0.0,14.7,0.0,0.0,20241009,国泰海通,证券,主板,20150626,
601211.SH,20241009,14.7,14.7,14.7,14.7,0.0,0.0,14.7,0.0,0.0,20241010,国泰海通,证券,主板,20150626,
601211.SH,20250206,17.78,17.78,17.78,17.78,0.0,0.0,17.78,0.0,0.0,20250207,国泰海通,证券,主板,20150626,
601211.SH,20250207,17.78,17.78,17.78,17.78,0.0,0.0,17.78,0.0,0.0,20250210,国泰海通,证券,主板,20150626,
601298.SH,20240710,9.89,9.89,9.89,9.89,0.0,0.0,9.89,0.0,0.0,20240711,青岛港,港口,主板,20190121,
601298.SH,20240711,9.89,9.89,9.89,9.89,0.0,0.0,9.89,0.0,0.0,20240712,青岛港,港口,主板,20190121,
601298.SH,20240712,9.89,9.89,9.89,9.89,0.0,0.0,9.89,0.0,0.0,20240715,青岛港,港口,主板,20190121,
601500.SH,20250327,5.54,5.54,5.54,5.54,0.0,0.0,5.54,0.0,0.0,20250328,通用股份,汽车配件,主板,20160919,
601500.SH,20250328,5.54,5.54,5.54,5.54,0.0,0.0,5.54,0.0,0.0,20250331,通用股份,汽车配件,主板,20160919,
601500.SH,20250331,5.54,5.54,5.54,5.54,0.0,0.0,5.54,0.0,0.0,20250401,通用股份,汽车配件,主板,20160919,
601500.SH,20250401,5.54,5.54,5.54,5.54,0.0,0.0,5.54,0.0,0.0,20250402,通用股份,汽车配件,主板,20160919,
601519.SH,20250317,9.01,9.01,9.01,9.01,0.0,0.0,9.01,0.0,0.0,20250318,大智慧,软件服务,主板,20110128,
601519.SH,20250318,9.01,9.01,9.01,9.01,0.0,0.0,9.01,0.0,0.0,20250319,大智慧,软件服务,主板,20110128,
601519.SH,20250319,9.01,9.01,9.01,9.01,0.0,0.0,9.01,0.0,0.0,20250320,大智慧,软件服务,主板,20110128,
601519.SH,20250320,9.01,9.01,9.01,9.01,0.0,0.0,9.01,0.0,0.0,20250321,大智慧,软件服务,主板,20110128,
601519.SH,20250321,9.01,9.01,9.01,9.01,0.0,0.0,9.01,0.0,0.0,20250324,大智慧,软件服务,主板,20110128,
601519.SH,20250324,9.01,9.01,9.01,9.01,0.0,0.0,9.01,0.0,0.0,20250325,大智慧,软件服务,主板,20110128,
601519.SH,20250325,9.01,9.01,9.01,9.01,0.0,0.0,9.01,0.0,0.0,20250326,大智慧,软件服务,主板,20110128,
601519.SH,20250326,9.01,9.01,9.01,9.01,0.0,0.0,9.01,0.0,0.0,20250327,大智慧,软件服务,主板,20110128,
601519.SH,20250327,9.01,9.01,9.01,9.01,0.0,0.0,9.01,0.0,0.0,20250328,大智慧,软件服务,主板,20110128,
601519.SH,20250328,9.01,9.01,9.01,9.01,0.0,0.0,9.01,0.0,0.0,20250331,大智慧,软件服务,主板,20110128,
601555.SH,20260302,9.29,9.29,9.29,9.29,0.0,0.0,9.29,0.0,0.0,20260303,东吴证券,证券,主板,20111212,
601555.SH,20260303,9.29,9.29,9.29,9.29,0.0,0.0,9.29,0.0,0.0,20260304,东吴证券,证券,主板,20111212,
601555.SH,20260304,9.29,9.29,9.29,9.29,0.0,0.0,9.29,0.0,0.0,20260305,东吴证券,证券,主板,20111212,
601555.SH,20260305,9.29,9.29,9.29,9.29,0.0,0.0,9.29,0.0,0.0,20260306,东吴证券,证券,主板,20111212,
601555.SH,20260306,9.29,9.29,9.29,9.29,0.0,0.0,9.29,0.0,0.0,20260309,东吴证券,证券,主板,20111212,
601555.SH,20260309,9.29,9.29,9.29,9.29,0.0,0.0,9.29,0.0,0.0,20260310,东吴证券,证券,主板,20111212,
601555.SH,20260310,9.29,9.29,9.29,9.29,0.0,0.0,9.29,0.0,0.0,20260311,东吴证券,证券,主板,20111212,
601555.SH,20260311,9.29,9.29,9.29,9.29,0.0,0.0,9.29,0.0,0.0,20260312,东吴证券,证券,主板,20111212,
601555.SH,20260312,9.29,9.29,9.29,9.29,0.0,0.0,9.29,0.0,0.0,20260313,东吴证券,证券,主板,20111212,
601555.SH,20260313,9.29,9.29,9.29,9.29,0.0,0.0,9.29,0.0,0.0,20260316,东吴证券,证券,主板,20111212,
601615.SH,20260113,19.68,19.68,19.68,19.68,0.0,0.0,19.68,0.0,0.0,20260114,明阳智能,电气设备,主板,20190123,
601615.SH,20260114,19.68,19.68,19.68,19.68,0.0,0.0,19.68,0.0,0.0,20260115,明阳智能,电气设备,主板,20190123,
601615.SH,20260115,19.68,19.68,19.68,19.68,0.0,0.0,19.68,0.0,0.0,20260116,明阳智能,电气设备,主板,20190123,
601615.SH,20260116,19.68,19.68,19.68,19.68,0.0,0.0,19.68,0.0,0.0,20260119,明阳智能,电气设备,主板,20190123,
601615.SH,20260119,19.68,19.68,19.68,19.68,0.0,0.0,19.68,0.0,0.0,20260120,明阳智能,电气设备,主板,20190123,
601615.SH,20260120,19.68,19.68,19.68,19.68,0.0,0.0,19.68,0.0,0.0,20260121,明阳智能,电气设备,主板,20190123,
601615.SH,20260121,19.68,19.68,19.68,19.68,0.0,0.0,19.68,0.0,0.0,20260122,明阳智能,电气设备,主板,20190123,
601615.SH,20260122,19.68,19.68,19.68,19.68,0.0,0.0,19.68,0.0,0.0,20260123,明阳智能,电气设备,主板,20190123,
601969.SH,20260129,12.61,12.61,12.61,12.61,0.0,0.0,12.61,0.0,0.0,20260130,海南矿业,普钢,主板,20141209,
601969.SH,20260130,12.61,12.61,12.61,12.61,0.0,0.0,12.61,0.0,0.0,20260202,海南矿业,普钢,主板,20141209,
601969.SH,20260202,12.61,12.61,12.61,12.61,0.0,0.0,12.61,0.0,0.0,20260203,海南矿业,普钢,主板,20141209,
601969.SH,20260203,12.61,12.61,12.61,12.61,0.0,0.0,12.61,0.0,0.0,20260204,海南矿业,普钢,主板,20141209,
601969.SH,20260204,12.61,12.61,12.61,12.61,0.0,0.0,12.61,0.0,0.0,20260205,海南矿业,普钢,主板,20141209,
601969.SH,20260205,12.61,12.61,12.61,12.61,0.0,0.0,12.61,0.0,0.0,20260206,海南矿业,普钢,主板,20141209,
601969.SH,20260206,12.61,12.61,12.61,12.61,0.0,0.0,12.61,0.0,0.0,20260209,海南矿业,普钢,主板,20141209,
601969.SH,20260209,12.61,12.61,12.61,12.61,0.0,0.0,12.61,0.0,0.0,20260210,海南矿业,普钢,主板,20141209,
601995.SH,20251120,34.89,34.89,34.89,34.89,0.0,0.0,34.89,0.0,0.0,20251121,中金公司,证券,主板,20201102,
601995.SH,20251121,34.89,34.89,34.89,34.89,0.0,0.0,34.89,0.0,0.0,20251124,中金公司,证券,主板,20201102,
601995.SH,20251124,34.89,34.89,34.89,34.89,0.0,0.0,34.89,0.0,0.0,20251125,中金公司,证券,主板,20201102,
601995.SH,20251125,34.89,34.89,34.89,34.89,0.0,0.0,34.89,0.0,0.0,20251126,中金公司,证券,主板,20201102,
601995.SH,20251126,34.89,34.89,34.89,34.89,0.0,0.0,34.89,0.0,0.0,20251127,中金公司,证券,主板,20201102,
601995.SH,20251127,34.89,34.89,34.89,34.89,0.0,0.0,34.89,0.0,0.0,20251128,中金公司,证券,主板,20201102,
601995.SH,20251128,34.89,34.89,34.89,34.89,0.0,0.0,34.89,0.0,0.0,20251201,中金公司,证券,主板,20201102,
601995.SH,20251201,34.89,34.89,34.89,34.89,0.0,0.0,34.89,0.0,0.0,20251202,中金公司,证券,主板,20201102,
601995.SH,20251202,34.89,34.89,34.89,34.89,0.0,0.0,34.89,0.0,0.0,20251203,中金公司,证券,主板,20201102,
601995.SH,20251203,34.89,34.89,34.89,34.89,0.0,0.0,34.89,0.0,0.0,20251204,中金公司,证券,主板,20201102,
601995.SH,20251204,34.89,34.89,34.89,34.89,0.0,0.0,34.89,0.0,0.0,20251205,中金公司,证券,主板,20201102,
601995.SH,20251205,34.89,34.89,34.89,34.89,0.0,0.0,34.89,0.0,0.0,20251208,中金公司,证券,主板,20201102,
601995.SH,20251208,34.89,34.89,34.89,34.89,0.0,0.0,34.89,0.0,0.0,20251209,中金公司,证券,主板,20201102,
601995.SH,20251209,34.89,34.89,34.89,34.89,0.0,0.0,34.89,0.0,0.0,20251210,中金公司,证券,主板,20201102,
601995.SH,20251210,34.89,34.89,34.89,34.89,0.0,0.0,34.89,0.0,0.0,20251211,中金公司,证券,主板,20201102,
601995.SH,20251211,34.89,34.89,34.89,34.89,0.0,0.0,34.89,0.0,0.0,20251212,中金公司,证券,主板,20201102,
601995.SH,20251212,34.89,34.89,34.89,34.89,0.0,0.0,34.89,0.0,0.0,20251215,中金公司,证券,主板,20201102,
601995.SH,20251215,34.89,34.89,34.89,34.89,0.0,0.0,34.89,0.0,0.0,20251216,中金公司,证券,主板,20201102,
601995.SH,20251216,34.89,34.89,34.89,34.89,0.0,0.0,34.89,0.0,0.0,20251217,中金公司,证券,主板,20201102,
601995.SH,20251217,34.89,34.89,34.89,34.89,0.0,0.0,34.89,0.0,0.0,20251218,中金公司,证券,主板,20201102,
603019.SH,20250526,61.9,61.9,61.9,61.9,0.0,0.0,61.9,0.0,0.0,20250527,中科曙光,IT设备,主板,20141106,
603019.SH,20250527,61.9,61.9,61.9,61.9,0.0,0.0,61.9,0.0,0.0,20250528,中科曙光,IT设备,主板,20141106,
603019.SH,20250528,61.9,61.9,61.9,61.9,0.0,0.0,61.9,0.0,0.0,20250529,中科曙光,IT设备,主板,20141106,
603019.SH,20250529,61.9,61.9,61.9,61.9,0.0,0.0,61.9,0.0,0.0,20250530,中科曙光,IT设备,主板,20141106,
603019.SH,20250530,61.9,61.9,61.9,61.9,0.0,0.0,61.9,0.0,0.0,20250603,中科曙光,IT设备,主板,20141106,
603019.SH,20250603,61.9,61.9,61.9,61.9,0.0,0.0,61.9,0.0,0.0,20250604,中科曙光,IT设备,主板,20141106,
603019.SH,20250604,61.9,61.9,61.9,61.9,0.0,0.0,61.9,0.0,0.0,20250605,中科曙光,IT设备,主板,20141106,
603019.SH,20250605,61.9,61.9,61.9,61.9,0.0,0.0,61.9,0.0,0.0,20250606,中科曙光,IT设备,主板,20141106,
603019.SH,20250606,61.9,61.9,61.9,61.9,0.0,0.0,61.9,0.0,0.0,20250609,中科曙光,IT设备,主板,20141106,
603019.SH,20250609,61.9,61.9,61.9,61.9,0.0,0.0,61.9,0.0,0.0,20250610,中科曙光,IT设备,主板,20141106,
603023.SH,20250603,3.68,3.68,3.68,3.68,0.0,0.0,3.68,0.0,0.0,20250604,威帝股份,汽车配件,主板,20150527,
603037.SH,20251124,13.08,13.08,13.08,13.08,0.0,0.0,13.08,0.0,0.0,20251125,凯众股份,汽车配件,主板,20170120,
603037.SH,20251125,13.08,13.08,13.08,13.08,0.0,0.0,13.08,0.0,0.0,20251126,凯众股份,汽车配件,主板,20170120,
603037.SH,20251126,13.08,13.08,13.08,13.08,0.0,0.0,13.08,0.0,0.0,20251127,凯众股份,汽车配件,主板,20170120,
603037.SH,20251127,13.08,13.08,13.08,13.08,0.0,0.0,13.08,0.0,0.0,20251128,凯众股份,汽车配件,主板,20170120,
603037.SH,20251128,13.08,13.08,13.08,13.08,0.0,0.0,13.08,0.0,0.0,20251201,凯众股份,汽车配件,主板,20170120,
603042.SH,20251020,15.98,15.98,15.98,15.98,0.0,0.0,15.98,0.0,0.0,20251021,华脉科技,通信设备,主板,20170602,
603042.SH,20251021,15.98,15.98,15.98,15.98,0.0,0.0,15.98,0.0,0.0,20251022,华脉科技,通信设备,主板,20170602,
603042.SH,20251022,15.98,15.98,15.98,15.98,0.0,0.0,15.98,0.0,0.0,20251023,华脉科技,通信设备,主板,20170602,
603042.SH,20251023,15.98,15.98,15.98,15.98,0.0,0.0,15.98,0.0,0.0,20251024,华脉科技,通信设备,主板,20170602,
603042.SH,20251024,15.98,15.98,15.98,15.98,0.0,0.0,15.98,0.0,0.0,20251027,华脉科技,通信设备,主板,20170602,
603056.SH,20260112,14.04,14.04,14.04,14.04,0.0,0.0,14.04,0.0,0.0,20260113,德邦股份(退),,主板,20180116,20260331
603056.SH,20260113,14.04,14.04,14.04,14.04,0.0,0.0,14.04,0.0,0.0,20260114,德邦股份(退),,主板,20180116,20260331
603056.SH,20260121,18.85,18.85,18.85,18.85,0.0,0.0,18.85,0.0,0.0,20260122,德邦股份(退),,主板,20180116,20260331
603056.SH,20260122,18.85,18.85,18.85,18.85,0.0,0.0,18.85,0.0,0.0,20260123,德邦股份(退),,主板,20180116,20260331
603056.SH,20260123,18.85,18.85,18.85,18.85,0.0,0.0,18.85,0.0,0.0,20260126,德邦股份(退),,主板,20180116,20260331
603056.SH,20260126,18.85,18.85,18.85,18.85,0.0,0.0,18.85,0.0,0.0,20260127,德邦股份(退),,主板,20180116,20260331
603056.SH,20260127,18.85,18.85,18.85,18.85,0.0,0.0,18.85,0.0,0.0,20260128,德邦股份(退),,主板,20180116,20260331
603056.SH,20260128,18.85,18.85,18.85,18.85,0.0,0.0,18.85,0.0,0.0,20260129,德邦股份(退),,主板,20180116,20260331
603056.SH,20260129,18.85,18.85,18.85,18.85,0.0,0.0,18.85,0.0,0.0,20260130,德邦股份(退),,主板,20180116,20260331
603056.SH,20260130,18.85,18.85,18.85,18.85,0.0,0.0,18.85,0.0,0.0,20260202,德邦股份(退),,主板,20180116,20260331
603056.SH,20260202,18.85,18.85,18.85,18.85,0.0,0.0,18.85,0.0,0.0,20260203,德邦股份(退),,主板,20180116,20260331
603056.SH,20260203,18.85,18.85,18.85,18.85,0.0,0.0,18.85,0.0,0.0,20260204,德邦股份(退),,主板,20180116,20260331
603056.SH,20260204,18.85,18.85,18.85,18.85,0.0,0.0,18.85,0.0,0.0,20260205,德邦股份(退),,主板,20180116,20260331
603056.SH,20260205,18.85,18.85,18.85,18.85,0.0,0.0,18.85,0.0,0.0,20260206,德邦股份(退),,主板,20180116,20260331
603056.SH,20260206,18.85,18.85,18.85,18.85,0.0,0.0,18.85,0.0,0.0,20260209,德邦股份(退),,主板,20180116,20260331
603056.SH,20260209,18.85,18.85,18.85,18.85,0.0,0.0,18.85,0.0,0.0,20260210,德邦股份(退),,主板,20180116,20260331
603056.SH,20260210,18.85,18.85,18.85,18.85,0.0,0.0,18.85,0.0,0.0,20260211,德邦股份(退),,主板,20180116,20260331
603056.SH,20260211,18.85,18.85,18.85,18.85,0.0,0.0,18.85,0.0,0.0,20260212,德邦股份(退),,主板,20180116,20260331
603056.SH,20260212,18.85,18.85,18.85,18.85,0.0,0.0,18.85,0.0,0.0,20260213,德邦股份(退),,主板,20180116,20260331
603056.SH,20260213,18.85,18.85,18.85,18.85,0.0,0.0,18.85,0.0,0.0,20260224,德邦股份(退),,主板,20180116,20260331
603056.SH,20260224,18.85,18.85,18.85,18.85,0.0,0.0,18.85,0.0,0.0,20260225,德邦股份(退),,主板,20180116,20260331
603056.SH,20260225,18.85,18.85,18.85,18.85,0.0,0.0,18.85,0.0,0.0,20260226,德邦股份(退),,主板,20180116,20260331
603056.SH,20260226,18.85,18.85,18.85,18.85,0.0,0.0,18.85,0.0,0.0,20260227,德邦股份(退),,主板,20180116,20260331
603056.SH,20260227,18.85,18.85,18.85,18.85,0.0,0.0,18.85,0.0,0.0,20260302,德邦股份(退),,主板,20180116,20260331
603056.SH,20260302,18.85,18.85,18.85,18.85,0.0,0.0,18.85,0.0,0.0,20260303,德邦股份(退),,主板,20180116,20260331
603056.SH,20260303,18.85,18.85,18.85,18.85,0.0,0.0,18.85,0.0,0.0,20260304,德邦股份(退),,主板,20180116,20260331
603056.SH,20260304,18.85,18.85,18.85,18.85,0.0,0.0,18.85,0.0,0.0,20260305,德邦股份(退),,主板,20180116,20260331
603056.SH,20260305,18.85,18.85,18.85,18.85,0.0,0.0,18.85,0.0,0.0,20260306,德邦股份(退),,主板,20180116,20260331
603056.SH,20260306,18.85,18.85,18.85,18.85,0.0,0.0,18.85,0.0,0.0,20260309,德邦股份(退),,主板,20180116,20260331
603056.SH,20260309,18.85,18.85,18.85,18.85,0.0,0.0,18.85,0.0,0.0,20260310,德邦股份(退),,主板,20180116,20260331
603056.SH,20260310,18.85,18.85,18.85,18.85,0.0,0.0,18.85,0.0,0.0,20260311,德邦股份(退),,主板,20180116,20260331
603056.SH,20260311,18.85,18.85,18.85,18.85,0.0,0.0,18.85,0.0,0.0,20260312,德邦股份(退),,主板,20180116,20260331
603056.SH,20260312,18.85,18.85,18.85,18.85,0.0,0.0,18.85,0.0,0.0,20260313,德邦股份(退),,主板,20180116,20260331
603056.SH,20260313,18.85,18.85,18.85,18.85,0.0,0.0,18.85,0.0,0.0,20260316,德邦股份(退),,主板,20180116,20260331
603056.SH,20260316,18.85,18.85,18.85,18.85,0.0,0.0,18.85,0.0,0.0,20260317,德邦股份(退),,主板,20180116,20260331
603056.SH,20260317,18.85,18.85,18.85,18.85,0.0,0.0,18.85,0.0,0.0,20260318,德邦股份(退),,主板,20180116,20260331
603056.SH,20260318,18.85,18.85,18.85,18.85,0.0,0.0,18.85,0.0,0.0,20260319,德邦股份(退),,主板,20180116,20260331
603056.SH,20260319,18.85,18.85,18.85,18.85,0.0,0.0,18.85,0.0,0.0,20260320,德邦股份(退),,主板,20180116,20260331
603056.SH,20260320,18.85,18.85,18.85,18.85,0.0,0.0,18.85,0.0,0.0,20260323,德邦股份(退),,主板,20180116,20260331
603056.SH,20260323,18.85,18.85,18.85,18.85,0.0,0.0,18.85,0.0,0.0,20260324,德邦股份(退),,主板,20180116,20260331
603056.SH,20260324,18.85,18.85,18.85,18.85,0.0,0.0,18.85,0.0,0.0,20260325,德邦股份(退),,主板,20180116,20260331
603056.SH,20260325,18.85,18.85,18.85,18.85,0.0,0.0,18.85,0.0,0.0,20260326,德邦股份(退),,主板,20180116,20260331
603056.SH,20260326,18.85,18.85,18.85,18.85,0.0,0.0,18.85,0.0,0.0,20260327,德邦股份(退),,主板,20180116,20260331
603056.SH,20260327,18.85,18.85,18.85,18.85,0.0,0.0,18.85,0.0,0.0,20260330,德邦股份(退),,主板,20180116,20260331
603056.SH,20260330,18.85,18.85,18.85,18.85,0.0,0.0,18.85,0.0,0.0,,德邦股份(退),,主板,20180116,20260331
603058.SH,20250814,10.88,10.88,10.88,10.88,0.0,0.0,10.88,0.0,0.0,20250815,永吉股份,广告包装,主板,20161223,
603058.SH,20250815,10.88,10.88,10.88,10.88,0.0,0.0,10.88,0.0,0.0,20250818,永吉股份,广告包装,主板,20161223,
603058.SH,20250818,10.88,10.88,10.88,10.88,0.0,0.0,10.88,0.0,0.0,20250819,永吉股份,广告包装,主板,20161223,
603058.SH,20250819,10.88,10.88,10.88,10.88,0.0,0.0,10.88,0.0,0.0,20250820,永吉股份,广告包装,主板,20161223,
603058.SH,20250820,10.88,10.88,10.88,10.88,0.0,0.0,10.88,0.0,0.0,20250821,永吉股份,广告包装,主板,20161223,
603058.SH,20250821,10.88,10.88,10.88,10.88,0.0,0.0,10.88,0.0,0.0,20250822,永吉股份,广告包装,主板,20161223,
603058.SH,20250822,10.88,10.88,10.88,10.88,0.0,0.0,10.88,0.0,0.0,20250825,永吉股份,广告包装,主板,20161223,
603058.SH,20250825,10.88,10.88,10.88,10.88,0.0,0.0,10.88,0.0,0.0,20250826,永吉股份,广告包装,主板,20161223,
603058.SH,20250826,10.88,10.88,10.88,10.88,0.0,0.0,10.88,0.0,0.0,20250827,永吉股份,广告包装,主板,20161223,
603058.SH,20250827,10.88,10.88,10.88,10.88,0.0,0.0,10.88,0.0,0.0,20250828,永吉股份,广告包装,主板,20161223,
603078.SH,20260113,21.42,21.42,21.42,21.42,0.0,0.0,21.42,0.0,0.0,20260114,江化微,半导体,主板,20170410,
603078.SH,20260114,21.42,21.42,21.42,21.42,0.0,0.0,21.42,0.0,0.0,20260115,江化微,半导体,主板,20170410,
603078.SH,20260115,21.42,21.42,21.42,21.42,0.0,0.0,21.42,0.0,0.0,20260116,江化微,半导体,主板,20170410,
603078.SH,20260116,21.42,21.42,21.42,21.42,0.0,0.0,21.42,0.0,0.0,20260119,江化微,半导体,主板,20170410,
603078.SH,20260119,21.42,21.42,21.42,21.42,0.0,0.0,21.42,0.0,0.0,20260120,江化微,半导体,主板,20170410,
603118.SH,20251027,11.94,11.94,11.94,11.94,0.0,0.0,11.94,0.0,0.0,20251028,共进股份,通信设备,主板,20150225,
603118.SH,20251028,11.94,11.94,11.94,11.94,0.0,0.0,11.94,0.0,0.0,20251029,共进股份,通信设备,主板,20150225,
603118.SH,20251029,11.94,11.94,11.94,11.94,0.0,0.0,11.94,0.0,0.0,20251030,共进股份,通信设备,主板,20150225,
603118.SH,20251030,11.94,11.94,11.94,11.94,0.0,0.0,11.94,0.0,0.0,20251031,共进股份,通信设备,主板,20150225,
603118.SH,20251031,11.94,11.94,11.94,11.94,0.0,0.0,11.94,0.0,0.0,20251103,共进股份,通信设备,主板,20150225,
603121.SH,20260213,25.7,25.7,25.7,25.7,0.0,0.0,25.7,0.0,0.0,20260224,华培动力,汽车配件,主板,20190111,
603121.SH,20260224,25.7,25.7,25.7,25.7,0.0,0.0,25.7,0.0,0.0,20260225,华培动力,汽车配件,主板,20190111,
603121.SH,20260225,25.7,25.7,25.7,25.7,0.0,0.0,25.7,0.0,0.0,20260226,华培动力,汽车配件,主板,20190111,
603121.SH,20260226,25.7,25.7,25.7,25.7,0.0,0.0,25.7,0.0,0.0,20260227,华培动力,汽车配件,主板,20190111,
603121.SH,20260227,25.7,25.7,25.7,25.7,0.0,0.0,25.7,0.0,0.0,20260302,华培动力,汽车配件,主板,20190111,
603121.SH,20260302,25.7,25.7,25.7,25.7,0.0,0.0,25.7,0.0,0.0,20260303,华培动力,汽车配件,主板,20190111,
603121.SH,20260303,25.7,25.7,25.7,25.7,0.0,0.0,25.7,0.0,0.0,20260304,华培动力,汽车配件,主板,20190111,
603121.SH,20260304,25.7,25.7,25.7,25.7,0.0,0.0,25.7,0.0,0.0,20260305,华培动力,汽车配件,主板,20190111,
603121.SH,20260305,25.7,25.7,25.7,25.7,0.0,0.0,25.7,0.0,0.0,20260306,华培动力,汽车配件,主板,20190111,
603121.SH,20260306,25.7,25.7,25.7,25.7,0.0,0.0,25.7,0.0,0.0,20260309,华培动力,汽车配件,主板,20190111,
603122.SH,20251117,23.8,23.8,23.8,23.8,0.0,0.0,23.8,0.0,0.0,20251118,合富中国,医药商业,主板,20220216,
603122.SH,20251118,23.8,23.8,23.8,23.8,0.0,0.0,23.8,0.0,0.0,20251119,合富中国,医药商业,主板,20220216,
603122.SH,20251119,23.8,23.8,23.8,23.8,0.0,0.0,23.8,0.0,0.0,20251120,合富中国,医药商业,主板,20220216,
603160.SH,20241125,81.8,81.8,81.8,81.8,0.0,0.0,81.8,0.0,0.0,20241126,汇顶科技,半导体,主板,20161017,
603160.SH,20241126,81.8,81.8,81.8,81.8,0.0,0.0,81.8,0.0,0.0,20241127,汇顶科技,半导体,主板,20161017,
603160.SH,20241127,81.8,81.8,81.8,81.8,0.0,0.0,81.8,0.0,0.0,20241128,汇顶科技,半导体,主板,20161017,
603160.SH,20241128,81.8,81.8,81.8,81.8,0.0,0.0,81.8,0.0,0.0,20241129,汇顶科技,半导体,主板,20161017,
603160.SH,20241129,81.8,81.8,81.8,81.8,0.0,0.0,81.8,0.0,0.0,20241202,汇顶科技,半导体,主板,20161017,
603160.SH,20241202,81.8,81.8,81.8,81.8,0.0,0.0,81.8,0.0,0.0,20241203,汇顶科技,半导体,主板,20161017,
603160.SH,20241203,81.8,81.8,81.8,81.8,0.0,0.0,81.8,0.0,0.0,20241204,汇顶科技,半导体,主板,20161017,
603160.SH,20241204,81.8,81.8,81.8,81.8,0.0,0.0,81.8,0.0,0.0,20241205,汇顶科技,半导体,主板,20161017,
603160.SH,20241205,81.8,81.8,81.8,81.8,0.0,0.0,81.8,0.0,0.0,20241206,汇顶科技,半导体,主板,20161017,
603160.SH,20241206,81.8,81.8,81.8,81.8,0.0,0.0,81.8,0.0,0.0,20241209,汇顶科技,半导体,主板,20161017,
603216.SH,20251106,15.7,15.7,15.7,15.7,0.0,0.0,15.7,0.0,0.0,20251107,梦天家居,家居用品,主板,20211215,
603216.SH,20251107,15.7,15.7,15.7,15.7,0.0,0.0,15.7,0.0,0.0,20251110,梦天家居,家居用品,主板,20211215,
603216.SH,20251110,15.7,15.7,15.7,15.7,0.0,0.0,15.7,0.0,0.0,20251111,梦天家居,家居用品,主板,20211215,
603216.SH,20251111,15.7,15.7,15.7,15.7,0.0,0.0,15.7,0.0,0.0,20251112,梦天家居,家居用品,主板,20211215,
603216.SH,20251112,15.7,15.7,15.7,15.7,0.0,0.0,15.7,0.0,0.0,20251113,梦天家居,家居用品,主板,20211215,
603216.SH,20251113,15.7,15.7,15.7,15.7,0.0,0.0,15.7,0.0,0.0,20251114,梦天家居,家居用品,主板,20211215,
603216.SH,20251114,15.7,15.7,15.7,15.7,0.0,0.0,15.7,0.0,0.0,20251117,梦天家居,家居用品,主板,20211215,
603216.SH,20251117,15.7,15.7,15.7,15.7,0.0,0.0,15.7,0.0,0.0,20251118,梦天家居,家居用品,主板,20211215,
603216.SH,20251118,15.7,15.7,15.7,15.7,0.0,0.0,15.7,0.0,0.0,20251119,梦天家居,家居用品,主板,20211215,
603268.SH,20240930,14.35,14.35,14.35,14.35,0.0,0.0,14.35,0.0,0.0,20241008,松发股份,船舶,主板,20150319,
603268.SH,20241008,14.35,14.35,14.35,14.35,0.0,0.0,14.35,0.0,0.0,20241009,松发股份,船舶,主板,20150319,
603268.SH,20241009,14.35,14.35,14.35,14.35,0.0,0.0,14.35,0.0,0.0,20241010,松发股份,船舶,主板,20150319,
603268.SH,20241010,14.35,14.35,14.35,14.35,0.0,0.0,14.35,0.0,0.0,20241011,松发股份,船舶,主板,20150319,
603268.SH,20241011,14.35,14.35,14.35,14.35,0.0,0.0,14.35,0.0,0.0,20241014,松发股份,船舶,主板,20150319,
603268.SH,20241014,14.35,14.35,14.35,14.35,0.0,0.0,14.35,0.0,0.0,20241015,松发股份,船舶,主板,20150319,
603268.SH,20241015,14.35,14.35,14.35,14.35,0.0,0.0,14.35,0.0,0.0,20241016,松发股份,船舶,主板,20150319,
603268.SH,20241016,14.35,14.35,14.35,14.35,0.0,0.0,14.35,0.0,0.0,20241017,松发股份,船舶,主板,20150319,
603268.SH,20250428,33.69,33.69,33.69,33.69,0.0,0.0,33.69,0.0,0.0,20250429,松发股份,船舶,主板,20150319,
603268.SH,20260417,121.22,121.22,121.22,121.22,0.0,0.0,121.22,0.0,0.0,20260420,松发股份,船舶,主板,20150319,
603300.SH,20240521,6.54,6.54,6.54,6.54,0.0,0.0,,,,20240522,海南华铁,多元金融,主板,20150529,
603305.SH,20241030,13.0,13.0,13.0,13.0,0.0,0.0,13.0,0.0,0.0,20241031,旭升集团,汽车配件,主板,20170710,
603305.SH,20241031,13.0,13.0,13.0,13.0,0.0,0.0,13.0,0.0,0.0,20241101,旭升集团,汽车配件,主板,20170710,
603305.SH,20241101,13.0,13.0,13.0,13.0,0.0,0.0,13.0,0.0,0.0,20241104,旭升集团,汽车配件,主板,20170710,
603305.SH,20241104,13.0,13.0,13.0,13.0,0.0,0.0,13.0,0.0,0.0,20241105,旭升集团,汽车配件,主板,20170710,
603305.SH,20241105,13.0,13.0,13.0,13.0,0.0,0.0,13.0,0.0,0.0,20241106,旭升集团,汽车配件,主板,20170710,
603305.SH,20251219,14.56,14.56,14.56,14.56,0.0,0.0,14.56,0.0,0.0,20251222,旭升集团,汽车配件,主板,20170710,
603305.SH,20251222,14.56,14.56,14.56,14.56,0.0,0.0,14.56,0.0,0.0,20251223,旭升集团,汽车配件,主板,20170710,
603306.SH,20250521,41.65,41.65,41.65,41.65,0.0,0.0,41.65,0.0,0.0,20250522,华懋科技,汽车配件,主板,20140926,
603306.SH,20250522,41.65,41.65,41.65,41.65,0.0,0.0,41.65,0.0,0.0,20250523,华懋科技,汽车配件,主板,20140926,
603306.SH,20250523,41.65,41.65,41.65,41.65,0.0,0.0,41.65,0.0,0.0,20250526,华懋科技,汽车配件,主板,20140926,
603306.SH,20250526,41.65,41.65,41.65,41.65,0.0,0.0,41.65,0.0,0.0,20250527,华懋科技,汽车配件,主板,20140926,
603306.SH,20250527,41.65,41.65,41.65,41.65,0.0,0.0,41.65,0.0,0.0,20250528,华懋科技,汽车配件,主板,20140926,
603306.SH,20250528,41.65,41.65,41.65,41.65,0.0,0.0,41.65,0.0,0.0,20250529,华懋科技,汽车配件,主板,20140926,
603306.SH,20250529,41.65,41.65,41.65,41.65,0.0,0.0,41.65,0.0,0.0,20250530,华懋科技,汽车配件,主板,20140926,
603306.SH,20250530,41.65,41.65,41.65,41.65,0.0,0.0,41.65,0.0,0.0,20250603,华懋科技,汽车配件,主板,20140926,
603306.SH,20250603,41.65,41.65,41.65,41.65,0.0,0.0,41.65,0.0,0.0,20250604,华懋科技,汽车配件,主板,20140926,
603306.SH,20250604,41.65,41.65,41.65,41.65,0.0,0.0,41.65,0.0,0.0,20250605,华懋科技,汽车配件,主板,20140926,
603363.SH,20250519,4.04,4.04,4.04,4.04,0.0,0.0,4.04,0.0,0.0,20250520,傲农生物,饲料,主板,20170926,
603496.SH,20250917,32.25,32.25,32.25,32.25,0.0,0.0,32.25,0.0,0.0,20250918,恒为科技,IT设备,主板,20170607,
603496.SH,20250918,32.25,32.25,32.25,32.25,0.0,0.0,32.25,0.0,0.0,20250919,恒为科技,IT设备,主板,20170607,
603496.SH,20250919,32.25,32.25,32.25,32.25,0.0,0.0,32.25,0.0,0.0,20250922,恒为科技,IT设备,主板,20170607,
603496.SH,20250922,32.25,32.25,32.25,32.25,0.0,0.0,32.25,0.0,0.0,20250923,恒为科技,IT设备,主板,20170607,
603496.SH,20250923,32.25,32.25,32.25,32.25,0.0,0.0,32.25,0.0,0.0,20250924,恒为科技,IT设备,主板,20170607,
603496.SH,20250924,32.25,32.25,32.25,32.25,0.0,0.0,32.25,0.0,0.0,20250925,恒为科技,IT设备,主板,20170607,
603496.SH,20250925,32.25,32.25,32.25,32.25,0.0,0.0,32.25,0.0,0.0,20250926,恒为科技,IT设备,主板,20170607,
603496.SH,20250926,32.25,32.25,32.25,32.25,0.0,0.0,32.25,0.0,0.0,20250929,恒为科技,IT设备,主板,20170607,
603496.SH,20250929,32.25,32.25,32.25,32.25,0.0,0.0,32.25,0.0,0.0,20250930,恒为科技,IT设备,主板,20170607,
603508.SH,20251229,27.82,27.82,27.82,27.82,0.0,0.0,27.82,0.0,0.0,20251230,思维列控,IT设备,主板,20151224,
603508.SH,20251230,27.82,27.82,27.82,27.82,0.0,0.0,27.82,0.0,0.0,20251231,思维列控,IT设备,主板,20151224,
603508.SH,20251231,27.82,27.82,27.82,27.82,0.0,0.0,27.82,0.0,0.0,20260105,思维列控,IT设备,主板,20151224,
603508.SH,20260105,27.82,27.82,27.82,27.82,0.0,0.0,27.82,0.0,0.0,20260106,思维列控,IT设备,主板,20151224,
603508.SH,20260106,27.82,27.82,27.82,27.82,0.0,0.0,27.82,0.0,0.0,20260107,思维列控,IT设备,主板,20151224,
603608.SH,20250430,4.99,4.99,4.99,4.99,0.0,0.0,4.99,0.0,0.0,20250506,天创时尚,服饰,主板,20160218,
603608.SH,20251222,8.33,8.33,8.33,8.33,0.0,0.0,8.33,0.0,0.0,20251223,天创时尚,服饰,主板,20160218,
603608.SH,20251223,8.33,8.33,8.33,8.33,0.0,0.0,8.33,0.0,0.0,20251224,天创时尚,服饰,主板,20160218,
603608.SH,20251224,8.33,8.33,8.33,8.33,0.0,0.0,8.33,0.0,0.0,20251225,天创时尚,服饰,主板,20160218,
603608.SH,20251225,8.33,8.33,8.33,8.33,0.0,0.0,8.33,0.0,0.0,20251226,天创时尚,服饰,主板,20160218,
603608.SH,20251226,8.33,8.33,8.33,8.33,0.0,0.0,8.33,0.0,0.0,20251229,天创时尚,服饰,主板,20160218,
603616.SH,20260121,6.23,6.23,6.23,6.23,0.0,0.0,6.23,0.0,0.0,20260122,韩建河山,水泥,主板,20150611,
603616.SH,20260122,6.23,6.23,6.23,6.23,0.0,0.0,6.23,0.0,0.0,20260123,韩建河山,水泥,主板,20150611,
603616.SH,20260123,6.23,6.23,6.23,6.23,0.0,0.0,6.23,0.0,0.0,20260126,韩建河山,水泥,主板,20150611,
603616.SH,20260126,6.23,6.23,6.23,6.23,0.0,0.0,6.23,0.0,0.0,20260127,韩建河山,水泥,主板,20150611,
603616.SH,20260127,6.23,6.23,6.23,6.23,0.0,0.0,6.23,0.0,0.0,20260128,韩建河山,水泥,主板,20150611,
603616.SH,20260128,6.23,6.23,6.23,6.23,0.0,0.0,6.23,0.0,0.0,20260129,韩建河山,水泥,主板,20150611,
603616.SH,20260129,6.23,6.23,6.23,6.23,0.0,0.0,6.23,0.0,0.0,20260130,韩建河山,水泥,主板,20150611,
603616.SH,20260130,6.23,6.23,6.23,6.23,0.0,0.0,6.23,0.0,0.0,20260202,韩建河山,水泥,主板,20150611,
603616.SH,20260202,6.23,6.23,6.23,6.23,0.0,0.0,6.23,0.0,0.0,20260203,韩建河山,水泥,主板,20150611,
603616.SH,20260203,6.23,6.23,6.23,6.23,0.0,0.0,6.23,0.0,0.0,20260204,韩建河山,水泥,主板,20150611,
603690.SH,20250217,26.01,26.01,26.01,26.01,0.0,0.0,26.01,0.0,0.0,20250218,至纯科技,半导体,主板,20170113,
603690.SH,20250218,26.01,26.01,26.01,26.01,0.0,0.0,26.01,0.0,0.0,20250219,至纯科技,半导体,主板,20170113,
603690.SH,20250219,26.01,26.01,26.01,26.01,0.0,0.0,26.01,0.0,0.0,20250220,至纯科技,半导体,主板,20170113,
603690.SH,20250220,26.01,26.01,26.01,26.01,0.0,0.0,26.01,0.0,0.0,20250221,至纯科技,半导体,主板,20170113,
603690.SH,20250221,26.01,26.01,26.01,26.01,0.0,0.0,26.01,0.0,0.0,20250224,至纯科技,半导体,主板,20170113,
603690.SH,20250224,26.01,26.01,26.01,26.01,0.0,0.0,26.01,0.0,0.0,20250225,至纯科技,半导体,主板,20170113,
603690.SH,20250225,26.01,26.01,26.01,26.01,0.0,0.0,26.01,0.0,0.0,20250226,至纯科技,半导体,主板,20170113,
603690.SH,20250226,26.01,26.01,26.01,26.01,0.0,0.0,26.01,0.0,0.0,20250227,至纯科技,半导体,主板,20170113,
603690.SH,20250227,26.01,26.01,26.01,26.01,0.0,0.0,26.01,0.0,0.0,20250228,至纯科技,半导体,主板,20170113,
603778.SH,20260107,21.3,21.3,21.3,21.3,0.0,0.0,21.3,0.0,0.0,20260108,国晟科技,电气设备,主板,20151231,
603778.SH,20260108,21.3,21.3,21.3,21.3,0.0,0.0,21.3,0.0,0.0,20260109,国晟科技,电气设备,主板,20151231,
603778.SH,20260109,21.3,21.3,21.3,21.3,0.0,0.0,21.3,0.0,0.0,20260112,国晟科技,电气设备,主板,20151231,
603863.SH,20250627,14.65,14.65,14.65,14.65,0.0,0.0,14.65,0.0,0.0,20250630,松炀资源,造纸,主板,20190621,
603863.SH,20250630,14.65,14.65,14.65,14.65,0.0,0.0,14.65,0.0,0.0,20250701,松炀资源,造纸,主板,20190621,
603863.SH,20250701,14.65,14.65,14.65,14.65,0.0,0.0,14.65,0.0,0.0,20250702,松炀资源,造纸,主板,20190621,
603863.SH,20250702,14.65,14.65,14.65,14.65,0.0,0.0,14.65,0.0,0.0,20250703,松炀资源,造纸,主板,20190621,
603863.SH,20250703,14.65,14.65,14.65,14.65,0.0,0.0,14.65,0.0,0.0,20250704,松炀资源,造纸,主板,20190621,
603879.SH,20250430,5.28,5.28,5.28,5.28,0.0,0.0,5.28,0.0,0.0,20250506,永悦科技,化工原料,主板,20170614,
603887.SH,20241008,7.39,7.39,7.39,7.39,0.0,0.0,7.39,0.0,0.0,20241009,城地香江,软件服务,主板,20161010,
603887.SH,20241009,7.39,7.39,7.39,7.39,0.0,0.0,7.39,0.0,0.0,20241010,城地香江,软件服务,主板,20161010,
603887.SH,20241010,7.39,7.39,7.39,7.39,0.0,0.0,7.39,0.0,0.0,20241011,城地香江,软件服务,主板,20161010,
603887.SH,20241011,7.39,7.39,7.39,7.39,0.0,0.0,7.39,0.0,0.0,20241014,城地香江,软件服务,主板,20161010,
603887.SH,20241014,7.39,7.39,7.39,7.39,0.0,0.0,7.39,0.0,0.0,20241015,城地香江,软件服务,主板,20161010,
603933.SH,20260326,22.3,22.3,22.3,22.3,0.0,0.0,22.3,0.0,0.0,20260327,睿能科技,元器件,主板,20170706,
603933.SH,20260327,22.3,22.3,22.3,22.3,0.0,0.0,22.3,0.0,0.0,20260330,睿能科技,元器件,主板,20170706,
603933.SH,20260330,22.3,22.3,22.3,22.3,0.0,0.0,22.3,0.0,0.0,20260331,睿能科技,元器件,主板,20170706,
603933.SH,20260331,22.3,22.3,22.3,22.3,0.0,0.0,22.3,0.0,0.0,20260401,睿能科技,元器件,主板,20170706,
603933.SH,20260401,22.3,22.3,22.3,22.3,0.0,0.0,22.3,0.0,0.0,20260402,睿能科技,元器件,主板,20170706,
603933.SH,20260402,22.3,22.3,22.3,22.3,0.0,0.0,22.3,0.0,0.0,20260403,睿能科技,元器件,主板,20170706,
603933.SH,20260403,22.3,22.3,22.3,22.3,0.0,0.0,22.3,0.0,0.0,20260407,睿能科技,元器件,主板,20170706,
603933.SH,20260407,22.3,22.3,22.3,22.3,0.0,0.0,22.3,0.0,0.0,20260408,睿能科技,元器件,主板,20170706,
603933.SH,20260408,22.3,22.3,22.3,22.3,0.0,0.0,22.3,0.0,0.0,20260409,睿能科技,元器件,主板,20170706,
603933.SH,20260409,22.3,22.3,22.3,22.3,0.0,0.0,22.3,0.0,0.0,20260410,睿能科技,元器件,主板,20170706,
603950.SH,20260324,37.09,37.09,37.09,37.09,0.0,0.0,37.09,0.0,0.0,20260325,长源东谷,汽车配件,主板,20200526,
603950.SH,20260325,37.09,37.09,37.09,37.09,0.0,0.0,37.09,0.0,0.0,20260326,长源东谷,汽车配件,主板,20200526,
603950.SH,20260326,37.09,37.09,37.09,37.09,0.0,0.0,37.09,0.0,0.0,20260327,长源东谷,汽车配件,主板,20200526,
603950.SH,20260327,37.09,37.09,37.09,37.09,0.0,0.0,37.09,0.0,0.0,20260330,长源东谷,汽车配件,主板,20200526,
603950.SH,20260330,37.09,37.09,37.09,37.09,0.0,0.0,37.09,0.0,0.0,20260331,长源东谷,汽车配件,主板,20200526,
603950.SH,20260331,37.09,37.09,37.09,37.09,0.0,0.0,37.09,0.0,0.0,20260401,长源东谷,汽车配件,主板,20200526,
603950.SH,20260401,37.09,37.09,37.09,37.09,0.0,0.0,37.09,0.0,0.0,20260402,长源东谷,汽车配件,主板,20200526,
603950.SH,20260402,37.09,37.09,37.09,37.09,0.0,0.0,37.09,0.0,0.0,20260403,长源东谷,汽车配件,主板,20200526,
603950.SH,20260403,37.09,37.09,37.09,37.09,0.0,0.0,37.09,0.0,0.0,20260407,长源东谷,汽车配件,主板,20200526,
603950.SH,20260407,37.09,37.09,37.09,37.09,0.0,0.0,37.09,0.0,0.0,20260408,长源东谷,汽车配件,主板,20200526,
603966.SH,20260226,13.45,13.45,13.45,13.45,0.0,0.0,13.45,0.0,0.0,20260227,法兰泰克,专用机械,主板,20170125,
603966.SH,20260227,13.45,13.45,13.45,13.45,0.0,0.0,13.45,0.0,0.0,20260302,法兰泰克,专用机械,主板,20170125,
603966.SH,20260302,13.45,13.45,13.45,13.45,0.0,0.0,13.45,0.0,0.0,20260303,法兰泰克,专用机械,主板,20170125,
603980.SH,20260202,6.55,6.55,6.55,6.55,0.0,0.0,6.55,0.0,0.0,20260203,吉华集团,染料涂料,主板,20170615,
603980.SH,20260203,6.55,6.55,6.55,6.55,0.0,0.0,6.55,0.0,0.0,20260204,吉华集团,染料涂料,主板,20170615,
603980.SH,20260204,6.55,6.55,6.55,6.55,0.0,0.0,6.55,0.0,0.0,20260205,吉华集团,染料涂料,主板,20170615,
603980.SH,20260205,6.55,6.55,6.55,6.55,0.0,0.0,6.55,0.0,0.0,20260206,吉华集团,染料涂料,主板,20170615,
603980.SH,20260206,6.55,6.55,6.55,6.55,0.0,0.0,6.55,0.0,0.0,20260209,吉华集团,染料涂料,主板,20170615,
603988.SH,20240724,8.23,8.23,8.23,8.23,0.0,0.0,8.23,0.0,0.0,20240725,中电电机,电气设备,主板,20141104,
603988.SH,20240725,8.23,8.23,8.23,8.23,0.0,0.0,8.23,0.0,0.0,20240726,中电电机,电气设备,主板,20141104,
603991.SH,20241011,66.01,66.01,66.01,66.01,0.0,0.0,66.01,0.0,0.0,20241014,至正股份,半导体,主板,20170308,
603991.SH,20241014,66.01,66.01,66.01,66.01,0.0,0.0,66.01,0.0,0.0,20241015,至正股份,半导体,主板,20170308,
603991.SH,20241015,66.01,66.01,66.01,66.01,0.0,0.0,66.01,0.0,0.0,20241016,至正股份,半导体,主板,20170308,
603991.SH,20241016,66.01,66.01,66.01,66.01,0.0,0.0,66.01,0.0,0.0,20241017,至正股份,半导体,主板,20170308,
603991.SH,20241017,66.01,66.01,66.01,66.01,0.0,0.0,66.01,0.0,0.0,20241018,至正股份,半导体,主板,20170308,
603991.SH,20241018,66.01,66.01,66.01,66.01,0.0,0.0,66.01,0.0,0.0,20241021,至正股份,半导体,主板,20170308,
603991.SH,20241021,66.01,66.01,66.01,66.01,0.0,0.0,66.01,0.0,0.0,20241022,至正股份,半导体,主板,20170308,
603991.SH,20241022,66.01,66.01,66.01,66.01,0.0,0.0,66.01,0.0,0.0,20241023,至正股份,半导体,主板,20170308,
603991.SH,20241023,66.01,66.01,66.01,66.01,0.0,0.0,66.01,0.0,0.0,20241024,至正股份,半导体,主板,20170308,
605178.SH,20250724,27.64,27.64,27.64,27.64,0.0,0.0,27.64,0.0,0.0,20250725,时空科技,装修装饰,主板,20200821,
605178.SH,20250725,27.64,27.64,27.64,27.64,0.0,0.0,27.64,0.0,0.0,20250728,时空科技,装修装饰,主板,20200821,
605178.SH,20250728,27.64,27.64,27.64,27.64,0.0,0.0,27.64,0.0,0.0,20250729,时空科技,装修装饰,主板,20200821,
605178.SH,20250729,27.64,27.64,27.64,27.64,0.0,0.0,27.64,0.0,0.0,20250730,时空科技,装修装饰,主板,20200821,
605178.SH,20251009,35.83,35.83,35.83,35.83,0.0,0.0,35.83,0.0,0.0,20251010,时空科技,装修装饰,主板,20200821,
605178.SH,20251010,35.83,35.83,35.83,35.83,0.0,0.0,35.83,0.0,0.0,20251013,时空科技,装修装饰,主板,20200821,
605178.SH,20251013,35.83,35.83,35.83,35.83,0.0,0.0,35.83,0.0,0.0,20251014,时空科技,装修装饰,主板,20200821,
605178.SH,20251014,35.83,35.83,35.83,35.83,0.0,0.0,35.83,0.0,0.0,20251015,时空科技,装修装饰,主板,20200821,
605178.SH,20251015,35.83,35.83,35.83,35.83,0.0,0.0,35.83,0.0,0.0,20251016,时空科技,装修装饰,主板,20200821,
605178.SH,20251016,35.83,35.83,35.83,35.83,0.0,0.0,35.83,0.0,0.0,20251017,时空科技,装修装饰,主板,20200821,
605178.SH,20251017,35.83,35.83,35.83,35.83,0.0,0.0,35.83,0.0,0.0,20251020,时空科技,装修装饰,主板,20200821,
605178.SH,20251020,35.83,35.83,35.83,35.83,0.0,0.0,35.83,0.0,0.0,20251021,时空科技,装修装饰,主板,20200821,
605178.SH,20251021,35.83,35.83,35.83,35.83,0.0,0.0,35.83,0.0,0.0,20251022,时空科技,装修装饰,主板,20200821,
605178.SH,20251022,35.83,35.83,35.83,35.83,0.0,0.0,35.83,0.0,0.0,20251023,时空科技,装修装饰,主板,20200821,
605255.SH,20250815,26.64,26.64,26.64,26.64,0.0,0.0,26.64,0.0,0.0,20250818,天普股份,汽车配件,主板,20200825,
605255.SH,20250818,26.64,26.64,26.64,26.64,0.0,0.0,26.64,0.0,0.0,20250819,天普股份,汽车配件,主板,20200825,
605255.SH,20250819,26.64,26.64,26.64,26.64,0.0,0.0,26.64,0.0,0.0,20250820,天普股份,汽车配件,主板,20200825,
605255.SH,20250820,26.64,26.64,26.64,26.64,0.0,0.0,26.64,0.0,0.0,20250821,天普股份,汽车配件,主板,20200825,
605255.SH,20250821,26.64,26.64,26.64,26.64,0.0,0.0,26.64,0.0,0.0,20250822,天普股份,汽车配件,主板,20200825,
605255.SH,20250904,62.81,62.81,62.81,62.81,0.0,0.0,62.81,0.0,0.0,20250905,天普股份,汽车配件,主板,20200825,
605255.SH,20250905,62.81,62.81,62.81,62.81,0.0,0.0,62.81,0.0,0.0,20250908,天普股份,汽车配件,主板,20200825,
605255.SH,20250908,62.81,62.81,62.81,62.81,0.0,0.0,62.81,0.0,0.0,20250909,天普股份,汽车配件,主板,20200825,
605255.SH,20250911,76.0,76.0,76.0,76.0,0.0,0.0,76.0,0.0,0.0,20250912,天普股份,汽车配件,主板,20200825,
605255.SH,20250912,76.0,76.0,76.0,76.0,0.0,0.0,76.0,0.0,0.0,20250915,天普股份,汽车配件,主板,20200825,
605255.SH,20250915,76.0,76.0,76.0,76.0,0.0,0.0,76.0,0.0,0.0,20250916,天普股份,汽车配件,主板,20200825,
605255.SH,20250916,76.0,76.0,76.0,76.0,0.0,0.0,76.0,0.0,0.0,20250917,天普股份,汽车配件,主板,20200825,
605255.SH,20250917,76.0,76.0,76.0,76.0,0.0,0.0,76.0,0.0,0.0,20250918,天普股份,汽车配件,主板,20200825,
605255.SH,20250924,111.28,111.28,111.28,111.28,0.0,0.0,111.28,0.0,0.0,20250925,天普股份,汽车配件,主板,20200825,
605255.SH,20250925,111.28,111.28,111.28,111.28,0.0,0.0,111.28,0.0,0.0,20250926,天普股份,汽车配件,主板,20200825,
605255.SH,20250926,111.28,111.28,111.28,111.28,0.0,0.0,111.28,0.0,0.0,20250929,天普股份,汽车配件,主板,20200825,
605255.SH,20250929,111.28,111.28,111.28,111.28,0.0,0.0,111.28,0.0,0.0,20250930,天普股份,汽车配件,主板,20200825,
605255.SH,20250930,111.28,111.28,111.28,111.28,0.0,0.0,111.28,0.0,0.0,20251009,天普股份,汽车配件,主板,20200825,
605255.SH,20251009,111.28,111.28,111.28,111.28,0.0,0.0,111.28,0.0,0.0,20251010,天普股份,汽车配件,主板,20200825,
605255.SH,20251010,111.28,111.28,111.28,111.28,0.0,0.0,111.28,0.0,0.0,20251013,天普股份,汽车配件,主板,20200825,
605255.SH,20251013,111.28,111.28,111.28,111.28,0.0,0.0,111.28,0.0,0.0,20251014,天普股份,汽车配件,主板,20200825,
605255.SH,20251014,111.28,111.28,111.28,111.28,0.0,0.0,111.28,0.0,0.0,20251015,天普股份,汽车配件,主板,20200825,
605255.SH,20251015,111.28,111.28,111.28,111.28,0.0,0.0,111.28,0.0,0.0,20251016,天普股份,汽车配件,主板,20200825,
605255.SH,20251128,147.0,147.0,147.0,147.0,0.0,0.0,147.0,0.0,0.0,20251201,天普股份,汽车配件,主板,20200825,
605255.SH,20251201,147.0,147.0,147.0,147.0,0.0,0.0,147.0,0.0,0.0,20251202,天普股份,汽车配件,主板,20200825,
605255.SH,20251202,147.0,147.0,147.0,147.0,0.0,0.0,147.0,0.0,0.0,20251203,天普股份,汽车配件,主板,20200825,
605255.SH,20251222,143.49,143.49,143.49,143.49,0.0,0.0,143.49,0.0,0.0,20251223,天普股份,汽车配件,主板,20200825,
605255.SH,20251231,218.02,218.02,218.02,218.02,0.0,0.0,218.02,0.0,0.0,20260105,天普股份,汽车配件,主板,20200825,
605255.SH,20260105,218.02,218.02,218.02,218.02,0.0,0.0,218.02,0.0,0.0,20260106,天普股份,汽车配件,主板,20200825,
605255.SH,20260106,218.02,218.02,218.02,218.02,0.0,0.0,218.02,0.0,0.0,20260107,天普股份,汽车配件,主板,20200825,
605255.SH,20260107,218.02,218.02,218.02,218.02,0.0,0.0,218.02,0.0,0.0,20260108,天普股份,汽车配件,主板,20200825,
605255.SH,20260108,218.02,218.02,218.02,218.02,0.0,0.0,218.02,0.0,0.0,20260109,天普股份,汽车配件,主板,20200825,
605255.SH,20260109,218.02,218.02,218.02,218.02,0.0,0.0,218.02,0.0,0.0,20260112,天普股份,汽车配件,主板,20200825,
605318.SH,20250728,29.57,29.57,29.57,29.57,0.0,0.0,29.57,0.0,0.0,20250729,法狮龙,其他建材,主板,20200803,
605555.SH,20260327,16.81,16.81,16.81,16.81,0.0,0.0,16.81,0.0,0.0,20260330,德昌股份,家用电器,主板,20211021,
605555.SH,20260330,16.81,16.81,16.81,16.81,0.0,0.0,16.81,0.0,0.0,20260331,德昌股份,家用电器,主板,20211021,
605555.SH,20260331,16.81,16.81,16.81,16.81,0.0,0.0,16.81,0.0,0.0,20260401,德昌股份,家用电器,主板,20211021,
605555.SH,20260401,16.81,16.81,16.81,16.81,0.0,0.0,16.81,0.0,0.0,20260402,德昌股份,家用电器,主板,20211021,
688005.SH,20260114,37.35,37.35,37.35,37.35,0.0,0.0,37.35,0.0,0.0,20260115,容百科技,电气设备,科创板,20190722,
688005.SH,20260115,37.35,37.35,37.35,37.35,0.0,0.0,37.35,0.0,0.0,20260116,容百科技,电气设备,科创板,20190722,
688005.SH,20260116,37.35,37.35,37.35,37.35,0.0,0.0,37.35,0.0,0.0,20260119,容百科技,电气设备,科创板,20190722,
688012.SH,20251219,272.72,272.72,272.72,272.72,0.0,0.0,272.72,0.0,0.0,20251222,中微公司,半导体,科创板,20190722,
688012.SH,20251222,272.72,272.72,272.72,272.72,0.0,0.0,272.72,0.0,0.0,20251223,中微公司,半导体,科创板,20190722,
688012.SH,20251223,272.72,272.72,272.72,272.72,0.0,0.0,272.72,0.0,0.0,20251224,中微公司,半导体,科创板,20190722,
688012.SH,20251224,272.72,272.72,272.72,272.72,0.0,0.0,272.72,0.0,0.0,20251225,中微公司,半导体,科创板,20190722,
688012.SH,20251225,272.72,272.72,272.72,272.72,0.0,0.0,272.72,0.0,0.0,20251226,中微公司,半导体,科创板,20190722,
688012.SH,20251226,272.72,272.72,272.72,272.72,0.0,0.0,272.72,0.0,0.0,20251229,中微公司,半导体,科创板,20190722,
688012.SH,20251229,272.72,272.72,272.72,272.72,0.0,0.0,272.72,0.0,0.0,20251230,中微公司,半导体,科创板,20190722,
688012.SH,20251230,272.72,272.72,272.72,272.72,0.0,0.0,272.72,0.0,0.0,20251231,中微公司,半导体,科创板,20190722,
688012.SH,20251231,272.72,272.72,272.72,272.72,0.0,0.0,272.72,0.0,0.0,20260105,中微公司,半导体,科创板,20190722,
688037.SH,20250306,88.48,88.48,88.48,88.48,0.0,0.0,88.48,0.0,0.0,20250307,芯源微,半导体,科创板,20191216,
688037.SH,20250307,88.48,88.48,88.48,88.48,0.0,0.0,88.48,0.0,0.0,20250310,芯源微,半导体,科创板,20191216,
688037.SH,20250310,88.48,88.48,88.48,88.48,0.0,0.0,88.48,0.0,0.0,20250311,芯源微,半导体,科创板,20191216,
688041.SH,20250526,136.13,136.13,136.13,136.13,0.0,0.0,136.13,0.0,0.0,20250527,海光信息,半导体,科创板,20220812,
688041.SH,20250527,136.13,136.13,136.13,136.13,0.0,0.0,136.13,0.0,0.0,20250528,海光信息,半导体,科创板,20220812,
688041.SH,20250528,136.13,136.13,136.13,136.13,0.0,0.0,136.13,0.0,0.0,20250529,海光信息,半导体,科创板,20220812,
688041.SH,20250529,136.13,136.13,136.13,136.13,0.0,0.0,136.13,0.0,0.0,20250530,海光信息,半导体,科创板,20220812,
688041.SH,20250530,136.13,136.13,136.13,136.13,0.0,0.0,136.13,0.0,0.0,20250603,海光信息,半导体,科创板,20220812,
688041.SH,20250603,136.13,136.13,136.13,136.13,0.0,0.0,136.13,0.0,0.0,20250604,海光信息,半导体,科创板,20220812,
688041.SH,20250604,136.13,136.13,136.13,136.13,0.0,0.0,136.13,0.0,0.0,20250605,海光信息,半导体,科创板,20220812,
688041.SH,20250605,136.13,136.13,136.13,136.13,0.0,0.0,136.13,0.0,0.0,20250606,海光信息,半导体,科创板,20220812,
688041.SH,20250606,136.13,136.13,136.13,136.13,0.0,0.0,136.13,0.0,0.0,20250609,海光信息,半导体,科创板,20220812,
688041.SH,20250609,136.13,136.13,136.13,136.13,0.0,0.0,136.13,0.0,0.0,20250610,海光信息,半导体,科创板,20220812,
688109.SH,20250918,49.38,49.38,49.38,49.38,0.0,0.0,49.38,0.0,0.0,20250919,品茗科技,软件服务,科创板,20210330,
688109.SH,20250919,49.38,49.38,49.38,49.38,0.0,0.0,49.38,0.0,0.0,20250922,品茗科技,软件服务,科创板,20210330,
688109.SH,20250922,49.38,49.38,49.38,49.38,0.0,0.0,49.38,0.0,0.0,20250923,品茗科技,软件服务,科创板,20210330,
688109.SH,20250923,49.38,49.38,49.38,49.38,0.0,0.0,49.38,0.0,0.0,20250924,品茗科技,软件服务,科创板,20210330,
688109.SH,20250924,49.08,49.08,49.08,49.08,0.0,0.0,49.38,-0.30000000000000426,-0.6075334143377972,20250925,品茗科技,软件服务,科创板,20210330,
688110.SH,20250829,118.0,118.0,118.0,118.0,0.0,0.0,118.0,0.0,0.0,20250901,东芯股份,半导体,科创板,20211210,
688110.SH,20250901,118.0,118.0,118.0,118.0,0.0,0.0,118.0,0.0,0.0,20250902,东芯股份,半导体,科创板,20211210,
688110.SH,20250902,118.0,118.0,118.0,118.0,0.0,0.0,118.0,0.0,0.0,20250903,东芯股份,半导体,科创板,20211210,
688126.SH,20250224,20.56,20.56,20.56,20.56,0.0,0.0,20.56,0.0,0.0,20250225,沪硅产业,半导体,科创板,20200420,
688126.SH,20250225,20.56,20.56,20.56,20.56,0.0,0.0,20.56,0.0,0.0,20250226,沪硅产业,半导体,科创板,20200420,
688126.SH,20250226,20.56,20.56,20.56,20.56,0.0,0.0,20.56,0.0,0.0,20250227,沪硅产业,半导体,科创板,20200420,
688126.SH,20250227,20.56,20.56,20.56,20.56,0.0,0.0,20.56,0.0,0.0,20250228,沪硅产业,半导体,科创板,20200420,
688126.SH,20250228,20.56,20.56,20.56,20.56,0.0,0.0,20.56,0.0,0.0,20250303,沪硅产业,半导体,科创板,20200420,
688126.SH,20250303,20.56,20.56,20.56,20.56,0.0,0.0,20.56,0.0,0.0,20250304,沪硅产业,半导体,科创板,20200420,
688126.SH,20250304,20.56,20.56,20.56,20.56,0.0,0.0,20.56,0.0,0.0,20250305,沪硅产业,半导体,科创板,20200420,
688126.SH,20250305,20.56,20.56,20.56,20.56,0.0,0.0,20.56,0.0,0.0,20250306,沪硅产业,半导体,科创板,20200420,
688126.SH,20250306,20.56,20.56,20.56,20.56,0.0,0.0,20.56,0.0,0.0,20250307,沪硅产业,半导体,科创板,20200420,
688126.SH,20250307,20.56,20.56,20.56,20.56,0.0,0.0,20.56,0.0,0.0,20250310,沪硅产业,半导体,科创板,20200420,
688143.SH,20241101,27.58,27.58,27.58,27.58,0.0,0.0,27.58,0.0,0.0,20241104,长盈通,通信设备,科创板,20221212,
688143.SH,20241104,27.58,27.58,27.58,27.58,0.0,0.0,27.58,0.0,0.0,20241105,长盈通,通信设备,科创板,20221212,
688143.SH,20241105,27.58,27.58,27.58,27.58,0.0,0.0,27.58,0.0,0.0,20241106,长盈通,通信设备,科创板,20221212,
688143.SH,20241106,27.58,27.58,27.58,27.58,0.0,0.0,27.58,0.0,0.0,20241107,长盈通,通信设备,科创板,20221212,
688143.SH,20241107,27.58,27.58,27.58,27.58,0.0,0.0,27.58,0.0,0.0,20241108,长盈通,通信设备,科创板,20221212,
688143.SH,20241108,27.58,27.58,27.58,27.58,0.0,0.0,27.58,0.0,0.0,20241111,长盈通,通信设备,科创板,20221212,
688143.SH,20241111,27.58,27.58,27.58,27.58,0.0,0.0,27.58,0.0,0.0,20241112,长盈通,通信设备,科创板,20221212,
688143.SH,20241112,27.58,27.58,27.58,27.58,0.0,0.0,27.58,0.0,0.0,20241113,长盈通,通信设备,科创板,20221212,
688143.SH,20241113,27.58,27.58,27.58,27.58,0.0,0.0,27.58,0.0,0.0,20241114,长盈通,通信设备,科创板,20221212,
688165.SH,20260127,22.57,22.57,22.57,22.57,0.0,0.0,22.57,0.0,0.0,20260128,埃夫特-U,专用机械,科创板,20200715,
688165.SH,20260128,22.57,22.57,22.57,22.57,0.0,0.0,22.57,0.0,0.0,20260129,埃夫特-U,专用机械,科创板,20200715,
688165.SH,20260129,22.57,22.57,22.57,22.57,0.0,0.0,22.57,0.0,0.0,20260130,埃夫特-U,专用机械,科创板,20200715,
688165.SH,20260130,22.57,22.57,22.57,22.57,0.0,0.0,22.57,0.0,0.0,20260202,埃夫特-U,专用机械,科创板,20200715,
688165.SH,20260202,22.57,22.57,22.57,22.57,0.0,0.0,22.57,0.0,0.0,20260203,埃夫特-U,专用机械,科创板,20200715,
688165.SH,20260203,22.57,22.57,22.57,22.57,0.0,0.0,22.57,0.0,0.0,20260204,埃夫特-U,专用机械,科创板,20200715,
688165.SH,20260204,22.57,22.57,22.57,22.57,0.0,0.0,22.57,0.0,0.0,20260205,埃夫特-U,专用机械,科创板,20200715,
688165.SH,20260205,22.57,22.57,22.57,22.57,0.0,0.0,22.57,0.0,0.0,20260206,埃夫特-U,专用机械,科创板,20200715,
688165.SH,20260206,22.57,22.57,22.57,22.57,0.0,0.0,22.57,0.0,0.0,20260209,埃夫特-U,专用机械,科创板,20200715,
688165.SH,20260209,22.57,22.57,22.57,22.57,0.0,0.0,22.57,0.0,0.0,20260210,埃夫特-U,专用机械,科创板,20200715,
688173.SH,20241105,11.8,11.8,11.8,11.8,0.0,0.0,11.8,0.0,0.0,20241106,希荻微,半导体,科创板,20220121,
688173.SH,20241106,11.8,11.8,11.8,11.8,0.0,0.0,11.8,0.0,0.0,20241107,希荻微,半导体,科创板,20220121,
688173.SH,20241107,11.8,11.8,11.8,11.8,0.0,0.0,11.8,0.0,0.0,20241108,希荻微,半导体,科创板,20220121,
688173.SH,20241108,11.8,11.8,11.8,11.8,0.0,0.0,11.8,0.0,0.0,20241111,希荻微,半导体,科创板,20220121,
688173.SH,20241111,11.8,11.8,11.8,11.8,0.0,0.0,11.8,0.0,0.0,20241112,希荻微,半导体,科创板,20220121,
688173.SH,20241112,11.8,11.8,11.8,11.8,0.0,0.0,11.8,0.0,0.0,20241113,希荻微,半导体,科创板,20220121,
688173.SH,20241113,11.8,11.8,11.8,11.8,0.0,0.0,11.8,0.0,0.0,20241114,希荻微,半导体,科创板,20220121,
688173.SH,20241114,11.8,11.8,11.8,11.8,0.0,0.0,11.8,0.0,0.0,20241115,希荻微,半导体,科创板,20220121,
688173.SH,20241115,11.8,11.8,11.8,11.8,0.0,0.0,11.8,0.0,0.0,20241118,希荻微,半导体,科创板,20220121,
688191.SH,20260204,38.41,38.41,38.41,38.41,0.0,0.0,38.41,0.0,0.0,20260205,智洋创新,软件服务,科创板,20210408,
688191.SH,20260205,38.41,38.41,38.41,38.41,0.0,0.0,38.41,0.0,0.0,20260206,智洋创新,软件服务,科创板,20210408,
688191.SH,20260206,38.41,38.41,38.41,38.41,0.0,0.0,38.41,0.0,0.0,20260209,智洋创新,软件服务,科创板,20210408,
688191.SH,20260209,38.41,38.41,38.41,38.41,0.0,0.0,38.41,0.0,0.0,20260210,智洋创新,软件服务,科创板,20210408,
688191.SH,20260210,38.41,38.41,38.41,38.41,0.0,0.0,38.41,0.0,0.0,20260211,智洋创新,软件服务,科创板,20210408,
688191.SH,20260211,38.41,38.41,38.41,38.41,0.0,0.0,38.41,0.0,0.0,20260212,智洋创新,软件服务,科创板,20210408,
688191.SH,20260212,38.41,38.41,38.41,38.41,0.0,0.0,38.41,0.0,0.0,20260213,智洋创新,软件服务,科创板,20210408,
688191.SH,20260213,38.41,38.41,38.41,38.41,0.0,0.0,38.41,0.0,0.0,20260224,智洋创新,软件服务,科创板,20210408,
688191.SH,20260224,38.41,38.41,38.41,38.41,0.0,0.0,38.41,0.0,0.0,20260225,智洋创新,软件服务,科创板,20210408,
688191.SH,20260225,38.41,38.41,38.41,38.41,0.0,0.0,38.41,0.0,0.0,20260226,智洋创新,软件服务,科创板,20210408,
688195.SH,20250227,48.51,48.51,48.51,48.51,0.0,0.0,48.51,0.0,0.0,20250228,腾景科技,元器件,科创板,20210326,
688195.SH,20250228,48.51,48.51,48.51,48.51,0.0,0.0,48.51,0.0,0.0,20250303,腾景科技,元器件,科创板,20210326,
688195.SH,20250303,48.51,48.51,48.51,48.51,0.0,0.0,48.51,0.0,0.0,20250304,腾景科技,元器件,科创板,20210326,
688195.SH,20250304,48.51,48.51,48.51,48.51,0.0,0.0,48.51,0.0,0.0,20250305,腾景科技,元器件,科创板,20210326,
688195.SH,20250305,48.51,48.51,48.51,48.51,0.0,0.0,48.51,0.0,0.0,20250306,腾景科技,元器件,科创板,20210326,
688195.SH,20250306,48.51,48.51,48.51,48.51,0.0,0.0,48.51,0.0,0.0,20250307,腾景科技,元器件,科创板,20210326,
688195.SH,20250307,48.51,48.51,48.51,48.51,0.0,0.0,48.51,0.0,0.0,20250310,腾景科技,元器件,科创板,20210326,
688195.SH,20250310,48.51,48.51,48.51,48.51,0.0,0.0,48.51,0.0,0.0,20250311,腾景科技,元器件,科创板,20210326,
688195.SH,20250311,48.51,48.51,48.51,48.51,0.0,0.0,48.51,0.0,0.0,20250312,腾景科技,元器件,科创板,20210326,
688195.SH,20250312,48.51,48.51,48.51,48.51,0.0,0.0,48.51,0.0,0.0,20250313,腾景科技,元器件,科创板,20210326,
688206.SH,20250328,23.75,23.75,23.75,23.75,0.0,0.0,23.75,0.0,0.0,20250331,概伦电子,半导体,科创板,20211228,
688206.SH,20250331,23.75,23.75,23.75,23.75,0.0,0.0,23.75,0.0,0.0,20250401,概伦电子,半导体,科创板,20211228,
688206.SH,20250401,23.75,23.75,23.75,23.75,0.0,0.0,23.75,0.0,0.0,20250402,概伦电子,半导体,科创板,20211228,
688206.SH,20250402,23.75,23.75,23.75,23.75,0.0,0.0,23.75,0.0,0.0,20250403,概伦电子,半导体,科创板,20211228,
688206.SH,20250403,23.75,23.75,23.75,23.75,0.0,0.0,23.75,0.0,0.0,20250407,概伦电子,半导体,科创板,20211228,
688206.SH,20250407,23.75,23.75,23.75,23.75,0.0,0.0,23.75,0.0,0.0,20250408,概伦电子,半导体,科创板,20211228,
688206.SH,20250408,23.75,23.75,23.75,23.75,0.0,0.0,23.75,0.0,0.0,20250409,概伦电子,半导体,科创板,20211228,
688206.SH,20250409,23.75,23.75,23.75,23.75,0.0,0.0,23.75,0.0,0.0,20250410,概伦电子,半导体,科创板,20211228,
688206.SH,20250410,23.75,23.75,23.75,23.75,0.0,0.0,23.75,0.0,0.0,20250411,概伦电子,半导体,科创板,20211228,
688206.SH,20250411,23.75,23.75,23.75,23.75,0.0,0.0,23.75,0.0,0.0,20250414,概伦电子,半导体,科创板,20211228,
688209.SH,20250304,19.94,19.94,19.94,19.94,0.0,0.0,19.94,0.0,0.0,20250305,英集芯,半导体,科创板,20220419,
688209.SH,20250305,19.94,19.94,19.94,19.94,0.0,0.0,19.94,0.0,0.0,20250306,英集芯,半导体,科创板,20220419,
688209.SH,20250306,19.94,19.94,19.94,19.94,0.0,0.0,19.94,0.0,0.0,20250307,英集芯,半导体,科创板,20220419,
688209.SH,20250307,19.94,19.94,19.94,19.94,0.0,0.0,19.94,0.0,0.0,20250310,英集芯,半导体,科创板,20220419,
688209.SH,20250310,19.94,19.94,19.94,19.94,0.0,0.0,19.94,0.0,0.0,20250311,英集芯,半导体,科创板,20220419,
688209.SH,20250311,19.94,19.94,19.94,19.94,0.0,0.0,19.94,0.0,0.0,20250312,英集芯,半导体,科创板,20220419,
688209.SH,20250312,19.94,19.94,19.94,19.94,0.0,0.0,19.94,0.0,0.0,20250313,英集芯,半导体,科创板,20220419,
688209.SH,20250313,19.94,19.94,19.94,19.94,0.0,0.0,19.94,0.0,0.0,20250314,英集芯,半导体,科创板,20220419,
688209.SH,20250314,19.94,19.94,19.94,19.94,0.0,0.0,19.94,0.0,0.0,20250317,英集芯,半导体,科创板,20220419,
688209.SH,20250317,19.94,19.94,19.94,19.94,0.0,0.0,19.94,0.0,0.0,20250318,英集芯,半导体,科创板,20220419,
688228.SH,20250811,65.8,65.8,65.8,65.8,0.0,0.0,65.8,0.0,0.0,20250812,开普云,软件服务,科创板,20200327,
688228.SH,20250812,65.8,65.8,65.8,65.8,0.0,0.0,65.8,0.0,0.0,20250813,开普云,软件服务,科创板,20200327,
688228.SH,20250813,65.8,65.8,65.8,65.8,0.0,0.0,65.8,0.0,0.0,20250814,开普云,软件服务,科创板,20200327,
688228.SH,20250814,65.8,65.8,65.8,65.8,0.0,0.0,65.8,0.0,0.0,20250815,开普云,软件服务,科创板,20200327,
688228.SH,20250815,65.8,65.8,65.8,65.8,0.0,0.0,65.8,0.0,0.0,20250818,开普云,软件服务,科创板,20200327,
688228.SH,20250818,65.8,65.8,65.8,65.8,0.0,0.0,65.8,0.0,0.0,20250819,开普云,软件服务,科创板,20200327,
688228.SH,20250819,65.8,65.8,65.8,65.8,0.0,0.0,65.8,0.0,0.0,20250820,开普云,软件服务,科创板,20200327,
688228.SH,20250820,65.8,65.8,65.8,65.8,0.0,0.0,65.8,0.0,0.0,20250821,开普云,软件服务,科创板,20200327,
688228.SH,20250821,65.8,65.8,65.8,65.8,0.0,0.0,65.8,0.0,0.0,20250822,开普云,软件服务,科创板,20200327,
688228.SH,20250822,65.8,65.8,65.8,65.8,0.0,0.0,65.8,0.0,0.0,20250825,开普云,软件服务,科创板,20200327,
688291.SH,20250731,33.39,33.39,33.39,33.39,0.0,0.0,33.39,0.0,0.0,20250801,金橙子,软件服务,科创板,20221026,
688291.SH,20250801,33.39,33.39,33.39,33.39,0.0,0.0,33.39,0.0,0.0,20250804,金橙子,软件服务,科创板,20221026,
688291.SH,20250804,33.39,33.39,33.39,33.39,0.0,0.0,33.39,0.0,0.0,20250805,金橙子,软件服务,科创板,20221026,
688291.SH,20250805,33.39,33.39,33.39,33.39,0.0,0.0,33.39,0.0,0.0,20250806,金橙子,软件服务,科创板,20221026,
688291.SH,20250806,33.39,33.39,33.39,33.39,0.0,0.0,33.39,0.0,0.0,20250807,金橙子,软件服务,科创板,20221026,
688291.SH,20250807,33.39,33.39,33.39,33.39,0.0,0.0,33.39,0.0,0.0,20250808,金橙子,软件服务,科创板,20221026,
688291.SH,20250808,33.39,33.39,33.39,33.39,0.0,0.0,33.39,0.0,0.0,20250811,金橙子,软件服务,科创板,20221026,
688291.SH,20250811,33.39,33.39,33.39,33.39,0.0,0.0,33.39,0.0,0.0,20250812,金橙子,软件服务,科创板,20221026,
688291.SH,20250812,33.39,33.39,33.39,33.39,0.0,0.0,33.39,0.0,0.0,20250813,金橙子,软件服务,科创板,20221026,
688313.SH,20250630,38.05,38.05,38.05,38.05,0.0,0.0,38.05,0.0,0.0,20250701,仕佳光子,通信设备,科创板,20200812,
688313.SH,20250701,38.05,38.05,38.05,38.05,0.0,0.0,38.05,0.0,0.0,20250702,仕佳光子,通信设备,科创板,20200812,
688313.SH,20250702,38.05,38.05,38.05,38.05,0.0,0.0,38.05,0.0,0.0,20250703,仕佳光子,通信设备,科创板,20200812,
688313.SH,20250703,38.05,38.05,38.05,38.05,0.0,0.0,38.05,0.0,0.0,20250704,仕佳光子,通信设备,科创板,20200812,
688313.SH,20250704,38.05,38.05,38.05,38.05,0.0,0.0,38.05,0.0,0.0,20250707,仕佳光子,通信设备,科创板,20200812,
688313.SH,20250707,38.05,38.05,38.05,38.05,0.0,0.0,38.05,0.0,0.0,20250708,仕佳光子,通信设备,科创板,20200812,
688313.SH,20250708,38.05,38.05,38.05,38.05,0.0,0.0,38.05,0.0,0.0,20250709,仕佳光子,通信设备,科创板,20200812,
688313.SH,20250709,38.05,38.05,38.05,38.05,0.0,0.0,38.05,0.0,0.0,20250710,仕佳光子,通信设备,科创板,20200812,
688313.SH,20250710,38.05,38.05,38.05,38.05,0.0,0.0,38.05,0.0,0.0,20250711,仕佳光子,通信设备,科创板,20200812,
688339.SH,20250227,24.23,24.23,24.23,24.23,0.0,0.0,24.23,0.0,0.0,20250228,亿华通-U,汽车配件,科创板,20200810,
688339.SH,20250228,24.23,24.23,24.23,24.23,0.0,0.0,24.23,0.0,0.0,20250303,亿华通-U,汽车配件,科创板,20200810,
688339.SH,20250303,24.23,24.23,24.23,24.23,0.0,0.0,24.23,0.0,0.0,20250304,亿华通-U,汽车配件,科创板,20200810,
688339.SH,20250304,24.23,24.23,24.23,24.23,0.0,0.0,24.23,0.0,0.0,20250305,亿华通-U,汽车配件,科创板,20200810,
688339.SH,20250305,24.23,24.23,24.23,24.23,0.0,0.0,24.23,0.0,0.0,20250306,亿华通-U,汽车配件,科创板,20200810,
688339.SH,20250306,24.23,24.23,24.23,24.23,0.0,0.0,24.23,0.0,0.0,20250307,亿华通-U,汽车配件,科创板,20200810,
688339.SH,20250307,24.23,24.23,24.23,24.23,0.0,0.0,24.23,0.0,0.0,20250310,亿华通-U,汽车配件,科创板,20200810,
688339.SH,20250310,24.23,24.23,24.23,24.23,0.0,0.0,24.23,0.0,0.0,20250311,亿华通-U,汽车配件,科创板,20200810,
688339.SH,20250311,24.23,24.23,24.23,24.23,0.0,0.0,24.23,0.0,0.0,20250312,亿华通-U,汽车配件,科创板,20200810,
688339.SH,20250312,24.23,24.23,24.23,24.23,0.0,0.0,24.23,0.0,0.0,20250313,亿华通-U,汽车配件,科创板,20200810,
688347.SH,20250818,78.5,78.5,78.5,78.5,0.0,0.0,78.5,0.0,0.0,20250819,华虹公司,半导体,科创板,20230807,
688347.SH,20250819,78.5,78.5,78.5,78.5,0.0,0.0,78.5,0.0,0.0,20250820,华虹公司,半导体,科创板,20230807,
688347.SH,20250820,78.5,78.5,78.5,78.5,0.0,0.0,78.5,0.0,0.0,20250821,华虹公司,半导体,科创板,20230807,
688347.SH,20250821,78.5,78.5,78.5,78.5,0.0,0.0,78.5,0.0,0.0,20250822,华虹公司,半导体,科创板,20230807,
688347.SH,20250822,78.5,78.5,78.5,78.5,0.0,0.0,78.5,0.0,0.0,20250825,华虹公司,半导体,科创板,20230807,
688347.SH,20250825,78.5,78.5,78.5,78.5,0.0,0.0,78.5,0.0,0.0,20250826,华虹公司,半导体,科创板,20230807,
688347.SH,20250826,78.5,78.5,78.5,78.5,0.0,0.0,78.5,0.0,0.0,20250827,华虹公司,半导体,科创板,20230807,
688347.SH,20250827,78.5,78.5,78.5,78.5,0.0,0.0,78.5,0.0,0.0,20250828,华虹公司,半导体,科创板,20230807,
688347.SH,20250828,78.5,78.5,78.5,78.5,0.0,0.0,78.5,0.0,0.0,20250829,华虹公司,半导体,科创板,20230807,
688347.SH,20250829,78.5,78.5,78.5,78.5,0.0,0.0,78.5,0.0,0.0,20250901,华虹公司,半导体,科创板,20230807,
688368.SH,20241022,104.82,104.82,104.82,104.82,0.0,0.0,104.82,0.0,0.0,20241023,晶丰明源,半导体,科创板,20191014,
688368.SH,20241023,104.82,104.82,104.82,104.82,0.0,0.0,104.82,0.0,0.0,20241024,晶丰明源,半导体,科创板,20191014,
688368.SH,20241024,104.82,104.82,104.82,104.82,0.0,0.0,104.82,0.0,0.0,20241025,晶丰明源,半导体,科创板,20191014,
688368.SH,20241025,104.82,104.82,104.82,104.82,0.0,0.0,104.82,0.0,0.0,20241028,晶丰明源,半导体,科创板,20191014,
688368.SH,20241028,104.82,104.82,104.82,104.82,0.0,0.0,104.82,0.0,0.0,20241029,晶丰明源,半导体,科创板,20191014,
688368.SH,20241029,104.82,104.82,104.82,104.82,0.0,0.0,104.82,0.0,0.0,20241030,晶丰明源,半导体,科创板,20191014,
688368.SH,20241030,104.82,104.82,104.82,104.82,0.0,0.0,104.82,0.0,0.0,20241031,晶丰明源,半导体,科创板,20191014,
688368.SH,20241031,104.82,104.82,104.82,104.82,0.0,0.0,104.82,0.0,0.0,20241101,晶丰明源,半导体,科创板,20191014,
688368.SH,20241101,104.82,104.82,104.82,104.82,0.0,0.0,104.82,0.0,0.0,20241104,晶丰明源,半导体,科创板,20191014,
688368.SH,20241104,104.82,104.82,104.82,104.82,0.0,0.0,104.82,0.0,0.0,20241105,晶丰明源,半导体,科创板,20191014,
688478.SH,20250826,41.79,41.79,41.79,41.79,0.0,0.0,41.79,0.0,0.0,20250827,晶升股份,半导体,科创板,20230424,
688478.SH,20250827,41.79,41.79,41.79,41.79,0.0,0.0,41.79,0.0,0.0,20250828,晶升股份,半导体,科创板,20230424,
688478.SH,20250828,41.79,41.79,41.79,41.79,0.0,0.0,41.79,0.0,0.0,20250829,晶升股份,半导体,科创板,20230424,
688478.SH,20250829,41.79,41.79,41.79,41.79,0.0,0.0,41.79,0.0,0.0,20250901,晶升股份,半导体,科创板,20230424,
688478.SH,20250901,41.79,41.79,41.79,41.79,0.0,0.0,41.79,0.0,0.0,20250902,晶升股份,半导体,科创板,20230424,
688478.SH,20250902,41.79,41.79,41.79,41.79,0.0,0.0,41.79,0.0,0.0,20250903,晶升股份,半导体,科创板,20230424,
688478.SH,20250903,41.79,41.79,41.79,41.79,0.0,0.0,41.79,0.0,0.0,20250904,晶升股份,半导体,科创板,20230424,
688478.SH,20250904,41.79,41.79,41.79,41.79,0.0,0.0,41.79,0.0,0.0,20250905,晶升股份,半导体,科创板,20230424,
688478.SH,20250905,41.79,41.79,41.79,41.79,0.0,0.0,41.79,0.0,0.0,20250908,晶升股份,半导体,科创板,20230424,
688478.SH,20250908,41.79,41.79,41.79,41.79,0.0,0.0,41.79,0.0,0.0,20250909,晶升股份,半导体,科创板,20230424,
688500.SH,20240607,29.3,29.3,29.3,29.3,0.0,0.0,29.3,0.0,0.0,20240611,慧辰股份,互联网,科创板,20200716,
688521.SH,20250829,153.0,153.0,153.0,153.0,0.0,0.0,153.0,0.0,0.0,20250901,芯原股份,半导体,科创板,20200818,
688521.SH,20250901,153.0,153.0,153.0,153.0,0.0,0.0,153.0,0.0,0.0,20250902,芯原股份,半导体,科创板,20200818,
688521.SH,20250902,153.0,153.0,153.0,153.0,0.0,0.0,153.0,0.0,0.0,20250903,芯原股份,半导体,科创板,20200818,
688521.SH,20250903,153.0,153.0,153.0,153.0,0.0,0.0,153.0,0.0,0.0,20250904,芯原股份,半导体,科创板,20200818,
688521.SH,20250904,153.0,153.0,153.0,153.0,0.0,0.0,153.0,0.0,0.0,20250905,芯原股份,半导体,科创板,20200818,
688521.SH,20250905,153.0,153.0,153.0,153.0,0.0,0.0,153.0,0.0,0.0,20250908,芯原股份,半导体,科创板,20200818,
688521.SH,20250908,153.0,153.0,153.0,153.0,0.0,0.0,153.0,0.0,0.0,20250909,芯原股份,半导体,科创板,20200818,
688521.SH,20250909,153.0,153.0,153.0,153.0,0.0,0.0,153.0,0.0,0.0,20250910,芯原股份,半导体,科创板,20200818,
688521.SH,20250910,153.0,153.0,153.0,153.0,0.0,0.0,153.0,0.0,0.0,20250911,芯原股份,半导体,科创板,20200818,
688521.SH,20250911,153.0,153.0,153.0,153.0,0.0,0.0,153.0,0.0,0.0,20250912,芯原股份,半导体,科创板,20200818,
688522.SH,20250108,53.06,53.06,53.06,53.06,0.0,0.0,53.06,0.0,0.0,20250109,纳睿雷达,通信设备,科创板,20230301,
688522.SH,20250109,53.06,53.06,53.06,53.06,0.0,0.0,53.06,0.0,0.0,20250110,纳睿雷达,通信设备,科创板,20230301,
688522.SH,20250110,53.06,53.06,53.06,53.06,0.0,0.0,53.06,0.0,0.0,20250113,纳睿雷达,通信设备,科创板,20230301,
688522.SH,20250113,53.06,53.06,53.06,53.06,0.0,0.0,53.06,0.0,0.0,20250114,纳睿雷达,通信设备,科创板,20230301,
688522.SH,20250114,53.06,53.06,53.06,53.06,0.0,0.0,53.06,0.0,0.0,20250115,纳睿雷达,通信设备,科创板,20230301,
688522.SH,20250115,53.06,53.06,53.06,53.06,0.0,0.0,53.06,0.0,0.0,20250116,纳睿雷达,通信设备,科创板,20230301,
688522.SH,20250116,53.06,53.06,53.06,53.06,0.0,0.0,53.06,0.0,0.0,20250117,纳睿雷达,通信设备,科创板,20230301,
688522.SH,20250117,53.06,53.06,53.06,53.06,0.0,0.0,53.06,0.0,0.0,20250120,纳睿雷达,通信设备,科创板,20230301,
688522.SH,20250120,53.06,53.06,53.06,53.06,0.0,0.0,53.06,0.0,0.0,20250121,纳睿雷达,通信设备,科创板,20230301,
688522.SH,20250121,53.06,53.06,53.06,53.06,0.0,0.0,53.06,0.0,0.0,20250122,纳睿雷达,通信设备,科创板,20230301,
688531.SH,20260415,83.75,83.75,83.75,83.75,0.0,0.0,83.75,0.0,0.0,20260416,日联科技,专用机械,科创板,20230331,
688531.SH,20260416,83.75,83.75,83.75,83.75,0.0,0.0,83.75,0.0,0.0,20260417,日联科技,专用机械,科创板,20230331,
688531.SH,20260417,83.75,83.75,83.75,83.75,0.0,0.0,83.75,0.0,0.0,20260420,日联科技,专用机械,科创板,20230331,
688531.SH,20260420,83.75,83.75,83.75,83.75,0.0,0.0,83.75,0.0,0.0,20260421,日联科技,专用机械,科创板,20230331,
688531.SH,20260421,83.75,83.75,83.75,83.75,0.0,0.0,83.75,0.0,0.0,20260422,日联科技,专用机械,科创板,20230331,
688531.SH,20260422,83.75,83.75,83.75,83.75,0.0,0.0,83.75,0.0,0.0,20260423,日联科技,专用机械,科创板,20230331,
688531.SH,20260423,83.75,83.75,83.75,83.75,0.0,0.0,83.75,0.0,0.0,20260424,日联科技,专用机械,科创板,20230331,
688531.SH,20260424,83.75,83.75,83.75,83.75,0.0,0.0,83.75,0.0,0.0,20260427,日联科技,专用机械,科创板,20230331,
688531.SH,20260427,83.75,83.75,83.75,83.75,0.0,0.0,83.75,0.0,0.0,20260428,日联科技,专用机械,科创板,20230331,
688531.SH,20260428,83.75,83.75,83.75,83.75,0.0,0.0,83.75,0.0,0.0,20260429,日联科技,专用机械,科创板,20230331,
688535.SH,20241112,92.81,92.81,92.81,92.81,0.0,0.0,92.81,0.0,0.0,20241113,华海诚科,半导体,科创板,20230404,
688535.SH,20241113,92.81,92.81,92.81,92.81,0.0,0.0,92.81,0.0,0.0,20241114,华海诚科,半导体,科创板,20230404,
688535.SH,20241114,92.81,92.81,92.81,92.81,0.0,0.0,92.81,0.0,0.0,20241115,华海诚科,半导体,科创板,20230404,
688535.SH,20241115,92.81,92.81,92.81,92.81,0.0,0.0,92.81,0.0,0.0,20241118,华海诚科,半导体,科创板,20230404,
688535.SH,20241118,92.81,92.81,92.81,92.81,0.0,0.0,92.81,0.0,0.0,20241119,华海诚科,半导体,科创板,20230404,
688535.SH,20241119,92.81,92.81,92.81,92.81,0.0,0.0,92.81,0.0,0.0,20241120,华海诚科,半导体,科创板,20230404,
688535.SH,20241120,92.81,92.81,92.81,92.81,0.0,0.0,92.81,0.0,0.0,20241121,华海诚科,半导体,科创板,20230404,
688535.SH,20241121,92.81,92.81,92.81,92.81,0.0,0.0,92.81,0.0,0.0,20241122,华海诚科,半导体,科创板,20230404,
688535.SH,20241122,92.81,92.81,92.81,92.81,0.0,0.0,92.81,0.0,0.0,20241125,华海诚科,半导体,科创板,20230404,
688535.SH,20241125,92.81,92.81,92.81,92.81,0.0,0.0,92.81,0.0,0.0,20241126,华海诚科,半导体,科创板,20230404,
688536.SH,20251126,148.18,148.18,148.18,148.18,0.0,0.0,148.18,0.0,0.0,20251127,思瑞浦,半导体,科创板,20200921,
688536.SH,20251127,148.18,148.18,148.18,148.18,0.0,0.0,148.18,0.0,0.0,20251128,思瑞浦,半导体,科创板,20200921,
688536.SH,20251128,148.18,148.18,148.18,148.18,0.0,0.0,148.18,0.0,0.0,20251201,思瑞浦,半导体,科创板,20200921,
688536.SH,20251201,148.18,148.18,148.18,148.18,0.0,0.0,148.18,0.0,0.0,20251202,思瑞浦,半导体,科创板,20200921,
688536.SH,20251202,148.18,148.18,148.18,148.18,0.0,0.0,148.18,0.0,0.0,20251203,思瑞浦,半导体,科创板,20200921,
688536.SH,20251203,148.18,148.18,148.18,148.18,0.0,0.0,148.18,0.0,0.0,20251204,思瑞浦,半导体,科创板,20200921,
688536.SH,20251204,148.18,148.18,148.18,148.18,0.0,0.0,148.18,0.0,0.0,20251205,思瑞浦,半导体,科创板,20200921,
688536.SH,20251205,148.18,148.18,148.18,148.18,0.0,0.0,148.18,0.0,0.0,20251208,思瑞浦,半导体,科创板,20200921,
688536.SH,20251208,148.18,148.18,148.18,148.18,0.0,0.0,148.18,0.0,0.0,20251209,思瑞浦,半导体,科创板,20200921,
688536.SH,20251209,148.18,148.18,148.18,148.18,0.0,0.0,148.18,0.0,0.0,20251210,思瑞浦,半导体,科创板,20200921,
688567.SH,20250102,11.6,11.6,11.6,11.6,0.0,0.0,11.6,0.0,0.0,20250103,孚能科技,电气设备,科创板,20200717,
688567.SH,20250103,11.6,11.6,11.6,11.6,0.0,0.0,11.6,0.0,0.0,20250106,孚能科技,电气设备,科创板,20200717,
688585.SH,20250702,7.78,7.78,7.78,7.78,0.0,0.0,7.78,0.0,0.0,20250703,上纬新材,化工原料,科创板,20200928,
688585.SH,20250703,7.78,7.78,7.78,7.78,0.0,0.0,7.78,0.0,0.0,20250704,上纬新材,化工原料,科创板,20200928,
688585.SH,20250704,7.78,7.78,7.78,7.78,0.0,0.0,7.78,0.0,0.0,20250707,上纬新材,化工原料,科创板,20200928,
688585.SH,20250707,7.78,7.78,7.78,7.78,0.0,0.0,7.78,0.0,0.0,20250708,上纬新材,化工原料,科创板,20200928,
688585.SH,20250708,7.78,7.78,7.78,7.78,0.0,0.0,7.78,0.0,0.0,20250709,上纬新材,化工原料,科创板,20200928,
688585.SH,20250731,92.07,92.07,92.07,92.07,0.0,0.0,92.07,0.0,0.0,20250801,上纬新材,化工原料,科创板,20200928,
688585.SH,20250801,92.07,92.07,92.07,92.07,0.0,0.0,92.07,0.0,0.0,20250804,上纬新材,化工原料,科创板,20200928,
688585.SH,20250804,92.07,92.07,92.07,92.07,0.0,0.0,92.07,0.0,0.0,20250805,上纬新材,化工原料,科创板,20200928,
688585.SH,20250926,132.1,132.1,132.1,132.1,0.0,0.0,132.1,0.0,0.0,20250929,上纬新材,化工原料,科创板,20200928,
688585.SH,20250929,132.1,132.1,132.1,132.1,0.0,0.0,132.1,0.0,0.0,20250930,上纬新材,化工原料,科创板,20200928,
688585.SH,20250930,132.1,132.1,132.1,132.1,0.0,0.0,132.1,0.0,0.0,20251009,上纬新材,化工原料,科创板,20200928,
688585.SH,20251009,132.1,132.1,132.1,132.1,0.0,0.0,132.1,0.0,0.0,20251010,上纬新材,化工原料,科创板,20200928,
688585.SH,20251010,132.1,132.1,132.1,132.1,0.0,0.0,132.1,0.0,0.0,20251013,上纬新材,化工原料,科创板,20200928,
688585.SH,20251029,108.21,108.21,108.21,108.21,0.0,0.0,108.21,0.0,0.0,20251030,上纬新材,化工原料,科创板,20200928,
688591.SH,20250825,52.88,52.88,52.88,52.88,0.0,0.0,52.88,0.0,0.0,20250826,泰凌微,半导体,科创板,20230825,
688591.SH,20250826,52.88,52.88,52.88,52.88,0.0,0.0,52.88,0.0,0.0,20250827,泰凌微,半导体,科创板,20230825,
688591.SH,20250827,52.88,52.88,52.88,52.88,0.0,0.0,52.88,0.0,0.0,20250828,泰凌微,半导体,科创板,20230825,
688591.SH,20250828,52.88,52.88,52.88,52.88,0.0,0.0,52.88,0.0,0.0,20250829,泰凌微,半导体,科创板,20230825,
688591.SH,20250829,52.88,52.88,52.88,52.88,0.0,0.0,52.88,0.0,0.0,20250901,泰凌微,半导体,科创板,20230825,
688593.SH,20250303,22.92,22.92,22.92,22.92,0.0,0.0,22.92,0.0,0.0,20250304,新相微,半导体,科创板,20230601,
688593.SH,20250304,22.92,22.92,22.92,22.92,0.0,0.0,22.92,0.0,0.0,20250305,新相微,半导体,科创板,20230601,
688593.SH,20250305,22.92,22.92,22.92,22.92,0.0,0.0,22.92,0.0,0.0,20250306,新相微,半导体,科创板,20230601,
688593.SH,20250306,22.92,22.92,22.92,22.92,0.0,0.0,22.92,0.0,0.0,20250307,新相微,半导体,科创板,20230601,
688593.SH,20250307,22.92,22.92,22.92,22.92,0.0,0.0,22.92,0.0,0.0,20250310,新相微,半导体,科创板,20230601,
688593.SH,20250310,22.92,22.92,22.92,22.92,0.0,0.0,22.92,0.0,0.0,20250311,新相微,半导体,科创板,20230601,
688593.SH,20250311,22.92,22.92,22.92,22.92,0.0,0.0,22.92,0.0,0.0,20250312,新相微,半导体,科创板,20230601,
688593.SH,20250312,22.92,22.92,22.92,22.92,0.0,0.0,22.92,0.0,0.0,20250313,新相微,半导体,科创板,20230601,
688593.SH,20250313,22.92,22.92,22.92,22.92,0.0,0.0,22.92,0.0,0.0,20250314,新相微,半导体,科创板,20230601,
688593.SH,20250314,22.92,22.92,22.92,22.92,0.0,0.0,22.92,0.0,0.0,20250317,新相微,半导体,科创板,20230601,
688621.SH,20250425,45.97,45.97,45.97,45.97,0.0,0.0,45.97,0.0,0.0,20250428,阳光诺和,医疗保健,科创板,20210621,
688621.SH,20250428,45.97,45.97,45.97,45.97,0.0,0.0,45.97,0.0,0.0,20250429,阳光诺和,医疗保健,科创板,20210621,
688621.SH,20250429,45.97,45.97,45.97,45.97,0.0,0.0,45.97,0.0,0.0,20250430,阳光诺和,医疗保健,科创板,20210621,
688621.SH,20250430,45.97,45.97,45.97,45.97,0.0,0.0,45.97,0.0,0.0,20250506,阳光诺和,医疗保健,科创板,20210621,
688621.SH,20250506,45.97,45.97,45.97,45.97,0.0,0.0,45.97,0.0,0.0,20250507,阳光诺和,医疗保健,科创板,20210621,
688621.SH,20250507,45.97,45.97,45.97,45.97,0.0,0.0,45.97,0.0,0.0,20250508,阳光诺和,医疗保健,科创板,20210621,
688621.SH,20250508,45.97,45.97,45.97,45.97,0.0,0.0,45.97,0.0,0.0,20250509,阳光诺和,医疗保健,科创板,20210621,
688621.SH,20250509,45.97,45.97,45.97,45.97,0.0,0.0,45.97,0.0,0.0,20250512,阳光诺和,医疗保健,科创板,20210621,
688621.SH,20250512,45.97,45.97,45.97,45.97,0.0,0.0,45.97,0.0,0.0,20250513,阳光诺和,医疗保健,科创板,20210621,
688720.SH,20250124,41.0,41.0,41.0,41.0,0.0,0.0,41.0,0.0,0.0,20250127,艾森股份,半导体,科创板,20231206,
688720.SH,20250127,41.0,41.0,41.0,41.0,0.0,0.0,41.0,0.0,0.0,20250205,艾森股份,半导体,科创板,20231206,
688720.SH,20250205,41.0,41.0,41.0,41.0,0.0,0.0,41.0,0.0,0.0,20250206,艾森股份,半导体,科创板,20231206,
688720.SH,20250206,41.0,41.0,41.0,41.0,0.0,0.0,41.0,0.0,0.0,20250207,艾森股份,半导体,科创板,20231206,
688720.SH,20250207,41.0,41.0,41.0,41.0,0.0,0.0,41.0,0.0,0.0,20250210,艾森股份,半导体,科创板,20231206,
688720.SH,20250210,41.0,41.0,41.0,41.0,0.0,0.0,41.0,0.0,0.0,20250211,艾森股份,半导体,科创板,20231206,
688720.SH,20250211,41.0,41.0,41.0,41.0,0.0,0.0,41.0,0.0,0.0,20250212,艾森股份,半导体,科创板,20231206,
688720.SH,20250212,41.0,41.0,41.0,41.0,0.0,0.0,41.0,0.0,0.0,20250213,艾森股份,半导体,科创板,20231206,
688720.SH,20250213,41.0,41.0,41.0,41.0,0.0,0.0,41.0,0.0,0.0,20250214,艾森股份,半导体,科创板,20231206,
688720.SH,20250214,41.0,41.0,41.0,41.0,0.0,0.0,41.0,0.0,0.0,20250217,艾森股份,半导体,科创板,20231206,
688766.SH,20251125,124.49,124.49,124.49,124.49,0.0,0.0,124.49,0.0,0.0,20251126,普冉股份,半导体,科创板,20210823,
688766.SH,20251126,124.49,124.49,124.49,124.49,0.0,0.0,124.49,0.0,0.0,20251127,普冉股份,半导体,科创板,20210823,
688766.SH,20251127,124.49,124.49,124.49,124.49,0.0,0.0,124.49,0.0,0.0,20251128,普冉股份,半导体,科创板,20210823,
688766.SH,20251128,124.49,124.49,124.49,124.49,0.0,0.0,124.49,0.0,0.0,20251201,普冉股份,半导体,科创板,20210823,
688766.SH,20251201,124.49,124.49,124.49,124.49,0.0,0.0,124.49,0.0,0.0,20251202,普冉股份,半导体,科创板,20210823,
688766.SH,20251202,124.49,124.49,124.49,124.49,0.0,0.0,124.49,0.0,0.0,20251203,普冉股份,半导体,科创板,20210823,
688766.SH,20251203,124.49,124.49,124.49,124.49,0.0,0.0,124.49,0.0,0.0,20251204,普冉股份,半导体,科创板,20210823,
688766.SH,20251204,124.49,124.49,124.49,124.49,0.0,0.0,124.49,0.0,0.0,20251205,普冉股份,半导体,科创板,20210823,
688766.SH,20251205,124.49,124.49,124.49,124.49,0.0,0.0,124.49,0.0,0.0,20251208,普冉股份,半导体,科创板,20210823,
688766.SH,20251208,124.49,124.49,124.49,124.49,0.0,0.0,124.49,0.0,0.0,20251209,普冉股份,半导体,科创板,20210823,
688981.SH,20250901,114.76,114.76,114.76,114.76,0.0,0.0,114.76,0.0,0.0,20250902,中芯国际,半导体,科创板,20200716,
688981.SH,20250902,114.76,114.76,114.76,114.76,0.0,0.0,114.76,0.0,0.0,20250903,中芯国际,半导体,科创板,20200716,
688981.SH,20250903,114.76,114.76,114.76,114.76,0.0,0.0,114.76,0.0,0.0,20250904,中芯国际,半导体,科创板,20200716,
688981.SH,20250904,114.76,114.76,114.76,114.76,0.0,0.0,114.76,0.0,0.0,20250905,中芯国际,半导体,科创板,20200716,
688981.SH,20250905,114.76,114.76,114.76,114.76,0.0,0.0,114.76,0.0,0.0,20250908,中芯国际,半导体,科创板,20200716,
688981.SH,20250908,114.76,114.76,114.76,114.76,0.0,0.0,114.76,0.0,0.0,20250909,中芯国际,半导体,科创板,20200716,
