trade_date,ts_code,amount_sofar_log,tail_amount_share,tail_amount_vs_prev20,target_return,amount_sofar,tail_1430_1450_amount,buy_100000_pct_amount_sofar,buy_100000_pct_tail_1430_1450,buy_500000_pct_amount_sofar,buy_500000_pct_tail_1430_1450,buy_1000000_pct_amount_sofar,buy_1000000_pct_tail_1430_1450,buy_5000000_pct_amount_sofar,buy_5000000_pct_tail_1430_1450
20260224,002647.SZ,18.30209177236685,0.0082676481033341,35.61034272064774,0.045754733552308,88817277.99999999,734309.9999999974,0.00011259070560572687,0.0136182266345277,0.0005629535280286343,0.0680911331726385,0.0011259070560572686,0.136182266345277,0.005629535280286343,0.680911331726385
20260224,605188.SH,17.9075961038626,0.1182399230824368,399.9795058675407,-0.0010317793093769,59864610.999999925,7078386.999999992,0.0001670435977609545,0.0014127512383824185,0.0008352179888047725,0.007063756191912092,0.001670435977609545,0.014127512383824184,0.008352179888047725,0.07063756191912092
20260224,301001.SZ,17.820505238297038,0.0961989734148389,209.23029070452537,0.028035279345753,54871531.500000045,5278585.0,0.00018224386538217896,0.0018944470914080194,0.0009112193269108947,0.009472235457040097,0.0018224386538217895,0.018944470914080195,0.009112193269108948,0.09472235457040097
20260224,601089.SH,17.754641967801657,0.133758391751712,484.9110423387811,-0.0082628673155465,51373957.99999998,6871697.999999996,0.0001946511499075077,0.001455244395198975,0.0009732557495375385,0.007276221975994875,0.001946511499075077,0.01455244395198975,0.009732557495375384,0.07276221975994875
20260224,600327.SH,17.934099632394766,0.0809628905776274,455.22504020034614,0.0104813701105295,61472447.000000075,4976987.000000006,0.0001626745068404384,0.002009247763757468,0.0008133725342021921,0.010046238818787339,0.0016267450684043841,0.020092477637574678,0.00813372534202192,0.1004623881878734
20260224,301043.SZ,17.981819594307773,0.0934682799978268,463.3142265828287,0.0029566686283273,64477029.000000075,6026557.000000006,0.00015509399479309116,0.0016593222299233195,0.0007754699739654559,0.008296611149616597,0.0015509399479309118,0.016593222299233195,0.007754699739654558,0.08296611149616598
20260224,605288.SH,17.898470375887293,0.0672540290597623,183.79332098092576,-0.001974998869392,59320788.00000008,3989562.000000004,0.00016857496903109221,0.0025065408182652605,0.000842874845155461,0.012532704091326303,0.001685749690310922,0.025065408182652606,0.00842874845155461,0.12532704091326302
20260224,603130.SH,18.04366855011797,0.1160795687233136,463.88568981054,-0.0051924989795321,68590770.00000006,7961987.000000004,0.0001457922108178694,0.0012559678884178026,0.0007289610540893469,0.006279839442089014,0.0014579221081786938,0.012559678884178027,0.00728961054089347,0.06279839442089014
20260224,000850.SZ,18.26672114453475,0.1293303808121884,651.8981519913187,0.0076152495621746,85730664.59999996,11087579.499999994,0.00011664437744251435,0.0009019101058080355,0.0005832218872125718,0.004509550529040177,0.0011664437744251437,0.009019101058080355,0.005832218872125718,0.04509550529040177
20260224,603222.SH,18.051648071130373,0.0809559480963058,465.99083419222666,0.0058608547261211,69140281.00000006,5597317.000000003,0.0001446334879662984,0.001786570244279535,0.0007231674398314921,0.008932851221397677,0.0014463348796629842,0.017865702442795353,0.007231674398314921,0.08932851221397677
20260225,603268.SH,21.76336800722169,0.0210947271719779,1804.754142584512,0.0478716403379988,2829506090.0000076,59687659.00000011,3.5341857136628297e-06,0.00016753882071334012,1.7670928568314148e-05,0.0008376941035667005,3.5341857136628295e-05,0.001675388207133401,0.0001767092856831415,0.008376941035667005
20260225,301218.SZ,19.6530394728706,0.1116597955696964,819.265984715298,0.0624607829573051,342930880.3999999,38291591.99999999,2.916039520365108e-05,0.0002611539368747061,0.0001458019760182554,0.0013057696843735305,0.0002916039520365108,0.002611539368747061,0.0014580197601825541,0.013057696843735306
20260225,600481.SH,21.228583474568545,0.1104912739077224,1001.106850682449,-0.0105593460537675,1657511923.9999971,183140603.99999964,6.0331391015682475e-06,5.460285584730309e-05,3.0165695507841237e-05,0.00027301427923651545,6.0331391015682475e-05,0.0005460285584730309,0.0003016569550784124,0.0027301427923651545
20260225,301067.SZ,17.79367484592147,0.1083657283645542,435.73085385275016,-0.0092900493854204,53418881.47999995,5788775.99999999,0.00018719972644399158,0.0017274809044260854,0.000935998632219958,0.008637404522130427,0.001871997264439916,0.017274809044260854,0.00935998632219958,0.08637404522130428
20260225,300071.SZ,19.611477970302747,0.1131045275977651,412.6245876757728,-0.0035932621931503,328970278.9999996,37208027.99999994,3.03978828433921e-05,0.0002687592043308508,0.0001519894142169605,0.0013437960216542537,0.000303978828433921,0.0026875920433085073,0.001519894142169605,0.013437960216542538
20260225,600977.SH,21.36412003886413,0.0596017963945098,716.5003067289232,-0.0117331848224401,1898101548.0000055,113130262.0000002,5.268422024383688e-06,8.83936784306217e-05,2.6342110121918436e-05,0.00044196839215310854,5.268422024383687e-05,0.0008839367843062171,0.00026342110121918436,0.004419683921531086
20260225,002627.SZ,18.635844411315187,0.083545051531957,397.7946957759417,-0.0135726158120875,124006482.85000008,10360128.0,8.064094529715947e-05,0.0009652390395176585,0.0004032047264857973,0.004826195197588292,0.0008064094529715946,0.009652390395176584,0.004032047264857974,0.04826195197588292
20260225,603737.SH,19.921366720804222,0.175297634639429,1958.8707013749256,-0.0224412212119193,448476444.9999999,78616859.99999996,2.2297715100734002e-05,0.000127199178395067,0.00011148857550367002,0.0006359958919753349,0.00022297715100734003,0.0012719917839506699,0.0011148857550367002,0.006359958919753349
20260225,300051.SZ,18.974629763182747,0.0726507712418078,255.5373897299617,-0.0127273860015998,174011118.9999999,12642041.999999989,5.7467592056574296e-05,0.000791011452105602,0.0002873379602828715,0.00395505726052801,0.000574675920565743,0.00791011452105602,0.002873379602828715,0.0395505726052801
20260225,301162.SZ,19.191985285883053,0.1321221072522934,1078.8334001730757,0.0091773715646725,216258558.79999974,28572536.499999963,4.624094443008011e-05,0.0003499864284012731,0.00023120472215040056,0.0017499321420063657,0.0004624094443008011,0.0034998642840127314,0.0023120472215040055,0.017499321420063656
20260226,603268.SH,20.11546677926887,0.0385475060788435,457.1674105352696,0.0478777778849937,544548068.9999993,20990969.999999963,1.8363851731884505e-05,0.0004763953261807348,9.181925865942253e-05,0.0023819766309036735,0.00018363851731884506,0.004763953261807347,0.0009181925865942253,0.023819766309036736
20260226,603667.SH,21.519776340351683,0.0847871592571072,431.08145435707195,-0.0090564073072213,2217788444.000003,188039982.0000002,4.508996350420152e-06,5.3180179521608275e-05,2.2544981752100757e-05,0.0002659008976080414,4.5089963504201514e-05,0.0005318017952160828,0.00022544981752100758,0.002659008976080414
20260226,601089.SH,18.48993441876051,0.1560973094509705,1244.7537656228596,-0.0028184840029272,107170803.00000016,16729074.000000022,9.330899573459373e-05,0.0005977617171159615,0.0004665449786729686,0.0029888085855798077,0.0009330899573459372,0.005977617171159615,0.004665449786729686,0.029888085855798077
20260226,002218.SZ,20.739240388658715,0.1456276020631793,788.922354494844,0.0274880587252501,1016102825.9999994,147972617.99999982,9.841523656976825e-06,6.758007079390873e-05,4.9207618284884125e-05,0.0003379003539695436,9.841523656976825e-05,0.0006758007079390872,0.0004920761828488412,0.003379003539695436
20260226,300751.SZ,21.41628757813917,0.073759519804088,317.2839705768887,0.0204194637652443,1999749136.0000021,147500536.00000003,5.000627238675796e-06,6.779636380439999e-05,2.500313619337898e-05,0.000338981819022,5.000627238675796e-05,0.000677963638044,0.0002500313619337898,0.0033898181902199996
20260226,603216.SH,19.816610153555892,0.0717950531163109,873.6737869865328,-0.0102642449518219,403872644.9999995,28996057.999999944,2.476028055824383e-05,0.0003448744653497389,0.00012380140279121915,0.0017243723267486946,0.0002476028055824383,0.003448744653497389,0.0012380140279121914,0.017243723267486945
20260226,002291.SZ,20.032727347790303,0.140420683833861,540.6314986122778,-0.0092469091224197,501306047.49999815,70393737.99999975,1.994789420528592e-05,0.00014205809045117105,9.973947102642959e-05,0.0007102904522558552,0.00019947894205285917,0.0014205809045117104,0.000997394710264296,0.007102904522558552
20260226,688500.SH,18.88540384320763,0.1393546025627558,1505.012741781791,0.0013807596462418,159157341.00000018,22179308.000000026,6.283090642988305e-05,0.00045087069443284654,0.0003141545321494152,0.002254353472164233,0.0006283090642988304,0.004508706944328466,0.0031415453214941524,0.022543534721642326
20260226,688235.SH,20.92983013930208,0.0951872494502684,1901.655150158176,-0.0199092122783709,1229446787.000001,117027658.00000009,8.133739585754022e-06,8.544988570137832e-05,4.0668697928770106e-05,0.00042724942850689163,8.133739585754021e-05,0.0008544988570137833,0.0004066869792877011,0.004272494285068916
20260226,300436.SZ,20.580034177057357,0.1123731928692363,555.9553492105156,-0.0297921207086183,866553298.999999,97377360.9999999,1.1539971068761705e-05,0.00010269327385037689,5.769985534380852e-05,0.0005134663692518845,0.00011539971068761704,0.001026932738503769,0.0005769985534380852,0.005134663692518845
20260227,300785.SZ,20.40508136913576,0.1802477516071912,880.2584105588105,-0.0212913678190377,727468580.5000021,131124576.00000036,1.3746298146824185e-05,7.626335432344866e-05,6.873149073412093e-05,0.00038131677161724333,0.00013746298146824186,0.0007626335432344867,0.0006873149073412093,0.003813167716172433
20260227,605287.SH,20.058976681101953,0.107298667333412,860.8176690951226,0.032613325598529,514639225.0000004,55220103.000000015,1.943108786548478e-05,0.0001810934688042867,9.71554393274239e-05,0.0009054673440214334,0.0001943108786548478,0.0018109346880428668,0.000971554393274239,0.009054673440214335
20260227,002181.SZ,19.56258594790013,0.125306551799187,307.4539831752719,-0.0345415489829821,313273116.4999996,39255173.99999995,3.192102824437543e-05,0.0002547434893550596,0.00015960514122187713,0.0012737174467752981,0.00031921028244375426,0.0025474348935505963,0.0015960514122187713,0.01273717446775298
20260227,603052.SH,19.37814638982337,0.1489471663790216,505.9633431170428,0.0076355315115281,260508588.00000015,38802016.000000015,3.8386450430570814e-05,0.000257718568024919,0.00019193225215285406,0.0012885928401245952,0.0003838645043057081,0.0025771856802491904,0.0019193225215285406,0.012885928401245951
20260227,002718.SZ,18.467783895439585,0.1363581214399754,648.7179369813092,-0.0101995403376611,104823012.00000003,14293469.000000002,9.539889962330025e-05,0.00069962022515318,0.00047699449811650123,0.0034981011257659,0.0009539889962330025,0.0069962022515318,0.004769944981165012,0.034981011257659
20260227,688585.SH,19.35665892001879,0.1033507588828986,480.51062052361107,-0.0696355047794236,254970628.99999958,26351407.99999995,3.922020367294939e-05,0.00037948636368880244,0.00019610101836474696,0.0018974318184440122,0.00039220203672949393,0.0037948636368880244,0.0019610101836474696,0.018974318184440123
20260227,001316.SZ,18.9108714584436,0.0671134860295931,299.4299665927852,-0.0012934536895605,163262754.6000008,10957132.60000004,6.125095723455319e-05,0.0009126475297013347,0.00030625478617276594,0.004563237648506673,0.0006125095723455319,0.009126475297013346,0.0030625478617276594,0.04563237648506674
20260227,301636.SZ,20.076195215199824,0.0725651454223107,747.0844731305749,-0.0551180361346158,523577287.4,37993461.99999996,1.909937699868224e-05,0.00026320317953652155,9.54968849934112e-05,0.0013160158976826077,0.0001909937699868224,0.0026320317953652155,0.000954968849934112,0.013160158976826078
20260227,300984.SZ,19.011606264156583,0.1232054966645786,1185.2327110426572,-0.0355491154811464,180565880.59999987,22246708.99999998,5.538144840415663e-05,0.0004495046885361789,0.00027690724202078314,0.0022475234426808945,0.0005538144840415663,0.004495046885361789,0.0027690724202078317,0.022475234426808946
20260227,688365.SH,19.66181314166745,0.0808520223910262,342.60497371415073,-0.0279803645246435,345952879.9999998,27970989.99999998,2.8905670621964487e-05,0.00035751326642353406,0.00014452835310982244,0.0017875663321176702,0.0002890567062196449,0.0035751326642353403,0.0014452835310982243,0.017875663321176703
20260302,688629.SH,22.102936434550077,0.079395244479649,1709.2301982664565,-0.0304028377697638,3973592500.0,315484347.9999997,2.5166143735171637e-06,3.16972935849103e-05,1.2583071867585818e-05,0.0001584864679245515,2.5166143735171635e-05,0.000316972935849103,0.00012583071867585817,0.0015848646792455152
20260302,688521.SH,22.41154245308592,0.0747346447064572,790.622130858095,-0.011870215308017,5410148902.000001,404325555.9999996,1.8483779617051284e-06,2.4732544979175174e-05,9.241889808525642e-06,0.00012366272489587588,1.8483779617051284e-05,0.00024732544979175176,9.241889808525641e-05,0.0012366272489587587
20260302,003035.SZ,21.69453388446088,0.0982812674422831,2406.3749998362114,-0.0239524639661958,2641291619.0000114,259589488.00000104,3.7860264758595583e-06,3.8522361121186693e-05,1.893013237929779e-05,0.00019261180560593347,3.786026475859558e-05,0.00038522361121186695,0.0001893013237929779,0.0019261180560593348
20260302,300257.SZ,19.849738930617708,0.1583764436990602,2060.396146837649,-0.0190019057308774,417476548.00000024,66118451.000000045,2.3953441331990687e-05,0.00015124371259090739,0.00011976720665995344,0.000756218562954537,0.00023953441331990688,0.001512437125909074,0.0011976720665995344,0.00756218562954537
20260302,300228.SZ,20.451583168697773,0.0946675568624086,1249.596280448264,0.015334166933524,762096058.9999987,72145771.99999988,1.3121705435823566e-05,0.00013860826106344828,6.560852717911784e-05,0.0006930413053172414,0.00013121705435823567,0.0013860826106344827,0.0006560852717911783,0.006930413053172413
20260302,300991.SZ,20.0342205102696,0.0810928918329285,1351.6518064531945,-0.0188788233178442,502055137.9999996,40713102.99999996,1.9918130984250594e-05,0.00024562117016725573,9.959065492125297e-05,0.0012281058508362786,0.00019918130984250594,0.002456211701672557,0.0009959065492125298,0.012281058508362785
20260302,002015.SZ,21.492115577735625,0.0610882828889717,1435.6120688278766,0.0433321275692824,2157283390.0000024,131784738.00000001,4.635459599955474e-06,7.588132094628437e-05,2.317729799977737e-05,0.0003794066047314219,4.635459599955474e-05,0.0007588132094628438,0.0002317729799977737,0.003794066047314219
20260302,300444.SZ,21.388829252384337,0.0902631110877145,892.3134194069801,-0.0330823831769621,1945586384.9999979,175614679.99999967,5.139838599353691e-06,5.694284783026122e-05,2.5699192996768454e-05,0.0002847142391513061,5.139838599353691e-05,0.0005694284783026122,0.00025699192996768454,0.002847142391513061
20260302,000875.SZ,20.83588162936637,0.0954376171021737,1206.6790964831596,-0.0212387760324129,1119201843.500002,106813957.00000012,8.934938820979508e-06,9.362072411566954e-05,4.467469410489755e-05,0.0004681036205783477,8.93493882097951e-05,0.0009362072411566954,0.00044674694104897543,0.004681036205783477
20260302,600399.SH,21.13832653972898,0.1082271404604691,2108.5213916292446,-0.0085619758893112,1514462669.000002,163905964.00000015,6.603001978650943e-06,6.101059263468894e-05,3.3015009893254715e-05,0.0003050529631734447,6.603001978650943e-05,0.0006101059263468894,0.00033015009893254713,0.003050529631734447
20260303,003016.SZ,17.7839632906937,0.1053592023017691,906.8392747945984,-0.0028250209752743,52902612.00000008,5573777.000000006,0.0001890265834133102,0.001794115552165074,0.000945132917066551,0.00897057776082537,0.001890265834133102,0.01794115552165074,0.00945132917066551,0.0897057776082537
20260303,605108.SH,17.77580929049989,0.1612308867886679,981.8563294788448,-0.0088101567557297,52472998.0,8460267.999999996,0.00019057420732850066,0.0011819956530927868,0.0009528710366425033,0.005909978265463934,0.0019057420732850065,0.011819956530927867,0.009528710366425032,0.05909978265463933
20260303,002443.SZ,19.43881859520951,0.1193096132657994,1960.4294298022733,-0.0006257068728039,276803545.8000003,33025324.00000003,3.612670484801279e-05,0.0003027979377280293,0.00018063352424006393,0.0015139896886401465,0.00036126704848012787,0.003027979377280293,0.0018063352424006391,0.015139896886401464
20260303,002098.SZ,17.64530817707465,0.1562868052472166,946.3231816320904,-0.0025590134462523,46053215.99999994,7197509.999999991,0.00021714010157292842,0.0013893693791325074,0.0010857005078646423,0.006946846895662537,0.0021714010157292845,0.013893693791325074,0.010857005078646422,0.06946846895662537
20260303,600320.SH,19.84212027205443,0.1130715542843145,1502.6957415541222,0.0098593893718983,414308021.99999964,46846451.999999925,2.413663136843633e-05,0.00021346333762906988,0.00012068315684218164,0.0010673166881453493,0.00024136631368436328,0.0021346333762906986,0.0012068315684218163,0.010673166881453495
20260303,605288.SH,18.144465739315265,0.2716465129450573,1276.661063731692,-0.0341444154054452,75864978.99999997,20608456.999999993,0.00013181312552660172,0.0004852376866448567,0.0006590656276330086,0.0024261884332242834,0.0013181312552660173,0.004852376866448567,0.006590656276330087,0.024261884332242835
20260303,002290.SZ,19.651134877721397,0.0888323358277188,839.6213682366424,0.0134374631513254,342278357.50000006,30405385.999999996,2.921598687407514e-05,0.0003288890987932204,0.0001460799343703757,0.0016444454939661022,0.0002921598687407514,0.0032888909879322044,0.001460799343703757,0.01644445493966102
20260303,002806.SZ,18.89140451289775,0.1188565890675175,611.7526343163794,0.0154394624978897,160115262.84999976,19030753.999999974,6.245500786123224e-05,0.0005254652548185959,0.0003122750393061612,0.00262732627409298,0.0006245500786123224,0.00525465254818596,0.0031227503930616116,0.026273262740929795
20260303,603777.SH,18.046705349375117,0.1962788823266046,1251.2219215018526,-0.0002802948354589,68799382.99999996,13503865.999999993,0.00014535014071274458,0.0007405286752697343,0.0007267507035637229,0.0037026433763486712,0.0014535014071274457,0.0074052867526973425,0.007267507035637229,0.037026433763486716
20260303,600272.SH,17.66877673865649,0.1397867906244582,1288.982048969075,0.0002011425233585,47146800.999999955,6590499.999999991,0.0002121034680592647,0.0015173355587588216,0.0010605173402963236,0.007586677793794109,0.0021210346805926473,0.015173355587588217,0.010605173402963235,0.07586677793794108
20260304,603730.SH,19.304777923998643,0.1491237981725735,1240.5707356881053,0.0219864808852168,242079785.0000002,36099857.00000002,4.130869498252401e-05,0.0002770094075441904,0.00020654347491262006,0.001385047037720952,0.0004130869498252401,0.002770094075441904,0.0020654347491262004,0.013850470377209519
20260304,300689.SZ,18.61866385746305,0.0652745028515717,223.2871299658417,0.0328963663748003,121894180.0,7956581.999999994,8.203837131518502e-05,0.0012568210822184712,0.0004101918565759251,0.006284105411092355,0.0008203837131518502,0.01256821082218471,0.0041019185657592515,0.06284105411092356
20260304,603726.SH,18.483998892613272,0.1780763604821075,1531.7157749152525,0.0274530986368677,106536571.99999999,18971645.0,9.386448064050719e-05,0.0005271024204806699,0.000469322403202536,0.0026355121024033497,0.000938644806405072,0.005271024204806699,0.00469322403202536,0.0263551210240335
20260304,688608.SH,20.02391977495938,0.0885100745930635,600.4481389477186,0.0200946685572209,496910144.9999991,43981553.99999992,2.0124362725578922e-05,0.0002273680461586241,0.00010062181362789462,0.0011368402307931206,0.00020124362725578923,0.002273680461586241,0.0010062181362789462,0.011368402307931205
20260304,688679.SH,18.63613422633581,0.1155374362354261,619.8946780512346,0.0070366623866806,124042427.00000004,14331544.000000002,8.061757772604688e-05,0.0006977615252062164,0.0004030878886302344,0.0034888076260310816,0.0008061757772604688,0.006977615252062163,0.004030878886302344,0.03488807626031082
20260304,001311.SZ,18.822350629304893,0.1331236338729774,580.5214099218753,0.0152692081894871,149431794.49999973,19892903.499999963,6.69201626967012e-05,0.0005026918267612377,0.00033460081348350593,0.0025134591338061884,0.0006692016269670119,0.005026918267612377,0.0033460081348350595,0.025134591338061885
20260304,002809.SZ,18.66655316556192,0.1009369941974609,296.99899443825143,-0.0108882094720709,127873641.40000015,12907181.000000011,7.820219937836218e-05,0.0007747625139834942,0.00039101099689181087,0.003873812569917471,0.0007820219937836217,0.007747625139834942,0.003910109968918109,0.03873812569917471
20260304,603067.SH,20.8199868292684,0.0633076699529591,717.5291127009918,0.0366811480012101,1101552988.0000045,69736753.0000002,9.078092573790884e-06,0.00014339640963782717,4.539046286895442e-05,0.0007169820481891359,9.078092573790884e-05,0.0014339640963782717,0.0004539046286895442,0.007169820481891358
20260304,688146.SH,19.66472434039667,0.1730096728171428,1874.900584881769,0.0291482257609008,346961485.00000006,60027693.00000001,2.882164284027087e-05,0.00016658977715502076,0.00014410821420135435,0.0008329488857751037,0.0002882164284027087,0.0016658977715502074,0.0014410821420135435,0.008329488857751038
20260304,600173.SH,18.29621698437278,0.1108346968654946,322.3419343132286,0.0264536014543002,88297024.99999987,9786373.999999983,0.00011325409887819002,0.001021828922540669,0.0005662704943909501,0.005109144612703345,0.0011325409887819001,0.01021828922540669,0.0056627049439095,0.05109144612703345
20260305,603211.SH,17.82497759219349,0.1080485601248213,354.8071478032957,0.0273559921295991,55117486.00000001,5955364.999999996,0.0001814306262081692,0.0016791582044089668,0.000907153131040846,0.008395791022044834,0.001814306262081692,0.01679158204408967,0.00907153131040846,0.08395791022044834
20260305,000607.SZ,18.089727531659776,0.1251347944861617,255.66339482162596,0.0092620635020181,71823876.29999998,8987665.999999996,0.00013922946678944425,0.0011126359168220096,0.0006961473339472213,0.005563179584110048,0.0013922946678944425,0.011126359168220096,0.006961473339472213,0.055631795841100486
20260305,688651.SH,17.807589772513275,0.0861778903645674,505.210755250955,0.0345097738358475,54167397.00000009,4668032.000000005,0.00018461289546551377,0.0021422303874523547,0.0009230644773275688,0.010711151937261774,0.0018461289546551375,0.021422303874523548,0.009230644773275688,0.10711151937261773
20260305,301367.SZ,17.713837965373816,0.1896401749663376,898.1584992954309,0.0080886122462993,49319886.99999999,9353031.999999998,0.00020275796657847172,0.0010691720075372351,0.0010137898328923586,0.005345860037686176,0.002027579665784717,0.010691720075372352,0.010137898328923586,0.05345860037686176
20260305,600173.SH,17.98152921619838,0.1050652445753735,238.02511962881283,0.0248213895593687,64458308.99999997,6772327.999999995,0.00015513903723412918,0.0014765971169736622,0.0007756951861706459,0.00738298558486831,0.0015513903723412918,0.01476597116973662,0.0077569518617064594,0.07382985584868311
20260305,300588.SZ,17.741701522188993,0.073277736104625,280.67325567632633,0.0165757249721876,50713439.00000009,3716166.000000004,0.00019718639077109289,0.0026909454529210988,0.0009859319538554645,0.013454727264605495,0.001971863907710929,0.02690945452921099,0.009859319538554645,0.13454727264605496
20260305,300947.SZ,17.685235122169285,0.0746191331033538,370.51925826444784,0.016294499730431,47929181.85000006,3576434.0000000037,0.00020864115793372314,0.002796081236225802,0.0010432057896686158,0.01398040618112901,0.0020864115793372317,0.02796081236225802,0.010432057896686157,0.1398040618112901
20260305,688376.SH,18.194923630257467,0.0895824873491354,318.58951440349546,0.0064248496139518,79791186.99999996,7147892.9999999935,0.0001253271241597146,0.001399013667384222,0.000626635620798573,0.00699506833692111,0.001253271241597146,0.01399013667384222,0.00626635620798573,0.0699506833692111
20260305,301001.SZ,17.46444809632084,0.0865521553862958,179.67299562727086,0.012615947757318,38433808.900000006,3326528.999999999,0.0002601875870803947,0.0030061364262869805,0.0013009379354019734,0.015030682131434903,0.0026018758708039468,0.030061364262869806,0.013009379354019735,0.15030682131434903
20260305,301333.SZ,18.003207817188905,0.1541319178096031,557.9312265415195,0.0180402920414028,65870931.50000004,10152813.0,0.00015181203259589541,0.0009849487033790536,0.0007590601629794771,0.004924743516895268,0.0015181203259589542,0.009849487033790537,0.007590601629794771,0.049247435168952684
20260306,001360.SZ,18.09270993199682,0.1425058786283265,480.348351930854,-0.0254654458125229,72038403.59999995,10265895.999999993,0.00013881484736288642,0.000974099094711266,0.000694074236814432,0.00487049547355633,0.001388148473628864,0.00974099094711266,0.00694074236814432,0.0487049547355633
20260306,688682.SH,17.737887476161788,0.0957764493634886,454.8986247192661,-0.037300877360292,50520384.000000075,4838663.0000000065,0.00019793990481149125,0.0020666866033034305,0.0009896995240574562,0.010333433016517152,0.0019793990481149124,0.020666866033034303,0.009896995240574562,0.10333433016517152
20260306,688081.SH,18.166916361268267,0.114138872805963,711.7168863284086,-0.0466814470020521,77587457.99999993,8855744.999999987,0.0001288868105461067,0.0011292104729754542,0.0006444340527305334,0.005646052364877272,0.0012888681054610668,0.011292104729754544,0.006444340527305335,0.056460523648772715
20260306,688651.SH,18.073383251102378,0.0582117554512267,455.5892913187615,-0.0279397435993764,70659507.99999994,4113213.999999993,0.00014152377058725075,0.002431188846483557,0.0007076188529362537,0.012155944232417785,0.0014152377058725073,0.02431188846483557,0.007076188529362537,0.12155944232417784
20260306,301368.SZ,18.174870828007663,0.1412660356633157,576.6122933059479,-0.0213940103251091,78207085.99999999,11048004.999999994,0.00012786565145772087,0.0009051407923874043,0.0006393282572886044,0.004525703961937022,0.0012786565145772087,0.009051407923874044,0.006393282572886043,0.045257039619370214
20260306,301043.SZ,17.44638800133396,0.1378418876042261,568.9426371137235,-0.0241827773235081,37745921.000000045,5202969.000000004,0.00026492928865081843,0.0019219795466780588,0.0013246464432540921,0.009609897733390294,0.0026492928865081843,0.019219795466780588,0.013246464432540921,0.09609897733390294
20260306,688716.SH,17.590166848169055,0.094198833133234,409.38382472879994,-0.0336675250796338,43582525.00000006,4105423.0000000047,0.00022944976226136476,0.002435802595737391,0.0011472488113068238,0.012179012978686957,0.0022944976226136476,0.024358025957373915,0.011472488113068238,0.12179012978686957
20260306,688291.SH,18.101212480870274,0.1610101505742495,756.4830120472245,-0.0531255642310655,72653525.00000006,11697955.00000001,0.0001376395708260541,0.0008548502708379364,0.0006881978541302705,0.004274251354189682,0.001376395708260541,0.008548502708379363,0.0068819785413027044,0.04274251354189682
20260306,300508.SZ,18.159665453809744,0.1067311392662688,405.50776691557047,-0.0378620930118075,77026913.20000005,8221170.200000004,0.00012982475325260722,0.0012163718493505944,0.0006491237662630361,0.006081859246752972,0.0012982475325260723,0.012163718493505943,0.006491237662630361,0.060818592467529714
20260306,688109.SH,17.568370760502,0.1630914933172656,406.5701343240828,-0.030640351359582,42642874.0,6954689.999999999,0.00023450576994411774,0.0014378786114118676,0.0011725288497205888,0.007189393057059338,0.0023450576994411775,0.014378786114118676,0.011725288497205888,0.07189393057059337
20260309,688560.SH,18.264066383421245,0.0832594999879069,377.9551450198077,0.0246655062204022,85503372.00000006,7118968.000000004,0.00011695445180805259,0.0014046979843145796,0.000584772259040263,0.007023489921572899,0.001169544518080526,0.014046979843145797,0.005847722590402629,0.07023489921572898
20260309,688323.SH,18.350155817325188,0.0963494006091826,439.49479900534976,0.0606204668120575,93190449.99999988,8978843.999999989,0.00010730713286608244,0.0011137291170221927,0.0005365356643304122,0.005568645585110964,0.0010730713286608243,0.011137291170221927,0.005365356643304123,0.05568645585110963
20260309,002062.SZ,19.143624168465255,0.1325315963392068,1062.7902682152635,0.0222155228850027,206048917.80000034,27307992.00000005,4.853216462755906e-05,0.00036619316425755445,0.00024266082313779527,0.001830965821287772,0.00048532164627559054,0.003661931642575544,0.0024266082313779526,0.018309658212877722
20260309,600429.SH,18.10318057804598,0.1408561560967327,994.2136049137058,0.0070795827842449,72796655.00000003,10253857.0,0.0001373689491639416,0.0009752427793756047,0.000686844745819708,0.004876213896878023,0.001373689491639416,0.009752427793756046,0.006868447458197081,0.04876213896878023
20260309,688625.SH,19.38586342910098,0.0849628830162506,818.5343759696855,0.0269753529416969,262526719.9999998,22305026.99999996,3.809136075748788e-05,0.00044832942815985015,0.0001904568037874394,0.002241647140799251,0.0003809136075748788,0.004483294281598502,0.0019045680378743939,0.022416471407992508
20260309,301043.SZ,17.936360584502598,0.0775945396183206,564.8260481491834,0.0171715280767905,61611590.500000075,4780723.000000001,0.00016230712304042837,0.002091733823524182,0.0008115356152021419,0.01045866911762091,0.0016230712304042838,0.02091733823524182,0.008115356152021419,0.1045866911762091
20260309,002910.SZ,18.16877220507985,0.0926228017495164,529.1031158364776,0.009726582299008,77731581.90000007,7199716.900000003,0.00012864783856920313,0.001388943501375727,0.0006432391928460156,0.006944717506878636,0.0012864783856920312,0.013889435013757272,0.006432391928460156,0.06944717506878635
20260309,688719.SH,18.223607514288,0.0472745689908555,413.3314259775953,0.0348987328136025,82113048.9999997,3881858.999999984,0.0001217833233789679,0.0025760853240676803,0.0006089166168948395,0.0128804266203384,0.001217833233789679,0.0257608532406768,0.006089166168948394,0.128804266203384
20260309,301189.SZ,17.863455394141795,0.0638756377137723,299.5275138666391,0.0180316487632281,57279615.99999994,3658771.9999999916,0.00017458217596989496,0.0027331574637610716,0.0008729108798494747,0.013665787318805358,0.0017458217596989494,0.027331574637610715,0.008729108798494747,0.13665787318805359
20260309,001221.SZ,18.192005775518588,0.0802012918680502,309.78973579436826,0.0278175100231192,79558707.24000005,6380711.100000002,0.000125693344536552,0.0015672234400331956,0.0006284667226827599,0.00783611720016598,0.0012569334453655199,0.01567223440033196,0.006284667226827599,0.07836117200165979
20260310,001270.SZ,20.32427690596038,0.0036302917993418,18.80780750579413,0.0120941318775975,670998127.5999993,2435918.9999999804,1.4903171243961024e-05,0.004105226815834221,7.451585621980513e-05,0.020526134079171105,0.00014903171243961025,0.04105226815834221,0.0007451585621980512,0.20526134079171107
20260310,002825.SZ,17.803610564621135,0.1104397772577327,1057.1331518341133,-0.0046812165547759,53952281.93999998,5958477.999999993,0.00018534897209947378,0.0016782809301301462,0.000926744860497369,0.008391404650650731,0.001853489720994738,0.016782809301301462,0.009267448604973689,0.0839140465065073
20260310,301092.SZ,17.918206301794566,0.1036956114430239,675.7616256140029,-0.0096867186060138,60503167.99999998,6273912.999999995,0.000165280601505032,0.0015939016049473442,0.0008264030075251599,0.007969508024736721,0.0016528060150503199,0.015939016049473443,0.0082640300752516,0.07969508024736721
20260310,002893.SZ,17.930446374343127,0.1229304684823649,969.020304931586,-0.0090232211385549,61248282.0,7529279.999999997,0.00016326988567614027,0.0013281482425942458,0.0008163494283807013,0.0066407412129712295,0.0016326988567614026,0.013281482425942459,0.008163494283807013,0.0664074121297123
20260310,603680.SH,18.05762873828064,0.1183655961592997,1207.774022702053,-0.0090978251075524,69555025.00000004,8232922.0,0.00014377106470740242,0.001214635581388965,0.0007188553235370122,0.006073177906944825,0.0014377106470740244,0.01214635581388965,0.007188553235370121,0.060731779069448245
20260310,300701.SZ,17.638333866503668,0.1167255415459737,835.676935199026,-0.0083641756733936,45733144.0,5338225.999999998,0.00021865979736709115,0.0018732814983854194,0.0010932989868354557,0.009366407491927096,0.0021865979736709115,0.018732814983854193,0.010932989868354557,0.09366407491927096
20260310,002363.SZ,18.031855596590535,0.2909036409726339,2337.5679166571313,-0.0096243611965449,67785277.40000008,19718984.00000002,0.0001475246599787462,0.0005071255192458186,0.0007376232998937309,0.0025356275962290934,0.0014752465997874618,0.005071255192458187,0.0073762329989373095,0.025356275962290935
20260310,300546.SZ,18.312955855366475,0.1596633038836667,1295.747347912151,-0.0005023897463557,89787456.79999994,14335761.999999987,0.00011137413126952502,0.0006975562233803832,0.0005568706563476251,0.0034877811169019162,0.0011137413126952502,0.0069755622338038325,0.005568706563476251,0.03487781116901916
20260310,605133.SH,18.31166411953341,0.1627471031782098,909.990076482424,-0.005203200587554,89671550.00000004,14593785.000000007,0.00011151809018579466,0.0006852231960385873,0.0005575904509289733,0.0034261159801929363,0.0011151809018579465,0.006852231960385873,0.005575904509289733,0.03426115980192936
20260310,605167.SH,18.078580682792676,0.0953319036941525,596.4689954635271,0.0049529634556462,71027711.99999991,6771206.999999991,0.00014079011865115426,0.0014768415734447366,0.0007039505932557713,0.007384207867223682,0.0014079011865115426,0.014768415734447364,0.007039505932557712,0.07384207867223683
20260311,300738.SZ,21.650043194257925,0.0676619871019795,686.411249233391,-0.0118572046317809,2526354506.0000024,170938165.99999997,3.9582726716501405e-06,5.850068614869778e-05,1.97913633582507e-05,0.0002925034307434889,3.95827267165014e-05,0.0005850068614869778,0.00019791363358250702,0.002925034307434889
20260311,300005.SZ,19.694536452288773,0.1105826811144326,788.826300705017,0.0143708863392417,357460866.4000001,39528981.00000001,2.7975090254523025e-05,0.00025297894726909346,0.00013987545127261514,0.0012648947363454674,0.0002797509025452303,0.0025297894726909347,0.0013987545127261513,0.012648947363454673
20260311,600126.SH,20.509788267893825,0.0769797709739451,477.25670772444,0.0093826240475198,807770278.0000011,62181971.000000045,1.2379757305207493e-05,0.00016081831822281723,6.189878652603746e-05,0.0008040915911140862,0.00012379757305207493,0.0016081831822281724,0.0006189878652603746,0.008040915911140862
20260311,002738.SZ,21.271191840238576,0.1284946344669641,1111.426126040305,-0.0144199747920622,1729661981.000001,222252284.00000012,5.78147644444293e-06,4.499391331339477e-05,2.890738222221465e-05,0.00022496956656697383,5.78147644444293e-05,0.00044993913313394766,0.0002890738222221465,0.0022496956656697384
20260311,002471.SZ,21.096049916513273,0.0942749071806331,466.2644195125257,-0.0029122787511505,1451770838.0000014,136865561.00000006,6.888139462682877e-06,7.306439930495003e-05,3.444069731341438e-05,0.00036532199652475014,6.888139462682877e-05,0.0007306439930495003,0.00034440697313414386,0.0036532199652475014
20260311,688582.SH,19.53766722515664,0.0720418305593791,603.1854559269952,-0.0139971158358488,305563209.99999994,22013332.99999997,3.272645289987627e-05,0.00045427014618822206,0.00016363226449938136,0.0022713507309411103,0.0003272645289987627,0.0045427014618822205,0.0016363226449938135,0.022713507309411105
20260311,601369.SH,19.529238752901957,0.1241708336330871,1575.335019684744,0.0011246357430341,302998601.9999996,37623588.999999925,3.300345260338862e-05,0.00026579069848971666,0.00016501726301694313,0.0013289534924485833,0.00033003452603388625,0.0026579069848971667,0.0016501726301694313,0.013289534924485832
20260311,688498.SH,21.47862506528347,0.1345685262622196,879.2060166906061,-0.0070448209239021,2128375957.999993,286412415.99999887,4.698418041423879e-06,3.491468749734662e-05,2.3492090207119397e-05,0.00017457343748673312,4.6984180414238795e-05,0.00034914687497346623,0.00023492090207119395,0.001745734374867331
20260311,300170.SZ,22.05098878573754,0.0725534546050114,963.786383922349,0.0068244910232897,3772443551.999995,273703811.99999964,2.650801758106734e-06,3.653584481315157e-05,1.325400879053367e-05,0.00018267922406575785,2.650801758106734e-05,0.0003653584481315157,0.0001325400879053367,0.0018267922406575785
20260311,000525.SZ,19.9182762085452,0.0827881910733444,631.9178914338023,-0.0147135925862187,447092562.60000134,37013984.500000104,2.2366733058242938e-05,0.00027016815765943736,0.0001118336652912147,0.001350840788297187,0.0002236673305824294,0.002701681576594374,0.0011183366529121468,0.01350840788297187
20260312,002283.SZ,19.86978780424169,0.0782675501745059,413.4135741080317,-0.0036644565450333,425930949.9999993,33336571.999999907,2.3477983931433056e-05,0.00029997085483174536,0.00011738991965716528,0.0014998542741587269,0.00023477983931433056,0.0029997085483174537,0.0011738991965716528,0.01499854274158727
20260312,688510.SH,20.1296608630645,0.1080894516036721,1195.7942081200658,-0.02808864293377,552332545.9999994,59701321.99999993,1.810503486064718e-05,0.00016750047846511692,9.052517430323588e-05,0.0008375023923255846,0.00018105034860647177,0.0016750047846511692,0.0009052517430323589,0.008375023923255846
20260312,001288.SZ,18.03180150521184,0.2354987508861344,1079.1072107663508,-0.0082856586849012,67781610.89999998,15962484.699999986,0.0001475326400069374,0.0006264688855112894,0.000737663200034687,0.003132344427556447,0.001475326400069374,0.006264688855112894,0.007376632000346869,0.03132344427556447
20260312,002853.SZ,18.052749080205885,0.1246145298385512,561.5129047536699,-0.0020534761127395,69216446.99999999,8625374.999999996,0.00014447433281283568,0.0011593698824688787,0.0007223716640641784,0.005796849412344394,0.0014447433281283568,0.011593698824688787,0.007223716640641784,0.05796849412344393
20260312,605060.SH,19.687130068389724,0.0849603461898092,473.3594252854653,-0.027217839348147,354823154.0000003,30145898.000000007,2.818305369102263e-05,0.00033172009007660007,0.00014091526845511315,0.0016586004503830003,0.0002818305369102263,0.0033172009007660006,0.0014091526845511316,0.016586004503830003
20260312,002970.SZ,19.91132008424742,0.0843456085036666,527.0455510106646,-0.0204575218401819,443993323.0000004,37448887.00000002,2.2522861227802722e-05,0.00026703063297982645,0.00011261430613901361,0.0013351531648991323,0.00022522861227802722,0.0026703063297982645,0.001126143061390136,0.013351531648991322
20260312,688308.SH,20.800804579699346,0.0663248461689634,1035.2433690952644,0.0239902034823422,1080624097.0000055,71672227.00000036,9.253911723569448e-06,0.00013952405860082943,4.6269558617847245e-05,0.0006976202930041472,9.253911723569449e-05,0.0013952405860082945,0.00046269558617847246,0.006976202930041472
20260312,001359.SZ,18.52286843752935,0.1302140113357514,878.2272875420067,-0.0345184266480017,110759132.99999955,14422390.999999937,9.028600828791283e-05,0.0006933663079859674,0.0004514300414395642,0.003466831539929837,0.0009028600828791284,0.006933663079859674,0.004514300414395642,0.03466831539929837
20260312,002545.SZ,20.03573155555447,0.0925066517519236,790.4214970544552,0.0578801655785752,502814339.5000002,46513671.0,1.9888056513949113e-05,0.0002149905562173323,9.944028256974557e-05,0.0010749527810866616,0.00019888056513949113,0.002149905562173323,0.0009944028256974556,0.010749527810866615
20260312,301161.SZ,18.388554023228576,0.0864801803541023,783.4660553781458,0.0081772572879341,96838385.00000007,8374601.000000002,0.00010326483656248493,0.0011940867391771856,0.0005163241828124247,0.005970433695885928,0.0010326483656248493,0.011940867391771855,0.005163241828124247,0.05970433695885928
20260313,300818.SZ,18.136529922621236,0.0930133405015758,398.01553414118143,-0.0254904391528508,75265311.00000004,7000678.000000003,0.00013286333195381328,0.0014284330746250572,0.0006643166597690664,0.007142165373125286,0.0013286333195381328,0.014284330746250571,0.006643166597690664,0.07142165373125287
20260313,688790.SH,18.047644916260236,0.1486684163457989,1178.687079492434,-0.0168994442455313,68864055.00000012,10237910.000000011,0.00014521363866824255,0.000976761858621534,0.0007260681933412128,0.00488380929310767,0.0014521363866824256,0.00976761858621534,0.007260681933412129,0.0488380929310767
20260313,688478.SH,17.871296517123156,0.2027638657252304,1155.1712287344085,-0.0054632191943003,57730517.99999999,11705662.999999994,0.00017321860857025397,0.000854287365012986,0.0008660930428512699,0.00427143682506493,0.0017321860857025398,0.00854287365012986,0.008660930428512698,0.0427143682506493
20260313,301286.SZ,18.105043583821132,0.1201057521730876,483.7522171214843,0.0197456518330454,72932401.99999988,8759600.999999983,0.00013711326825626853,0.0011416045091551567,0.0006855663412813427,0.005708022545775783,0.0013711326825626854,0.011416045091551566,0.006855663412813427,0.05708022545775783
20260313,301209.SZ,18.118374531464244,0.1358349904069641,945.532983624149,-0.0142490810430508,73911169.50000006,10039723.000000006,0.00013529754795721358,0.0009960434167357003,0.0006764877397860679,0.004980217083678501,0.0013529754795721359,0.009960434167357002,0.006764877397860679,0.04980217083678501
20260313,300600.SZ,17.931884107172852,0.147103178725639,835.5683535405358,0.0451450142550806,61336404.00000003,9022780.000000004,0.0001630353158623384,0.001108305865819625,0.0008151765793116919,0.0055415293290981245,0.0016303531586233837,0.011083058658196249,0.00815176579311692,0.05541529329098125
20260313,600076.SH,18.00448802523738,0.1118359318249929,423.5185604429571,-0.0021276176674993,65955314.00000008,7376174.000000009,0.00015161780595874334,0.0013557163917228617,0.0007580890297937166,0.006778581958614308,0.0015161780595874333,0.013557163917228617,0.007580890297937167,0.06778581958614309
20260313,688291.SH,17.832189751069517,0.190473113738437,718.8336017847822,-0.0057804553863907,55516438.999999985,10574388.999999996,0.00018012682693859387,0.0009456811168947921,0.0009006341346929693,0.00472840558447396,0.0018012682693859387,0.00945681116894792,0.009006341346929693,0.0472840558447396
20260313,300667.SZ,18.274040200652387,0.1611230207573991,794.0227027405974,-0.0047107993566914,86360434.0,13914653.999999994,0.00011579376731710265,0.0007186668098250955,0.0005789688365855132,0.0035933340491254772,0.0011579376731710265,0.0071866680982509545,0.005789688365855132,0.035933340491254774
20260313,688539.SH,18.461596980431707,0.1292962251374909,864.9723225097886,-0.0086828519976444,104176482.99999999,13469625.99999999,9.599095411965483e-05,0.0007424111107465053,0.00047995477059827415,0.0037120555537325265,0.0009599095411965483,0.007424111107465053,0.004799547705982741,0.03712055553732527
20260316,688291.SH,17.591645750875728,0.1028959429470419,306.73437524566145,-0.0171482249691419,43647026.99999997,4491101.999999994,0.00022911067917638484,0.002226625002059631,0.0011455533958819241,0.011133125010298155,0.0022911067917638483,0.02226625002059631,0.011455533958819241,0.11133125010298155
20260316,603616.SH,18.761427681009103,0.0574307257955203,168.62987031229216,0.0259138756168901,140599738.00000018,8074745.000000006,7.112388786954914e-05,0.0012384292011698194,0.0003556194393477457,0.006192146005849097,0.0007112388786954914,0.012384292011698194,0.003556194393477457,0.06192146005849097
20260316,002131.SZ,21.929573724242815,0.0677010449456444,305.44494833573526,0.0214743422212171,3341126036.999989,226197723.99999902,2.993002924540686e-06,4.420910972561353e-05,1.496501462270343e-05,0.00022104554862806763,2.993002924540686e-05,0.00044209109725613525,0.0001496501462270343,0.0022104554862806764
20260316,688392.SH,19.847053464764656,0.0559753498808677,735.1608324345442,-0.0144915607121948,416356932.9999994,23305724.999999955,2.401785393111255e-05,0.000429079121117237,0.00012008926965556275,0.0021453956055861854,0.0002401785393111255,0.004290791211172371,0.0012008926965556275,0.021453956055861853
20260316,300875.SZ,19.453803322890877,0.0899946584024188,512.2710432315844,-0.0201088525891252,280982604.3999997,25286933.499999948,3.558939181076226e-05,0.0003954611578347379,0.00017794695905381128,0.0019773057891736895,0.00035589391810762256,0.003954611578347379,0.0017794695905381129,0.019773057891736893
20260316,600710.SH,19.42564810950626,0.1674493804420968,1123.8375796127038,0.0100947562718278,273181810.9999999,45744124.99999997,3.660565820028188e-05,0.00021860730749577147,0.0001830282910014094,0.0010930365374788573,0.0003660565820028188,0.0021860730749577147,0.001830282910014094,0.010930365374788573
20260316,000603.SZ,20.799634889929163,0.0569486465184815,373.11692394456304,0.0102477665826643,1079360841.000001,61468138.99999997,9.26474226240712e-06,0.00016268590789774855,4.6323711312035596e-05,0.0008134295394887427,9.264742262407119e-05,0.0016268590789774854,0.000463237113120356,0.008134295394887426
20260316,301338.SZ,20.683950416348523,0.1827652391592093,2005.148798280881,-0.0192482383686635,961447400.0000015,175719164.00000027,1.0400985014884834e-05,5.6908989164095866e-05,5.2004925074424166e-05,0.00028454494582047936,0.00010400985014884833,0.0005690898916409587,0.0005200492507442416,0.0028454494582047934
20260316,002554.SZ,19.27015141764156,0.0670131948228573,285.2604055561628,-0.0081864258581593,233840873.29999983,15670423.999999978,4.27641235635088e-05,0.0006381448262025338,0.00021382061781754404,0.003190724131012669,0.0004276412356350881,0.006381448262025338,0.0021382061781754402,0.03190724131012669
20260316,000960.SZ,21.529944676409254,0.043905869972093,348.47577184821813,0.0190043738081633,2240454706.0000005,98369112.99999988,4.463379676107587e-06,0.00010165792589793924,2.231689838053793e-05,0.0005082896294896962,4.463379676107586e-05,0.0010165792589793925,0.00022316898380537933,0.005082896294896963
20260317,688448.SH,18.165806519967564,0.1687271800884722,1088.5438856414223,-0.008495811455031,77501395.99999999,13076591.999999996,0.0001290299338608043,0.0007647252433967507,0.0006451496693040214,0.0038236262169837536,0.0012902993386080428,0.007647252433967507,0.006451496693040215,0.03823626216983753
20260317,301161.SZ,17.82911435990302,0.1353075115238975,719.3482277882225,-0.0018887483725246,55345966.50000008,7488725.0000000065,0.00018068164009747638,0.0013353407956628119,0.000903408200487382,0.00667670397831406,0.001806816400974764,0.01335340795662812,0.009034082004873819,0.0667670397831406
20260317,688260.SH,18.104617948517753,0.1926019465808089,637.6497442375515,0.0093152916214034,72901365.99999997,14040944.999999993,0.00013717164092645403,0.0007122027755254368,0.0006858582046322701,0.0035610138776271845,0.0013717164092645403,0.007122027755254369,0.006858582046322701,0.035610138776271845
20260317,300293.SZ,18.101638563481465,0.1727602731410861,1634.322027606886,0.0053394742367398,72684487.99999993,12556991.999999983,0.00013758093748971598,0.0007963690667319062,0.0006879046874485799,0.003981845333659532,0.0013758093748971597,0.007963690667319064,0.006879046874485799,0.03981845333659531
20260317,688159.SH,18.047175591842304,0.150970504989246,828.746839729979,0.0101750999416929,68831742.99999991,10391562.999999985,0.00014528180697094962,0.0009623191429431755,0.0007264090348547481,0.004811595714715878,0.0014528180697094962,0.009623191429431755,0.007264090348547482,0.04811595714715878
20260317,300591.SZ,17.86704208235423,0.1795071060529095,809.4029724062906,-0.003536398360305,57485429.000000075,10319043.000000013,0.0001739571257265904,0.0009690821135254487,0.0008697856286329521,0.0048454105676272435,0.0017395712572659042,0.009690821135254487,0.008697856286329521,0.04845410567627244
20260317,301380.SZ,17.35858891063605,0.141282392193973,538.790283164106,0.0192715463519979,34573183.00000003,4884582.000000005,0.0002892415199375768,0.002047258086771804,0.0014462075996878841,0.010236290433859018,0.0028924151993757682,0.020472580867718037,0.01446207599687884,0.10236290433859019
20260317,688478.SH,17.79232235945861,0.1579336086919145,856.9360081363762,0.008441800241199,53346682.00000003,8425234.000000004,0.00018745308283652943,0.0011869106543509647,0.0009372654141826472,0.005934553271754823,0.0018745308283652944,0.011869106543509646,0.009372654141826472,0.059345532717548236
20260317,300605.SZ,17.56545623049416,0.1670236658533709,928.4853143932112,0.0222025907888101,42518771.0,7101640.999999996,0.00023519024103495372,0.0014081252487981306,0.0011759512051747686,0.0070406262439906536,0.0023519024103495372,0.014081252487981307,0.011759512051747686,0.07040626243990653
20260317,688291.SH,17.950157075509683,0.24504471564856,1068.133451006893,-0.0007160303046744,62467504.99999995,15307331.999999987,0.00016008323047318775,0.0006532817083996093,0.0008004161523659387,0.0032664085419980464,0.0016008323047318775,0.006532817083996093,0.008004161523659388,0.03266408541998046
20260318,001270.SZ,20.276487962346625,0.0029552531291829,19.5678092694916,-0.025415026447078,639685981.9999992,1890433.9999999339,1.563267021849482e-05,0.005289790598349559,7.81633510924741e-05,0.026448952991747793,0.0001563267021849482,0.052897905983495586,0.000781633510924741,0.26448952991747793
20260318,603268.SH,20.593600076272818,0.0320218341356614,260.06764808264205,0.013915650389922,878388973.0000007,28127625.99999998,1.1384478069944978e-05,0.00035552236082775015,5.692239034972489e-05,0.0017776118041387507,0.00011384478069944978,0.0035552236082775014,0.0005692239034972489,0.01777611804138751
20260318,688291.SH,17.578620221403522,0.0967474075364974,293.981182778997,-0.0237639835941532,43082188.00000001,4168089.9999999986,0.00023211448777856868,0.0023991804399617097,0.0011605724388928434,0.01199590219980855,0.002321144877785687,0.0239918043996171,0.011605724388928434,0.11995902199808549
20260318,001288.SZ,17.697017294485924,0.1401998170963639,531.788825017324,-0.0220153785323811,48497231.59999996,6799302.9999999935,0.00020619733683932608,0.0014707389860401882,0.0010309866841966304,0.007353694930200941,0.0020619733683932607,0.014707389860401881,0.010309866841966305,0.07353694930200941
20260318,688448.SH,17.993203772582365,0.1206071599122051,689.2205284611184,-0.0188314724445841,65215241.00000004,7865424.999999998,0.0001533383891044732,0.001271387115127282,0.000766691945522366,0.00635693557563641,0.001533383891044732,0.01271387115127282,0.00766691945522366,0.0635693557563641
20260318,688560.SH,17.711221034610876,0.050778344789937,202.2363005123052,0.0145532411505244,49190989.00000005,2497837.000000001,0.00020328926503185348,0.004003463796877056,0.0010164463251592674,0.020017318984385284,0.002032892650318535,0.04003463796877057,0.010164463251592674,0.20017318984385282
20260318,301161.SZ,17.40036324158674,0.1179832625745555,411.95411934633705,-0.0233496976684334,36048045.859999955,4253066.059999993,0.00027740754766117056,0.002351244927524125,0.001387037738305853,0.011756224637620626,0.002774075476611706,0.02351244927524125,0.013870377383058529,0.11756224637620626
20260318,301002.SZ,18.296584601883733,0.1031813050025461,308.131095486293,-0.0354657127256143,88329490.50000009,9113952.100000007,0.00011321247233957486,0.0010972188453788332,0.0005660623616978742,0.005486094226894166,0.0011321247233957484,0.010972188453788332,0.0056606236169787424,0.05486094226894166
20260318,001360.SZ,17.64828950254892,0.0803936907630613,269.82891558773224,-0.0316642864785661,46190720.50000002,3713442.499999998,0.0002164937002877016,0.0026929190367159326,0.0010824685014385082,0.013464595183579663,0.0021649370028770164,0.026929190367159326,0.01082468501438508,0.13464595183579664
20260318,688767.SH,17.405301591201734,0.09585807672747,360.9089537673652,-0.0147030413001318,36226504.00000004,3472603.0000000023,0.00027604098921607203,0.0028796842023116357,0.00138020494608036,0.01439842101155818,0.00276040989216072,0.02879684202311636,0.0138020494608036,0.1439842101155818
20260319,301387.SZ,18.02892041043988,0.1303359116562956,466.51318379608495,-0.007950297113504,67586606.69999996,8808961.99999999,0.00014795830843213507,0.00113520753069431,0.0007397915421606754,0.00567603765347155,0.0014795830843213507,0.0113520753069431,0.0073979154216067535,0.0567603765347155
20260319,301286.SZ,18.174905594073504,0.1468709837596449,749.7759045235777,0.0194754727794825,78209805.00000007,11486751.000000006,0.00012786120614928002,0.0008705681876450525,0.0006393060307464001,0.004352840938225262,0.0012786120614928002,0.008705681876450525,0.006393060307464,0.04352840938225263
20260319,300582.SZ,18.117665219347007,0.1089408390029608,572.5805114651973,0.0064760323552239,73858761.99999988,8046235.499999986,0.0001353935501924608,0.0012428172155786413,0.000676967750962304,0.006214086077893207,0.001353935501924608,0.012428172155786415,0.00676967750962304,0.06214086077893207
20260319,002043.SZ,18.194616114189586,0.1232934383456529,540.9578748677685,-0.0126487727521978,79766653.69999993,9834704.999999987,0.00012536567019107647,0.0010168073165387282,0.0006268283509553823,0.005084036582693641,0.0012536567019107647,0.010168073165387282,0.006268283509553823,0.050840365826936414
20260319,301538.SZ,17.908909546605884,0.1383405716690425,947.5376890264848,0.0274562264993365,59943291.399999954,8292589.199999994,0.00016682433957905768,0.001205895982403181,0.0008341216978952884,0.0060294799120159046,0.0016682433957905768,0.012058959824031809,0.008341216978952884,0.060294799120159046
20260319,301398.SZ,18.033729337243937,0.2742516708121167,1694.6285570082537,-0.0124610431415257,67912408.50000007,18625091.50000002,0.00014724849583268703,0.0005369101139717885,0.0007362424791634352,0.0026845505698589425,0.0014724849583268704,0.005369101139717885,0.007362424791634351,0.026845505698589428
20260319,300909.SZ,18.17498869401048,0.1033881113623822,294.4003399065029,0.0036077275244854,78216304.49999987,8086635.999999982,0.0001278505813324384,0.0012366081520177267,0.0006392529066621919,0.006183040760088633,0.0012785058133243838,0.012366081520177267,0.00639252906662192,0.06183040760088634
20260319,688607.SH,17.910402353760098,0.1498981674064339,725.5595679008895,0.0097591637167184,60032841.99999992,8998812.999999985,0.00016657548879661592,0.00111125767365096,0.0008328774439830796,0.0055562883682548,0.0016657548879661591,0.0111125767365096,0.008328774439830796,0.055562883682548005
20260319,301321.SZ,18.009408536232147,0.1006138026931408,446.2729688695593,-0.0085141582046713,66280647.59999988,6668747.999999984,0.00015087360130138525,0.0014995318461576332,0.0007543680065069263,0.007497659230788166,0.0015087360130138527,0.014995318461576332,0.007543680065069263,0.07497659230788166
20260319,300837.SZ,18.152864447129662,0.1052150302144322,486.0553936041427,-0.0099269896882177,76504829.9999999,8049457.999999988,0.00013071070153348506,0.001242319669224936,0.0006535535076674253,0.00621159834612468,0.0013071070153348506,0.01242319669224936,0.006535535076674253,0.062115983461246804
20260320,688767.SH,17.21928066067305,0.1923971516041344,607.8728470812604,-0.0303081056999668,30077279.999999996,5786782.999999999,0.0003324768729087205,0.0017280758583828012,0.0016623843645436026,0.008640379291914007,0.003324768729087205,0.017280758583828014,0.016623843645436027,0.08640379291914006
20260320,688716.SH,17.579241306114046,0.0985955029203445,548.761812583151,-0.0263711528341761,43108954.000000075,4250349.000000004,0.0002319703697751512,0.0023527479743428105,0.0011598518488757559,0.011763739871714054,0.0023197036977515117,0.023527479743428108,0.011598518488757559,0.11763739871714053
20260320,600191.SH,17.948154479536385,0.0842308091652291,465.7389569580795,-0.0353257223698086,62342532.99999989,5251161.999999988,0.00016040413372360115,0.0019043404107509962,0.0008020206686180058,0.009521702053754981,0.0016040413372360115,0.019043404107509963,0.008020206686180057,0.09521702053754981
20260320,001316.SZ,17.901581182034775,0.0947555284988352,341.16472694806447,-0.0250170887292254,59505610.80000008,5638485.600000003,0.00016805137978686182,0.0017735258559496887,0.0008402568989343091,0.008867629279748443,0.0016805137978686182,0.017735258559496887,0.008402568989343091,0.08867629279748443
20260320,301321.SZ,17.98376016937167,0.1081431453657985,480.5142391527497,-0.034948287407219,64602272.999999955,6986292.999999994,0.0001547933150897029,0.0014313742638621095,0.0007739665754485145,0.007156871319310547,0.001547933150897029,0.014313742638621094,0.007739665754485145,0.07156871319310547
20260320,002976.SZ,17.487306567451636,0.1459185226561966,705.0536762295104,-0.0286157031567589,39322464.99999995,5737875.99999999,0.0002543075567617649,0.0017428051773861997,0.0012715377838088244,0.008714025886930998,0.0025430755676176487,0.017428051773861995,0.012715377838088245,0.08714025886930998
20260320,300521.SZ,17.936895316507893,0.1202442973664579,778.1335596286563,-0.0427362884902029,61644545.00000001,7412404.999999997,0.00016222035542642094,0.0013490898028372712,0.0008111017771321046,0.006745449014186357,0.0016222035542642092,0.013490898028372713,0.008111017771321047,0.06745449014186357
20260320,301319.SZ,18.051342990551447,0.1263448673421001,686.1628223203097,-0.0270200419005799,69119190.86000004,8732855.000000004,0.00014467761956668242,0.0011451008862508303,0.0007233880978334122,0.005725504431254152,0.0014467761956668244,0.011451008862508305,0.007233880978334122,0.05725504431254152
20260320,002363.SZ,17.87086036410287,0.150711247426119,943.3232440990176,-0.0291839887755688,57705344.14999995,8696844.399999991,0.00017329417486889746,0.0011498423497148013,0.0008664708743444874,0.005749211748574006,0.0017329417486889747,0.011498423497148013,0.008664708743444874,0.05749211748574006
20260320,002295.SZ,17.627636252771993,0.1197906817842063,943.1158633174596,-0.0404899031355109,45246515.99999996,5420110.999999994,0.0002210114918019325,0.0018449806655251176,0.0011050574590096625,0.009224903327625588,0.002210114918019325,0.018449806655251175,0.011050574590096625,0.09224903327625587
20260323,605339.SH,17.32018104524599,0.0871951403884248,1331.7062732682332,0.0198221910295324,33270477.999999955,2901023.999999995,0.0003005667667293513,0.0034470586937577962,0.0015028338336467563,0.017235293468788982,0.0030056676672935126,0.034470586937577964,0.015028338336467564,0.1723529346878898
20260323,002462.SZ,18.138742952151297,0.0899124857253334,988.9708202235826,0.0163824684231359,75432059.80000022,6782284.000000016,0.00013256962658203815,0.0014744295579483218,0.0006628481329101907,0.00737214778974161,0.0013256962658203815,0.01474429557948322,0.0066284813291019075,0.0737214778974161
20260323,605179.SH,17.88538713903114,0.1149193587298046,1451.1298121563905,0.0161540854240953,58549734.9999999,6728497.999999985,0.0001707949660233307,0.0014862157943719419,0.0008539748301166536,0.00743107897185971,0.001707949660233307,0.01486215794371942,0.008539748301166536,0.07431078971859709
20260323,001318.SZ,17.670742590743572,0.1188441239135767,1395.547179600257,0.0158643897582622,47239575.80000007,5614146.000000007,0.00021168691358147178,0.0017812148098749101,0.0010584345679073588,0.00890607404937455,0.0021168691358147175,0.0178121480987491,0.010584345679073588,0.0890607404937455
20260323,002098.SZ,17.38323141687571,0.0891154034696667,795.916659799744,0.0223426872565795,35435736.99999998,3157869.999999995,0.0002822009882283528,0.003166691472416539,0.0014110049411417641,0.015833457362082696,0.0028220098822835282,0.03166691472416539,0.01411004941141764,0.15833457362082695
20260323,002679.SZ,17.741016822336846,0.1223211260036494,849.8565775380152,0.0218536668801809,50678727.4,6199078.999999999,0.00019732145049877476,0.0016131428555758043,0.000986607252493874,0.008065714277879022,0.001973214504987748,0.016131428555758043,0.009866072524938738,0.08065714277879021
20260323,605188.SH,18.049806566343687,0.1306669043414323,1144.8998298352485,0.0341813334763694,69013075.99999993,9017724.999999987,0.00014490007661736466,0.0011089271407145388,0.0007245003830868233,0.005544635703572694,0.0014490007661736466,0.011089271407145388,0.0072450038308682334,0.05544635703572694
20260323,301019.SZ,17.795227169386056,0.054028373961153,700.5856017942565,0.0252766846280749,53501869.26000006,2890618.9999999995,0.00018690935734233053,0.003459466640190216,0.0009345467867116527,0.01729733320095108,0.0018690935734233054,0.03459466640190216,0.009345467867116526,0.1729733320095108
20260323,003033.SZ,17.800443859475543,0.0891879745893943,715.187005399214,0.0135264296889761,53781701.19999992,4796680.99999999,0.0001859368479775797,0.0020847748682891404,0.0009296842398878985,0.010423874341445701,0.001859368479775797,0.020847748682891402,0.009296842398878983,0.104238743414457
20260323,603344.SH,17.782454136244116,0.1316353264953561,1406.1918860221735,0.0326349217688588,52822833.99999994,6953350.999999989,0.00018931206909496775,0.0014381555022894739,0.0009465603454748387,0.0071907775114473695,0.0018931206909496773,0.014381555022894739,0.009465603454748388,0.0719077751144737
20260324,688651.SH,17.392554635230915,0.0976117893324687,378.7984233810692,0.0089123322817421,35767656.99999996,3491344.999999996,0.00027958219348838006,0.0028642256780696297,0.0013979109674419,0.01432112839034815,0.0027958219348838,0.0286422567806963,0.013979109674419002,0.1432112839034815
20260324,301567.SZ,17.54491810101245,0.1566442116034289,684.1699274300448,0.0203386167093655,41654421.39999997,6524923.999999992,0.0002400705534707057,0.0015325849006057408,0.0012003527673535284,0.007662924503028704,0.002400705534707057,0.015325849006057409,0.012003527673535285,0.07662924503028704
20260324,300978.SZ,17.52615299603082,0.1372814276691374,841.3209516459448,0.0038551962283712,40880059.99999996,5612072.999999992,0.00024461803627489806,0.001781872758960907,0.0012230901813744903,0.008909363794804536,0.0024461803627489806,0.017818727589609073,0.012230901813744904,0.08909363794804535
20260324,600622.SH,17.680839004906762,0.1052999037572962,517.6800786129224,0.0074080281894886,47718941.99999997,5024799.999999996,0.00020956038799016137,0.0019901289603566326,0.0010478019399508068,0.009950644801783162,0.0020956038799016135,0.019901289603566324,0.010478019399508067,0.09950644801783162
20260324,001379.SZ,17.7785896726538,0.1173490513786097,688.6304900258555,0.0209442261870385,52619095.99999994,6174800.999999989,0.00019004507413050218,0.0016194853890837968,0.0009502253706525109,0.008097426945418984,0.0019004507413050219,0.016194853890837968,0.00950225370652511,0.08097426945418984
20260324,301077.SZ,17.30031677188164,0.1794460469443639,747.3629929214951,0.0200218186134664,32616104.949999973,5852831.099999995,0.0003065970021659502,0.001708574846795085,0.0015329850108297509,0.008542874233975425,0.0030659700216595018,0.01708574846795085,0.015329850108297509,0.08542874233975425
20260324,688292.SH,17.983087877308275,0.1038121090621556,334.02131972999865,0.0268223412392707,64558856.00000001,6701990.999999999,0.00015489741639783703,0.001492093916568972,0.0007744870819891851,0.00746046958284486,0.0015489741639783702,0.01492093916568972,0.007744870819891851,0.0746046958284486
20260324,605398.SH,17.807683145354698,0.1307993333512391,466.25575829872497,0.017820217788681,54172455.00000009,7085721.000000011,0.00018459565843933018,0.0014112889852705157,0.0009229782921966509,0.007056444926352579,0.0018459565843933017,0.014112889852705158,0.009229782921966509,0.07056444926352579
20260324,002098.SZ,17.36809802680746,0.1042418611663184,912.565661444385,0.0131666656170257,34903511.50000004,3638407.0000000014,0.00028650412437728476,0.002748455574101522,0.001432520621886424,0.01374227787050761,0.002865041243772848,0.02748455574101522,0.01432520621886424,0.1374227787050761
20260324,688478.SH,17.46224618077485,0.1193383217632751,531.9746138004301,0.0150001687972143,38349274.00000001,4576538.000000001,0.00026076112940234537,0.0021850577882233245,0.0013038056470117266,0.010925288941116624,0.0026076112940234533,0.021850577882233248,0.013038056470117267,0.10925288941116623
20260325,688607.SH,18.116938338677272,0.0726035919335921,443.57458142430914,-0.0131272482068627,73805095.00000006,5358515.000000003,0.00013549200092486828,0.0018661886735410827,0.0006774600046243414,0.009330943367705414,0.001354920009248683,0.01866188673541083,0.006774600046243414,0.09330943367705413
20260325,301161.SZ,17.817196563121108,0.0830697712010081,441.8645025110206,0.0072853129197694,54690279.43999998,4543108.999999996,0.00018284784978966646,0.0022011358301110557,0.0009142392489483322,0.01100567915055528,0.0018284784978966644,0.02201135830111056,0.009142392489483323,0.11005679150555278
20260325,688291.SH,17.720555211232245,0.0492846091145513,211.67778376210327,-0.0059504547136566,49652295.999999985,2447093.999999998,0.00020140055557551665,0.004086479718392513,0.0010070027778775832,0.020432398591962563,0.0020140055557551664,0.040864797183925126,0.010070027778775833,0.20432398591962564
20260325,301321.SZ,17.75094428153634,0.1574850505068503,664.447697108923,-0.0033859249090498,51184344.000000015,8060769.000000003,0.00019537224116811963,0.0012405764263930645,0.0009768612058405981,0.006202882131965323,0.0019537224116811963,0.012405764263930646,0.009768612058405981,0.062028821319653225
20260325,300478.SZ,17.673400168154917,0.0816357581511131,412.5398940301288,0.0232805193755984,47365285.59999994,3866700.999999995,0.00021112508609047662,0.0025861839330219775,0.001055625430452383,0.012930919665109888,0.002111250860904766,0.025861839330219776,0.01055625430452383,0.12930919665109888
20260325,301181.SZ,18.7028331522024,0.0495318791516273,561.7904513914175,-0.017001056705503,132598078.49999943,6567831.999999963,7.541587414481306e-05,0.0015225724409516043,0.0003770793707240653,0.007612862204758021,0.0007541587414481306,0.015225724409516042,0.003770793707240653,0.07612862204758021
20260325,002498.SZ,21.9490298101086,0.0786160931174502,884.2938002975773,-0.0276095249989851,3406767766.9999967,267826771.9999996,2.935333631152091e-06,3.733756683592488e-05,1.4676668155760454e-05,0.0001866878341796244,2.9353336311520907e-05,0.0003733756683592488,0.00014676668155760454,0.001866878341796244
20260325,605398.SH,17.713895445604155,0.0791361433782993,267.5409411881823,-0.0059948855417717,49322721.99999997,3903209.999999995,0.00020274631233856084,0.002561993846090785,0.0010137315616928042,0.012809969230453926,0.0020274631233856083,0.025619938460907852,0.010137315616928043,0.12809969230453924
20260325,301096.SZ,18.020395934895713,0.121251970608949,659.9173235349936,0.02619689960013,67012914.99999992,8125447.999999988,0.00014922496656055048,0.0012307013717889788,0.0007461248328027525,0.006153506858944895,0.001492249665605505,0.01230701371788979,0.007461248328027525,0.061535068589448946
20260325,605167.SH,18.267803827543933,0.0741982962388847,454.05847542941297,0.0109187203089531,85823534.0,6367959.9999999935,0.00011651815689621916,0.001570361622874517,0.0005825907844810959,0.007851808114372586,0.0011651815689621918,0.015703616228745172,0.005825907844810958,0.07851808114372585
20260326,688682.SH,17.716402805709556,0.1104120779151676,680.468378327419,0.0017330871632184,49446546.99999997,5459495.9999999935,0.00020223859109919255,0.0018316709088164937,0.0010111929554959627,0.009158354544082469,0.0020223859109919254,0.018316709088164938,0.010111929554959627,0.09158354544082468
20260326,301010.SZ,17.827450198987606,0.096867176264729,596.840770990029,-0.0134705953316853,55253938.499999925,5352292.999999989,0.00018098257375806818,0.0018683581037136833,0.0009049128687903409,0.009341790518568416,0.0018098257375806818,0.018683581037136833,0.00904912868790341,0.09341790518568416
20260326,300819.SZ,18.478528983419007,0.1597837788709576,415.1643670989239,-0.0213186784860451,105955417.49999993,16929956.999999978,9.437931760308535e-05,0.0005906689544456619,0.00047189658801542674,0.002953344772228309,0.0009437931760308535,0.005906689544456618,0.0047189658801542675,0.029533447722283092
20260326,301159.SZ,18.233514249378977,0.0991209344723617,569.8684029025303,0.0100105458954773,82930564.0000001,8220155.000000008,0.00012058280467018153,0.0012165220728806196,0.0006029140233509075,0.006082610364403098,0.001205828046701815,0.012165220728806197,0.006029140233509076,0.06082610364403098
20260326,301321.SZ,17.80219085107331,0.0754957525919435,346.323019227233,0.0207942827312468,53875739.49999997,4067389.4999999953,0.0001856123014330041,0.0024585793910320147,0.0009280615071650205,0.012292896955160074,0.001856123014330041,0.024585793910320147,0.009280615071650206,0.12292896955160075
20260326,002513.SZ,17.756718043156862,0.0814940931775922,304.2941900477565,0.0186293689743664,51480725.0,4195375.0,0.00019424745863621772,0.0023835771534129846,0.0009712372931810887,0.011917885767064923,0.0019424745863621774,0.023835771534129847,0.009712372931810886,0.11917885767064923
20260326,688767.SH,17.124854860490682,0.1371663365753438,537.8353867200466,0.0125367374508478,27367173.999999966,3753854.9999999935,0.000365401265033796,0.0026639281485299825,0.0018270063251689802,0.013319640742649913,0.0036540126503379605,0.026639281485299825,0.018270063251689804,0.13319640742649913
20260326,688648.SH,18.280539336089284,0.1492906006003207,727.052174481161,-0.0231246708817766,86923529.99999993,12976865.999999983,0.00011504364813532087,0.0007706020852800678,0.0005752182406766044,0.003853010426400339,0.0011504364813532087,0.007706020852800678,0.005752182406766044,0.03853010426400339
20260326,300542.SZ,17.711657401432173,0.1156059078454096,731.746114325388,0.0108093789966112,49212458.99999997,5689250.999999994,0.00020320057569161513,0.0017577006182360401,0.0010160028784580756,0.0087885030911802,0.002032005756916151,0.0175770061823604,0.010160028784580756,0.08788503091180201
20260326,300687.SZ,18.251950459159445,0.1208233285936039,444.9072033859968,0.0041918653500128,84473670.1,10206389.999999993,0.00011838008207956388,0.0009797783545406366,0.0005919004103978194,0.0048988917727031825,0.0011838008207956387,0.009797783545406365,0.0059190041039781935,0.048988917727031824
20260327,688478.SH,17.50580004251789,0.0929951588308896,475.96871585976106,-0.0134959160269974,40056439.999999955,3725054.9999999953,0.0002496477470289424,0.0026845241211203626,0.0012482387351447123,0.013422620605601813,0.0024964774702894246,0.026845241211203626,0.012482387351447122,0.13422620605601812
20260327,002983.SZ,17.511440323620516,0.1028525974567528,366.0140620869424,-0.0219450108288715,40283007.94000006,4143212.000000003,0.0002482436270621748,0.002413586367291848,0.001241218135310874,0.012067931836459241,0.002482436270621748,0.024135863672918482,0.01241218135310874,0.12067931836459242
20260327,603315.SH,17.72039758273791,0.1059128237243745,233.41016413031772,-0.0105552995122856,49644470.00000008,5257986.0000000065,0.00020143230454469519,0.0019018688904839207,0.001007161522723476,0.009509344452419603,0.002014323045446952,0.019018688904839206,0.01007161522723476,0.09509344452419603
20260327,300909.SZ,17.701107677100673,0.1326013976656375,262.9423152066971,-0.0226263267541227,48696010.100000046,6457159.0000000065,0.0002053556334382309,0.0015486686946999432,0.0010267781671911547,0.007743343473499716,0.0020535563343823094,0.015486686946999432,0.010267781671911546,0.07743343473499716
20260327,688625.SH,18.248115507113475,0.0728023457255751,339.5061563983298,-0.0161041756821923,84150338.0000001,6126342.000000007,0.00011883493563626551,0.00163229542196632,0.0005941746781813275,0.008161477109831599,0.001188349356362655,0.016322954219663198,0.005941746781813275,0.081614771098316
20260327,688435.SH,17.91538546625949,0.077011587357239,305.3217183185767,-0.0137028148116515,60332739.00000002,4646320.000000002,0.00016574748910371857,0.0021522409132388636,0.0008287374455185928,0.010761204566194317,0.0016574748910371856,0.021522409132388634,0.008287374455185929,0.10761204566194317
20260327,300810.SZ,17.738164237017376,0.0847262203813452,226.35525260079908,-0.0069459656518084,50534367.99999994,4281585.9999999935,0.00019788513037305645,0.0023355831227026658,0.0009894256518652822,0.011677915613513327,0.0019788513037305644,0.023355831227026655,0.009894256518652823,0.11677915613513327
20260327,001233.SZ,17.54468560887549,0.1104045600651656,353.50568228875665,-0.0156515895021874,41644738.19999994,4597768.99999999,0.00024012637447676436,0.0021749679029111776,0.0012006318723838218,0.010874839514555888,0.0024012637447676437,0.021749679029111776,0.012006318723838217,0.10874839514555888
20260327,688039.SH,17.760203946824745,0.1143916255544976,505.3516564835214,-0.0253038473624506,51660494.99999995,5909527.99999999,0.00019357150952579937,0.0016921825228681576,0.0009678575476289968,0.008460912614340788,0.0019357150952579935,0.016921825228681575,0.009678575476289968,0.08460912614340788
20260327,003033.SZ,17.809615194125833,0.1251196910969279,1073.443613860759,0.035852115947718,54277219.999999985,6791148.999999994,0.00018423935492643142,0.0014725048736230067,0.0009211967746321571,0.007362524368115034,0.0018423935492643143,0.014725048736230067,0.009211967746321572,0.07362524368115034
20260330,001270.SZ,20.137971695884264,0.0032289447455249,22.567117051725297,0.0479061522281998,556942017.2000005,1798334.9999999802,1.7955190470768437e-05,0.00556069920231776,8.977595235384218e-05,0.027803496011588803,0.00017955190470768435,0.05560699202317761,0.0008977595235384219,0.278034960115888
20260330,301159.SZ,18.007176700011158,0.1156152646296921,546.0734011574601,0.0137399359665066,66132885.00000006,7645971.000000002,0.00015121070251207082,0.0013078783584190938,0.0007560535125603541,0.006539391792095469,0.0015121070251207082,0.013078783584190939,0.007560535125603542,0.0653939179209547
20260330,301040.SZ,19.69029671151158,0.0531676527217671,510.46524531555866,-0.0217065921003717,355948533.2000005,18924948.000000015,2.8093949173211498e-05,0.0005284030370915678,0.00014046974586605747,0.002642015185457839,0.00028093949173211495,0.005284030370915678,0.001404697458660575,0.02642015185457839
20260330,601615.SH,21.05055636756097,0.0821658289628185,613.475197372843,0.0131334585482396,1387204443.000001,113980802.99999999,7.208742770729428e-06,8.773407220161453e-05,3.604371385364714e-05,0.0004386703610080726,7.208742770729428e-05,0.0008773407220161452,0.00036043713853647143,0.004386703610080726
20260330,300376.SZ,19.26197141467971,0.0977932901451972,663.9496892521059,0.0368121662490685,231935856.3999999,22681770.499999985,4.3115368857645955e-05,0.00044088269035258984,0.00021557684428822978,0.0022044134517629492,0.00043115368857645956,0.0044088269035258984,0.002155768442882298,0.02204413451762949
20260330,300170.SZ,20.505964670615647,0.0907797885541385,285.00234100297126,0.0175741081422382,804687587.0,73049368.99999993,1.2427183122435813e-05,0.00013689372183351797,6.213591561217907e-05,0.0006844686091675898,0.00012427183122435813,0.0013689372183351796,0.0006213591561217907,0.006844686091675898
20260330,688118.SH,17.77166487288452,0.0756680317034732,181.48416822414495,0.0100957469064519,52255978.00000008,3954107.0000000037,0.0001913656653789923,0.0025290160332029432,0.0009568283268949616,0.012645080166014717,0.0019136566537899231,0.025290160332029434,0.009568283268949616,0.12645080166014716
20260330,001216.SZ,17.972967359041775,0.0734905259186444,201.2704143211454,0.016036488502507,63908781.999999925,4696689.999999989,0.00015647301805877026,0.002129159046051586,0.0007823650902938513,0.01064579523025793,0.0015647301805877026,0.02129159046051586,0.007823650902938514,0.1064579523025793
20260330,300632.SZ,18.16552318042128,0.079431756449752,389.7787212749713,-0.0085418551641608,77479439.9000001,6154328.000000006,0.00012906649832402812,0.0016248727724619148,0.0006453324916201406,0.008124363862309573,0.0012906649832402813,0.016248727724619147,0.006453324916201406,0.08124363862309573
20260330,300499.SZ,20.734049551626907,0.0450969626865079,227.47090305799696,-0.0289251650715821,1010842067.4999986,45585906.99999994,9.892742221078976e-06,0.000219366042228797,4.946371110539488e-05,0.0010968302111439851,9.892742221078976e-05,0.0021936604222879703,0.0004946371110539488,0.01096830211143985
20260331,688039.SH,17.93104807138388,0.0888688427045601,553.4365911121564,0.0213130835404853,61285146.00000001,5446340.000000001,0.00016317167621661535,0.00183609543289622,0.0008158583810830767,0.0091804771644811,0.0016317167621661534,0.0183609543289622,0.008158583810830768,0.09180477164481099
20260331,300306.SZ,17.29246350137774,0.0944360589988586,618.8455277420087,0.0143783271794806,32360964.999999978,3056041.999999996,0.0003090142707425445,0.0032722063374783505,0.0015450713537127226,0.016361031687391753,0.003090142707425445,0.032722063374783505,0.015450713537127226,0.16361031687391753
20260331,300862.SZ,18.08195957848534,0.0528810934290884,401.0680187807037,0.0167098744050937,71268113.1500001,3768735.7499999986,0.00014031520631046742,0.002653409701117942,0.0007015760315523371,0.01326704850558971,0.0014031520631046742,0.02653409701117942,0.0070157603155233715,0.1326704850558971
20260331,300937.SZ,17.578665691596836,0.0811486879385125,582.9074313718387,-0.0004097932074681,43084146.99999993,3496221.999999994,0.0002321039337276427,0.002860230271418696,0.0011605196686382134,0.014301151357093481,0.002321039337276427,0.028602302714186963,0.011605196686382135,0.1430115135709348
20260331,688478.SH,17.56718697852689,0.0979912296139801,621.8873681542482,0.0218621843125428,42592424.00000001,4173683.9999999977,0.00023478353803014354,0.0023959648119023878,0.0011739176901507176,0.011979824059511939,0.0023478353803014352,0.023959648119023878,0.011739176901507177,0.11979824059511938
20260331,300771.SZ,17.677244122869674,0.0922496239881688,658.9507071886005,0.0156441923343817,47547706.00000006,4386258.000000003,0.00021031508859754427,0.002279847651460537,0.0010515754429877213,0.011399238257302687,0.0021031508859754426,0.022798476514605374,0.010515754429877214,0.11399238257302687
20260331,688399.SH,17.815196028378253,0.0936225053786594,669.186118273708,0.0206375281242248,54580979.00000005,5110008.000000001,0.00018321400940792928,0.0019569440987176534,0.0009160700470396464,0.009784720493588266,0.0018321400940792929,0.019569440987176532,0.009160700470396464,0.09784720493588267
20260331,002712.SZ,17.771154791599834,0.1057700338105045,697.8613180005532,-0.0020068226681581,52229329.99999997,5524297.9999999935,0.0001914633023245752,0.0018101847510760664,0.0009573165116228761,0.009050923755380332,0.0019146330232457521,0.018101847510760664,0.00957316511622876,0.09050923755380333
20260331,002574.SZ,17.80264127706658,0.0880592568328185,830.1921154018627,-0.0056653423738036,53900012.00000001,4746395.0,0.00018552871565223397,0.002106862155383191,0.0009276435782611699,0.010534310776915953,0.0018552871565223397,0.021068621553831907,0.009276435782611699,0.10534310776915955
20260331,603130.SH,17.911011534614723,0.0981128435658048,643.7043432870772,0.0086237249883875,60069423.9999999,5893581.999999991,0.00016647404509821862,0.0016967609850851342,0.0008323702254910932,0.008483804925425671,0.0016647404509821863,0.016967609850851342,0.008323702254910931,0.08483804925425671
20260401,688651.SH,17.618585129959794,0.1349853180832186,760.0736312152706,-0.0109282157974243,44838831.99999992,6052583.99999999,0.00022302097431975968,0.0016521869006692045,0.0011151048715987984,0.008260934503346022,0.0022302097431975967,0.016521869006692044,0.011151048715987984,0.08260934503346024
20260401,688448.SH,17.5870014024751,0.0810317740092395,395.6985274201826,-0.0186053041172838,43444785.00000001,3520407.9999999986,0.00023017722380258064,0.002840579841881965,0.001150886119012903,0.014202899209409824,0.002301772238025806,0.02840579841881965,0.011508861190129033,0.14202899209409825
20260401,605167.SH,17.759707370710363,0.0941815496387246,348.67194319213274,0.0053234618730821,51634847.99999999,4863049.999999999,0.0001936676563858579,0.0020563226781546563,0.0009683382819292895,0.010281613390773282,0.001936676563858579,0.020563226781546564,0.009683382819292895,0.10281613390773282
20260401,301259.SZ,18.019899447651955,0.1538109658921161,1002.78581061086,-0.0164184395337687,66979652.200000085,10302205.000000011,0.0001492990732489947,0.000970665988494695,0.0007464953662449734,0.004853329942473475,0.0014929907324899468,0.00970665988494695,0.007464953662449734,0.04853329942473475
20260401,603355.SH,18.186252989823192,0.0924019349769653,988.0248296044674,-0.0138587415158126,79102337.00000006,7309209.000000002,0.0001264185152962041,0.0013681370993769636,0.0006320925764810206,0.006840685496884819,0.0012641851529620412,0.013681370993769638,0.006320925764810205,0.06840685496884819
20260401,300518.SZ,18.543970550365497,0.1219800586379109,806.201013405538,0.0039753513447604,113121219.60000014,13798533.000000013,8.84007442225277e-05,0.0007247147214852471,0.0004420037211126385,0.0036235736074262353,0.000884007442225277,0.007247147214852471,0.004420037211126385,0.03623573607426235
20260401,600256.SH,21.017193132829988,0.1952762725909607,876.6700345612045,0.0300304139954512,1341686352.999998,261999509.99999955,7.4533067863738e-06,3.816801031421783e-05,3.7266533931869e-05,0.00019084005157108915,7.4533067863738e-05,0.0003816801031421783,0.00037266533931869,0.0019084005157108915
20260401,002548.SZ,18.11457080454821,0.1860712964562641,746.5030359589598,-0.0109061679789462,73630565.59999992,13700534.799999988,0.00013581316289657853,0.0007298985146185687,0.0006790658144828927,0.0036494925730928434,0.0013581316289657853,0.007298985146185687,0.006790658144828926,0.03649492573092843
20260401,603815.SH,17.802251702213738,0.1152040484479505,800.51346750713,-0.0109764418615389,53879018.00000006,6207081.000000004,0.000185601007056216,0.0016110632356819564,0.00092800503528108,0.008055316178409782,0.00185601007056216,0.016110632356819563,0.0092800503528108,0.08055316178409783
20260401,002513.SZ,17.660064801289046,0.1162612439662119,412.9481113270443,-0.0066903796265578,46737844.99999993,5433799.99999999,0.00021395937275242395,0.0018403327321579776,0.0010697968637621198,0.009201663660789889,0.0021395937275242396,0.018403327321579777,0.010697968637621198,0.09201663660789888
20260402,300264.SZ,19.011486253664803,0.0757243942687432,457.2559144703999,-0.0324424086578066,180544212.0999999,13671601.099999988,5.5388095157884074e-05,0.0007314432250367522,0.0002769404757894204,0.003657216125183761,0.0005538809515788408,0.007314432250367522,0.0027694047578942036,0.036572161251837605
20260402,301162.SZ,18.518737388766496,0.1663323929662266,800.457605620328,-0.0141424004429814,110302525.39999992,18346882.999999978,9.065975564690025e-05,0.0005450517125988111,0.00045329877823450124,0.0027252585629940554,0.0009065975564690025,0.005450517125988111,0.004532987782345012,0.027252585629940554
20260402,301398.SZ,17.596833345493533,0.0867674264514478,452.81501045026914,-0.0121712080377196,43874038.400000006,3806837.399999997,0.00022792522331384015,0.0026268524103498637,0.0011396261165692008,0.013134262051749317,0.0022792522331384017,0.026268524103498635,0.011396261165692008,0.13134262051749318
20260402,300686.SZ,17.58536758263124,0.0845450423575378,440.7179337598526,-0.0205735783621907,43373861.99999996,3667044.9999999963,0.00023055359930826563,0.002726991351346932,0.001152767996541328,0.01363495675673466,0.002305535993082656,0.02726991351346932,0.011527679965413281,0.1363495675673466
20260402,301001.SZ,17.365032934484244,0.1276988541853609,918.6433893086526,-0.0178955232121842,34796692.79999998,4443497.799999995,0.00028738363319401447,0.002250479340847206,0.0014369181659700725,0.01125239670423603,0.002873836331940145,0.02250479340847206,0.014369181659700725,0.11252396704236031
20260402,002513.SZ,17.421893717654328,0.1296346146468699,371.20844040581494,-0.0224774975701692,36832592.99999997,4774778.9999999935,0.00027149866967009375,0.0020943377693501655,0.001357493348350469,0.010471688846750827,0.002714986696700938,0.020943377693501655,0.013574933483504689,0.10471688846750828
20260402,688125.SH,18.516520419912492,0.107648668147658,439.099734100587,0.0153140601265431,110058259.00000004,11847625.0,9.08609684621669e-05,0.0008440510228843334,0.00045430484231083446,0.004220255114421667,0.0009086096846216689,0.008440510228843333,0.004543048423108344,0.04220255114421667
20260402,600722.SH,20.996032624757493,0.0818822119313465,429.9607661336067,-0.0724135121371573,1313593862.0000005,107559970.99999996,7.612703050221771e-06,9.29713898862989e-05,3.806351525110885e-05,0.00046485694943149456,7.61270305022177e-05,0.0009297138988629891,0.00038063515251108855,0.004648569494314946
20260402,301067.SZ,17.559215538657064,0.1196786102279645,710.9202396150874,-0.01073896454693,42254250.69999998,5056929.9999999935,0.00023666258031644624,0.001977484363042402,0.0011833129015822311,0.00988742181521201,0.0023666258031644623,0.01977484363042402,0.011833129015822312,0.0988742181521201
20260402,002836.SZ,17.037998093944665,0.1351564168902201,690.0532622838374,-0.0133323763531938,25090455.02999999,3391135.999999998,0.00039855793719337755,0.002948864333367935,0.001992789685966888,0.014744321666839675,0.003985579371933776,0.02948864333367935,0.019927896859668878,0.14744321666839674
20260403,688500.SH,17.689036572289147,0.1149693871945446,527.7960950578575,-0.0066366900646773,48111729.00000002,5531376.000000003,0.00020784952459305703,0.0018078684218899592,0.0010392476229652851,0.009039342109449795,0.0020784952459305703,0.01807868421889959,0.010392476229652852,0.09039342109449797
20260403,000935.SZ,18.2496420832174,0.1127692130003883,730.66009313548,-0.0052490409151549,84278897.99999984,9504064.999999981,0.00011865366345914987,0.0010521813560828992,0.0005932683172957493,0.005260906780414496,0.0011865366345914987,0.010521813560828992,0.005932683172957494,0.05260906780414496
20260403,301067.SZ,17.372653208215585,0.0995991314571946,504.2932105257182,0.029526926429696,35062866.00000006,3492231.0000000047,0.00028520201400535777,0.0028634990067953657,0.001426010070026789,0.014317495033976828,0.002852020140053578,0.028634990067953656,0.014260100700267888,0.1431749503397683
20260403,301043.SZ,17.58347931925605,0.0851738603758963,463.3756877836208,0.0171380546888331,43292038.00000001,3687349.9999999977,0.00023098935651862817,0.0027119747243955702,0.001154946782593141,0.013559873621977851,0.002309893565186282,0.027119747243955702,0.011549467825931409,0.13559873621977853
20260403,003016.SZ,17.14670477224812,0.0787285017280843,606.2994782782182,0.0305292458697197,27971724.99999996,2202171.9999999953,0.0003575038722138164,0.004540971368267338,0.0017875193610690822,0.022704856841336694,0.0035750387221381644,0.04540971368267339,0.017875193610690822,0.22704856841336693
20260403,603536.SH,17.67180152708631,0.0748598011749976,662.5763726452228,0.0264522461523959,47289626.00000002,3540091.999999999,0.00021146286925593353,0.0028247853445616676,0.0010573143462796677,0.014123926722808338,0.0021146286925593353,0.028247853445616675,0.010573143462796676,0.1412392672280834
20260403,600191.SH,17.998864506769262,0.0755094719630971,438.2954901041634,-0.0037419738251018,65585454.0000001,4952323.000000002,0.00015247283338162127,0.002019254398390411,0.0007623641669081062,0.010096271991952056,0.0015247283338162125,0.02019254398390411,0.007623641669081063,0.10096271991952056
20260403,603666.SH,17.74498769002044,0.115705476646925,803.1733964937222,0.0034367005869575,50880365.99999998,5887136.999999994,0.00019653946671688652,0.0016986185305353026,0.0009826973335844327,0.008493092652676512,0.0019653946671688654,0.016986185305353025,0.009826973335844326,0.08493092652676512
20260403,688399.SH,17.374051459767106,0.1168676102567654,581.4467457862794,0.0042521040337712,35111926.99999998,4103446.9999999953,0.0002848035085058136,0.0024369755476310556,0.001424017542529068,0.012184877738155277,0.002848035085058136,0.024369755476310553,0.01424017542529068,0.12184877738155277
20260403,301181.SZ,17.539753298765206,0.1112735510916495,415.88301651727767,0.0353545825290655,41439839.16,4611158.059999998,0.00024131367791727695,0.0021686526182535595,0.0012065683895863847,0.010843263091267798,0.0024131367791727695,0.021686526182535595,0.012065683895863847,0.10843263091267799
20260407,301595.SZ,18.194349705995823,0.1585218964671033,1250.8268630019295,0.0333672516900986,79745406.03999981,12641392.999999965,0.00012539907308245518,0.0007910520620630992,0.0006269953654122759,0.003955260310315496,0.0012539907308245519,0.007910520620630992,0.006269953654122759,0.03955260310315496
20260407,301636.SZ,18.175258976308506,0.1354971051928935,412.90445442574025,0.0260835860087313,78237447.84000002,10600947.700000001,0.00012781603025255325,0.0009433118889927171,0.0006390801512627663,0.0047165594449635855,0.0012781603025255326,0.009433118889927171,0.006390801512627663,0.047165594449635855
20260407,603315.SH,17.375155858795114,0.1532420980437217,371.5252923939371,0.030968942104733,35150726.000000045,5386571.000000004,0.00028448914540200355,0.0018564686142631356,0.0014224457270100178,0.00928234307131568,0.0028448914540200355,0.01856468614263136,0.014224457270100178,0.09282343071315678
20260407,301160.SZ,18.006944712109632,0.1151795189732903,618.4886431885535,0.0395232221292984,66117544.750000104,7615387.000000007,0.00015124578563543807,0.0013131309019489082,0.0007562289281771903,0.006565654509744541,0.0015124578563543807,0.013131309019489081,0.007562289281771904,0.06565654509744541
20260407,688399.SH,17.523182815948807,0.1455889828407442,857.2892545461499,0.0320460762050172,40758818.99999998,5934034.999999995,0.0002453456759873245,0.0016851939700389378,0.0012267283799366226,0.008425969850194689,0.002453456759873245,0.016851939700389378,0.012267283799366225,0.08425969850194688
20260407,301052.SZ,18.15666416817006,0.0921933906001452,477.7069335187154,0.0334892801714012,76796079.9999999,7080090.999999989,0.00013021497972292353,0.0014124112246579905,0.0006510748986146177,0.007062056123289952,0.0013021497972292354,0.014124112246579903,0.006510748986146177,0.07062056123289952
20260407,688500.SH,17.486738842735708,0.1011502323388256,395.6532164408109,0.0317763115988585,39300147.000000045,3975219.000000004,0.0002544519744417238,0.002515584675963762,0.001272259872208619,0.01257792337981881,0.002544519744417238,0.02515584675963762,0.012722598722086191,0.1257792337981881
20260407,300982.SZ,17.87353952256229,0.0898630009158012,208.40173764912151,0.0428867184937342,57860153.2,5199486.999999998,0.00017283051369452646,0.0019232666607301842,0.0008641525684726323,0.009616333303650922,0.0017283051369452647,0.019232666607301843,0.008641525684726323,0.09616333303650922
20260407,301043.SZ,17.328682047192828,0.1647895323538566,692.7183119677753,0.0122007883638355,33554516.00000003,5529433.000000004,0.000298022477808948,0.0018085036928741144,0.00149011238904474,0.009042518464370573,0.00298022477808948,0.018085036928741145,0.0149011238904474,0.09042518464370572
20260407,300948.SZ,17.79798009779928,0.0644634542604693,294.04732489043914,0.0309981232516665,53649359.00000001,3458422.9999999977,0.00018639551685976338,0.002891491295310032,0.000931977584298817,0.01445745647655016,0.001863955168597634,0.02891491295310032,0.00931977584298817,0.1445745647655016
20260408,000564.SZ,20.14198799665301,0.0366930624222303,415.478052540072,-0.0183804556073191,559183361.7999992,20518149.999999963,1.788322164631332e-05,0.0004873733743051892,8.941610823156661e-05,0.0024368668715259462,0.00017883221646313322,0.0048737337430518925,0.0008941610823156661,0.024368668715259462
20260408,600577.SH,20.573832851777045,0.0565714327835103,654.1017732123777,-0.0256903542967679,861196148.0000012,48719100.00000006,1.1611756535631864e-05,0.00020525830731684262,5.805878267815932e-05,0.0010262915365842132,0.00011611756535631864,0.0020525830731684264,0.0005805878267815932,0.010262915365842132
20260408,300349.SZ,18.618915855787257,0.0898734623536827,786.2202837829425,-0.0154501414420363,121924901.00000015,10957813.000000004,8.20177003875524e-05,0.0009125908609683334,0.000410088501937762,0.004562954304841667,0.000820177003875524,0.009125908609683334,0.00410088501937762,0.04562954304841667
20260408,605488.SH,18.93805076237602,0.0816337828270251,687.2938169100554,-0.0282716467777535,167760975.00000024,13694963.000000007,5.960861875057644e-05,0.0007301954740586005,0.0002980430937528822,0.003650977370293003,0.0005960861875057644,0.007301954740586006,0.002980430937528822,0.03650977370293003
20260408,301067.SZ,17.57203730534737,0.0779400690844309,525.4704399895571,-0.0109923705013242,42799513.000000015,3335796.999999999,0.00023364751837246365,0.0029977843375960838,0.0011682375918623182,0.014988921687980418,0.0023364751837246364,0.029977843375960836,0.011682375918623183,0.14988921687980417
20260408,300687.SZ,18.968637567242347,0.1246156476546731,1625.978015033276,-0.0241132743244268,172971528.09999973,21554958.999999955,5.7812982921783043e-05,0.0004639303651656225,0.0002890649146089152,0.0023196518258281123,0.0005781298292178304,0.004639303651656225,0.0028906491460891524,0.023196518258281125
20260408,688727.SH,18.999475418479687,0.1183238707008654,1485.123699778337,-0.0038786390520485,178388696.00000018,21107641.000000007,5.605736363474505e-05,0.00047376208454559163,0.00028028681817372526,0.0023688104227279584,0.0005605736363474505,0.004737620845455917,0.0028028681817372524,0.023688104227279582
20260408,601900.SH,18.91026753401131,0.0821604442043427,1328.669733178256,-0.0108484599973637,163164185.99999964,13405641.999999965,6.128795935647313e-05,0.0007459545764387879,0.00030643979678236566,0.00372977288219394,0.0006128795935647313,0.00745954576438788,0.0030643979678236562,0.0372977288219394
20260408,603040.SH,18.6480741478366,0.0756407744135394,630.3335495281812,-0.0283094849386308,125532361.00000006,9495364.999999996,7.96607338565073e-05,0.0010531454030466448,0.0003983036692825364,0.005265727015233224,0.0007966073385650729,0.010531454030466448,0.0039830366928253645,0.052657270152332236
20260408,001216.SZ,18.62509122586937,0.0930458993035891,640.4152081496633,-0.021888056289034,122680161.99999979,11414885.999999978,8.151277139656872e-05,0.0008760490468323573,0.00040756385698284363,0.004380245234161787,0.0008151277139656873,0.008760490468323574,0.004075638569828436,0.043802452341617865
20260409,688109.SH,18.35691528925525,0.2466660290086913,1693.747555689286,0.0173515002557163,93822502.0000001,23142824.000000022,0.00010658423924785111,0.00043209938424109307,0.0005329211962392555,0.0021604969212054652,0.001065842392478511,0.0043209938424109305,0.005329211962392555,0.021604969212054653
20260409,688068.SH,19.886226666795427,0.0760648940405034,926.604669960592,-0.0227776634391647,432990637.9999998,32935386.99999995,2.309518756846656e-05,0.0003036247911706644,0.00011547593784233279,0.001518123955853322,0.00023095187568466559,0.003036247911706644,0.001154759378423328,0.015181239558533219
20260409,601015.SH,19.409171073334,0.0922394865551444,261.2784105720497,-0.0206476760544959,268717464.9999998,24786360.99999997,3.721380744641963e-05,0.0004034476864110876,0.00018606903723209815,0.002017238432055438,0.0003721380744641963,0.004034476864110876,0.0018606903723209815,0.02017238432055438
20260409,688227.SH,18.088478722968777,0.1353629350603822,782.4555948959432,0.0034302964152863,71734237.99999996,9710156.999999994,0.00013940344637103423,0.0010298494658737244,0.0006970172318551712,0.005149247329368622,0.0013940344637103424,0.010298494658737244,0.006970172318551712,0.05149247329368622
20260409,002836.SZ,18.007955665116558,0.2020132363996888,2857.9294409700956,-5.410693959717605e-05,66184420.27999998,13370128.939999994,0.00015109296051387885,0.000747935943241547,0.0007554648025693943,0.0037396797162077347,0.0015109296051387885,0.007479359432415469,0.007554648025693943,0.03739679716207735
20260409,300342.SZ,22.21303578230656,0.138432134993675,2201.0800962954936,-0.0007450444797435,4436074860.99999,614095313.9999987,2.254245095797544e-06,1.628411709391422e-05,1.127122547898772e-05,8.14205854695711e-05,2.254245095797544e-05,0.0001628411709391422,0.0001127122547898772,0.000814205854695711
20260409,601975.SH,21.11778614935845,0.0745571704134778,541.918107592843,-0.0294077315089107,1483672319.9999986,110618409.99999987,6.740032731755763e-06,9.04008654617257e-05,3.370016365877881e-05,0.0004520043273086285,6.740032731755762e-05,0.000904008654617257,0.0003370016365877881,0.004520043273086285
20260409,603026.SH,20.94637046910328,0.0835790352291878,614.6709268050319,0.0658796127373984,1249951350.999998,104469727.99999973,8.000311365718117e-06,9.572150891404662e-05,4.000155682859059e-05,0.00047860754457023307,8.000311365718117e-05,0.0009572150891404661,0.00040001556828590584,0.004786075445702331
20260409,000659.SZ,19.09112064459417,0.0982259362587077,960.289809113764,0.0756068313394888,195509717.00000027,19204125.000000007,5.1148352897467425e-05,0.000520721459582251,0.0002557417644873371,0.002603607297911255,0.0005114835289746743,0.00520721459582251,0.002557417644873371,0.026036072979112552
20260409,300640.SZ,17.84113255145006,0.1852918937734296,1481.9354145699513,0.0231129163700509,56015138.00000009,10379151.000000017,0.00017852316993309888,0.0009634699408458345,0.0008926158496654944,0.004817349704229173,0.0017852316993309887,0.009634699408458345,0.008926158496654943,0.04817349704229172
20260410,301595.SZ,18.51122891975561,0.0890145443849949,1197.3276570016528,-0.0157994611374171,109477423.80000001,9745082.999999998,9.13430335944752e-05,0.0010261585252788511,0.000456715167972376,0.005130792626394255,0.000913430335944752,0.01026158525278851,0.00456715167972376,0.05130792626394255
20260410,603301.SH,19.435624088926485,0.1411987870167308,1073.900578514463,0.0365933421571735,275920705.9999996,38959668.99999994,3.62422963646665e-05,0.0002566756919829071,0.00018121148182333253,0.0012833784599145357,0.00036242296364666506,0.0025667569198290713,0.0018121148182333251,0.012833784599145356
20260410,002836.SZ,17.778792696196472,0.251099396577375,2722.854547796043,-0.0120332129531848,52629780.00000009,13215306.000000022,0.00019000649442197902,0.0007566983314650439,0.0009500324721098951,0.0037834916573252194,0.0019000649442197902,0.007566983314650439,0.00950032472109895,0.03783491657325219
20260410,605288.SH,18.077530442610627,0.0869195316261835,732.3355279420565,-0.0309157420453797,70953154.99999991,6167214.999999993,0.00014093805976633474,0.001621477441600465,0.0007046902988316737,0.008107387208002326,0.0014093805976633474,0.016214774416004652,0.007046902988316737,0.08107387208002326
20260410,603817.SH,18.49427586747885,0.0804033527810594,209.646221831445,-0.0097561890666534,107637091.00000003,8654382.999999996,9.290477759195478e-05,0.0011554838744714678,0.0004645238879597739,0.005777419372357338,0.0009290477759195478,0.011554838744714677,0.004645238879597739,0.05777419372357338
20260410,688109.SH,18.34645177370944,0.1842286488730192,1311.2438063098566,-0.0020564450404954,92845907.00000004,17104876.000000004,0.00010770534020417287,0.000584628617009559,0.0005385267010208643,0.002923143085047795,0.0010770534020417286,0.00584628617009559,0.005385267010208644,0.02923143085047795
20260410,600513.SH,20.33463753596391,0.0734182463756207,663.8335101341104,-0.0081749710730057,677986228.9999996,49776559.99999996,1.4749562118318491e-05,0.00020089777196334997,7.374781059159245e-05,0.00100448885981675,0.0001474956211831849,0.0020089777196335,0.0007374781059159245,0.010044888598167498
20260410,688339.SH,18.17676871305679,0.1219271410595699,492.12660526293513,0.0310172133973889,78355655.00000007,9553681.000000002,0.0001276232072847836,0.0010467169669994213,0.000638116036423918,0.0052335848349971065,0.001276232072847836,0.010467169669994213,0.00638116036423918,0.05233584834997106
20260410,688516.SH,21.016141200636827,0.075486064982336,819.1125334079704,0.0239895285284814,1340275732.000001,101172141.00000001,7.461151284950665e-06,9.884143896885604e-05,3.730575642475332e-05,0.0004942071948442802,7.461151284950664e-05,0.0009884143896885605,0.00037305756424753323,0.004942071948442803
20260410,300279.SZ,18.56392962596815,0.0751879931193732,328.49666162973983,-0.0038795619908895,115401696.99999988,8676821.999999981,8.665383837466454e-05,0.0011524956948523344,0.00043326919187332275,0.005762478474261672,0.0008665383837466455,0.011524956948523344,0.004332691918733227,0.057624784742616716
20260413,001270.SZ,20.48940889288384,0.0037035293363492,37.292412959983466,0.0439691968988937,791475031.9999992,2931250.9999999185,1.2634637348863344e-05,0.003411512695432864,6.317318674431672e-05,0.01705756347716432,0.00012634637348863344,0.03411512695432864,0.0006317318674431672,0.1705756347716432
20260413,300658.SZ,20.304390970073577,0.0727756817751656,626.4355862404242,-0.0319064499439603,657786500.0000001,47870860.99999997,1.5202501115483517e-05,0.000208895344497773,7.601250557741758e-05,0.001044476722488865,0.00015202501115483516,0.00208895344497773,0.0007601250557741758,0.01044476722488865
20260413,603316.SH,18.401986581881552,0.1155330216379052,449.935634374362,0.0158796250516266,98147948.00000012,11339329.000000007,0.00010188700022541468,0.0008818863973344449,0.0005094350011270734,0.004409431986672224,0.0010188700022541468,0.008818863973344448,0.005094350011270734,0.04409431986672224
20260413,301529.SZ,19.18896776011179,0.1002803496480178,666.6356798512586,0.0782495225790067,215606976.60000035,21621143.000000026,4.638068840672192e-05,0.00046251023824226073,0.00023190344203360958,0.0023125511912113037,0.00046380688406721915,0.004625102382422607,0.002319034420336096,0.023125511912113036
20260413,002627.SZ,18.52162391047358,0.083630165656229,517.2236634462411,-0.0049029817861088,110621375.99999996,9251283.99999999,9.039844161764905e-05,0.0010809310361675213,0.0004519922080882453,0.005404655180837606,0.0009039844161764906,0.010809310361675211,0.004519922080882453,0.05404655180837606
20260413,688319.SH,18.74457696870646,0.1250754012383126,588.9055443208877,0.0492057231040419,138250381.99999997,17291721.999999985,7.233253069781754e-05,0.0005783114024155609,0.0003616626534890877,0.002891557012077805,0.0007233253069781754,0.00578311402415561,0.003616626534890877,0.02891557012077805
20260413,000818.SZ,20.414551090128636,0.0599959162337779,530.133757142824,-0.0139713377444119,734390226.2999986,44060414.49999992,1.3616738951418176e-05,0.00022696109679131636,6.808369475709088e-05,0.0011348054839565819,0.00013616738951418176,0.0022696109679131637,0.0006808369475709088,0.011348054839565818
20260413,001288.SZ,18.945006468103752,0.0743830272516726,1039.025921738433,-0.0144044776009731,168931938.69999987,12565668.999999976,5.9195437387116236e-05,0.0007958191481886097,0.00029597718693558117,0.0039790957409430484,0.0005919543738711623,0.007958191481886097,0.0029597718693558117,0.039790957409430484
20260413,002970.SZ,20.421834745084617,0.0990994620126174,2142.8010023877164,-0.0324857279636771,739758798.999999,73309698.99999988,1.3517919642886211e-05,0.00013640759867258515,6.758959821443105e-05,0.0006820379933629257,0.0001351791964288621,0.0013640759867258514,0.0006758959821443106,0.006820379933629257
20260413,002575.SZ,19.7070850005054,0.0633033337761874,252.1621016263443,0.0215919652341232,361974743.4000017,22914208.000000093,2.7626236864126894e-05,0.0004364104576514257,0.00013813118432063446,0.0021820522882571285,0.0002762623686412689,0.004364104576514257,0.0013813118432063447,0.021820522882571285
20260414,001270.SZ,20.188560275238867,0.0016201132593214,11.3492192872481,0.0479052540375675,585841757.9999995,949129.9999999581,1.7069455810283854e-05,0.010535964514871978,8.534727905141928e-05,0.052679822574359894,0.00017069455810283856,0.10535964514871979,0.0008534727905141927,0.5267982257435989
20260414,603708.SH,17.596144468693875,0.1216725274311718,953.9914501344688,0.0010606468845439,43843825.00000007,5334589.000000004,0.00022808228980933997,0.0018745586585958156,0.0011404114490466998,0.009372793292979078,0.0022808228980933996,0.018745586585958155,0.011404114490466999,0.09372793292979077
20260414,600272.SH,17.467328386417137,0.1059750441753696,691.5885582895338,0.0098702913851547,38544669.000000045,4084773.0000000037,0.0002594392495626305,0.0024481164559205593,0.0012971962478131526,0.012240582279602797,0.0025943924956263052,0.024481164559205595,0.012971962478131526,0.12240582279602796
20260414,002614.SZ,17.509349244730846,0.1180091396121895,857.610180592426,-0.0052236423512908,40198860.999999985,4743832.999999998,0.00024876326719804336,0.0021080000075888007,0.0012438163359902168,0.010540000037944005,0.0024876326719804336,0.02108000007588801,0.012438163359902167,0.10540000037944004
20260414,002344.SZ,17.46181348447291,0.0837927237237027,642.7494033587179,0.0004269482394341,38332684.0,3211999.9999999986,0.00026087398419583665,0.0031133250311332515,0.0013043699209791832,0.015566625155666258,0.0026087398419583664,0.031133250311332517,0.013043699209791832,0.15566625155666258
20260414,301077.SZ,17.37224561912478,0.1151484901327238,911.3965584756896,0.0369433640260177,35048577.670000024,4035790.800000001,0.0002853182829316221,0.002477829128308632,0.0014265914146581106,0.012389145641543161,0.0028531828293162213,0.024778291283086323,0.014265914146581106,0.1238914564154316
20260414,300318.SZ,17.281610672243445,0.100379466499382,671.7858196969778,0.0203626867755395,32011655.889999952,3213312.9399999944,0.00031238621439523464,0.0031120529455808364,0.001561931071976173,0.015560264727904182,0.003123862143952346,0.031120529455808364,0.01561931071976173,0.15560264727904183
20260414,603999.SH,17.453589149058008,0.1272799691604524,810.7275764547936,-0.0078740794253365,38018715.99999995,4839020.999999992,0.0002630283463544643,0.0020665337058880335,0.0013151417317723215,0.010332668529440167,0.002630283463544643,0.020665337058880334,0.013151417317723214,0.10332668529440167
20260414,603726.SH,17.7396618969125,0.116257250429104,1020.3567279252804,0.0024819229468602,50610107.999999985,5883791.999999998,0.00019758898755956028,0.0016995842137179566,0.0009879449377978014,0.008497921068589783,0.0019758898755956027,0.016995842137179567,0.009879449377978015,0.08497921068589782
20260414,600778.SH,17.391633491054,0.1183724234620526,814.1485229796893,-0.0058629004679673,35734725.000000015,4230005.999999999,0.0002798398476551868,0.0023640628405728033,0.0013991992382759342,0.011820314202864017,0.0027983984765518684,0.023640628405728035,0.013991992382759342,0.11820314202864017
20260415,605288.SH,18.002660605254004,0.0921961963758551,700.500338245469,0.0125355420005242,65834896.000000045,6069727.000000002,0.0001518951286867681,0.0016475205557020928,0.0007594756434338404,0.008237602778510465,0.0015189512868676808,0.01647520555702093,0.007594756434338404,0.08237602778510464
20260415,605086.SH,17.774692149643148,0.0911630009540696,969.7950364987522,0.0039616439801373,52414411.00000007,4778255.000000002,0.00019078722452876533,0.0020928142177426686,0.0009539361226438267,0.010464071088713344,0.0019078722452876534,0.020928142177426688,0.009539361226438267,0.10464071088713345
20260415,603023.SH,18.158338983231666,0.1370970615499886,1027.543560892599,0.0023323711782081,76924807.00000018,10546165.000000019,0.00012999707623575807,0.0009482119803739067,0.0006499853811787904,0.004741059901869534,0.0012999707623575808,0.009482119803739067,0.006499853811787904,0.047410599018695335
20260415,300213.SZ,17.956316829576036,0.1310003900022905,1071.2960848402936,0.0120388094539178,62853476.99999991,8233829.999999984,0.00015910018788618512,0.0012145016353264542,0.0007955009394309255,0.006072508176632271,0.001591001878861851,0.012145016353264542,0.007955009394309256,0.060725081766322714
20260415,603679.SH,17.955963755761548,0.0802467063822294,460.9401638023278,-0.0004154984018405,62831289.000000045,5042004.000000004,0.00015915637191527286,0.001983338371012794,0.0007957818595763644,0.009916691855063971,0.0015915637191527287,0.019833383710127942,0.007957818595763643,0.09916691855063971
20260415,300350.SZ,17.952918025988367,0.115760270483116,749.4266314346518,-0.000908842540425,62640212.99999996,7251247.999999995,0.00015964185817822819,0.0013790729540625291,0.000798209290891141,0.0068953647703126454,0.001596418581782282,0.013790729540625291,0.00798209290891141,0.06895364770312645
20260415,688648.SH,18.08026956788475,0.1014332128549747,687.0576068865347,0.014558849965786,71147770.99999988,7216746.999999984,0.00014055254099246505,0.0013856658685693184,0.0007027627049623253,0.006928329342846591,0.0014055254099246506,0.013856658685693182,0.007027627049623253,0.06928329342846591
20260415,300654.SZ,18.06496378385769,0.1103158986622678,664.1788366429472,0.0382489166316262,70067089.99999996,7729513.999999993,0.00014272035559062044,0.001293742400880574,0.0007136017779531022,0.00646871200440287,0.0014272035559062045,0.01293742400880574,0.007136017779531023,0.0646871200440287
20260415,688500.SH,17.80510941549355,0.1594072267667833,1121.1352052572315,0.0209962690562099,54033209.00000009,8613284.00000001,0.00018507136972005462,0.0011609973617495938,0.0009253568486002732,0.0058049868087479695,0.0018507136972005464,0.011609973617495939,0.009253568486002731,0.058049868087479695
20260415,603499.SH,18.15981254482083,0.1483419715537649,964.9290815002204,-0.0034782272985054,77038243.99999961,11428004.999999942,0.00012980565860249942,0.0008750433693369972,0.0006490282930124971,0.004375216846684986,0.0012980565860249943,0.008750433693369973,0.006490282930124972,0.04375216846684986
20260416,603268.SH,20.07227195952201,0.0089951476048082,72.87380282009161,-0.0019985011241567,521527183.99999917,4691213.999999958,1.9174455918677512e-05,0.0021316443888511776,9.587227959338757e-05,0.01065822194425589,0.00019174455918677513,0.02131644388851178,0.0009587227959338756,0.1065822194425589
20260416,603536.SH,18.029116381247547,0.1095538181125926,1370.0488739048735,-0.0164148979027557,67599853.00000006,7405822.000000004,0.00014792931576345278,0.0013502890023551733,0.0007396465788172639,0.006751445011775867,0.0014792931576345278,0.013502890023551734,0.00739646578817264,0.06751445011775867
20260416,002679.SZ,17.47396508235653,0.1220473144102873,836.1775665289354,-0.0126259577466477,38801329.000000015,4735598.0,0.00025772313108141207,0.002111665728383195,0.0012886156554070603,0.010558328641915974,0.0025772313108141207,0.021116657283831948,0.012886156554070605,0.10558328641915973
20260416,002910.SZ,17.391975648651535,0.1588691444871079,1026.706902892706,-0.0116550123870811,35746954.00000001,5679088.000000001,0.00027974411470135324,0.0017608461076848957,0.0013987205735067662,0.008804230538424478,0.0027974411470135323,0.017608461076848957,0.013987205735067662,0.08804230538424478
20260416,603028.SH,17.342478750853843,0.1063674943929669,840.7762054294285,-0.0085434895096587,34020666.0,3618692.9999999995,0.00029393898402811983,0.002763428674386029,0.0014696949201405993,0.013817143371930143,0.0029393898402811985,0.027634286743860287,0.014696949201405992,0.13817143371930143
20260416,002295.SZ,17.42427765385413,0.1557776202964811,1297.260257048997,-0.0085701468221321,36920504.299999975,5751388.299999993,0.00027085220501714565,0.0017387106344393425,0.0013542610250857282,0.008693553172196713,0.0027085220501714565,0.017387106344393426,0.013542610250857281,0.08693553172196712
20260416,603696.SH,18.218571744626946,0.1092072338379555,823.6760810757764,-0.0145560352696501,81700586.0000003,8922295.000000026,0.0001223981428970407,0.0011207878690404174,0.0006119907144852035,0.005603939345202087,0.001223981428970407,0.011207878690404174,0.006119907144852036,0.05603939345202087
20260416,002591.SZ,17.667416209144033,0.128898916162412,779.7286557081294,-0.0044810511942919,47082699.99999992,6068908.999999985,0.00021239223748850463,0.0016477426173304006,0.0010619611874425232,0.008238713086652003,0.0021239223748850465,0.016477426173304006,0.010619611874425231,0.08238713086652004
20260416,600778.SH,17.46134570630249,0.1878808470584845,1406.0152612472214,-0.0057469141590148,38314757.00000004,7198609.000000006,0.00026099604390026514,0.0013891572663552072,0.0013049802195013256,0.006945786331776036,0.002609960439002651,0.013891572663552072,0.013049802195013257,0.06945786331776037
20260416,002836.SZ,17.295498688541937,0.1321405350506278,919.5981734975546,-0.0180830138350378,32459335.800000027,4289194.000000002,0.00030807777650213014,0.0023314403591910265,0.0015403888825106507,0.011657201795955132,0.0030807777650213013,0.023314403591910265,0.015403888825106507,0.11657201795955133
20260417,002653.SZ,19.67895167857125,0.1026867858802689,1072.332979981052,0.0053843061817,351933106.0000005,36138879.50000003,2.8414490792463232e-05,0.0002767102947948342,0.00014207245396231615,0.0013835514739741711,0.0002841449079246323,0.0027671029479483422,0.0014207245396231616,0.013835514739741712
20260417,300300.SZ,20.28236260586199,0.1631332448378372,667.0790464218397,0.0259931104533295,643454968.9999967,104968896.9999994,1.5541103079118584e-05,9.526631493517605e-05,7.77055153955929e-05,0.00047633157467588026,0.0001554110307911858,0.0009526631493517605,0.0007770551539559291,0.004763315746758803
20260417,688386.SH,18.392613683310852,0.0822542793514687,560.9911969140177,-0.0033594399046711,97232314.99999985,7997773.999999988,0.00010284646621856134,0.0012503479093057663,0.0005142323310928067,0.006251739546528831,0.0010284646621856134,0.012503479093057662,0.005142323310928067,0.06251739546528831
20260417,301201.SZ,19.69653210656327,0.1975808263328925,926.6213353740008,0.0058948495483492,358174947.0000002,70768502.00000001,2.7919317316182907e-05,0.00014130580296867098,0.00013959658658091453,0.0007065290148433549,0.00027919317316182907,0.0014130580296867097,0.0013959658658091454,0.0070652901484335486
20260417,002300.SZ,19.537304628873095,0.0895966194854417,702.0123977387982,0.1000330601049406,305452434.0000002,27367505.50000001,3.2738321541742875e-05,0.00036539683896290786,0.0001636916077087144,0.0018269841948145395,0.0003273832154174288,0.003653968389629079,0.0016369160770871437,0.018269841948145394
20260417,301500.SZ,19.338452853244984,0.1207958835815118,783.9488618151362,0.0318958965977305,250370617.80000025,30243740.00000002,3.994078893070491e-05,0.000330646937184356,0.00019970394465352456,0.0016532346859217798,0.0003994078893070491,0.0033064693718435597,0.0019970394465352453,0.016532346859217797
20260417,002357.SZ,18.393498481002897,0.0816797779954915,509.4406170950961,0.0062963220215239,97318384.00000007,7948943.999999998,0.00010275550814736086,0.0012580287394149464,0.0005137775407368043,0.006290143697074733,0.0010275550814736086,0.012580287394149466,0.005137775407368043,0.06290143697074732
20260417,688796.SH,18.892000026097147,0.0708416922765967,412.178704124782,-0.0078289829746308,160210641.9999999,11349592.999999993,6.241782615164857e-05,0.0008810888637152016,0.0003120891307582428,0.004405444318576008,0.0006241782615164856,0.008810888637152016,0.003120891307582428,0.04405444318576008
20260417,300004.SZ,19.354315455673625,0.1018608424843604,889.0819789999083,-0.0106292372938738,254373814.00000012,25910731.000000004,3.931222260165504e-05,0.0003859404815711297,0.0001965611130082752,0.0019297024078556485,0.0003931222260165504,0.003859404815711297,0.001965611130082752,0.019297024078556484
20260417,603248.SH,18.965944918384267,0.1306442694767683,382.95209607083865,-0.0027716933860946,172506402.99999988,22536972.999999974,5.7968862755778445e-05,0.00044371531172354033,0.00028984431377889223,0.0022185765586177015,0.0005796886275577845,0.004437153117235403,0.0028984431377889223,0.022185765586177016
20260420,001270.SZ,20.369958993156427,0.0036596531458656,28.908146076085536,0.0422901552319727,702361644.0000008,2570399.9999999376,1.4237679527955528e-05,0.0038904450669157496,7.118839763977764e-05,0.019452225334578747,0.00014237679527955528,0.03890445066915749,0.0007118839763977764,0.1945222533457875
20260420,605179.SH,18.124044583033136,0.0704986073187873,1305.9813505935376,0.0335552078574721,74331440.00000007,5240263.000000005,0.00013453257464136293,0.0019083011673269054,0.0006726628732068147,0.009541505836634526,0.0013453257464136293,0.019083011673269052,0.006726628732068147,0.09541505836634527
20260420,002374.SZ,18.245414548658296,0.1824886104027336,2506.423648154105,-0.0190633455823525,83923358.10000008,15315057.000000011,0.00011915633771570909,0.000652952189469487,0.0005957816885785455,0.0032647609473474347,0.001191563377157091,0.006529521894694869,0.005957816885785455,0.03264760947347435
20260420,600729.SH,18.167856226059858,0.0611263931711721,786.2854195793412,-0.0057473906718229,77660414.00000039,4747101.000000021,0.00012876573127719806,0.0021065488178995885,0.0006438286563859903,0.010532744089497942,0.0012876573127719806,0.021065488178995884,0.006438286563859903,0.10532744089497943
20260420,688500.SH,18.298891207981622,0.0704414975638534,759.428892074127,-0.0174138119841866,88533466.99999988,6236429.999999987,0.0001129516366957595,0.0016034814789871803,0.0005647581834787975,0.008017407394935902,0.001129516366957595,0.016034814789871805,0.005647581834787975,0.08017407394935902
20260420,002718.SZ,18.724988350610133,0.0972461027110997,871.6732374489941,-0.0219581041137101,135568600.00000024,13183518.000000013,7.376339358819065e-05,0.0007585228768224074,0.00036881696794095325,0.0037926143841120366,0.0007376339358819065,0.007585228768224073,0.0036881696794095324,0.03792614384112037
20260420,300765.SZ,20.043281213206264,0.0661547169366624,723.4000118903839,-0.0228098553202854,506624781.2999998,33515618.99999998,1.9738473855029335e-05,0.000298368351782493,9.869236927514667e-05,0.0014918417589124648,0.00019738473855029334,0.0029836835178249296,0.0009869236927514667,0.014918417589124648
20260420,301408.SZ,20.66400209964394,0.1111215902086281,1916.864797192237,0.0128752342864237,942458173.9999992,104727450.99999982,1.0610550447621254e-05,9.548594856949223e-05,5.3052752238106264e-05,0.00047742974284746114,0.00010610550447621253,0.0009548594856949223,0.0005305275223810627,0.004774297428474611
20260420,300051.SZ,20.413638181428023,0.0839769510417161,922.2095712955256,0.0084315462501349,733720101.0000001,61615577.0,1.3629175466735643e-05,0.00016229662184288237,6.814587733367822e-05,0.0008114831092144118,0.00013629175466735644,0.0016229662184288236,0.0006814587733367822,0.008114831092144118
20260420,002357.SZ,18.38653896866668,0.0789814224304005,493.84424489237387,-0.0174375426082337,96643446.83999987,7633036.899999985,0.00010347313063611768,0.0013100945444139043,0.0005173656531805884,0.006550472722069521,0.0010347313063611768,0.013100945444139043,0.005173656531805884,0.06550472722069521
20260421,688376.SH,18.483855288421548,0.1148965980260431,669.5156918639278,0.0014011580044881,106521274.00000006,12238932.000000004,9.387796094139838e-05,0.0008170647569575513,0.00046938980470699187,0.0040853237847877566,0.0009387796094139837,0.008170647569575513,0.0046938980470699184,0.04085323784787756
20260421,688125.SH,18.63891434114556,0.1300086691006307,620.6336491969795,-0.049346639183908,124387759.00000057,16171487.00000007,8.03937628621475e-05,0.000618372324078791,0.00040196881431073754,0.0030918616203939554,0.0008039376286214751,0.006183723240787911,0.004019688143107375,0.030918616203939552
20260421,301123.SZ,20.381271723184295,0.1197083726269181,1324.6776084180296,-0.0144070838513152,710352384.9999963,85035127.99999954,1.4077520131082621e-05,0.00011759845883926999,7.03876006554131e-05,0.0005879922941963499,0.0001407752013108262,0.0011759845883926997,0.000703876006554131,0.0058799229419634995
20260421,300919.SZ,21.070954983159307,0.1208150680453448,1786.719661285672,0.0132651278255808,1415792075.9999993,171049015.99999988,7.063184043417407e-06,5.8462774202688236e-05,3.5315920217087036e-05,0.00029231387101344116,7.063184043417407e-05,0.0005846277420268823,0.00035315920217087035,0.002923138710134412
20260421,000807.SZ,21.03274812768031,0.141557532402352,956.578096733994,-0.0090881411289951,1362719437.9999962,192903200.99999937,7.3382676735546995e-06,5.183947154925663e-05,3.6691338367773496e-05,0.00025919735774628314,7.338267673554699e-05,0.0005183947154925663,0.000366913383677735,0.0025919735774628315
20260421,600233.SH,19.817385730963505,0.0845182562371822,690.580469250613,0.0255701980518576,404186000.9999993,34161095.999999925,2.474108448897026e-05,0.0002927306547775874,0.00012370542244485129,0.001463653273887937,0.00024741084488970257,0.002927306547775874,0.001237054224448513,0.01463653273887937
20260421,002718.SZ,18.611883929552715,0.2471007202028579,1962.8232998029637,-0.0100258201400035,121070541.50000001,29916618.0,8.259647537795145e-05,0.0003342623821984156,0.00041298237688975725,0.001671311910992078,0.0008259647537795145,0.003342623821984156,0.004129823768897573,0.01671311910992078
20260421,600078.SH,19.339827393807717,0.0843166507162182,602.7101584467086,0.0410692959446974,250714998.9999998,21139448.999999978,3.9885926410011104e-05,0.00047304922659053276,0.00019942963205005554,0.0023652461329526637,0.0003988592641001111,0.0047304922659053275,0.0019942963205005554,0.023652461329526638
20260421,605196.SH,19.616717221786125,0.1604545241772593,913.3311341755516,-0.0337690808864016,330698359.9999997,53062047.999999955,3.023903716970356e-05,0.0001884586135838558,0.0001511951858485178,0.000942293067919279,0.0003023903716970356,0.001884586135838558,0.001511951858485178,0.00942293067919279
20260421,002824.SZ,20.29575128163155,0.0912616147517158,974.0149920411976,-0.004853895122945,652127908.9999996,59514245.99999995,1.5334415015812497e-05,0.00016802699642704048,7.667207507906249e-05,0.0008401349821352025,0.00015334415015812498,0.001680269964270405,0.0007667207507906248,0.008401349821352025
20260422,001270.SZ,20.833099984175735,0.0343751419656628,425.0646458102444,0.0321129591223359,1116092947.000002,38365853.50000003,8.959827249943174e-06,0.00026064844354368376,4.479913624971587e-05,0.0013032422177184188,8.959827249943174e-05,0.0026064844354368377,0.0004479913624971587,0.013032422177184188
20260422,301001.SZ,17.13157359989962,0.1293373692901184,818.3558033451378,-0.008681919880815,27551665.99999999,3563459.999999998,0.00036295445799901916,0.0028062613302801223,0.0018147722899950957,0.014031306651400613,0.0036295445799901915,0.028062613302801225,0.01814772289995096,0.14031306651400613
20260422,300596.SZ,19.756910226925065,0.0875122532281925,2124.6009433074687,0.0112864544569348,380467084.0000002,33295531.800000004,2.628348264681944e-05,0.0003003406000561312,0.00013141741323409721,0.001501703000280656,0.00026283482646819443,0.003003406000561312,0.0013141741323409721,0.015017030002806561
20260422,002394.SZ,18.409635994641732,0.1130134485891689,1210.640782072219,-0.0104044286879102,98901601.0000001,11177211.000000007,0.00010111059779507502,0.0008946775720705275,0.000505552988975375,0.004473387860352638,0.00101110597795075,0.008946775720705276,0.005055529889753751,0.04473387860352638
20260422,603726.SH,17.519970183419566,0.0999655755380649,768.4300679101949,-0.0035290436262157,40628086.00000007,4061410.0000000037,0.00024613514897059104,0.0024621990884938954,0.001230675744852955,0.012310995442469476,0.00246135148970591,0.024621990884938952,0.012306757448529552,0.12310995442469476
20260422,688186.SH,20.17964447572883,0.0733484747873596,2122.795135385018,-0.0058362888961701,580641726.0000008,42589185.00000002,1.7222324115232437e-05,0.0002348013938280339,8.611162057616218e-05,0.0011740069691401696,0.00017222324115232437,0.002348013938280339,0.0008611162057616219,0.011740069691401695
20260422,002408.SZ,20.04829127319196,0.0773062604652652,829.429286559802,0.003433058433929,509169370.8000009,39361980.00000007,1.9639830228373947e-05,0.00025405226058241947,9.819915114186973e-05,0.0012702613029120973,0.00019639830228373946,0.0025405226058241945,0.0009819915114186973,0.012702613029120973
20260422,688433.SH,19.657705653476455,0.0913341011532138,908.1240812323136,-0.003867694121883,344534796.9999996,31467775.999999944,2.902464449766452e-05,0.00031778540688735097,0.0001451232224883226,0.0015889270344367548,0.0002902464449766452,0.0031778540688735097,0.001451232224883226,0.01588927034436755
20260422,300837.SZ,18.175942675365626,0.0810753788588891,977.5455395961892,-0.0124661549967067,78290957.00000015,6347469.000000007,0.00012772867241870578,0.0015754310891474992,0.0006386433620935289,0.007877155445737496,0.0012772867241870579,0.01575431089147499,0.00638643362093529,0.07877155445737496
20260422,002927.SZ,18.142295569110765,0.0880514058730821,510.8987798451908,0.026692548044942,75700517.6000001,6665537.000000004,0.00013209949306872357,0.0015002542180772523,0.0006604974653436178,0.007501271090386262,0.0013209949306872356,0.015002542180772524,0.006604974653436179,0.07501271090386262
20260423,001255.SZ,17.784267010280036,0.08144679415863,926.2778671694376,-0.0096276222514403,52918681.99999997,4310056.999999996,0.00018896918105405585,0.0023201549306656522,0.0009448459052702791,0.01160077465332826,0.0018896918105405583,0.02320154930665652,0.009448459052702791,0.11600774653328261
20260423,300542.SZ,17.76629072681543,0.1257394677148447,617.23143016103,-0.0090856186866686,51975899.999999925,6535421.999999988,0.00019239686085281861,0.0015301230739193305,0.000961984304264093,0.007650615369596652,0.001923968608528186,0.015301230739193305,0.00961984304264093,0.07650615369596653
20260423,688292.SH,18.071538883529964,0.0775740087390055,726.8400368871555,-0.01834316169918,70529305.99999993,5471240.999999987,0.000141785033302327,0.0018277388987251748,0.0007089251665116349,0.009138694493625874,0.0014178503330232698,0.018277388987251748,0.0070892516651163496,0.09138694493625873
20260423,301010.SZ,17.810499594911136,0.1708938296062749,2108.1872798610725,-0.0052433620634961,54325244.04999998,9283848.999999996,0.0001840764855247807,0.0010771394493813938,0.0009203824276239035,0.005385697246906969,0.001840764855247807,0.010771394493813938,0.009203824276239034,0.053856972469069696
20260423,001266.SZ,17.61537825980375,0.0816325306906077,669.9647126264181,-0.0144989494569532,44695269.99999995,3648587.9999999935,0.00022373732164499759,0.0027407862986996664,0.001118686608224988,0.013703931493498332,0.002237373216449976,0.027407862986996663,0.011186866082249879,0.1370393149349833
20260423,301567.SZ,17.74027129296648,0.1322794657186488,1818.7763169996508,0.0074754954522004,50640959.00000006,6698759.0000000065,0.00019746861428907752,0.0014928138182012504,0.0009873430714453875,0.007464069091006252,0.001974686142890775,0.014928138182012505,0.009873430714453875,0.07464069091006252
20260423,300978.SZ,17.459221733530192,0.0911505170643463,919.67416013133,-0.0105122101604466,38233463.85999998,3484999.999999996,0.0002615509815332752,0.002869440459110477,0.0013077549076663763,0.014347202295552385,0.0026155098153327525,0.02869440459110477,0.013077549076663761,0.14347202295552386
20260423,688651.SH,17.747948669751665,0.0914070585579481,993.0745358970876,-0.0095864297419684,51031244.99999994,4664615.999999991,0.00019595837804858596,0.0021437991894724066,0.0009797918902429298,0.010718995947362033,0.0019595837804858595,0.021437991894724066,0.009797918902429297,0.10718995947362034
20260423,300946.SZ,17.757695059705554,0.1728339224839854,2017.4720187081712,0.0021420618638972,51531047.09999995,8906312.999999993,0.00019405776833127867,0.0011227990752177707,0.0009702888416563934,0.005613995376088853,0.0019405776833127867,0.011227990752177706,0.009702888416563934,0.05613995376088853
20260423,002513.SZ,17.690923872152737,0.0962246945269526,758.4816386979471,-0.0106081239072715,48202615.99999992,4638281.999999991,0.00020745762014244242,0.0021559706805235257,0.0010372881007122121,0.01077985340261763,0.0020745762014244243,0.02155970680523526,0.010372881007122121,0.10779853402617628
20260424,301043.SZ,17.40797347673824,0.0883347830634865,577.8932061718735,-0.0172343612582562,36323426.50000001,3208621.999999997,0.00027530442371674374,0.003116602703590516,0.0013765221185837186,0.01558301351795258,0.0027530442371674372,0.03116602703590516,0.013765221185837187,0.1558301351795258
20260424,002836.SZ,17.42130104672789,0.1261114836135078,1055.3596604723791,-0.0087937747919639,36810769.86000001,4642260.799999998,0.0002716596267351198,0.0021541228360112824,0.001358298133675599,0.010770614180056412,0.002716596267351198,0.021541228360112824,0.01358298133675599,0.10770614180056412
20260424,301126.SZ,17.38335588064494,0.1369663590459964,948.0862669475964,-0.0146899898265597,35440147.73999995,4854107.999999992,0.00028216586661441534,0.0020601107350722353,0.0014108293330720768,0.010300553675361175,0.0028216586661441536,0.02060110735072235,0.014108293330720768,0.10300553675361175
20260424,002976.SZ,17.828652602693374,0.1332760404404768,1139.7225594793456,0.0099743568128729,55320415.99999992,7372885.999999989,0.00018076509041436013,0.0013563209847541405,0.0009038254520718007,0.006781604923770702,0.0018076509041436014,0.013563209847541405,0.009038254520718006,0.06781604923770702
20260424,002910.SZ,17.401543938116195,0.1667964381051251,1335.2032003465815,-0.0222171377228157,36090632.80000001,6019789.0,0.0002770802068064597,0.0016611877924624934,0.0013854010340322983,0.008305938962312466,0.0027708020680645967,0.016611877924624933,0.013854010340322983,0.08305938962312466
20260424,301001.SZ,17.463720584044097,0.1209357957840702,1148.919011479513,-0.0022845522727721,38405858.0,4644642.999999999,0.0002603769456211602,0.0021530180037518496,0.001301884728105801,0.010765090018759247,0.002603769456211602,0.021530180037518495,0.01301884728105801,0.10765090018759248
20260424,688448.SH,18.104756482276944,0.0561816162083478,557.5548287305098,0.0142017300528141,72911465.99999999,4096283.9999999986,0.00013715263933933248,0.002441236984545018,0.0006857631966966624,0.01220618492272509,0.0013715263933933247,0.02441236984545018,0.006857631966966623,0.12206184922725088
20260424,000955.SZ,17.826061705452464,0.1151113994907178,1010.6080409211962,-0.0294663130328053,55177272.00000005,6351533.000000004,0.00018123404143648115,0.0015744230566069632,0.0009061702071824057,0.007872115283034815,0.0018123404143648113,0.01574423056606963,0.009061702071824057,0.07872115283034815
20260424,600640.SH,18.801790254507544,0.0624758019271567,1372.411140508471,-0.0168756350272271,146390790.0000001,9145881.999999998,6.831030831925966e-05,0.0010933882593280782,0.0003415515415962983,0.0054669412966403905,0.0006831030831925966,0.010933882593280781,0.003415515415962983,0.05466941296640391
20260424,688047.SH,21.766331087751865,0.0636311385034444,1972.5186836690275,0.0322277061868387,2837902577.9999986,180578971.99999985,3.523729136271994e-06,5.537743342563722e-05,1.761864568135997e-05,0.0002768871671281861,3.523729136271994e-05,0.0005537743342563722,0.0001761864568135997,0.0027688716712818613
20260427,605599.SH,18.03202915314011,0.1895322484787426,1326.0427340764902,0.0060401389843467,67797042.99999996,12849725.999999987,0.00014749905832913695,0.0007782267108263639,0.0007374952916456848,0.0038911335541318196,0.0014749905832913697,0.007782267108263639,0.007374952916456848,0.0389113355413182
20260427,301398.SZ,17.568923290077038,0.0812595295208909,343.41159482615984,-0.0282480139440147,42666441.96000006,3467055.000000003,0.00023437623435708642,0.0028842922884119208,0.001171881171785432,0.014421461442059604,0.002343762343570864,0.02884292288411921,0.011718811717854322,0.14421461442059605
20260427,600336.SH,18.264268051034747,0.1346961166101035,1934.8826524648523,-0.0142142784078815,85520616.99999996,11519294.999999994,0.00011693086826069093,0.0008681086819983346,0.0005846543413034547,0.004340543409991672,0.0011693086826069093,0.008681086819983344,0.005846543413034547,0.04340543409991673
20260427,301001.SZ,17.501787754140086,0.1474729674952233,1458.016799926162,0.0028158402432885,39896044.00000006,5883588.0000000065,0.0002506514179701623,0.0016996431429257095,0.0012532570898508115,0.008498215714628547,0.002506514179701623,0.016996431429257094,0.012532570898508113,0.08498215714628547
20260427,301126.SZ,17.509664410451837,0.1031911435018854,806.1402705900449,0.0278390986222887,40211532.30000005,4149474.0000000047,0.0002486848778950905,0.0024099440073609302,0.0012434243894754525,0.012049720036804651,0.002486848778950905,0.024099440073609302,0.012434243894754525,0.12049720036804651
20260427,300095.SZ,18.053350411022524,0.0813695943916667,805.6502261464461,-0.0198383635010198,69258081.50000006,5635502.0,0.0001443874820586821,0.0017744648125402138,0.0007219374102934104,0.00887232406270107,0.0014438748205868209,0.01774464812540214,0.007219374102934104,0.08872324062701069
20260427,603992.SH,18.395966118119706,0.0725197628708676,314.0291074281998,-0.0247628800998143,97558827.00000012,7074943.000000005,0.00010250225743284089,0.0014134389492607917,0.0005125112871642044,0.0070671947463039585,0.0010250225743284088,0.014134389492607917,0.005125112871642044,0.07067194746303959
20260427,600403.SH,18.29741100005321,0.1353628668215732,1020.3845407123746,-0.0015589065727671,88402516.00000024,11966418.000000026,0.00011311895240628642,0.0008356719613170773,0.0005655947620314321,0.004178359806585387,0.0011311895240628642,0.008356719613170773,0.0056559476203143205,0.04178359806585387
20260427,002059.SZ,17.560191917387453,0.1214341412509176,576.1393606495636,-0.0124432681209514,42295526.99999994,5136120.999999992,0.00023643162077162472,0.0019469946288259207,0.0011821581038581235,0.009734973144129603,0.002364316207716247,0.019469946288259207,0.011821581038581237,0.09734973144129604
20260427,600901.SH,19.356439839419675,0.0893662711807651,945.6960604604998,0.0051039137443162,254914775.99999988,22780782.999999978,3.9228796999982475e-05,0.00043896647450616645,0.00019614398499991239,0.002194832372530832,0.00039228796999982477,0.004389664745061664,0.0019614398499991238,0.021948323725308323
20260428,300403.SZ,18.66304951463998,0.1293666163704593,1752.9336427401047,0.0051310783776519,127426400.74000016,16484722.30000001,7.847667313780542e-05,0.0006066222905071318,0.00039238336568902713,0.003033111452535659,0.0007847667313780543,0.006066222905071318,0.003923833656890271,0.03033111452535659
20260428,301046.SZ,18.117467177195937,0.0709924533303804,731.6068971456092,0.0076182178725132,73844136.30000038,5242376.400000026,0.00013542036647803474,0.0019075318590248403,0.0006771018323901737,0.009537659295124202,0.0013542036647803473,0.019075318590248403,0.006771018323901736,0.09537659295124201
20260428,688680.SH,18.496143255446174,0.1320358052079076,934.3223735902984,0.0384155801308898,107838278.99999946,14238513.99999992,9.273145021166416e-05,0.0007023204809153579,0.00046365725105832086,0.0035116024045767896,0.0009273145021166417,0.007023204809153579,0.004636572510583209,0.03511602404576789
20260428,605288.SH,18.194150664820455,0.2492033849187757,2401.860370687638,0.0071763392198127,79729535.00000004,19868870.00000001,0.00012542403514582135,0.0005032998857005957,0.0006271201757291068,0.0025164994285029785,0.0012542403514582137,0.005032998857005957,0.006271201757291068,0.025164994285029784
20260428,688118.SH,18.15088228219108,0.0929573017341023,819.0623427556733,0.0181894385107355,76353334.99999996,7097599.99999999,0.000130970048656028,0.001408926961226332,0.00065485024328014,0.007044634806131661,0.00130970048656028,0.014089269612263321,0.0065485024328014,0.0704463480613166
20260428,301017.SZ,18.689220807316698,0.1191372565179529,605.3357290184196,-0.0268568452592324,130805337.09999982,15583788.99999998,7.644947998073707e-05,0.0006416924664470247,0.00038224739990368536,0.0032084623322351236,0.0007644947998073707,0.006416924664470247,0.0038224739990368535,0.032084623322351236
20260428,002093.SZ,18.66022621021916,0.1344705167790478,1645.8570858501066,-0.0891415877335183,127067144.60000004,17086784.599999998,7.869854974296792e-05,0.0005852476187942348,0.0003934927487148396,0.002926238093971174,0.0007869854974296792,0.005852476187942348,0.003934927487148396,0.02926238093971174
20260428,688562.SH,18.340851827590505,0.138377232819699,1354.25820701299,0.0131336794558187,92327428.00000006,12776014.000000004,0.00010831017625661568,0.0007827167377869183,0.0005415508812830784,0.003913583688934592,0.0010831017625661569,0.007827167377869183,0.005415508812830784,0.03913583688934592
20260428,003033.SZ,18.285636908734368,0.1033278404871733,574.4804498026149,0.0068839897789818,87367760.29999995,9027521.999999987,0.00011445869695712006,0.0011077236920607907,0.0005722934847856003,0.005538618460303954,0.0011445869695712006,0.011077236920607908,0.005722934847856003,0.05538618460303954
20260428,002599.SZ,18.064013697125308,0.1021275520859537,1184.6707772430373,0.0303360021039675,70000551.79999998,7148984.999999998,0.0001428560167435709,0.001398799969506161,0.0007142800837178546,0.006993999847530805,0.0014285601674357091,0.01398799969506161,0.007142800837178546,0.06993999847530805
20260429,605299.SH,20.44846399306197,0.0091654184468958,65.6995080960777,0.0951152003028228,759722651.0000001,6963175.99999998,1.3162698238412795e-05,0.0014361262734131706,6.581349119206398e-05,0.007180631367065853,0.00013162698238412796,0.014361262734131706,0.0006581349119206397,0.07180631367065854
20260429,002953.SZ,17.751830446960682,0.1651408847487809,1044.8400753036783,-0.0054812826704211,51229721.89999997,8460121.59999999,0.00019519918572893924,0.0011820161071916522,0.0009759959286446962,0.00591008053595826,0.0019519918572893924,0.01182016107191652,0.009759959286446962,0.059100805359582606
20260429,002983.SZ,17.64040410764995,0.1593193000442372,1092.7862442038213,-0.0145720109261437,45827920.70999995,7301272.2499999935,0.00021820758710132653,0.001369624314447391,0.0010910379355066327,0.006848121572236954,0.0021820758710132653,0.013696243144473909,0.010910379355066327,0.06848121572236954
20260429,688586.SH,18.05048985548,0.1164986838738256,814.3217918997307,0.0255504808037054,69060247.99999972,8045427.999999964,0.00014480110178579205,0.0012429419541135718,0.0007240055089289602,0.006214709770567858,0.0014480110178579204,0.012429419541135717,0.007240055089289602,0.06214709770567858
20260429,600984.SH,18.173919169969167,0.1220568418893012,758.8025168632322,0.0166638578859048,78132695.00000007,9536630.000000004,0.00012798739375366472,0.0010485884426679022,0.0006399369687683236,0.0052429422133395106,0.0012798739375366472,0.010485884426679021,0.006399369687683236,0.05242942213339511
20260429,301209.SZ,18.19267566956146,0.1515739061567096,1186.0821346186688,-0.022168299316633,79612020.99999999,12067104.99999999,0.00012560917150941317,0.00082869917846907,0.0006280458575470657,0.00414349589234535,0.0012560917150941315,0.0082869917846907,0.006280458575470658,0.0414349589234535
20260429,300350.SZ,18.039165975945327,0.0979704396034006,891.3815584356686,-0.0005896743539324,68282629.20000003,6689679.200000001,0.00014645013112646804,0.001494839991729349,0.0007322506556323401,0.007474199958646745,0.0014645013112646803,0.01494839991729349,0.007322506556323402,0.07474199958646745
20260429,300546.SZ,17.519675348822155,0.1891887763587162,830.172291128664,0.0010260631715475,40616109.20000007,7684112.000000008,0.0002462077288289343,0.001301386549285069,0.0012310386441446715,0.006506932746425344,0.002462077288289343,0.013013865492850689,0.012310386441446714,0.06506932746425344
20260429,300402.SZ,17.711677721282882,0.1451030499603777,1062.657166570023,0.0019319525196372,49213459.00000007,7141023.000000009,0.00020319644672811936,0.0014003595843340634,0.0010159822336405968,0.007001797921670317,0.0020319644672811936,0.014003595843340634,0.010159822336405968,0.07001797921670318
20260429,300712.SZ,18.05240580807468,0.1190185102065187,845.5210654439085,-0.0129168972438187,69192691.00000031,8235211.000000032,0.00014452393533877667,0.0012142979700216498,0.0007226196766938834,0.00607148985010825,0.0014452393533877668,0.0121429797002165,0.0072261967669388335,0.0607148985010825
20260430,001270.SZ,20.493944286032033,0.0048191245271258,37.55196439991675,0.0463691303345916,795072835.0000006,3831554.999999947,1.257746405082497e-05,0.0026099064218052825,6.288732025412485e-05,0.013049532109026412,0.0001257746405082497,0.026099064218052824,0.0006288732025412485,0.13049532109026413
20260430,603344.SH,17.516394543497142,0.0891415014581155,934.700959807082,0.0121110515370381,40483073.999999955,3608721.999999994,0.00024701681497803283,0.0027710641052428025,0.0012350840748901642,0.013855320526214012,0.0024701681497803283,0.027710641052428025,0.01235084074890164,0.13855320526214013
20260430,600981.SH,17.497716921452053,0.0856082720566213,559.7694745234127,-0.0055787442749016,39733963.99999995,3401555.9999999925,0.00025167385765991065,0.002939831065547656,0.0012583692882995531,0.01469915532773828,0.0025167385765991063,0.02939831065547656,0.012583692882995531,0.14699155327738278
20260430,605167.SH,17.920164116084482,0.1647355112121661,840.9836416266617,0.0297240255826758,60621737.999999985,9986552.999999993,0.0001649573293329202,0.0010013465106528756,0.000824786646664601,0.005006732553264379,0.001649573293329202,0.010013465106528757,0.00824786646664601,0.050067325532643786
20260430,002374.SZ,17.763942693131327,0.1031247308549106,865.0886737489368,0.0006124371592246,51854001.99999991,5347429.999999987,0.00019284914595405804,0.001870057205049907,0.0009642457297702902,0.009350286025249534,0.0019284914595405803,0.01870057205049907,0.009642457297702902,0.09350286025249535
20260430,688081.SH,18.22007117217768,0.1166121723303305,692.694483188119,0.0008064344920117,81823182.0,9541578.999999996,0.0001222147532712673,0.0010480445636932843,0.0006110737663563365,0.0052402228184664215,0.001222147532712673,0.010480445636932843,0.0061107376635633655,0.05240222818466422
20260430,605580.SH,17.889444261955255,0.1051787633143572,761.2285910212304,0.0032674586643173,58787760.999999925,6183223.999999992,0.00017010343360414785,0.001617279270490607,0.0008505171680207393,0.008086396352453035,0.0017010343360414786,0.01617279270490607,0.008505171680207393,0.08086396352453036
20260430,600725.SH,17.868040480378983,0.0789714260073766,562.4901188630307,-0.0059080291806121,57542850.999999925,4544240.999999991,0.00017378353394412128,0.002200587512854186,0.0008689176697206064,0.011002937564270931,0.0017378353394412128,0.022005875128541862,0.008689176697206064,0.11002937564270932
20260430,301380.SZ,17.56266380226574,0.0910991281504622,781.5328012823948,0.0261541819007811,42400205.999999925,3862621.7999999896,0.00023584791073892464,0.002588915124954772,0.0011792395536946232,0.012944575624773861,0.0023584791073892465,0.025889151249547722,0.011792395536946233,0.1294457562477386
20260430,688039.SH,18.09323268864813,0.0932445097729521,762.1389405575259,0.0294182676234606,72076071.99999991,6720697.999999991,0.00013874229994109574,0.0014879406871131562,0.0006937114997054787,0.00743970343556578,0.0013874229994109573,0.01487940687113156,0.006937114997054787,0.07439703435565781
20260506,300659.SZ,18.0057317228763,0.0863308755515918,790.0419216448904,-0.0073557634358843,66037393.50000002,5701065.999999999,0.00015142935645998804,0.0017540579253073024,0.0007571467822999402,0.008770289626536512,0.0015142935645998804,0.017540579253073025,0.007571467822999401,0.08770289626536512
20260506,301010.SZ,18.09876085639814,0.0795323404183453,1314.7133009807849,0.0128605062097726,72475623.99999988,5764155.999999987,0.00013797742534786615,0.001734859361890973,0.0006898871267393308,0.008674296809454864,0.0013797742534786615,0.017348593618909728,0.006898871267393308,0.08674296809454865
20260506,000955.SZ,17.881381407655333,0.1177429848117529,1086.1934127961158,-0.002478273127625,58315669.60000006,6866261.000000007,0.0001714804968988985,0.0014563967201363288,0.0008574024844944925,0.007281983600681644,0.001714804968988985,0.014563967201363288,0.008574024844944924,0.07281983600681644
20260506,300805.SZ,18.16174690454296,0.0961510718123234,846.665079212934,-0.0044231721968153,77187407.89999998,7421651.999999995,0.00012955481045503543,0.0013474089057261113,0.0006477740522751771,0.006737044528630557,0.0012955481045503542,0.013474089057261114,0.006477740522751771,0.06737044528630558
20260506,002677.SZ,17.806609374233375,0.0640526604887009,580.4496191370324,-0.0005836724707968,54114317.400000095,3466166.0000000056,0.00018479397838620768,0.0028850320498210367,0.0009239698919310384,0.014425160249105184,0.0018479397838620769,0.028850320498210368,0.009239698919310384,0.14425160249105184
20260506,603536.SH,18.09867512735033,0.1202893452521643,1724.351466632262,-0.009414881852562,72469411.00000022,8717298.00000002,0.0001379892545283688,0.0011471444477405702,0.000689946272641844,0.00573572223870285,0.001379892545283688,0.0114714444774057,0.00689946272641844,0.057357222387028506
20260506,600403.SH,18.409947761006933,0.1364627921842421,1217.6858749132575,-0.0278769074724726,98932439.99999984,13500596.999999978,0.0001010790798245754,0.0007407079849876281,0.0005053953991228771,0.0037035399249381405,0.0010107907982457541,0.007407079849876281,0.00505395399122877,0.0370353992493814
20260506,300275.SZ,17.9410149701638,0.0649328503941007,789.1172446438602,-0.0096017958843347,61899023.00000008,4019280.0000000033,0.00016155343841210525,0.0024880078023924663,0.0008077671920605263,0.012440039011962332,0.0016155343841210525,0.024880078023924664,0.008077671920605262,0.12440039011962331
20260506,300793.SZ,18.20887085090608,0.0917473308717804,1024.3289147245705,0.0082095874565295,80911849.20000005,7423446.200000005,0.00012359129223807178,0.0013470832455147305,0.0006179564611903589,0.006735416227573653,0.0012359129223807178,0.013470832455147306,0.006179564611903589,0.06735416227573653
20260506,300155.SZ,17.807194814936203,0.0662706923798041,847.7138408937569,0.0097221139878627,54146007.400000066,3588293.4000000004,0.0001846858241296659,0.002786840117366099,0.0009234291206483295,0.013934200586830496,0.001846858241296659,0.027868401173660993,0.009234291206483294,0.13934200586830495
20260507,001270.SZ,20.71905403123204,0.0413289996986188,407.8097254619318,0.0262614991610812,995797050.4999988,41155295.99999994,1.0042206888420597e-05,0.0002429820939691459,5.021103444210298e-05,0.0012149104698457294,0.00010042206888420597,0.002429820939691459,0.0005021103444210298,0.012149104698457295
20260507,301126.SZ,17.757363823931456,0.0949479909153206,932.503491893744,0.0088036664453188,51513980.99999992,4891148.99999999,0.00019412205785454664,0.002044509378062296,0.0009706102892727332,0.01022254689031148,0.0019412205785454663,0.02044509378062296,0.00970610289272733,0.1022254689031148
20260507,301082.SZ,17.684325111254385,0.1308140783954798,708.4605715331935,-0.0014852549780405,47885585.610000014,6264108.750000001,0.00020883111008486208,0.0015963962950036586,0.0010441555504243103,0.007981981475018293,0.0020883111008486205,0.015963962950036586,0.010441555504243104,0.07981981475018292
20260507,605086.SH,17.621777991932547,0.1172679652907342,821.4424084422802,0.0536627770642093,44982224.99999995,5274973.99999999,0.0002223100346859234,0.0018957439411075806,0.001111550173429617,0.009478719705537904,0.002223100346859234,0.01895743941107581,0.01111550173429617,0.09478719705537904
20260507,600697.SH,17.72288119790362,0.1114571573122373,1181.0417779767413,0.0034726748629789,49767920.999999985,5546990.999999997,0.0002009326449461291,0.001802779200471031,0.0010046632247306456,0.009013896002355155,0.002009326449461291,0.01802779200471031,0.010046632247306456,0.09013896002355155
20260507,301333.SZ,17.959651032389907,0.0958516076037963,460.7870298947666,-0.0071463516127884,63063393.0,6044727.599999994,0.0001585705989527078,0.0016543342664440345,0.0007928529947635389,0.008271671332220173,0.0015857059895270779,0.016543342664440346,0.00792852994763539,0.08271671332220173
20260507,002374.SZ,17.745411559381242,0.0932060008120869,759.5956893001395,0.0197527945062125,50901937.200000025,4744365.999999998,0.00019645617731028114,0.002107763186904215,0.0009822808865514057,0.010538815934521077,0.0019645617731028115,0.021077631869042154,0.009822808865514057,0.10538815934521076
20260507,002836.SZ,17.45983085137677,0.1004509277879865,814.2237467780868,-0.0058608307735678,38256759.64000004,3842927.0000000005,0.0002613917146695383,0.0026021831796440575,0.0013069585733476916,0.013010915898220288,0.002613917146695383,0.026021831796440575,0.013069585733476916,0.13010915898220288
20260507,603879.SH,17.72501180643441,0.1184940591373433,993.195931365232,0.0021768973065128,49874070.000000015,5909781.000000001,0.0002005049918725301,0.0016921100798828245,0.0010025249593626504,0.008460550399414122,0.0020050499187253008,0.016921100798828245,0.010025249593626506,0.08460550399414123
20260507,603023.SH,17.82228273131355,0.1197007004947065,891.3478726350077,-0.0049335518402455,54969152.00000009,6579846.000000007,0.00018192021590582267,0.0015197924085153343,0.0009096010795291133,0.007598962042576672,0.0018192021590582267,0.015197924085153344,0.009096010795291133,0.07598962042576672
20260508,002723.SZ,19.182466837696747,0.1918827053533854,2262.713736034528,-0.0281290427485214,214209878.5000003,41103171.000000045,4.668318786241217e-05,0.00024329023179257847,0.00023341593931206086,0.0012164511589628922,0.0004668318786241217,0.0024329023179257845,0.0023341593931206087,0.012164511589628923
20260508,300051.SZ,19.59629654199062,0.0727130572254494,414.6582825562868,-0.0073130237292974,324013759.0000002,23560030.999999985,3.086288690598474e-05,0.0004244476588337259,0.0001543144345299237,0.0021222382941686294,0.0003086288690598474,0.004244476588337259,0.0015431443452992369,0.021222382941686296
20260508,688778.SH,20.43781601649856,0.1497328041809202,1656.065564843375,-0.0082419247746486,751676058.0000008,112550564.00000013,1.330360318593517e-05,8.884895503500087e-05,6.651801592967585e-05,0.00044424477517500437,0.0001330360318593517,0.0008884895503500087,0.0006651801592967584,0.004442447751750044
20260508,003018.SZ,20.11551024923378,0.0791281823050013,590.6732005012859,0.015205873117664,544571740.9999995,43090971.99999991,1.8363053473242947e-05,0.00023206717175003666,9.181526736621474e-05,0.0011603358587501833,0.00018363053473242948,0.0023206717175003667,0.0009181526736621473,0.011603358587501833
20260508,605305.SH,19.64898524794256,0.1102518176197918,892.7348230783916,-0.0053823245432367,341543375.99999976,37655777.99999995,2.927885798025258e-05,0.0002655634946647501,0.0001463942899012629,0.0013278174733237504,0.0002927885798025258,0.002655634946647501,0.0014639428990126289,0.013278174733237504
20260508,300438.SZ,21.958355952194477,0.0882838338630919,959.620897485013,0.004952749309619,3438688384.000002,303580594.0000001,2.908085549865281e-06,3.294018194061507e-05,1.4540427749326405e-05,0.00016470090970307537,2.908085549865281e-05,0.00032940181940615073,0.00014540427749326404,0.0016470090970307535
20260508,301040.SZ,18.890959057343956,0.1252557246703123,1053.5747918115,0.0365557010631032,160043954.49999988,20046421.499999974,6.24828349889343e-05,0.0004988421499567897,0.00031241417494467144,0.0024942107497839486,0.0006248283498893429,0.004988421499567897,0.0031241417494467143,0.024942107497839486
20260508,688125.SH,18.845010281216503,0.1321120861300246,748.3107808460896,0.0246173417249173,152856521.99999988,20194193.99999998,6.542082646627279e-05,0.0004951918358316261,0.0003271041323313639,0.0024759591791581304,0.0006542082646627278,0.004951918358316261,0.003271041323313639,0.024759591791581305
20260508,300063.SZ,21.44279458836924,0.0851867869094523,2056.8453554709777,-0.0139898088608075,2053465289.000002,174928110.00000006,4.869816915614779e-06,5.716634107577105e-05,2.4349084578073894e-05,0.00028583170537885527,4.869816915614779e-05,0.0005716634107577105,0.00024349084578073894,0.0028583170537885526
20260508,002326.SZ,20.848330698747453,0.1080490840561968,948.315918978823,-0.0128157450372055,1133221952.5,122443593.99999996,8.824396648810948e-06,8.167025871520893e-05,4.4121983244054745e-05,0.00040835129357604465,8.824396648810949e-05,0.0008167025871520893,0.00044121983244054745,0.004083512935760447
20260511,601880.SH,19.26693144912101,0.121791710024188,1444.6435360653215,0.0001885336853653,233089124.00000015,28388323.00000002,4.290204462735891e-05,0.00035225751094913193,0.00021451022313679453,0.0017612875547456596,0.00042902044627358906,0.0035225751094913192,0.002145102231367945,0.017612875547456597
20260511,601111.SH,20.444182847509968,0.0693177554398472,771.977204866369,-0.0048825366589471,756477119.9999989,52437295.999999866,1.3219170462154908e-05,0.00019070396002112745,6.609585231077454e-05,0.0009535198001056371,0.00013219170462154908,0.0019070396002112743,0.0006609585231077454,0.009535198001056372
20260511,605365.SH,18.921182436865397,0.1139178546916671,502.53357472333494,-0.006536789334228,164954861.9999998,18791303.999999974,6.062264475720644e-05,0.0005321610464074241,0.0003031132237860322,0.0026608052320371204,0.0006062264475720644,0.005321610464074241,0.0030311322378603223,0.026608052320371205
20260511,300774.SZ,18.909041849536084,0.1014066264874137,905.9786603462146,-0.0053722951894792,162964320.69999996,16525661.999999998,6.136312511257566e-05,0.0006051194802362532,0.0003068156255628783,0.0030255974011812663,0.0006136312511257566,0.0060511948023625325,0.0030681562556287827,0.030255974011812663
20260511,301266.SZ,18.87461760363729,0.0905537183180801,1110.0764009854668,-0.0317424927417654,157449856.99999997,14257669.999999989,6.35122837869583e-05,0.0007013768729392676,0.0003175614189347915,0.0035068843646963383,0.000635122837869583,0.0070137687293926766,0.0031756141893479147,0.03506884364696338
20260511,001296.SZ,17.779796499075868,0.1201440935099594,1005.0372986880608,-0.0110490059821252,52682636.44999994,6329507.599999988,0.00018981586104732635,0.0015799017288485471,0.0009490793052366318,0.007899508644242735,0.0018981586104732636,0.01579901728848547,0.009490793052366319,0.07899508644242735
20260511,603969.SH,18.859866087077116,0.1019079208076507,1041.4390820277265,-0.0036715160639576,155144279.99999976,15810430.99999996,6.44561307706608e-05,0.0006324938263858856,0.000322280653853304,0.0031624691319294285,0.000644561307706608,0.006324938263858857,0.00322280653853304,0.03162469131929428
20260511,301127.SZ,19.419129720664767,0.1347551165103627,2041.1743239345528,-0.00626449941613,271406896.79999954,36573467.999999925,3.6845047483701294e-05,0.0002734222524372045,0.00018422523741850648,0.0013671112621860225,0.00036845047483701296,0.002734222524372045,0.0018422523741850648,0.013671112621860224
20260511,300179.SZ,21.197293828821167,0.0747373102418582,831.9602988062314,-0.024865053906763,1606451952.9999995,120061897.99999997,6.2248982805401106e-06,8.329037077191635e-05,3.1124491402700556e-05,0.00041645185385958176,6.224898280540111e-05,0.0008329037077191635,0.0003112449140270055,0.004164518538595818
20260511,002389.SZ,20.439373796574223,0.0900177479603877,1230.3295097518328,-0.0126142799166514,752847916.4999994,67769673.99999994,1.3282895231337214e-05,0.00014755862629647605,6.641447615668608e-05,0.0007377931314823803,0.00013282895231337216,0.0014755862629647605,0.0006641447615668608,0.007377931314823802
20260512,301010.SZ,17.53924599730392,0.0726378215198877,616.9048164897484,-0.0089756224370747,41418822.00000006,3008573.0000000023,0.00024143612775853418,0.0033238349210738755,0.0012071806387926709,0.016619174605369377,0.0024143612775853417,0.03323834921073875,0.012071806387926709,0.16619174605369377
20260512,301567.SZ,17.729460988714273,0.0760234906163994,818.0088587370309,-0.0009274336217378,50096463.20000004,3808508.000000001,0.00019961489017851448,0.002625700142943115,0.0009980744508925725,0.013128500714715576,0.001996148901785145,0.026257001429431152,0.009980744508925724,0.13128500714715577
20260512,301001.SZ,17.636716595774345,0.1062278873760251,1041.8141623158383,0.0079381567924066,45659240.90000003,4850284.700000002,0.00021901371557843822,0.0020617346441539806,0.0010950685778921912,0.010308673220769901,0.0021901371557843823,0.020617346441539803,0.010950685778921911,0.10308673220769903
20260512,002910.SZ,17.547665211030314,0.1187728231419812,1019.9409537726684,0.0044413756840178,41769008.00000003,4961023.000000002,0.00023941195826340892,0.0020157132913917143,0.0011970597913170445,0.01007856645695857,0.002394119582634089,0.02015713291391714,0.011970597913170445,0.10078566456958571
20260512,002862.SZ,17.78866450594805,0.104104699421295,693.328990992998,-0.0099213118218679,53151904.099999934,5533362.99999999,0.0001881400143480469,0.0018072192263547536,0.0009407000717402345,0.009036096131773768,0.001881400143480469,0.018072192263547535,0.009407000717402345,0.09036096131773769
20260512,002105.SZ,17.626651670381992,0.0901498604408757,806.8007642490466,0.0007684871579707,45201989.000000015,4074952.9999999995,0.00022122920298927546,0.0024540160340499636,0.0011061460149463774,0.012270080170249819,0.0022122920298927548,0.024540160340499637,0.011061460149463773,0.12270080170249818
20260512,002574.SZ,17.48642328268967,0.0530399714390344,400.6214909179087,-0.0008642351491533,39287747.39999998,2083820.999999997,0.00025453228199079705,0.004798876678946999,0.0012726614099539853,0.023994383394734996,0.0025453228199079705,0.04798876678946999,0.012726614099539853,0.23994383394734994
20260512,301235.SZ,19.833968488370857,0.095656229661102,1115.6928156346612,-0.0520642529717964,410944401.0000004,39309392.00000004,2.4334192108873603e-05,0.0002543921310204948,0.00012167096054436802,0.0012719606551024742,0.00024334192108873605,0.0025439213102049483,0.0012167096054436803,0.012719606551024741
20260512,600697.SH,17.38961529376925,0.1246897386674102,957.5935291426124,-0.0058992296534834,35662678.00000003,4446770.000000003,0.0002804051899860126,0.0022488233032065957,0.0014020259499300629,0.011244116516032979,0.0028040518998601258,0.022488233032065957,0.01402025949930063,0.11244116516032979
20260512,003041.SZ,19.894212515306116,0.132097655966234,1916.327779405099,-0.0246411306761857,436462279.2000007,57655644.00000006,2.2911487376020612e-05,0.00017344355740784006,0.00011455743688010307,0.0008672177870392003,0.00022911487376020613,0.0017344355740784006,0.0011455743688010306,0.008672177870392003
20260513,002283.SZ,19.830891296813757,0.0029887977202989,23.82794988470455,0.0324939583533487,409681789.99999946,1224455.9999999711,2.4409188409375025e-05,0.00816689207288807,0.00012204594204687512,0.040834460364440356,0.00024409188409375024,0.08166892072888071,0.0012204594204687513,0.40834460364440356
20260513,603703.SH,18.800095557069703,0.1604211157363554,1494.156876184388,-0.0107344731206748,146142912.00000003,23444409.000000007,6.842617177355819e-05,0.00042654092922538576,0.0003421308588677909,0.002132704646126929,0.0006842617177355818,0.004265409292253858,0.0034213085886779094,0.02132704646126929
20260513,300946.SZ,18.30224215634375,0.0904339469902048,981.7335777421088,0.0066271221029654,88830635.7000001,8033305.000000003,0.0001125737750405403,0.0012448176684440584,0.0005628688752027014,0.006224088342220292,0.0011257377504054029,0.012448176684440584,0.005628688752027015,0.06224088342220292
20260513,688500.SH,18.295841680478933,0.1505195335084528,1262.5627505311666,0.1220215336890158,88263893.00000015,13285440.000000015,0.00011329661156006322,0.0007527037117325424,0.0005664830578003161,0.0037635185586627124,0.0011329661156006322,0.007527037117325425,0.005664830578003161,0.03763518558662712
20260513,605167.SH,18.43059299487258,0.1183924500569838,914.698789702614,-0.0068104794527062,100996152.99999984,11957181.999999976,9.901367233264832e-05,0.0008363174533932844,0.0004950683616632415,0.0041815872669664226,0.000990136723326483,0.008363174533932845,0.004950683616632416,0.041815872669664224
20260513,300909.SZ,19.02362855125839,0.0797996563574842,902.0407540288256,-0.0212856292722727,182749796.9999994,14583370.99999995,5.471962302644874e-05,0.0006857125146168217,0.0002735981151322437,0.003428562573084109,0.0005471962302644874,0.006857125146168218,0.002735981151322437,0.03428562573084109
20260513,688802.SH,21.482656508575054,0.1041856956794822,961.5202672019228,-0.0150475220615953,2136973703.9999957,222642091.99999943,4.679514764866765e-06,4.4915136711884766e-05,2.3397573824333827e-05,0.00022457568355942382,4.6795147648667654e-05,0.00044915136711884765,0.00023397573824333827,0.002245756835594238
20260513,688691.SH,20.673111603056753,0.0806259404630148,680.9187992433323,0.0259913631477346,951082723.0000017,76681939.00000013,1.0514332516163246e-05,0.00013040880460782274,5.257166258081624e-05,0.0006520440230391138,0.00010514332516163248,0.0013040880460782275,0.0005257166258081623,0.006520440230391137
20260513,600184.SH,21.27680141955391,0.0711207028360569,1049.97128398533,0.0299044232732426,1739391922.0000002,123706775.99999988,5.749135587856317e-06,8.083631570836515e-05,2.8745677939281583e-05,0.00040418157854182576,5.7491355878563166e-05,0.0008083631570836515,0.0002874567793928158,0.004041815785418258
20260513,002865.SZ,21.677667271139704,0.1107977816244829,1601.1857893048193,0.0763051096756706,2597115572.0000014,287754644.0000001,3.850425490421724e-06,3.47518283666692e-05,1.9252127452108615e-05,0.00017375914183334599,3.850425490421723e-05,0.00034751828366669197,0.00019252127452108617,0.0017375914183334598
20260514,002905.SZ,17.72360633792759,0.1189092901949278,796.3962959600262,-0.011839685508187,49804022.79999995,5922160.999999994,0.00020078699345547665,0.0016885728030696919,0.0010039349672773831,0.00844286401534846,0.0020078699345547663,0.01688572803069692,0.010039349672773833,0.0844286401534846
20260514,002677.SZ,17.822076812817173,0.189338047784052,1445.4749440536104,-0.00908371286431,54957833.99999998,10405608.999999993,0.00018195768050101836,0.0009610201574939062,0.0009097884025050918,0.004805100787469531,0.0018195768050101836,0.009610201574939062,0.009097884025050918,0.04805100787469531
20260514,601279.SH,17.565523422087036,0.1819733242574814,1679.6610028806483,-0.0076511178244121,42521627.99999994,7737801.999999989,0.00023517443875855398,0.0012923566666606374,0.00117587219379277,0.006461783333303188,0.00235174438758554,0.012923566666606375,0.011758721937927699,0.06461783333303188
20260514,000682.SZ,20.029355924580504,0.0912449790955965,1061.7282118756953,-0.0214702586800951,499618778.5000006,45587705.000000015,2.001526049525776e-05,0.00021935739033145004,0.00010007630247628882,0.0010967869516572502,0.00020015260495257763,0.0021935739033145003,0.0010007630247628881,0.010967869516572502
20260514,300523.SZ,17.76650370861772,0.092390070018909,643.7627233594286,-0.0103598562386753,51986971.100000046,4803079.900000003,0.00019235588818522246,0.002081997428358415,0.0009617794409261123,0.010409987141792075,0.0019235588818522246,0.02081997428358415,0.009617794409261122,0.10409987141792075
20260514,605398.SH,17.620632773231733,0.1249880816563448,885.537661616356,-0.0071154070469718,44930739.99999994,5615806.99999999,0.00022256477413904184,0.0017806879759222527,0.0011128238706952093,0.008903439879611263,0.0022256477413904185,0.017806879759222526,0.011128238706952093,0.08903439879611263
20260514,002238.SZ,17.731995876447876,0.0885799259858906,998.884265384838,0.016753842168123,50223613.19999999,4448803.939999997,0.0001991095296186297,0.002247795168064882,0.0009955476480931486,0.011238975840324407,0.0019910952961862973,0.022477951680648815,0.009955476480931485,0.11238975840324408
20260514,603879.SH,17.53808759211976,0.1026234642877947,714.9404947985805,-0.0057083578066305,41370869.999999985,4245621.999999995,0.00024171597068178656,0.002355367482079189,0.001208579853408933,0.011776837410395945,0.002417159706817866,0.02355367482079189,0.012085798534089328,0.11776837410395946
20260514,301016.SZ,17.824393921049957,0.1059388178356737,629.3756166799006,-0.0147342851970794,55085324.90000002,5835674.200000003,0.0001815365529413442,0.0017135980620713875,0.0009076827647067211,0.008567990310356937,0.0018153655294134421,0.017135980620713875,0.00907682764706721,0.08567990310356938
20260514,688108.SH,20.584195374244068,0.0560776979665451,1812.9848687558128,0.0371857064088589,870166710.9999987,48796945.99999986,1.1492050745664545e-05,0.00020493085776310732,5.746025372832273e-05,0.0010246542888155367,0.00011492050745664546,0.0020493085776310733,0.0005746025372832273,0.010246542888155366
20260515,301286.SZ,19.607054147375383,0.0706940558387983,1025.1342855181165,-0.006882665933553,327518186.99999976,23153588.999999966,3.0532655580436534e-05,0.00043189848450708935,0.0001526632779021827,0.0021594924225354466,0.0003053265558043654,0.004318984845070893,0.0015266327790218269,0.02159492422535447
20260515,688663.SH,20.252427792473096,0.1404611526650499,2097.0804072838387,0.0403518296546665,624478706.9999999,87714998.99999996,1.601335624082376e-05,0.00011400558757345486,8.00667812041188e-05,0.0005700279378672743,0.0001601335624082376,0.0011400558757345485,0.000800667812041188,0.005700279378672742
20260515,003022.SZ,21.075554168553992,0.0990991186269148,1784.0488673325883,-0.0253018975808088,1422318563.0000007,140950516.00000006,7.030773738133371e-06,7.094688464992917e-05,3.515386869066686e-05,0.00035473442324964583,7.030773738133372e-05,0.0007094688464992917,0.00035153868690666857,0.0035473442324964583
20260515,603863.SH,18.4806986876592,0.113686297022743,795.866495350551,-0.022178891516897,106185559.00000004,12071843.000000006,9.4174764385805e-05,0.0008283739276595956,0.000470873821929025,0.004141869638297978,0.00094174764385805,0.008283739276595956,0.0047087382192902505,0.04141869638297978
20260515,300731.SZ,20.36327247313777,0.096609876644834,979.02617315709,-0.0307391703932361,697680954.9999994,67402870.99999993,1.4333199047980331e-05,0.00014836163284498685,7.166599523990165e-05,0.0007418081642249342,0.0001433319904798033,0.0014836163284498683,0.0007166599523990166,0.007418081642249342
20260515,603358.SH,19.500887787131408,0.0621350918711794,406.58127214103155,0.0610937185598612,294528928.00000024,18300582.0,3.3952522313869255e-05,0.0005464307091435671,0.00016976261156934628,0.0027321535457178357,0.00033952522313869255,0.005464307091435671,0.0016976261156934629,0.027321535457178355
20260515,301019.SZ,17.88929882536416,0.110991927383576,1370.0284230506345,-0.0195880731623367,58779211.73000002,6524018.0,0.0001701281746671698,0.001532797732930841,0.0008506408733358491,0.007663988664654206,0.0017012817466716982,0.015327977329308412,0.00850640873335849,0.07663988664654206
20260515,000565.SZ,18.658853424389864,0.0923189707168029,896.4355728782264,-0.0181712904916483,126892828.29999992,11714615.299999991,7.88066601869572e-05,0.0008536345192658616,0.000394033300934786,0.004268172596329308,0.000788066601869572,0.008536345192658615,0.00394033300934786,0.04268172596329308
20260515,688246.SH,18.619466198919405,0.0860796796380615,1155.691173491234,0.0111199115856268,121992019.99999984,10501033.999999978,8.197257492744209e-05,0.0009522871747677439,0.0004098628746372104,0.00476143587383872,0.0008197257492744208,0.00952287174767744,0.004098628746372104,0.047614358738387194
20260515,300121.SZ,19.72385388070846,0.0832251583787964,1721.5844344751076,-0.0319787371250027,368095833.0000004,30634834.000000026,2.7166838370593533e-05,0.00032642579359169993,0.00013583419185296766,0.0016321289679584996,0.0002716683837059353,0.0032642579359169993,0.0013583419185296765,0.016321289679585
20260518,301082.SZ,17.867276531674527,0.0761675265206775,472.5847713645067,-0.0130968551090515,57498907.99999992,4379549.599999989,0.0001739163463765262,0.0022833398210628836,0.0008695817318826311,0.01141669910531442,0.0017391634637652623,0.02283339821062884,0.00869581731882631,0.11416699105314419
20260518,605118.SH,18.73122198096272,0.1283726938720325,661.6048176214281,-0.0152679485527341,136416323.99999973,17512130.999999966,7.33050100367755e-05,0.0005710327315390696,0.00036652505018387754,0.0028551636576953482,0.0007330501003677551,0.0057103273153906965,0.0036652505018387755,0.028551636576953483
20260518,000803.SZ,18.26812898267329,0.073480976781934,363.5863801236765,-0.0063261835659238,85851444.49999999,6308447.9999999935,0.00011648027657822347,0.0015851759418481393,0.0005824013828911173,0.007925879709240696,0.0011648027657822347,0.015851759418481392,0.0058240138289111735,0.07925879709240696
20260518,688399.SH,18.11979147922725,0.1413016098741498,793.2486351196421,0.011034431485613,74015972.00000039,10458576.00000005,0.0001351059741537941,0.0009561531130050546,0.0006755298707689705,0.004780765565025273,0.001351059741537941,0.009561531130050547,0.006755298707689705,0.04780765565025273
20260518,688226.SH,20.15796592619977,0.1022682927343524,766.7449406037001,-0.0109560605943553,568189713.9999996,58107791.999999925,1.7599755422534817e-05,0.00017209395944695356,8.799877711267408e-05,0.0008604697972347678,0.00017599755422534815,0.0017209395944695356,0.0008799877711267408,0.008604697972347678
20260518,688607.SH,18.11990469162329,0.1341463009362108,546.855659609446,-0.0021295972562,74024352.00000001,9930093.0,0.00013509067934833118,0.0010070399139262844,0.0006754533967416559,0.0050351995696314225,0.0013509067934833119,0.010070399139262845,0.006754533967416559,0.050351995696314225
20260518,688556.SH,20.36204337298013,0.088622443210413,910.7289383677098,-0.0201796346382947,696823961.9999999,61754241.99999998,1.4350826816142126e-05,0.00016193219568624943,7.175413408071062e-05,0.0008096609784312472,0.00014350826816142125,0.0016193219568624944,0.0007175413408071063,0.008096609784312472
20260518,000062.SZ,21.09660241925983,0.0827075638799818,366.6956381683222,-0.0056215048127825,1452573167.0,120138787.99999996,6.884334797849119e-06,8.323706411954151e-05,3.4421673989245594e-05,0.0004161853205977075,6.884334797849119e-05,0.000832370641195415,0.00034421673989245595,0.004161853205977076
20260518,002295.SZ,17.70864792713142,0.0797280473909303,642.7884015215369,-0.0059377543098171,49064578.00000001,3911822.9999999967,0.00020381302372558872,0.0025563528820194597,0.0010190651186279436,0.012781764410097297,0.0020381302372558872,0.025563528820194595,0.010190651186279437,0.127817644100973
20260518,001325.SZ,18.241959162265186,0.116023590628758,487.582873039516,-0.0074329242184171,83633870.90000013,9703502.000000011,0.00011956878107384104,0.0010305557725447975,0.0005978439053692052,0.005152778862723988,0.0011956878107384104,0.010305557725447976,0.005978439053692052,0.051527788627239876
20260519,002238.SZ,18.31963312326674,0.112561746978458,2083.044998049282,-0.0204475353958962,90388997.80000006,10174343.500000004,0.00011063293369096293,0.0009828643980813107,0.0005531646684548146,0.004914321990406554,0.0011063293369096292,0.009828643980813108,0.005531646684548146,0.04914321990406554
20260519,600714.SH,20.478261068543286,0.1449040479778221,2132.6246101137885,-0.0216708188978724,782700805.0000007,113416515.00000009,1.2776274070652055e-05,8.817058080121745e-05,6.388137035326027e-05,0.0004408529040060873,0.00012776274070652055,0.0008817058080121746,0.0006388137035326027,0.004408529040060873
20260519,603926.SH,18.972447292766095,0.1093483076445709,735.6796893797788,0.0357082672197606,173631758.99999982,18986338.999999974,5.7593150340658646e-05,0.000526694482806823,0.00028796575170329325,0.002633472414034115,0.0005759315034065865,0.00526694482806823,0.0028796575170329324,0.026334724140341152
20260519,002952.SZ,19.638303895521723,0.0857423787680215,903.1181065461104,-0.0398942787011777,337914645.2000004,28973605.500000034,2.9593271975771673e-05,0.0003451417187274117,0.00014796635987885838,0.0017257085936370584,0.00029593271975771675,0.003451417187274117,0.0014796635987885836,0.017257085936370584
20260519,600699.SH,21.676109183454777,0.1004071468216267,1277.350650665906,-0.0363717427878783,2593072188.9999957,260362979.99999952,3.856429467108837e-06,3.8407918053480635e-05,1.9282147335544186e-05,0.0001920395902674032,3.856429467108837e-05,0.0003840791805348064,0.00019282147335544187,0.001920395902674032
20260519,301246.SZ,20.110402537067763,0.0953353207894661,661.72623055339,0.0330224700264596,541797316.8000007,51652421.00000006,1.845708660770538e-05,0.00019360176747571984,9.228543303852689e-05,0.0009680088373785992,0.00018457086607705377,0.0019360176747571984,0.0009228543303852689,0.009680088373785992
20260519,301189.SZ,20.27162208807118,0.1139967830420852,805.7111927390554,-0.0259823667594786,636580910.9999998,72568175.99999993,1.5708922192296155e-05,0.00013780145169970938,7.854461096148077e-05,0.000689007258498547,0.00015708922192296155,0.001378014516997094,0.0007854461096148078,0.0068900725849854695
20260519,688169.SH,21.186096063122324,0.1107816102312835,1788.8329958997692,0.002932386676048,1588563621.9999976,175983635.9999997,6.294994963695584e-06,5.682346510899466e-05,3.1474974818477916e-05,0.0002841173255449733,6.294994963695583e-05,0.0005682346510899466,0.0003147497481847792,0.002841173255449733
20260519,605167.SH,18.15042054548264,0.0874908579994823,580.7377625369412,-0.009502853548565,76318087.9999999,6677134.999999984,0.0001310305362995993,0.0014976483177290894,0.0006551526814979965,0.007488241588645447,0.001310305362995993,0.014976483177290894,0.006551526814979965,0.07488241588645447
20260519,600078.SH,20.54164782980335,0.0942973738854489,1124.5499465282796,-0.0358571076968786,833919829.9999992,78636449.99999991,1.1991560387765343e-05,0.00012716749039408585,5.995780193882672e-05,0.0006358374519704292,0.00011991560387765344,0.0012716749039408583,0.0005995780193882672,0.006358374519704292
20260520,300083.SZ,20.72310773044824,0.1005073567105591,602.3273442441749,0.0185470678321348,999841905.0000037,100491467.00000031,1.0001581199979773e-05,9.951093658529206e-05,5.000790599989887e-05,0.0004975546829264603,0.00010001581199979773,0.0009951093658529205,0.0005000790599989887,0.004975546829264602
20260520,688319.SH,19.67858598825546,0.0909453383206535,781.5096604607436,-0.0152696169188657,351804430.9999997,31994972.999999974,2.8424883596761772e-05,0.0003125490995101014,0.00014212441798380887,0.001562745497550507,0.00028424883596761774,0.003125490995101014,0.0014212441798380885,0.01562745497550507
20260520,300177.SZ,18.48299545206215,0.0668793531806869,546.5682218667716,0.045782394125138,106429722.50000015,7117951.000000009,9.395871533912894e-05,0.001404898685028878,0.00046979357669564467,0.00702449342514439,0.0009395871533912893,0.01404898685028878,0.004697935766956447,0.0702449342514439
20260520,601898.SH,19.88348242292117,0.0843920251926316,478.5427314500706,-0.0222558538409181,431804034.99999994,36440816.99999997,2.315865343870629e-05,0.0002744175576524535,0.00011579326719353145,0.0013720877882622677,0.0002315865343870629,0.0027441755765245353,0.0011579326719353144,0.013720877882622676
20260520,300721.SZ,20.883709066518858,0.0651067034747767,1166.795695887506,0.0382808274871435,1174031119.9999986,76437295.9999999,8.517661780549746e-06,0.00013082618725811565,4.258830890274873e-05,0.0006541309362905782,8.517661780549746e-05,0.0013082618725811564,0.00042588308902748726,0.006541309362905782
20260520,300596.SZ,19.53590065609464,0.0687475205220648,727.5264354266425,0.0146684891673172,305023888.0000002,20969636.000000007,3.278431753515644e-05,0.000476879999252252,0.0001639215876757822,0.00238439999626126,0.0003278431753515644,0.00476879999252252,0.001639215876757822,0.0238439999626126
20260520,300582.SZ,19.8234662190812,0.0839450513257904,1007.5217364610448,-0.0079520003783064,406651136.1999997,34136350.499999955,2.4591103060589477e-05,0.00029294285573966124,0.00012295551530294737,0.0014647142786983062,0.00024591103060589474,0.0029294285573966124,0.0012295551530294739,0.014647142786983062
20260520,301550.SZ,20.67545710441536,0.0865778542856404,741.9380698279542,0.0657222231804461,953316107.0000049,82536063.00000039,1.0489700033988776e-05,0.00012115915923927645,5.2448500169943884e-05,0.0006057957961963823,0.00010489700033988777,0.0012115915923927645,0.0005244850016994389,0.006057957961963822
20260520,300121.SZ,19.29338931722235,0.0687551181961455,819.0353648586147,-0.0063243778695216,239338472.99999958,16455744.999999952,4.1781832543069734e-05,0.0006076905056562331,0.00020890916271534867,0.0030384525282811654,0.00041781832543069734,0.006076905056562331,0.0020890916271534866,0.030384525282811655
20260520,002036.SZ,19.320218216398708,0.0609586430964811,434.4892468715475,0.0696080023710719,245846573.00000027,14986473.500000004,4.067577545610119e-05,0.0006672683870558338,0.00020337887728050593,0.0033363419352791693,0.00040675775456101187,0.0066726838705583385,0.0020337887728050594,0.0333634193527917
