trade_date,date,ts_code,entry_vwap,exit_time,exit_reason,target_return,target_win,ret_to_prev_close_1450,intraday_ret_1450,tail_ret_1420_1450,tail_ret_1430_1450,late_ret_1445_1450,afternoon_ret_1305_1450,vwap_pos_1450,close_to_high_sofar,close_to_low_sofar,range_sofar,tail_amount_share,tail_amount_vs_prev20,amount_sofar_log,open_gap,prev_ret_1d,prev_ret_3d,prev_ret_5d,prev_volatility_20d,prev_amount_ratio_5_20,open_auction_ret,open_auction_amount_log,prev_close_auction_ret,prev_close_auction_amount_log,prev_net_mf_amount_ratio,prev_elg_net_amount_ratio,prev_ths_net_amount_ratio,price_vs_ma5_prev,price_vs_ma10_prev,price_vs_ma20_prev,liquidity_rank,market_ret_median_1450,market_breadth_positive,market_tail_ret_median,market_tail_breadth_positive,market_amount_log,prev_amp_5d,tail_ret_1430_1450_x_tail_amount_share,tail_ret_1420_1450_x_tail_amount_vs_prev20,late_ret_1445_1450_x_tail_amount_share,tail_quality_ratio,industry,tail_ret_1430_1450_industry_z,tail_ret_1420_1450_industry_z,prev_volatility_20d_industry_z,tail_amount_share_industry_z,regime_allowed,label_win,label_static_003,dynamic_threshold,label_dynamic_amp10,score,p_model_label,return_no_cost,return_basic_cost_no_slippage,return_5bp_slippage,return_10bp_slippage,return_20bp_slippage,name,industry_basic,market
20260305,2026-03-05,603211.SH,20.87393465909091,10:30,time_exit,0.0273559921295991,1,0.0004796163069542,-0.0118427285646612,0.0019212295869355,-0.0004791566842358,-0.0004791566842358,-0.0099667774086379,-0.0109971271186063,-0.029767441860465,0.0033670033670034,0.0341510341510342,0.1080485601248213,354.8071478032957,17.82497759219349,0.0124700239808153,-0.0202067669172931,-0.0903141361256544,-0.0839191564147627,0.0317541163336292,-0.3562888676370713,0.0139088729016785,12.913835002188767,0.0,16.344373233262896,0.0025381943277213,0.0010535771815906,0.0025381943277213,-0.0563647878404054,-0.0604026845637584,-0.0767664697160813,2443,0.0072237085485856,0.6657590197413207,0.0013320050246262,0.6255956432947584,28.312592377605363,0.0372287039290331,-5.177218980586353e-05,0.0037385401518831,-5.177218980586353e-05,-0.0037419919737382,汽车配件,-0.0583795527885103,0.1145752156598109,0.555735068263817,0.7955605342590134,True,1,1,0.0037228703929033,1,0.5278158267929185,0.5278158267929185,0.02941327571834429,0.02838411973162258,0.02735599212959916,0.026328891371622642,0.024277764240577593,晋拓股份,汽车配件,主板
20260305,2026-03-05,000607.SZ,4.264006479481641,10:30,time_exit,0.0092620635020181,1,0.0023529411764704,-0.0273972602739726,-0.0023419203747072,-0.0023419203747072,0.0023529411764704,-0.0138888888888889,-0.0114326285672776,-0.0318181818181819,0.0023529411764704,0.0352941176470589,0.1251347944861617,255.66339482162596,18.089727531659776,0.0305882352941175,-0.0023474178403755,-0.0879828326180257,-0.1052631578947368,0.0397693967550007,-0.6558718317776127,0.0305882352941175,14.446170935173503,0.0,16.51775481983937,-0.0028947276668621,-0.0003627668392821,-0.0028947276668621,-0.0401081568273998,-0.0881849315068492,-0.1350253807106599,2341,0.0072237085485856,0.6657590197413207,0.0013320050246262,0.6255956432947584,28.312592377605363,0.0317023547394256,-0.0002930557247919,-0.0045571666254222,0.0002944348105556,-0.0161361745334648,广告包装,-0.6620229022488193,-0.7313379178569043,0.6967340840881646,2.1217728305138017,True,1,1,0.0031702354739425,1,0.5060275465246182,0.5060275465246182,0.011283113942072154,0.010272083585719294,0.009262063502018192,0.008253052177451758,0.006238049766756237,华媒控股,广告包装,主板
20260305,2026-03-05,688651.SH,43.59343797596886,09:40,take_profit_0935,0.0345097738358475,1,0.0232230823363828,0.0039125431530493,0.0055325034578146,0.0048375950241879,0.0020675396278426,-0.0068306010928962,-0.0026154389512201,-0.0197752808988764,0.0144186046511627,0.0348837209302326,0.0861778903645674,505.210755250955,17.807589772513275,0.0192352803190241,-0.0083740404745289,-0.1255384615384615,-0.1235608552631578,0.0311479881733793,-0.1218339676399036,0.0187661271405112,12.825540992612453,0.0,15.723886023604733,-0.0023244995878246,-0.0028270605104717,-0.0023244995878246,-0.0450545120189149,-0.0818968238934142,-0.0920350113963969,2890,0.0072237085485856,0.6657590197413207,0.0013320050246262,0.6255956432947584,28.312592377605363,0.0443470408881646,0.0004168937336226,0.0107657546282451,0.0001781762033726,0.0455612275547928,软件服务,1.3042315725040003,0.7521521814982027,0.2375549356266098,0.4401365910066978,True,1,1,0.0044347040888164,1,0.5031841016595596,0.5031841016595596,0.03658138289484292,0.0355450605925236,0.034509773835847524,0.03347552107343543,0.031410111341364066,盛邦安全,软件服务,科创板
20260305,2026-03-05,301367.SZ,73.29469483568076,10:30,time_exit,0.0080886122462993,1,-0.0090638528138528,-0.0192796893827821,-0.0038079695362437,-0.0023154453827295,0.0006830601092895,-0.015589302513103,-0.0107722266273644,-0.0229425103374683,0.0075653370013755,0.0312242090784042,0.1896401749663376,898.1584992954309,17.713837965373816,0.0104166666666665,0.0038022813688212,-0.0728709394205443,-0.0789932718664341,0.0206562421591332,0.2384858991881617,0.0133928571428569,14.323598413460475,0.0,16.71686173418313,0.0106833589476134,0.0001224726338116,0.0106833589476134,-0.044806092376705,-0.0650448012661782,-0.0916137033018137,2988,0.0072237085485856,0.6657590197413207,0.0013320050246262,0.6255956432947584,28.312592377605363,0.0396201307474371,-0.0004391014675058,-0.0074099665678701,0.0001295356386381,-0.0110448552292104,医疗保健,-0.8410081779339512,-1.4381092624951854,-0.3263676225542032,3.689425451798484,True,1,1,0.0039620130747437,1,0.5026432577057764,0.5026432577057764,0.010107312846542094,0.009097457997407687,0.00808861224629931,0.007080774081459129,0.005068114478637309,瑞迈特,医疗保健,创业板
20260305,2026-03-05,600173.SH,7.717818632513944,10:30,time_exit,0.0248213895593687,1,0.0026007802340701,-0.0051612903225806,-0.0012953367875647,-0.0012953367875647,-0.0012953367875647,-0.0128040973111395,-0.0108071249588629,-0.0265151515151514,0.0026007802340701,0.0299089726918075,0.1050652445753735,238.02511962881283,17.98152921619838,0.0078023407022105,0.0026075619295959,-0.0801435406698563,-0.1037296037296037,0.0358004640375348,-0.4166386617401605,0.0078023407022105,12.0854687600152,0.0,16.824851683595952,-0.0031862369423026,3.878705329867087e-05,-0.0031862369423026,-0.0350438047559449,-0.0646609244207206,-0.0823613425374909,2631,0.0072237085485856,0.6657590197413207,0.0013320050246262,0.6255956432947584,28.312592377605363,0.0469209621877101,-0.0001360948763929,-0.0025206090013669,-0.0001360948763929,-0.0103572882455293,全国地产,-0.2944495939239716,-0.3756615468892519,1.3434046365294747,0.5554630880077752,True,1,1,0.004692096218771,1,0.5022707211486855,0.5022707211486855,0.02687359759853636,0.025846980655173546,0.024821389559368745,0.023796822774271087,0.021750756004131233,卧龙新能,全国地产,主板
20260305,2026-03-05,300588.SZ,23.854475,10:30,time_exit,0.0165757249721876,1,-0.0041753653444676,-0.0197287299630084,0.0037878787878786,0.0012594458438288,-0.001256281407035,-0.0079034941763725,-0.0066544294107129,-0.0225409836065572,0.0063291139240506,0.0295358649789028,0.073277736104625,280.67325567632633,17.741701522188993,0.0158663883089769,-0.0037437603993344,-0.0731424148606811,-0.0865751334858886,0.0455046379720282,-0.378796858936649,0.0175365344467641,11.769604367583613,0.0,16.156029355501975,7.927075375395626e-05,-0.0014867214075567,7.919179881993837e-05,-0.0457709850364086,-0.0647058823529411,-0.0761722154436116,2392,0.0072237085485856,0.6657590197413207,0.0013320050246262,0.6255956432947584,28.312592377605363,0.0404363398300971,9.228934018215844e-05,0.0073708717767244,-9.20574574178609e-05,0.0135021056087404,IT设备,0.3613376729053375,0.4335385183835097,2.0354035585975065,0.3323713682447791,True,1,1,0.0040436339830097,1,0.5017895403306039,0.5017895403306039,0.018611421042219467,0.0175930642103852,0.016575724972187622,0.01555940180314197,0.013529797589776349,熙菱信息,IT设备,创业板
20260305,2026-03-05,300947.SZ,18.289110486891385,10:30,time_exit,0.016294499730431,1,0.0038482682792744,-0.0182795698924731,0.0005479452054795,-0.0005473453749315,0.0,-0.0135062128579146,-0.0105105497435066,-0.0235294117647058,0.0032967032967035,0.0274725274725273,0.0746191331033538,370.51925826444784,17.685235122169285,0.0225398570643211,-0.0092592592592591,-0.1074582924435719,-0.1329837940896091,0.0276860627356522,-0.1018235317559032,0.0197910940076964,13.358513179547668,0.0,16.324983142400637,-0.0060967705449273,-0.0002009424933342,-0.0060967705449273,-0.0544739022369511,-0.083011098277507,-0.0855368589743589,2880,0.0072237085485856,0.6657590197413207,0.0013320050246262,0.6255956432947584,28.312592377605363,0.0421111704004779,-4.084243738551923e-05,0.0010662521364687,0.0,-0.005784721937091,房产服务,0.0,0.1432955227747243,-0.5740703777919232,-1.0542649620146185,True,1,1,0.0042111170400477,1,0.4981610206029314,0.4981610206029314,0.018329632646036487,0.017311557532168953,0.016294499730431067,0.015278457716760174,0.013249414972571705,德必集团,房产服务,创业板
20260305,2026-03-05,688376.SH,59.38544632389885,09:50,take_profit_0945,0.0064248496139518,1,0.0035496957403651,-0.0160755717600266,0.0042286874154262,0.000842886041807,-0.0001684068710003,-0.0105,-0.0132389979359499,-0.0329043818211435,0.0059301931548627,0.0401558793629277,0.0895824873491354,318.58951440349546,18.194923630257467,0.0199459093982421,-0.0141643059490085,-0.1269185360094452,-0.1217339667458432,0.0426893562458525,-0.0617330373939223,0.0240027045300879,12.689381121459151,0.0,16.652244907762803,0.0049964553518904,-0.0019936453000841,0.0049964553518904,-0.0721117779444862,-0.0833294733429063,-0.0940096596241444,2124,0.0072237085485856,0.6657590197413207,0.0013320050246262,0.6255956432947584,28.312592377605363,0.0573633065517672,7.550782817694244e-05,0.0082286457588604,-1.5086306390900169e-05,0.0076917951234449,专用机械,0.1459931179451283,0.1502235436333365,0.4825531980724776,0.5922503554825919,True,1,1,0.0057363306551767,1,0.4980720817508559,0.4980720817508559,0.008440218524317533,0.0074320303528361276,0.006424849613951844,0.005418674798401968,0.0034093369153163078,美埃科技,专用机械,科创板
20260305,2026-03-05,301001.SZ,30.794715719063547,10:30,time_exit,0.012615947757318,1,0.0009752925877761,-0.0203627107858733,0.0019524894240154,0.0,0.0006499837504061,-0.0093307593307593,-0.009337999804646,-0.0231598984771573,0.0042400521852576,0.0280495759947814,0.0865521553862958,179.67299562727086,17.46444809632084,0.021781534460338,0.0019543973941369,-0.0831594634873321,-0.0920897284533648,0.026671219118658,-0.5736304298886115,0.0208062418725616,13.343128101551418,0.0,16.276727260408393,-0.0005655316899293,-0.0010303584570821,-0.0005655316899293,-0.0375718929732432,-0.0680710675262569,-0.1049418604651162,2277,0.0072237085485856,0.6657590197413207,0.0013320050246262,0.6255956432947584,28.312592377605363,0.0374669339985485,0.0,0.0037993689861149,5.625749456372015e-05,0.0,互联网,0.228541046486092,0.3264230244419445,-0.4649839306455112,0.6343615425533206,True,1,1,0.0037466933998548,1,0.497306620364229,0.497306620364229,0.014643714361087135,0.013629324244255336,0.012615947757318002,0.011603583381728066,0.00958188490555667,凯淳股份,互联网,创业板
20260305,2026-03-05,301333.SZ,66.11661155044332,09:40,take_profit_0935,0.0180402920414028,1,0.0031919744642041,-0.0007570022710067,-0.0043747171519084,-0.0078171978352374,-0.0010594823671862,-0.0147783251231525,-0.0062726834218217,-0.0188791437490708,0.0038022813688212,0.0231178707224333,0.1541319178096031,557.9312265415195,18.003207817188905,0.0039519683842528,-0.0220008919280509,-0.1085365853658535,-0.1061141304347824,0.0332987858589947,-0.4434437060545402,0.0153518771849823,13.7203489231266,0.0,16.405816517657595,0.0065730772357377,-0.0031975381129931,0.0065730772357377,-0.0614334470989762,-0.0967565348296155,-0.1148721593766554,2596,0.0072237085485856,0.6657590197413207,0.0013320050246262,0.6255956432947584,28.312592377605363,0.0461643416475419,-0.0012048796942422,-0.0085128065051449,-0.0001633000491398,-0.0448923892504581,医疗保健,-3.0557394170591285,-1.6123559626294848,1.0251524586510514,2.5171830097016294,True,1,1,0.0046164341647541,1,0.4973002108076062,0.4973002108076062,0.02007892091157326,0.019059096946652865,0.018040292041402894,0.01702250466914168,0.01498997643209421,诺思格,医疗保健,创业板
20260306,2026-03-06,001360.SZ,24.986381322957197,09:50,stop_loss,-0.0254654458125229,0,-0.0051751592356689,0.0036144578313253,-0.004382470119522,-0.0007996801279489,-0.0007996801279489,-0.0134228187919462,-0.006239042198875,-0.02,0.0158536585365851,0.0365853658536585,0.1425058786283265,480.348351930854,18.09270993199682,-0.0087579617834395,-0.0233281493001554,-0.1092198581560283,-0.085547870404077,0.0468992506429554,-0.2157645092956069,-0.0051751592356689,12.550502422492372,0.0,17.614794792115916,-0.0031867789798085,0.0018242401167233,-0.0031867789798085,-0.0611616199564205,-0.0667712301142728,-0.0430420464118862,1783,0.0095108695652172,0.6998979244641035,0.0,0.3987750935692412,28.205423404381055,0.0471874076235381,-0.0001139591192549,-0.0085278930835096,-0.0001139591192549,-0.0049209304592477,工程机械,-0.3090764932822716,-1.0244490017688574,2.111615628060889,1.6447541302496385,True,0,0,0.0047187407623538,0,0.5040930389876183,0.5040930389876183,-0.023513937318530465,-0.02449017932071129,-0.025465445812522858,-0.02643973825540369,-0.02838540682554702,南矿集团,工程机械,主板
20260306,2026-03-06,688682.SH,48.4902468678966,09:40,stop_loss,-0.037300877360292,0,0.0018587360594795,0.0157035175879396,0.0018587360594795,-0.0006180469715698,-0.0010296540362438,-0.0047189167008617,-0.0039374914489961,-0.0148253452477661,0.0184757505773671,0.0338022254881376,0.0957764493634886,454.8986247192661,17.737887476161788,-0.0136307311028501,0.0191538623447695,-0.068308639599769,-0.0394762943860343,0.0346323174188823,0.2375261674954729,-0.0136307311028501,10.682950034547993,0.0,16.921959925659237,-0.0053812354980456,0.0032708065842504,-0.0053812354980456,-0.01020199959192,-0.0165031222123104,-0.0223503093573026,2025,0.0095108695652172,0.6998979244641035,0.0,0.3987750935692412,28.205423404381055,0.0641081309944653,-5.91943444768185e-05,0.0036169333625562,-9.861660766422438e-05,-0.0053382788552226,软件服务,-0.2538471140110912,-0.0281910601640086,0.4212799285697065,-0.1269824461463239,True,0,0,0.0064108130994465,0,0.500834034938118,0.500834034938118,-0.03537306935500606,-0.036337455189192513,-0.03730087736029197,-0.038263337311994605,-0.04018537631756525,霍莱沃,软件服务,科创板
20260306,2026-03-06,688081.SH,40.002962996991066,09:40,stop_loss,-0.0466814470020521,0,-0.0049714143673874,-0.0181506009320578,-0.0017456359102244,-0.0022432701894316,0.0,-0.0171863491284064,-0.0113968640395462,-0.0462234929711697,0.002002503128911,0.0505632040050061,0.114138872805963,711.7168863284086,18.166916361268267,0.0134228187919465,-0.017102369899829,-0.0973749158626879,-0.0979820627802691,0.0308875528222444,0.1983702528312967,0.0166542381307481,10.62885988039081,0.0,17.07141208717711,-0.0161438490497994,0.0052311640859039,-0.0161438490497994,-0.0508370085834873,-0.0662032285154425,-0.0139908369870436,2643,0.0095108695652172,0.6998979244641035,0.0,0.3987750935692412,28.205423404381055,0.0612665207397354,-0.0002560443308209,-0.0033968506342612,0.0,-0.0167234906817546,软件服务,-0.5026220820719448,-0.4124901820846604,0.1747440621716911,0.1667570814783764,True,0,0,0.0061266520739735,0,0.498414389889053,0.498414389889053,-0.044772423616824764,-0.04572741244600065,-0.04668144700205212,-0.04763452871460194,-0.04953783931342326,兴图新科,软件服务,科创板
20260306,2026-03-06,688651.SH,44.47740192718623,09:40,stop_loss,-0.0279397435993764,0,0.0125284738041002,-0.0022446689113354,0.0,-0.0026923939869867,0.0004501462975468,-0.0155038759689921,-0.0109837589019158,-0.0318013504683074,0.0125284738041002,0.0457858769931662,0.0582117554512267,455.5892913187615,18.073383251102378,0.0148063781321183,0.0297912268355617,-0.0414847161572051,-0.0895893819991704,0.0321973925074611,-0.1100745468280809,0.0068337129840547,13.905804577848055,0.0,16.28067641074456,0.0028640569953007,0.0017374670116431,0.0028640569953007,-0.008122461730709,-0.050294846594308,-0.0693730568320999,2890,0.0095108695652172,0.6998979244641035,0.0,0.3987750935692412,28.205423404381055,0.0476836806711196,-0.0001567289803488,0.0,2.620380619006977e-05,-0.0344244157601822,软件服务,-0.5713700283012312,-0.2263700054960274,0.2609771092175156,-0.7278963440161866,True,0,0,0.0047683680671119,0,0.4925176343030938,0.4925176343030938,-0.025993189894444102,-0.02696695326370735,-0.027939743599376454,-0.028911562359179688,-0.030852290967557372,盛邦安全,软件服务,科创板
20260306,2026-03-06,301368.SZ,57.97847457627119,09:40,stop_loss,-0.0213940103251091,0,0.0067720090293452,0.0220341970738586,0.0001725030188028,-0.000861623298294,0.0001725030188028,-0.0015498536249354,0.0023996802540373,-0.0054888507718696,0.0265580736543908,0.0322237960339943,0.1412660356633157,576.6122933059479,18.174870828007663,-0.0149331481159924,0.0033101045296168,-0.0276886712814451,-0.0881887270424318,0.0294869121262493,-0.1747649654885745,-0.0151067893731551,14.23517046814886,0.0,16.931585761181672,-0.0061842579239378,0.0027451885797361,-0.0061842579239378,-0.0133079200844083,-0.0573583924042402,-0.0724980803685693,1699,0.0095108695652172,0.6998979244641035,0.0,0.3987750935692412,28.205423404381055,0.0424601571957141,-0.0001217181075851,0.0003356753750312,2.436881760623927e-05,-0.005342868972689,机械基件,0.0824159849005129,0.2718105615507318,-0.3904104002426105,1.629329274788696,True,0,0,0.0042460157195714,0,0.4919583759784102,0.4919583759784102,-0.019434348768814114,-0.020414669339902547,-0.021394010325109125,-0.0223723731919786,-0.024326170426240856,丰立智能,机械基件,创业板
20260306,2026-03-06,301043.SZ,55.525768321513006,09:40,stop_loss,-0.0241827773235081,0,0.0081536510237363,0.0099836630967506,-0.0046511627906976,-0.0039384174722519,-0.0016149291225551,-0.0003593244699963,-0.0007302775841658,-0.0081996434937611,0.0166270783847981,0.0250319751507401,0.1378418876042261,568.9426371137235,17.44638800133396,-0.001811922449719,0.0074844833880978,-0.0415074678707885,-0.1494837417167515,0.0370482278598169,0.0747454386852009,-0.0054357673491574,11.17277045525733,0.0,15.88419141559346,0.0006242742059968,0.0,0.0006242742059968,-0.0185564100754958,-0.0691137842766559,-0.1136316569225622,2594,0.0095108695652172,0.6998979244641035,0.0,0.3987750935692412,28.205423404381055,0.0520157196479002,-0.0005428788985486,-0.009050744879327,-0.0002226048786,-0.0249516622743843,机械基件,-0.3827341976042771,-0.6105136533038925,0.0672927337853084,1.514817090445413,True,0,0,0.00520157196479,0,0.4908820746919236,0.4908820746919236,-0.022228700281853198,-0.02320622719984189,-0.024182777323508153,-0.025158352116214533,-0.02710658154759593,绿岛风,机械基件,创业板
20260306,2026-03-06,688716.SH,37.222854433380746,09:40,stop_loss,-0.0336675250796338,0,0.0177935943060498,0.0183511366748836,0.0016163793103449,-0.0013430029546064,0.0018862840204796,0.0002690341673392,0.0047965481577765,-0.0021470746108427,0.0385474860335195,0.040782122905028,0.094198833133234,409.38382472879994,17.590166848169055,-0.0005474952094169,0.0152862701500835,-0.0623716632443531,-0.1013530135301352,0.0273545702650606,-0.1574968648278761,-0.0199835751437176,12.625772622110356,0.0,16.166920835466914,0.0048800946520321,-0.003878710516743,0.0048799905255753,-0.0145772594752188,-0.0442896434722257,-0.0498460280343976,2978,0.0095108695652172,0.6998979244641035,0.0,0.3987750935692412,28.205423404381055,0.0341344737580936,-0.0001265093112184,0.0031453289047233,0.000177685753687,-0.0117602160876685,化工原料,-0.322167204556684,0.6496902274838635,-0.1100694274022689,0.1599947703708552,True,0,0,0.0034134473758093,0,0.490691537556764,0.490691537556764,-0.03173244127503738,-0.032700466827374264,-0.033667525079633775,-0.03463361748095484,-0.03656291051287708,中研股份,化工原料,科创板
20260306,2026-03-06,688291.SH,46.33496435272045,09:40,stop_loss,-0.0531255642310655,0,-0.0168120876782293,-0.0064516129032257,-0.0051679586563306,-0.0028059572631123,0.0008665511265166,-0.0180658873538787,-0.0085452316319131,-0.0209790209790208,0.0065359477124184,0.0281045751633985,0.1610101505742495,756.4830120472245,18.101212480870274,-0.0104277505852309,0.0325203252032522,-0.0982536941086162,-0.1355776306107431,0.052987315670387,0.0577391125719788,-0.0104277505852309,11.343855713852022,0.0,17.196505266322514,0.0089270058487621,0.0,0.0089270058487621,-0.0571813395371616,-0.0658929618471864,-0.0276652390322953,2136,0.0095108695652172,0.6998979244641035,0.0,0.3987750935692412,28.205423404381055,0.0534004655588839,-0.0004517876014386,-0.0100563831992521,0.0001395235273607,-0.0155016569745429,软件服务,-0.5887533022297302,-0.7773791661607697,1.6296777543586811,0.9165462927965136,True,0,0,0.0053400465558883,0,0.4905957674014498,0.4905957674014498,-0.051229445210752345,-0.05217797863218632,-0.053125564231065514,-0.05407220342734931,-0.05596264827779773,金橙子,软件服务,科创板
20260306,2026-03-06,300508.SZ,41.91159139784946,09:40,stop_loss,-0.0378620930118075,0,0.0002386634844868,0.0064841498559076,-0.0019052155275066,-0.0021428571428572,0.0,-0.0071073205401565,-0.0032604967480379,-0.0173505275498242,0.011585807385952,0.0294472604392952,0.1067311392662688,405.50776691557047,18.159665453809744,-0.0062052505966586,0.0091522157996144,-0.0772957498348381,-0.1228804689135442,0.043399824629061,-0.1157659424064708,-0.0059665871121717,13.06249871674425,0.0,17.164166553011494,0.0022293142708108,-0.0059057101099047,0.0022293142708108,-0.0349544072948327,-0.0590480466995959,-0.0408074519945986,2419,0.0095108695652172,0.6998979244641035,0.0,0.3987750935692412,28.205423404381055,0.0476821081419169,-0.000228709584142,-0.0037073782311129,0.0,-0.0169086868094428,软件服务,-0.4872517303689342,-0.4295046043788766,0.9984871015260196,0.0482572463375409,True,0,0,0.0047682108141916,0,0.4883279774358045,0.4883279774358045,-0.03593540884261981,-0.036899232477868305,-0.03786209301180754,-0.038823991887285914,-0.04074491041985784,维宏股份,软件服务,创业板
20260306,2026-03-06,688109.SH,124.50287979654424,09:40,stop_loss,-0.030640351359582,0,0.0015286829189797,-0.0041599999999999,0.0050056515420635,0.0005626557350695,0.001367548869761,-0.0007224853496025,0.0038471909749797,-0.0120634920634919,0.0168273157980722,0.0292435876490768,0.1630914933172656,406.5701343240828,17.568370760502,0.0057124466972402,0.0214497041420118,-0.0760481712756467,-0.1072403390317482,0.0319680294584231,-0.1441552756153309,-0.0023332528763376,11.664040112139473,0.0,17.37969762183609,0.0006312100163269,-0.0027942336631851,0.0006312100163269,-0.0351584299621751,-0.044123293351558,-0.0316909625527017,1588,0.0095108695652172,0.6998979244641035,0.0,0.3987750935692412,28.205423404381055,0.0479590262576602,9.176436405601316e-05,0.0097405481383358,0.0002230355873536,0.0030730850727976,软件服务,-0.0731154613338486,0.3073339264024802,0.2458770364212037,0.9498410611082214,True,0,0,0.004795902625766,0,0.4858241736903061,0.4858241736903061,-0.02869920563013939,-0.029670263660001694,-0.030640351359581985,-0.03160947018255833,-0.03354480699890905,品茗科技,软件服务,科创板
20260309,2026-03-09,688560.SH,17.0074359169537,10:30,time_exit,0.0246655062204022,1,-0.0128205128205127,0.0204819277108434,-0.0029429075927014,-0.0041152263374485,0.0,-0.0070339976553339,0.0129429260403906,-0.0081967213114751,0.036085626911315,0.0446483180428132,0.0832594999879069,377.9551450198077,18.264066383421245,-0.0326340326340325,0.0029222676797195,-0.038655462184874,-0.1398496240601503,0.0497101843073588,-0.2954073389211427,-0.0326340326340325,13.692025672614497,0.0,16.46228875057384,0.0005773427192949,-0.0009341063627778,0.0005773427192949,-0.0388107126645483,-0.0798978871326924,-0.1260833677259595,2402,-0.0110669017947344,0.2704530087897228,-0.0018315018315018,0.2231237322515213,28.41793542840597,0.0523415846998847,-0.000342631687193,-0.0057266337523696,0.0,-0.0398532467998633,电气设备,-0.5365245850529533,-0.2864204233017016,1.2469447173058228,0.5749012186159395,False,1,1,0.0052341584699884,1,0.4381114840562181,0.4381114840562181,0.026717402102695686,0.02569094131578975,0.0246655062204022,0.02364109527991598,0.02159533973251504,明冠新材,电气设备,科创板
20260309,2026-03-09,688323.SH,21.465440889847795,09:40,take_profit_0935,0.0606204668120575,1,-0.0358744394618834,-0.0128558310376493,-0.0073868882733149,-0.0046296296296296,-0.0060101710587147,0.0065543071161049,0.0060694041073949,-0.0182648401826482,0.026252983293556,0.0453460620525059,0.0963494006091826,439.49479900534976,18.350155817325188,-0.0233183856502241,0.0182648401826484,-0.0013434841021047,-0.117530668777206,0.0390666097274645,-0.2562163609817046,-0.0233183856502241,13.254051071460689,0.0,17.033425654280556,0.0037089768462735,-0.0017127789134407,0.0037089257429523,-0.0418040823602816,-0.071033529208434,-0.1154993314820529,1706,-0.0110669017947344,0.2704530087897228,-0.0018315018315018,0.2231237322515213,28.41793542840597,0.0617618755338564,-0.0004460620398573,-0.0143742208609811,-0.0005790763790658,-0.0397907475705918,塑料,-0.8983446703467037,-1.5558439666514634,0.8230571424393393,1.674773944854171,False,1,1,0.0061761875533856,1,0.4231582148522837,0.4231582148522837,0.06274436261543581,0.06168188387250617,0.06062046681205757,0.05956010984355453,0.05744256983611207,瑞华泰,塑料,科创板
20260309,2026-03-09,002062.SZ,8.505687791465617,09:40,take_profit_0935,0.0222155228850027,1,-0.0608407079646016,-0.0417607223476297,-0.0035211267605632,-0.0011764705882352,-0.0011764705882352,-0.0070175438596491,-0.010224833076022,-0.0439189189189189,0.0047337278106509,0.0508875739644971,0.1325315963392068,1062.7902682152635,19.143624168465255,-0.0199115044247787,0.0089285714285711,0.0100558659217877,-0.1076011846001976,0.0281669645876313,-0.202646684187428,-0.0188053097345132,14.142606892145295,0.0,16.81001300559228,0.002198862815739,-0.0015668540987697,0.002198862815739,-0.066622691292876,-0.1168209716009569,-0.1320349639625824,1723,-0.0110669017947344,0.2704530087897228,-0.0018315018315018,0.2231237322515213,28.41793542840597,0.0388059084002808,-0.0001559195251049,-0.0068517962994903,-0.0001559195251049,-0.0077129631923534,建筑工程,-0.329401627572578,-0.7804627686243861,0.1690708754026315,1.2950474701853856,False,1,1,0.003880590840028,1,0.4214287012983789,0.4214287012983789,0.02426251266800139,0.023238506156961103,0.022215522885002725,0.021193561319183374,0.019152697189487977,宏润建设,建筑工程,主板
20260309,2026-03-09,600429.SH,5.1735027087614425,10:30,time_exit,0.0070795827842449,1,-0.0281954887218045,-0.0189753320683111,-0.0076775431861804,-0.0038535645472062,-0.0019305019305019,-0.0038535645472062,-0.0103682373867316,-0.0318352059925093,0.001937984496124,0.0348837209302324,0.1408561560967327,994.2136049137058,18.10318057804598,-0.0093984962406016,0.0390625,0.0056710775047259,0.0114068441064638,0.0174048803107718,0.2979186061082368,-0.0075187969924812,13.193710542033712,0.0,17.16655224494444,0.0325156739730064,0.0,0.0325157750745566,-0.0088190184049078,-0.0101474248516177,-0.024067956583294,2310,-0.0110669017947344,0.2704530087897228,-0.0018315018315018,0.2231237322515213,28.41793542840597,0.0385241747589912,-0.0005427982893901,-0.0149398092057989,-0.0002719230812678,-0.0239565873057964,乳制品,-2.4147313094115916,-2.326171570093772,0.467299707734978,2.0163203970379815,False,1,1,0.0038524174758991,1,0.4205542158882034,0.4205542158882034,0.009096262799832777,0.008087418748045971,0.00707958278424492,0.006072753398185471,0.004062108333383163,三元股份,乳制品,主板
20260309,2026-03-09,688625.SH,60.87844748459286,09:40,take_profit_0935,0.0269753529416969,1,-0.079271070615034,-0.0753393320115904,-0.009313725490196,-0.0076923076923076,-0.0063913470993116,0.0023144321375434,-0.0160389953449309,-0.0754803293687099,0.0162587998659069,0.0992289641300705,0.0849628830162506,818.5343759696855,19.38586342910098,-0.0042520880789673,-0.0187751452838623,-0.0448215839860749,-0.0981922760887428,0.0359610270864642,-0.2766143019115515,-0.0041002277904327,10.580225840562024,0.0,17.32749804474934,0.0036676690880602,-0.0030061192421146,0.0036676690880602,-0.1185193800703672,-0.1418259023354565,-0.1197990766818616,2381,-0.0110669017947344,0.2704530087897228,-0.0018315018315018,0.2231237322515213,28.41793542840597,0.0649186804647856,-0.0006535606385865,-0.0181236729568876,-0.000543027275915,-0.0732859794935007,化工原料,-1.487263221499676,-1.3159938277491947,0.5856054962176507,1.0569075398882808,False,1,1,0.0064918680464785,1,0.4182072530259249,0.4182072530259249,0.029031874299277227,0.028003099618647997,0.02697535294169695,0.025948632728343135,0.02389826554747243,呈和科技,化工原料,科创板
20260309,2026-03-09,301043.SZ,53.94898571951666,09:40,take_profit_0935,0.0171715280767905,1,-0.0273873873873874,-0.0221014492753623,-0.0049769585253456,0.00074156470152,-0.0012950971322849,0.0040922619047618,0.0037865521423277,-0.0273873873873874,0.0208018154311648,0.0495461422087746,0.0775945396183206,564.8260481491834,17.936360584502598,-0.0054054054054053,0.0056169595941293,0.0133284644878581,-0.0922473012757605,0.0371336357521439,-0.0860428370446156,-0.0169369369369368,13.190986047041696,0.0,16.366120728139617,0.0005657651343907,0.0,0.0005658884216285,-0.0285076668346412,-0.083546968642298,-0.131085660015936,2594,-0.0110669017947344,0.2704530087897228,-0.0018315018315018,0.2231237322515213,28.41793542840597,0.0407683359966232,5.7541371611648934e-05,-0.0096847141058974,-0.0001004924657406,0.0075984240964735,机械基件,0.5222340927533234,-0.8044145544365521,0.0553604502673723,0.4681260539923763,False,1,1,0.0040768335996623,1,0.4058108894646782,0.4058108894646782,0.019208417244403586,0.018189463565578823,0.017171528076790565,0.016154609252660324,0.014123815512079307,绿岛风,机械基件,创业板
20260309,2026-03-09,002910.SZ,11.900640046975925,09:50,take_profit_0945,0.009726582299008,1,-0.0270049099836333,-0.0132780082987552,-0.0050209205020919,-0.0008403361344537,-0.0016792611251049,0.0,-0.0064523242386245,-0.0246103363412631,0.0067739204064352,0.0321761219305671,0.0926228017495164,529.1031158364776,18.16877220507985,-0.013911620294599,0.0570934256055364,0.065387968613775,0.0132669983416251,0.0214210384396294,-0.3595979051485992,-0.0098199672667758,14.06190180726283,0.0,17.06102288124223,0.0171602322317529,0.0009914514512626,0.0171601555355781,0.0193758573388203,0.0019381478048368,-0.0190578335120864,2398,-0.0110669017947344,0.2704530087897228,-0.0018315018315018,0.2231237322515213,28.41793542840597,0.0377854861601913,-7.78342871844673e-05,-0.0097702601626205,-0.0001555378702762,-0.0074615097600108,乳制品,0.0983967549595889,-1.25380878536976,1.5791362782964724,0.0800692095911392,False,1,1,0.0037785486160191,1,0.4047981420134102,0.4047981420134102,0.011748562939406515,0.010737067250389254,0.009726582299008024,0.00871710657104896,0.006701176743649784,庄园牧场,乳制品,主板
20260309,2026-03-09,688719.SH,41.24082336000755,09:40,take_profit_0935,0.0348987328136025,1,-0.0245921021518089,-0.013157894736842,-0.0033824595312877,-0.0033824595312877,-0.0016940948693127,0.0107816711590296,0.0145369982546865,-0.013157894736842,0.03125,0.0449999999999999,0.0472745689908555,413.3314259775953,18.223607514288,-0.011586663513833,0.0192817546396721,-0.020384526291406,-0.0963675213675213,0.0285894757961641,0.3576663439281802,-0.011586663513833,11.444004019503806,0.0,16.642164404893187,0.006456596828932,-0.0035864176179718,0.006456596828932,-0.0421233512911015,-0.0795081784303662,-0.0996595075955997,1830,-0.0110669017947344,0.2704530087897228,-0.0018315018315018,0.2231237322515213,28.41793542840597,0.0529477996757819,-0.0001599043164706,-0.0065819623307017,-8.008760477637818e-05,-0.0502784273764365,电气设备,-0.3965585231849663,-0.3590676733206047,-0.2282580550591051,-0.7811217382195117,False,1,1,0.0052947799675781,1,0.3918858912246113,0.3918858912246113,0.036971120764167864,0.03593440882138954,0.03489873281360256,0.03386409118884459,0.03179790489605039,爱科赛博,电气设备,科创板
20260309,2026-03-09,301189.SZ,42.67091286307054,10:30,time_exit,0.0180316487632281,1,-0.0083779380963462,0.0018810251587113,-0.0081471135940409,-0.0067599067599067,-0.0023413720440178,0.0047158688988446,0.0061175165699434,-0.0154805914972273,0.0213326941514861,0.0373921380632791,0.0638756377137723,299.5275138666391,17.863455394141795,-0.0102397021177564,0.0238265427686443,0.0326844508531602,-0.0234090909090909,0.035343082663551,-0.3995503325502316,-0.0102397021177564,13.339472759683948,0.0,16.172460893079126,0.0083251199387002,-0.0008201911586061,0.0083251199387002,0.0113452957372068,0.0036036460418775,-0.0088277370055478,2862,-0.0110669017947344,0.2704530087897228,-0.0018315018315018,0.2231237322515213,28.41793542840597,0.032169443265236,-0.0004317933551746,-0.0158535510281508,-0.0001495566324368,-0.0805944007600291,IT设备,-2.3796855909808707,-2.1147694515072777,1.288082701289858,-0.5452468514407022,False,1,1,0.0032169443265236,1,0.3918233603795045,0.3918233603795045,0.02007026032520698,0.01905044501870834,0.01803164876322816,0.017013870032097866,0.014981359051446708,奥尼电子,IT设备,创业板
20260309,2026-03-09,001221.SZ,64.17811715481172,09:40,take_profit_0935,0.0278175100231192,1,-0.0323551542513168,-0.0192190359975595,-0.0009322560596644,-0.0006216972334474,0.0012457178449081,0.0057875801658062,0.0050044787530161,-0.0227963525835865,0.0206349206349205,0.0444444444444445,0.0802012918680502,309.78973579436826,18.192005775518588,-0.0133935289691496,0.0152788388082505,-0.0157013775736928,-0.0463547646383467,0.0319340963866701,-0.4794550091442459,-0.0102332580887886,12.480654280749429,0.0,16.64048395019953,0.0045182476396126,-0.0002173073557074,0.0045182476396126,-0.0405562684651885,-0.0738873685726632,-0.0881243441018804,2917,-0.0110669017947344,0.2704530087897228,-0.0018315018315018,0.2231237322515213,28.41793542840597,0.0337282289754473,-4.986092127327466e-05,-0.0018140865280192,9.990818046471487e-05,-0.0062044832143091,家居用品,-0.8883321907407976,-0.0657650830539797,0.3375812390532085,0.2878610231069656,False,1,1,0.0033728228975447,1,0.3913782170313066,0.3913782170313066,0.02987571780289011,0.028846099489665544,0.027817510023119274,0.026789947861907804,0.024737899305494748,悍高集团,家居用品,主板
20260310,2026-03-10,001270.SZ,121.19,09:40,take_profit_0935,0.0120941318775975,1,0.0499913359902963,0.0232185072610604,0.0,0.0,0.0,0.0024815948382828,0.0047834948682798,0.0,0.0313164837035144,0.0313164837035144,0.0036302917993418,18.80780750579413,20.32427690596038,0.0261653093051463,-0.0412824985463908,-0.0664833387253316,-0.1575182481751824,0.0371578882705528,-0.391273853175522,0.0275515508577368,17.115012723728235,0.0,18.76125621051407,0.0138053377636239,-0.0014404540138052,0.0138053462339929,-0.0128213482779968,-0.0623089838521234,-0.0988820605479278,624,0.0139627721301582,0.8069877883310719,0.0015603695948577,0.6882632293080054,28.305580350268745,0.0327084183898909,0.0,0.0,0.0,0.0,半导体,-0.5711283558727963,-0.5242372151567691,0.2847647694411598,-2.4233832887531483,True,1,1,0.003270841838989,1,0.5693818034621154,0.5693818034621154,0.014120853543434952,0.01310698615673811,0.012094131877597558,0.011082289188248717,0.009061632523013508,铖昌科技,半导体,主板
20260310,2026-03-10,002825.SZ,11.132539089055063,10:05,not_recovered_1000,-0.0046812165547759,0,0.0258302583025828,0.0183150183150182,0.0,-0.0008984725965859,0.0,0.006334841628959,0.0076359087175987,-0.0017953321364453,0.0248847926267281,0.0267281105990784,0.1104397772577327,1057.1331518341133,17.803610564621135,0.0073800738007379,-0.0136487716105551,0.0343511450381679,-0.0036764705882353,0.0169636531603172,-0.0059321583172688,0.0073800738007379,13.63708455563569,0.0,16.05135324384716,-0.0125361686264942,-0.0023159974502162,-0.0125361686264942,0.0378943438491692,0.0183150183150182,0.0204175269557236,2946,0.0139627721301582,0.8069877883310719,0.0015603695948577,0.6882632293080054,28.305580350268745,0.0311422359203452,-9.9227113439127e-05,0.0,0.0,-0.0068880261487311,化工原料,-0.9340716433633416,-0.2163568177990965,-1.1620096676112388,0.9681318520772052,True,0,0,0.0031142235920345,0,0.4359116393600419,0.4359116393600419,-0.0026880875766629453,-0.003685150223424527,-0.0046812165547759355,-0.005676288063324542,-0.0076634525675501886,纳尔股份,化工原料,主板
20260310,2026-03-10,301092.SZ,37.96973039215686,10:05,not_recovered_1000,-0.0096867186060138,0,0.0278755074424896,0.0209677419354836,0.0029046738843412,0.002375296912114,0.0018464785017144,0.0093010895562049,0.0088968564422939,-0.0005263157894738,0.0242718446601941,0.0248112189859763,0.1036956114430239,675.7616256140029,17.918206301794566,0.006765899864682,-0.0375097681687939,-0.0224867724867723,-0.0704402515723269,0.0267354212970693,0.0451049269766994,0.0092016238159673,13.729849178408818,0.0,16.87654372884824,-0.01397366107533,0.0032997845369466,-0.01397366107533,0.0057197330791229,-0.0202502257190765,0.0150059462565306,2818,0.0139627721301582,0.8069877883310719,0.0015603695948577,0.6882632293080054,28.305580350268745,0.0385742609881143,0.0002463078656603,0.0056522343912355,0.0001914717172516,0.0192027581609725,化工原料,0.2371914437065038,0.3877892686244552,-0.2876151205606094,0.7370841706579476,True,0,0,0.0038574260988114,0,0.4346240653669348,0.4346240653669348,-0.007703613161420209,-0.008695661536165078,-0.009686718606013778,-0.010676785856067572,-0.012653956822376022,争光股份,化工原料,创业板
20260310,2026-03-10,002893.SZ,11.687127095562255,09:50,weak_open,-0.0090232211385549,0,0.0147826086956521,0.0147826086956521,0.0008576329331047,0.0,0.0,-0.001710863986313,0.0026954715235931,-0.0051150895140665,0.0183246073298428,0.0235602094240836,0.1229304684823649,969.020304931586,17.930446374343127,0.0,-0.0120274914089347,0.0258697591436216,-0.0008688097306689,0.0157181558069599,0.2186065600332964,0.0008695652173913,12.982981762695433,0.0,16.753341938108566,-0.0132053903235751,-0.0010179155041089,-0.0132053903235751,0.0224285964604871,0.0096902578300741,0.0077720207253886,2406,0.0139627721301582,0.8069877883310719,0.0015603695948577,0.6882632293080054,28.305580350268745,0.0294198408739562,0.0,0.0016688766286925,0.0,0.0,供气供热,-0.4409494155408273,-0.1771775415372896,-1.4075618511066723,1.784306520436106,True,0,0,0.003,0,0.4196184602121374,0.4196184602121374,-0.007038787038206706,-0.008031500072909759,-0.009023221138554915,-0.010013951721238201,-0.011992447367275338,京能热力,供气供热,主板
20260310,2026-03-10,603680.SH,14.997735732009923,10:05,not_recovered_1000,-0.0090978251075524,0,0.023890784982935,0.009421265141319,0.0060362173038228,0.0060362173038228,0.0,0.0046885465505692,0.0023330449525393,-0.0105540897097625,0.0183299389002036,0.0291921249151392,0.1183655961592997,1207.774022702053,18.05762873828064,0.014334470989761,-0.0566645202833225,0.0266292922214437,-0.0180965147453082,0.0251527563035323,0.4388057603024582,0.0156996587030717,12.825993004071108,0.0,16.717490749848373,-0.0421920528260027,-0.0004161485886294,-0.0421920528260027,0.0206859009254218,0.0050924685071025,0.0061374383740819,2685,0.0139627721301582,0.8069877883310719,0.0015603695948577,0.6882632293080054,28.305580350268745,0.0575371450920773,0.000714480459714,0.0117459365134122,0.0,0.0436251313286967,运输设备,1.4475687167812386,0.955131359265708,0.1689851073672135,0.7960632758296993,True,0,0,0.0057537145092077,0,0.4190912724347554,0.4190912724347554,-0.007113540401885499,-0.00810617870190855,-0.009097825107552415,-0.010088481104801095,-0.01206682780322299,今创集团,运输设备,主板
20260310,2026-03-10,300701.SZ,12.684971698113207,10:05,not_recovered_1000,-0.0083641756733936,0,0.0325732899022801,0.0201126307320997,0.0015797788309637,0.0023715415019762,0.000789265982636,0.0087509944311852,0.0070591035683003,-0.0007880220646178,0.0242326332794828,0.0250403877221323,0.1167255415459737,835.676935199026,17.638333866503668,0.0122149837133551,-0.0072756669361357,0.0241868223519599,-0.0376175548589342,0.0227406221348718,0.0844673376853852,0.0122149837133551,12.664231400407989,0.0,16.0810232553974,-0.0099582687641426,0.0,-0.0099582687641426,0.0357784675706582,0.0025300442757747,0.0005918327086209,2970,0.0139627721301582,0.8069877883310719,0.0015603695948577,0.6882632293080054,28.305580350268745,0.035010216400806,0.0002768194661169,0.003074107660435,9.212749924701005e-05,0.0173452704970917,元器件,0.3453127059344024,-0.1393229628258712,-0.6648397521293773,1.219042885610287,True,0,0,0.0035010216400806,0,0.4180682376605665,0.4180682376605665,-0.006378421832439307,-0.007371795067298126,-0.008364175673393648,-0.009355565137810218,-0.011335376575106082,森霸传感,元器件,创业板
20260310,2026-03-10,002363.SZ,8.992645397141908,10:05,not_recovered_1000,-0.0096243611965449,0,0.0286041189931349,0.0192743764172336,0.005592841163311,-0.001111111111111,0.0,0.0101123595505618,0.0074375449852477,-0.0044296788482833,0.0215909090909089,0.0261363636363634,0.2909036409726339,2337.5679166571313,18.031855596590535,0.0091533180778031,-0.0124293785310733,0.0330969267139478,-0.0068181818181818,0.0164234215377576,-0.1610106813081485,0.0091533180778031,12.489038614628246,0.0,16.17429610054144,-0.0088738519369897,0.0,-0.0088759520522994,0.0397871848253525,0.016163671301006,0.0014481452601091,2102,0.0139627721301582,0.8069877883310719,0.0015603695948577,0.6882632293080054,28.305580350268745,0.0297577733975979,-0.0003232262677473,0.0108831663817412,0.0,-0.0035738118332582,汽车配件,-0.7732723074401743,0.7016647281757511,-0.611340690735501,4.487784400041531,True,0,0,0.003,0,0.4179057307990268,0.4179057307990268,-0.0076411308810436784,-0.008633241722452278,-0.009624361196544862,-0.010614490788516062,-0.012591786252053705,隆基机械,汽车配件,主板
20260310,2026-03-10,300546.SZ,24.477547952306896,10:30,time_exit,-0.0005023897463557,0,0.0115702479338843,-0.0008163265306122,0.0016366612111291,-0.0020383204239706,-0.0008163265306122,0.0020466639377814,0.0001013504594553,-0.011707710940654,0.0107349298100742,0.0227085053674649,0.1596633038836667,1295.747347912151,18.312955855366475,0.0123966942148761,-0.0110339190845933,0.0198061525495152,-0.0106295993458708,0.0140556583499331,0.0474380400454654,0.0136363636363636,13.979674966917871,0.0,16.902256421458564,-0.0154451684450057,-0.0022788169696158,-0.0154452626693997,0.0165268665393238,-0.0031761544099682,0.0030320413013193,2659,0.0139627721301582,0.8069877883310719,0.0015603695948577,0.6882632293080054,28.305580350268745,0.0344756250822832,-0.0003254449732647,0.0031847956613013,-0.0001303373909254,-0.0113452239823581,IT设备,-1.085906485355723,0.1736552264502673,-1.0299454458999353,1.7421328654495267,True,0,0,0.0034475625082283,0,0.4173015483144214,0.4173015483144214,0.0014991073455163928,0.0004978585503698785,-0.0005023897463556359,-0.0015016390435337312,-0.003497146619789282,雄帝科技,IT设备,创业板
20260310,2026-03-10,605133.SH,29.174716210698243,10:05,not_recovered_1000,-0.005203200587554,0,0.0314154606424286,0.0256230256230256,0.0075862068965517,0.0086296168450121,0.0048143053645117,0.0117728531855956,0.0112066565148032,-0.0020491803278689,0.0256230256230256,0.0277290277290278,0.1627471031782098,909.990076482424,18.31166411953341,0.0056477232615601,-0.023103448275862,-0.0024647887323944,-0.0506032171581769,0.018973255401473,-0.2758764832092734,0.0077656194846453,13.038233662616909,0.0,16.640109305053954,-0.0104172538310645,0.0019009800865833,-0.0104172538310645,0.0229659711524996,-0.0171874474454274,-0.0506205731366561,1598,0.0139627721301582,0.8069877883310719,0.0015603695948577,0.6882632293080054,28.305580350268745,0.0321445771108556,0.0014044451430636,0.0147620769928334,0.0007835142518896,0.0472216341322621,汽车配件,1.8055255995511408,1.0962065937045475,-0.3915622808372069,1.554704830888513,True,0,0,0.0032144577110855,0,0.4141589287108253,0.4141589287108253,-0.0032111168840999182,-0.004207656632278733,-0.005203200587553969,-0.00619775024175051,-0.008183872599320186,嵘泰股份,汽车配件,主板
20260310,2026-03-10,605167.SH,17.94856294536817,09:50,weak_open,0.0049529634556462,1,0.0199089874857794,0.0073033707865168,0.0,0.0016759776536312,-0.0011142061281337,0.0050448430493272,0.0017444881231707,-0.0132085855806275,0.0222348916761687,0.0359179019384265,0.0953319036941525,596.4689954635271,18.078580682792676,0.012514220705347,-0.0568669527896996,-0.0095774647887324,-0.0367123287671233,0.0298266771963092,0.0548261253606086,0.0119453924914676,11.827619409668808,0.0,16.79917943445235,-0.016340610571795,0.0007928435609271,-0.016340610571795,-0.003002669039146,-0.0011142061281337,0.0015360983102918,2355,0.0139627721301582,0.8069877883310719,0.0015603695948577,0.6882632293080054,28.305580350268745,0.0559061673163616,0.0001597741402695,0.0,-0.0001062193913026,0.0145317782846606,建筑工程,0.0480478446257804,0.0,0.2810085419202548,0.2714737074405584,True,1,1,0.0055906167316361,0,0.413263469303466,0.413263469303466,0.0069653849093744835,0.005958671202891841,0.00495296345564622,0.003948260160582473,0.0019418609138175391,利柏特,建筑工程,主板
20260311,2026-03-11,300738.SZ,24.959245346139973,10:30,time_exit,-0.0118572046317809,0,-0.0142236270248913,-0.0016006402561024,-0.0047865975269246,-0.0055799123156636,0.0,-0.0083465818759936,-0.0141487893385933,-0.0288049824834566,0.0008022462896108,0.0304853590052147,0.0676619871019795,686.411249233391,21.650043194257925,-0.0126432240221256,0.0201531640467553,0.0975715524718126,0.0886021505376344,0.0537800566885083,-0.0799708085486767,-0.0138285262741998,17.313156546328397,0.0,20.222547149658077,-0.0002728689476756,0.0009744529641402,-0.000272785168447,0.0469117153407183,0.0255672476159158,0.032100603954662,336,-0.0048678720445062,0.3734369719499831,0.0,0.454883406556269,28.36907001470295,0.063743653218717,-0.0003775479551326,-0.0093142887070857,0.0,-0.0636525876281177,软件服务,-1.4702137089433087,-1.1636886108180262,1.6230416560365148,-0.4064627526887519,True,0,0,0.0063743653218717,0,0.3655750977491453,0.3655750977491453,-0.009878445592245155,-0.01086831967813151,-0.01185720463178086,-0.012845101935039849,-0.014817939502984823,奥飞数据,软件服务,创业板
20260311,2026-03-11,300005.SZ,14.983851903597625,10:30,time_exit,0.0143708863392417,1,-0.0138339920948615,-0.0222077073807968,-0.0033288948069239,-0.0033288948069239,-0.002,-0.0177165354330708,-0.010718746526263,-0.0279220779220779,0.0040241448692153,0.0328638497652582,0.1105826811144326,788.826300705017,19.694536452288773,0.0085638998682477,0.0174262734584449,0.0743099787685774,0.0999999999999998,0.0262344402374786,-0.1470686213076639,0.0,14.987177514732297,0.0,18.127249599610877,0.0066488251605937,-0.0010224831109893,0.0066488251605937,0.027735823149801,0.0384295227524971,0.0422250844153584,1039,-0.0048678720445062,0.3734369719499831,0.0,0.454883406556269,28.36907001470295,0.0501585095108136,-0.0003681181128975,-0.0064777301899309,-0.0002211653622288,-0.0254926210621055,服饰,-1.7811972496316688,-2.239275600398857,0.5590893441357501,0.6657426242963166,True,1,1,0.0050158509510813,1,0.3542337291873277,0.3542337291873277,0.016402167213012353,0.015386019082831881,0.014370886339241773,0.01335676746106329,0.011331565231405882,探路者,服饰,创业板
20260311,2026-03-11,600126.SH,9.072685933014354,10:30,time_exit,0.0093826240475198,1,-0.0119825708061001,-0.008743169398907,-0.0032967032967031,-0.0022002200220021,-0.0022002200220021,-0.0076586433260393,-0.009794990129607,-0.0226293103448275,0.0011037527593817,0.0242825607064016,0.0769797709739451,477.25670772444,20.509788267893825,-0.003267973856209,-0.0107758620689655,0.0443686006825938,-0.0021739130434782,0.0377240944710057,0.137966277950525,-0.0010893246187363,15.35049234533877,0.0,19.196699669084612,-0.0063388107998013,-0.000115761233032,-0.0063383621439047,-0.0028583992963939,-0.0158420138888887,0.0008275862068964,891,-0.0048678720445062,0.3734369719499831,0.0,0.454883406556269,28.36907001470295,0.0592350270831877,-0.000169372433386,-0.0064150884034788,-0.000169372433386,-0.022687412023207,普钢,-0.7002624618094678,-1.013095887264075,1.2843949463814095,0.0391516378369851,True,1,1,0.0059235027083187,1,0.353068861354305,0.353068861354305,0.01140391591044354,0.010392764782315211,0.009382624047519883,0.008373492192359944,0.006358249081257039,杭钢股份,普钢,主板
20260311,2026-03-11,002738.SZ,78.31386903922208,09:50,weak_open,-0.0144199747920622,0,-0.0223386996131286,-0.0098584428715874,-0.0060898249175335,-0.0039415130324221,0.0010222335803731,-0.009482867619168,-0.012729802448031,-0.0280397022332504,0.0023029682702149,0.0312180143295803,0.1284946344669641,1111.426126040305,21.271191840238576,-0.0126045176588043,0.0143037974683544,-0.0045962732919254,-0.0131773399014779,0.0363814124830734,-0.1664494611890987,-0.0124797204542618,16.675541848175826,0.0,19.253679912398468,-0.0025198413896167,-0.0001101361454703,-0.0025198361758246,-0.0214349955031477,-0.0684012747942729,-0.0657460078947681,169,-0.0048678720445062,0.3734369719499831,0.0,0.454883406556269,28.36907001470295,0.0458762643674669,-0.0005064632763478,-0.0118502521129984,0.0001313515302499,-0.0265431343467097,小金属,-1.482602075748461,-1.8670965022362351,-0.0507102410598826,2.7310366553082774,True,0,0,0.0045876264367466,0,0.3514244039020961,0.3514244039020961,-0.012446347707791072,-0.01343365453337697,-0.014419974792062251,-0.015405309961850078,-0.017373030931997713,中矿资源,小金属,主板
20260311,2026-03-11,002471.SZ,9.187310403582902,10:05,not_recovered_1000,-0.0029122787511505,0,-0.0223404255319149,-0.0150053590568061,-0.0043336944745396,-0.0043336944745396,-0.001086956521739,-0.0075593952483801,-0.0084247412538259,-0.0285412262156449,0.0032751091703056,0.0327510917030569,0.0942749071806331,466.2644195125257,21.096049916513273,-0.0074468085106382,-0.023883696780893,0.0398230088495576,0.1691542288557215,0.0569942787201202,-0.2049533036068624,-0.0085106382978723,16.10209605328902,0.0,19.8766051885232,-0.0107620337655583,-0.0038817485872188,-0.010761820388095,0.0116688683399384,0.016592920353982,-0.0080949811117106,181,-0.0048678720445062,0.3734369719499831,0.0,0.454883406556269,28.36907001470295,0.0729886698550524,-0.0004085586443364,-0.0084329800609117,-0.0001024727251963,-0.0379234127724073,电气设备,-0.8973712142100914,-0.930843593699238,1.8674480104514215,1.0070931930163278,True,0,0,0.0072988669855052,0,0.3507502861908997,0.3507502861908997,-0.0009156074695509941,-0.0019144421534105227,-0.002912278751150521,-0.003909118758031682,-0.005899814965337646,中超控股,电气设备,主板
20260311,2026-03-11,688582.SH,66.05885196244817,10:05,not_recovered_1000,-0.0139971158358488,0,-0.0160881870996573,-0.0160881870996573,-0.0028683574879226,-0.0030188679245283,-0.0004539951573849,-0.0159415971394518,-0.0116381484538011,-0.0281047675103001,0.001060927553804,0.0300090936647468,0.0720418305593791,603.1854559269952,19.53766722515664,0.0,0.0217656012176559,0.1205141044900683,0.124643993968839,0.0286819755810481,0.325610640329987,-0.0043199761656486,13.110321160081542,0.0,18.227202005279818,0.0214064881838547,-0.0055501076981862,0.0214065167737938,0.0445660425101215,0.032321590447313,0.0241739157401805,969,-0.0048678720445062,0.3734369719499831,0.0,0.454883406556269,28.36907001470295,0.0502785325711916,-0.0002174847715,-0.0055815659468675,-3.2706642203107324e-05,-0.0327988687989071,元器件,-0.4079345756371572,-0.5056691355811644,-0.289318040320574,0.0985362284882,True,0,0,0.0050278532571191,0,0.3498190932259106,0.3498190932259106,-0.01202264197519487,-0.013010372400613313,-0.013997115835848839,-0.014982873759538773,-0.01695143897207596,芯动联科,元器件,科创板
20260311,2026-03-11,601369.SH,12.264273733255678,10:30,time_exit,0.0011246357430341,1,-0.0128824476650564,-0.0032520325203252,-0.0056772100567721,-0.0056772100567721,-0.0032520325203252,-0.0168404170008019,-0.008891807560221,-0.0231075697211156,0.0008163265306122,0.0244897959183674,0.1241708336330871,1575.335019684744,19.529238752901957,-0.0096618357487922,0.0264462809917356,0.0507614213197968,0.0856643356643356,0.0268912532742335,0.2720971223829751,-0.001610305958132,13.93411192536255,0.0,18.53768978877733,0.0169117151640562,-0.0020173218770323,0.0169117151640562,0.0285234899328858,0.0412773908612196,0.0791778530874522,2476,-0.0048678720445062,0.3734369719499831,0.0,0.454883406556269,28.36907001470295,0.0452826780200131,-0.0007049439054595,-0.0110473406677917,-0.0004038075890506,-0.0393783535386953,机械基件,-0.8221221551621176,-0.8935448766350719,-0.3743740977648636,1.9037061205293289,True,1,0,0.0045282678020013,0,0.3491817242561638,0.3491817242561638,0.0031293909585394797,0.002126512287248694,0.0011246357430341192,0.0001237598245813487,-0.0018749961253144987,陕鼓动力,机械基件,主板
20260311,2026-03-11,688498.SH,900.9358602264208,10:30,time_exit,-0.0070448209239021,0,-0.0180201773690976,-0.0095384615384614,-0.0090484305425758,-0.00779392338177,-0.0017609728544372,-0.0009532465805048,-0.0092977902544039,-0.0224188982526925,0.0014666666666667,0.0244333333333333,0.1345685262622196,879.2060166906061,21.47862506528347,-0.0085633974680234,0.1383604117574104,0.0747775175644027,0.0489828571428572,0.0540970802285862,-0.0493341907162087,-0.0095548340705553,16.662794629282455,0.0,20.349992321873604,0.0352642698824687,-0.005380307113202,0.0352643147001408,0.0442556208739901,0.070691639809886,0.122975064102724,124,-0.0048678720445062,0.3734369719499831,0.0,0.454883406556269,28.36907001470295,0.0821049140865974,-0.0010488167832854,-0.0176074328258204,-0.0002369715218093,-0.0504237413025986,半导体,-2.0999488091947422,-2.1022807541212916,1.866092526874665,2.0603720290024885,True,0,0,0.0082104914086597,0,0.3480347269781654,0.3480347269781654,-0.005056425070933845,-0.006051119972137586,-0.007044820923902129,-0.008037529415290567,-0.010019974958332512,源杰科技,半导体,科创板
20260311,2026-03-11,300170.SZ,25.583148591451156,09:40,take_profit_0935,0.0068244910232897,1,-0.0379984951091044,-0.0165384615384615,0.0011746280344557,0.0007827788649705,0.0,-0.0085304381543233,-0.0041323881418279,-0.0233002291825821,0.0074862096138692,0.0315208825847124,0.0725534546050114,963.786383922349,22.05098878573754,-0.021820917983446,-0.0074682598954444,0.1881984801072864,0.1834372217275155,0.0592008433914691,0.2398135092968358,-0.021820917983446,18.59590836383632,0.0,20.54772895779879,-0.0271861106582547,-0.0057330429487345,-0.0271869074389813,0.0592377796188898,0.0619652795082648,0.0427158731776939,116,-0.0048678720445062,0.3734369719499831,0.0,0.454883406556269,28.36907001470295,0.0737011790616974,5.6793310845405266e-05,0.0022857206136124,0.0,0.0084575866812452,软件服务,0.3100807920847667,0.285568456080738,1.9645244610646733,-0.2306207334801313,True,1,1,0.0073701179061697,0,0.3464532044648312,0.3464532044648312,0.008840660216828056,0.007832071703739452,0.006824491023289747,0.005817916665616707,0.0038077808942196256,汉得信息,软件服务,创业板
20260311,2026-03-11,000525.SZ,7.089534419110355,09:50,weak_open,-0.0147135925862187,0,0.004243281471004,0.0085227272727272,-0.002808988764045,-0.002808988764045,-0.0014064697609001,-0.006993006993007,0.0015511723030392,-0.0138888888888889,0.0171919770773638,0.0315186246418337,0.0827881910733444,631.9178914338023,19.9182762085452,-0.0042432814710042,0.0202020202020203,0.0276162790697676,0.1384863123993558,0.0478392468465856,0.3241714517027434,-0.0056577086280056,14.923188945083124,0.0,18.62049047954946,0.0082898373814915,0.0037498507009701,0.0082898551933936,0.0180671063951818,0.048589573179737,0.0930644292202294,2589,-0.0048678720445062,0.3734369719499831,0.0,0.454883406556269,28.36907001470295,0.074501351142741,-0.0002325510985206,-0.0054660397445375,-0.0001164390873042,-0.0273279326614538,农药化肥,-0.4375035844512474,-0.4947086698398535,1.3870620590582692,-0.0001212224803438,True,0,0,0.0074501351142741,0,0.3445131650876403,0.3445131650876403,-0.012740553472499139,-0.013727566165853244,-0.014713592586218738,-0.015698634211158247,-0.017665768970266615,红太阳,农药化肥,主板
20260312,2026-03-12,002283.SZ,8.995561895058584,09:50,weak_open,-0.0036644565450333,0,-0.0354077253218884,-0.0196292257360959,-0.0022197558268589,0.0,-0.0022197558268589,-0.0088202866593164,-0.0134196799269928,-0.0374732334047108,0.005592841163311,0.0447427293064877,0.0782675501745059,413.4135741080317,19.86978780424169,-0.0160944206008584,-0.0401647785787848,-0.0871694417238002,-0.0401647785787848,0.0489455729941825,-0.14300306684287,-0.0171673819742489,14.517199652280922,0.0,18.71964883571928,-0.0014046737364292,-0.0048827420424367,-0.0014045701431008,-0.0790821552960457,-0.1111330828554479,-0.045039303165498,2179,-0.011739756722151,0.2812711291413117,0.0006138130607362,0.5439486139283299,28.322654830522957,0.0585007716025281,0.0,-0.0043194453919095,-0.0001737348505538,0.0,汽车配件,0.0,-0.8339143975168003,2.1638686915954843,0.1823757575398091,False,0,0,0.0058500771602528,0,0.3711331757851805,0.3711331757851805,-0.001669291501819492,-0.0026673726900207084,-0.0036644565450333344,-0.004660544560989965,-0.00664973903735544,天润工业,汽车配件,主板
20260312,2026-03-12,688510.SH,37.53865179890084,09:40,stop_loss,-0.02808864293377,0,-0.0666998506719761,-0.0671641791044777,-0.0045128749668171,-0.0053050397877985,-0.0026595744680851,0.0059012875536479,-0.0142777364055602,-0.0815576781778103,0.0347682119205297,0.1266556291390728,0.1080894516036721,1195.7942081200658,20.1296608630645,0.0004977600796416,-0.0247572815533981,-0.0007460830639144,0.0430944963655242,0.0482595520355484,-0.0362679714345847,0.0161772025883524,14.423368855371764,0.0,17.988906316782913,-0.0062655316589001,0.0022226610741709,-0.0062655316589001,-0.0645113007034874,-0.099099099099099,-0.0976358058112255,1638,-0.011739756722151,0.2812711291413117,0.0006138130607362,0.5439486139283299,28.322654830522957,0.0719622397678819,-0.0005734188413988,-0.0087816491993472,-0.0002874719457544,-0.0414166796826727,航空,-2.4341562229516556,-1.6584938628066752,1.3374456408025208,1.5576907495023475,False,0,0,0.0071962239767882,0,0.370812885207586,0.370812885207586,-0.02614238740022068,-0.027116001609268192,-0.028088642933770003,-0.029060312831231117,-0.03100074416050891,航亚科技,航空,科创板
20260312,2026-03-12,001288.SZ,33.828243083471264,09:50,weak_open,-0.0082856586849012,0,-0.0342857142857143,-0.0345615538417595,-0.0082159624413146,-0.0058823529411765,-0.0032438808611029,-0.0116959064327486,-0.0126475734143404,-0.0367626104303222,0.0005920663114267,0.0387803433984605,0.2354987508861344,1079.1072107663508,18.03180150521184,0.0002857142857142,-0.0344827586206896,-0.0250696378830083,-0.0245261984392419,0.0267691307215611,-0.5288281789550267,0.0,9.259320994197804,0.0,16.469112280386096,-0.006254393441965,-0.0028376453848589,-0.0062544639267109,-0.0519465948614384,-0.0691269622693474,-0.078039333351518,2725,-0.011739756722151,0.2812711291413117,0.0006138130607362,0.5439486139283299,28.322654830522957,0.032726122647621,-0.0013852867699184,-0.0159875246988113,-0.0007639298908131,-0.0230230203504912,专用机械,-1.1307885698375708,-1.4384668103867642,-0.2795879277904793,6.830587566853879,False,0,0,0.0032726122647621,0,0.3639951790389866,0.3639951790389866,-0.006299747613431772,-0.007293199502845904,-0.008285658684901165,-0.009277126646799694,-0.01125709484409565,运机集团,专用机械,主板
20260312,2026-03-12,002853.SZ,27.4060218579235,10:30,time_exit,-0.0020534761127395,0,-0.0203571428571428,-0.0115315315315315,-0.0025454545454545,0.00402635431918,-0.0010924981791697,-0.0029080334423846,-0.0086331937841305,-0.0307420494699647,0.006605504587156,0.038532110091743,0.1246145298385512,561.5129047536699,18.052749080205885,-0.0089285714285713,-0.0294627383015598,-0.0294627383015598,0.0057471264367816,0.0344845546048985,-0.4908928639943032,-0.0103571428571428,11.622783850030467,0.0,16.182481874249163,-0.0070002638512391,-0.0013963028472562,-0.0070002638512391,-0.0388254257481253,-0.049022327000416,-0.0883257166597424,2063,-0.011739756722151,0.2812711291413117,0.0006138130607362,0.5439486139283299,28.322654830522957,0.0349826058984054,0.000501742250448,-0.0049532258339589,-0.0001361411469467,0.0278419763468797,家居用品,0.4560488981042007,-0.9311716897673048,0.6694043972655606,0.669778549560152,False,0,0,0.0034982605898405,0,0.3630893464036476,0.3630893464036476,-5.508507616935887e-05,-0.0010547800673453844,-0.0020534761127395385,-0.0030511747088998176,-0.005043585524779126,皮阿诺,家居用品,主板
20260312,2026-03-12,605060.SH,57.84541208791209,09:40,stop_loss,-0.027217839348147,0,-0.0485037816507728,-0.033889816360601,-0.0053282915091097,-0.0043014452856159,-0.0006907269901571,-0.0107692307692308,-0.0119179209483043,-0.0423630647029621,0.0081881533101044,0.0527874564459931,0.0849603461898092,473.3594252854653,19.687130068389724,-0.0151266030910884,-0.0501327502733094,-0.0001643925694557,0.0451967692043306,0.0568974282688934,-0.1021747433675631,-0.0167707990792502,13.777581250587485,0.0,18.221720809858702,-0.0067856855487515,-0.0011186433397401,-0.0067856855487515,-0.0596360090997725,-0.0809179703009608,-0.0274848543411955,1941,-0.011739756722151,0.2812711291413117,0.0006138130607362,0.5439486139283299,28.322654830522957,0.0768016992217264,-0.0003654522805824,-0.0103683765247018,-5.868440420639671e-05,-0.0409816225056769,机械基件,-1.342110361176169,-1.257442010565405,1.3880884837826537,1.074685711378446,False,0,0,0.0076801699221726,0,0.3620432546925848,0.3620432546925848,-0.025269840027692836,-0.026244326566030485,-0.027217839348147033,-0.02819037983285322,-0.030132549730722546,联德股份,机械基件,主板
20260312,2026-03-12,002970.SZ,75.8508439383791,09:50,stop_loss,-0.0204575218401819,0,-0.0588527439781476,-0.0504822748340223,-0.0068134171907756,-0.0023690444853909,0.0001319435281699,-0.013791308873276,-0.0190581311962658,-0.0582681078394831,0.0030435357946274,0.0651052004763794,0.0843456085036666,527.0455510106646,19.91132008424742,-0.0088154954060095,-0.0129901960784312,0.0340223391963026,0.0338896020539152,0.0487112009869565,-0.1708760416821675,-0.0067047429848523,14.455170481264522,0.0,18.623312875159307,0.0016344165296961,0.0017136286540055,0.0016344165296961,-0.0377291423348399,-0.0427842602414507,-0.0156355513999272,1273,-0.011739756722151,0.2812711291413117,0.0006138130607362,0.5439486139283299,28.322654830522957,0.0560268448738332,-0.0001998184986925,-0.0132582976612783,1.1128857171612577e-05,-0.0227038254830604,IT设备,-0.9756977759369488,-1.8824469816031324,2.8814891278610144,0.2416275009142657,False,0,0,0.0056026844873833,0,0.3577897866711749,0.3577897866711749,-0.01849598496276561,-0.019477243663127752,-0.020457521840181903,-0.021436820962877023,-0.02339248790632875,锐明技术,IT设备,主板
20260312,2026-03-12,688308.SH,87.93227912862517,09:50,take_profit_0945,0.0239902034823422,1,-0.0496706619155598,-0.0277286787450286,-0.0115678346810422,-0.0024934829423098,0.0038781795368998,-0.0100112485939257,-0.0251017564158574,-0.0827514330380406,0.0354117647058824,0.1288235294117647,0.0663248461689634,1035.2433690952644,20.800804579699346,-0.0225677572616348,-0.028328611898017,0.2058593749999999,0.2250000000000001,0.0589717159464423,0.4313114773336433,-0.0180326098693446,16.388655046496783,0.0,19.11040293492592,0.0046815439728588,0.0016206763684725,0.0046814837308253,0.0278660188732131,0.0916375182952544,0.3136311056382701,2079,-0.011739756722151,0.2812711291413117,0.0006138130607362,0.5439486139283299,28.322654830522957,0.0939419339088326,-0.0001653798725736,-0.0225099669084342,0.0002572196612005,-0.0288848813866334,机械基件,-0.8317167738105384,-2.612388534357333,1.514190389308882,-0.0672753227864265,False,1,1,0.0093941933908832,1,0.3565126665767102,0.3565126665767102,0.026040747068790004,0.025014962767796467,0.023990203482342265,0.022966467676823754,0.020922060378499197,欧科亿,机械基件,科创板
20260312,2026-03-12,001359.SZ,75.90951379763469,09:50,stop_loss,-0.0345184266480017,0,-0.0311264191861206,-0.0307554874936191,-0.0038037775445959,-0.0017087276550998,-0.003411625770896,-0.01183970856102,-0.0183200513135111,-0.0446540880503144,0.0019788918205805,0.0488126649076516,0.1302140113357514,878.2272875420067,18.52286843752935,-0.0003827018752392,0.0011494252873562,0.0051288626747019,0.0370419367641221,0.0394005738165019,-0.3067308695236226,-0.0010205383339711,12.773160448304298,0.0,16.442725589255534,-7.994998562589433e-05,0.0018707280592162,-7.994998562589433e-05,-0.0235278992028799,-0.0319538090928789,-0.0268808938089381,2461,-0.011739756722151,0.2812711291413117,0.0006138130607362,0.5439486139283299,28.322654830522957,0.0341020901472965,-0.0002225002822508,-0.0074018093287779,-0.0004442414768047,-0.011375288096665,矿物制品,-0.8311630732190262,-1.4700239763682383,0.5119310153052787,2.621555660162201,False,0,0,0.0034102090147296,0,0.356359885937736,0.356359885937736,-0.03258504677645835,-0.0335522199363919,-0.03451842664800164,-0.03548366835915051,-0.03741126255706961,平安电工,矿物制品,主板
20260312,2026-03-12,002545.SZ,25.990773755656107,10:30,time_exit,0.0578801655785752,1,-0.0132928218761867,-0.0236753100338218,-0.0045977011494253,-0.0011534025374856,-0.000384763370527,-0.0136674259681093,-0.0181717204984366,-0.0430939226519336,0.0011560693641619,0.0462427745664739,0.0925066517519236,790.4214970544552,20.03573155555447,0.0106342575009494,-0.0003796507213363,-0.0911287538833276,-0.0787263820853744,0.0351564604019191,0.1650449462088983,0.0106342575009494,15.5403203883118,0.0,18.058431302188865,-0.001664757836629,-0.0074278705658665,-0.0016647401128636,-0.0552727272727272,-0.0694175800558778,-0.0413991587336729,1272,-0.011739756722151,0.2812711291413117,0.0006138130607362,0.5439486139283299,28.322654830522957,0.0614714227600094,-0.0001066974068649,-0.0089467133289901,-3.5593171124243434e-05,-0.0102518608413383,农药化肥,-0.5386969553606945,-1.2925967136393153,0.2956059953757336,0.6012826570814852,False,1,1,0.0061471422760009,1,0.3561170402973092,0.3561170402973092,0.05999857392015917,0.05893884027964913,0.05788016557857523,0.056822548230510916,0.05471047926353578,东方铁塔,农药化肥,主板
20260312,2026-03-12,301161.SZ,32.90046904315197,10:30,time_exit,0.0081772572879341,1,-0.0394390885188429,-0.0329411764705881,-0.0039382005452891,-0.0048426150121064,-0.0006079027355622,-0.0009115770282587,-0.0124630847571445,-0.0458502611723736,0.0024390243902441,0.0506097560975611,0.0864801803541023,783.4660553781458,18.388554023228576,-0.006719252118025,-0.015247410817031,-0.0020408163265306,0.0067647058823527,0.0269798752470344,-0.1814845286239171,-0.006719252118025,12.611604418082882,0.0,16.159735378243983,-0.0101601000257485,0.0033977585146516,-0.010160002450695,-0.0427947598253273,-0.0711339623707554,-0.0686475845171158,2722,-0.011739756722151,0.2812711291413117,0.0006138130607362,0.5439486139283299,28.322654830522957,0.0298565509223542,-0.0004187902196324,-0.0076633844100933,-5.2571538209172605e-05,-0.0454790271391562,工程机械,-2.270508706177314,-1.7342073475681412,0.2603822537451515,0.3781064741831906,False,1,1,0.003,1,0.3553751211857633,0.3553751211857633,0.010196135400150075,0.009186191750662376,0.00817725728793417,0.007169330500074844,0.005156493916487426,唯万密封,工程机械,创业板
20260313,2026-03-13,300818.SZ,40.434735576923075,09:50,stop_loss,-0.0254904391528508,0,-0.0232445520581112,-0.0115167851016907,-0.0073818897637794,-0.0061591525006159,-0.0014851485148513,-0.0095752516572549,-0.0162258148378605,-0.0365416766181034,0.0009925558312655,0.0389578163771713,0.0930133405015758,398.01553414118143,18.136529922621236,-0.0118644067796609,-0.015025041736227,-0.0124342419894788,-0.0388643239469397,0.0323766313997081,-0.4233982892914099,-0.0118644067796609,11.874898350002258,0.0,16.330673840886853,-0.0076214085512257,0.0006172861204279,-0.0076214085512257,-0.043577220351842,-0.0593008884639598,-0.0578508536329025,2533,-0.0142276422764228,0.1995249406175772,-0.0054644808743169,0.0393620631150322,28.282783850761067,0.0409335360029463,-0.0005728833487409,-0.0143644942105458,-0.0001381386245072,-0.0544993402839026,专用机械,-0.4508053559316499,-0.3738385148836058,0.0949983558459767,-0.3865095503769879,False,0,0,0.0040933536002946,0,0.6599452079316529,0.6599452079316529,-0.023538980708100565,-0.024515197673151135,-0.025490439152850763,-0.026464706608600563,-0.028410325279275006,耐普矿机,专用机械,创业板
20260313,2026-03-13,688790.SH,131.554996243426,09:50,weak_open,-0.0168994442455313,0,-0.0299003322259134,-0.0231209575496245,-0.0064272211720226,-0.0031105378954555,-0.0026565464895634,-0.012920673076923,-0.013327301158783,-0.0292553191489362,0.0003045066991473,0.0304506699147382,0.1486684163457989,1178.687079492434,18.047644916260236,-0.0069398301956441,-0.0150523560209425,0.0133163761502206,-0.0409261488352332,0.021672074830711,0.0692035535915494,-0.0069398301956441,11.91555990384511,0.0,16.329690017645596,-0.0084063141609766,-0.0020664101975466,-0.0084061941325032,-0.044238518496967,-0.069082046885959,-0.0862213444507417,1650,-0.0142276422764228,0.1995249406175772,-0.0054644808743169,0.0393620631150322,28.282783850761067,0.0327614600749875,-0.0004624387429009,-0.012506794908862,-0.0003949445595523,-0.0184417329743491,半导体,0.4594395863319499,-0.3425693015956262,-0.7642997603343941,0.6115569973753973,False,0,0,0.0032761460074987,0,0.6593756363675325,0.6593756363675325,-0.014930782306598722,-0.015915605318539083,-0.016899444245531248,-0.0178823005618598,-0.019845071244954382,昂瑞微-UW,半导体,科创板
20260313,2026-03-13,688478.SH,33.34311019369704,09:50,weak_open,-0.0054632191943003,0,-0.0194632851666174,-0.0121806298276885,-0.0074626865671642,-0.0059790732436473,-0.0015015015015014,-0.0156897572528122,-0.0145083316245316,-0.0365111561866124,0.0012044564890092,0.0391448358928032,0.2027638657252304,1155.1712287344085,17.871296517123156,-0.0073724565025066,-0.0219209691375831,-0.002060035314891,-0.0543781372002232,0.0321458086045647,-0.2444301857703525,-0.0070775582424061,11.417625285115903,0.0,16.27921947835355,-0.0047987936169077,-0.0002144137450717,-0.0047987936169077,-0.0406809001731103,-0.0710733642509917,-0.1045821158791926,2959,-0.0142276422764228,0.1995249406175772,-0.0054644808743169,0.0393620631150322,28.282783850761067,0.0399456397059099,-0.0012123400043362,-0.0145217175302635,-0.0003044502488366,-0.0268404088974746,半导体,-0.6013023884897565,-0.6514405627556715,0.0795501034656994,1.922001053921639,False,0,0,0.0039945639705909,0,0.6583772346125147,0.6583772346125147,-0.0034716561789197575,-0.004467935452922345,-0.005463219194300262,-0.006457508894488484,-0.008443112122152874,晶升股份,半导体,科创板
20260313,2026-03-13,301286.SZ,48.25896598639456,09:40,take_profit_0935,0.0197456518330454,1,-0.016530612244898,-0.0092516447368421,-0.0059818481848185,-0.0043388429752065,0.0012466237274049,-0.0133087633087634,-0.0126430087960081,-0.0254802831142568,0.0016628559551028,0.0278528372479733,0.1201057521730876,483.7522171214843,18.105043583821132,-0.0073469387755101,-0.0172482952266345,-0.0613026819923372,-0.1704757067885559,0.0340058530699524,-0.0306583043319382,-0.0026530612244898,13.97435790544637,0.0,16.828804944854166,-0.0022439603646387,-0.0082933782130709,-0.0022439027192932,-0.0769967439187895,-0.133195431243817,-0.1404772946170585,1979,-0.0142276422764228,0.1995249406175772,-0.0054644808743169,0.0393620631150322,28.282783850761067,0.0594984557029938,-0.0005211199990981,-0.0116401390929464,0.0001497266804567,-0.0309683428974875,化工原料,0.4341262411223324,0.138112107541642,0.426454490725509,0.6451903918579641,False,1,1,0.0059498455702993,1,0.6394001368232874,0.6394001368232874,0.021787695691534603,0.02076616337892112,0.01974565183304544,0.018726159524668606,0.016690226518715878,侨源股份,化工原料,创业板
20260313,2026-03-13,301209.SZ,91.0278231292517,10:05,not_recovered_1000,-0.0142490810430508,0,-0.0218679306258752,-0.0237608859262445,-0.0120770318790121,-0.0077587148945471,-0.0034024805180551,-0.0151843817787419,-0.0159455398686393,-0.0340425531914894,0.0,0.0352422907488987,0.1358349904069641,945.532983624149,18.118374531464244,0.0019390283313585,0.0023755533959615,-0.0073781009409751,0.000754635618801,0.0193666407160157,-0.1295188072434178,-0.019605730905957,14.109217693217184,0.0,17.51342290934657,-0.0077932226603237,0.0021037920210378,-0.0077933208674015,-0.0283782048538289,-0.0303599841952949,-0.0523948424397703,2796,-0.0142276422764228,0.1995249406175772,-0.0054644808743169,0.0393620631150322,28.282783850761067,0.0322945396662244,-0.0010539049632711,-0.0235008189038342,-0.0004621759085299,-0.0497880153506296,染料涂料,-0.410917635288468,-1.5633209934081238,-1.1419638883044358,0.513610967845594,False,0,0,0.0032294539666224,0,0.6392870525014741,0.6392870525014741,-0.01227511174351259,-0.013262589762264354,-0.014249081043050782,-0.015234587064131166,-0.017202649225460664,联合化学,染料涂料,创业板
20260313,2026-03-13,300600.SZ,13.07663557628248,09:40,take_profit_0935,0.0451450142550806,1,-0.0296956198960653,-0.0268056589724496,-0.0083459787556904,-0.0068389057750759,-0.0007645259938837,-0.0224382946896035,-0.0167519276154499,-0.0311341734618235,0.0015325670498083,0.0337164750957854,0.147103178725639,835.5683535405358,17.931884107172852,-0.0029695619896066,-0.027436823104693,-0.0433238636363636,-0.0473833097595474,0.0203823825248793,-0.0731627091821559,-0.0037119524870081,12.135746743094986,0.0,16.245103692216873,-0.0250328183362145,-0.0031059350242652,-0.0250328183362145,-0.0660282978419322,-0.0810658792097306,-0.0891668699257813,2603,-0.0142276422764228,0.1995249406175772,-0.0054644808743169,0.0393620631150322,28.282783850761067,0.0323546849146783,-0.0010060247785188,-0.016240524764498,-0.0001124642039186,-0.0409262458514001,船舶,-0.6979970736037162,-0.3468023411926416,-0.8128155894262733,0.0,False,1,1,0.0032354684914678,1,0.6370863072200826,0.6370863072200826,0.04723792041629227,0.046190944239919984,0.04514501425508066,0.04410012889444581,0.04201348579211528,国瑞科技,船舶,创业板
20260313,2026-03-13,600076.SH,3.5422194690265485,10:05,not_recovered_1000,-0.0021276176674993,0,-0.0028169014084505,0.0028328611898018,-0.0084033613445377,-0.0056179775280899,0.0,-0.0139275766016712,-0.0140968474503814,-0.0274725274725274,0.0085470085470085,0.0370370370370372,0.1118359318249929,423.5185604429571,18.00448802523738,-0.0056338028169014,-0.0193370165745857,-0.0193370165745857,-0.0193370165745857,0.0345072626448041,-0.5596768269582291,-0.0028169014084505,12.247727892798917,0.0,16.131770147401024,-0.009972859779147,-0.0006510646596746,-0.0099729197298523,-0.0264026402640263,-0.0383048084759576,-0.0802805923616521,2149,-0.0142276422764228,0.1995249406175772,-0.0054644808743169,0.0393620631150322,28.282783850761067,0.0268475590534612,-0.0006282917518258,-0.0163521861265151,0.0,-0.0426134017511064,广告包装,-0.0731996817341438,-0.6245013960561743,0.8642702125918252,-0.837612404216965,False,0,0,0.003,0,0.6365337699119263,0.6365337699119263,-0.00012937509962451799,-0.0011289958193448912,-0.0021276176674992486,-0.0031252421405243425,-0.005117504932003469,康欣新材,广告包装,主板
20260313,2026-03-13,688291.SH,41.50879952070696,09:50,weak_open,-0.0057804553863907,0,-0.0247175141242936,-0.0251764705882353,-0.0088516746411482,-0.0093256814921091,-0.0033678133269184,-0.0152127406703114,-0.0129064882925938,-0.0331388564760793,0.0031476997578692,0.0375302663438257,0.190473113738437,718.8336017847822,17.832189751069517,0.0004708097928438,-0.0397830018083184,-0.0464646464646464,-0.095977867631411,0.0523430764263906,-0.3114459369548746,-0.002824858757062,11.48687918658759,0.0,16.435206415245904,-0.0086991301216626,-0.0014742124995261,-0.0086992010313548,-0.0734860005367205,-0.1158582129366823,-0.1206062149770759,2136,-0.0142276422764228,0.1995249406175772,-0.0054644808743169,0.0393620631150322,28.282783850761067,0.0451290435361007,-0.0017762915915349,-0.0172245635203458,-0.0006414778908679,-0.044308184197334,软件服务,-1.7915787521791218,-1.0047891951963135,1.641589182287528,1.4375077012574848,False,0,0,0.00451290435361,0,0.6351077620305587,0.6351077620305587,-0.003789527637477419,-0.0047854891194694105,-0.005780455386390715,-0.006774427929200244,-0.008759397791443635,金橙子,软件服务,科创板
20260313,2026-03-13,300667.SZ,17.275588371019843,10:30,time_exit,-0.0047107993566914,0,-0.0243212669683258,-0.0187713310580204,-0.0080506037952846,-0.0086206896551723,-0.0028901734104046,-0.027072758037225,-0.0180173249245134,-0.036312849162011,0.0005800464037124,0.0382830626450116,0.1611230207573991,794.0227027405974,18.274040200652387,-0.0056561085972851,-0.0275027502750274,-0.012290502793296,-0.0258953168044075,0.0337577271317906,-0.4265050012220958,-0.009049773755656,12.40978462070021,0.0,16.708500806840917,-0.0067864050241789,-0.000477023102352,-0.0067864050241789,-0.0460126092246433,-0.0564489661962586,-0.0908372203336232,2538,-0.0142276422764228,0.1995249406175772,-0.0054644808743169,0.0393620631150322,28.282783850761067,0.0304670805940463,-0.0013889915582534,-0.0156657516312676,-0.0004656734703971,-0.0475957700966082,电器仪表,-1.33664917888809,-0.6304195756750975,0.9224006254738968,0.4544394930189641,False,0,0,0.0030467080594046,0,0.635107143370687,0.635107143370687,-0.002717729618231801,-0.003714762630360524,-0.004710799356691386,-0.005705841289787572,-0.007692946731635453,必创科技,电器仪表,创业板
20260313,2026-03-13,688539.SH,38.81048906375169,10:30,time_exit,-0.0086828519976444,0,-0.0333914776974832,-0.0239053850025163,-0.0079283887468031,-0.0061491160645658,0.0015491866769945,-0.0142312579415502,-0.0136134785813417,-0.0333914776974832,0.0023255813953486,0.0369509043927649,0.1292962251374909,864.9723225097886,18.461596980431707,-0.0097184151507599,-0.0103575832305794,-0.0149729995090819,-0.0280939694841365,0.0280590578556519,-0.2871488112357361,-0.01295788686768,12.588726204072405,0.0,16.37079532334543,-0.0082148841859227,-0.0003853426671269,-0.0082148841859227,-0.0537639654583598,-0.0758564825844571,-0.1152016970609369,1468,-0.0142276422764228,0.1995249406175772,-0.0054644808743169,0.0393620631150322,28.282783850761067,0.0360339491522573,-0.0007950574950806,-0.0154279321280601,0.0002003039893686,-0.0411873512468444,电器仪表,-0.4922849578381376,-0.5974330748274316,0.2303629331485686,-0.374646835257999,False,0,0,0.0036033949152257,0,0.6346605760236473,0.6346605760236473,-0.006697736307026525,-0.0076907903072194195,-0.008682851997644403,-0.00967392286490798,-0.011653098061543687,高华科技,电器仪表,科创板
20260316,2026-03-16,688291.SH,41.927515611414115,09:50,stop_loss,-0.0171482249691419,0,0.0113253012048193,0.0191840699368626,0.0038268356852426,0.0021489971346704,0.0011927480916029,0.0088942307692307,0.0156143308454892,-0.0002382086707956,0.031457360530843,0.03170312115999,0.1028959429470419,306.73437524566145,17.591645750875728,-0.007710843373494,-0.0230696798493408,-0.0946771378708551,-0.1069507208952011,0.0525560014455427,-0.3317925487006383,-0.007710843373494,10.269067726945378,0.0,16.76854766913065,-0.00214070728594,0.0002516715754275,-0.0021407786618831,-0.0400713599560862,-0.0832040892112103,-0.1059465101664767,2136,0.0,0.4962762356127285,0.0,0.4025050778605281,28.262767269790064,0.0469360654251992,0.0002211230865624,0.0074466783986807,0.0001227289395837,0.0174863147076911,软件服务,0.5420072117015925,0.9390120955624368,1.579883361673734,0.7432208120488573,True,0,0,0.0046936065425199,0,0.4108099860421954,0.4108099860421954,-0.015180061214386864,-0.01616463500972365,-0.017148224969141923,-0.018130832566553345,-0.020093106556295703,金橙子,软件服务,科创板
20260316,2026-03-16,603616.SH,6.761807990801954,09:40,take_profit_0935,0.0259138756168901,1,-0.0073313782991203,0.0288753799392096,-0.0029455081001473,-0.0029455081001473,0.0014792899408284,0.0044510385756675,-0.0084724268831853,-0.0397163120567376,0.0335877862595419,0.0763358778625953,0.0574307257955203,168.62987031229216,18.761427681009103,-0.0351906158357772,-0.0115942028985507,-0.064471879286694,-0.0845637583892617,0.0663900577447128,-0.5839988043114832,-0.0351906158357772,14.843539468102284,0.0,17.30662460539675,-0.0018112149279273,-0.0006740111756223,-0.0018112149279273,-0.0429742719819057,-0.0718398683849739,-0.106329615206917,2856,0.0,0.4962762356127285,0.0,0.4025050778605281,28.262767269790064,0.0358640665661904,-0.000169162668028,-0.0057316941062014,8.49566949637911e-05,-0.0380405590918248,水泥,-1.5532894452044788,-0.9428283136177124,3.06505640223174,-0.3730268840749813,True,1,1,0.003586406656619,1,0.4105807302764093,0.4105807302764093,0.02796827136280622,0.026940560019279358,0.02591387561689018,0.024888216617149794,0.022839968687012657,韩建河山,水泥,主板
20260316,2026-03-16,002131.SZ,7.81054251209022,09:40,take_profit_0935,0.0214743422212171,1,0.0103492884864164,0.026281208935611,-0.0050955414012738,-0.0012787723785167,0.0,0.0222513089005236,0.0193681066004036,-0.0088832487309644,0.0483221476510067,0.0577181208053689,0.0677010449456444,305.44494833573526,21.929573724242815,-0.0155239327296248,-0.0361596009975061,-0.0980163360560093,-0.1084198385236446,0.0415743844962803,-0.3979033802282246,-0.0155239327296248,17.469654483430045,0.0,20.95919671291579,-0.005165177398504,-0.0015457737051155,-0.005165311463873,-0.0531037827352085,-0.0715644317641466,-0.0988288236312238,30,0.0,0.4962762356127285,0.0,0.4025050778605281,28.262767269790064,0.0404969966603812,-8.65742262732079e-05,-0.0099154657276703,0.0,-0.0145810392488397,互联网,-0.7889658697856899,-1.701317688120525,1.18565493635273,-0.4864190260751224,True,1,1,0.0040496996660381,1,0.400761785212497,0.400761785212497,0.02351984778761751,0.02249658375583774,0.021474342221217135,0.020453121651924366,0.018413737297282573,利欧股份,互联网,主板
20260316,2026-03-16,688392.SH,111.99585576909044,09:50,weak_open,-0.0144915607121948,0,-0.0099123816266925,-0.0020517395182871,-0.0057767507998577,-0.0035628395831477,-0.0006253350008932,0.014233907524932,0.0340108816682056,-0.0133180455106719,0.0654285714285713,0.0798095238095237,0.0559753498808677,735.1608324345442,19.847053464764656,-0.0078768032569254,-0.0320397498500815,-0.0732447506561679,-0.0737765390605788,0.0359214052010955,-0.2607542308128253,-0.0078768032569254,13.870619800352449,0.0,18.096508769347864,0.019000477846726,-0.0098147446812841,0.0190004449434715,-0.0480769230769231,-0.084353719224725,-0.1250107545384151,1672,0.0,0.4962762356127285,0.0,0.4025050778605281,28.262767269790064,0.046028623303259,-0.000199431192236,-0.0112410380100065,-3.500334546775153e-05,-0.0468946781914713,专用机械,-1.0675784864896174,-1.2690829331404956,0.3625325185485205,-0.6532897000697325,True,0,0,0.0046028623303259,0,0.392835944846606,0.392835944846606,-0.012518076978952797,-0.013505312093195276,-0.014491560712194818,-0.015476824313847226,-0.017444402361946332,骄成超声,专用机械,科创板
20260316,2026-03-16,300875.SZ,43.56508465608466,09:50,stop_loss,-0.0201088525891252,0,-0.0531222896790979,-0.0336357601239211,-0.0056921675774135,-0.0070486584811276,-0.0018285714285714,-0.0065969062784349,-0.0144718236514429,-0.0389524647887322,0.0009168003667201,0.0414852165940864,0.0899946584024188,512.2710432315844,19.453803322890877,-0.0201647875108412,0.012958488908412,-0.0720321931589538,-0.0997462424360726,0.0542232318418533,0.0263089979172912,-0.0210320901994796,15.30455983611627,0.0,18.726285322379375,0.0001106234247664,-0.000884902823648,0.0001106022811455,-0.0776022304832714,-0.1353502554151981,-0.0769295807395977,2286,0.0,0.4962762356127285,0.0,0.4025050778605281,28.262767269790064,0.0698140377098929,-0.0006343416122043,-0.0110764466590125,-0.0001645616610787,-0.0640818252768233,专用机械,-1.989244233720931,-1.2501368427690842,1.5879326972161802,0.6125281576199321,True,0,0,0.0069814037709892,0,0.3905547539228708,0.3905547539228708,-0.018146617500442774,-0.01912822548094717,-0.020108852589125203,-0.021088500294448753,-0.023044863359757084,捷强装备,专用机械,创业板
20260316,2026-03-16,600710.SH,13.02969184206906,10:30,time_exit,0.0100947562718278,1,-0.03486646884273,-0.03486646884273,-0.0083841463414633,-0.0053516819571866,0.0015396458814471,-0.0166288737717309,-0.0095726201551537,-0.0412675018422992,0.0030840400925211,0.0462606013878179,0.1674493804420968,1123.8375796127038,19.42564810950626,0.0,-0.0267148014440432,-0.0748112560054907,-0.1013333333333332,0.0399925188543459,0.119576496574977,0.0,13.995349869869212,0.0,18.045445866801785,-0.0004514272211434,-0.0015614761023676,-0.0004514528354887,-0.0763879028822945,-0.0659774571038839,-0.0104582620270012,2701,0.0,0.4962762356127285,0.0,0.4025050778605281,28.262767269790064,0.0361570112022642,-0.000896135828054,-0.0163147954570184,0.0002578127489485,-0.028550011446102,商贸代理,-1.3515574543824591,-1.1874153243230603,1.9840841799461395,1.989705339783937,True,1,1,0.0036157011202264,1,0.387921155819773,0.387921155819773,0.012117474181758903,0.011105609673704109,0.010094756271827876,0.009084912461364114,0.007068247570724884,苏美达,商贸代理,主板
20260316,2026-03-16,000603.SZ,42.57589238743541,10:30,time_exit,0.0102477665826643,1,-0.0381489841986455,-0.017976492279327,-0.0025749063670411,-0.001873975169829,0.0007045561296383,0.0056643851781921,0.0007091004425274,-0.0424719101123595,0.0297245045915901,0.0753987433542773,0.0569486465184815,373.11692394456304,20.799634889929163,-0.0205417607223475,-0.0287217715413287,-0.0809128630705395,-0.0704993705413344,0.0450668567117956,-0.3652760718408938,-0.0205417607223475,17.58256112911043,0.0,19.163325354129608,-0.0030638648391252,-0.004612740783813,-0.003063814119499,-0.0804920155373326,-0.1192277481499854,-0.1208813881037363,299,0.0,0.4962762356127285,0.0,0.4025050778605281,28.262767269790064,0.0455205566872893,-0.000106720349531,-0.0050105364324925,4.0123517979205496e-05,-0.0243535819616907,铅锌,-0.8493569685854416,0.0,1.3386575214439609,0.5640317702321487,True,1,1,0.0045520556687289,1,0.3877978694881491,0.3877978694881491,0.012270790896221406,0.011258773109771969,0.010247766582664353,0.009237769799903095,0.007220799422555935,盛达资源,铅锌,主板
20260316,2026-03-16,301338.SZ,176.72876823338737,09:50,stop_loss,-0.0192482383686635,0,-0.0589173667978305,-0.0666596350595929,-0.0112849162011173,-0.0068462401795734,-0.0007340071142228,-0.0154650645304851,-0.0215213303400686,-0.0740333804217024,0.0095835710211065,0.0903023388476895,0.1827652391592093,2005.148798280881,20.683950416348523,0.0082952249282144,-0.0680872150644202,-0.0033916269210385,-0.0255958549222797,0.066153448146025,0.1915787307656258,0.0072849090715729,16.476735517172255,0.0,19.26203031026355,-0.0030398392683315,-0.0070462644144151,-0.0030396965584563,-0.0771910065490343,-0.0540482757146216,0.109175231887691,1244,0.0,0.4962762356127285,0.0,0.4025050778605281,28.262767269790064,0.0818670114612186,-0.0012512547237611,-0.021959432966993,-0.0001341509857755,-0.0337643681331289,专用机械,-1.9357239503627317,-2.50287607151129,2.3867212267785276,4.064410717660635,True,0,0,0.0081867011461218,0,0.3877191094167254,0.3877191094167254,-0.01728427989731174,-0.018266749999888865,-0.019248238368663517,-0.020228746474398318,-0.022186827765122596,凯格精机,专用机械,创业板
20260316,2026-03-16,002554.SZ,4.026234981049916,10:05,not_recovered_1000,-0.0081864258581593,0,-0.004950495049505,0.0,-0.0024813895781639,-0.0024813895781639,0.0,-0.0074074074074074,-0.0148410485772848,-0.0382775119617225,0.0100502512562812,0.050251256281407,0.0670131948228573,285.2604055561628,19.27015141764156,-0.004950495049505,-0.0073710073710073,-0.0538641686182669,-0.1022222222222222,0.047629315388378,-0.0559535217748481,-0.0074257425742574,15.21940835542184,0.0,18.342244836583532,-0.0090189796422811,0.0007354024778839,-0.0090189986709891,-0.0382775119617225,-0.0960197886215427,-0.0541176470588236,2091,0.0,0.4962762356127285,0.0,0.4025050778605281,28.262767269790064,0.0607628950026353,-0.0001662858432329,-0.0048285611639092,0.0,-0.0285173942091834,石油开采,-1.130139209827801,-0.8186016500298772,-0.1460932804524523,0.1279260496980638,True,0,0,0.0060762895002635,0,0.3876398049162855,0.3876398049162855,-0.006200316072643819,-0.007193867368747053,-0.008186425858159319,-0.009177993028231302,-0.011158159344917928,惠博普,石油开采,主板
20260316,2026-03-16,000960.SZ,35.51545731265401,09:40,take_profit_0935,0.0190043738081633,1,-0.0374085117918135,-0.0255214050493962,-0.0044855620970003,-0.0002815315315316,0.0022579734688117,0.0033907883582933,0.0114785234984349,-0.028454172366621,0.0425719318849089,0.0731062830299469,0.043905869972093,348.47577184821813,21.529944676409254,-0.0121984277582001,-0.0363113897596656,-0.0749749247743229,-0.0846153846153845,0.0512023212708615,-0.2746695469225954,-0.0178910273786935,17.264858296623213,0.0,19.938613047638565,-0.0082701633351713,-0.0065541915952512,-0.0082700116053518,-0.0799564721732823,-0.1329296283635297,-0.1002723760055742,214,0.0,0.4962762356127285,0.0,0.4025050778605281,28.262767269790064,0.0433395569391635,-1.2360886816473e-05,-0.0087285008087708,9.9138289522084e-05,-0.0044054095759058,小金属,-0.0719106960138868,-0.7856704874353417,1.3554854519570088,-0.7121627151916592,True,1,1,0.0043339556939163,1,0.3870314340910819,0.3870314340910819,0.021044933255088383,0.02002414351926718,0.019004373808163333,0.017985622593650108,0.01595116955713327,锡业股份,小金属,主板
20260317,2026-03-17,688448.SH,55.23315569972196,10:05,not_recovered_1000,-0.008495811455031,0,-0.0384950357080646,-0.0344586321497288,-0.0100430416068865,-0.0066582688500989,-0.0018083182640143,-0.0238726790450927,-0.0152946096609665,-0.0399999999999999,0.0021786492374729,0.0439360929557008,0.1687271800884722,1088.5438856414223,18.165806519967564,-0.0041804563664865,-0.0444407456724368,-0.0642216788916055,-0.0728359173126615,0.0291824358595093,-0.1828180305411396,-0.0001741856819369,10.228031789720475,0.0,16.52922946422111,0.0124192187017109,-0.0102758072946619,0.0124192187017109,-0.0899198733801561,-0.1088869158124142,-0.1378367825068333,2938,-0.0200627027711741,0.1628455832771409,-0.0033545568175905,0.0967633175994605,28.229703427962544,0.0557864284054101,-0.0011234309273481,-0.0195428565902252,-0.0003051124413896,-0.0352798618989464,专用机械,-1.0939810654537805,-1.338776632546885,-0.156378256468293,1.3338970118002924,False,0,0,0.005578642840541,0,0.6752955761255663,0.6752955761255663,-0.006510321215141279,-0.007503562583583978,-0.008495811455030977,-0.009487069316369223,-0.011466617941431445,磁谷科技,专用机械,科创板
20260317,2026-03-17,301161.SZ,31.44765273311897,10:05,not_recovered_1000,-0.0018887483725246,0,-0.0305178791615289,-0.0370483772198406,-0.0056907998735378,-0.0034854245880862,-0.0022208121827411,-0.0211640211640212,-0.0197795172661771,-0.0385203301742587,0.0003180661577606,0.0403944020356235,0.1353075115238975,719.3482277882225,17.82911435990302,0.0067817509247842,-0.0015389350569406,-0.0522933099620216,-0.0492379835873387,0.0272051420912152,-0.2289468571095233,0.0036991368680643,12.739315123580164,0.0,16.292094325119884,0.0040495424824849,-0.0026111858738972,0.0040495424824849,-0.0573107127870032,-0.06905840215493,-0.1005291005291004,2722,-0.0200627027711741,0.1628455832771409,-0.0033545568175905,0.0967633175994605,28.229703427962544,0.0316490096317798,-0.0004716041276181,-0.0110737852301599,-0.0003004925700086,-0.0224420863735872,工程机械,-1.1000043226798897,-0.7550225742896371,0.0661490214307062,0.2722773104269059,False,0,0,0.0031649009631779,0,0.6738366560037546,0.6738366560037546,0.00010997253186073586,-0.0008898874756692043,-0.001888748372524618,-0.002886611655500526,-0.0048793513520597465,唯万密封,工程机械,创业板
20260317,2026-03-17,688260.SH,28.311463933440436,10:30,time_exit,0.0093152916214034,1,-0.0399728997289973,-0.0496311200536553,-0.0101292350681103,-0.0073555166374781,-0.000352733686067,-0.0186980609418282,-0.0207784369911533,-0.0505862646566164,0.0003529827038475,0.0536533709848219,0.1926019465808089,637.6497442375515,18.104617948517753,0.0101626016260163,-0.0043844856661044,-0.0225165562913907,0.0064780088646436,0.0560938260236106,-0.3793211107427678,0.0094850948509486,11.097076632107324,0.0,16.88133391548241,0.0049480842301527,-0.0034131613437361,0.0049480842301527,-0.05959649588532,-0.054640069384215,-0.087968848053808,1911,-0.0200627027711741,0.1628455832771409,-0.0033545568175905,0.0967633175994605,28.229703427962544,0.0457103592155894,-0.0014166868224858,-0.0197105813212029,-6.793719456113403e-05,-0.034597597791431,元器件,-1.3139127869235545,-1.474977943711375,1.990231510564236,1.9803367629349429,False,1,1,0.0045710359215589,1,0.6645522408934252,0.6645522408934252,0.011336448650933084,0.010325364973201578,0.009315291621403432,0.00830622708194162,0.006291118400741258,昀冢科技,元器件,科创板
20260317,2026-03-17,300293.SZ,18.056389872039205,10:30,time_exit,0.0053394742367398,1,-0.0347222222222221,-0.0378061767838125,-0.006050605060506,-0.0055035773252615,-0.0022087244616233,-0.0232432432432432,-0.0193379087983669,-0.0383182543906333,0.0,0.0398450470392914,0.1727602731410861,1634.322027606886,18.101638563481465,0.0032051282051284,0.0135354629128316,-0.0188679245283018,-0.0037253858435337,0.0181321390885743,-0.1440475450072483,0.0026709401709401,12.889697128788688,0.0,16.372891237415377,0.0122758570816043,0.0,0.0122758570816043,-0.0420907548770143,-0.0468403840067517,-0.0836016938408092,2625,-0.0200627027711741,0.1628455832771409,-0.0033545568175905,0.0967633175994605,28.229703427962544,0.0269845195518197,-0.0009507995219652,-0.0117739337951641,-0.0003815798412834,-0.0285514086257457,专用机械,-0.8053510857421936,-0.4765039959732293,-0.9176706520690964,1.4355657798023558,False,1,1,0.003,1,0.6643771746670054,0.6643771746670054,0.0073526696795167545,0.006345568785060873,0.005339474236739861,0.004334384526919255,0.0023272136072816085,蓝英装备,专用机械,创业板
20260317,2026-03-17,688159.SH,41.942942777287435,10:30,time_exit,0.0101750999416929,1,-0.0333947489636112,-0.0365013774104684,-0.0056858564321251,-0.0035612535612534,-0.0014275517487509,-0.0203081232492998,-0.0176994333849718,-0.0433097788921814,0.00023832221163,0.0455195424213537,0.150970504989246,828.746839729979,18.047175591842304,0.0032243205895901,-0.0018390804597701,-0.0314521525763996,-0.0163117353874037,0.0283544678920744,-0.2962407735224399,0.0006909258406264,10.322724064728211,0.0,16.551980689090968,0.0110739370809811,-0.006905698513486,0.0110740202561131,-0.0531089251872574,-0.0481914049211928,-0.0953766569673455,2157,-0.0200627027711741,0.1628455832771409,-0.0033545568175905,0.0967633175994605,28.229703427962544,0.0298133891858099,-0.0005376442485371,-0.0110641657373437,-0.0002155182084072,-0.0208296370270268,通信设备,-0.4164177547089908,-0.4720015056093065,-0.3324395999952669,0.7270354935299789,False,1,1,0.003,1,0.6604569836599931,0.6604569836599931,0.012197978740074111,0.011186033747582202,0.010175099941692967,0.009165175807519743,0.00714835050989171,有方科技,通信设备,科创板
20260317,2026-03-17,300591.SZ,7.411147094430992,10:05,not_recovered_1000,-0.003536398360305,0,-0.0249999999999999,-0.0275590551181101,-0.0067024128686327,-0.0026917900403767,-0.0026917900403767,-0.0185430463576158,-0.015908814040511,-0.0313725490196078,0.0,0.0323886639676114,0.1795071060529095,809.4029724062906,17.86704208235423,0.0026315789473685,0.0119840213049267,-0.0256410256410256,-0.0256410256410256,0.0258329112993266,-0.4020492848550627,0.0013157894736843,12.269671662972328,0.0,16.9637575470282,0.0061081182963054,-0.0039304164407151,0.0061081182963054,-0.0336463223787166,-0.0391597510373442,-0.0955693885023801,1653,-0.0200627027711741,0.1628455832771409,-0.0033545568175905,0.0967633175994605,28.229703427962544,0.0230452993667791,-0.00048319544025,-0.0130422932242313,-0.00048319544025,-0.0134922013237108,服饰,-1.1987886632457985,-1.7722627771442288,0.8864013151855875,1.9771545659229548,False,0,0,0.003,0,0.6594443089513321,0.6594443089513321,-0.0015409768801755153,-0.002539186350927647,-0.0035363983603049487,-0.004532614402631752,-0.0065220645485208895,万里马,服饰,创业板
20260317,2026-03-17,301380.SZ,33.24668508287293,10:30,time_exit,0.0192715463519979,1,-0.0240469208211143,-0.0325581395348836,-0.0050822122571001,-0.00269703326341,-0.0015001500150013,-0.0177095631641086,-0.0156062402469565,-0.0345227734261676,0.0009022556390978,0.0366917293233082,0.141282392193973,538.790283164106,17.35858891063605,0.0087976539589442,0.0029411764705882,-0.0378103837471782,-0.0328984685195687,0.0274093122440171,-0.3420254223576789,0.0087976539589442,11.803585598592568,0.0,16.233275625143527,0.0016218347213698,-0.0011982168794619,0.0016218347213698,-0.046472981491032,-0.0365352324706153,-0.0850356033321421,2997,-0.0200627027711741,0.1628455832771409,-0.0033545568175905,0.0967633175994605,28.229703427962544,0.0247338597754069,-0.0003810433112812,-0.0098895284107444,-0.0002119447827692,-0.0167224284481494,软件服务,-0.265676326949758,-0.4091361605082331,0.0409251935668253,0.4759378786313859,False,1,1,0.003,1,0.6580632459298505,0.6580632459298505,0.021312640812777728,0.02029158343630888,0.019271546351997904,0.018252528031316162,0.016217541581983186,挖金客,软件服务,创业板
20260317,2026-03-17,688478.SH,32.47491176543179,10:30,time_exit,0.008441800241199,1,-0.0362448009506832,-0.0413711583924351,-0.0058228623965677,-0.005213124808341,-0.0003081664098615,-0.0214177978883861,-0.018259546113852,-0.0450397409478952,0.0012345679012344,0.0484567901234567,0.1579336086919145,856.9360081363762,17.79232235945861,0.0053475935828879,0.0083882564409825,-0.02913181424863,-0.0094173042966451,0.0322533428418033,-0.2875707344972753,0.005941770647653,10.430019188623737,0.0,16.09326284944194,-0.0039546908765566,-0.0016840026917418,-0.0039545848043286,-0.0498506238650344,-0.0649949560455399,-0.118034881666055,2959,-0.0200627027711741,0.1628455832771409,-0.0033545568175905,0.0967633175994605,28.229703427962544,0.0367459347667288,-0.0008233276135426,-0.0113307670340336,-4.866983318706338e-05,-0.029298145789688,半导体,-0.9855257304359302,-0.4234983807336127,0.0762473563820885,1.1990739508642732,False,1,1,0.0036745934766728,1,0.6572728809066423,0.6572728809066423,0.010461208101506525,0.009450999445569153,0.008441800241199005,0.007433608976108674,0.005420244229710436,晶升股份,半导体,科创板
20260317,2026-03-17,300605.SZ,14.687850646242222,10:30,time_exit,0.0222025907888101,1,-0.0303030303030302,-0.0379084967320261,-0.0060769750168804,-0.0033852403520648,-0.0013568521031207,-0.0193204530313123,-0.0190768213878994,-0.0441558441558441,0.0013605442176871,0.0476190476190476,0.1670236658533709,928.4853143932112,17.56545623049416,0.0079051383399211,0.005298013245033,-0.0287907869481766,-0.0404551201011378,0.0233800478921995,-0.1910597466760262,0.0118577075098813,14.818477958819582,0.0,15.982943091237969,-0.0022423287105146,-0.0005520270534975,-0.0022423287105146,-0.0460142579390795,-0.0393526071918032,-0.0736895097854131,2043,-0.0200627027711741,0.1628455832771409,-0.0033545568175905,0.0967633175994605,28.229703427962544,0.0261906472039678,-0.0005654152533966,-0.0118252473609032,-0.000226626412284,-0.0181005988553286,软件服务,-0.5235750728803092,-0.7424072201030613,-0.2183241636719171,1.1648457817936724,False,1,1,0.003,1,0.6565804162715266,0.6565804162715266,0.0242495546752457,0.02322556111895957,0.02220259078881015,0.021180642151874318,0.019139803841245806,恒锋信息,软件服务,创业板
20260317,2026-03-17,688291.SH,39.82319749854863,10:05,not_recovered_1000,-0.0007160303046744,0,-0.0479599141016463,-0.0490943755958055,-0.0054835493519441,-0.0044910179640718,0.0002506893958384,-0.0254030288226673,-0.020708096153352,-0.0522565320665083,0.0025125628140703,0.0577889447236181,0.24504471564856,1068.133451006893,17.950157075509683,0.0011930326890958,0.009879518072289,-0.0526672694394214,-0.0592592592592592,0.0524424607101157,-0.3995105399184965,0.0016702457647339,12.19718829631664,0.0,16.24407548973725,-0.0002439465815321,-0.0007530113685825,-0.0002439465815321,-0.0762605917488539,-0.108559172456936,-0.148209425201473,2136,-0.0200627027711741,0.1628455832771409,-0.0033545568175905,0.0967633175994605,28.229703427962544,0.0429528037795203,-0.0011005002199785,-0.0106704943367938,6.143011171935435e-05,-0.0169443784347194,软件服务,-0.937954209794005,-0.5435943894058662,1.6515982799753894,3.252905546361714,False,0,0,0.004295280377952,0,0.6563472299259633,0.6563472299259633,0.0012850389713112698,0.0002840041910350255,-0.0007160303046742644,-0.0017150660143704366,-0.0037101470549861792,金橙子,软件服务,科创板
20260318,2026-03-18,001270.SZ,111.86,09:40,stop_loss,-0.025415026447078,0,0.0500328545949497,0.0339218042332933,0.0,0.0,0.0,0.0,0.0200117378842294,0.0,0.0602843601895735,0.0602843601895735,0.0029552531291829,19.5678092694916,20.276487962346625,0.0155824650333238,-0.0132456465357538,-0.0956706281833615,-0.1209670764914596,0.0372335903312088,-0.2334504228950301,0.0137050596076222,15.711757031450134,0.0,18.56795162873987,-0.0037109776748639,0.0022532129924181,-0.0037109663415926,-0.0146056132067161,-0.0459294639430253,-0.1017209119307459,624,0.0081771720613288,0.6442340209671965,0.0026521496370741,0.785593506932702,28.132398880579377,0.0553586125302798,0.0,0.0,0.0,0.0,半导体,-0.2968522848565038,-0.608575388862364,0.5147078126256592,-1.898604733901278,True,0,0,0.0055358612530279,0,0.6478422563490509,0.6478422563490509,-0.02346341698814869,-0.02443970949803309,-0.02541502644707805,-0.02638936929679836,-0.028335138529739345,铖昌科技,半导体,主板
20260318,2026-03-18,603268.SH,124.48,10:30,time_exit,0.013915650389922,1,0.0500210881484606,0.0373333333333334,0.0,0.0,0.0,0.0024158479626348,0.0172513128759415,0.0,0.0639316239316238,0.0639316239316238,0.0320218341356614,260.06764808264205,20.593600076272818,0.0122311261071277,-0.0258032706056372,-0.0637340072658348,-0.0508406725380304,0.0370589744814455,-0.1179801038732958,0.0122311261071277,14.998464301438636,0.0,18.639601825495102,0.0068200069281658,-0.0001295741469763,0.0068200165964352,0.0034825228943635,0.0110954075084881,0.1074141949717988,1813,0.0081771720613288,0.6442340209671965,0.0026521496370741,0.785593506932702,28.132398880579377,0.0551139031840268,0.0,0.0,0.0,0.0,船舶,-0.5738054375952495,-0.8558007666627236,0.499433569244223,-1.869096665924838,True,1,1,0.0055113903184026,1,0.5773105960272376,0.5773105960272376,0.01594601965227982,0.014930327555651601,0.01391565038992204,0.012901986634595186,0.010877693288337209,松发股份,船舶,主板
20260318,2026-03-18,688291.SH,40.78782760518475,09:50,stop_loss,-0.0237639835941532,0,0.0251130085384228,0.0210105052526263,0.0004901960784313,-0.0007343941248469,-0.00146771037182,0.0054187192118226,0.0143955975495024,-0.0029311187103077,0.0305478414541782,0.0335773794496339,0.0967474075364974,293.981182778997,17.578620221403522,0.0040180813661476,-0.0498687664041993,-0.0626177024482108,-0.131326352530541,0.0529214707406705,-0.4119184335664964,0.0,11.098515470380258,0.0,17.273818976418177,-0.0069290271319768,-0.0038142786416623,-0.0069291008520897,-0.0278637770897832,-0.0708155971864969,-0.1234135761376081,2136,0.0081771720613288,0.6442340209671965,0.0026521496370741,0.785593506932702,28.132398880579377,0.0492880724769937,-7.105072768898144e-05,0.0009538775240467,-0.000141997173488,-0.0062904533843066,软件服务,-1.0752707655383098,-0.9955953091546044,1.643636827341643,-0.6517275510205799,True,0,0,0.0049288072476993,0,0.5766385256496668,0.5766385256496668,-0.021809067916744862,-0.02278701436221675,-0.023763983594153215,-0.02473997707654474,-0.026689042634047255,金橙子,软件服务,科创板
20260318,2026-03-18,001288.SZ,32.14002506265664,09:50,stop_loss,-0.0220153785323811,0,0.02,0.0148452305748578,0.0006228589224541,-0.0024837007140638,-0.0021739130434782,0.0078419071518194,0.0077868197326134,-0.0024837007140638,0.0239005736137667,0.0264499681325685,0.1401998170963639,531.788825017324,17.697017294485924,0.005079365079365,-0.0355174525413348,-0.0699734278122231,-0.1310344827586207,0.0238629522128093,-0.3834753113715197,0.0095238095238094,11.848833256608051,0.0,17.281000941876705,-5.272929889547615e-05,-0.0015052337475719,-5.272929889547615e-05,-0.0324037824489548,-0.0691543297505576,-0.107871720116618,2725,0.0081771720613288,0.6442340209671965,0.0026521496370741,0.785593506932702,28.132398880579377,0.0375124535679048,-0.0003482143858338,0.0012120274986332,-0.000304782211079,-0.01550376747665,专用机械,-0.7719663267155348,-0.2681524550805112,-0.554249877857139,1.24038638785254,True,0,0,0.0037512453567904,0,0.5574358569774791,0.5574358569774791,-0.02005696126786527,-0.02103665938206889,-0.022015378532381114,-0.02299312018541466,-0.024945676851462872,运机集团,专用机械,主板
20260318,2026-03-18,688448.SH,55.82636117904492,10:05,stop_loss,-0.0188314724445841,0,0.0064888248017305,-0.0028571428571427,-0.0019660411081322,-0.0039243667499108,0.000179115171055,0.0034141958670261,0.0053705893688256,-0.0055209260908281,0.0228979666605604,0.0285766623923795,0.1206071599122051,689.2205284611184,17.993203772582365,0.0093727469358328,-0.0336178366138303,-0.0972990562967784,-0.1189455296172781,0.0246438760235162,-0.0983951850395652,0.0093727469358328,12.45916715519238,0.0,17.03949437878013,-0.0022170618955343,0.0023345239445061,-0.0022170618955343,-0.0560551761444316,-0.0859687029398285,-0.1179978044716121,2938,0.0081771720613288,0.6442340209671965,0.0026521496370741,0.785593506932702,28.132398880579377,0.0563035787186517,-0.0004733067281606,-0.0038257393457745,2.1602572078140387e-05,-0.0279101487602848,专用机械,-1.1417189932789409,-0.7945197863708539,-0.499465725231142,0.6782684905299418,True,0,0,0.0056303578718651,0,0.5409648037870014,0.5409648037870014,-0.01686667939816522,-0.01784956699686735,-0.018831472444584052,-0.01981239721270245,-0.021771310581013004,磁谷科技,专用机械,科创板
20260318,2026-03-18,688560.SH,16.38576678146103,09:40,take_profit_0935,0.0145532411505244,1,0.003674219228414,-0.006064281382656,0.0012217470983506,-0.0006097560975608,-0.0012187690432662,0.0018337408312958,0.0026889861881005,-0.0102657004830917,0.0117283950617284,0.0222222222222221,0.050778344789937,202.2363005123052,17.711221034610876,0.0097979179424372,-0.020395920815837,-0.0427901524032825,-0.0647193585337916,0.0258315675297787,-0.3612720854902232,0.0104102878138396,10.666650414667744,0.0,17.39720150777784,-0.0078443408075481,0.0011143603442097,-0.0078443408075481,-0.0274151436031331,-0.0384841018420742,-0.0986085904416212,2402,0.0081771720613288,0.6442340209671965,0.0026521496370741,0.785593506932702,28.132398880579377,0.0343324811608075,-3.09624053597121e-05,0.0023774100782594,-6.188707469827443e-05,-0.0086150092852631,电气设备,-0.4363804573818645,-0.2376756399057877,-0.576605336545058,-1.4657228188392144,True,1,1,0.0034332481160807,1,0.5332283881968991,0.5332283881968991,0.01658488719037532,0.015568556385886057,0.014553241150524476,0.013538939962838725,0.011513373659866932,明冠新材,电气设备,科创板
20260318,2026-03-18,301161.SZ,31.98342403628118,09:50,stop_loss,-0.0233496976684334,0,0.0149301143583227,0.0104364326375712,0.0021957340025093,0.0003130870381966,0.0,0.0085227272727272,0.010255268522342,-0.0015625,0.0214194373401535,0.0230179028132992,0.1179832625745555,411.95411934633705,17.40036324158674,0.0044472681067344,-0.0295930949445129,-0.0428701733049559,-0.0943613348676639,0.0272131515815303,-0.2940684992986333,0.0069885641677254,12.79562441837896,0.0,16.733717140997673,-0.0158929360171611,-0.0011840609532691,-0.0158929360171611,-0.023115024766098,-0.0464109834353082,-0.0812893579089628,2722,0.0081771720613288,0.6442340209671965,0.0026521496370741,0.785593506932702,28.132398880579377,0.0345611222451282,3.693903023624618e-05,0.0042727010801088,0.0,0.0022690218534837,工程机械,-0.6589530025898646,-0.3259202728103275,0.1446050679256587,0.519234408902067,True,0,0,0.0034561122245128,0,0.5317970862942076,0.5317970862942076,-0.021393952382162573,-0.02237231383941618,-0.023349697668433422,-0.024326105333826398,-0.026275998017572078,唯万密封,工程机械,创业板
20260318,2026-03-18,301002.SZ,37.99461067366579,09:40,stop_loss,-0.0354657127256143,0,0.022013422818792,0.0135782747603834,-0.0023584905660376,-0.0023584905660376,-0.002096985583224,0.0028977871443625,0.003449184731797,-0.0106548856548855,0.0233870967741933,0.0344086021505374,0.1031813050025461,308.131095486293,18.296584601883733,0.0083221476510066,-0.0424164524421593,-0.1168800379326695,-0.1319039850850617,0.0409830191991432,-0.4899445995741491,0.0085906040268457,12.508153062530765,0.0,17.257106493468335,-0.0074529426180627,-0.0004718197216372,-0.0074529072863477,-0.0571598395165684,-0.0708288587327931,-0.0951764132669431,2137,0.0081771720613288,0.6442340209671965,0.0026521496370741,0.785593506932702,28.132398880579377,0.0546257453468748,-0.0002433521344399,-0.0045894107289038,-0.0002163697090485,-0.019146497644175,电气设备,-1.0030451010281392,-1.122138711687621,0.6404766182110836,0.2388852064804018,True,0,0,0.0054625745346874,0,0.5281525773302461,0.5281525773302461,-0.03353422979740528,-0.03450045401155433,-0.03546571272561427,-0.0364300073860272,-0.038355710317248604,崧盛股份,电气设备,创业板
20260318,2026-03-18,001360.SZ,22.533558897243108,09:50,stop_loss,-0.0316642864785661,0,0.0031124944419742,-0.0013280212483399,-0.0017699115044248,-0.0008857395925597,-0.0013280212483399,0.00669344042838,0.0042769971514082,-0.0057293962097841,0.0116591928251119,0.0174887892376682,0.0803936907630613,269.82891558773224,17.64828950254892,0.0044464206313918,-0.0135964912280702,-0.0251408755960121,-0.0835370823145884,0.0289422876959687,-0.3687752476956588,0.0040017785682524,13.11545355950331,0.0,16.624236458087474,-0.0050135455584623,-0.0003887429367152,-0.0050135455584623,-0.0190451343595094,-0.0602740867247052,-0.1110585732017258,1783,0.0081771720613288,0.6442340209671965,0.0026521496370741,0.785593506932702,28.132398880579377,0.0376883466597779,-7.120787490085058e-05,-0.00344408875939,-0.0001067645295658,-0.0088226619205603,工程机械,-1.3048754286100508,-1.723555215546603,0.3532480933692824,-0.4597142020818287,True,0,0,0.0037688346659777,0,0.5265528638142549,0.5265528638142549,-0.029725191182403132,-0.030695223483145573,-0.03166428647856612,-0.03263238162080784,-0.03456567413983691,南矿集团,工程机械,主板
20260318,2026-03-18,688767.SH,35.22910177356811,09:50,weak_open,-0.0147030413001318,0,0.0123492245835725,0.0074306944841382,-0.0005670541536717,-0.0022643645626945,-0.0008503401360544,-0.0028288543140028,-0.0033037206681606,-0.0178322652549456,0.0077186963979418,0.0260148656375072,0.09585807672747,360.9089537673652,17.405301591201734,0.0048822515795521,-0.0431437208024182,-0.0501909438079649,-0.0550881953867028,0.0335973297168697,-0.3810135673852233,0.0048822515795521,10.39457974661173,0.0,16.390300302687802,-0.0116778832036429,-0.0013662374278873,-0.0116779917644239,-0.024032338446204,-0.0279348095855278,-0.0374901018485652,2955,0.0081771720613288,0.6442340209671965,0.0026521496370741,0.785593506932702,28.132398880579377,0.0342016621331944,-0.0002170576319897,-0.0011034364326938,-8.151197000635482e-05,-0.019544296147958,医疗保健,-1.2471799083060524,-0.8205365879291779,1.0631295848666211,-0.0993178388792938,True,0,0,0.0034201662133194,0,0.5247580581999941,0.5247580581999941,-0.01272998105742884,-0.01371700432055567,-0.01470304130013178,-0.01568809347373612,-0.017655249298599074,博拓生物,医疗保健,科创板
20260319,2026-03-19,301387.SZ,55.31547008547008,10:30,time_exit,-0.007950297113504,0,-0.0458874458874458,-0.0247787610619468,-0.0059534548078657,-0.0052356020942407,-0.0014498006524102,-0.0169491525423728,-0.0162056930134354,-0.0434027777777777,0.0003631082062454,0.0457516339869281,0.1303359116562956,466.51318379608495,18.02892041043988,-0.0216450216450216,0.031802751474004,-0.0389415876185722,-0.0625,0.0400465334506996,-0.1039388924091095,-0.0202597402597403,13.41837361422322,0.0,17.452503928341557,0.0058525089959763,0.0011217636004775,0.0058524537121755,-0.0644208238530241,-0.0778859992636475,-0.0792343106372669,2561,-0.0305790500975926,0.0729902455432223,-0.0059880239520958,0.0191725529767911,28.17968429360571,0.0538765037200366,-0.0006823869720224,-0.0115848881325682,-0.0001889610897517,-0.0348260241785119,元器件,-0.3872546337103016,0.11356286778637,0.5419561014600998,0.773486301578817,False,0,0,0.0053876503720036,0,0.8194478647455802,0.8194478647455802,-0.005963714479438553,-0.00695750231799952,-0.007950297113504035,-0.008942100353657279,-0.010922738103886442,光大同创,元器件,创业板
20260319,2026-03-19,301286.SZ,44.92873873873874,09:50,take_profit_0945,0.0194754727794825,1,-0.0547829751369575,-0.0469513490545995,-0.0046594186820501,-0.0031111111111111,-0.0026678523788349,-0.0183807439824945,-0.0195705257160531,-0.0547829751369575,0.0004460303300624,0.0584299732381801,0.1468709837596449,749.7759045235777,18.174905594073504,-0.0082174462705436,0.0080713678844519,-0.0165768752590136,-0.0481347773766546,0.0341828747394492,-0.4413121345251021,-0.0092709650231773,13.282171736623418,0.0,16.48955342800326,0.0060232793322513,-0.0013797802501147,0.0060233474157532,-0.0673596673596673,-0.1231773581955357,-0.173643539369825,1979,-0.0305790500975926,0.0729902455432223,-0.0059880239520958,0.0191725529767911,28.17968429360571,0.0340646547834563,-0.0004569319494744,-0.0090668101020992,-0.0003918301034049,-0.0186438111708642,化工原料,0.116885368326948,0.3671565477313607,0.3310721314633748,1.3160199502477818,False,1,1,0.0034064654783456,1,0.8122323331282856,0.8122323331282856,0.021516975603571353,0.020495713943382787,0.019475472779482583,0.01845625058303635,0.01642085699242868,侨源股份,化工原料,创业板
20260319,2026-03-19,300582.SZ,14.75729391454467,10:30,time_exit,0.0064760323552239,1,-0.0372549019607842,-0.0290046143704679,-0.0060728744939271,-0.0047297297297297,-0.0033829499323408,-0.012734584450402,-0.0157897582957049,-0.0328299409061063,0.0,0.0339443312966734,0.1089408390029608,572.5805114651973,18.117665219347007,-0.0084967320261438,0.0227272727272727,-0.0316455696202531,-0.0699088145896655,0.0286781800151333,-0.2445588716838649,-0.0091503267973857,13.403765270748956,0.0,16.8778158684992,0.0053509476104143,0.0014991504601192,0.0053509476104143,-0.0556481600205153,-0.0858313163284304,-0.1031963470319634,2003,-0.0305790500975926,0.0729902455432223,-0.0059880239520958,0.0191725529767911,28.17968429360571,0.0400533912858123,-0.000515260725014,-0.0118172681116719,-0.0003685414039342,-0.0366813940897432,元器件,-0.1711704729779922,0.0688141885420609,-0.4019442048130693,0.0397395484608929,False,1,1,0.0040053391285812,1,0.8103634091043963,0.8103634091043963,0.008491503759189278,0.007483264315291116,0.006476032355223982,0.0054698063696487775,0.0034603662996772755,英飞特,元器件,创业板
20260319,2026-03-19,002043.SZ,15.091976861167002,09:50,weak_open,-0.0126487727521978,0,-0.0480404551201011,-0.040152963671128,-0.0092105263157894,-0.0052840158520475,-0.0006635700066356,-0.0208062418725617,-0.0195385220227685,-0.0480404551201011,0.0,0.0504648074369189,0.1232934383456529,540.9578748677685,18.194616114189586,-0.0082174462705436,-0.0394656952034,0.0006325110689437,-0.0161691542288555,0.0233618110926751,0.0334980401765143,-0.0088495575221239,12.516875363972668,0.0,17.30189597567314,0.0086384302529813,0.000630110366853,0.0086384876557659,-0.0656408983744882,-0.0608044901777361,-0.0823507906041493,2814,-0.0305790500975926,0.0729902455432223,-0.0059880239520958,0.0191725529767911,28.17968429360571,0.0516483097839818,-0.0006514844826718,-0.0179228566360357,-8.181382770115563e-05,-0.0368754906927517,其他建材,-0.3979057783672352,-0.943434674399804,-0.0379933821903722,0.0359701448277136,False,0,0,0.0051648309783981,0,0.8094629263848163,0.8094629263848163,-0.010671598830299889,-0.011660679961186915,-0.012648772752197779,-0.013635878683991742,-0.0156071358777915,兔宝宝,其他建材,主板
20260319,2026-03-19,301538.SZ,75.31888676262584,09:40,take_profit_0935,0.0274562264993365,1,-0.0519153225806452,-0.0399387520734976,-0.0084343700579863,-0.0069948528441335,0.000265886732252,-0.009739405106607,-0.0149799748900677,-0.0481973434535104,0.000798084596967,0.0514764565043892,0.1383405716690425,947.5376890264848,17.908909546605884,-0.0124747983870967,0.0213642213642213,-0.0495808383233532,-0.0793503480278422,0.0274788097973589,-0.288844886931924,-0.0100806451612902,11.371626842506773,0.0,16.006861890403318,0.0015450150626666,0.0,0.0015450150626666,-0.0728737954999138,-0.0785622435858184,-0.0929366237085438,2852,-0.0305790500975926,0.0729902455432223,-0.0059880239520958,0.0191725529767911,28.17968429360571,0.0368798518421904,-0.0009676719411982,-0.0164125262967238,3.678292253895944e-05,-0.0441759984216425,塑料,-1.2790145573983445,-0.8212736191679215,0.2252668831580343,0.4042983012305017,False,1,1,0.003687985184219,1,0.8090893539760272,0.8090893539760272,0.029513710807720583,0.028484454411012106,0.027456226499336545,0.026429025531892414,0.024377698281865312,骏鼎达,塑料,创业板
20260319,2026-03-19,301398.SZ,48.93904428904429,10:30,time_exit,-0.0124610431415257,0,-0.043213514044392,-0.0316103379721669,-0.0159595959595959,-0.0127685447912444,-0.0018442622950819,-0.0197222781243709,-0.0204265042374398,-0.0417076529608498,0.0,0.0435228905768836,0.2742516708121167,1694.6285570082537,18.033729337243937,-0.0119819288941268,0.0125298329355607,-0.0243388271368341,-0.0709854014598539,0.0341421804116003,-0.3334339379206811,-0.0119819288941268,12.284093310252072,0.0,16.23300260799615,0.0097218404672949,-0.004286277573436,0.0097218404672949,-0.0577243006925367,-0.099979675172299,-0.1442300090478659,2895,-0.0305790500975926,0.0729902455432223,-0.0059880239520958,0.0191725529767911,28.17968429360571,0.0363707636261544,-0.0035017947428381,-0.0310559397525999,-0.000505792015842,-0.0433932788079131,汽车配件,-3.384642890364315,-2.9887194215850656,1.0426490902125611,4.060191938566974,False,0,0,0.0036370763626154,0,0.8026772749111177,0.8026772749111177,-0.010483493290495138,-0.01147276247990725,-0.01246104314152574,-0.013448336756291313,-0.015419968754249225,星源卓镁,汽车配件,创业板
20260319,2026-03-19,300909.SZ,38.874728546409806,10:30,time_exit,0.0036077275244854,1,-0.0407709414381022,-0.0285285285285284,-0.0048705460138425,-0.0028255843822244,0.0010314595152141,-0.0074149833802096,-0.0119093775390525,-0.0314371257485029,0.0018064516129032,0.0343225806451612,0.1033881113623822,294.4003399065029,18.17498869401048,-0.0126019273535952,0.0580392156862745,-0.0217548948513415,-0.0544392523364485,0.0533102641482933,-0.4737309365754434,-0.0170496664195699,13.503086238357014,0.0,16.93501580098166,0.0031895534305564,0.0019868974962412,0.0031895534305564,-0.0388234128949191,-0.0892668621700879,-0.138873792437972,2507,-0.0305790500975926,0.0729902455432223,-0.0059880239520958,0.0191725529767911,28.17968429360571,0.0517417251319085,-0.0002921318327732,-0.009477644919777,0.0001066406512247,-0.0228999727042253,元器件,0.6421881490643467,0.5193480433536838,1.643227234411984,-0.1506919561775177,False,1,1,0.0051741725131908,0,0.8020716547840264,0.8020716547840264,0.00561745513905243,0.004612089025441746,0.00360772752448546,0.0026043691311452566,0.0006006556621800385,汇创达,元器件,创业板
20260319,2026-03-19,688607.SH,52.284423324114826,10:30,time_exit,0.0097591637167184,1,-0.0429357798165138,-0.0376383763837639,-0.0139886578449905,-0.0070435941366838,-0.0007662835249043,-0.0165912518853695,-0.0152053477661444,-0.0464351005484461,0.0003835826620635,0.0490985807441504,0.1498981674064339,725.5595679008895,17.910402353760098,-0.0055045871559632,-0.0210167055864918,0.0,-0.0227720996951766,0.0347454921425187,-0.116160036034842,-0.0104587155963302,9.69818391935025,0.0,16.913604211260715,-0.0076119676853498,-0.0041723813281868,-0.0076119676853498,-0.0533575317604356,-0.054250072526835,-0.0268112021195217,2247,-0.0305790500975926,0.0729902455432223,-0.0059880239520958,0.0191725529767911,28.17968429360571,0.058238522101221,-0.0010558218530436,-0.0272206712722294,-0.0001148644960969,-0.0414577405054289,医疗保健,-1.2922527741924028,-2.3452108450063727,1.1986736562894482,1.2110917926651668,False,1,1,0.0058238522101221,1,0.8006587112293748,0.8006587112293748,0.01178120960150797,0.010769681273988363,0.009759163716718477,0.008749655415436042,0.00673366053889124,康众医疗,医疗保健,科创板
20260319,2026-03-19,301321.SZ,20.09528,10:05,not_recovered_1000,-0.0085141582046713,0,-0.0318072289156626,-0.0209551656920078,-0.0054455445544554,-0.0049529470034671,0.0014955134596212,-0.0103448275862069,-0.0135536590623172,-0.0359884836852207,0.0034965034965035,0.040959040959041,0.1006138026931408,446.2729688695593,18.009408536232147,-0.0110843373493976,0.0121951219512195,-0.0384615384615384,-0.0826702033598585,0.0388069302197035,-0.4389583875472361,-0.0144578313253012,13.68341470588676,0.0,16.90083386815631,0.0029864317496481,0.0,0.0029864317496481,-0.0543212201092072,-0.0925106152317283,-0.0906827800031683,2614,-0.0305790500975926,0.0729902455432223,-0.0059880239520958,0.0191725529767911,28.17968429360571,0.0407658080966956,-0.0004983348325564,-0.0105965404156477,0.0001504692961512,-0.0410645124593922,元器件,-0.266518075733728,0.3038858686614792,0.4390333804146914,-0.2458372268286782,False,0,0,0.0040765808096695,0,0.8005539412948552,0.8005539412948552,-0.0065287047042051904,-0.007521927693753594,-0.008514158204671274,-0.009505397723817977,-0.011484909719399972,翰博高新,元器件,创业板
20260319,2026-03-19,300837.SZ,36.83958536585366,10:30,time_exit,-0.0099269896882177,0,-0.0471014492753623,-0.0328342526924086,-0.0040573437922639,-0.0029786081776332,-0.0010851871947911,-0.0088829071332435,-0.0153750397197143,-0.043884705271358,0.0013598041881968,0.0473211857492519,0.1052150302144322,486.0553936041427,18.152864447129662,-0.014751552795031,0.008087659796504,-0.0145371078806426,-0.0538687561214495,0.0330863596752214,-0.4895256256164906,-0.014751552795031,13.542886541777916,0.0,16.21373005819525,0.004258176882906,-0.0018057811349377,0.004258176882906,-0.0568164352682001,-0.0887491956640103,-0.122685791894017,1988,-0.0305790500975926,0.0729902455432223,-0.0059880239520958,0.0191725529767911,28.17968429360571,0.0303205017357332,-0.0003133943494066,-0.007895226463573,-0.0001141780034882,-0.0237879444067728,专用机械,0.4731472954648283,0.690642890150323,0.1373694984347935,-0.1892620805639788,False,0,0,0.0030320501735733,0,0.800078624207306,0.800078624207306,-0.007944365387217989,-0.008936173069910125,-0.009926989688217702,-0.010916816726881717,-0.0128935079894269,浙矿股份,专用机械,创业板
20260320,2026-03-20,688767.SH,33.392930626785,09:40,stop_loss,-0.0303081056999668,0,-0.0262467191601049,-0.0179411764705882,-0.0115452930728241,-0.0100800474355172,-0.0020920502092049,-0.0239695995323004,-0.0162891571312299,-0.0427178899082569,0.0,0.0446241389637616,0.1923971516041344,607.8728470812604,17.21928066067305,-0.0084572761738115,-0.0294367393150296,-0.0577081615828525,-0.0646481178396071,0.034251058681951,-0.4534804896182506,0.0,0.0,0.0,15.797481934249586,-0.0050430037149424,0.0,-0.0050430037149424,-0.0577910717309103,-0.0740689387426859,-0.0837746618006201,2955,-0.0217790259355752,0.1455951580363147,-0.0073823952575649,0.019166106254203,28.25266920731208,0.0339456033505861,-0.001939372414628,-0.0224661029642265,-0.0004025045012638,-0.047458486893009,医疗保健,-1.774361634566916,-1.5215496978904737,0.9724597588638204,1.9506083485912864,False,0,0,0.0033945603350586,0,0.786131373744166,0.786131373744166,-0.02836629464755125,-0.029337685505189226,-0.03030810569996678,-0.03127755668606036,-0.03321355683439309,博拓生物,医疗保健,科创板
20260320,2026-03-20,688716.SH,33.44726319831929,09:40,stop_loss,-0.0263711528341761,0,-0.0284635492303223,-0.0387931034482756,-0.0091824644549761,-0.0085951393005334,-0.0038713519952351,-0.0278988666085439,-0.0184565044190122,-0.0440125750214346,0.0,0.0460388639760835,0.0985955029203445,548.761812583151,17.579241306114046,0.0107464420563461,-0.0388051367950865,-0.0669376693766937,-0.0762006976120205,0.0247388138346511,-0.225039067828248,0.0005808887598026,10.429132820900398,0.0,16.71244835880934,-0.0127877840624772,-0.0025250588563484,-0.0127877840624772,-0.0648065309774097,-0.0837875592319701,-0.1128732827666683,2978,-0.0217790259355752,0.1455951580363147,-0.0073823952575649,0.019166106254203,28.25266920731208,0.0340931201615924,-0.0008474420820065,-0.0178682507762777,-0.0003816978969518,-0.0724744116672488,化工原料,-0.6804150961591436,-0.197818557990429,-0.7170510068914772,-0.2268104904549011,False,0,0,0.0034093120161592,0,0.7818924278557857,0.7818924278557857,-0.024421458021328557,-0.025396792729630135,-0.026371152834176126,-0.027344539795047362,-0.02928840011151901,中研股份,化工原料,科创板
20260320,2026-03-20,600191.SH,11.803621314019658,09:40,stop_loss,-0.0353257223698086,0,-0.040650406504065,-0.0311986863711001,-0.0084033613445377,-0.0092359361880771,-0.0025359256128486,-0.0335790335790335,-0.0233123828959596,-0.0398698128559803,0.0,0.0415254237288134,0.0842308091652291,465.7389569580795,17.948154479536385,-0.0097560975609757,0.0156895127993395,-0.0428015564202334,-0.075187969924812,0.0252635487345468,-0.2964588629170845,-0.0097560975609757,12.885711498065326,0.0,16.520594767525708,-0.0121162323341009,0.0128823851535523,-0.0121162323341009,-0.0572067753275806,-0.0881693841279652,-0.0795631825273008,2252,-0.0217790259355752,0.1455951580363147,-0.0073823952575649,0.019166106254203,28.25266920731208,0.0388503950541835,-0.0007779503785201,-0.0163521861265151,-0.000213603066353,-0.0886104239432329,食品,-1.8987859271041625,-1.0809001616190743,0.5694834869531008,-1.1609523126633468,False,0,0,0.0038850395054183,0,0.7762180773462019,0.7762180773462019,-0.03339395911047416,-0.034360323560251205,-0.035325722369808576,-0.036290156985798516,-0.038216139409249505,华资实业,食品,主板
20260320,2026-03-20,001316.SZ,44.99395238095238,09:40,stop_loss,-0.0250170887292254,0,-0.0227765726681128,-0.0299310938845822,-0.0066152149944873,-0.0063961182179093,0.0,-0.0172338568935428,-0.0160190742887056,-0.0471658206429781,0.0004441483455472,0.0499666888740839,0.0947555284988352,341.16472694806447,17.901581182034775,0.0073752711496746,-0.0397833784628202,-0.0485036119711043,-0.0624364449867805,0.0262631386862665,-0.6111015362927694,0.007592190889371,13.029199293088809,0.0,17.110003031789386,-0.0023724204803709,-0.0026035246149859,-0.0023724204803709,-0.0532929853318203,-0.0843309823370394,-0.0997472098158528,2340,-0.0217790259355752,0.1455951580363147,-0.0073823952575649,0.019166106254203,28.25266920731208,0.0321760869183304,-0.000606067562079,-0.0128726139959558,0.0,-0.0557369069846096,批发业,,,,,False,0,0,0.003217608691833,0,0.7754144217970308,0.7754144217970308,-0.023064682398770797,-0.02404137354358582,-0.025017088729225367,-0.025991829417800538,-0.02793839313761448,润贝航科,批发业,主板
20260320,2026-03-20,301321.SZ,19.37552287581699,09:40,stop_loss,-0.034948287407219,0,-0.0367610531544957,-0.0377171215880892,-0.0056410256410256,-0.0066598360655737,-0.0015447991761071,-0.0270948319116909,-0.0211095823207335,-0.0569066147859921,0.0,0.0603403816400205,0.1081431453657985,480.5142391527497,17.98376016937167,0.0009935419771485,-0.0298795180722891,-0.056701030927835,-0.0870748299319729,0.0391774050125893,-0.4489810240195646,0.0193740685543963,10.923002519845536,0.0,16.50855991354151,-0.0027941696979574,-0.0020588505467335,-0.0027941696979574,-0.070469798657718,-0.1125045770779934,-0.1157625920605603,2614,-0.0217790259355752,0.1455951580363147,-0.0073823952575649,0.019166106254203,28.25266920731208,0.0406234455430326,-0.0007202156197517,-0.010976929045953,-0.0001670594418627,-0.0519718479405396,元器件,0.1172985682534942,0.7145796939249188,0.4247609854982411,0.0559450421047762,False,0,0,0.0040623445543032,0,0.7751808335339837,0.7751808335339837,-0.03301576833319109,-0.03398251087922144,-0.034948287407219,-0.03591309936440246,-0.03783983534075808,翰博高新,元器件,创业板
20260320,2026-03-20,002976.SZ,25.706686303387336,09:40,stop_loss,-0.0286157031567589,0,-0.0265051117001136,-0.027977315689981,-0.0061847700038655,-0.0058004640371228,-0.0007773027594247,-0.0253980288097042,-0.0167129909073604,-0.0403135498320268,0.0,0.0420070011668611,0.1459185226561966,705.0536762295104,17.487306567451636,0.0015145778114349,-0.0247415066469718,-0.0218518518518519,-0.0368344274252371,0.0238369073757016,-0.4378275087120727,0.014388489208633,10.090464920866276,0.0,16.376754032500948,-0.0053682455142097,0.0,-0.0053647846935778,-0.0404568186907516,-0.0609591292596515,-0.0759277563123371,2861,-0.0217790259355752,0.1455951580363147,-0.0073823952575649,0.019166106254203,28.25266920731208,0.0292899583334055,-0.0008463951430173,-0.0120350067200947,-0.0001134228703118,-0.0349597136248743,汽车配件,0.0812352111293833,0.3582601840090342,-0.0103388793491348,0.5990645903870248,False,0,0,0.003,0,0.7744366624235813,0.7744366624235813,-0.026670503062955264,-0.02764358928833599,-0.028615703156758876,-0.029586846124938893,-0.03152622517289305,瑞玛精密,汽车配件,主板
20260320,2026-03-20,300521.SZ,27.855539887187753,09:40,stop_loss,-0.0427362884902029,0,-0.0196698278890059,-0.0345901072293324,-0.0109851169383415,-0.0099326002128414,-0.0007160759040457,-0.0342560553633217,-0.02444446625407,-0.0474402730375427,0.0,0.0498029380150484,0.1202442973664579,778.1335596286563,17.936895316507893,0.0154548647699332,-0.0407681940700809,-0.0634868421052631,-0.057908669755129,0.024301605833156,-0.2784980110015145,0.01159114857745,11.704140688934302,0.0,16.432461915391457,-0.0142870356247602,-0.00794877514849,-0.0142870356247602,-0.0558186738836266,-0.0710291572360538,-0.0945073484086558,2616,-0.0217790259355752,0.1455951580363147,-0.0073823952575649,0.019166106254203,28.25266920731208,0.0350438982081009,-0.001194338533615,-0.0213760505388783,-8.610404394303424e-05,-0.0708235585999452,专用机械,-0.7858279732405584,-0.7145043919122611,-0.5408532863746467,0.275556833421439,False,0,0,0.00350438982081,0,0.7706313139013317,0.7706313139013317,-0.04081936491271165,-0.04177830581257391,-0.042736288490202945,-0.04369331438113788,-0.04560450153075746,爱司凯,专用机械,创业板
20260320,2026-03-20,301319.SZ,41.6011835686778,09:40,stop_loss,-0.0270200419005799,0,-0.0088095238095237,-0.0261988304093566,-0.0088095238095237,-0.0081010245413389,0.0,-0.0261988304093566,-0.0176837201765818,-0.0314099581200557,0.0002402691013936,0.0326765977895242,0.1263448673421001,686.1628223203097,18.051342990551447,0.0178571428571427,-0.0315886557528244,-0.0707964601769912,-0.1187578682333192,0.0277347943398564,-0.1405473599785506,0.0180952380952379,10.558932865912062,0.0,16.488313488524103,0.0049470400550972,-0.0022103691353791,0.0049470400550972,-0.0489353924883487,-0.085054945054945,-0.0974427907077583,2182,-0.0217790259355752,0.1455951580363147,-0.0073823952575649,0.019166106254203,28.25266920731208,0.0486844280234446,-0.0010235228710105,-0.0171425417892966,0.0,-0.0553557134491214,元器件,-0.2715820883274488,-0.1012731898525218,-0.5323837747108169,0.5552016021365851,False,0,0,0.0048684428023444,0,0.7683523706473012,0.7683523706473012,-0.02507164649011806,-0.02604633117245736,-0.02702004190057994,-0.027992780133593187,-0.029935344936163788,唯特偶,元器件,创业板
20260320,2026-03-20,002363.SZ,7.984299630500504,09:40,stop_loss,-0.0291839887755688,0,-0.0268292682926828,-0.0362318840579708,-0.0074626865671639,-0.0062266500622664,-0.0024999999999999,-0.0244498777506111,-0.0149047801840377,-0.0385542168674699,0.0,0.0401002506265664,0.150711247426119,943.3232440990176,17.87086036410287,0.0097560975609756,-0.0330188679245284,-0.0639269406392695,-0.0969162995594714,0.020677278464106,-0.0177947064775007,0.0097560975609756,11.944194762759926,0.0,16.45698779438468,-0.0176813810686344,0.0,-0.0176814941751821,-0.0653548840477863,-0.0872698158526821,-0.0944167044938718,2102,-0.0217790259355752,0.1455951580363147,-0.0073823952575649,0.019166106254203,28.25266920731208,0.0304921539407779,-0.00093842619817,-0.0145217175302631,-0.0003767781185652,-0.036474749942655,汽车配件,-0.0454059127842077,-0.0104209862293191,-0.3082376554605089,0.7215396234959212,False,0,0,0.0030492153940777,0,0.7680218779671969,0.7680218779671969,-0.027239926675494908,-0.028212443619583416,-0.029183988775568825,-0.030154563599313566,-0.03209280805900461,隆基机械,汽车配件,主板
20260320,2026-03-20,002295.SZ,10.4778785942492,09:40,stop_loss,-0.0404899031355109,0,-0.0350230414746542,-0.043835616438356,-0.0047528517110264,-0.0056980056980056,0.0,-0.0251396648044692,-0.0158830571617932,-0.0481818181818181,0.0,0.0506208213944603,0.1197906817842063,943.1158633174596,17.627636252771993,0.0092165898617511,-0.0372670807453415,-0.0573414422241529,-0.0750213128729753,0.022882444801105,-0.2432122663018842,0.0129032258064516,11.866739319894394,0.0,15.991818127579698,-0.0221042188252161,0.0034238740568844,-0.0221044002705822,-0.0711497515968772,-0.0904352358613499,-0.1006699879745747,2583,-0.0217790259355752,0.1455951580363147,-0.0073823952575649,0.019166106254203,28.25266920731208,0.03317800741791,-0.0006825679873743,-0.0092486223814413,0.0,-0.0407609836741591,铜,0.5055520309694802,1.6996449763844794,-0.7793669164981616,0.1604141880730193,False,0,0,0.003317800741791,0,0.767210382114336,0.767210382114336,-0.0385684811643181,-0.03952967238534855,-0.04048990313551093,-0.041449174853713244,-0.04336484693551135,精艺股份,铜,主板
