rule_id,split,roundtrip_cost_bps,regime_type,regime_value,signal_days,total_trades,avg_selected_count,cumulative_return,mean_daily_return,median_daily_return,daily_win_rate,trade_win_rate,profit_factor,trade_profit_factor,max_drawdown,avg_trade_return,max_daily_return,min_daily_return
combo_low_liquidity_weak_momentum,research_holdout,0,extreme_selloff_flag,False,296,5920,20.0,9.274232534313823,0.008285916153657662,0.007428116928194206,0.6587837837837838,0.5533783783783783,2.2674504802357527,1.6925662860949888,-0.3640035181488763,0.00828591615365766,0.10896273162952008,-0.10562904355586844
combo_low_liquidity_weak_momentum,research_holdout,0,extreme_selloff_flag,True,32,640,20.0,0.41231301135891396,0.01171498013118345,0.023547450779217008,0.625,0.6171875,2.0114210589349253,1.7806031252294146,-0.12977856938355614,0.011714980131183448,0.1089691079961218,-0.10884439116155106
combo_low_liquidity_weak_momentum,research_holdout,0,industry_crowding_regime,crowding_high,241,4820,20.0,5.158893264808053,0.007973389470577226,0.007085593759595349,0.6307053941908713,0.554149377593361,2.092525952996962,1.6382628199384983,-0.412408751567506,0.007973389470577226,0.09049640569471988,-0.10562904355586844
combo_low_liquidity_weak_momentum,research_holdout,0,industry_crowding_regime,crowding_low,1,20,20.0,0.012925674965662326,0.012925674965662331,0.012925674965662331,1.0,0.8,inf,4.143260038685718,0.0,0.012925674965662331,0.012925674965662331,0.012925674965662331
combo_low_liquidity_weak_momentum,research_holdout,0,industry_crowding_regime,crowding_normal,86,1720,20.0,1.3259484958183498,0.010383697770997258,0.010634304608300255,0.7209302325581395,0.5720930232558139,2.6328696224916937,1.8869258286694235,-0.3043118552678039,0.010383697770997258,0.1089691079961218,-0.10884439116155106
combo_low_liquidity_weak_momentum,research_holdout,0,market_regime_id,neutral|normal_vol|crowding_high,134,2680,20.0,3.5284481235116827,0.011756584477823436,0.011251875733422017,0.6492537313432836,0.5813432835820895,2.781663640478623,2.0382956529605423,-0.25644273003503903,0.011756584477823436,0.09049640569471988,-0.055204628532405486
combo_low_liquidity_weak_momentum,research_holdout,0,market_regime_id,neutral|normal_vol|crowding_low,1,20,20.0,0.012925674965662326,0.012925674965662331,0.012925674965662331,1.0,0.8,inf,4.143260038685718,0.0,0.012925674965662331,0.012925674965662331,0.012925674965662331
combo_low_liquidity_weak_momentum,research_holdout,0,market_regime_id,neutral|normal_vol|crowding_normal,57,1140,20.0,0.6946966228258535,0.010021108113623398,0.010816059770653747,0.6842105263157895,0.5701754385964912,2.1693910546471993,1.7563592198095628,-0.30394871496817455,0.010021108113623398,0.1089691079961218,-0.10884439116155106
combo_low_liquidity_weak_momentum,research_holdout,0,market_regime_id,strong|normal_vol|crowding_high,107,2140,20.0,0.3600450080969473,0.00323555647084833,0.00467444202697746,0.6074766355140186,0.5200934579439253,1.3958306346404594,1.23182705212975,-0.396204756200219,0.003235556470848329,0.054526201500387894,-0.10562904355586844
combo_low_liquidity_weak_momentum,research_holdout,0,market_regime_id,strong|normal_vol|crowding_normal,29,580,20.0,0.37248665306236717,0.01109637399411139,0.01010916676168433,0.7931034482758621,0.5758620689655173,6.5076695813721335,2.2787629584382207,-0.04833948685951528,0.011096373994111392,0.04701271515519792,-0.02296262488026348
combo_low_liquidity_weak_momentum,research_holdout,0,stock_concentration_regime,stock_concentration_high,3,60,20.0,0.017805611865187476,0.005955638101558059,-0.0007801733289830026,0.3333333333333333,0.5833333333333334,6.915526298505875,1.3507167518069016,-0.0030185945796686875,0.005955638101558058,0.02088725660442643,-0.0022401689707692517
combo_low_liquidity_weak_momentum,research_holdout,0,stock_concentration_regime,stock_concentration_low,122,2440,20.0,2.4143660634978743,0.010533950823258996,0.012229036103927194,0.7049180327868853,0.590983606557377,2.7471320124133163,1.9922794877665042,-0.37662533180841995,0.010533950823258996,0.10896273162952008,-0.10884439116155106
combo_low_liquidity_weak_momentum,research_holdout,0,stock_concentration_regime,stock_concentration_normal,203,4060,20.0,3.175470586495842,0.007509860250927419,0.005857293546078368,0.6305418719211823,0.5403940886699508,1.97278985612273,1.5697953714871034,-0.412408751567506,0.00750986025092742,0.1089691079961218,-0.10562904355586844
combo_low_liquidity_weak_momentum,research_holdout,0,trend_regime,neutral,192,3840,20.0,6.773541840186814,0.011247453945159044,0.011251875733422017,0.6614583333333334,0.5791666666666667,2.5732058357449374,1.9485725962717364,-0.3762999382171933,0.011247453945159044,0.1089691079961218,-0.10884439116155106
combo_low_liquidity_weak_momentum,research_holdout,0,trend_regime,strong,136,2720,20.0,0.8666436211771569,0.004911760207426483,0.005599180532197143,0.6470588235294118,0.5319852941176471,1.7159274027930753,1.3828033638977593,-0.3934273510265185,0.0049117602074264825,0.054526201500387894,-0.10562904355586844
combo_low_liquidity_weak_momentum,research_holdout,0,vol_regime,normal_vol,328,6560,20.0,13.51043228993845,0.008620458980733348,0.007948392037320177,0.6554878048780488,0.5596036585365853,2.226293856855249,1.7030792638690653,-0.4124087515675061,0.008620458980733348,0.1089691079961218,-0.10884439116155106
combo_low_liquidity_weak_momentum,research_holdout,40,extreme_selloff_flag,False,296,5920,20.0,2.1649199702966,0.004285916153657659,0.0034281169281942052,0.6013513513513513,0.5067567567567568,1.5347252857693097,1.309788835409927,-0.42567942492363076,0.0042859161536576585,0.10496273162952008,-0.10962904355586844
combo_low_liquidity_weak_momentum,research_holdout,40,extreme_selloff_flag,True,32,640,20.0,0.24388447081140807,0.007714980131183445,0.019547450779217008,0.59375,0.5703125,1.5843109349282778,1.4642571826724209,-0.13821335553141834,0.007714980131183444,0.1049691079961218,-0.11284439116155107
combo_low_liquidity_weak_momentum,research_holdout,40,industry_crowding_regime,crowding_high,241,4820,20.0,1.3604434934295662,0.0039733894705772255,0.0030855937595953486,0.5684647302904564,0.5080912863070539,1.4458461608226547,1.2767204924610533,-0.4711880961301561,0.003973389470577224,0.08649640569471988,-0.10962904355586844
combo_low_liquidity_weak_momentum,research_holdout,40,industry_crowding_regime,crowding_low,1,20,20.0,0.008925674965662322,0.008925674965662331,0.008925674965662331,1.0,0.7,inf,2.746149819799976,0.0,0.008925674965662331,0.008925674965662331,0.008925674965662331
combo_low_liquidity_weak_momentum,research_holdout,40,industry_crowding_regime,crowding_normal,86,1720,20.0,0.6530652494345319,0.006383697770997255,0.0066343046083002545,0.686046511627907,0.5244186046511627,1.8482551603296125,1.4727340505326583,-0.3209893164037596,0.006383697770997255,0.1049691079961218,-0.11284439116155107
combo_low_liquidity_weak_momentum,research_holdout,40,market_regime_id,neutral|normal_vol|crowding_high,134,2680,20.0,1.6620952061035248,0.007756584477823431,0.007251875733422017,0.5970149253731343,0.5361940298507463,1.9540130810146508,1.5932336640317786,-0.28078214044536287,0.007756584477823433,0.08649640569471988,-0.05920462853240549
combo_low_liquidity_weak_momentum,research_holdout,40,market_regime_id,neutral|normal_vol|crowding_low,1,20,20.0,0.008925674965662322,0.008925674965662331,0.008925674965662331,1.0,0.7,inf,2.746149819799976,0.0,0.008925674965662331,0.008925674965662331,0.008925674965662331
combo_low_liquidity_weak_momentum,research_holdout,40,market_regime_id,neutral|normal_vol|crowding_normal,57,1140,20.0,0.3511939924636043,0.006021108113623397,0.006816059770653746,0.6491228070175439,0.5271929824561403,1.6089838683620574,1.4002938741338031,-0.31790507765658116,0.006021108113623398,0.1049691079961218,-0.11284439116155107
combo_low_liquidity_weak_momentum,research_holdout,40,market_regime_id,strong|normal_vol|crowding_high,107,2140,20.0,-0.1133136455759911,-0.0007644435291516719,0.0006744420269774572,0.5327102803738317,0.47289719626168225,0.9227114128831415,0.9521222121435278,-0.44832670334336777,-0.0007644435291516718,0.05052620150038789,-0.10962904355586844
combo_low_liquidity_weak_momentum,research_holdout,40,market_regime_id,strong|normal_vol|crowding_normal,29,580,20.0,0.22341074535162098,0.007096373994111391,0.006109166761684328,0.7586206896551724,0.5189655172413793,3.460435040942578,1.6770741334490664,-0.059902629864043266,0.007096373994111387,0.04301271515519792,-0.026962624880263485
combo_low_liquidity_weak_momentum,research_holdout,40,stock_concentration_regime,stock_concentration_high,3,60,20.0,0.0057111437771570905,0.0019556381015580575,-0.0047801733289830044,0.3333333333333333,0.5333333333333333,1.5323713315879548,1.1040660369427377,-0.010990513210469843,0.0019556381015580575,0.01688725660442643,-0.006240168970769252
combo_low_liquidity_weak_momentum,research_holdout,40,stock_concentration_regime,stock_concentration_low,122,2440,20.0,1.1037343544813552,0.006533950823258995,0.008229036103927192,0.6721311475409836,0.5434426229508197,1.900673928489945,1.5297126324235555,-0.41416092289055817,0.006533950823258996,0.10496273162952008,-0.11284439116155107
combo_low_liquidity_weak_momentum,research_holdout,40,stock_concentration_regime,stock_concentration_normal,203,4060,20.0,0.8607096807772003,0.003509860250927418,0.0018572935460783673,0.5615763546798029,0.49433497536945814,1.3752113295039439,1.2324117545233557,-0.4711880961301562,0.003509860250927418,0.1049691079961218,-0.10962904355586844
combo_low_liquidity_weak_momentum,research_holdout,40,trend_regime,neutral,192,3840,20.0,2.629112765629434,0.007247453945159042,0.007251875733422017,0.6145833333333334,0.534375,1.8417834248353921,1.5322178361983054,-0.41149989321181646,0.007247453945159041,0.1049691079961218,-0.11284439116155107
combo_low_liquidity_weak_momentum,research_holdout,40,trend_regime,strong,136,2720,20.0,0.0847816137589883,0.0009117602074264805,0.0015991805321971418,0.5808823529411765,0.4827205882352941,1.108585284854665,1.0616186104204492,-0.4479957477424944,0.0009117602074264799,0.05052620150038789,-0.10962904355586844
combo_low_liquidity_weak_momentum,research_holdout,40,vol_regime,normal_vol,328,6560,20.0,2.9367948024128454,0.004620458980733346,0.003948392037320175,0.600609756097561,0.5129573170731707,1.5422210197679893,1.3275419097919703,-0.471188096130156,0.004620458980733345,0.1049691079961218,-0.11284439116155107
combo_low_size_low_liquidity,research_holdout,0,extreme_selloff_flag,False,296,5920,20.0,9.944285953999254,0.008726952786359368,0.01011667963637326,0.625,0.5555743243243243,1.9666626079922693,1.6460166802131535,-0.5673366392829284,0.008726952786359366,0.16700942309293207,-0.1309943267592099
combo_low_size_low_liquidity,research_holdout,0,extreme_selloff_flag,True,32,640,20.0,0.3990370362025899,0.01163440324855368,0.027403661578656514,0.6875,0.61875,1.8574219042666196,1.6841838964901072,-0.15680234379311853,0.011634403248553683,0.11821115345548645,-0.11874793174632244
combo_low_size_low_liquidity,research_holdout,0,industry_crowding_regime,crowding_high,241,4820,20.0,2.9315034902816364,0.006346153531445491,0.009043107160471719,0.6058091286307054,0.5423236514522821,1.5911343615538986,1.424706822896981,-0.6231842662217949,0.006346153531445492,0.16700942309293207,-0.1309943267592099
combo_low_size_low_liquidity,research_holdout,0,industry_crowding_regime,crowding_low,1,20,20.0,0.01750716959298293,0.017507169592983034,0.017507169592983034,1.0,0.8,inf,10.04020499710634,0.0,0.017507169592983034,0.017507169592983034,0.017507169592983034
combo_low_size_low_liquidity,research_holdout,0,industry_crowding_regime,crowding_normal,86,1720,20.0,2.8275467137141597,0.016378473930752833,0.015966530862138263,0.6976744186046512,0.6133720930232558,3.7128896101652864,2.4989113655188606,-0.2678423808687377,0.01637847393075283,0.1365312934045025,-0.11874793174632244
combo_low_size_low_liquidity,research_holdout,0,market_regime_id,neutral|normal_vol|crowding_high,134,2680,20.0,1.634592837597236,0.0078040242883720265,0.009446561563771666,0.6119402985074627,0.551865671641791,1.8533784876552923,1.5836183066817173,-0.41201941686036114,0.007804024288372028,0.12713986183522621,-0.07099258024810304
combo_low_size_low_liquidity,research_holdout,0,market_regime_id,neutral|normal_vol|crowding_low,1,20,20.0,0.01750716959298293,0.017507169592983034,0.017507169592983034,1.0,0.8,inf,10.04020499710634,0.0,0.017507169592983034,0.017507169592983034,0.017507169592983034
combo_low_size_low_liquidity,research_holdout,0,market_regime_id,neutral|normal_vol|crowding_normal,57,1140,20.0,1.3816133003685676,0.016205354923713562,0.01266503995982451,0.7017543859649122,0.6219298245614036,3.1569540602282573,2.3345101363939897,-0.25841094191892156,0.016205354923713562,0.1365312934045025,-0.11874793174632244
combo_low_size_low_liquidity,research_holdout,0,market_regime_id,strong|normal_vol|crowding_high,107,2140,20.0,0.4922622707299231,0.004520408845201044,0.007661095843950233,0.5981308411214953,0.530373831775701,1.3551648238905907,1.267331090660208,-0.5838037165331954,0.004520408845201045,0.16700942309293207,-0.1309943267592099
combo_low_size_low_liquidity,research_holdout,0,market_regime_id,strong|normal_vol|crowding_normal,29,580,20.0,0.6071235045260404,0.016718742323898986,0.021242185462318115,0.6896551724137931,0.596551724137931,6.330242952662342,2.9585958064449147,-0.046441881423682,0.01671874232389899,0.05046626469028426,-0.02985924103495647
combo_low_size_low_liquidity,research_holdout,0,stock_concentration_regime,stock_concentration_high,3,60,20.0,0.005883333134633739,0.0020126542518182026,0.0043414285081805285,0.6666666666666666,0.5833333333333334,1.5082367357814892,1.175615345604975,-0.011880217092474332,0.002012654251818202,0.013576751339748411,-0.011880217092474332
combo_low_size_low_liquidity,research_holdout,0,stock_concentration_regime,stock_concentration_low,122,2440,20.0,6.165886274751133,0.01694285985510182,0.018586036244393412,0.7295081967213115,0.6254098360655738,3.530000887140417,2.5351378955778294,-0.4310957644862924,0.01694285985510182,0.16700942309293207,-0.11874793174632244
combo_low_size_low_liquidity,research_holdout,0,stock_concentration_regime,stock_concentration_normal,203,4060,20.0,1.1242181717370658,0.004346857456345878,0.006607195418430944,0.5714285714285714,0.5231527093596059,1.3874329288589666,1.2790749191588597,-0.6297914336937066,0.004346857456345879,0.12713986183522621,-0.1309943267592099
combo_low_size_low_liquidity,research_holdout,0,trend_regime,neutral,192,3840,20.0,5.38443150277555,0.010348706535867227,0.010299485554407892,0.640625,0.5739583333333333,2.2015507427947787,1.7992805737123807,-0.42376730757300396,0.010348706535867228,0.1365312934045025,-0.11874793174632244
combo_low_size_low_liquidity,research_holdout,0,trend_regime,strong,136,2720,20.0,1.3982497702074617,0.007121524072276342,0.01181491163075483,0.6176470588235294,0.544485294117647,1.6666542384452592,1.470878332735354,-0.5911013909654177,0.00712152407227634,0.16700942309293207,-0.1309943267592099
combo_low_size_low_liquidity,research_holdout,0,vol_regime,normal_vol,328,6560,20.0,14.311461384436734,0.009010606489988079,0.010632891164967899,0.6310975609756098,0.5617378048780488,1.9513934082431663,1.6505885120910402,-0.6297914336937063,0.009010606489988077,0.16700942309293207,-0.1309943267592099
combo_low_size_low_liquidity,research_holdout,40,extreme_selloff_flag,False,296,5920,20.0,2.371295482864931,0.0047269527863593635,0.0061166796363732595,0.5945945945945946,0.5109797297297297,1.4462535204950515,1.3075017222447376,-0.6968737325413572,0.0047269527863593635,0.1630094230929321,-0.13499432675920991
combo_low_size_low_liquidity,research_holdout,40,extreme_selloff_flag,True,32,640,20.0,0.23210970956108623,0.007634403248553677,0.023403661578656514,0.65625,0.6,1.5148962957875372,1.4113753956082886,-0.17307813244952253,0.007634403248553678,0.11421115345548645,-0.12274793174632244
combo_low_size_low_liquidity,research_holdout,40,industry_crowding_regime,crowding_high,241,4820,20.0,0.5037240247741901,0.0023461535314454893,0.005043107160471719,0.5684647302904564,0.5006224066390041,1.189481210384495,1.1392206877931486,-0.7262440803755915,0.002346153531445489,0.1630094230929321,-0.13499432675920991
combo_low_size_low_liquidity,research_holdout,40,industry_crowding_regime,crowding_low,1,20,20.0,0.013507169592982926,0.013507169592983034,0.013507169592983034,1.0,0.75,inf,5.803217691794553,0.0,0.013507169592983034,0.013507169592983034,0.013507169592983034
combo_low_size_low_liquidity,research_holdout,40,industry_crowding_regime,crowding_normal,86,1720,20.0,1.7255316837575925,0.012378473930752832,0.011966530862138263,0.686046511627907,0.5703488372093023,2.7011114344876055,1.9858254075762616,-0.28593155181308794,0.012378473930752833,0.1325312934045025,-0.12274793174632244
combo_low_size_low_liquidity,research_holdout,40,market_regime_id,neutral|normal_vol|crowding_high,134,2680,20.0,0.545332294654304,0.0038040242883720246,0.005446561563771664,0.582089552238806,0.5134328358208955,1.3540021800836581,1.249655981549767,-0.47708035061726517,0.0038040242883720246,0.12313986183522621,-0.07499258024810304
combo_low_size_low_liquidity,research_holdout,40,market_regime_id,neutral|normal_vol|crowding_low,1,20,20.0,0.013507169592982926,0.013507169592983034,0.013507169592983034,1.0,0.75,inf,5.803217691794553,0.0,0.013507169592983034,0.013507169592983034,0.013507169592983034
combo_low_size_low_liquidity,research_holdout,40,market_regime_id,neutral|normal_vol|crowding_normal,57,1140,20.0,0.9013912026752109,0.012205354923713559,0.008665039959824507,0.6842105263157895,0.5789473684210527,2.394659606998105,1.8884294850193803,-0.2730104315372993,0.012205354923713562,0.1325312934045025,-0.12274793174632244
combo_low_size_low_liquidity,research_holdout,40,market_regime_id,strong|normal_vol|crowding_high,107,2140,20.0,-0.026925128028481682,0.0005204088452010436,0.0036610958439502322,0.5514018691588785,0.48457943925233643,1.0360616623424292,1.0275719901269924,-0.6233505372250803,0.0005204088452010417,0.1630094230929321,-0.13499432675920991
combo_low_size_low_liquidity,research_holdout,40,market_regime_id,strong|normal_vol|crowding_normal,29,580,20.0,0.43344077742803977,0.012718742323898986,0.017242185462318114,0.6896551724137931,0.553448275862069,3.9051748955389556,2.2428089312970583,-0.06914464678631993,0.012718742323898987,0.04646626469028426,-0.033859241034956473
combo_low_size_low_liquidity,research_holdout,40,stock_concentration_regime,stock_concentration_high,3,60,20.0,-0.006116322242521122,-0.001987345748181799,0.00034142850818052653,0.6666666666666666,0.5333333333333333,0.6245619811223603,0.8502192056759977,-0.015880217092474336,-0.001987345748181799,0.00957675133974841,-0.015880217092474332
combo_low_size_low_liquidity,research_holdout,40,stock_concentration_regime,stock_concentration_low,122,2440,20.0,3.4276929051533633,0.012942859855101822,0.014586036244393408,0.7131147540983607,0.5823770491803278,2.654376820701412,2.0261530504229577,-0.4655494853495864,0.012942859855101822,0.1630094230929321,-0.12274793174632244
combo_low_size_low_liquidity,research_holdout,40,stock_concentration_regime,stock_concentration_normal,203,4060,20.0,-0.05608443249774553,0.0003468574563458761,0.002607195418430941,0.5320197044334976,0.48177339901477834,1.026676098448373,1.0197485997551685,-0.7322306228551876,0.0003468574563458763,0.12313986183522621,-0.13499432675920991
combo_low_size_low_liquidity,research_holdout,40,trend_regime,neutral,192,3840,20.0,1.977969093154666,0.0063487065358672256,0.006299485554407891,0.6145833333333334,0.5341145833333333,1.6287249727519781,1.4310826509971366,-0.4564626951578289,0.0063487065358672256,0.1325312934045025,-0.12274793174632244
combo_low_size_low_liquidity,research_holdout,40,trend_regime,strong,136,2720,20.0,0.39484520097454356,0.003121524072276338,0.007814911630754828,0.5808823529411765,0.49926470588235294,1.2540426293692404,1.1832735401528607,-0.6314613871168447,0.0031215240722763404,0.1630094230929321,-0.13499432675920991
combo_low_size_low_liquidity,research_holdout,40,vol_regime,normal_vol,328,6560,20.0,3.153805898237298,0.005010606489988078,0.006632891164967899,0.600609756097561,0.5196646341463415,1.4552756789649963,1.3194936883946353,-0.7321391987562129,0.005010606489988078,0.1630094230929321,-0.13499432675920991
low_log_amount,research_holdout,0,extreme_selloff_flag,False,296,5920,20.0,2.948841538435424,0.0052846202359089055,0.0055153708426255756,0.5945945945945946,0.5304054054054054,1.5022403671792244,1.3590530103914091,-0.6488685628423145,0.005284620235908906,0.1546772666212437,-0.12986544515185666
low_log_amount,research_holdout,0,extreme_selloff_flag,True,32,640,20.0,0.5093893332450827,0.014031744963145716,0.02127696583867053,0.71875,0.6109375,2.157220618692483,1.9232976688953283,-0.14556164175854758,0.014031744963145718,0.10952532127936729,-0.11598956693631093
low_log_amount,research_holdout,0,industry_crowding_regime,crowding_high,241,4820,20.0,1.4996214076630459,0.004518422076643978,0.0054865721085279266,0.5809128630705395,0.5236514522821577,1.3741676727579304,1.2883325423289351,-0.6783054332966465,0.004518422076643978,0.1546772666212437,-0.12986544515185666
low_log_amount,research_holdout,0,industry_crowding_regime,crowding_low,1,20,20.0,0.00937345413470303,0.009373454134702985,0.009373454134702985,1.0,0.7,inf,4.4673185816940535,0.0,0.009373454134702985,0.009373454134702985,0.009373454134702985
low_log_amount,research_holdout,0,industry_crowding_regime,crowding_normal,86,1720,20.0,1.3623534082826718,0.010638956442369738,0.007262956705629212,0.6744186046511628,0.5773255813953488,2.5448631229242484,1.8602984455413527,-0.289065527784373,0.01063895644236974,0.10966091363160797,-0.11598956693631093
low_log_amount,research_holdout,0,market_regime_id,neutral|normal_vol|crowding_high,134,2680,20.0,1.118925386167596,0.006185065881650345,0.006979109801729649,0.5970149253731343,0.5425373134328358,1.6059400294144055,1.4607048752637632,-0.44343447687538284,0.006185065881650345,0.14267755968878215,-0.07763318133265756
low_log_amount,research_holdout,0,market_regime_id,neutral|normal_vol|crowding_low,1,20,20.0,0.00937345413470303,0.009373454134702985,0.009373454134702985,1.0,0.7,inf,4.4673185816940535,0.0,0.009373454134702985,0.009373454134702985,0.009373454134702985
low_log_amount,research_holdout,0,market_regime_id,neutral|normal_vol|crowding_normal,57,1140,20.0,0.9374726162234583,0.01244251801519122,0.0069383575123642075,0.7017543859649122,0.6105263157894737,2.659120858650856,1.9764577454881436,-0.27838767956901367,0.01244251801519122,0.10966091363160797,-0.11598956693631093
low_log_amount,research_holdout,0,market_regime_id,strong|normal_vol|crowding_high,107,2140,20.0,0.17966466586348329,0.0024312232928042285,0.005393838835524395,0.5607476635514018,0.5,1.1686479378783359,1.131537086444828,-0.5912215113522774,0.002431223292804229,0.1546772666212437,-0.12986544515185666
low_log_amount,research_holdout,0,market_regime_id,strong|normal_vol|crowding_normal,29,580,20.0,0.2192964114700089,0.007094025075099937,0.007587555898894216,0.6206896551724138,0.5120689655172413,2.248464487392314,1.610096173464803,-0.07942392272369236,0.007094025075099938,0.046290582986336724,-0.04974508203143248
low_log_amount,research_holdout,0,stock_concentration_regime,stock_concentration_high,3,60,20.0,-0.010618596998713259,-0.0034515459133481487,-0.011763881451556718,0.3333333333333333,0.5166666666666667,0.6150210342619151,0.7397621613021499,-0.015132750992224886,-0.003451545913348149,0.016541994703737118,-0.015132750992224848
low_log_amount,research_holdout,0,stock_concentration_regime,stock_concentration_low,122,2440,20.0,3.467398861263275,0.013009996554769511,0.011364961052931388,0.7131147540983607,0.5959016393442623,2.7822465231286486,2.0661862349918105,-0.45002277666660917,0.013009996554769513,0.1546772666212437,-0.11598956693631093
low_log_amount,research_holdout,0,stock_concentration_regime,stock_concentration_normal,203,4060,20.0,0.3485048444095855,0.0021497462399402124,0.0033673406736652034,0.5467980295566502,0.5039408866995074,1.168814109186036,1.1316661515788493,-0.6885339004425629,0.002149746239940212,0.14267755968878215,-0.12986544515185666
low_log_amount,research_holdout,0,trend_regime,neutral,192,3840,20.0,3.1438413143575206,0.008059353172613274,0.007523195795735488,0.6302083333333334,0.5635416666666667,1.8619342576109028,1.6121012921754283,-0.44176241858556575,0.008059353172613274,0.14267755968878215,-0.11598956693631093
low_log_amount,research_holdout,0,trend_regime,strong,136,2720,20.0,0.4383608938253103,0.003425497202264343,0.005440205472026161,0.5735294117647058,0.5025735294117647,1.2728692648396522,1.201247080677424,-0.6042188627963451,0.0034254972022643416,0.1546772666212437,-0.12986544515185666
low_log_amount,research_holdout,0,vol_regime,normal_vol,328,6560,20.0,4.9603392967895426,0.006137998258078351,0.006031542520819996,0.6067073170731707,0.5382621951219512,1.5747990022523748,1.415713587429671,-0.6885339004425626,0.006137998258078351,0.1546772666212437,-0.12986544515185666
low_log_amount,research_holdout,40,extreme_selloff_flag,False,296,5920,20.0,0.21142959191049315,0.0012846202359089048,0.0015153708426255744,0.5337837837837838,0.48631756756756755,1.1047916312196449,1.0770206296325489,-0.8002817137325609,0.001284620235908905,0.15067726662124373,-0.13386544515185667
low_log_amount,research_holdout,40,extreme_selloff_flag,True,32,640,20.0,0.32969807452878563,0.010031744963145715,0.017276965838670534,0.625,0.5828125,1.7451649661810587,1.5969782291884445,-0.16523651793994443,0.010031744963145715,0.10552532127936728,-0.11998956693631094
low_log_amount,research_holdout,40,industry_crowding_regime,crowding_high,241,4820,20.0,-0.045728399645253326,0.0005184220766439758,0.001486572108527926,0.5311203319502075,0.4821576763485477,1.0374290914062185,1.029369830211436,-0.8184333752835001,0.000518422076643974,0.15067726662124373,-0.13386544515185667
low_log_amount,research_holdout,40,industry_crowding_regime,crowding_low,1,20,20.0,0.005373454134703026,0.0053734541347029855,0.0053734541347029855,1.0,0.65,inf,2.3244506578588155,0.0,0.0053734541347029855,0.0053734541347029855,0.0053734541347029855
low_log_amount,research_holdout,40,industry_crowding_regime,crowding_normal,86,1720,20.0,0.6790042862996362,0.006638956442369736,0.0032629567056292105,0.5697674418604651,0.5319767441860465,1.791483690698905,1.4692924137565506,-0.3128067707073112,0.006638956442369739,0.10566091363160797,-0.11998956693631094
low_log_amount,research_holdout,40,market_regime_id,neutral|normal_vol|crowding_high,134,2680,20.0,0.2417744118927736,0.0021850658816503425,0.002979109801729649,0.5373134328358209,0.4996268656716418,1.1832223517662084,1.142496180438456,-0.540464721537659,0.002185065881650342,0.13867755968878215,-0.08163318133265757
low_log_amount,research_holdout,40,market_regime_id,neutral|normal_vol|crowding_low,1,20,20.0,0.005373454134703026,0.0053734541347029855,0.0053734541347029855,1.0,0.65,inf,2.3244506578588155,0.0,0.0053734541347029855,0.0053734541347029855,0.0053734541347029855
low_log_amount,research_holdout,40,market_regime_id,neutral|normal_vol|crowding_normal,57,1140,20.0,0.5455705647405125,0.008442518015191218,0.0029383575123642066,0.5964912280701754,0.5640350877192982,1.9489672469778894,1.5867726445876964,-0.2908382344686393,0.008442518015191218,0.10566091363160797,-0.11998956693631094
low_log_amount,research_holdout,40,market_regime_id,strong|normal_vol|crowding_high,107,2140,20.0,-0.23152579791026673,-0.001568776707195772,0.0013938388355243937,0.5233644859813084,0.4602803738317757,0.9035284643115538,0.9236737629319741,-0.6811608987374406,-0.0015687767071957733,0.15067726662124373,-0.13386544515185667
low_log_amount,research_holdout,40,market_regime_id,strong|normal_vol|crowding_normal,29,580,20.0,0.0863329857614914,0.003094025075099933,0.0035875558988942144,0.5172413793103449,0.4689655172413793,1.4187658084098713,1.226296817386177,-0.1299565136647095,0.0030940250750999348,0.04229058298633672,-0.05374508203143248
low_log_amount,research_holdout,40,stock_concentration_regime,stock_concentration_high,3,60,20.0,-0.022486921954745887,-0.007451545913348148,-0.01576388145155672,0.3333333333333333,0.4666666666666667,0.3594041552273634,0.5142763637168255,-0.01913275099222489,-0.00745154591334815,0.012541994703737116,-0.019132750992224848
low_log_amount,research_holdout,40,stock_concentration_regime,stock_concentration_low,122,2440,20.0,1.7551806162501302,0.009009996554769513,0.007364961052931387,0.639344262295082,0.5536885245901639,2.0491878241737798,1.6483480536780197,-0.4834006052650496,0.00900999655476951,0.15067726662124373,-0.11998956693631094
low_log_amount,research_holdout,40,stock_concentration_regime,stock_concentration_normal,203,4060,20.0,-0.40189343812927014,-0.0018502537600597892,-0.0006326593263347976,0.4876847290640394,0.46133004926108373,0.8738246649694187,0.8993902878345471,-0.8209053720263608,-0.0018502537600597892,0.13867755968878215,-0.13386544515185667
low_log_amount,research_holdout,40,trend_regime,neutral,192,3840,20.0,0.9295629808049923,0.004059353172613272,0.0035231957957354873,0.5572916666666666,0.51953125,1.3702321600831842,1.2707213015920689,-0.4735039490354874,0.004059353172613272,0.13867755968878215,-0.11998956693631094
low_log_amount,research_holdout,40,trend_regime,strong,136,2720,20.0,-0.16518112556318099,-0.0005745027977356598,0.0014402054720261599,0.5220588235294118,0.4621323529411765,0.9600192613357618,0.9698996762949615,-0.6925739310924395,-0.0005745027977356569,0.15067726662124373,-0.13386544515185667
low_log_amount,research_holdout,40,vol_regime,normal_vol,328,6560,20.0,0.6108355957905749,0.0021379982580783503,0.0020315425208199955,0.5426829268292683,0.49573170731707317,1.1727503073821406,1.1280918440016752,-0.8249326589481185,0.002137998258078349,0.15067726662124373,-0.13386544515185667
low_log_total_mv,research_holdout,0,extreme_selloff_flag,False,296,5920,20.0,10.65160767712695,0.009658029412170933,0.0026013467244927783,0.527027027027027,0.49408783783783783,1.6524937987277668,1.466495671899901,-0.7794101168294533,0.009658029412170935,0.21956601611727833,-0.12470277673412819
low_log_total_mv,research_holdout,0,extreme_selloff_flag,True,32,640,20.0,0.5233779071381857,0.015322016117815807,0.015824091425207444,0.65625,0.6125,1.9760209586047666,1.7423928127084871,-0.1895722844942731,0.015322016117815807,0.2481282858667948,-0.14852931385738127
low_log_total_mv,research_holdout,0,industry_crowding_regime,crowding_high,241,4820,20.0,3.3005683516678843,0.007388968550768181,0.0006325871953823892,0.5103734439834025,0.49149377593360993,1.4719961581886678,1.3560526257044152,-0.8147849746406057,0.007388968550768185,0.21956601611727833,-0.12470277673412819
low_log_total_mv,research_holdout,0,industry_crowding_regime,crowding_low,1,20,20.0,0.032299505096807346,0.03229950509680735,0.03229950509680735,1.0,0.8,inf,8.952223350313766,0.0,0.03229950509680735,0.03229950509680735,0.03229950509680735
low_log_total_mv,research_holdout,0,industry_crowding_regime,crowding_normal,86,1720,20.0,2.9981762242080023,0.0178609336737298,0.009384692154276973,0.6162790697674418,0.541860465116279,2.382734997216459,1.8613815609491866,-0.34190516186948405,0.0178609336737298,0.2481282858667948,-0.14852931385738127
low_log_total_mv,research_holdout,0,market_regime_id,neutral|normal_vol|crowding_high,134,2680,20.0,3.6019307768447266,0.012911631174266868,0.007309156339935496,0.5522388059701493,0.5279850746268657,1.8965280468375838,1.6566233705278173,-0.5360223752646525,0.01291163117426687,0.21956601611727833,-0.12470277673412819
low_log_total_mv,research_holdout,0,market_regime_id,neutral|normal_vol|crowding_low,1,20,20.0,0.032299505096807346,0.03229950509680735,0.03229950509680735,1.0,0.8,inf,8.952223350313766,0.0,0.03229950509680735,0.03229950509680735,0.03229950509680735
low_log_total_mv,research_holdout,0,market_regime_id,neutral|normal_vol|crowding_normal,57,1140,20.0,2.2295820265729582,0.022827705933077633,0.02371502425519975,0.6491228070175439,0.5921052631578947,2.552469149580946,1.9823874701071844,-0.31622322058903685,0.022827705933077626,0.2481282858667948,-0.14852931385738127
low_log_total_mv,research_holdout,0,market_regime_id,strong|normal_vol|crowding_high,107,2140,20.0,-0.06548608394832833,0.00047273685405020417,-0.0011451226144095772,0.45794392523364486,0.4457943925233645,1.0274467500549265,1.0213753475663474,-0.708842530492966,0.0004727368540502054,0.1738581648653673,-0.12036672805204476
low_log_total_mv,research_holdout,0,market_regime_id,strong|normal_vol|crowding_normal,29,580,20.0,0.23798565613477707,0.008098657163977169,0.0003298470460905645,0.5517241379310345,0.44310344827586207,1.8611304894546439,1.5119905047417672,-0.19602706140402226,0.008098657163977166,0.12540311019608294,-0.07181175954724003
low_log_total_mv,research_holdout,0,stock_concentration_regime,stock_concentration_high,3,60,20.0,-0.026305185944148768,-0.008761425161410335,-0.015697347798156493,0.3333333333333333,0.4,0.26496214544506475,0.5463187984367929,-0.02006172953554919,-0.008761425161410336,0.00947480184947463,-0.020061729535549144
low_log_total_mv,research_holdout,0,stock_concentration_regime,stock_concentration_low,122,2440,20.0,10.783632932947723,0.022028250968005026,0.019474511236367217,0.6557377049180327,0.5778688524590164,2.776503148011468,2.1091076739408154,-0.5198945933887138,0.02202825096800503,0.1738581648653673,-0.14852931385738127
low_log_total_mv,research_holdout,0,stock_concentration_regime,stock_concentration_normal,203,4060,20.0,0.5470040244001906,0.0033887629515286684,-0.0012569069476063954,0.4729064039408867,0.46379310344827585,1.2062646979998604,1.1596978699379148,-0.8163981644957935,0.0033887629515286692,0.2481282858667948,-0.12036672805204476
low_log_total_mv,research_holdout,0,trend_regime,neutral,192,3840,20.0,14.342358276483651,0.015956444378302043,0.009589981828936878,0.5833333333333334,0.5484375,2.1068139665890993,1.772962255276486,-0.5198945933887139,0.015956444378302046,0.2481282858667948,-0.14852931385738127
low_log_total_mv,research_holdout,0,trend_regime,strong,136,2720,20.0,0.15691482353030928,0.002098852214255219,-0.00031546246502349993,0.47794117647058826,0.4452205882352941,1.1349182476603907,1.1010373734018246,-0.7189707034249949,0.0020988522142552195,0.1738581648653673,-0.12036672805204476
low_log_total_mv,research_holdout,0,vol_regime,normal_vol,328,6560,20.0,16.74980171797688,0.010210613481014336,0.0040490480389946655,0.5396341463414634,0.505640243902439,1.6857729438322266,1.4933365648232861,-0.8212278449184185,0.010210613481014336,0.2481282858667948,-0.14852931385738127
low_log_total_mv,research_holdout,40,extreme_selloff_flag,False,296,5920,20.0,2.5871561194350137,0.005658029412170933,-0.0013986532755072222,0.49324324324324326,0.46385135135135136,1.3372631154881622,1.2483139410199107,-0.8788991248536107,0.005658029412170933,0.21556601611727833,-0.1287027767341282
low_log_total_mv,research_holdout,40,extreme_selloff_flag,True,32,640,20.0,0.34191193807324627,0.011322016117815803,0.011824091425207444,0.625,0.571875,1.65841028794456,1.5088319886821158,-0.23753591790491857,0.011322016117815801,0.2441282858667948,-0.15252931385738128
low_log_total_mv,research_holdout,40,industry_crowding_regime,crowding_high,241,4820,20.0,0.6444609577360849,0.0033889685507681815,-0.0033674128046176114,0.48132780082987553,0.45995850622406637,1.1916696852206232,1.148344247431714,-0.90393912547373,0.003388968550768183,0.21556601611727833,-0.1287027767341282
low_log_total_mv,research_holdout,40,industry_crowding_regime,crowding_low,1,20,20.0,0.028299505096807342,0.028299505096807353,0.028299505096807353,1.0,0.75,inf,6.803229502217809,0.0,0.028299505096807353,0.028299505096807353,0.028299505096807353
low_log_total_mv,research_holdout,40,industry_crowding_regime,crowding_normal,86,1720,20.0,1.8466305182434248,0.013860933673729802,0.00538469215427697,0.5697674418604651,0.5116279069767442,1.9499343997257412,1.612549071148393,-0.35867473252778714,0.013860933673729795,0.2441282858667948,-0.15252931385738128
low_log_total_mv,research_holdout,40,market_regime_id,neutral|normal_vol|crowding_high,134,2680,20.0,1.7040354436843828,0.008911631174266866,0.003309156339935496,0.5298507462686567,0.4955223880597015,1.5482629453431873,1.4124438351067303,-0.661989863079921,0.008911631174266866,0.21556601611727833,-0.1287027767341282
low_log_total_mv,research_holdout,40,market_regime_id,neutral|normal_vol|crowding_low,1,20,20.0,0.028299505096807342,0.028299505096807353,0.028299505096807353,1.0,0.75,inf,6.803229502217809,0.0,0.028299505096807353,0.028299505096807353,0.028299505096807353
low_log_total_mv,research_holdout,40,market_regime_id,neutral|normal_vol|crowding_normal,57,1140,20.0,1.5808253337501816,0.01882770593307763,0.01971502425519975,0.6491228070175439,0.5692982456140351,2.168868255847962,1.7557832758733367,-0.33086623239838475,0.018827705933077633,0.2441282858667948,-0.15252931385738128
low_log_total_mv,research_holdout,40,market_regime_id,strong|normal_vol|crowding_high,107,2140,20.0,-0.3918493333447495,-0.0035272631459497975,-0.005145122614409578,0.4205607476635514,0.41542056074766354,0.8188208716919786,0.8554174811039047,-0.7872673495242651,-0.003527263145949797,0.1698581648653673,-0.12436672805204477
low_log_total_mv,research_holdout,40,market_regime_id,strong|normal_vol|crowding_normal,29,580,20.0,0.1029923183941337,0.0040986571639771655,-0.003670152953909436,0.41379310344827586,0.39827586206896554,1.3529856311046906,1.22593894284807,-0.24058158500886884,0.004098657163977167,0.12140311019608296,-0.07581175954724004
low_log_total_mv,research_holdout,40,stock_concentration_regime,stock_concentration_high,3,60,20.0,-0.0380473007117782,-0.012761425161410336,-0.019697347798156493,0.3333333333333333,0.38333333333333336,0.12511236943420734,0.41272971058526414,-0.024061729535549192,-0.012761425161410338,0.005474801849474628,-0.024061729535549147
low_log_total_mv,research_holdout,40,stock_concentration_regime,stock_concentration_low,122,2440,20.0,6.292006020759439,0.01802825096800503,0.015474511236367217,0.6147540983606558,0.5504098360655738,2.296739838537448,1.8344853405182804,-0.5456802379095169,0.01802825096800503,0.1698581648653673,-0.15252931385738128
low_log_total_mv,research_holdout,40,stock_concentration_regime,stock_concentration_normal,203,4060,20.0,-0.31376390321373193,-0.000611237048471333,-0.0052569069476063966,0.4433497536945813,0.43004926108374386,0.9671409582052019,0.9739092046015704,-0.9040128816336559,-0.0006112370484713315,0.2441282858667948,-0.12436672805204477
low_log_total_mv,research_holdout,40,trend_regime,neutral,192,3840,20.0,6.176135324558944,0.011956444378302039,0.005589981828936877,0.5677083333333334,0.51875,1.7414342201823856,1.5313782245613732,-0.5737503651488725,0.011956444378302044,0.2441282858667948,-0.15252931385738128
low_log_total_mv,research_holdout,40,trend_regime,strong,136,2720,20.0,-0.3292144862529871,-0.001901147785744783,-0.004315462465023501,0.41911764705882354,0.4117647058823529,0.8931518669934292,0.9175645861664291,-0.7955183756001227,-0.0019011477857447828,0.1698581648653673,-0.12436672805204477
low_log_total_mv,research_holdout,40,vol_regime,normal_vol,328,6560,20.0,3.813647620402346,0.0062106134810143345,4.9048038994664155e-05,0.5060975609756098,0.474390243902439,1.3693001557382818,1.2731907581564899,-0.9076649323905972,0.006210613481014335,0.2441282858667948,-0.15252931385738128
low_stock_amount_share_in_industry,research_holdout,0,extreme_selloff_flag,False,296,5920,20.0,4.836293336967406,0.0066021082889419986,0.008115420617002815,0.6148648648648649,0.5327702702702702,1.668817105031323,1.4352869340233012,-0.5436844679290466,0.0066021082889419986,0.16896976759839974,-0.12772969139255266
low_stock_amount_share_in_industry,research_holdout,0,extreme_selloff_flag,True,32,640,20.0,0.3820781520019023,0.011482097702318388,0.022511580739188637,0.625,0.5953125,1.7975740641227949,1.6173060935766985,-0.18332230707102926,0.011482097702318386,0.12966968269527376,-0.14827261952460632
low_stock_amount_share_in_industry,research_holdout,0,industry_crowding_regime,crowding_high,241,4820,20.0,1.8616005603928638,0.0049965824855615435,0.006361077543663196,0.5892116182572614,0.5238589211618258,1.4524754846987988,1.3058049980636162,-0.5687254860245585,0.004996582485561544,0.16896976759839974,-0.12710651884385926
low_stock_amount_share_in_industry,research_holdout,0,industry_crowding_regime,crowding_low,1,20,20.0,0.01329206651216741,0.013292066512167505,0.013292066512167505,1.0,0.8,inf,14.742971218853915,0.0,0.013292066512167505,0.013292066512167505,0.013292066512167505
low_stock_amount_share_in_industry,research_holdout,0,industry_crowding_regime,crowding_normal,86,1720,20.0,1.7818009996763644,0.01283933412172698,0.013466554937111058,0.686046511627907,0.577906976744186,2.5308561888967893,1.9634893514199085,-0.41024724635588217,0.01283933412172698,0.12966968269527376,-0.14827261952460632
low_stock_amount_share_in_industry,research_holdout,0,market_regime_id,neutral|normal_vol|crowding_high,134,2680,20.0,1.3306530298089436,0.00699127025520329,0.007094904876994348,0.582089552238806,0.5376865671641791,1.668128075733795,1.4668723994590418,-0.44952585822485913,0.006991270255203292,0.16896976759839974,-0.07706404447670098
low_stock_amount_share_in_industry,research_holdout,0,market_regime_id,neutral|normal_vol|crowding_low,1,20,20.0,0.01329206651216741,0.013292066512167505,0.013292066512167505,1.0,0.8,inf,14.742971218853915,0.0,0.013292066512167505,0.013292066512167505,0.013292066512167505
low_stock_amount_share_in_industry,research_holdout,0,market_regime_id,neutral|normal_vol|crowding_normal,57,1140,20.0,0.9684625979404113,0.013170805346918656,0.013796206041441633,0.6666666666666666,0.5798245614035088,2.2082531239102563,1.8447628837657597,-0.38974210432413214,0.013170805346918654,0.12966968269527376,-0.14827261952460632
low_stock_amount_share_in_industry,research_holdout,0,market_regime_id,strong|normal_vol|crowding_high,107,2140,20.0,0.22781062809140806,0.0024985622880662715,0.005834276707953312,0.5981308411214953,0.5065420560747663,1.2123251156043184,1.138441162559496,-0.5220383361323009,0.0024985622880662707,0.06924595737381459,-0.12710651884385926
low_stock_amount_share_in_industry,research_holdout,0,market_regime_id,strong|normal_vol|crowding_normal,29,580,20.0,0.4131845850599045,0.012187821713591618,0.01317350918084489,0.7241379310344828,0.5741379310344827,4.536430801561872,2.373512579629369,-0.035950912855574946,0.012187821713591616,0.05530511296433076,-0.024045735565580505
low_stock_amount_share_in_industry,research_holdout,0,stock_concentration_regime,stock_concentration_high,3,60,20.0,-0.011652423951576396,-0.0038635790340193397,-0.003072014018296043,0.3333333333333333,0.45,0.342931693578761,0.7456523925830426,-0.01759532610736969,-0.0038635790340193397,0.006049342306409644,-0.014568065390171619
low_stock_amount_share_in_industry,research_holdout,0,stock_concentration_regime,stock_concentration_low,122,2440,20.0,2.0422867728233376,0.0098842654466466,0.013232787846506198,0.6885245901639344,0.5774590163934427,2.1070490730390623,1.7277379519723448,-0.5727220572615225,0.0098842654466466,0.12483451133818099,-0.14827261952460632
low_stock_amount_share_in_industry,research_holdout,0,stock_concentration_regime,stock_concentration_normal,203,4060,20.0,1.682624352454531,0.005553505086759569,0.004987592698757343,0.5763546798029556,0.5169950738916256,1.4953960553754801,1.3333296169481603,-0.5785395018723939,0.005553505086759569,0.16896976759839974,-0.12710651884385926
low_stock_amount_share_in_industry,research_holdout,0,trend_regime,neutral,192,3840,20.0,3.6487847048024085,0.008858636382727977,0.009052984382962103,0.609375,0.5515625,1.8405478117314906,1.5872581345768144,-0.567721374048807,0.008858636382727979,0.16896976759839974,-0.14827261952460632
low_stock_amount_share_in_industry,research_holdout,0,trend_regime,strong,136,2720,20.0,0.7351230529914974,0.004564654371450352,0.007563502860807652,0.625,0.5209558823529412,1.4567743120853838,1.2836681230528915,-0.5329147575109185,0.004564654371450352,0.06924595737381459,-0.12710651884385926
low_stock_amount_share_in_industry,research_holdout,0,vol_regime,normal_vol,328,6560,20.0,7.066213509696933,0.007078204817076282,0.008495771671790164,0.6158536585365854,0.5388719512195121,1.6863527321647271,1.4565938629830764,-0.5785395018723937,0.007078204817076279,0.16896976759839974,-0.14827261952460632
low_stock_amount_share_in_industry,research_holdout,40,extreme_selloff_flag,False,296,5920,20.0,0.7932745966679557,0.002602108288941996,0.004115420617002816,0.5574324324324325,0.4920608108108108,1.2260656681343218,1.1520522750154316,-0.6438397058684525,0.002602108288941996,0.16496976759839974,-0.13172969139255267
low_stock_amount_share_in_industry,research_holdout,40,extreme_selloff_flag,True,32,640,20.0,0.21707668331856955,0.007482097702318386,0.018511580739188634,0.5625,0.5671875,1.4662025559401428,1.369254121952904,-0.1905486113995325,0.007482097702318384,0.12566968269527376,-0.15227261952460633
low_stock_amount_share_in_industry,research_holdout,40,industry_crowding_regime,crowding_high,241,4820,20.0,0.0931426241275608,0.0009965824855615415,0.0023610775436631952,0.5311203319502075,0.48651452282157676,1.0778972720465596,1.0544227534939596,-0.6683889002779506,0.0009965824855615415,0.16496976759839974,-0.13110651884385927
low_stock_amount_share_in_industry,research_holdout,40,industry_crowding_regime,crowding_low,1,20,20.0,0.009292066512167407,0.009292066512167504,0.009292066512167504,1.0,0.7,inf,5.431144188856424,0.0,0.009292066512167504,0.009292066512167504,0.009292066512167504
low_stock_amount_share_in_industry,research_holdout,40,industry_crowding_regime,crowding_normal,86,1720,20.0,0.9782038847797023,0.008839334121726976,0.009466554937111057,0.627906976744186,0.5331395348837209,1.90778398503543,1.5853544680262368,-0.43242173656154126,0.008839334121726978,0.12566968269527376,-0.15227261952460633
low_stock_amount_share_in_industry,research_holdout,40,market_regime_id,neutral|normal_vol|crowding_high,134,2680,20.0,0.3663107331261901,0.0029912702552032885,0.0030949048769943477,0.5223880597014925,0.5018656716417911,1.2444530279773747,1.1771467523461743,-0.4992438602631142,0.0029912702552032894,0.16496976759839974,-0.08106404447670099
low_stock_amount_share_in_industry,research_holdout,40,market_regime_id,neutral|normal_vol|crowding_low,1,20,20.0,0.009292066512167407,0.009292066512167504,0.009292066512167504,1.0,0.7,inf,5.431144188856424,0.0,0.009292066512167504,0.009292066512167504,0.009292066512167504
low_stock_amount_share_in_industry,research_holdout,40,market_regime_id,neutral|normal_vol|crowding_normal,57,1140,20.0,0.570222457628776,0.009170805346918652,0.009796206041441631,0.6140350877192983,0.5394736842105263,1.7429932183667245,1.528766875641188,-0.407878695352188,0.009170805346918652,0.12566968269527376,-0.15227261952460633
low_stock_amount_share_in_industry,research_holdout,40,market_regime_id,strong|normal_vol|crowding_high,107,2140,20.0,-0.19993117405555594,-0.0015014377119337307,0.001834276707953312,0.5420560747663551,0.4672897196261682,0.8887086341131446,0.9252932576345769,-0.5654698698987761,-0.001501437711933731,0.06524595737381458,-0.13110651884385927
low_stock_amount_share_in_industry,research_holdout,40,market_regime_id,strong|normal_vol|crowding_normal,29,580,20.0,0.2598239664506039,0.008187821713591616,0.009173509180844888,0.6551724137931034,0.5206896551724138,2.773966429154836,1.7657685632265523,-0.047614721096525314,0.008187821713591616,0.05130511296433077,-0.028045735565580508
low_stock_amount_share_in_industry,research_holdout,40,stock_concentration_regime,stock_concentration_high,3,60,20.0,-0.023511699676243336,-0.00786357903401934,-0.007072014018296044,0.3333333333333333,0.4166666666666667,0.07992729951268582,0.549747947405059,-0.02550876578973571,-0.00786357903401934,0.002049342306409643,-0.01856806539017162
low_stock_amount_share_in_industry,research_holdout,40,stock_concentration_regime,stock_concentration_low,122,2440,20.0,0.8733323388034202,0.0058842654466466,0.009232787846506196,0.639344262295082,0.5299180327868852,1.5739451527314525,1.3830481192340989,-0.5990932451618001,0.0058842654466466,0.12083451133818099,-0.15227261952460633
low_stock_amount_share_in_industry,research_holdout,40,stock_concentration_regime,stock_concentration_normal,203,4060,20.0,0.19311653415111518,0.0015535050867595665,0.0009875926987573422,0.5123152709359606,0.48226600985221674,1.119264138633907,1.0832657827409422,-0.6749627674863733,0.0015535050867595674,0.16496976759839974,-0.13110651884385927
low_stock_amount_share_in_industry,research_holdout,40,trend_regime,neutral,192,3840,20.0,1.165347106370053,0.004858636382727976,0.005052984382962103,0.5520833333333334,0.5140625,1.3981033234575313,1.2867339625167171,-0.5927531469539398,0.004858636382727976,0.16496976759839974,-0.15227261952460633
low_stock_amount_share_in_industry,research_holdout,40,trend_regime,strong,136,2720,20.0,0.007945881734807703,0.0005646543714503511,0.003563502860807652,0.5661764705882353,0.4786764705882353,1.048683474347088,1.0312098624166521,-0.5770960905618623,0.0005646543714503506,0.06524595737381458,-0.13110651884385927
low_stock_amount_share_in_industry,research_holdout,40,vol_regime,normal_vol,328,6560,20.0,1.1825526983920747,0.0030782048170762775,0.004495771671790164,0.5579268292682927,0.499390243902439,1.2575213797278466,1.176699991291041,-0.6772614353511781,0.003078204817076278,0.16496976759839974,-0.15227261952460633
low_stock_ret_60d,research_holdout,0,extreme_selloff_flag,False,296,5920,20.0,10.080874385260637,0.009062990430105269,0.009685568790051929,0.5912162162162162,0.49543918918918917,1.7669783333312685,1.388064856211328,-0.5539511176274757,0.009062990430105269,0.1899077288623758,-0.1500717704511215
low_stock_ret_60d,research_holdout,0,extreme_selloff_flag,True,32,640,20.0,0.6881724739501036,0.017914885199194864,0.027209276734307883,0.6875,0.5875,2.376937920876492,1.741811421311,-0.15649695303739442,0.017914885199194864,0.188355077397879,-0.11243994558457877
low_stock_ret_60d,research_holdout,0,industry_crowding_regime,crowding_high,241,4820,20.0,7.980535312732021,0.009994866168666138,0.010209330844914793,0.6016597510373444,0.5037344398340249,1.8954548948530918,1.4294262832931337,-0.47174130048732754,0.009994866168666135,0.1899077288623758,-0.11616004425581257
low_stock_ret_60d,research_holdout,0,industry_crowding_regime,crowding_low,1,20,20.0,0.057725272518479365,0.057725272518479344,0.057725272518479344,1.0,0.9,inf,37.372061564705234,0.0,0.057725272518479344,0.057725272518479344,0.057725272518479344
low_stock_ret_60d,research_holdout,0,industry_crowding_regime,crowding_normal,86,1720,20.0,0.969317500343323,0.00917945900602764,0.01208176490422357,0.5930232558139535,0.5017441860465116,1.6449439940724553,1.380479295794553,-0.4119351716225055,0.009179459006027636,0.188355077397879,-0.1500717704511215
low_stock_ret_60d,research_holdout,0,market_regime_id,neutral|normal_vol|crowding_high,134,2680,20.0,7.35620616422225,0.01694359218019815,0.014052856462641617,0.6417910447761194,0.542910447761194,2.814431343892254,1.7514961118237022,-0.3268482027953117,0.016943592180198145,0.1899077288623758,-0.07573643957498097
low_stock_ret_60d,research_holdout,0,market_regime_id,neutral|normal_vol|crowding_low,1,20,20.0,0.057725272518479365,0.057725272518479344,0.057725272518479344,1.0,0.9,inf,37.372061564705234,0.0,0.057725272518479344,0.057725272518479344,0.057725272518479344
low_stock_ret_60d,research_holdout,0,market_regime_id,neutral|normal_vol|crowding_normal,57,1140,20.0,0.1057964913766345,0.0035306969420094273,-0.008913837251448647,0.45614035087719296,0.45,1.1735801164962651,1.1129739394537084,-0.3916205852420285,0.0035306969420094265,0.188355077397879,-0.1500717704511215
low_stock_ret_60d,research_holdout,0,market_regime_id,strong|normal_vol|crowding_high,107,2140,20.0,0.07471442616900581,0.001292723313102688,0.008244347536604047,0.5514018691588785,0.4546728971962617,1.0961457339260938,1.0534466066076122,-0.5231652427158953,0.001292723313102688,0.07897792713350921,-0.11616004425581257
low_stock_ret_60d,research_holdout,0,market_regime_id,strong|normal_vol|crowding_normal,29,580,20.0,0.780904095555293,0.02028219823530481,0.023963874503404425,0.8620689655172413,0.603448275862069,10.100962088378354,3.00432240343938,-0.04064893256910784,0.02028219823530481,0.05223899558443586,-0.04064893256910772
low_stock_ret_60d,research_holdout,0,stock_concentration_regime,stock_concentration_high,3,60,20.0,0.024355399604714334,0.008599850880415625,-0.005149371649691597,0.3333333333333333,0.6,1.8957693568023857,1.2434775764634443,-0.023652185855404517,0.008599850880415625,0.054601110146343,-0.023652185855404528
low_stock_ret_60d,research_holdout,0,stock_concentration_regime,stock_concentration_low,122,2440,20.0,1.3576198038919807,0.00801585202067517,0.013285749982486095,0.6147540983606558,0.5127049180327868,1.6207795594805627,1.343626828336158,-0.6099302641968011,0.00801585202067517,0.15841281767885054,-0.1500717704511215
low_stock_ret_60d,research_holdout,0,stock_concentration_regime,stock_concentration_normal,203,4060,20.0,6.745802413352926,0.011094522140501367,0.009737763438722475,0.5960591133004927,0.4980295566502463,1.975020291562438,1.475767138495966,-0.47174130048732776,0.011094522140501368,0.1899077288623758,-0.11616004425581257
low_stock_ret_60d,research_holdout,0,trend_regime,neutral,192,3840,20.0,8.77366018385024,0.013174043491456086,0.008255369588941647,0.5885416666666666,0.5171875,2.0492328257523305,1.5265013500579008,-0.5692227802893266,0.013174043491456084,0.1899077288623758,-0.1500717704511215
low_stock_ret_60d,research_holdout,0,trend_regime,strong,136,2720,20.0,0.9139633231167392,0.00534194958327814,0.01208176490422357,0.6176470588235294,0.4863970588235294,1.4832759319812399,1.2521285381607445,-0.5105693177694124,0.0053419495832781405,0.07897792713350921,-0.11616004425581257
low_stock_ret_60d,research_holdout,0,vol_regime,normal_vol,328,6560,20.0,17.706427124495782,0.009926589919772548,0.010599823751003247,0.600609756097561,0.504420731707317,1.831860814863715,1.423634554004225,-0.5692227802893268,0.009926589919772546,0.1899077288623758,-0.1500717704511215
low_stock_ret_60d,research_holdout,40,extreme_selloff_flag,False,296,5920,20.0,2.412381227633075,0.0050629904301052655,0.005685568790051927,0.5574324324324325,0.4685810810810811,1.3752212475758037,1.1991552398219922,-0.5946365594317491,0.0050629904301052655,0.1859077288623758,-0.1540717704511215
low_stock_ret_60d,research_holdout,40,extreme_selloff_flag,True,32,640,20.0,0.4878017022203691,0.01391488519919486,0.02320927673430788,0.625,0.5640625,1.9628392693185233,1.5385062770953333,-0.1638326398964023,0.01391488519919486,0.18435507739787899,-0.11643994558457878
low_stock_ret_60d,research_holdout,40,industry_crowding_regime,crowding_high,241,4820,20.0,2.445623068545663,0.005994866168666135,0.006209330844914791,0.5684647302904564,0.47717842323651455,1.4679757732241732,1.2368776885865924,-0.5464546680707004,0.005994866168666134,0.1859077288623758,-0.12016004425581257
low_stock_ret_60d,research_holdout,40,industry_crowding_regime,crowding_low,1,20,20.0,0.05372527251847936,0.05372527251847934,0.05372527251847934,1.0,0.85,inf,27.76025897191852,0.0,0.05372527251847934,0.05372527251847934,0.05372527251847934
low_stock_ret_60d,research_holdout,40,industry_crowding_regime,crowding_normal,86,1720,20.0,0.3983227798238598,0.005179459006027634,0.008081764904223568,0.5465116279069767,0.4755813953488372,1.3253161237295845,1.1979104136083454,-0.43177269392526374,0.005179459006027633,0.18435507739787899,-0.1540717704511215
low_stock_ret_60d,research_holdout,40,market_regime_id,neutral|normal_vol|crowding_high,134,2680,20.0,3.92285940123074,0.012943592180198143,0.010052856462641615,0.6119402985074627,0.5152985074626866,2.195587203090009,1.5300146138519874,-0.3797315129145665,0.012943592180198143,0.1859077288623758,-0.07973643957498097
low_stock_ret_60d,research_holdout,40,market_regime_id,neutral|normal_vol|crowding_low,1,20,20.0,0.05372527251847936,0.05372527251847934,0.05372527251847934,1.0,0.85,inf,27.76025897191852,0.0,0.05372527251847934,0.05372527251847934,0.05372527251847934
low_stock_ret_60d,research_holdout,40,market_regime_id,neutral|normal_vol|crowding_normal,57,1140,20.0,-0.12004894119674614,-0.0004693030579905766,-0.012913837251448648,0.40350877192982454,0.43157894736842106,0.9792154986477198,0.985984791773771,-0.41095675229955553,-0.0004693030579905762,0.18435507739787899,-0.1540717704511215
low_stock_ret_60d,research_holdout,40,market_regime_id,strong|normal_vol|crowding_high,107,2140,20.0,-0.30007688871141847,-0.0027072766868973144,0.004244347536604046,0.514018691588785,0.4294392523364486,0.8229951228695349,0.8975224696650909,-0.577291705152227,-0.002707276686897315,0.0749779271335092,-0.12016004425581257
low_stock_ret_60d,research_holdout,40,market_regime_id,strong|normal_vol|crowding_normal,29,580,20.0,0.589091536210661,0.016282198235304805,0.019963874503404425,0.8275862068965517,0.5620689655172414,6.744130849276161,2.380566028884496,-0.044648932569107735,0.016282198235304805,0.048238995584435854,-0.04464893256910772
low_stock_ret_60d,research_holdout,40,stock_concentration_regime,stock_concentration_high,3,60,20.0,0.012203155188900139,0.004599850880415624,-0.009149371649691599,0.3333333333333333,0.5666666666666667,1.3749719733828103,1.124483150444089,-0.02765218585540452,0.004599850880415621,0.050601110146343,-0.02765218585540453
low_stock_ret_60d,research_holdout,40,stock_concentration_regime,stock_concentration_low,122,2440,20.0,0.4500988110086672,0.004015852020675168,0.009285749982486092,0.5737704918032787,0.4840163934426229,1.2768065924778804,1.1585299559213709,-0.6499483820769629,0.004015852020675166,0.15441281767885054,-0.1540717704511215
low_stock_ret_60d,research_holdout,40,stock_concentration_regime,stock_concentration_normal,203,4060,20.0,2.4588944715606593,0.007094522140501364,0.005737763438722472,0.5615763546798029,0.4729064039408867,1.5435204083765557,1.2796184861673974,-0.5286883811906633,0.0070945221405013656,0.1859077288623758,-0.12016004425581257
low_stock_ret_60d,research_holdout,40,trend_regime,neutral,192,3840,20.0,3.564606525741885,0.009174043491456082,0.004255369588941646,0.5520833333333334,0.4921875,1.6433851454433477,1.3398378132722655,-0.5934063725410761,0.00917404349145608,0.1859077288623758,-0.1540717704511215
low_stock_ret_60d,research_holdout,40,trend_regime,strong,136,2720,20.0,0.11224189214691749,0.0013419495832781374,0.008081764904223568,0.5808823529411765,0.4577205882352941,1.1061841918973796,1.0575948705967642,-0.5678164018979313,0.0013419495832781374,0.0749779271335092,-0.12016004425581257
low_stock_ret_60d,research_holdout,40,vol_regime,normal_vol,328,6560,20.0,4.076946599097325,0.005926589919772544,0.006599823751003245,0.5640243902439024,0.47789634146341464,1.4361998894665262,1.2327524807540882,-0.5925393176738564,0.005926589919772544,0.1859077288623758,-0.1540717704511215
combo_low_liquidity_weak_momentum,train,0,extreme_selloff_flag,False,1017,20340,20.0,7.643783310509251,0.0027578402678501597,0.003069709253388192,0.5427728613569321,0.48451327433628316,1.2324772973246245,1.156233957679918,-0.8584569539163892,0.0027578402678501593,0.12225185130480395,-0.16498422061216111
combo_low_liquidity_weak_momentum,train,0,extreme_selloff_flag,True,138,2760,20.0,1.1640546546004447,0.006462190833406143,0.008505060834844386,0.6086956521739131,0.547463768115942,1.5223734710373096,1.3541711965916432,-0.39322455432122383,0.006462190833406142,0.10351579525085239,-0.13804952749589725
combo_low_liquidity_weak_momentum,train,0,industry_crowding_regime,crowding_high,312,6240,20.0,10.783799266278917,0.008494038651281753,0.008484332994418826,0.625,0.5469551282051283,1.9905364068786122,1.6171494853211479,-0.4297298090585141,0.008494038651281751,0.10813217338816475,-0.16498422061216111
combo_low_liquidity_weak_momentum,train,0,industry_crowding_regime,crowding_low,107,2140,20.0,0.006295447613779093,0.001146311733706174,0.007068375403005223,0.5887850467289719,0.5112149532710281,1.0702462350165505,1.051957412698461,-0.7448170860011929,0.0011463117337061734,0.1130034192511491,-0.14950181794261738
combo_low_liquidity_weak_momentum,train,0,industry_crowding_regime,crowding_normal,544,10880,20.0,1.3971421629941676,0.002182509011841258,0.001068653943135392,0.5147058823529411,0.46488970588235295,1.1892958975228303,1.1212714654614362,-0.7169031211330075,0.0021825090118412585,0.12225185130480395,-0.13287304966613114
combo_low_liquidity_weak_momentum,train,0,industry_crowding_regime,insufficient_history,192,3840,20.0,-0.341937017381864,-0.0013727834882002708,0.0007806312050766206,0.5104166666666666,0.46901041666666665,0.9143691465675282,0.9345133203854221,-0.7477173094147379,-0.0013727834882002704,0.090580794089182,-0.14143470458087265
combo_low_liquidity_weak_momentum,train,0,market_regime_id,neutral|high_vol|crowding_high,50,1000,20.0,0.4652900528739703,0.008021168049642402,0.013263022994245869,0.62,0.531,2.0694191003898625,1.5728791407447147,-0.16889575890572817,0.0080211680496424,0.06953417668285487,-0.045323191295877405
combo_low_liquidity_weak_momentum,train,0,market_regime_id,neutral|high_vol|crowding_low,3,60,20.0,0.09082476403576112,0.029531612450363898,0.03892953843894409,1.0,0.8166666666666667,inf,6.685922087409185,0.0,0.0295316124503639,0.043034030922036684,0.006631267990110923
combo_low_liquidity_weak_momentum,train,0,market_regime_id,neutral|high_vol|crowding_normal,132,2640,20.0,0.29886406655478437,0.0026051761912869575,0.00224007625470741,0.5454545454545454,0.49015151515151517,1.2168112440851016,1.1371419460377494,-0.4835375985317103,0.002605176191286957,0.08984586035828596,-0.13287304966613114
combo_low_liquidity_weak_momentum,train,0,market_regime_id,neutral|insufficient_history|crowding_high,8,160,20.0,0.45652875715604746,0.04847822430324833,0.06166051031550437,1.0,0.86875,inf,25.476174316901712,0.0,0.04847822430324833,0.06934625475728004,0.002573605102893861
combo_low_liquidity_weak_momentum,train,0,market_regime_id,neutral|insufficient_history|crowding_normal,8,160,20.0,0.23736623081520714,0.028156052450416733,0.018691869271989008,0.5,0.61875,4.013896716383519,3.2641305740427646,-0.05903633901687688,0.028156052450416726,0.09120302921590058,-0.028658268721316837
combo_low_liquidity_weak_momentum,train,0,market_regime_id,neutral|insufficient_history|insufficient_history,87,1740,20.0,-0.703257381446067,-0.01315406642658917,-0.011221495495429824,0.39080459770114945,0.3718390804597701,0.348205201627563,0.4879047917271898,-0.7658219232401108,-0.01315406642658917,0.050411395983127036,-0.14143470458087265
combo_low_liquidity_weak_momentum,train,0,market_regime_id,neutral|low_vol|crowding_high,31,620,20.0,0.511725173577033,0.01401682936080766,0.016600643094557544,0.7096774193548387,0.6403225806451613,2.818706447806013,2.3849212645841984,-0.1987355320562867,0.01401682936080766,0.08002911040560277,-0.08665448765042257
combo_low_liquidity_weak_momentum,train,0,market_regime_id,neutral|low_vol|crowding_normal,3,60,20.0,-0.11005370543758897,-0.03782030712307794,-0.03926742273414564,0.0,0.11666666666666667,0.0,0.0456580619864013,-0.046697967933880036,-0.03782030712307794,-0.00773424923393447,-0.06645924940115372
combo_low_liquidity_weak_momentum,train,0,market_regime_id,neutral|normal_vol|crowding_high,77,1540,20.0,0.8949303240705169,0.008688334233102592,0.008196041320748675,0.5974025974025974,0.5474025974025974,2.2655421602162926,1.7810666471804102,-0.22629531788579593,0.00868833423310259,0.09717746000612035,-0.034587201074439314
combo_low_liquidity_weak_momentum,train,0,market_regime_id,neutral|normal_vol|crowding_low,41,820,20.0,0.14693395551486055,0.003835180138007274,0.01009505608402923,0.6341463414634146,0.551219512195122,1.3847725094530454,1.2406343997872922,-0.24811621572917952,0.003835180138007275,0.04528343621178842,-0.09536526277207086
combo_low_liquidity_weak_momentum,train,0,market_regime_id,neutral|normal_vol|crowding_normal,202,4040,20.0,-0.4642689182314783,-0.0026678184393344032,-0.0005478770115353388,0.49504950495049505,0.41905940594059404,0.7783877972731889,0.8580861720119869,-0.5739157337415913,-0.002667818439334403,0.10999392341753471,-0.11403919043880159
combo_low_liquidity_weak_momentum,train,0,market_regime_id,strong|high_vol|crowding_high,82,1640,20.0,0.231452910690225,0.0033336365214194654,0.009535483257996191,0.6585365853658537,0.5225609756097561,1.2760696828309679,1.1840575017888786,-0.40425464708692194,0.0033336365214194637,0.08674032493765396,-0.16498422061216111
combo_low_liquidity_weak_momentum,train,0,market_regime_id,strong|high_vol|crowding_low,14,280,20.0,0.08707452294522522,0.006235759373407805,0.0075825884620682495,0.7857142857142857,0.55,2.0806482924372824,1.472250764757475,-0.0792136929439281,0.006235759373407805,0.043070791749927874,-0.05404488049121291
combo_low_liquidity_weak_momentum,train,0,market_regime_id,strong|high_vol|crowding_normal,124,2480,20.0,-0.2830013945198746,-0.002192213750233144,-0.004590712465828794,0.45161290322580644,0.43790322580645163,0.8310029138942256,0.8874426809241317,-0.5249832776265275,-0.0021922137502331444,0.09764575272604115,-0.07690185325209294
combo_low_liquidity_weak_momentum,train,0,market_regime_id,strong|insufficient_history|crowding_high,2,40,20.0,-0.040980565647353084,-0.020377023426837577,-0.020377023426837577,0.5,0.275,0.10841477747012584,0.27924846102843226,-0.04570964819048429,-0.020377023426837577,0.00495560133680909,-0.045709648190484245
combo_low_liquidity_weak_momentum,train,0,market_regime_id,strong|insufficient_history|crowding_normal,2,40,20.0,-0.04271340945375757,-0.02154509473509572,-0.02154509473509572,0.0,0.15,0.0,0.09982000026171761,-0.030894484592745797,-0.021545094735095718,-0.012195704877445663,-0.030894484592745776
combo_low_liquidity_weak_momentum,train,0,market_regime_id,strong|insufficient_history|insufficient_history,13,260,20.0,-0.031522634518495685,-0.0020441933583519208,0.014305282498355304,0.6153846153846154,0.5192307692307693,0.8474396616150857,0.8737612256197107,-0.16324029743577373,-0.0020441933583519225,0.025426589926954013,-0.05470681329613045
combo_low_liquidity_weak_momentum,train,0,market_regime_id,strong|normal_vol|crowding_high,55,1100,20.0,0.29870819089421974,0.005172216896325533,0.0007422388711594396,0.5272727272727272,0.4918181818181818,1.6256642932595238,1.3514514113643528,-0.2316940878002891,0.005172216896325533,0.09005503755492507,-0.06559314493549186
combo_low_liquidity_weak_momentum,train,0,market_regime_id,strong|normal_vol|crowding_low,7,140,20.0,-0.010275039833875121,-0.0013969685073727774,-0.0009169322150724025,0.42857142857142855,0.45714285714285713,0.7555721516611833,0.8957953760334825,-0.03215549197774481,-0.0013969685073727772,0.020185588530855995,-0.020097960808953725
combo_low_liquidity_weak_momentum,train,0,market_regime_id,strong|normal_vol|crowding_normal,27,540,20.0,0.4671748501777133,0.014722353943286921,0.006530313570866392,0.6666666666666666,0.5388888888888889,4.583844187293595,2.3106950409721017,-0.050777439374668276,0.014722353943286916,0.10054459431641646,-0.029916229799746702
combo_low_liquidity_weak_momentum,train,0,market_regime_id,weak|high_vol|crowding_high,3,60,20.0,0.28283138182604906,0.08685811278574261,0.10071310073442163,1.0,0.9833333333333333,inf,,0.0,0.08685811278574261,0.10813217338816475,0.05172906423464143
combo_low_liquidity_weak_momentum,train,0,market_regime_id,weak|high_vol|crowding_low,12,240,20.0,0.5614526388387455,0.03882388915351798,0.039618649613266055,0.75,0.675,9.244364101242974,5.396253924237052,-0.05559079523299981,0.03882388915351799,0.1130034192511491,-0.030135241727237926
combo_low_liquidity_weak_momentum,train,0,market_regime_id,weak|high_vol|crowding_normal,17,340,20.0,0.9214903936598533,0.040256804806487155,0.04606162597550435,0.7058823529411765,0.6794117647058824,7.368489627925344,4.390906317693222,-0.07208963501217802,0.04025680480648716,0.12225185130480395,-0.034685413378102534
combo_low_liquidity_weak_momentum,train,0,market_regime_id,weak|insufficient_history|insufficient_history,92,1840,20.0,1.2898026921574126,0.009863085467797617,0.018543417405022602,0.6086956521739131,0.553804347826087,1.790374802365942,1.574452537990704,-0.47654455102860904,0.009863085467797617,0.090580794089182,-0.10117858329107117
combo_low_liquidity_weak_momentum,train,0,market_regime_id,weak|normal_vol|crowding_high,4,80,20.0,-0.020396773005321056,-0.004979499849997462,-0.007380175823898588,0.25,0.4375,0.5294444691266529,0.6494829879071761,-0.035320802196037726,-0.004979499849997462,0.022410691037506886,-0.02756833878969956
combo_low_liquidity_weak_momentum,train,0,market_regime_id,weak|normal_vol|crowding_low,30,600,20.0,-0.5212272188713347,-0.02221967963403817,-0.024980904934675342,0.36666666666666664,0.355,0.4254086300351652,0.48997778668005026,-0.6860468479666054,-0.022219679634038165,0.10351579525085239,-0.14950181794261738
combo_low_liquidity_weak_momentum,train,0,market_regime_id,weak|normal_vol|crowding_normal,29,580,20.0,0.6167423266608112,0.017364445793906495,0.015307756508257608,0.6206896551724138,0.6051724137931035,3.5677429276965245,2.6840744224544246,-0.14509584007513188,0.017364445793906492,0.1061973001753636,-0.04220495910836939
combo_low_liquidity_weak_momentum,train,0,stock_concentration_regime,insufficient_history,192,3840,20.0,-0.341937017381864,-0.0013727834882002708,0.0007806312050766206,0.5104166666666666,0.46901041666666665,0.9143691465675282,0.9345133203854221,-0.7477173094147379,-0.0013727834882002704,0.090580794089182,-0.14143470458087265
combo_low_liquidity_weak_momentum,train,0,stock_concentration_regime,stock_concentration_high,109,2180,20.0,1.0254151794911066,0.0072741165104465745,0.006631267990110923,0.5963302752293578,0.5348623853211009,1.6251363121262374,1.4021523185557798,-0.4485559775845481,0.007274116510446574,0.12225185130480395,-0.09701703607606042
combo_low_liquidity_weak_momentum,train,0,stock_concentration_regime,stock_concentration_low,350,7000,20.0,-0.23490358333627226,-3.281890964435906e-05,0.0005935099549464694,0.5028571428571429,0.45471428571428574,0.9976030628190091,0.9983714906385792,-0.9151681579993366,-3.2818909644358485e-05,0.1130034192511491,-0.14950181794261738
combo_low_liquidity_weak_momentum,train,0,stock_concentration_regime,stock_concentration_normal,504,10080,20.0,17.343170636825693,0.006306921102946351,0.006204018139431286,0.5892857142857143,0.5174603174603175,1.6860806034826548,1.4283879349183106,-0.49196074939269796,0.00630692110294635,0.10054459431641646,-0.16498422061216111
combo_low_liquidity_weak_momentum,train,0,trend_regime,neutral,642,12840,20.0,0.7392206540413211,0.0014183995602439323,0.0026348726656956005,0.5389408099688473,0.4790498442367601,1.121204552914942,1.0804910275245325,-0.7658219232401108,0.0014183995602439323,0.10999392341753471,-0.14143470458087265
combo_low_liquidity_weak_momentum,train,0,trend_regime,strong,326,6520,20.0,0.6093936128653161,0.0019957125067110297,0.00378923600522868,0.5521472392638037,0.48236196319018404,1.1833682637898797,1.1160426956633773,-0.670954705334996,0.0019957125067110297,0.10054459431641646,-0.16498422061216111
combo_low_liquidity_weak_momentum,train,0,trend_regime,weak,187,3740,20.0,5.6827488279308795,0.011418668944113686,0.015733167904884042,0.5882352941176471,0.553475935828877,1.7877579267706845,1.601453022716137,-0.6864298654356102,0.011418668944113686,0.12225185130480395,-0.14950181794261738
combo_low_liquidity_weak_momentum,train,0,vol_regime,high_vol,437,8740,20.0,6.669628699959917,0.005339101848851283,0.005182330269685692,0.5743707093821511,0.5060640732265447,1.485618361321667,1.3063506732157144,-0.6819685959972681,0.005339101848851284,0.12225185130480395,-0.16498422061216111
combo_low_liquidity_weak_momentum,train,0,vol_regime,insufficient_history,212,4240,20.0,0.08881518280431022,0.0012530922074103863,0.0025771927884083636,0.5235849056603774,0.4849056603773585,1.0819528035155146,1.062586731926532,-0.7477173094147379,0.001253092207410386,0.09120302921590058,-0.14143470458087265
combo_low_liquidity_weak_momentum,train,0,vol_regime,low_vol,34,680,20.0,0.3453542166215977,0.0094429643769354,0.0132294249041097,0.6470588235294118,0.5941176470588235,1.9111237017844191,1.7420949917468584,-0.28691765578897055,0.0094429643769354,0.08002911040560277,-0.08665448765042257
combo_low_liquidity_weak_momentum,train,0,vol_regime,normal_vol,472,9440,20.0,0.664972037533266,0.0016453433107602613,0.002413430219116,0.5338983050847458,0.47489406779661014,1.1445335153117246,1.094977349139712,-0.8604383202527308,0.0016453433107602613,0.10999392341753471,-0.14950181794261738
combo_low_liquidity_weak_momentum,train,40,extreme_selloff_flag,False,1017,20340,20.0,-0.8524054025151093,-0.0012421597321498428,-0.0009302907466118089,0.4837758112094395,0.45260570304818093,0.9099912722171519,0.9371584233255787,-0.9348823329374624,-0.0012421597321498425,0.11825185130480395,-0.16898422061216112
combo_low_liquidity_weak_momentum,train,40,extreme_selloff_flag,True,138,2760,20.0,0.2479320275179291,0.0024621908334061405,0.004505060834844384,0.572463768115942,0.5206521739130435,1.176080926465233,1.12249834455144,-0.42755113436351777,0.0024621908334061405,0.09951579525085238,-0.14204952749589725
combo_low_liquidity_weak_momentum,train,40,industry_crowding_regime,crowding_high,312,6240,20.0,2.405486013200346,0.004494038651281751,0.004484332994418823,0.5801282051282052,0.509775641025641,1.442243626373323,1.2873820535671268,-0.4468416776718004,0.00449403865128175,0.10413217338816474,-0.16898422061216112
combo_low_liquidity_weak_momentum,train,40,industry_crowding_regime,crowding_low,107,2140,20.0,-0.34494638069769334,-0.0028536882662938286,0.003068375403005222,0.5327102803738317,0.47523364485981306,0.841707971326432,0.8814996557931536,-0.7754853456423799,-0.002853688266293829,0.10900341925114909,-0.15350181794261739
combo_low_liquidity_weak_momentum,train,40,industry_crowding_regime,crowding_normal,544,10880,20.0,-0.7285101904679212,-0.0018174909881587442,-0.002931346056864609,0.4485294117647059,0.4348345588235294,0.8662973260350335,0.9099609932625073,-0.8581228873051678,-0.0018174909881587438,0.11825185130480395,-0.13687304966613115
combo_low_liquidity_weak_momentum,train,40,industry_crowding_regime,insufficient_history,192,3840,20.0,-0.6958751501822276,-0.0053727834882002735,-0.0032193687949233817,0.4635416666666667,0.44635416666666666,0.7027461424203344,0.767643206346065,-0.8429193099776544,-0.005372783488200274,0.086580794089182,-0.14543470458087265
combo_low_liquidity_weak_momentum,train,40,market_regime_id,neutral|high_vol|crowding_high,50,1000,20.0,0.20094779034971766,0.004021168049642398,0.009263022994245869,0.6,0.495,1.4446615726783278,1.2522196820505003,-0.25471281216610475,0.004021168049642399,0.06553417668285487,-0.04932319129587741
combo_low_liquidity_weak_momentum,train,40,market_regime_id,neutral|high_vol|crowding_low,3,60,20.0,0.07815648358493066,0.025531612450363898,0.034929538438944085,1.0,0.8,inf,5.290250498014741,0.0,0.025531612450363898,0.03903403092203669,0.0026312679901109217
combo_low_liquidity_weak_momentum,train,40,market_regime_id,neutral|high_vol|crowding_normal,132,2640,20.0,-0.23421613191565382,-0.0013948238087130456,-0.0017599237452925929,0.48484848484848486,0.4678030303030303,0.9002202507693744,0.9338051537294138,-0.5776997997546718,-0.0013948238087130446,0.08584586035828595,-0.13687304966613115
combo_low_liquidity_weak_momentum,train,40,market_regime_id,neutral|insufficient_history|crowding_high,8,160,20.0,0.41263481828245596,0.04447822430324833,0.05766051031550437,0.75,0.85,168.00401096768653,18.548767422116693,-0.0014263948971061646,0.044478224303248326,0.06534625475728004,-0.001426394897106139
combo_low_liquidity_weak_momentum,train,40,market_regime_id,neutral|insufficient_history|crowding_normal,8,160,20.0,0.19928934647039642,0.02415605245041673,0.014691869271989004,0.5,0.58125,3.1297734435701328,2.7225555200130187,-0.07051298095137404,0.024156052450416722,0.08720302921590058,-0.032658268721316844
combo_low_liquidity_weak_momentum,train,40,market_regime_id,neutral|insufficient_history|insufficient_history,87,1740,20.0,-0.7916985466269102,-0.01715406642658917,-0.015221495495429824,0.3103448275862069,0.34770114942528735,0.24553459497428054,0.3925189348083566,-0.8297377644993374,-0.017154066426589176,0.04641139598312703,-0.14543470458087265
combo_low_liquidity_weak_momentum,train,40,market_regime_id,neutral|low_vol|crowding_high,31,620,20.0,0.33719951426438155,0.010016829360807658,0.012600643094557542,0.6451612903225806,0.6096774193548387,2.102703158115403,1.8633350832121707,-0.2153529957098872,0.010016829360807656,0.07602911040560277,-0.09065448765042257
combo_low_liquidity_weak_momentum,train,40,market_regime_id,neutral|low_vol|crowding_normal,3,60,20.0,-0.12111360704087215,-0.041820307123077945,-0.04326742273414565,0.0,0.1,0.0,0.03140220561372722,-0.05449396124600758,-0.041820307123077945,-0.011734249233934471,-0.07045924940115372
combo_low_liquidity_weak_momentum,train,40,market_regime_id,neutral|normal_vol|crowding_high,77,1540,20.0,0.3951667397389851,0.00468833423310259,0.004196041320748675,0.5714285714285714,0.509090909090909,1.5501954309235668,1.360805875316533,-0.30915727446181185,0.004688334233102589,0.09317746000612034,-0.03858720107443932
combo_low_liquidity_weak_momentum,train,40,market_regime_id,neutral|normal_vol|crowding_low,41,820,20.0,-0.02641425540130915,-0.0001648198619927271,0.0060950560840292295,0.5853658536585366,0.5097560975609756,0.9856382520727431,0.9907411007892158,-0.29566389210402466,-0.0001648198619927271,0.04128343621178842,-0.09936526277207086
combo_low_liquidity_weak_momentum,train,40,market_regime_id,neutral|normal_vol|crowding_normal,202,4040,20.0,-0.7622643209440221,-0.0066678184393344055,-0.004547877011535339,0.400990099009901,0.3811881188118812,0.5316185686030265,0.6852458634921206,-0.7931174825532363,-0.0066678184393344055,0.1059939234175347,-0.1180391904388016
combo_low_liquidity_weak_momentum,train,40,market_regime_id,strong|high_vol|crowding_high,82,1640,20.0,-0.11299318967630867,-0.000666363478580535,0.005535483257996191,0.5975609756097561,0.4823170731707317,0.9507230354708631,0.9668295580160723,-0.417376669640128,-0.0006663634785805369,0.08274032493765396,-0.16898422061216112
combo_low_liquidity_weak_momentum,train,40,market_regime_id,strong|high_vol|crowding_low,14,280,20.0,0.028084877010793763,0.0022357593734078037,0.003582588462068248,0.5714285714285714,0.4928571428571429,1.325328735500044,1.147846879865662,-0.09052708195899739,0.002235759373407802,0.03907079174992787,-0.05804488049121291
combo_low_liquidity_weak_momentum,train,40,market_regime_id,strong|high_vol|crowding_normal,124,2480,20.0,-0.5644988976327597,-0.0061922137502331475,-0.008590712465828796,0.4032258064516129,0.4112903225806452,0.5929493968799744,0.7155770260276587,-0.689151972876556,-0.006192213750233147,0.09364575272604114,-0.08090185325209294
combo_low_liquidity_weak_momentum,train,40,market_regime_id,strong|insufficient_history|crowding_high,2,40,20.0,-0.04880154945993842,-0.02437702342683758,-0.02437702342683758,0.5,0.225,0.019223659220988346,0.22108921863907327,-0.04970964819048429,-0.02437702342683758,0.0009556013368090891,-0.04970964819048425
combo_low_liquidity_weak_momentum,train,40,market_regime_id,strong|insufficient_history|crowding_normal,2,40,20.0,-0.05052504869587682,-0.02554509473509572,-0.02554509473509572,0.0,0.1,0.0,0.06837471389100043,-0.0348944845927458,-0.025545094735095718,-0.016195704877445663,-0.03489448459274578
combo_low_liquidity_weak_momentum,train,40,market_regime_id,strong|insufficient_history|insufficient_history,13,260,20.0,-0.08083124319668644,-0.006044193358351924,0.010305282498355304,0.6153846153846154,0.4653846153846154,0.5953734046058369,0.6677385727376801,-0.18044270721896827,-0.0060441933583519234,0.021426589926954013,-0.05870681329613046
combo_low_liquidity_weak_momentum,train,40,market_regime_id,strong|normal_vol|crowding_high,55,1100,20.0,0.0427763264014267,0.0011722168963255316,-0.0032577611288405624,0.4909090909090909,0.45454545454545453,1.1139925385144205,1.0697021912259548,-0.2817973236945608,0.0011722168963255312,0.08605503755492507,-0.06959314493549186
combo_low_liquidity_weak_momentum,train,40,market_regime_id,strong|normal_vol|crowding_low,7,140,20.0,-0.03769905068153845,-0.005396968507372779,-0.004916932215072403,0.2857142857142857,0.42857142857142855,0.3444930174012453,0.654823836066167,-0.05302637610743699,-0.0053969685073727795,0.016185588530855992,-0.024097960808953725
combo_low_liquidity_weak_momentum,train,40,market_regime_id,strong|normal_vol|crowding_normal,27,540,20.0,0.3186476417959119,0.01072235394328692,0.002530313570866391,0.5925925925925926,0.5055555555555555,2.930780418592847,1.8165212423807335,-0.06232091518008598,0.010722353943286918,0.09654459431641646,-0.033916229799746705
combo_low_liquidity_weak_momentum,train,40,market_regime_id,weak|high_vol|crowding_high,3,60,20.0,0.26871211752031976,0.08285811278574261,0.09671310073442163,1.0,0.9666666666666667,inf,790.2101023436894,0.0,0.08285811278574261,0.10413217338816474,0.047729064234641426
combo_low_liquidity_weak_momentum,train,40,market_regime_id,weak|high_vol|crowding_low,12,240,20.0,0.49068013450727155,0.03482388915351798,0.03561864961326605,0.75,0.6416666666666667,7.099670197000308,4.419946159804602,-0.06709537677182942,0.03482388915351799,0.10900341925114909,-0.03413524172723793
combo_low_liquidity_weak_momentum,train,40,market_regime_id,weak|high_vol|crowding_normal,17,340,20.0,0.7994266864523458,0.03625680480648715,0.04206162597550435,0.7058823529411765,0.6647058823529411,5.835711355989449,3.7531641519396004,-0.08345931216554936,0.03625680480648716,0.11825185130480395,-0.03868541337810254
combo_low_liquidity_weak_momentum,train,40,market_regime_id,weak|insufficient_history|insufficient_history,92,1840,20.0,0.5884163670201303,0.0058630854677976145,0.014543417405022602,0.5869565217391305,0.5369565217391304,1.41554496518578,1.3088623591092947,-0.562369858849863,0.005863085467797614,0.086580794089182,-0.10517858329107117
combo_low_liquidity_weak_momentum,train,40,market_regime_id,weak|normal_vol|crowding_high,4,80,20.0,-0.03605911006482654,-0.008979499849997465,-0.011380175823898588,0.25,0.375,0.3388760319685552,0.45730137604131993,-0.043162639861054286,-0.008979499849997463,0.018410691037506886,-0.031568338789699564
combo_low_liquidity_weak_momentum,train,40,market_regime_id,weak|normal_vol|crowding_low,30,600,20.0,-0.5768479039355889,-0.026219679634038175,-0.028980904934675346,0.36666666666666664,0.33166666666666667,0.3636577118505584,0.4323466802355401,-0.7081546921651287,-0.02621967963403817,0.09951579525085238,-0.15350181794261739
combo_low_liquidity_weak_momentum,train,40,market_regime_id,weak|normal_vol|crowding_normal,29,580,20.0,0.4419843538800998,0.013364445793906492,0.011307756508257608,0.5862068965517241,0.5758620689655173,2.5951027465864134,2.121090608762669,-0.18249358661794768,0.01336444579390649,0.10219730017536359,-0.046204959108369394
combo_low_liquidity_weak_momentum,train,40,stock_concentration_regime,insufficient_history,192,3840,20.0,-0.6958751501822276,-0.0053727834882002735,-0.0032193687949233817,0.4635416666666667,0.44635416666666666,0.7027461424203344,0.767643206346065,-0.8429193099776544,-0.005372783488200274,0.086580794089182,-0.14543470458087265
combo_low_liquidity_weak_momentum,train,40,stock_concentration_regime,stock_concentration_high,109,2180,20.0,0.311784703061325,0.003274116510446573,0.0026312679901109217,0.5412844036697247,0.5036697247706422,1.2457165563132404,1.1637161450349143,-0.5063758886458104,0.0032741165104465727,0.11825185130480395,-0.10101703607606043
combo_low_liquidity_weak_momentum,train,40,stock_concentration_regime,stock_concentration_low,350,7000,20.0,-0.8122571291870417,-0.00403281890964436,-0.003406490045053532,0.44571428571428573,0.42328571428571427,0.7444436254195177,0.8198542358304484,-0.9538274877045811,-0.00403281890964436,0.10900341925114909,-0.15350181794261739
combo_low_liquidity_weak_momentum,train,40,stock_concentration_regime,stock_concentration_normal,504,10080,20.0,1.459141209388609,0.002306921102946349,0.002204018139431284,0.5297619047619048,0.48293650793650794,1.2106777627384306,1.1380601684733496,-0.6631122136253298,0.0023069211029463485,0.09654459431641646,-0.16898422061216112
combo_low_liquidity_weak_momentum,train,40,trend_regime,neutral,642,12840,20.0,-0.8672049281117895,-0.002581600439756069,-0.0013651273343044,0.4719626168224299,0.4468847352024922,0.8111825413190258,0.8693368253021947,-0.8845218716360038,-0.00258160043975607,0.1059939234175347,-0.14543470458087265
combo_low_liquidity_weak_momentum,train,40,trend_regime,strong,326,6520,20.0,-0.5637595593023425,-0.002004287493288972,-0.00021076399477132132,0.4938650306748466,0.447239263803681,0.8429167999151594,0.8963110950232377,-0.7551991436601146,-0.002004287493288972,0.09654459431641646,-0.16898422061216112
combo_low_liquidity_weak_momentum,train,40,trend_regime,weak,187,3740,20.0,2.179461056983578,0.007418668944113683,0.011733167904884042,0.5721925133689839,0.5318181818181819,1.4582375294313432,1.3565950868641807,-0.7131487123052009,0.007418668944113685,0.11825185130480395,-0.15350181794261739
combo_low_liquidity_weak_momentum,train,40,vol_regime,high_vol,437,8740,20.0,0.3401056312363775,0.0013391018488512815,0.0011823302696856903,0.5217391304347826,0.4765446224256293,1.1047824927130896,1.0688337454610384,-0.723834711747453,0.0013391018488512812,0.11825185130480395,-0.16898422061216112
combo_low_liquidity_weak_momentum,train,40,vol_regime,insufficient_history,212,4240,20.0,-0.5346706609732671,-0.002746907792589616,-0.0014228072115916365,0.4716981132075472,0.46132075471698114,0.841063864449064,0.8758197574077906,-0.8429193099776544,-0.0027469077925896157,0.08720302921590058,-0.14543470458087265
combo_low_liquidity_weak_momentum,train,40,vol_regime,low_vol,34,680,20.0,0.1752464577585191,0.005442964376935398,0.009229424904109699,0.5882352941176471,0.5647058823529412,1.4546262551982039,1.3782885811973835,-0.31038442465327754,0.005442964376935398,0.07602911040560277,-0.09065448765042257
combo_low_liquidity_weak_momentum,train,40,vol_regime,normal_vol,472,9440,20.0,-0.7486765729806149,-0.0023546566892397405,-0.0015865697808840008,0.4724576271186441,0.43834745762711863,0.8238358787999039,0.8791453174985173,-0.9024688902698776,-0.00235465668923974,0.1059939234175347,-0.15350181794261739
combo_low_size_low_liquidity,train,0,extreme_selloff_flag,False,1070,21400,20.0,2.925520052443356,0.0018199260351498448,0.0033640820967251626,0.5476635514018692,0.4992523364485981,1.1621251083040705,1.1190265015075314,-0.808053457933671,0.0018199260351498443,0.12045655930994599,-0.15911208081115433
combo_low_size_low_liquidity,train,0,extreme_selloff_flag,True,145,2900,20.0,1.0477183704945232,0.005778622375369648,0.010624827323266101,0.6137931034482759,0.5748275862068966,1.4566589144565016,1.3404072963844944,-0.35937164296356516,0.0057786223753696474,0.09652129340233123,-0.1226808722383532
combo_low_size_low_liquidity,train,0,industry_crowding_regime,crowding_high,312,6240,20.0,5.463139376833823,0.0064385405716976245,0.00781422097848187,0.6282051282051282,0.5604166666666667,1.7813722400594116,1.5475567756849382,-0.40645089258019507,0.006438540571697625,0.09169079158989596,-0.15571765517471597
combo_low_size_low_liquidity,train,0,industry_crowding_regime,crowding_low,107,2140,20.0,-0.12274079313547237,-0.0005660101332529046,0.0032456445132479582,0.5233644859813084,0.5,0.9577517459531112,0.9670302467261621,-0.660213489932487,-0.0005660101332529045,0.08094516917053458,-0.12670023468132424
combo_low_size_low_liquidity,train,0,industry_crowding_regime,crowding_normal,544,10880,20.0,0.7877874935634923,0.001552337360662322,0.0017284974513392419,0.5349264705882353,0.48216911764705883,1.144208531694323,1.1021516933222988,-0.662559756795496,0.0015523373606623223,0.12045655930994599,-0.1274406326107715
combo_low_size_low_liquidity,train,0,industry_crowding_regime,insufficient_history,252,5040,20.0,-0.20698742261949954,-2.9809509019720243e-05,0.0030920065808147604,0.5238095238095238,0.5035714285714286,0.9981152954443443,0.9985122958644196,-0.7986138000771144,-2.980950901971707e-05,0.09652129340233123,-0.15911208081115433
combo_low_size_low_liquidity,train,0,market_regime_id,insufficient_history|insufficient_history|insufficient_history,60,1200,20.0,-0.24022298903341754,-0.00347308374263773,0.002481792654119827,0.5333333333333333,0.49583333333333335,0.8131520395917783,0.8507336745869868,-0.6235893710882165,-0.0034730837426377296,0.07834345266617494,-0.15911208081115433
combo_low_size_low_liquidity,train,0,market_regime_id,neutral|high_vol|crowding_high,50,1000,20.0,0.7361416207129032,0.011338528338120437,0.015896816626242382,0.74,0.62,3.506621302330703,2.2361113947171503,-0.12770183466190277,0.011338528338120435,0.060146894120207815,-0.048575039656542515
combo_low_size_low_liquidity,train,0,market_regime_id,neutral|high_vol|crowding_low,3,60,20.0,0.0762347336481517,0.02490147230495313,0.03540697408973381,1.0,0.85,inf,10.694143098839115,0.0,0.024901472304953133,0.035520374186513895,0.003777068638611686
combo_low_size_low_liquidity,train,0,market_regime_id,neutral|high_vol|crowding_normal,132,2640,20.0,0.4323894884620616,0.003195611532924481,0.004779559691636512,0.5909090909090909,0.521969696969697,1.3167871731881338,1.2159674237212115,-0.42680524013461807,0.0031956115329244807,0.095801305582234,-0.12660966397802817
combo_low_size_low_liquidity,train,0,market_regime_id,neutral|insufficient_history|crowding_high,8,160,20.0,0.28961328203202985,0.032599005883040294,0.0422246745074739,0.75,0.80625,17.618265130047746,9.643505401377883,-0.0008656257782641008,0.03259900588304029,0.05648305108724311,-0.01482747124621287
combo_low_size_low_liquidity,train,0,market_regime_id,neutral|insufficient_history|crowding_normal,8,160,20.0,0.10143420111370283,0.013139425737577766,0.01035209972932741,0.5,0.575,1.9166745967920182,1.801895724083738,-0.10011615510914251,0.013139425737577764,0.07404073292771331,-0.047119408548091025
combo_low_size_low_liquidity,train,0,market_regime_id,neutral|insufficient_history|insufficient_history,87,1740,20.0,-0.5198683581743155,-0.007605969149961566,-0.007786593075376219,0.42528735632183906,0.42011494252873566,0.5871109517255604,0.6739039706856812,-0.6470918508478648,-0.007605969149961566,0.08710905624089801,-0.12556506931360595
combo_low_size_low_liquidity,train,0,market_regime_id,neutral|low_vol|crowding_high,31,620,20.0,0.46132424059704835,0.012666822344429673,0.015221659477188686,0.8064516129032258,0.667741935483871,3.1691932282037376,2.556100913616072,-0.1604917673767191,0.012666822344429675,0.05615817141835454,-0.0659861440352493
combo_low_size_low_liquidity,train,0,market_regime_id,neutral|low_vol|crowding_normal,3,60,20.0,-0.11443496891646576,-0.039497372604553764,-0.04088773699032329,0.0,0.06666666666666667,0.0,0.06521911765286317,-0.05492858398868339,-0.03949737260455376,-0.014639419742481669,-0.06296496108085632
combo_low_size_low_liquidity,train,0,market_regime_id,neutral|normal_vol|crowding_high,77,1540,20.0,0.39501982904678035,0.004580198505016461,0.003998232324159678,0.6103896103896104,0.5344155844155845,1.6565108986934045,1.4550788715826968,-0.244457240348939,0.004580198505016462,0.06578051710172485,-0.043404517939106435
combo_low_size_low_liquidity,train,0,market_regime_id,neutral|normal_vol|crowding_low,41,820,20.0,0.164380588956337,0.004116224990616384,0.007391367061859039,0.6097560975609756,0.5463414634146342,1.4829633349986684,1.3504035425945666,-0.21041880563241355,0.004116224990616383,0.057148675095341786,-0.0772613163489647
combo_low_size_low_liquidity,train,0,market_regime_id,neutral|normal_vol|crowding_normal,202,4040,20.0,-0.5054114172250658,-0.0031253283990193264,-0.003222712428977187,0.47029702970297027,0.42574257425742573,0.719568783150647,0.7928770057724965,-0.5854768903502945,-0.003125328399019326,0.12045655930994599,-0.09838130218606926
combo_low_size_low_liquidity,train,0,market_regime_id,strong|high_vol|crowding_high,82,1640,20.0,0.33160690649196334,0.004204393214784412,0.010225630567208748,0.6585365853658537,0.5682926829268292,1.3831539488281535,1.282869915746556,-0.38053371464250874,0.0042043932147844115,0.09169079158989596,-0.15571765517471597
combo_low_size_low_liquidity,train,0,market_regime_id,strong|high_vol|crowding_low,14,280,20.0,0.09666378344952542,0.007070000551511265,-0.001037103969380926,0.42857142857142855,0.55,1.825365406862489,1.5650388274530638,-0.09888606751572937,0.007070000551511265,0.0557869959934846,-0.054613773330712136
combo_low_size_low_liquidity,train,0,market_regime_id,strong|high_vol|crowding_normal,124,2480,20.0,0.13396658472747824,0.0016322664330992013,0.003859748598680185,0.5564516129032258,0.4717741935483871,1.135714415292145,1.092168672376206,-0.47932638545618245,0.0016322664330992007,0.09067665296884218,-0.1274406326107715
combo_low_size_low_liquidity,train,0,market_regime_id,strong|insufficient_history|crowding_high,2,40,20.0,-0.08200370559882375,-0.041390630282539816,-0.041390630282539816,0.0,0.125,0.0,0.03875654700133659,-0.07197868855582656,-0.04139063028253982,-0.010802572009253202,-0.07197868855582643
combo_low_size_low_liquidity,train,0,market_regime_id,strong|insufficient_history|crowding_normal,2,40,20.0,-0.08249320414030703,-0.0420276379628849,-0.0420276379628849,0.0,0.05,0.0,0.024650425052723867,-0.05631926373732188,-0.0420276379628849,-0.02773601218844791,-0.0563192637373219
combo_low_size_low_liquidity,train,0,market_regime_id,strong|insufficient_history|insufficient_history,13,260,20.0,-0.09292164417455206,-0.007029015197273265,0.008073772499836502,0.6153846153846154,0.5076923076923077,0.551902341855439,0.6181989363097821,-0.18873180599548156,-0.007029015197273265,0.02416664817911558,-0.06587375999597189
combo_low_size_low_liquidity,train,0,market_regime_id,strong|normal_vol|crowding_high,55,1100,20.0,0.009491942024746791,0.0005947048151212417,-0.006285983135599177,0.41818181818181815,0.44,1.053363468535298,1.0408484021677686,-0.32528792702655296,0.0005947048151212411,0.07111228891644976,-0.059680986683126415
combo_low_size_low_liquidity,train,0,market_regime_id,strong|normal_vol|crowding_low,7,140,20.0,0.06401911028588025,0.008977169265241312,0.0061235089652089455,0.7142857142857143,0.55,6.7432468722744625,1.826602973337764,-0.009930288877213478,0.00897716926524131,0.023874526110249393,-0.009930288877213516
combo_low_size_low_liquidity,train,0,market_regime_id,strong|normal_vol|crowding_normal,27,540,20.0,0.31310306976306235,0.010523166470721147,0.009488959912976847,0.5555555555555556,0.5555555555555556,2.6785993486828183,2.025222667921297,-0.07330432834172429,0.010523166470721147,0.07713223598493082,-0.034619063609784256
combo_low_size_low_liquidity,train,0,market_regime_id,weak|high_vol|crowding_high,3,60,20.0,0.14081851176868954,0.04498857363596887,0.05445097214671377,1.0,0.8666666666666667,inf,59.83431001876142,0.0,0.04498857363596887,0.05535086045125285,0.025163888309939993
combo_low_size_low_liquidity,train,0,market_regime_id,weak|high_vol|crowding_low,12,240,20.0,0.302230838518448,0.02280875353180288,0.02267467001398606,0.5833333333333334,0.6583333333333333,5.898286193682037,4.089270693612747,-0.0548442162083882,0.022808753531802884,0.08094516917053458,-0.025255741079312433
combo_low_size_low_liquidity,train,0,market_regime_id,weak|high_vol|crowding_normal,17,340,20.0,0.5572461335865244,0.027176555653372552,0.03015859837389125,0.7058823529411765,0.6823529411764706,4.8680073469564915,3.89002657853614,-0.08729175202362971,0.027176555653372552,0.09940104041021672,-0.03848980231800788
combo_low_size_low_liquidity,train,0,market_regime_id,weak|insufficient_history|insufficient_history,92,1840,20.0,1.3965626936478355,0.010369234151048951,0.015130711734241043,0.5978260869565217,0.5869565217391305,1.8966515974666323,1.688896774881505,-0.42154535849267016,0.01036923415104895,0.09652129340233123,-0.11686200812658862
combo_low_size_low_liquidity,train,0,market_regime_id,weak|normal_vol|crowding_high,4,80,20.0,0.005855332733857521,0.0015264870122276382,-0.0043130313257936925,0.25,0.475,1.3993300770044863,1.1367986341232417,-0.011956836686907168,0.0015264870122276384,0.021396426779471976,-0.006664416078974039
combo_low_size_low_liquidity,train,0,market_regime_id,weak|normal_vol|crowding_low,30,600,20.0,-0.5393033348093366,-0.024651932024922447,-0.02620657906082476,0.3333333333333333,0.30333333333333334,0.17582033689020118,0.2661636443199283,-0.5792618789634184,-0.02465193202492245,0.030885411605228334,-0.12670023468132424
combo_low_size_low_liquidity,train,0,market_regime_id,weak|normal_vol|crowding_normal,29,580,20.0,0.21609090747252324,0.00699555681978894,0.013201749747664453,0.6206896551724138,0.6,2.153889899971587,1.7028519936907274,-0.11709962462412637,0.0069955568197889425,0.0403477490949659,-0.035847782703758
combo_low_size_low_liquidity,train,0,stock_concentration_regime,insufficient_history,252,5040,20.0,-0.20698742261949954,-2.9809509019720243e-05,0.0030920065808147604,0.5238095238095238,0.5035714285714286,0.9981152954443443,0.9985122958644196,-0.7986138000771144,-2.980950901971707e-05,0.09652129340233123,-0.15911208081115433
combo_low_size_low_liquidity,train,0,stock_concentration_regime,stock_concentration_high,109,2180,20.0,0.8117038142109587,0.005973840837724955,0.00872494137223952,0.6146788990825688,0.5587155963302752,1.6247193394444706,1.4281727500949637,-0.4490321384846979,0.005973840837724956,0.09940104041021672,-0.08158175298569278
combo_low_size_low_liquidity,train,0,stock_concentration_regime,stock_concentration_low,350,7000,20.0,-0.35703377471844644,-0.0007247467001389965,-0.000730890704459955,0.49142857142857144,0.457,0.9391637475626564,0.9553728785244519,-0.873517181658952,-0.0007247467001389961,0.12045655930994599,-0.12670023468132424
combo_low_size_low_liquidity,train,0,stock_concentration_regime,stock_concentration_normal,504,10080,20.0,7.701858005945381,0.0047524718096200996,0.006748322382909544,0.6031746031746031,0.5353174603174603,1.515281440746004,1.3647012191793073,-0.4646844883158031,0.0047524718096200996,0.09169079158989596,-0.15571765517471597
combo_low_size_low_liquidity,train,0,trend_regime,insufficient_history,60,1200,20.0,-0.24022298903341754,-0.00347308374263773,0.002481792654119827,0.5333333333333333,0.49583333333333335,0.8131520395917783,0.8507336745869868,-0.6235893710882165,-0.0034730837426377296,0.07834345266617494,-0.15911208081115433
combo_low_size_low_liquidity,train,0,trend_regime,neutral,642,12840,20.0,0.8976588181291594,0.0014516249857453188,0.0031582672834062544,0.5560747663551402,0.4992211838006231,1.1385144165442709,1.1002766732426572,-0.7286201622864541,0.0014516249857453195,0.12045655930994599,-0.12660966397802817
combo_low_size_low_liquidity,train,0,trend_regime,strong,326,6520,20.0,0.784415228904312,0.002354607360061985,0.004445708724258588,0.5521472392638037,0.49938650306748467,1.2088712937585497,1.1488905898153423,-0.6837139525736033,0.002354607360061984,0.09169079158989596,-0.15571765517471597
combo_low_size_low_liquidity,train,0,trend_regime,weak,187,3740,20.0,2.1244042795718627,0.006920111691810131,0.011917484757631136,0.5668449197860963,0.5588235294117647,1.555945574661105,1.434744170529867,-0.5866576693803015,0.00692011169181013,0.09940104041021672,-0.12670023468132424
combo_low_size_low_liquidity,train,0,vol_regime,high_vol,437,8740,20.0,9.253328514670358,0.0059044966924520995,0.006725568579693158,0.6155606407322655,0.5431350114416476,1.607959084181474,1.4121685672973614,-0.6810467486295879,0.0059044966924521,0.09940104041021672,-0.15571765517471597
combo_low_size_low_liquidity,train,0,vol_regime,insufficient_history,272,5440,20.0,-0.05125751595895989,0.0007042607360335513,0.0030920065808147604,0.5220588235294118,0.5084558823529411,1.0447257352463364,1.0355862818723751,-0.7986138000771144,0.0007042607360335518,0.09652129340233123,-0.15911208081115433
combo_low_size_low_liquidity,train,0,vol_regime,low_vol,34,680,20.0,0.29409764654744697,0.008064099260695842,0.011310950303209652,0.7352941176470589,0.6147058823529412,1.9154141477643734,1.7232329290069435,-0.2565608658820815,0.008064099260695843,0.05615817141835454,-0.0659861440352493
combo_low_size_low_liquidity,train,0,vol_regime,normal_vol,472,9440,20.0,-0.36146139593302684,-0.0005525047619224995,0.0002107790348831906,0.5063559322033898,0.4682203389830508,0.9480456231476317,0.9616474019393567,-0.852437518560949,-0.0005525047619224987,0.12045655930994599,-0.12670023468132424
combo_low_size_low_liquidity,train,40,extreme_selloff_flag,False,1070,21400,20.0,-0.945956417927046,-0.0021800739648501566,-0.0006359179032748376,0.4934579439252336,0.45869158878504673,0.8342085009619525,0.8744038619527731,-0.9459831292773353,-0.0021800739648501575,0.11645655930994599,-0.16311208081115433
combo_low_size_low_liquidity,train,40,extreme_selloff_flag,True,145,2900,20.0,0.1479129149396763,0.0017786223753696463,0.0066248273232660995,0.5724137931034483,0.5424137931034483,1.1245121289140891,1.0950000660282655,-0.3978807614708979,0.0017786223753696467,0.09252129340233123,-0.1266808722383532
combo_low_size_low_liquidity,train,40,industry_crowding_regime,crowding_high,312,6240,20.0,0.8636272093025292,0.002438540571697624,0.0038142209784818694,0.5608974358974359,0.5152243589743589,1.247376097488572,1.1794508458277577,-0.4426187808956257,0.002438540571697624,0.08769079158989596,-0.15971765517471598
combo_low_size_low_liquidity,train,40,industry_crowding_regime,crowding_low,107,2140,20.0,-0.42915003312919664,-0.004566010133252907,-0.0007543554867520417,0.48598130841121495,0.4532710280373832,0.7025211744954546,0.7625281445793168,-0.7024612835036185,-0.004566010133252907,0.07694516917053458,-0.13070023468132425
combo_low_size_low_liquidity,train,40,industry_crowding_regime,crowding_normal,544,10880,20.0,-0.7977224928489516,-0.0024476626393376793,-0.002271502548660759,0.47610294117647056,0.4420955882352941,0.8082727909950346,0.8587824155961158,-0.8756576053995083,-0.0024476626393376798,0.11645655930994599,-0.1314406326107715
combo_low_size_low_liquidity,train,40,industry_crowding_regime,insufficient_history,252,5040,20.0,-0.7117134018817025,-0.004029809509019722,-0.0009079934191852407,0.49603174603174605,0.475,0.7732425623101921,0.817406194867692,-0.9055033537147713,-0.004029809509019722,0.09252129340233123,-0.16311208081115433
combo_low_size_low_liquidity,train,40,market_regime_id,insufficient_history|insufficient_history|insufficient_history,60,1200,20.0,-0.4034522435124087,-0.007473083742637734,-0.0015182073458801736,0.48333333333333334,0.4725,0.6362296454064458,0.7049404864008839,-0.6595192284972143,-0.007473083742637732,0.07434345266617494,-0.16311208081115433
combo_low_size_low_liquidity,train,40,market_regime_id,neutral|high_vol|crowding_high,50,1000,20.0,0.4239272586565175,0.007338528338120436,0.011896816626242382,0.68,0.578,2.287250550700016,1.6822999754323655,-0.14548730038892166,0.007338528338120436,0.05614689412020781,-0.05257503965654252
combo_low_size_low_liquidity,train,40,market_regime_id,neutral|high_vol|crowding_low,3,60,20.0,0.06368012731777828,0.020901472304953126,0.03140697408973381,0.6666666666666666,0.8,282.27230069544726,7.569113419613952,0.0,0.020901472304953133,0.03152037418651389,-0.0002229313613883144
combo_low_size_low_liquidity,train,40,market_regime_id,neutral|high_vol|crowding_normal,132,2640,20.0,-0.15509112085659515,-0.0008043884670755207,0.0007795596916365108,0.5151515151515151,0.48787878787878786,0.9324379501557197,0.9520336662090784,-0.4930946599080903,-0.0008043884670755223,0.091801305582234,-0.13060966397802817
combo_low_size_low_liquidity,train,40,market_regime_id,neutral|insufficient_history|crowding_high,8,160,20.0,0.2501636477522755,0.02859900588304029,0.038224674507473896,0.75,0.78125,10.656485466123758,7.232859451127346,-0.004865625778264104,0.028599005883040284,0.052483051087243104,-0.01882747124621287
combo_low_size_low_liquidity,train,40,market_regime_id,neutral|insufficient_history|crowding_normal,8,160,20.0,0.06705597750095116,0.009139425737577762,0.006352099729327405,0.5,0.5625,1.5595408627607423,1.5046649585157181,-0.11125627226756685,0.009139425737577764,0.0700407329277133,-0.05111940854809103
combo_low_size_low_liquidity,train,40,market_regime_id,neutral|insufficient_history|insufficient_history,87,1740,20.0,-0.6623149426314016,-0.011605969149961566,-0.01178659307537622,0.3793103448275862,0.39080459770114945,0.44213015055437765,0.5482532085510292,-0.7419559450348916,-0.01160596914996157,0.08310905624089801,-0.12956506931360595
combo_low_size_low_liquidity,train,40,market_regime_id,neutral|low_vol|crowding_high,31,620,20.0,0.2924820715344316,0.008666822344429673,0.011221659477188686,0.7096774193548387,0.6080645161290322,2.2754773072965477,1.9070488862343173,-0.1777396951947593,0.008666822344429673,0.052158171418354535,-0.0699861440352493
combo_low_size_low_liquidity,train,40,market_regime_id,neutral|low_vol|crowding_normal,3,60,20.0,-0.12545737119986844,-0.04349737260455377,-0.04488773699032329,0.0,0.06666666666666667,0.0,0.054125594123888766,-0.06269047536175221,-0.04349737260455376,-0.01863941974248167,-0.06696496108085633
combo_low_size_low_liquidity,train,40,market_regime_id,neutral|normal_vol|crowding_high,77,1540,20.0,0.0258780644297254,0.0005801985050164595,-1.767675840321642e-06,0.4935064935064935,0.4850649350649351,1.0667137887752485,1.048329580637683,-0.3180003419464056,0.0005801985050164595,0.061780517101724844,-0.04740451793910644
combo_low_size_low_liquidity,train,40,market_regime_id,neutral|normal_vol|crowding_low,41,820,20.0,-0.011529209389134376,0.00011622499061638293,0.003391367061859038,0.5609756097560976,0.4878048780487805,1.01146053741816,1.0085218108849316,-0.2601958442791028,0.00011622499061638317,0.05314867509534178,-0.0812613163489647
combo_low_size_low_liquidity,train,40,market_regime_id,neutral|normal_vol|crowding_normal,202,4040,20.0,-0.7805801900817221,-0.007125328399019326,-0.007222712428977188,0.400990099009901,0.37376237623762376,0.4701831323798073,0.5920165790276589,-0.8000903048304168,-0.0071253283990193265,0.11645655930994599,-0.10238130218606926
combo_low_size_low_liquidity,train,40,market_regime_id,strong|high_vol|crowding_high,82,1640,20.0,-0.040522909418317266,0.00020439321478441056,0.006225630567208748,0.6219512195121951,0.5219512195121951,1.0164125197441214,1.012262754572528,-0.3940711078685153,0.00020439321478441032,0.08769079158989596,-0.15971765517471598
combo_low_size_low_liquidity,train,40,market_regime_id,strong|high_vol|crowding_low,14,280,20.0,0.037178608272260494,0.003070000551511263,-0.005037103969380927,0.42857142857142855,0.5035714285714286,1.2829071728843349,1.2136623102997517,-0.12769402156515153,0.0030700005515112623,0.051786995993484596,-0.05861377333071214
combo_low_size_low_liquidity,train,40,market_regime_id,strong|high_vol|crowding_normal,124,2480,20.0,-0.31001186642667944,-0.0023677335669008005,-0.00014025140131981585,0.49193548387096775,0.43951612903225806,0.8299910639499768,0.8808830483935994,-0.582820931308466,-0.0023677335669008005,0.08667665296884218,-0.1314406326107715
combo_low_size_low_liquidity,train,40,market_regime_id,strong|insufficient_history|crowding_high,2,40,20.0,-0.08965658055656334,-0.04539063028253982,-0.04539063028253982,0.0,0.075,0.0,0.027129466359021498,-0.07597868855582646,-0.04539063028253982,-0.014802572009253204,-0.07597868855582643
combo_low_size_low_liquidity,train,40,market_regime_id,strong|insufficient_history|crowding_normal,2,40,20.0,-0.0901409830366039,-0.04602763796288491,-0.04602763796288491,0.0,0.025,0.0,0.018887416001576052,-0.06031926373732188,-0.04602763796288491,-0.03173601218844792,-0.0603192637373219
combo_low_size_low_liquidity,train,40,market_regime_id,strong|insufficient_history|insufficient_history,13,260,20.0,-0.13933329451375176,-0.011029015197273263,0.0040737724998365,0.6153846153846154,0.45,0.35970171170251014,0.4617866969027834,-0.20551294752452498,-0.011029015197273263,0.02016664817911558,-0.0698737599959719
combo_low_size_low_liquidity,train,40,market_regime_id,strong|normal_vol|crowding_high,55,1100,20.0,-0.190265341651229,-0.0034052951848787603,-0.010285983135599176,0.36363636363636365,0.40454545454545454,0.7493697113148114,0.798023796692973,-0.43519074082679265,-0.0034052951848787586,0.06711228891644976,-0.06368098668312641
combo_low_size_low_liquidity,train,40,market_regime_id,strong|normal_vol|crowding_low,7,140,20.0,0.03483633147420728,0.00497716926524131,0.002123508965208945,0.5714285714285714,0.4714285714285714,2.643239328548117,1.3893423078900708,-0.0161593571194375,0.004977169265241309,0.01987452611024939,-0.01393028887721352
combo_low_size_low_liquidity,train,40,market_regime_id,strong|normal_vol|crowding_normal,27,540,20.0,0.17965788734354438,0.006523166470721146,0.005488959912976844,0.5555555555555556,0.5185185185185185,1.8106540950100594,1.5392195892198823,-0.09197152744054193,0.006523166470721144,0.07313223598493082,-0.03861906360978426
combo_low_size_low_liquidity,train,40,market_regime_id,weak|high_vol|crowding_high,3,60,20.0,0.12776577365611086,0.04098857363596887,0.05045097214671377,1.0,0.8333333333333334,inf,31.87291968078934,0.0,0.04098857363596887,0.051350860451252846,0.02116388830993999
combo_low_size_low_liquidity,train,40,market_regime_id,weak|high_vol|crowding_low,12,240,20.0,0.24235129083777274,0.01880875353180288,0.01867467001398606,0.5833333333333334,0.6,3.9745893229144644,3.1286428927050896,-0.07380854398471481,0.018808753531802884,0.07694516917053458,-0.029255741079312437
combo_low_size_low_liquidity,train,40,market_regime_id,weak|high_vol|crowding_normal,17,340,20.0,0.45715722132932735,0.02317655565337255,0.026158598373891246,0.7058823529411765,0.6647058823529411,3.825563606868394,3.1636233613018647,-0.09853706667067286,0.02317655565337255,0.09540104041021671,-0.042489802318007884
combo_low_size_low_liquidity,train,40,market_regime_id,weak|insufficient_history|insufficient_history,92,1840,20.0,0.6627708043608433,0.0063692341510489464,0.011130711734241041,0.5978260869565217,0.5597826086956522,1.4835033655814776,1.380398720994345,-0.5161981082121692,0.006369234151048947,0.09252129340233123,-0.12086200812658862
combo_low_size_low_liquidity,train,40,market_regime_id,weak|normal_vol|crowding_high,4,80,20.0,-0.010119894867536838,-0.0024735129877723637,-0.008313031325793694,0.25,0.425,0.6374540714813649,0.8144086302611814,-0.019892867310039808,-0.0024735129877723632,0.017396426779471976,-0.01066441607897404
combo_low_size_low_liquidity,train,40,market_regime_id,weak|normal_vol|crowding_low,30,600,20.0,-0.5928284172374999,-0.02865193202492245,-0.030206579060824763,0.3333333333333333,0.285,0.12050039362462897,0.2128234801105339,-0.6130758144998267,-0.028651932024922448,0.02688541160522833,-0.13070023468132425
combo_low_size_low_liquidity,train,40,market_regime_id,weak|normal_vol|crowding_normal,29,580,20.0,0.08346648955186575,0.002995556819788939,0.009201749747664453,0.6206896551724138,0.553448275862069,1.3952011895584902,1.257610310678034,-0.1556111364853756,0.0029955568197889398,0.036347749094965895,-0.039847782703758
combo_low_size_low_liquidity,train,40,stock_concentration_regime,insufficient_history,252,5040,20.0,-0.7117134018817025,-0.004029809509019722,-0.0009079934191852407,0.49603174603174605,0.475,0.7732425623101921,0.817406194867692,-0.9055033537147713,-0.004029809509019722,0.09252129340233123,-0.16311208081115433
combo_low_size_low_liquidity,train,40,stock_concentration_regime,stock_concentration_high,109,2180,20.0,0.17298597109341896,0.001973840837724953,0.004724941372239519,0.5963302752293578,0.518348623853211,1.177175412081121,1.1250516345926036,-0.5067699184177217,0.0019738408377249534,0.09540104041021671,-0.08558175298569279
combo_low_size_low_liquidity,train,40,stock_concentration_regime,stock_concentration_low,350,7000,20.0,-0.8422919953238422,-0.004724746700138997,-0.004730890704459957,0.4257142857142857,0.4125714285714286,0.6650787794682449,0.7443215364756363,-0.935183282216762,-0.004724746700138997,0.11645655930994599,-0.13070023468132425
combo_low_size_low_liquidity,train,40,stock_concentration_regime,stock_concentration_normal,504,10080,20.0,0.16327410474812054,0.0007524718096200981,0.0027483223829095436,0.5396825396825397,0.49375,1.0688155669834392,1.0503126138970513,-0.7118105505086043,0.0007524718096200976,0.08769079158989596,-0.15971765517471598
combo_low_size_low_liquidity,train,40,trend_regime,insufficient_history,60,1200,20.0,-0.4034522435124087,-0.007473083742637734,-0.0015182073458801736,0.48333333333333334,0.4725,0.6362296454064458,0.7049404864008839,-0.6595192284972143,-0.007473083742637732,0.07434345266617494,-0.16311208081115433
combo_low_size_low_liquidity,train,40,trend_regime,neutral,642,12840,20.0,-0.8550175060564623,-0.002548375014254682,-0.0008417327165937463,0.48442367601246106,0.45537383177570095,0.7945784101868393,0.8459933488812615,-0.8699005187547459,-0.002548375014254683,0.11645655930994599,-0.13060966397802817
combo_low_size_low_liquidity,train,40,trend_regime,strong,326,6520,20.0,-0.5161456859664552,-0.0016453926399380172,0.00044570872425858633,0.5061349693251533,0.45996932515337424,0.8750405535881614,0.9079880859780326,-0.7424966688216472,-0.001645392639938017,0.08769079158989596,-0.15971765517471598
combo_low_size_low_liquidity,train,40,trend_regime,weak,187,3740,20.0,0.48244185593876865,0.002920111691810128,0.007917484757631136,0.5668449197860963,0.5283422459893048,1.20593051035082,1.1647238704620093,-0.6229390967533976,0.0029201116918101283,0.09540104041021671,-0.13070023468132425
combo_low_size_low_liquidity,train,40,vol_regime,high_vol,437,8740,20.0,0.7939413663015076,0.0019044966924520984,0.002725568579693158,0.5583524027459954,0.5058352402745996,1.1673822594252736,1.117455716191352,-0.7230405257043538,0.001904496692452098,0.09540104041021671,-0.15971765517471598
combo_low_size_low_liquidity,train,40,vol_regime,insufficient_history,272,5440,20.0,-0.6814644685406854,-0.003295739263966451,-0.0009079934191852407,0.4963235294117647,0.4803308823529412,0.813846694070737,0.848837587174314,-0.9055033537147713,-0.003295739263966451,0.09252129340233123,-0.16311208081115433
combo_low_size_low_liquidity,train,40,vol_regime,low_vol,34,680,20.0,0.13033066851676156,0.0040640992606958415,0.007310950303209651,0.6470588235294118,0.5602941176470588,1.405056559663179,1.318265957105753,-0.2808983114776272,0.0040640992606958415,0.052158171418354535,-0.0699861440352493
combo_low_size_low_liquidity,train,40,vol_regime,normal_vol,472,9440,20.0,-0.9039535250794785,-0.004552504761922501,-0.0037892209651168096,0.4449152542372881,0.42097457627118645,0.6425998009353988,0.7258274981309991,-0.9483313645915472,-0.004552504761922501,0.11645655930994599,-0.13070023468132425
low_log_amount,train,0,extreme_selloff_flag,False,1070,21400,20.0,12.67091033001554,0.0031425868451013077,0.0020207431505151335,0.5308411214953271,0.4924299065420561,1.29161589955116,1.208133372730575,-0.8408236819033086,0.003142586845101307,0.3686607123608557,-0.15185105318968348
low_log_amount,train,0,extreme_selloff_flag,True,145,2900,20.0,0.8301892559219359,0.0049055709003537375,0.008333882943393333,0.6206896551724138,0.5541379310344827,1.4060821318193089,1.303610734040025,-0.3872294645474482,0.004905570900353737,0.10433326412502546,-0.1015800726416006
low_log_amount,train,0,industry_crowding_regime,crowding_high,312,6240,20.0,26.457967516654975,0.011827526603817202,0.006631268743210334,0.5993589743589743,0.548397435897436,2.3259604553374014,1.9050906373548815,-0.38072828822675897,0.011827526603817202,0.3686607123608557,-0.14394592326643602
low_log_amount,train,0,industry_crowding_regime,crowding_low,107,2140,20.0,-0.2464188108685762,-0.0020098920322344483,0.003008944169364991,0.5327102803738317,0.4827102803738318,0.8528306156022629,0.8837607394850153,-0.6882277159374824,-0.0020098920322344487,0.0788699438827458,-0.12908423902132066
low_log_amount,train,0,industry_crowding_regime,crowding_normal,544,10880,20.0,0.29291267134689014,0.0009314123340347071,0.00043023259405418346,0.5055147058823529,0.47674632352941176,1.0871080098774368,1.0622804198613667,-0.6996544126868796,0.0009314123340347062,0.12830903677296437,-0.11487918671311141
low_log_amount,train,0,industry_crowding_regime,insufficient_history,252,5040,20.0,-0.064754109892189,0.00036530770695606855,0.0048003568482932885,0.5515873015873016,0.49662698412698414,1.0285774481113514,1.0207533997000193,-0.7314314457810733,0.00036530770695606855,0.09182043162562445,-0.15185105318968348
low_log_amount,train,0,market_regime_id,insufficient_history|insufficient_history|insufficient_history,60,1200,20.0,-0.09721615314239662,-0.0010006297190984113,0.005803832616954408,0.5833333333333334,0.48833333333333334,0.9266801468719075,0.9481574327811747,-0.4849490714762368,-0.0010006297190984107,0.08723232646863603,-0.15185105318968348
low_log_amount,train,0,market_regime_id,neutral|high_vol|crowding_high,50,1000,20.0,0.7150144587441951,0.011901591649813772,0.00308833209096219,0.58,0.557,2.2777488300996813,1.75567729942113,-0.31196513028326,0.011901591649813772,0.1882559837318512,-0.11498154750917784
low_log_amount,train,0,market_regime_id,neutral|high_vol|crowding_low,3,60,20.0,0.12169274915132533,0.03946044695081453,0.034226601284340644,1.0,0.8166666666666667,inf,13.984715934467934,0.0,0.03946044695081453,0.0788699438827458,0.005284795685357136
low_log_amount,train,0,market_regime_id,neutral|high_vol|crowding_normal,132,2640,20.0,0.46624306098548574,0.003422496763611713,0.006664538718434107,0.6060606060606061,0.5382575757575757,1.338518203409346,1.2363905029896876,-0.36123476489340656,0.003422496763611712,0.10024134238368924,-0.11487918671311141
low_log_amount,train,0,market_regime_id,neutral|insufficient_history|crowding_high,8,160,20.0,0.27488211188151257,0.031018378747156905,0.03681055478075845,0.875,0.8,23.503264340738607,13.488553978732682,0.0,0.031018378747156905,0.05461572915767797,-0.011027157047967667
low_log_amount,train,0,market_regime_id,neutral|insufficient_history|crowding_normal,8,160,20.0,0.11116838960787545,0.013736697655605406,0.010719793717284404,0.5,0.63125,2.766207480648879,2.257337229773595,-0.05618029023501314,0.013736697655605406,0.05186395540703718,-0.026286169746782596
low_log_amount,train,0,market_regime_id,neutral|insufficient_history|insufficient_history,87,1740,20.0,-0.40789024881731994,-0.005417304669708281,-0.0018086620407911425,0.45977011494252873,0.42586206896551726,0.623759020676516,0.7311504753725289,-0.5787242543113988,-0.005417304669708283,0.06415098615041674,-0.11280209839585904
low_log_amount,train,0,market_regime_id,neutral|low_vol|crowding_high,31,620,20.0,0.40887080430802225,0.01143582569442785,0.011896600767510073,0.8064516129032258,0.6306451612903226,3.213239888958351,2.3859412807638845,-0.14235497068881042,0.011435825694427854,0.058347360880183254,-0.06763393750780047
low_log_amount,train,0,market_regime_id,neutral|low_vol|crowding_normal,3,60,20.0,-0.11422264078918454,-0.039499522796608975,-0.04050249205657708,0.0,0.06666666666666667,0.0,0.04550320759324146,-0.05979670704216933,-0.039499522796608975,-0.020108666073502673,-0.057887410259747175
low_log_amount,train,0,market_regime_id,neutral|normal_vol|crowding_high,77,1540,20.0,0.6522851958890161,0.006787719112946508,0.007099132434087857,0.6233766233766234,0.5383116883116883,2.1884651990602806,1.7361135008026114,-0.16188653791140284,0.00678771911294651,0.0911432729292527,-0.031728815369557316
low_log_amount,train,0,market_regime_id,neutral|normal_vol|crowding_low,41,820,20.0,0.11507829436386285,0.003050552035583115,0.0034432511155664037,0.5853658536585366,0.5219512195121951,1.3989453998094021,1.2667279176029795,-0.21336912364805327,0.003050552035583116,0.061733001338823715,-0.07570601500562552
low_log_amount,train,0,market_regime_id,neutral|normal_vol|crowding_normal,202,4040,20.0,-0.42233499218211334,-0.00228783609802158,-0.003794761980354705,0.4306930693069307,0.4262376237623762,0.7984189962255908,0.8450359515223511,-0.6084114877513345,-0.0022878360980215814,0.12830903677296437,-0.1015800726416006
low_log_amount,train,0,market_regime_id,strong|high_vol|crowding_high,82,1640,20.0,2.148084848248307,0.017056534888676287,0.0022326168755500645,0.5365853658536586,0.5146341463414634,2.211266695160007,1.8874038405488913,-0.3711090829726298,0.017056534888676287,0.3686607123608557,-0.14394592326643602
low_log_amount,train,0,market_regime_id,strong|high_vol|crowding_low,14,280,20.0,0.043305413773864654,0.003515727773528137,-0.00580460127614787,0.42857142857142855,0.5214285714285715,1.2979947399151863,1.227604133549003,-0.11459696755530335,0.0035157277735281367,0.04786561649460098,-0.05686704081120793
low_log_amount,train,0,market_regime_id,strong|high_vol|crowding_normal,124,2480,20.0,-0.22102334414212055,-0.0015352930944642765,-0.001973383487685171,0.47580645161290325,0.4346774193548387,0.8785899307498007,0.9177792898573701,-0.5092580502784021,-0.0015352930944642772,0.07232525568472671,-0.10010991020006636
low_log_amount,train,0,market_regime_id,strong|insufficient_history|crowding_high,2,40,20.0,-0.05945423997217869,-0.03005620620404292,-0.03005620620404292,0.0,0.075,0.0,0.05591113572360272,-0.045715168349498736,-0.030056206204042923,-0.014397244058587161,-0.04571516834949868
low_log_amount,train,0,market_regime_id,strong|insufficient_history|crowding_normal,2,40,20.0,-0.05308598285576782,-0.026812462620794373,-0.026812462620794373,0.0,0.075,0.0,0.06197510912421508,-0.04022759459817338,-0.026812462620794376,-0.013397330643415362,-0.040227594598173384
low_log_amount,train,0,market_regime_id,strong|insufficient_history|insufficient_history,13,260,20.0,-0.06593069052112288,-0.004829619101026709,0.008125271509099957,0.6153846153846154,0.5038461538461538,0.6563383876134631,0.7072148987794782,-0.17062342743817593,-0.004829619101026711,0.023019881723549334,-0.05907127818956472
low_log_amount,train,0,market_regime_id,strong|normal_vol|crowding_high,55,1100,20.0,0.5630505645424204,0.008604359527267664,0.0057217883740641965,0.5272727272727272,0.5254545454545455,1.9986801984735953,1.7696307612793927,-0.19832797392650536,0.008604359527267666,0.0670914822493153,-0.05436608272923486
low_log_amount,train,0,market_regime_id,strong|normal_vol|crowding_low,7,140,20.0,-0.021655498395057204,-0.0029462206828735718,0.009650480081317941,0.5714285714285714,0.5142857142857142,0.6865083980555982,0.7803170382491827,-0.06026994845318456,-0.002946220682873572,0.012060394555970272,-0.03740988193688406
low_log_amount,train,0,market_regime_id,strong|normal_vol|crowding_normal,27,540,20.0,0.4898464118724708,0.015310820441868109,0.003361451583491887,0.5925925925925926,0.5796296296296296,4.591843198714485,2.7675208063984558,-0.06564798885470335,0.015310820441868109,0.08701954291364808,-0.03162064388961624
low_log_amount,train,0,market_regime_id,weak|high_vol|crowding_high,3,60,20.0,0.1704120257985149,0.05397492364589976,0.05489972713212523,1.0,0.9166666666666666,inf,31.93204532460109,0.0,0.05397492364589976,0.07320759179548877,0.03381745201008528
low_log_amount,train,0,market_regime_id,weak|high_vol|crowding_low,12,240,20.0,0.25092971042174006,0.01920351627945498,0.016004892707948498,0.75,0.6375,6.4487827988855475,3.606721420730879,-0.04182078005052059,0.01920351627945498,0.06544990645347103,-0.025858071795640713
low_log_amount,train,0,market_regime_id,weak|high_vol|crowding_normal,17,340,20.0,0.20382656803730526,0.011238306575509406,0.01144101963611428,0.6470588235294118,0.5823529411764706,3.0177893219321805,2.3769818866135544,-0.06557752544241147,0.011238306575509406,0.04703772301903579,-0.027821111585649604
low_log_amount,train,0,market_regime_id,weak|insufficient_history|insufficient_history,92,1840,20.0,0.8730989156258522,0.007458542172573931,0.013353998251189981,0.6086956521739131,0.5679347826086957,1.7095117261964594,1.523719676944797,-0.42413208572825656,0.007458542172573932,0.09182043162562445,-0.09472954421824444
low_log_amount,train,0,market_regime_id,weak|normal_vol|crowding_high,4,80,20.0,-0.004052994095870344,-0.0009728184254779678,-0.003899263264978106,0.5,0.4625,0.7796847477364175,0.9117473972284772,-0.009631202254087534,-0.0009728184254779685,0.013538455082131856,-0.009631202254087517
low_log_amount,train,0,market_regime_id,weak|normal_vol|crowding_low,30,600,20.0,-0.5281384418312476,-0.02391837537210587,-0.024879499816125132,0.36666666666666664,0.30833333333333335,0.1795103766526014,0.2629683827320213,-0.5742506449374587,-0.02391837537210587,0.03296827045407167,-0.12908423902132066
low_log_amount,train,0,market_regime_id,weak|normal_vol|crowding_normal,29,580,20.0,0.1723095312778533,0.005697397279466816,0.011699039490121382,0.6206896551724138,0.5982758620689655,1.9309617679096878,1.5788324993877154,-0.11940677368512598,0.005697397279466816,0.035527548817318955,-0.03235151740871796
low_log_amount,train,0,stock_concentration_regime,insufficient_history,252,5040,20.0,-0.064754109892189,0.00036530770695606855,0.0048003568482932885,0.5515873015873016,0.49662698412698414,1.0285774481113514,1.0207533997000193,-0.7314314457810733,0.00036530770695606855,0.09182043162562445,-0.15185105318968348
low_log_amount,train,0,stock_concentration_regime,stock_concentration_high,109,2180,20.0,1.0918336717918353,0.007342181562647219,0.0063646762349913125,0.5963302752293578,0.5541284403669725,1.7660974496255128,1.5590592122823654,-0.3740779062664995,0.007342181562647218,0.10024134238368924,-0.07887681027992155
low_log_amount,train,0,stock_concentration_regime,stock_concentration_low,350,7000,20.0,-0.7579070197440003,-0.003513439472858193,-0.003908595272554316,0.43714285714285717,0.43114285714285716,0.7387739450420161,0.8006578733922893,-0.9084879656558758,-0.0035134394728581933,0.12830903677296437,-0.12908423902132066
low_log_amount,train,0,stock_concentration_regime,stock_concentration_normal,504,10080,20.0,51.82728383041454,0.008752428944104329,0.0051736926199220015,0.5972222222222222,0.5373015873015873,2.0237145471460707,1.6825814602817604,-0.40337212323631433,0.008752428944104329,0.3686607123608557,-0.14394592326643602
low_log_amount,train,0,trend_regime,insufficient_history,60,1200,20.0,-0.09721615314239662,-0.0010006297190984113,0.005803832616954408,0.5833333333333334,0.48833333333333334,0.9266801468719075,0.9481574327811747,-0.4849490714762368,-0.0010006297190984107,0.08723232646863603,-0.15185105318968348
low_log_amount,train,0,trend_regime,neutral,642,12840,20.0,2.142403621223882,0.0022952675118227757,0.0020715536218246233,0.5404984423676013,0.49618380062305295,1.2284329852196496,1.1617670488470053,-0.7593665775506421,0.0022952675118227757,0.1882559837318512,-0.11498154750917784
low_log_amount,train,0,trend_regime,strong,326,6520,20.0,3.849067692681449,0.005972287426915039,0.0006574422735911522,0.50920245398773,0.48588957055214727,1.5071438893045361,1.3615054056449147,-0.6314709080225869,0.0059722874269150395,0.3686607123608557,-0.14394592326643602
low_log_amount,train,0,trend_regime,weak,187,3740,20.0,0.8188188349044745,0.00381489863203781,0.008936324609075248,0.5882352941176471,0.5401069518716578,1.3281776964353933,1.2506885693057008,-0.5821948573519,0.00381489863203781,0.09182043162562445,-0.12908423902132066
low_log_amount,train,0,vol_regime,high_vol,437,8740,20.0,11.71937020632742,0.006879012311675002,0.003988653624038246,0.5583524027459954,0.5149885583524028,1.623011746769642,1.4265295822070794,-0.639152472621049,0.006879012311675001,0.3686607123608557,-0.14394592326643602
low_log_amount,train,0,vol_regime,insufficient_history,272,5440,20.0,0.1799570228662113,0.0012366206460490928,0.00502215855166438,0.5514705882352942,0.5033088235294118,1.0986881596522227,1.0721201765084172,-0.7314314457810733,0.001236620646049093,0.09182043162562445,-0.15185105318968348
low_log_amount,train,0,vol_regime,low_vol,34,680,20.0,0.247945860509178,0.00694153023933637,0.010974618323842219,0.7352941176470589,0.5808823529411765,1.8469054152636333,1.6211853509060252,-0.24031745079645217,0.00694153023933637,0.058347360880183254,-0.06763393750780047
low_log_amount,train,0,vol_regime,normal_vol,472,9440,20.0,0.33587522021346317,0.0010495222049680614,0.0003523198747870576,0.5063559322033898,0.47786016949152543,1.103845653993163,1.077318283436073,-0.8721936968090449,0.001049522204968061,0.12830903677296437,-0.12908423902132066
low_log_amount,train,40,extreme_selloff_flag,False,1070,21400,20.0,-0.8109443016748052,-0.0008574131548986948,-0.0019792568494848674,0.4672897196261682,0.4505140186915888,0.9329110597765646,0.9501347674126495,-0.9270420837657689,-0.000857413154898694,0.3646607123608557,-0.15585105318968348
low_log_amount,train,40,extreme_selloff_flag,True,145,2900,20.0,0.025572756250788586,0.0009055709003537342,0.004333882943393332,0.6,0.5113793103448275,1.066313338374829,1.0502897032691019,-0.4259635026171984,0.0009055709003537353,0.10033326412502545,-0.1055800726416006
low_log_amount,train,40,industry_crowding_regime,crowding_high,312,6240,20.0,6.957125816221375,0.007827526603817199,0.0026312687432103327,0.532051282051282,0.5086538461538461,1.7345852543938258,1.5240212279512015,-0.470876306663796,0.007827526603817199,0.3646607123608557,-0.14794592326643602
low_log_amount,train,40,industry_crowding_regime,crowding_low,107,2140,20.0,-0.5099237431682339,-0.006009892032234449,-0.0009910558306350094,0.4766355140186916,0.4369158878504673,0.6147564174873674,0.6906700522474065,-0.7270862439280388,-0.00600989203223445,0.0748699438827458,-0.13308423902132066
low_log_amount,train,40,industry_crowding_regime,crowding_normal,544,10880,20.0,-0.8538968156052948,-0.003068587665965295,-0.0035697674059458175,0.4430147058823529,0.4340073529411765,0.7604393441645814,0.8207084556702514,-0.9034855930436598,-0.0030685876659652957,0.12430903677296437,-0.11887918671311141
low_log_amount,train,40,industry_crowding_regime,insufficient_history,252,5040,20.0,-0.6596884584058726,-0.0036346922930439334,0.0008003568482932873,0.5119047619047619,0.45496031746031745,0.7519751365526322,0.8153084078745775,-0.8712967609367457,-0.003634692293043932,0.08782043162562445,-0.15585105318968348
low_log_amount,train,40,market_regime_id,insufficient_history|insufficient_history|insufficient_history,60,1200,20.0,-0.29060443787184875,-0.005000629719098413,0.0018038326169544062,0.5333333333333333,0.45166666666666666,0.6744157141580803,0.7664331956476069,-0.5334862910835283,-0.005000629719098411,0.08323232646863603,-0.15585105318968348
low_log_amount,train,40,market_regime_id,neutral|high_vol|crowding_high,50,1000,20.0,0.4063125032878361,0.00790159164981377,-0.0009116679090378115,0.46,0.519,1.7067655981741459,1.449351008733493,-0.33821751233768105,0.00790159164981377,0.1842559837318512,-0.11898154750917785
low_log_amount,train,40,market_regime_id,neutral|high_vol|crowding_low,3,60,20.0,0.10878233995693343,0.035460446950814524,0.030226601284340644,1.0,0.8,inf,10.384714178019944,0.0,0.035460446950814524,0.0748699438827458,0.0012847956853571344
low_log_amount,train,40,market_regime_id,neutral|high_vol|crowding_normal,132,2640,20.0,-0.1350650420665972,-0.0005775032363882884,0.0026645387184341066,0.553030303030303,0.5003787878787879,0.9510587093829064,0.9647597738514352,-0.47951789672350953,-0.0005775032363882885,0.09624134238368923,-0.11887918671311141
low_log_amount,train,40,market_regime_id,neutral|insufficient_history|crowding_high,8,160,20.0,0.2358316040552466,0.0270183787471569,0.03281055478075845,0.875,0.76875,15.383760633318714,9.110372289359802,0.0,0.0270183787471569,0.050615729157677966,-0.015027157047967667
low_log_amount,train,40,market_regime_id,neutral|insufficient_history|crowding_normal,8,160,20.0,0.07654149290847179,0.009736697655605402,0.006719793717284402,0.5,0.6,1.995825820216961,1.7820271720018475,-0.06767999732897101,0.009736697655605402,0.047863955407037174,-0.0302861697467826
low_log_amount,train,40,market_regime_id,neutral|insufficient_history|insufficient_history,87,1740,20.0,-0.5831744928210667,-0.009417304669708283,-0.005808662040791145,0.41379310344827586,0.385632183908046,0.43567129557588224,0.5815880099192116,-0.6670964757385431,-0.009417304669708283,0.06015098615041674,-0.11680209839585905
low_log_amount,train,40,market_regime_id,neutral|low_vol|crowding_high,31,620,20.0,0.24591417306579566,0.007435825694427852,0.007896600767510073,0.6451612903225806,0.5967741935483871,2.1978784845235344,1.7601889689064807,-0.15813221983001735,0.007435825694427853,0.05434736088018325,-0.07163393750780048
low_log_amount,train,40,market_regime_id,neutral|low_vol|crowding_normal,3,60,20.0,-0.12524590451541984,-0.04349952279660898,-0.04450249205657708,0.0,0.06666666666666667,0.0,0.03582712105992938,-0.067538262409649,-0.04349952279660898,-0.024108666073502674,-0.06188741025974718
low_log_amount,train,40,market_regime_id,neutral|normal_vol|crowding_high,77,1540,20.0,0.21589133084984646,0.002787719112946507,0.003099132434087857,0.5714285714285714,0.4876623376623377,1.3791461130232876,1.2501257434212387,-0.23342961603515155,0.0027877191129465064,0.0871432729292527,-0.03572881536955732
low_log_amount,train,40,market_regime_id,neutral|normal_vol|crowding_low,41,820,20.0,-0.05354570633156985,-0.0009494479644168866,-0.0005567488844335965,0.4634146341463415,0.4585365853658537,0.8995823719389867,0.9293845587331848,-0.26296916815379756,-0.0009494479644168859,0.05773300133882371,-0.07970601500562552
low_log_amount,train,40,market_regime_id,neutral|normal_vol|crowding_normal,202,4040,20.0,-0.7435781254542069,-0.006287836098021583,-0.007794761980354706,0.3613861386138614,0.3693069306930693,0.5441401791699533,0.6333179990862745,-0.7721293938841989,-0.006287836098021582,0.12430903677296437,-0.1055800726416006
low_log_amount,train,40,market_regime_id,strong|high_vol|crowding_high,82,1640,20.0,1.2746937185533072,0.013056534888676283,-0.0017673831244499373,0.47560975609756095,0.4798780487804878,1.8132035928614554,1.61541800636626,-0.4021957833274302,0.013056534888676283,0.3646607123608557,-0.14794592326643602
low_log_amount,train,40,market_regime_id,strong|high_vol|crowding_low,14,280,20.0,-0.013483794462929466,-0.0004842722264718652,-0.00980460127614787,0.42857142857142855,0.46785714285714286,0.9656146204416761,0.9722497999220464,-0.14296722761806568,-0.00048427222647186416,0.043865616494600974,-0.06086704081120792
low_log_amount,train,40,market_regime_id,strong|high_vol|crowding_normal,124,2480,20.0,-0.5266943544914814,-0.005535293094464279,-0.005973383487685172,0.4112903225806452,0.4080645161290323,0.6276469635596895,0.7361072998612703,-0.6788157849799357,-0.005535293094464279,0.06832525568472671,-0.10410991020006637
low_log_amount,train,40,market_regime_id,strong|insufficient_history|crowding_high,2,40,20.0,-0.06719779032254636,-0.03405620620404293,-0.03405620620404293,0.0,0.05,0.0,0.04336987155728604,-0.04971516834949874,-0.03405620620404292,-0.018397244058587163,-0.049715168349498684
low_log_amount,train,40,market_regime_id,strong|insufficient_history|crowding_normal,2,40,20.0,-0.06085548315480138,-0.030812462620794373,-0.030812462620794373,0.0,0.05,0.0,0.04655360466760005,-0.04422759459817338,-0.030812462620794373,-0.01739733064341536,-0.04422759459817339
low_log_amount,train,40,market_regime_id,strong|insufficient_history|insufficient_history,13,260,20.0,-0.11361621063630045,-0.008829619101026713,0.004125271509099957,0.5384615384615384,0.4423076923076923,0.43530223752087727,0.5249726093283291,-0.18770420254054465,-0.008829619101026713,0.019019881723549334,-0.06307127818956473
low_log_amount,train,40,market_regime_id,strong|normal_vol|crowding_high,55,1100,20.0,0.25594303830870047,0.004604359527267663,0.0017217883740641953,0.5272727272727272,0.4890909090909091,1.4382333144342418,1.350414137644329,-0.27744422395043444,0.004604359527267663,0.0630914822493153,-0.05836608272923487
low_log_amount,train,40,market_regime_id,strong|normal_vol|crowding_low,7,140,20.0,-0.048811193338965886,-0.006946220682873573,0.0056504800813179405,0.5714285714285714,0.45,0.3749109943137218,0.5508790416111184,-0.06860333744361369,-0.006946220682873573,0.008060394555970272,-0.041409881936884066
low_log_amount,train,40,market_regime_id,strong|normal_vol|crowding_normal,27,540,20.0,0.3391034329542455,0.011310820441868107,-0.0006385484165081145,0.48148148148148145,0.5370370370370371,2.8335366937938793,2.087562388787986,-0.08585279951375802,0.01131082044186811,0.08301954291364808,-0.03562064388961624
low_log_amount,train,40,market_regime_id,weak|high_vol|crowding_high,3,60,20.0,0.1571337490676541,0.049974923645899755,0.050899727132125226,1.0,0.9,inf,24.740162633573906,0.0,0.049974923645899755,0.06920759179548877,0.02981745201008527
low_log_amount,train,40,market_regime_id,weak|high_vol|crowding_low,12,240,20.0,0.19323049338913667,0.015203516279454979,0.012004892707948498,0.75,0.5916666666666667,4.360362363072835,2.7107013264492825,-0.0534370728962279,0.015203516279454977,0.06144990645347102,-0.029858071795640716
low_log_amount,train,40,market_regime_id,weak|high_vol|crowding_normal,17,340,20.0,0.12534757250215978,0.007238306575509404,0.007441019636114279,0.6470588235294118,0.5529411764705883,2.036801960742857,1.7324526737302417,-0.08069215691063303,0.007238306575509405,0.04303772301903579,-0.03182111158564961
low_log_amount,train,40,market_regime_id,weak|insufficient_history|insufficient_history,92,1840,20.0,0.29841079915123214,0.0034585421725739298,0.009353998251189979,0.5869565217391305,0.5244565217391305,1.2850314822544047,1.215726974922621,-0.5183523340342742,0.0034585421725739298,0.08782043162562445,-0.09872954421824444
low_log_amount,train,40,market_regime_id,weak|normal_vol|crowding_high,4,80,20.0,-0.019909445887869026,-0.00497281842547797,-0.007899263264978107,0.25,0.375,0.32410951361887613,0.6267852306025611,-0.017347278147375023,-0.004972818425477968,0.009538455082131855,-0.01363120225408752
low_log_amount,train,40,market_regime_id,weak|normal_vol|crowding_low,30,600,20.0,-0.5829170676028814,-0.027918375372105873,-0.028879499816125136,0.3333333333333333,0.2916666666666667,0.12051538436752965,0.2076553047435337,-0.6084458288051622,-0.027918375372105862,0.028968270454071667,-0.13308423902132066
low_log_amount,train,40,market_regime_id,weak|normal_vol|crowding_normal,29,580,20.0,0.04431012589011196,0.0016973972794668143,0.007699039490121381,0.5517241379310345,0.5465517241379311,1.2183484783911753,1.147292416078094,-0.15782558429861004,0.0016973972794668145,0.03152754881731895,-0.03635151740871796
low_log_amount,train,40,stock_concentration_regime,insufficient_history,252,5040,20.0,-0.6596884584058726,-0.0036346922930439334,0.0008003568482932873,0.5119047619047619,0.45496031746031745,0.7519751365526322,0.8153084078745775,-0.8712967609367457,-0.003634692293043932,0.08782043162562445,-0.15585105318968348
low_log_amount,train,40,stock_concentration_regime,stock_concentration_high,109,2180,20.0,0.35510972101060734,0.0033421815626472158,0.0023646762349913116,0.5504587155963303,0.5110091743119266,1.2955234751607818,1.223087948691621,-0.39742315836374464,0.003342181562647216,0.09624134238368923,-0.08287681027992155
low_log_amount,train,40,stock_concentration_regime,stock_concentration_low,350,7000,20.0,-0.9408516725228666,-0.007513439472858195,-0.007908595272554317,0.38571428571428573,0.3884285714285714,0.524784440066304,0.62366188497175,-0.9708127328416081,-0.0075134394728581955,0.12430903677296437,-0.13308423902132066
low_log_amount,train,40,stock_concentration_regime,stock_concentration_normal,504,10080,20.0,6.108249116118138,0.004752428944104327,0.0011736926199220014,0.5218253968253969,0.49583333333333335,1.4610100729926545,1.3223996903622743,-0.6645125072501373,0.004752428944104328,0.3646607123608557,-0.14794592326643602
low_log_amount,train,40,trend_regime,insufficient_history,60,1200,20.0,-0.29060443787184875,-0.005000629719098413,0.0018038326169544062,0.5333333333333333,0.45166666666666666,0.6744157141580803,0.7664331956476069,-0.5334862910835283,-0.005000629719098411,0.08323232646863603,-0.15585105318968348
low_log_amount,train,40,trend_regime,neutral,642,12840,20.0,-0.7594643040542479,-0.0017047324881772257,-0.0019284463781753772,0.470404984423676,0.4494548286604361,0.8583187559061306,0.8952691774118896,-0.8601959778009785,-0.0017047324881772248,0.1842559837318512,-0.11898154750917785
low_log_amount,train,40,trend_regime,strong,326,6520,20.0,0.319360362673214,0.001972287426915037,-0.0033425577264088483,0.4570552147239264,0.450920245398773,1.14249174128647,1.1058519087700138,-0.6900692764568293,0.001972287426915037,0.3646607123608557,-0.14794592326643602
low_log_amount,train,40,trend_regime,weak,187,3740,20.0,-0.13875877077670595,-0.00018510136796219233,0.004936324609075246,0.5561497326203209,0.5002673796791444,0.9861349215242899,0.9891846799981504,-0.6188487871375113,-0.0001851013679621921,0.08782043162562445,-0.13308423902132066
low_log_amount,train,40,vol_regime,high_vol,437,8740,20.0,1.225742955615555,0.0028790123116750003,-1.1346375961755403e-05,0.4988558352402746,0.4807780320366133,1.2228098188025822,1.1588614694470256,-0.6864843944023523,0.0028790123116750003,0.3646607123608557,-0.14794592326643602
low_log_amount,train,40,vol_regime,insufficient_history,272,5440,20.0,-0.60336709347448,-0.002763379353950909,0.0010221585516643782,0.5147058823529411,0.4625,0.8080560558445845,0.8560463568273216,-0.8712967609367457,-0.0027633793539509088,0.08782043162562445,-0.15585105318968348
low_log_amount,train,40,vol_regime,low_vol,34,680,20.0,0.0898685255115883,0.0029415302393363666,0.006974618323842219,0.5882352941176471,0.55,1.3097009795186008,1.2280382303334447,-0.26357271143979544,0.0029415302393363684,0.05434736088018325,-0.07163393750780048
low_log_amount,train,40,vol_regime,normal_vol,472,9440,20.0,-0.7984798922018088,-0.002950477795031941,-0.0036476801252129432,0.4427966101694915,0.4271186440677966,0.758621406370088,0.8125578390124365,-0.943159304244753,-0.00295047779503194,0.12430903677296437,-0.13308423902132066
low_log_total_mv,train,0,extreme_selloff_flag,False,1070,21400,20.0,0.9290973787405039,0.0015573839777970008,0.0028700771580738556,0.5299065420560748,0.48495327102803737,1.100397907523738,1.0764444493450263,-0.9017833866544739,0.001557383977797001,0.19572942169498475,-0.1755705309859769
low_log_total_mv,train,0,extreme_selloff_flag,True,145,2900,20.0,1.744676170545152,0.008331011177913761,0.009120544204075386,0.6068965517241379,0.5672413793103448,1.5372238634806006,1.4198885184997934,-0.38792523256482925,0.008331011177913761,0.17135373101883547,-0.15193463804975257
low_log_total_mv,train,0,industry_crowding_regime,crowding_high,312,6240,20.0,5.097202954201367,0.006551351675500304,0.008864633246242867,0.6025641025641025,0.548397435897436,1.5534510461213966,1.401111610668166,-0.5626894526728193,0.0065513516755003045,0.0965598482775949,-0.17135470756251062
low_log_total_mv,train,0,industry_crowding_regime,crowding_low,107,2140,20.0,0.08052984351176051,0.0014801429475170388,0.006684307405080953,0.5514018691588785,0.48130841121495327,1.1068159978296899,1.0759910880439891,-0.6634548526345507,0.0014801429475170386,0.07936344270523508,-0.13596188725898956
low_log_total_mv,train,0,industry_crowding_regime,crowding_normal,544,10880,20.0,-0.006091080676834504,0.001005347777651638,-0.00044248357114736185,0.4963235294117647,0.4629595588235294,1.06146641270714,1.0467685153799928,-0.8334353348400538,0.0010053477776516377,0.19572942169498475,-0.13862084864651278
low_log_total_mv,train,0,industry_crowding_regime,insufficient_history,252,5040,20.0,-0.1914046174043199,0.0004963939200689572,0.005113688530479538,0.5476190476190477,0.5027777777777778,1.0262084257278705,1.0215607329598553,-0.7721855652079744,0.0004963939200689589,0.1597796153510917,-0.1755705309859769
low_log_total_mv,train,0,market_regime_id,insufficient_history|insufficient_history|insufficient_history,60,1200,20.0,-0.21931085143566809,-0.0024487109028746524,0.008837189493856873,0.5666666666666667,0.5158333333333334,0.89113668609607,0.9039093902106126,-0.6779518633560773,-0.0024487109028746533,0.12800920224297888,-0.1755705309859769
low_log_total_mv,train,0,market_regime_id,neutral|high_vol|crowding_high,50,1000,20.0,0.25266859108396145,0.005144361689279422,0.00716053920597127,0.6,0.544,1.4069812150635432,1.2792830223359957,-0.24959150659981189,0.0051443616892794235,0.07666066092702253,-0.06309831362501847
low_log_total_mv,train,0,market_regime_id,neutral|high_vol|crowding_low,3,60,20.0,0.13259998173015197,0.042387391964781286,0.04050094414000904,1.0,0.9166666666666666,inf,13.243413712623068,0.0,0.042387391964781286,0.04829472098752573,0.038366510766809095
low_log_total_mv,train,0,market_regime_id,neutral|high_vol|crowding_normal,132,2640,20.0,-0.3156414512634256,-0.001684209713837286,-0.0030338058393534484,0.4772727272727273,0.4700757575757576,0.9118741875200803,0.9311904043646668,-0.6491616978655641,-0.0016842097138372865,0.17135373101883547,-0.13862084864651278
low_log_total_mv,train,0,market_regime_id,neutral|insufficient_history|crowding_high,8,160,20.0,0.4160604363346816,0.04484833201495483,0.056352827927970583,0.875,0.875,29.21472150146401,18.64112960984539,0.0,0.04484833201495482,0.07926638065497023,-0.012716292666614549
low_log_total_mv,train,0,market_regime_id,neutral|insufficient_history|crowding_normal,8,160,20.0,0.09901675133882648,0.01389937847059003,0.01558135819428306,0.5,0.525,1.6293426665509485,1.5884434854344058,-0.16049510491694563,0.013899378470590024,0.09821032208228145,-0.08172947440151102
low_log_total_mv,train,0,market_regime_id,neutral|insufficient_history|insufficient_history,87,1740,20.0,-0.7341018615922329,-0.013945444101840947,-0.009686763789954311,0.40229885057471265,0.382183908045977,0.44112004969361607,0.5121038970011863,-0.804655128137985,-0.013945444101840945,0.1166726563803033,-0.15193463804975257
low_log_total_mv,train,0,market_regime_id,neutral|low_vol|crowding_high,31,620,20.0,0.5182354044931108,0.014053815422649812,0.011209457382321004,0.7096774193548387,0.6774193548387096,3.234440320334597,2.51593958109597,-0.1611207391772459,0.014053815422649812,0.07311232371175531,-0.07273551825295163
low_log_total_mv,train,0,market_regime_id,neutral|low_vol|crowding_normal,3,60,20.0,-0.14927763602282573,-0.05227976326264111,-0.053546633347890185,0.0,0.016666666666666666,0.0,0.001075860429911167,-0.08080820215008377,-0.052279763262641096,-0.02880392184416424,-0.07448873459586888
low_log_total_mv,train,0,market_regime_id,neutral|normal_vol|crowding_high,77,1540,20.0,0.9867890661766399,0.009375710539691513,0.009646496255294013,0.6233766233766234,0.551948051948052,2.1807909767074154,1.7387506836342026,-0.20771641844543742,0.00937571053969151,0.07251613007045696,-0.05962010282191985
low_log_total_mv,train,0,market_regime_id,neutral|normal_vol|crowding_low,41,820,20.0,0.2757028395522849,0.006445179618020578,0.007029104800829878,0.6097560975609756,0.5073170731707317,1.7264831518515733,1.466765569378925,-0.2032551372542012,0.006445179618020579,0.07936344270523508,-0.07133807600724376
low_log_total_mv,train,0,market_regime_id,neutral|normal_vol|crowding_normal,202,4040,20.0,-0.692184438963658,-0.005124445964060892,-0.0032370515059242876,0.42574257425742573,0.40123762376237626,0.6838142170356835,0.7620237948207289,-0.7561812622725664,-0.005124445964060892,0.14733131629150203,-0.10264471875025741
low_log_total_mv,train,0,market_regime_id,strong|high_vol|crowding_high,82,1640,20.0,-0.026242413228645733,0.0008231472989329435,0.008681624854325977,0.6341463414634146,0.5304878048780488,1.0470950245185466,1.0372316744227952,-0.4601477967110521,0.000823147298932946,0.09391202270738098,-0.17135470756251062
low_log_total_mv,train,0,market_regime_id,strong|high_vol|crowding_low,14,280,20.0,0.2672859105393377,0.017509909504013252,0.014987962996316091,0.6428571428571429,0.5571428571428572,4.432599261860321,2.3975824634692033,-0.04800652996434629,0.017509909504013252,0.06764038908388269,-0.04197849313039518
low_log_total_mv,train,0,market_regime_id,strong|high_vol|crowding_normal,124,2480,20.0,0.04343893203695015,0.0013019077415758033,0.005005160816442797,0.5403225806451613,0.47580645161290325,1.0761485087506302,1.0571902689894404,-0.516656248741421,0.0013019077415758016,0.07892680667843374,-0.12024510375051183
low_log_total_mv,train,0,market_regime_id,strong|insufficient_history|crowding_high,2,40,20.0,-0.13348548677352812,-0.06772870136920262,-0.06772870136920262,0.0,0.05,0.0,0.00864577693646647,-0.11886832420982951,-0.06772870136920262,-0.01658907852857568,-0.11886832420982955
low_log_total_mv,train,0,market_regime_id,strong|insufficient_history|crowding_normal,2,40,20.0,-0.11593430473653554,-0.05941719513728105,-0.05941719513728105,0.0,0.025,0.0,0.007285261409660946,-0.08452332068375212,-0.05941719513728104,-0.03431106959081,-0.0845233206837521
low_log_total_mv,train,0,market_regime_id,strong|insufficient_history|insufficient_history,13,260,20.0,-0.07745208103522283,-0.005368936082613846,0.003594351403946977,0.5384615384615384,0.5,0.7044498773180192,0.745025545750075,-0.20982774123300618,-0.005368936082613843,0.04922610548390067,-0.09008338609231152
low_log_total_mv,train,0,market_regime_id,strong|normal_vol|crowding_high,55,1100,20.0,0.12203436215697816,0.0026491503545027746,-0.003002855994566711,0.43636363636363634,0.4581818181818182,1.2264638373631356,1.1658959653970662,-0.2871710749949311,0.0026491503545027755,0.0965598482775949,-0.06713255563350637
low_log_total_mv,train,0,market_regime_id,strong|normal_vol|crowding_low,7,140,20.0,-0.024772980196608563,-0.003252069393970935,0.010289114202122201,0.5714285714285714,0.35,0.7571745311768073,0.8371473655370844,-0.09086275169748503,-0.0032520693939709347,0.03460339728199477,-0.03399394440851584
low_log_total_mv,train,0,market_regime_id,strong|normal_vol|crowding_normal,27,540,20.0,0.5481185876345622,0.01685113867115425,0.00966928524197883,0.6666666666666666,0.5722222222222222,4.835273471986652,2.7311584820778685,-0.047941591671288974,0.016851138671154245,0.10548100459466495,-0.03670174911241189
low_log_total_mv,train,0,market_regime_id,weak|high_vol|crowding_high,3,60,20.0,0.22090860924155797,0.06886193850164919,0.07606492418700019,1.0,0.9666666666666667,inf,36.73483281497526,0.0,0.06886193850164919,0.07848348400708792,0.052037407310859506
low_log_total_mv,train,0,market_regime_id,weak|high_vol|crowding_low,12,240,20.0,0.3025532653149907,0.02268089042247086,0.02935245934490276,0.6666666666666666,0.65,6.954060673404536,4.04833573563974,-0.04517498504347339,0.022680890422470856,0.06744549730332054,-0.02823123282424785
low_log_total_mv,train,0,market_regime_id,weak|high_vol|crowding_normal,17,340,20.0,1.2122236531358035,0.05082170866165387,0.0458469179811114,0.6470588235294118,0.6705882352941176,5.095873275622643,4.420865955879607,-0.167308418451104,0.05082170866165387,0.19572942169498475,-0.05947520278519867
low_log_total_mv,train,0,market_regime_id,weak|insufficient_history|insufficient_history,92,1840,20.0,3.222298022856199,0.016902866608304333,0.017327689680629987,0.6739130434782609,0.6086956521739131,2.5301058746456917,2.0282326416050878,-0.3475176856594403,0.016902866608304336,0.1597796153510917,-0.10837827761805074
low_log_total_mv,train,0,market_regime_id,weak|normal_vol|crowding_high,4,80,20.0,-0.014161467401375916,-0.0034776920656504227,-0.0073344128598882225,0.5,0.425,0.537103147756479,0.7529895732380084,-0.01499068194170916,-0.0034776920656504227,0.015818926298713343,-0.015060868841538589
low_log_total_mv,train,0,market_regime_id,weak|normal_vol|crowding_low,30,600,20.0,-0.5354474268492848,-0.024252805907230123,-0.021047805172492315,0.3333333333333333,0.33,0.19876266675001944,0.340440071901589,-0.5722495080380905,-0.024252805907230123,0.05423014755344095,-0.13596188725898956
low_log_total_mv,train,0,market_regime_id,weak|normal_vol|crowding_normal,29,580,20.0,0.5973324936203945,0.016843284792496496,0.014919411323313736,0.7241379310344828,0.6413793103448275,3.451993430441385,2.5783602023364414,-0.10431028361692052,0.016843284792496492,0.08950431031074153,-0.04046279762299628
low_log_total_mv,train,0,stock_concentration_regime,insufficient_history,252,5040,20.0,-0.1914046174043199,0.0004963939200689572,0.005113688530479538,0.5476190476190477,0.5027777777777778,1.0262084257278705,1.0215607329598553,-0.7721855652079744,0.0004963939200689589,0.1597796153510917,-0.1755705309859769
low_log_total_mv,train,0,stock_concentration_regime,stock_concentration_high,109,2180,20.0,1.686885102359319,0.010696536618227058,0.017596354706761703,0.6146788990825688,0.5655963302752294,1.652472003012733,1.5016896441932275,-0.6889177254782313,0.010696536618227058,0.19572942169498475,-0.13862084864651278
low_log_total_mv,train,0,stock_concentration_regime,stock_concentration_low,350,7000,20.0,-0.9079249004336056,-0.005948792498069334,-0.005206982632008944,0.4228571428571429,0.4077142857142857,0.6718554531997842,0.736601174128972,-0.9550374585648832,-0.005948792498069334,0.14733131629150203,-0.13596188725898956
low_log_total_mv,train,0,stock_concentration_regime,stock_concentration_normal,504,10080,20.0,25.468096730234542,0.007272740262143703,0.008126688655288572,0.5992063492063492,0.5359126984126984,1.6169062948182404,1.423981387785509,-0.41724717824511537,0.007272740262143704,0.1078822994991818,-0.17135470756251062
low_log_total_mv,train,0,trend_regime,insufficient_history,60,1200,20.0,-0.21931085143566809,-0.0024487109028746524,0.008837189493856873,0.5666666666666667,0.5158333333333334,0.89113668609607,0.9039093902106126,-0.6779518633560773,-0.0024487109028746533,0.12800920224297888,-0.1755705309859769
low_log_total_mv,train,0,trend_regime,neutral,642,12840,20.0,-0.5951290169977287,-0.0005472498370327097,0.00016356317238777618,0.5031152647975078,0.4701713395638629,0.9652686559140742,0.9733752664635812,-0.8292833306632864,-0.0005472498370327098,0.17135373101883547,-0.15193463804975257
low_log_total_mv,train,0,trend_regime,strong,326,6520,20.0,0.541551076599547,0.0022328372309759503,0.005594891573397912,0.5552147239263804,0.49095092024539877,1.1464337911142273,1.1099207408754423,-0.6745208671404521,0.0022328372309759503,0.10548100459466495,-0.17135470756251062
low_log_total_mv,train,0,trend_regime,weak,187,3740,20.0,9.866571673919294,0.014143045932029976,0.012323389591468576,0.6256684491978609,0.5791443850267379,2.0972725513554495,1.7944784985251248,-0.5815880348062838,0.014143045932029977,0.19572942169498475,-0.13596188725898956
low_log_total_mv,train,0,vol_regime,high_vol,437,8740,20.0,3.3984191406859807,0.00452829175624392,0.00671695684371687,0.562929061784897,0.5135011441647597,1.281246770332593,1.2123014554769276,-0.6656946255207669,0.004528291756243921,0.19572942169498475,-0.17135470756251062
low_log_total_mv,train,0,vol_regime,insufficient_history,272,5440,20.0,-0.03599843702823702,0.0012528719070910622,0.005266364390769246,0.5477941176470589,0.5075367647058824,1.0653258782015207,1.0543731095810187,-0.7721855652079744,0.0012528719070910629,0.1597796153510917,-0.1755705309859769
low_log_total_mv,train,0,vol_regime,low_vol,34,680,20.0,0.2915968123842205,0.008200852597477083,0.010051558519749055,0.6470588235294118,0.6191176470588236,1.7925375993807455,1.6274282585729294,-0.28634665214144206,0.008200852597477083,0.07311232371175531,-0.07448873459586888
low_log_total_mv,train,0,vol_regime,normal_vol,472,9440,20.0,-0.033183735827175265,0.000584584390929456,0.00017844448251098377,0.5042372881355932,0.4611228813559322,1.0442039452644662,1.0319248097841538,-0.9162483237143729,0.0005845843909294564,0.14733131629150203,-0.13596188725898956
low_log_total_mv,train,40,extreme_selloff_flag,False,1070,21400,20.0,-0.973563250105933,-0.0024426160222030006,-0.0011299228419261453,0.48411214953271026,0.4520093457943925,0.8602838239375964,0.8913846846776659,-0.9730330355467873,-0.002442616022203001,0.19172942169498475,-0.17957053098597692
low_log_total_mv,train,40,extreme_selloff_flag,True,145,2900,20.0,0.5399611513505753,0.0043310111779137584,0.005120544204075386,0.5655172413793104,0.5358620689655172,1.2527780070904209,1.2003033887924397,-0.433174083614689,0.004331011177913759,0.16735373101883547,-0.15593463804975258
low_log_total_mv,train,40,industry_crowding_regime,crowding_high,312,6240,20.0,0.7570295849100532,0.002551351675500302,0.0048646332462428665,0.5641025641025641,0.5107371794871794,1.1890421954101535,1.1401694348088824,-0.6346424398681518,0.0025513516755003023,0.09255984827759489,-0.17535470756251062
low_log_total_mv,train,40,industry_crowding_regime,crowding_low,107,2140,20.0,-0.2963189458174178,-0.002519857052482963,0.0026843074050809518,0.5233644859813084,0.4485981308411215,0.8392089301035255,0.8833611319437397,-0.7064946051796994,-0.0025198570524829628,0.07536344270523508,-0.13996188725898956
low_log_total_mv,train,40,industry_crowding_regime,crowding_normal,544,10880,20.0,-0.8879390539975236,-0.002994652222348364,-0.004442483571147363,0.4411764705882353,0.43069852941176473,0.8380174021510297,0.8736367465604922,-0.928133197343015,-0.0029946522223483654,0.19172942169498475,-0.14262084864651278
low_log_total_mv,train,40,industry_crowding_regime,insufficient_history,252,5040,20.0,-0.7061615594341357,-0.003503606079931043,0.0011136885304795362,0.5079365079365079,0.475,0.8316984870812806,0.8601971282308039,-0.8930819160359038,-0.003503606079931044,0.1557796153510917,-0.17957053098597692
low_log_total_mv,train,40,market_regime_id,insufficient_history|insufficient_history|insufficient_history,60,1200,20.0,-0.3870550136036953,-0.006448710902874655,0.0048371894938568725,0.55,0.49416666666666664,0.7344051491005402,0.765155261702223,-0.7088994169392968,-0.006448710902874657,0.12400920224297887,-0.17957053098597692
low_log_total_mv,train,40,market_regime_id,neutral|high_vol|crowding_high,50,1000,20.0,0.025983139143721967,0.0011443616892794206,0.003160539205971269,0.58,0.514,1.0799276323498175,1.056394766487301,-0.3264694333566106,0.0011443616892794215,0.07266066092702253,-0.06709831362501847
low_log_total_mv,train,40,market_regime_id,neutral|high_vol|crowding_low,3,60,20.0,0.1196112038712549,0.03838739196478128,0.03650094414000904,1.0,0.9,inf,11.059882748651438,0.0,0.03838739196478128,0.044294720987525724,0.03436651076680909
low_log_total_mv,train,40,market_regime_id,neutral|high_vol|crowding_normal,132,2640,20.0,-0.5976759681081947,-0.005684209713837289,-0.0070338058393534485,0.44696969696969696,0.44356060606060604,0.7324067909219474,0.7866552712028191,-0.6960163416336513,-0.00568420971383729,0.16735373101883547,-0.14262084864651278
low_log_total_mv,train,40,market_regime_id,neutral|insufficient_history|crowding_high,8,160,20.0,0.3732351575365831,0.04084833201495482,0.05235282792797058,0.875,0.8375,20.548991073378996,14.18559662487142,0.0,0.040848332014954816,0.07526638065497022,-0.01671629266661455
low_log_total_mv,train,40,market_regime_id,neutral|insufficient_history|crowding_normal,8,160,20.0,0.06466927923942056,0.009899378470590026,0.011581358194283058,0.5,0.525,1.4110090394500623,1.387897811137254,-0.17113278534136767,0.00989937847059002,0.09421032208228144,-0.08572947440151102
low_log_total_mv,train,40,market_regime_id,neutral|insufficient_history|insufficient_history,87,1740,20.0,-0.8134642392049006,-0.01794544410184095,-0.013686763789954311,0.3448275862068966,0.35344827586206895,0.34593735211982146,0.4230530692575568,-0.8580971234449757,-0.017945444101840947,0.1126726563803033,-0.15593463804975258
low_log_total_mv,train,40,market_regime_id,neutral|low_vol|crowding_high,31,620,20.0,0.34299849504243873,0.01005381542264981,0.007209457382321002,0.7096774193548387,0.6225806451612903,2.3493377204778554,1.944808004102242,-0.17836147651428103,0.01005381542264981,0.06911232371175531,-0.07673551825295163
low_log_total_mv,train,40,market_regime_id,neutral|low_vol|crowding_normal,3,60,20.0,-0.16000820129992488,-0.056279763262641114,-0.05754663334789019,0.0,0.0,0.0,0.0,-0.0884627999293155,-0.0562797632626411,-0.032803921844164245,-0.07848873459586889
low_log_total_mv,train,40,market_regime_id,neutral|normal_vol|crowding_high,77,1540,20.0,0.46304343805806614,0.005375710539691509,0.0056464962552940125,0.5844155844155844,0.5058441558441559,1.5672790258994649,1.3691168717938798,-0.24282281199337985,0.0053757105396915065,0.06851613007045695,-0.06362010282191985
low_log_total_mv,train,40,market_regime_id,neutral|normal_vol|crowding_low,41,820,20.0,0.08335541270973423,0.0024451796180205757,0.0030291048008298767,0.5609756097560976,0.47317073170731705,1.2340416053921568,1.15447216244637,-0.2534602228125875,0.002445179618020577,0.07536344270523508,-0.07533807600724376
low_log_total_mv,train,40,market_regime_id,neutral|normal_vol|crowding_normal,202,4040,20.0,-0.8637388259690224,-0.009124445964060895,-0.007237051505924288,0.3465346534653465,0.3608910891089109,0.5116551141192585,0.6197171688141623,-0.8833955201222607,-0.009124445964060894,0.14333131629150203,-0.10664471875025741
low_log_total_mv,train,40,market_regime_id,strong|high_vol|crowding_high,82,1640,20.0,-0.2993547217099074,-0.0031768527010670577,0.004681624854325978,0.5487804878048781,0.49817073170731707,0.8335450322730261,0.8678753792821152,-0.49090597813784564,-0.0031768527010670564,0.08991202270738098,-0.17535470756251062
low_log_total_mv,train,40,market_regime_id,strong|high_vol|crowding_low,14,280,20.0,0.19923534109292107,0.013509909504013248,0.010987962996316089,0.6428571428571429,0.525,3.069014274892689,1.9406657133357608,-0.06486429869997734,0.013509909504013252,0.06364038908388268,-0.04597849313039518
low_log_total_mv,train,40,market_regime_id,strong|high_vol|crowding_normal,124,2480,20.0,-0.365416867417642,-0.0026980922584241996,0.001005160816442796,0.5080645161290323,0.44879032258064516,0.8580227793600301,0.8916996435465766,-0.5857081338015653,-0.0026980922584242005,0.07492680667843374,-0.12424510375051183
low_log_total_mv,train,40,market_regime_id,strong|insufficient_history|crowding_high,2,40,20.0,-0.1409276571625746,-0.07172870136920262,-0.07172870136920262,0.0,0.05,0.0,0.005417047473595301,-0.12286832420982952,-0.07172870136920262,-0.02058907852857568,-0.12286832420982956
low_log_total_mv,train,40,market_regime_id,strong|insufficient_history|crowding_normal,2,40,20.0,-0.12344296717543735,-0.06341719513728106,-0.06341719513728106,0.0,0.025,0.0,0.005271049799765886,-0.08852332068375213,-0.06341719513728104,-0.03831106959081,-0.0885233206837521
low_log_total_mv,train,40,market_regime_id,strong|insufficient_history|insufficient_history,13,260,20.0,-0.12461291421331544,-0.009368936082613844,-0.00040564859605302355,0.46153846153846156,0.45384615384615384,0.5325643694554925,0.5953264139751145,-0.23275282881020565,-0.009368936082613848,0.045226105483900665,-0.09408338609231152
low_log_total_mv,train,40,market_regime_id,strong|normal_vol|crowding_high,55,1100,20.0,-0.09963627462681601,-0.001350849645497227,-0.007002855994566712,0.43636363636363634,0.42363636363636364,0.9031818426389837,0.9257399623193886,-0.4011224619719358,-0.0013508496454972274,0.09255984827759489,-0.07113255563350637
low_log_total_mv,train,40,market_regime_id,strong|normal_vol|crowding_low,7,140,20.0,-0.05185830094850985,-0.007252069393970937,0.006289114202122199,0.5714285714285714,0.3142857142857143,0.5199500673729072,0.6794872093292411,-0.10207799153801955,-0.007252069393970936,0.030603397281994772,-0.03799394440851584
low_log_total_mv,train,40,market_regime_id,strong|normal_vol|crowding_normal,27,540,20.0,0.39167749417604436,0.012851138671154247,0.005669285241978829,0.5555555555555556,0.5314814814814814,3.157087868007436,2.1174880890852545,-0.07090756197643144,0.012851138671154247,0.10148100459466494,-0.040701749112411895
low_log_total_mv,train,40,market_regime_id,weak|high_vol|crowding_high,3,60,20.0,0.2072511155356569,0.06486193850164919,0.07206492418700018,1.0,0.9666666666666667,inf,32.480892333200416,0.0,0.06486193850164919,0.07448348400708792,0.0480374073108595
low_log_total_mv,train,40,market_regime_id,weak|high_vol|crowding_low,12,240,20.0,0.24266841152796492,0.018680890422470856,0.025352459344902756,0.6666666666666666,0.6041666666666666,4.63254311026796,3.097473823462963,-0.06053718158278798,0.018680890422470856,0.06344549730332054,-0.03223123282424785
low_log_total_mv,train,40,market_regime_id,weak|high_vol|crowding_normal,17,340,20.0,1.0725755151339138,0.046821708661653874,0.0418469179811114,0.6470588235294118,0.6588235294117647,4.388018257850939,3.8918452626150724,-0.18116955766554454,0.04682170866165387,0.19172942169498475,-0.06347520278519866
low_log_total_mv,train,40,market_regime_id,weak|insufficient_history|insufficient_history,92,1840,20.0,1.9357892459163937,0.012902866608304333,0.013327689680629987,0.6413043478260869,0.5804347826086956,2.0398182620571967,1.7147625515710943,-0.4540256658587877,0.012902866608304331,0.1557796153510917,-0.11237827761805075
low_log_total_mv,train,40,market_regime_id,weak|normal_vol|crowding_high,4,80,20.0,-0.0298974452529972,-0.0074776920656504245,-0.011334412859888223,0.25,0.3875,0.28322580414163684,0.5453008105989111,-0.02259897526115129,-0.007477692065650426,0.011818926298713343,-0.01906086884153859
low_log_total_mv,train,40,market_regime_id,weak|normal_vol|crowding_low,30,600,20.0,-0.5894134293055472,-0.028252805907230123,-0.02504780517249231,0.3,0.30333333333333334,0.14353938815424935,0.2846435500583729,-0.6087071995088909,-0.02825280590723013,0.05023014755344095,-0.13996188725898956
low_log_total_mv,train,40,market_regime_id,weak|normal_vol|crowding_normal,29,580,20.0,0.4246190399141361,0.012843284792496487,0.010919411323313736,0.6206896551724138,0.6,2.5623719814902812,2.0551848154167183,-0.11615305142711496,0.012843284792496489,0.08550431031074153,-0.044462797622996285
low_log_total_mv,train,40,stock_concentration_regime,insufficient_history,252,5040,20.0,-0.7061615594341357,-0.003503606079931043,0.0011136885304795362,0.5079365079365079,0.475,0.8316984870812806,0.8601971282308039,-0.8930819160359038,-0.003503606079931044,0.1557796153510917,-0.17957053098597692
low_log_total_mv,train,40,stock_concentration_regime,stock_concentration_high,109,2180,20.0,0.7415555194960408,0.006696536618227053,0.013596354706761701,0.5871559633027523,0.5412844036697247,1.3714186482179376,1.2899131643796995,-0.72331818458456,0.006696536618227054,0.19172942169498475,-0.14262084864651278
low_log_total_mv,train,40,stock_concentration_regime,stock_concentration_low,350,7000,20.0,-0.9776017552003377,-0.009948792498069335,-0.009206982632008944,0.36,0.373,0.5161594638337272,0.6021916316028376,-0.9873232970113092,-0.009948792498069335,0.14333131629150203,-0.13996188725898956
low_log_total_mv,train,40,stock_concentration_regime,stock_concentration_normal,504,10080,20.0,2.5518769023626193,0.0032727402621437005,0.0041266886552885716,0.5595238095238095,0.5001984126984127,1.243179300283979,1.171606855980213,-0.5295675240571254,0.0032727402621437014,0.10388229949918179,-0.17535470756251062
low_log_total_mv,train,40,trend_regime,insufficient_history,60,1200,20.0,-0.3870550136036953,-0.006448710902874655,0.0048371894938568725,0.55,0.49416666666666664,0.7344051491005402,0.765155261702223,-0.7088994169392968,-0.006448710902874657,0.12400920224297887,-0.17957053098597692
low_log_total_mv,train,40,trend_regime,neutral,642,12840,20.0,-0.9692916805277044,-0.004547249837032712,-0.0038364368276122248,0.45482866043613707,0.43481308411214953,0.744999024786941,0.7999613020376927,-0.9700388601883351,-0.004547249837032712,0.16735373101883547,-0.15593463804975258
low_log_total_mv,train,40,trend_regime,strong,326,6520,20.0,-0.5824283223382769,-0.0017671627690240513,0.00159489157339791,0.50920245398773,0.4593558282208589,0.8967148771099133,0.9211263492499837,-0.7611260654500915,-0.0017671627690240522,0.10148100459466494,-0.17535470756251062
low_log_total_mv,train,40,trend_regime,weak,187,3740,20.0,4.179755328086604,0.010143045932029974,0.008323389591468574,0.5828877005347594,0.5497326203208556,1.7004214971726184,1.5192756203955193,-0.6183003667036218,0.010143045932029976,0.19172942169498475,-0.13996188725898956
low_log_total_mv,train,40,vol_regime,high_vol,437,8740,20.0,-0.23380764532810017,0.0005282917562439179,0.0027169568437168698,0.5263157894736842,0.4854691075514874,1.0294869823960284,1.0226487916324358,-0.7642733547623579,0.0005282917562439185,0.19172942169498475,-0.17535470756251062
low_log_total_mv,train,40,vol_regime,insufficient_history,272,5440,20.0,-0.6764971113146,-0.0027471280929089394,0.0012663643907692445,0.5110294117647058,0.4806985294117647,0.8694970743011786,0.8903740591699824,-0.8930819160359038,-0.00274712809290894,0.1557796153510917,-0.17957053098597692
low_log_total_mv,train,40,vol_regime,low_vol,34,680,20.0,0.12810772150219218,0.00420085259747708,0.006051558519749053,0.6470588235294118,0.5676470588235294,1.3572350181556432,1.286394576481297,-0.309830378775957,0.0042008525974770805,0.06911232371175531,-0.07848873459586889
low_log_total_mv,train,40,vol_regime,normal_vol,472,9440,20.0,-0.8544033848896383,-0.0034154156090705472,-0.0038215555174890177,0.4427966101694915,0.4219279661016949,0.7772153391991464,0.8336374831533083,-0.9633405042075258,-0.0034154156090705455,0.14333131629150203,-0.13996188725898956
low_stock_amount_share_in_industry,train,0,extreme_selloff_flag,False,1070,21400,20.0,33.804283827192386,0.0040294819370515645,0.0025769547162163954,0.5317757009345795,0.4963084112149533,1.35631691998091,1.2459025204814451,-0.8103551671282645,0.004029481937051563,0.2977717981103513,-0.15604899731638416
low_stock_amount_share_in_industry,train,0,extreme_selloff_flag,True,145,2900,20.0,1.3360008174808686,0.006671256211308314,0.007137912058250701,0.6344827586206897,0.5593103448275862,1.5691368246026303,1.398441289442724,-0.377374550630976,0.006671256211308315,0.1160531070483922,-0.1194674451168376
low_stock_amount_share_in_industry,train,0,industry_crowding_regime,crowding_high,312,6240,20.0,41.369605546199004,0.013060125877780845,0.010348289273708552,0.5993589743589743,0.5543269230769231,2.4804066727654974,1.9022780261792227,-0.385603151770179,0.013060125877780845,0.2977717981103513,-0.1460879317335853
low_stock_amount_share_in_industry,train,0,industry_crowding_regime,crowding_low,107,2140,20.0,-0.0276410362682723,0.0003927844144302317,0.0034689035219563403,0.5514018691588785,0.5014018691588785,1.0306263040351156,1.0236657215407907,-0.6386626367051522,0.0003927844144302326,0.07222582240860168,-0.12936880172862866
low_stock_amount_share_in_industry,train,0,industry_crowding_regime,crowding_normal,544,10880,20.0,0.7055238640259633,0.0015151921510830047,0.0007913517551498244,0.5091911764705882,0.47610294117647056,1.1323792259570857,1.092085952346088,-0.6921066200605739,0.0015151921510830047,0.12551355072270398,-0.12788930719395855
low_stock_amount_share_in_industry,train,0,industry_crowding_regime,insufficient_history,252,5040,20.0,0.1570892229652563,0.0013405797098574022,0.0033438752326184927,0.5476190476190477,0.5021825396825397,1.0979581513806473,1.0715985920010722,-0.7129592586550305,0.001340579709857402,0.1160531070483922,-0.15604899731638416
low_stock_amount_share_in_industry,train,0,market_regime_id,insufficient_history|insufficient_history|insufficient_history,60,1200,20.0,0.09969019487581798,0.0025457948057964253,0.005038561451047549,0.6,0.5341666666666667,1.177205381891589,1.1270943686004713,-0.5283688073854379,0.002545794805796426,0.1160531070483922,-0.15604899731638416
low_stock_amount_share_in_industry,train,0,market_regime_id,neutral|high_vol|crowding_high,50,1000,20.0,0.7237215677089865,0.011653351963445253,0.009955966701719072,0.56,0.549,2.4203056519941644,1.6987424421401738,-0.25852464746615755,0.011653351963445257,0.11585741207381459,-0.08944222040305101
low_stock_amount_share_in_industry,train,0,market_regime_id,neutral|high_vol|crowding_low,3,60,20.0,0.09593986178817326,0.03147582425940599,0.0255310810829558,0.6666666666666666,0.75,29.361447018521865,6.623601512524497,0.0,0.03147582425940599,0.07222582240860168,-0.0033294307133395094
low_stock_amount_share_in_industry,train,0,market_regime_id,neutral|high_vol|crowding_normal,132,2640,20.0,0.5016577854076083,0.0036167777462089348,0.005486306078994687,0.5606060606060606,0.5212121212121212,1.3385951450570557,1.2299095376587885,-0.3616099014936408,0.0036167777462089348,0.10889826669532379,-0.12788930719395855
low_stock_amount_share_in_industry,train,0,market_regime_id,neutral|insufficient_history|crowding_high,8,160,20.0,0.30978279939443243,0.034679563141014585,0.04449065278856523,0.75,0.79375,16.43207518572116,8.191268151473778,-0.0011425758640153383,0.034679563141014585,0.06428952426221579,-0.016835337137913277
low_stock_amount_share_in_industry,train,0,market_regime_id,neutral|insufficient_history|crowding_normal,8,160,20.0,0.14669727065129012,0.018494370388591343,0.012268480973359128,0.5,0.60625,2.2936617099105217,2.125224741486198,-0.09673669639467275,0.018494370388591346,0.08885868749699777,-0.04483472875751164
low_stock_amount_share_in_industry,train,0,market_regime_id,neutral|insufficient_history|insufficient_history,87,1740,20.0,-0.5127136868784555,-0.007549276959116249,-0.007243327837535807,0.40229885057471265,0.4074712643678161,0.5533715384562373,0.6644516591229939,-0.6563412786938245,-0.007549276959116248,0.07663943773631138,-0.12481481724806107
low_stock_amount_share_in_industry,train,0,market_regime_id,neutral|low_vol|crowding_high,31,620,20.0,0.7183684593647028,0.018076241503202573,0.01942841786205466,0.8387096774193549,0.6774193548387096,4.145862963887908,3.025276118909468,-0.15706843453890407,0.01807624150320258,0.0658430357103946,-0.07900151524815702
low_stock_amount_share_in_industry,train,0,market_regime_id,neutral|low_vol|crowding_normal,3,60,20.0,-0.14702021330235382,-0.05132299392807208,-0.056851016325080474,0.0,0.06666666666666667,0.0,0.011169360105573956,-0.07524259339821582,-0.05132299392807208,-0.019500182252727087,-0.07761778320640869
low_stock_amount_share_in_industry,train,0,market_regime_id,neutral|normal_vol|crowding_high,77,1540,20.0,0.6920334134939639,0.007200441328732711,0.007139157262016177,0.5844155844155844,0.5246753246753246,1.9591029934004764,1.582265282819072,-0.24271267914654182,0.0072004413287327105,0.0833552254841198,-0.04656320758289612
low_stock_amount_share_in_industry,train,0,market_regime_id,neutral|normal_vol|crowding_low,41,820,20.0,0.18639890790167257,0.0046723717467071725,0.004326238005806143,0.6097560975609756,0.5280487804878049,1.53743054679206,1.3854462332266368,-0.22018124634627723,0.004672371746707173,0.06785081991631861,-0.0776620663621506
low_stock_amount_share_in_industry,train,0,market_regime_id,neutral|normal_vol|crowding_normal,202,4040,20.0,-0.3790775409352696,-0.0019249584353134613,-0.006086710965708583,0.4207920792079208,0.42326732673267325,0.8286014336692222,0.8760473362480131,-0.5978970738445408,-0.0019249584353134607,0.12551355072270398,-0.09599128748278836
low_stock_amount_share_in_industry,train,0,market_regime_id,strong|high_vol|crowding_high,82,1640,20.0,2.522664888022794,0.01775182378939923,0.0052295743775941424,0.5975609756097561,0.5378048780487805,2.3996629502433664,1.8903550436782188,-0.3760321191020868,0.017751823789399233,0.2977717981103513,-0.1460879317335853
low_stock_amount_share_in_industry,train,0,market_regime_id,strong|high_vol|crowding_low,14,280,20.0,0.13631119181017404,0.00959213841210954,0.011282367514592153,0.5714285714285714,0.5678571428571428,2.1447770790713854,1.7243335248068992,-0.08593037476979348,0.009592138412109541,0.04838329147703038,-0.04906019428429548
low_stock_amount_share_in_industry,train,0,market_regime_id,strong|high_vol|crowding_normal,124,2480,20.0,-0.15579595423244785,-0.000672410120792047,0.0006471513630415343,0.5080645161290323,0.45161290322580644,0.954486806123051,0.9687715773319966,-0.4838117949598092,-0.0006724101207920477,0.07605747233173196,-0.11895796724554768
low_stock_amount_share_in_industry,train,0,market_regime_id,strong|insufficient_history|crowding_high,2,40,20.0,-0.08992375356703164,-0.04523930492029959,-0.04523930492029959,0.0,0.125,0.0,0.06702828089445464,-0.08386233478726235,-0.04523930492029959,-0.0066162750533368285,-0.08386233478726235
low_stock_amount_share_in_industry,train,0,market_regime_id,strong|insufficient_history|crowding_normal,2,40,20.0,-0.08000653311891104,-0.04079965947543179,-0.04079965947543179,0.0,0.025,0.0,0.07935512477137721,-0.04927470409824053,-0.04079965947543179,-0.032324614852623015,-0.049274704098240564
low_stock_amount_share_in_industry,train,0,market_regime_id,strong|insufficient_history|insufficient_history,13,260,20.0,-0.045040158699628075,-0.003201555266261071,0.00809436278614043,0.6153846153846154,0.5,0.7406492589762684,0.817167301253456,-0.15116231495214894,-0.00320155526626107,0.02696575097431722,-0.05579227684108208
low_stock_amount_share_in_industry,train,0,market_regime_id,strong|normal_vol|crowding_high,55,1100,20.0,0.6038922324825042,0.009101188233604812,-0.001117796981542013,0.4909090909090909,0.5145454545454545,2.1582592568127335,1.7831013289177169,-0.17338199881225513,0.009101188233604809,0.0865518725836167,-0.045102197817956664
low_stock_amount_share_in_industry,train,0,market_regime_id,strong|normal_vol|crowding_low,7,140,20.0,0.035158795034855084,0.005071982387919491,0.0060315743434495635,0.5714285714285714,0.5285714285714286,2.0917675855425033,1.4745250642004855,-0.031861135339149804,0.005071982387919491,0.025023369699024862,-0.020816281899739338
low_stock_amount_share_in_industry,train,0,market_regime_id,strong|normal_vol|crowding_normal,27,540,20.0,0.48932459913840143,0.015265437844611505,0.008629775427138858,0.6296296296296297,0.575925925925926,4.615581418768063,2.7433219452583946,-0.06805706641539855,0.015265437844611504,0.07806751503976568,-0.03175048259929998
low_stock_amount_share_in_industry,train,0,market_regime_id,weak|high_vol|crowding_high,3,60,20.0,0.20845476861900814,0.06520688639602058,0.06946667625038712,1.0,0.8833333333333333,inf,33.753070373938186,0.0,0.0652068863960206,0.07621091171661279,0.049943071221061855
low_stock_amount_share_in_industry,train,0,market_regime_id,weak|high_vol|crowding_low,12,240,20.0,0.2544100444396351,0.01945150425435111,0.018719127207604914,0.6666666666666666,0.65,6.290826341436518,3.9708550682844796,-0.04347275444306997,0.019451504254351118,0.06992065553452001,-0.019777236677664484
low_stock_amount_share_in_industry,train,0,market_regime_id,weak|high_vol|crowding_normal,17,340,20.0,0.23724798394930513,0.012920915413925727,0.01605488910862804,0.7058823529411765,0.6029411764705882,3.0962961553593327,2.3036557384834406,-0.06517523273473602,0.012920915413925727,0.054979437236174176,-0.025623914563246992
low_stock_amount_share_in_industry,train,0,market_regime_id,weak|insufficient_history|insufficient_history,92,1840,20.0,1.261138548587223,0.009603105570008557,0.013252863865438613,0.6413043478260869,0.571195652173913,1.9244640599611944,1.6635296533903452,-0.4127251713735508,0.009603105570008557,0.10092957944127004,-0.10629065347727326
low_stock_amount_share_in_industry,train,0,market_regime_id,weak|normal_vol|crowding_high,4,80,20.0,0.0387429781282953,0.009625187182270385,0.009670532260396788,0.75,0.6125,8.144596637402106,2.022235697259494,0.0,0.009625187182270385,0.02454847670183887,-0.005388792493550909
low_stock_amount_share_in_industry,train,0,market_regime_id,weak|normal_vol|crowding_low,30,600,20.0,-0.4931664248660228,-0.021572621586212027,-0.022254060285582494,0.4,0.3433333333333333,0.2093681589203663,0.2990739974029358,-0.5496704236809564,-0.021572621586212013,0.03140801564301368,-0.12936880172862866
low_stock_amount_share_in_industry,train,0,market_regime_id,weak|normal_vol|crowding_normal,29,580,20.0,0.3067233484864871,0.009477975185731352,0.011730071993521735,0.7586206896551724,0.6137931034482759,2.8669497013051877,1.95847405485361,-0.09067708798826346,0.009477975185731354,0.04535616333408429,-0.032001157595636945
low_stock_amount_share_in_industry,train,0,stock_concentration_regime,insufficient_history,252,5040,20.0,0.1570892229652563,0.0013405797098574022,0.0033438752326184927,0.5476190476190477,0.5021825396825397,1.0979581513806473,1.0715985920010722,-0.7129592586550305,0.001340579709857402,0.1160531070483922,-0.15604899731638416
low_stock_amount_share_in_industry,train,0,stock_concentration_regime,stock_concentration_high,109,2180,20.0,1.0157217593854653,0.006987170213830732,0.006109628901101888,0.5504587155963303,0.541743119266055,1.7036373166366932,1.4622668520106976,-0.3371637903501177,0.006987170213830732,0.10889826669532379,-0.07065810242064789
low_stock_amount_share_in_industry,train,0,stock_concentration_regime,stock_concentration_low,350,7000,20.0,-0.5268860768925075,-0.0015565000366269002,-0.0009032787007607513,0.4857142857142857,0.44971428571428573,0.8812920142159535,0.910493090724886,-0.8761902110038542,-0.0015565000366269002,0.12551355072270398,-0.12936880172862866
low_stock_amount_share_in_industry,train,0,stock_concentration_regime,stock_concentration_normal,504,10080,20.0,72.67879772744952,0.009373462690302932,0.007038261167726146,0.5813492063492064,0.5340277777777778,2.009514374368112,1.629135474644309,-0.39876356763411147,0.009373462690302934,0.2977717981103513,-0.1460879317335853
low_stock_amount_share_in_industry,train,0,trend_regime,insufficient_history,60,1200,20.0,0.09969019487581798,0.0025457948057964253,0.005038561451047549,0.6,0.5341666666666667,1.177205381891589,1.1270943686004713,-0.5283688073854379,0.002545794805796426,0.1160531070483922,-0.15604899731638416
low_stock_amount_share_in_industry,train,0,trend_regime,neutral,642,12840,20.0,2.793055176370447,0.0026272090826369955,0.0010321484970615634,0.514018691588785,0.48894080996884737,1.2422778475392313,1.1674404766771234,-0.7566832871495274,0.0026272090826369946,0.12551355072270398,-0.12788930719395855
low_stock_amount_share_in_industry,train,0,trend_regime,strong,326,6520,20.0,5.680903493939475,0.006874535391525803,0.0038071972568983255,0.5398773006134969,0.498159509202454,1.5745638066695948,1.3828332123226732,-0.6428125401116368,0.0068745353915258016,0.2977717981103513,-0.1460879317335853
low_stock_amount_share_in_industry,train,0,trend_regime,weak,187,3740,20.0,1.9175007784694413,0.006408360247308716,0.01189974484531497,0.6363636363636364,0.5550802139037433,1.57731696351007,1.4231090302474538,-0.5496704236809564,0.006408360247308715,0.10092957944127004,-0.12936880172862866
low_stock_amount_share_in_industry,train,0,vol_regime,high_vol,437,8740,20.0,16.979082805185946,0.007573832126428213,0.005860804680171356,0.5652173913043478,0.5200228832951945,1.6670579058408777,1.4314920029914797,-0.6586931917456496,0.007573832126428213,0.2977717981103513,-0.1460879317335853
low_stock_amount_share_in_industry,train,0,vol_regime,insufficient_history,272,5440,20.0,0.4550483764823732,0.0021733074497406256,0.0033438752326184927,0.5441176470588235,0.5075367647058824,1.157506918065778,1.1165033302208716,-0.7129592586550305,0.002173307449740626,0.1160531070483922,-0.15604899731638416
low_stock_amount_share_in_industry,train,0,vol_regime,low_vol,34,680,20.0,0.4657335619368681,0.011952779553384226,0.015707886995288814,0.7647058823529411,0.6235294117647059,2.2237256372684198,1.9398727272142988,-0.2809964130922814,0.011952779553384222,0.0658430357103946,-0.07900151524815702
low_stock_amount_share_in_industry,train,0,vol_regime,normal_vol,472,9440,20.0,1.1203409183017339,0.0020584301968034646,0.0006122652238976594,0.5084745762711864,0.4780720338983051,1.2044127660685804,1.143207236190324,-0.8536892393143835,0.002058430196803465,0.12551355072270398,-0.12936880172862866
low_stock_amount_share_in_industry,train,40,extreme_selloff_flag,False,1070,21400,20.0,-0.5169363956726419,2.9481937051561834e-05,-0.001423045283783606,0.48598130841121495,0.4585981308411215,1.0022202248341696,1.0015968071731842,-0.9153296970022539,2.9481937051561068e-05,0.2937717981103513,-0.16004899731638417
low_stock_amount_share_in_industry,train,40,extreme_selloff_flag,True,145,2900,20.0,0.3102343072516942,0.0026712562113083123,0.0031379120582507003,0.5655172413793104,0.516896551724138,1.2004721283781326,1.1438284570991104,-0.44047980893935057,0.0026712562113083123,0.11205310704839219,-0.1234674451168376
low_stock_amount_share_in_industry,train,40,industry_crowding_regime,crowding_high,312,6240,20.0,11.301546693253679,0.009060125877780842,0.0063482892737085515,0.5673076923076923,0.5208333333333334,1.864348569013218,1.5553270024728487,-0.4038431438840281,0.009060125877780843,0.2937717981103513,-0.1500879317335853
low_stock_amount_share_in_industry,train,40,industry_crowding_regime,crowding_low,107,2140,20.0,-0.367003510191364,-0.0036072155855697693,-0.00053109647804366,0.4953271028037383,0.452803738317757,0.7552933937446529,0.8067698633086504,-0.6822378179584536,-0.00360721558556977,0.06822582240860167,-0.13336880172862867
low_stock_amount_share_in_industry,train,40,industry_crowding_regime,crowding_normal,544,10880,20.0,-0.8070871121128335,-0.002484807848916998,-0.0032086482448501763,0.4577205882352941,0.43621323529411765,0.8161398435176052,0.8664985158948988,-0.8832693742888253,-0.002484807848916997,0.12151355072270398,-0.13188930719395855
low_stock_amount_share_in_industry,train,40,industry_crowding_regime,insufficient_history,252,5040,20.0,-0.5786616203296431,-0.0026594202901426005,-0.0006561247673815088,0.4880952380952381,0.4658730158730159,0.829938308260441,0.871994322274002,-0.835397749752447,-0.0026594202901426014,0.11205310704839219,-0.16004899731638417
low_stock_amount_share_in_industry,train,40,market_regime_id,insufficient_history|insufficient_history|insufficient_history,60,1200,20.0,-0.1352468974287705,-0.0014542051942035756,0.0010385614510475477,0.5166666666666667,0.49583333333333335,0.9100522756248461,0.9338004941601055,-0.5729760890970588,-0.0014542051942035758,0.11205310704839219,-0.16004899731638417
low_stock_amount_share_in_industry,train,40,market_regime_id,neutral|high_vol|crowding_high,50,1000,20.0,0.41357379690367524,0.007653351963445253,0.00595596670171907,0.56,0.519,1.7680371649422002,1.4128864029120483,-0.28853659532762366,0.007653351963445253,0.11185741207381458,-0.09344222040305102
low_stock_amount_share_in_industry,train,40,market_regime_id,neutral|high_vol|crowding_low,3,60,20.0,0.08322781473154683,0.02747582425940599,0.021531081082955796,0.6666666666666666,0.7333333333333333,12.246094819915625,5.160922700831651,0.0,0.027475824259405982,0.06822582240860167,-0.00732943071333951
low_stock_amount_share_in_industry,train,40,market_regime_id,neutral|high_vol|crowding_normal,132,2640,20.0,-0.11409374052647103,-0.00038322225379106684,0.0014863060789946868,0.5303030303030303,0.48484848484848486,0.969337727598917,0.978356640296589,-0.4909348064689346,-0.0003832222537910682,0.10489826669532379,-0.13188930719395855
low_stock_amount_share_in_industry,train,40,market_regime_id,neutral|insufficient_history|crowding_high,8,160,20.0,0.26978985820896484,0.030679563141014582,0.04049065278856523,0.75,0.78125,10.44789156503431,6.405444626644424,-0.005142575864015342,0.030679563141014582,0.06028952426221579,-0.020835337137913277
low_stock_amount_share_in_industry,train,40,market_regime_id,neutral|insufficient_history|crowding_normal,8,160,20.0,0.11107526379335231,0.014494370388591343,0.008268480973359126,0.5,0.58125,1.8894357422788879,1.8038454051567259,-0.10790478799876335,0.014494370388591343,0.08485868749699776,-0.048834728757511645
low_stock_amount_share_in_industry,train,40,market_regime_id,neutral|insufficient_history|insufficient_history,87,1740,20.0,-0.6572485089725117,-0.011549276959116252,-0.011243327837535807,0.3333333333333333,0.3758620689655172,0.4064512534746317,0.536514222713166,-0.7477227875697512,-0.01154927695911625,0.07263943773631137,-0.12881481724806107
low_stock_amount_share_in_industry,train,40,market_regime_id,neutral|low_vol|crowding_high,31,620,20.0,0.5207825853037655,0.014076241503202577,0.015428417862054658,0.8387096774193549,0.632258064516129,3.2024420622107397,2.3692389483182636,-0.1710604251612674,0.014076241503202577,0.06184303571039459,-0.08300151524815702
low_stock_amount_share_in_industry,train,40,market_regime_id,neutral|low_vol|crowding_normal,3,60,20.0,-0.157771128215622,-0.055322993928072085,-0.06085101632508048,0.0,0.03333333333333333,0.0,0.005812925285838439,-0.08292118860390452,-0.055322993928072085,-0.02350018225272709,-0.0816177832064087
low_stock_amount_share_in_industry,train,40,market_regime_id,neutral|normal_vol|crowding_high,77,1540,20.0,0.24522013029416945,0.003200441328732708,0.003139157262016176,0.5584415584415584,0.4876623376623377,1.348346110094772,1.2233046966391805,-0.3129530051244098,0.0032004413287327086,0.0793552254841198,-0.05056320758289612
low_stock_amount_share_in_industry,train,40,market_regime_id,neutral|normal_vol|crowding_low,41,820,20.0,0.007222540753158313,0.0006723717467071715,0.0003262380058061421,0.5121951219512195,0.4719512195121951,1.0641953304231058,1.047668166664107,-0.26938266389537724,0.0006723717467071712,0.06385081991631861,-0.0816620663621506
low_stock_amount_share_in_industry,train,40,market_regime_id,neutral|normal_vol|crowding_normal,202,4040,20.0,-0.7242971888349794,-0.0059249584353134625,-0.010086710965708585,0.3564356435643564,0.37376237623762376,0.5675513784804624,0.6691930591391503,-0.7569941514953693,-0.0059249584353134625,0.12151355072270398,-0.09999128748278836
low_stock_amount_share_in_industry,train,40,market_regime_id,strong|high_vol|crowding_high,82,1640,20.0,1.5469296633088856,0.013751823789399228,0.0012295743775941413,0.5121951219512195,0.5067073170731707,1.951679433376237,1.6295729268166896,-0.38964558449500986,0.01375182378939923,0.2937717981103513,-0.1500879317335853
low_stock_amount_share_in_industry,train,40,market_regime_id,strong|high_vol|crowding_low,14,280,20.0,0.07482967175150468,0.0055921384121095374,0.007282367514592153,0.5714285714285714,0.5035714285714286,1.554042930983428,1.3709531588852806,-0.09718751058319341,0.005592138412109538,0.04438329147703038,-0.05306019428429548
low_stock_amount_share_in_industry,train,40,market_regime_id,strong|high_vol|crowding_normal,124,2480,20.0,-0.4869525007302925,-0.00467241012079205,-0.0033528486369584676,0.4596774193548387,0.42258064516129035,0.7224288083445346,0.8034949245412072,-0.6586493431542484,-0.00467241012079205,0.07205747233173196,-0.12295796724554768
low_stock_amount_share_in_industry,train,40,market_regime_id,strong|insufficient_history|crowding_high,2,40,20.0,-0.09754583912766923,-0.04923930492029959,-0.04923930492029959,0.0,0.1,0.0,0.0541919572831866,-0.08786233478726235,-0.04923930492029959,-0.01061627505333683,-0.08786233478726235
low_stock_amount_share_in_industry,train,40,market_regime_id,strong|insufficient_history|crowding_normal,2,40,20.0,-0.0876641358431075,-0.0447996594754318,-0.0447996594754318,0.0,0.025,0.0,0.07086247389209362,-0.05327470409824053,-0.0447996594754318,-0.03632461485262302,-0.05327470409824057
low_stock_amount_share_in_industry,train,40,market_regime_id,strong|insufficient_history|insufficient_history,13,260,20.0,-0.09370800054657147,-0.007201555266261071,0.0040943627861404295,0.6153846153846154,0.4653846153846154,0.48126664768772953,0.6320964719113225,-0.16856300515298817,-0.0072015552662610715,0.02296575097431722,-0.059792276841082084
low_stock_amount_share_in_industry,train,40,market_regime_id,strong|normal_vol|crowding_high,55,1100,20.0,0.28888735785608555,0.0051011882336048095,-0.0051177969815420134,0.4909090909090909,0.4818181818181818,1.515583645941112,1.374546181460596,-0.25375184606106027,0.00510118823360481,0.0825518725836167,-0.04910219781795667
low_stock_amount_share_in_industry,train,40,market_regime_id,strong|normal_vol|crowding_low,7,140,20.0,0.006655712484972209,0.0010719823879194908,0.002031574343449563,0.5714285714285714,0.4714285714285714,1.1685520949435604,1.0846852956576927,-0.04202249328593999,0.0010719823879194908,0.02102336969902486,-0.024816281899739338
low_stock_amount_share_in_industry,train,40,market_regime_id,strong|normal_vol|crowding_normal,27,540,20.0,0.3386370054703729,0.011265437844611505,0.0046297754271388564,0.5925925925925926,0.5333333333333333,2.9565429490724546,2.0708664999367636,-0.08680903254588823,0.011265437844611502,0.07406751503976568,-0.035750482599299985
low_stock_amount_share_in_industry,train,40,market_regime_id,weak|high_vol|crowding_high,3,60,20.0,0.19489059045652213,0.061206886396020586,0.06546667625038712,1.0,0.8666666666666667,inf,25.637237486174335,0.0,0.061206886396020586,0.07221091171661279,0.04594307122106185
low_stock_amount_share_in_industry,train,40,market_regime_id,weak|high_vol|crowding_low,12,240,20.0,0.19656279305865243,0.015451504254351113,0.014719127207604911,0.6666666666666666,0.5833333333333334,4.084260646764312,2.919443264160305,-0.05885487685221025,0.015451504254351113,0.06592065553452,-0.023777236677664484
low_stock_amount_share_in_industry,train,40,market_regime_id,weak|high_vol|crowding_normal,17,340,20.0,0.15671188457585883,0.008920915413925725,0.01205488910862804,0.6470588235294118,0.5764705882352941,2.1946819737288084,1.773367207529723,-0.07859527176459746,0.008920915413925725,0.05097943723617417,-0.029623914563246995
low_stock_amount_share_in_industry,train,40,market_regime_id,weak|insufficient_history|insufficient_history,92,1840,20.0,0.5685248119385091,0.005603105570008556,0.009252863865438613,0.5978260869565217,0.5315217391304348,1.469729139559915,1.3447789542852868,-0.5074042359932303,0.005603105570008554,0.09692957944127002,-0.11029065347727326
low_stock_amount_share_in_industry,train,40,market_regime_id,weak|normal_vol|crowding_high,4,80,20.0,0.02237661529918822,0.005625187182270384,0.005670532260396787,0.5,0.575,2.7238175291903817,1.511523395797794,-0.003664067422341377,0.005625187182270385,0.02054847670183887,-0.00938879249355091
low_stock_amount_share_in_industry,train,40,market_regime_id,weak|normal_vol|crowding_low,30,600,20.0,-0.5518741896029196,-0.02557262158621203,-0.026254060285582498,0.3333333333333333,0.31833333333333336,0.14241885455240172,0.23518340193628692,-0.5805564982443172,-0.025572621586212024,0.027408015643013678,-0.13336880172862867
low_stock_amount_share_in_industry,train,40,market_regime_id,weak|normal_vol|crowding_normal,29,580,20.0,0.16455050250209813,0.005477975185731352,0.0077300719935217335,0.6551724137931034,0.5655172413793104,1.8876520207754668,1.4757695758362341,-0.12323618560931637,0.005477975185731351,0.04135616333408429,-0.03600115759563695
low_stock_amount_share_in_industry,train,40,stock_concentration_regime,insufficient_history,252,5040,20.0,-0.5786616203296431,-0.0026594202901426005,-0.0006561247673815088,0.4880952380952381,0.4658730158730159,0.829938308260441,0.871994322274002,-0.835397749752447,-0.0026594202901426014,0.11205310704839219,-0.16004899731638417
low_stock_amount_share_in_industry,train,40,stock_concentration_regime,stock_concentration_high,109,2180,20.0,0.3056193803091749,0.0029871702138307313,0.0021096289011018877,0.5229357798165137,0.5027522935779817,1.2538198380689036,1.1755770479496668,-0.3617309263957681,0.00298717021383073,0.10489826669532379,-0.0746581024206479
low_stock_amount_share_in_industry,train,40,stock_concentration_regime,stock_concentration_low,350,7000,20.0,-0.8841038570569892,-0.005556500036626901,-0.004903278700760751,0.4257142857142857,0.4082857142857143,0.6362947144914822,0.7172611483053558,-0.9503918520146531,-0.005556500036626902,0.12151355072270398,-0.13336880172862867
low_stock_amount_share_in_industry,train,40,stock_concentration_regime,stock_concentration_normal,504,10080,20.0,8.927426783842964,0.00537346269030293,0.003038261167726145,0.5416666666666666,0.4971230158730159,1.486239922109407,1.3193597046113983,-0.5739097347288459,0.005373462690302931,0.2937717981103513,-0.1500879317335853
low_stock_amount_share_in_industry,train,40,trend_regime,insufficient_history,60,1200,20.0,-0.1352468974287705,-0.0014542051942035756,0.0010385614510475477,0.5166666666666667,0.49583333333333335,0.9100522756248461,0.9338004941601055,-0.5729760890970588,-0.0014542051942035758,0.11205310704839219,-0.16004899731638417
low_stock_amount_share_in_industry,train,40,trend_regime,neutral,642,12840,20.0,-0.7094701468796349,-0.0013727909173630063,-0.0029678515029384375,0.4688473520249221,0.4483644859813084,0.8934699169715743,0.9228719141870831,-0.8586291505356984,-0.0013727909173630061,0.12151355072270398,-0.13188930719395855
low_stock_amount_share_in_industry,train,40,trend_regime,strong,326,6520,20.0,0.8202078026560029,0.0028745353915257997,-0.00019280274310167584,0.49693251533742333,0.4647239263803681,1.2070370707485245,1.143564866916134,-0.6909227363661119,0.002874535391525801,0.2937717981103513,-0.1500879317335853
low_stock_amount_share_in_industry,train,40,trend_regime,weak,187,3740,20.0,0.38404247747803155,0.0024083602473087143,0.007899744845314968,0.5775401069518716,0.5163101604278075,1.1899405497093423,1.1417909070479062,-0.585808209680778,0.0024083602473087143,0.09692957944127002,-0.13336880172862867
low_stock_amount_share_in_industry,train,40,vol_regime,high_vol,437,8740,20.0,2.1508597070807576,0.0035738321264282115,0.001860804680171354,0.5240274599542334,0.48638443935926773,1.2713320722447123,1.1829922373259538,-0.7035458034100667,0.003573832126428212,0.2937717981103513,-0.1500879317335853
low_stock_amount_share_in_industry,train,40,vol_regime,insufficient_history,272,5440,20.0,-0.5105748836244678,-0.0018266925502593767,-0.0006561247673815088,0.4889705882352941,0.47261029411764705,0.8840518470881499,0.911680432667495,-0.835397749752447,-0.001826692550259377,0.11205310704839219,-0.16004899731638417
low_stock_amount_share_in_industry,train,40,vol_regime,low_vol,34,680,20.0,0.28084700104972016,0.007952779553384222,0.011707886995288814,0.7647058823529411,0.5794117647058824,1.7426459908162133,1.5567912820423788,-0.30184315710615217,0.007952779553384222,0.06184303571039459,-0.08300151524815702
low_stock_amount_share_in_industry,train,40,vol_regime,normal_vol,472,9440,20.0,-0.679564437190167,-0.0019415698031965368,-0.0033877347761023403,0.4533898305084746,0.4340042372881356,0.8402116259808431,0.8825484782874256,-0.9348932002969652,-0.0019415698031965373,0.12151355072270398,-0.13336880172862867
low_stock_ret_60d,train,0,extreme_selloff_flag,False,1017,20340,20.0,4.37801171086123,0.0031221769890284277,-0.0006557206947858885,0.4936086529006883,0.4547197640117994,1.165912918194847,1.1078210484178612,-0.888498690986365,0.0031221769890284277,0.2851839439855045,-0.2072992986064947
low_stock_ret_60d,train,0,extreme_selloff_flag,True,138,2760,20.0,1.878136828419227,0.009207842090098589,0.011552214872497737,0.5797101449275363,0.5173913043478261,1.5376257985428328,1.3548676956144243,-0.34512426570455046,0.009207842090098587,0.1452916706771536,-0.1571672553851948
low_stock_ret_60d,train,0,industry_crowding_regime,crowding_high,312,6240,20.0,33.23548814558313,0.012734621571180839,0.011812923719189428,0.5961538461538461,0.5123397435897435,1.9007413233399246,1.537814913729953,-0.5900737346018723,0.012734621571180837,0.15994966406469388,-0.1960940026626236
low_stock_ret_60d,train,0,industry_crowding_regime,crowding_low,107,2140,20.0,0.4922252304422947,0.005367498386871434,0.007846408513978198,0.5514018691588785,0.5079439252336448,1.282075686824419,1.1864230422773732,-0.780178328069196,0.005367498386871434,0.12043503255168982,-0.2072992986064947
low_stock_ret_60d,train,0,industry_crowding_regime,crowding_normal,544,10880,20.0,0.36634771271077415,0.001971767840325573,-0.0034174031153194283,0.4724264705882353,0.43786764705882353,1.1055251357397706,1.066843028890862,-0.8690697668584004,0.0019717678403255727,0.2851839439855045,-0.17297456899784197
low_stock_ret_60d,train,0,industry_crowding_regime,insufficient_history,192,3840,20.0,-0.7782513202352602,-0.006115779981589895,-0.007452751325617854,0.4166666666666667,0.42421875,0.7598560580824141,0.8197491649647287,-0.8204600403705022,-0.006115779981589897,0.1856192657040832,-0.1571672553851948
low_stock_ret_60d,train,0,market_regime_id,neutral|high_vol|crowding_high,50,1000,20.0,0.13201653454755835,0.0034917599044922954,0.0014554721573795477,0.52,0.493,1.2015104674290253,1.1250464027203964,-0.44632334509631133,0.0034917599044922945,0.09239354079701072,-0.07180611326376624
low_stock_ret_60d,train,0,market_regime_id,neutral|high_vol|crowding_low,3,60,20.0,0.2536400276491806,0.07861135656098152,0.06345321572448256,1.0,0.8166666666666667,inf,10.969858380759947,0.0,0.07861135656098152,0.11734705633429801,0.055033797624163994
low_stock_ret_60d,train,0,market_regime_id,neutral|high_vol|crowding_normal,132,2640,20.0,0.1328546632065386,0.0023575793926080865,0.0002525549943096367,0.5,0.4609848484848485,1.1216951472452084,1.0735717606662882,-0.642947377629426,0.002357579392608086,0.1452916706771536,-0.17297456899784197
low_stock_ret_60d,train,0,market_regime_id,neutral|insufficient_history|crowding_high,8,160,20.0,0.9086142788915124,0.0865197371884589,0.11120660652503642,0.75,0.76875,12.166947751824441,10.070294354132606,-0.030937931107832495,0.08651973718845889,0.15994966406469388,-0.03104479800403136
low_stock_ret_60d,train,0,market_regime_id,neutral|insufficient_history|crowding_normal,8,160,20.0,0.1485609528971581,0.02157439992992103,0.027813163233246868,0.5,0.5625,1.676522181694944,1.6237980844566107,-0.17859684939398068,0.02157439992992103,0.14968740781773288,-0.10122094317204149
low_stock_ret_60d,train,0,market_regime_id,neutral|insufficient_history|insufficient_history,87,1740,20.0,-0.8732093653066648,-0.02217216402265686,-0.013808412994305259,0.25287356321839083,0.32873563218390806,0.26898331178545126,0.4391705991839519,-0.8960636531144812,-0.022172164022656853,0.10433892333282686,-0.1571672553851948
low_stock_ret_60d,train,0,market_regime_id,neutral|low_vol|crowding_high,31,620,20.0,1.984275394935259,0.03730779863953486,0.039797594789151104,0.8064516129032258,0.6193548387096774,5.579667999092046,3.2839190671723633,-0.2075897924155028,0.037307798639534866,0.12394307045953941,-0.09546402176968613
low_stock_ret_60d,train,0,market_regime_id,neutral|low_vol|crowding_normal,3,60,20.0,-0.14593517444595738,-0.050799460257271306,-0.0526341571010833,0.0,0.11666666666666667,0.0,0.11665262447619673,-0.06695461970106675,-0.050799460257271306,-0.015116084992217022,-0.08464813867851359
low_stock_ret_60d,train,0,market_regime_id,neutral|normal_vol|crowding_high,77,1540,20.0,1.4483481788702517,0.012648396453159853,0.010195504121339627,0.5974025974025974,0.509090909090909,2.0828664601600266,1.625287331802498,-0.36136640824885424,0.012648396453159851,0.14486160091305078,-0.076595639495984
low_stock_ret_60d,train,0,market_regime_id,neutral|normal_vol|crowding_low,41,820,20.0,0.539552503477803,0.011265355801432182,0.015585857558645822,0.6097560975609756,0.526829268292683,2.017426638207542,1.572650002786521,-0.2332444723443502,0.011265355801432182,0.07394277618650133,-0.06729893889975583
low_stock_ret_60d,train,0,market_regime_id,neutral|normal_vol|crowding_normal,202,4040,20.0,-0.35904787964635954,-0.0013220951817472116,-0.0017792875382398488,0.4801980198019802,0.4202970297029703,0.9225372044337974,0.9538244505122349,-0.5976505088456036,-0.001322095181747211,0.12295057494674752,-0.14005236774900826
low_stock_ret_60d,train,0,market_regime_id,strong|high_vol|crowding_high,82,1640,20.0,0.7709110349559025,0.008338006772676846,0.01371243420789835,0.6341463414634146,0.5042682926829268,1.5651181929116347,1.3145336295554166,-0.47526722839269986,0.008338006772676848,0.10112222666135455,-0.1960940026626236
low_stock_ret_60d,train,0,market_regime_id,strong|high_vol|crowding_low,14,280,20.0,-0.01889571357304798,-0.0007092322759849983,-0.003253113750598599,0.42857142857142855,0.5035714285714286,0.950398419835779,0.9673307287686334,-0.1358711114193173,-0.000709232275984998,0.06258579185575663,-0.08101756715500766
low_stock_ret_60d,train,0,market_regime_id,strong|high_vol|crowding_normal,124,2480,20.0,-0.6474863398066357,-0.007325431504506566,-0.012242572595342014,0.3629032258064516,0.3967741935483871,0.6566297517089931,0.7619686006271067,-0.7112166180092665,-0.007325431504506565,0.11614948197629944,-0.15917552786403227
low_stock_ret_60d,train,0,market_regime_id,strong|insufficient_history|crowding_high,2,40,20.0,-0.15532101006131993,-0.07896214262190028,-0.07896214262190028,0.0,0.1,0.0,0.061434807271791375,-0.1392261018758416,-0.07896214262190028,-0.018698183367958948,-0.1392261018758416
low_stock_ret_60d,train,0,market_regime_id,strong|insufficient_history|crowding_normal,2,40,20.0,-0.19009405755997455,-0.10002887348697989,-0.10002887348697989,0.0,0.025,0.0,0.028996312707533386,-0.10651625486077443,-0.1000288734869799,-0.09354149211318534,-0.10651625486077446
low_stock_ret_60d,train,0,market_regime_id,strong|insufficient_history|insufficient_history,13,260,20.0,-0.2652393229818055,-0.023010665711579052,-0.02063080118022541,0.23076923076923078,0.3038461538461538,0.1041375864867216,0.29856902820217474,-0.2901247573357235,-0.023010665711579052,0.023458375279936643,-0.08651260898045673
low_stock_ret_60d,train,0,market_regime_id,strong|normal_vol|crowding_high,55,1100,20.0,0.13444893776248712,0.0035172083128654835,-0.0008697556457272715,0.4909090909090909,0.4481818181818182,1.2071410938238825,1.1360222453786293,-0.4446797480099981,0.003517208312865485,0.14773575699761812,-0.1034349428503611
low_stock_ret_60d,train,0,market_regime_id,strong|normal_vol|crowding_low,7,140,20.0,0.07805952135809058,0.01102384386583638,0.00813857852050292,0.7142857142857143,0.5785714285714286,3.3888351876605953,1.6201341329457888,-0.03204581196702816,0.011023843865836382,0.04390304229238006,-0.018031205774954255
low_stock_ret_60d,train,0,market_regime_id,strong|normal_vol|crowding_normal,27,540,20.0,0.07467976125413012,0.003209306069130158,-0.0019116493010008506,0.48148148148148145,0.42962962962962964,1.323908225517131,1.1360575412973255,-0.12069387704881795,0.003209306069130157,0.09442055466938089,-0.08351376995482154
low_stock_ret_60d,train,0,market_regime_id,weak|high_vol|crowding_high,3,60,20.0,0.2867296242765913,0.08771055056382393,0.08442781434241318,1.0,0.9666666666666667,inf,93.55051713106586,0.0,0.08771055056382392,0.10101132606679153,0.07769251128226705
low_stock_ret_60d,train,0,market_regime_id,weak|high_vol|crowding_low,12,240,20.0,0.7215322822520038,0.04762639335443176,0.04825436994980322,0.8333333333333334,0.6708333333333333,7.8718183832899,4.622288048565592,-0.08144571582114879,0.04762639335443176,0.12043503255168982,-0.04418400584531487
low_stock_ret_60d,train,0,market_regime_id,weak|high_vol|crowding_normal,17,340,20.0,2.0156515870846197,0.07339109559120381,0.05532354680371614,0.7058823529411765,0.65,5.035348600928686,4.24305173988593,-0.25872324111088474,0.07339109559120383,0.2851839439855045,-0.09516660282365975
low_stock_ret_60d,train,0,market_regime_id,weak|insufficient_history|insufficient_history,92,1840,20.0,1.380279527609464,0.011455295301700152,0.02350509448763759,0.5978260869565217,0.5315217391304348,1.5497531004010583,1.3979272815399,-0.6400971734259118,0.01145529530170015,0.1856192657040832,-0.1262282325641487
low_stock_ret_60d,train,0,market_regime_id,weak|normal_vol|crowding_high,4,80,20.0,-0.006808897963543448,-0.0015956565643820237,-0.006431708001884104,0.25,0.3875,0.7802478135457408,0.9242046555645775,-0.027165854157211733,-0.001595656564382024,0.022662027907296885,-0.016181238161056773
low_stock_ret_60d,train,0,market_regime_id,weak|normal_vol|crowding_low,30,600,20.0,-0.5753863606462828,-0.025404856853222208,-0.0249869099292915,0.3333333333333333,0.37166666666666665,0.3981971869717621,0.5420847215187604,-0.7208089365837524,-0.025404856853222208,0.08848482316462074,-0.2072992986064947
low_stock_ret_60d,train,0,market_regime_id,weak|normal_vol|crowding_normal,29,580,20.0,1.0732219332104318,0.026979965447380048,0.026494236145567514,0.6896551724137931,0.5413793103448276,3.369015483878859,2.4470515400207566,-0.21191793034189976,0.026979965447380044,0.1431880427926982,-0.0661090576639258
low_stock_ret_60d,train,0,stock_concentration_regime,insufficient_history,192,3840,20.0,-0.7782513202352602,-0.006115779981589895,-0.007452751325617854,0.4166666666666667,0.42421875,0.7598560580824141,0.8197491649647287,-0.8204600403705022,-0.006115779981589897,0.1856192657040832,-0.1571672553851948
low_stock_ret_60d,train,0,stock_concentration_regime,stock_concentration_high,109,2180,20.0,3.9792203282390863,0.017139331429535613,0.010845081700408094,0.6238532110091743,0.5055045871559632,1.9997034120496515,1.6013437264247994,-0.6257939324331512,0.01713933142953561,0.2851839439855045,-0.10298393686249582
low_stock_ret_60d,train,0,stock_concentration_regime,stock_concentration_low,350,7000,20.0,-0.5572515055304548,-0.0010260553128848987,-0.004036387860711391,0.45714285714285713,0.44085714285714284,0.9475205007430099,0.9652218915318483,-0.8994440965839783,-0.0010260553128848982,0.15994966406469388,-0.2072992986064947
low_stock_ret_60d,train,0,stock_concentration_regime,stock_concentration_normal,504,10080,20.0,30.663119525701827,0.008156940865934742,0.005744746112246776,0.5436507936507936,0.48214285714285715,1.5203850034868704,1.3142346801142253,-0.6056481722326696,0.00815694086593474,0.14968740781773288,-0.1960940026626236
low_stock_ret_60d,train,0,trend_regime,neutral,642,12840,20.0,1.7515804506512196,0.002850909091589685,-0.00014427446485845154,0.4984423676012461,0.4555295950155763,1.1579817862246176,1.1001856192877624,-0.9127016254761074,0.0028509090915896855,0.15994966406469388,-0.17297456899784197
low_stock_ret_60d,train,0,trend_regime,strong,326,6520,20.0,-0.5953618617372269,-0.0016393320901730683,-0.0021845617357996784,0.46319018404907975,0.4358895705521472,0.9106474501267285,0.9423991397056104,-0.8221851720546531,-0.0016393320901730677,0.14773575699761812,-0.1960940026626236
low_stock_ret_60d,train,0,trend_regime,weak,187,3740,20.0,12.902219820899576,0.016845319951183733,0.02322567299642932,0.5935828877005348,0.5310160427807487,1.800502625049829,1.5745097573186682,-0.7300835936840085,0.016845319951183733,0.2851839439855045,-0.2072992986064947
low_stock_ret_60d,train,0,vol_regime,high_vol,437,8740,20.0,5.577658475271969,0.005879527090763938,0.002400080110433639,0.5102974828375286,0.4749427917620137,1.3264159554125956,1.2057317227703057,-0.8686916771133153,0.00587952709076394,0.2851839439855045,-0.1960940026626236
low_stock_ret_60d,train,0,vol_regime,insufficient_history,212,4240,20.0,-0.6674480211020035,-0.003148390055358401,-0.007452751325617854,0.42452830188679247,0.4356132075471698,0.8800565332057821,0.9078313260037445,-0.9022219523380247,-0.003148390055358401,0.1856192657040832,-0.1571672553851948
low_stock_ret_60d,train,0,vol_regime,low_vol,34,680,20.0,1.5487646445806043,0.02953362873687549,0.03300608201881175,0.7352941176470589,0.575,3.4797538074575263,2.4790556170304967,-0.3232303142921036,0.029533628736875487,0.12394307045953941,-0.09546402176968613
low_stock_ret_60d,train,0,vol_regime,normal_vol,472,9440,20.0,1.7763396107839364,0.0032624961489277305,0.0022819670040484046,0.5169491525423728,0.4542372881355932,1.2010190260591445,1.122015173536195,-0.8686602876556663,0.0032624961489277314,0.14773575699761812,-0.2072992986064947
low_stock_ret_60d,train,40,extreme_selloff_flag,False,1017,20340,20.0,-0.9086521312561624,-0.0008778230109715749,-0.004655720694785891,0.4591937069813176,0.4315142576204523,0.9579867078430095,0.9718453228314357,-0.9753452578671692,-0.0008778230109715747,0.2811839439855045,-0.2112992986064947
low_stock_ret_60d,train,40,extreme_selloff_flag,True,138,2760,20.0,0.6609965491235357,0.0052078420900985856,0.007552214872497735,0.5507246376811594,0.4956521739130435,1.2761027195005694,1.1865793087268897,-0.41304695637249234,0.005207842090098585,0.1412916706771536,-0.1611672553851948
low_stock_ret_60d,train,40,industry_crowding_regime,crowding_high,312,6240,20.0,8.926357895857453,0.008734621571180835,0.007812923719189426,0.5608974358974359,0.4892628205128205,1.5529710447238423,1.3402781267687507,-0.6927166507254328,0.008734621571180833,0.15594966406469388,-0.2000940026626236
low_stock_ret_60d,train,40,industry_crowding_regime,crowding_low,107,2140,20.0,-0.027327960313041855,0.0013674983868714316,0.003846408513978197,0.5233644859813084,0.47990654205607475,1.0656294783023084,1.0443845504253253,-0.8094061958751523,0.0013674983868714318,0.11643503255168981,-0.2112992986064947
low_stock_ret_60d,train,40,industry_crowding_regime,crowding_normal,544,10880,20.0,-0.8458722263415942,-0.00202823215967443,-0.007417403115319431,0.4375,0.4141544117647059,0.9027505533575877,0.9361975709416395,-0.9379847299903161,-0.00202823215967443,0.2811839439855045,-0.17697456899784197
low_stock_ret_60d,train,40,industry_crowding_regime,insufficient_history,192,3840,20.0,-0.8980399868908322,-0.010115779981589901,-0.011452751325617856,0.3854166666666667,0.40598958333333335,0.6368728391309074,0.7210123500546545,-0.9039495614036501,-0.0101157799815899,0.18161926570408318,-0.1611672553851948
low_stock_ret_60d,train,40,market_regime_id,neutral|high_vol|crowding_high,50,1000,20.0,-0.07328168738051632,-0.0005082400955077079,-0.002544527842620453,0.48,0.47,0.9737339740979497,0.9830545208119259,-0.5112906675269386,-0.000508240095507709,0.08839354079701071,-0.07580611326376624
low_stock_ret_60d,train,40,market_regime_id,neutral|high_vol|crowding_low,3,60,20.0,0.23973547974217957,0.07461135656098151,0.059453215724482554,1.0,0.7833333333333333,inf,9.623546594036798,0.0,0.07461135656098151,0.11334705633429801,0.05103379762416399
low_stock_ret_60d,train,40,market_regime_id,neutral|high_vol|crowding_normal,132,2640,20.0,-0.3327353594657114,-0.0016424206073919155,-0.003747445005690365,0.4621212121212121,0.43977272727272726,0.9233700400528574,0.9520309697659817,-0.6910036985511935,-0.0016424206073919155,0.1412916706771536,-0.17697456899784197
low_stock_ret_60d,train,40,market_regime_id,neutral|insufficient_history|crowding_high,8,160,20.0,0.8528757788445116,0.0825197371884589,0.10720660652503641,0.75,0.76875,10.43315452091676,8.886210127767391,-0.0349379311078325,0.08251973718845888,0.15594966406469388,-0.03504479800403136
low_stock_ret_60d,train,40,market_regime_id,neutral|insufficient_history|crowding_normal,8,160,20.0,0.11278793221620309,0.017574399929921034,0.02381316323324686,0.5,0.5625,1.518569415346411,1.483669570437363,-0.18908597651107595,0.01757439992992103,0.14568740781773287,-0.10522094317204149
low_stock_ret_60d,train,40,market_regime_id,neutral|insufficient_history|insufficient_history,87,1740,20.0,-0.9113267770205068,-0.02617216402265686,-0.017808412994305262,0.20689655172413793,0.3086206896551724,0.21667657892896458,0.3805208727864111,-0.9235229894841943,-0.026172164022656857,0.10033892333282686,-0.1611672553851948
low_stock_ret_60d,train,40,market_regime_id,neutral|low_vol|crowding_high,31,620,20.0,1.6465463111989949,0.033307798639534855,0.0357975947891511,0.7419354838709677,0.5903225806451613,4.702245533010994,2.8605389663669243,-0.22227510782324444,0.03330779863953485,0.1199430704595394,-0.09946402176968613
low_stock_ret_60d,train,40,market_regime_id,neutral|low_vol|crowding_normal,3,60,20.0,-0.15669661199099694,-0.0547994602572713,-0.056634157101083306,0.0,0.1,0.0,0.10292544542034325,-0.07466761873269356,-0.05479946025727131,-0.019116084992217022,-0.0886481386785136
low_stock_ret_60d,train,40,market_regime_id,neutral|normal_vol|crowding_high,77,1540,20.0,0.8041432236108181,0.008648396453159849,0.006195504121339625,0.5454545454545454,0.4863636363636364,1.6480613678201572,1.3890302199130025,-0.43022042109815983,0.008648396453159849,0.1408616009130508,-0.080595639495984
low_stock_ret_60d,train,40,market_regime_id,neutral|normal_vol|crowding_low,41,820,20.0,0.3083604596347329,0.007265355801432179,0.011585857558645819,0.5609756097560976,0.49390243902439024,1.5740659014899012,1.3360106927272346,-0.258197948690717,0.0072653558014321796,0.06994277618650133,-0.07129893889975583
low_stock_ret_60d,train,40,market_regime_id,neutral|normal_vol|crowding_normal,202,4040,20.0,-0.7154727908282704,-0.005322095181747213,-0.005779287538239851,0.4405940594059406,0.39653465346534655,0.7233604190205375,0.8282907760504336,-0.7697472250308558,-0.005322095181747214,0.11895057494674752,-0.14405236774900826
low_stock_ret_60d,train,40,market_regime_id,strong|high_vol|crowding_high,82,1640,20.0,0.27718573801972957,0.0043380067726768445,0.009712434207898347,0.6097560975609756,0.48292682926829267,1.2673021701536216,1.152059421655632,-0.5266812200251902,0.004338006772676844,0.09712222666135453,-0.2000940026626236
low_stock_ret_60d,train,40,market_regime_id,strong|high_vol|crowding_low,14,280,20.0,-0.07253745832198089,-0.0047092322759849994,-0.007253113750598602,0.42857142857142855,0.4607142857142857,0.7160426881653462,0.8018620052158335,-0.14671730471450783,-0.0047092322759849994,0.058585791855756644,-0.08501756715500766
low_stock_ret_60d,train,40,market_regime_id,strong|high_vol|crowding_normal,124,2480,20.0,-0.7865604288904807,-0.011325431504506569,-0.016242572595342016,0.3467741935483871,0.3689516129032258,0.5261181104431208,0.6592047353239732,-0.8166713573689733,-0.01132543150450657,0.11214948197629944,-0.16317552786403228
low_stock_ret_60d,train,40,market_regime_id,strong|insufficient_history|crowding_high,2,40,20.0,-0.1626733129203447,-0.08296214262190028,-0.08296214262190028,0.0,0.075,0.0,0.05454147857865066,-0.14322610187584162,-0.08296214262190028,-0.022698183367958952,-0.14322610187584162
low_stock_ret_60d,train,40,market_regime_id,strong|insufficient_history|crowding_normal,2,40,20.0,-0.1972778265720787,-0.1040288734869799,-0.1040288734869799,0.0,0.025,0.0,0.027003292892807403,-0.11051625486077443,-0.10402887348697991,-0.09754149211318534,-0.11051625486077446
low_stock_ret_60d,train,40,market_regime_id,strong|insufficient_history|insufficient_history,13,260,20.0,-0.3034325668874218,-0.027010665711579056,-0.024630801180225415,0.15384615384615385,0.28846153846153844,0.06627104790595745,0.24136063200340924,-0.3204407396923975,-0.027010665711579056,0.019458375279936643,-0.09051260898045674
low_stock_ret_60d,train,40,market_regime_id,strong|normal_vol|crowding_high,55,1100,20.0,-0.08976797227215483,-0.000482791687134518,-0.004869755645727273,0.4727272727272727,0.4218181818181818,0.9746293449395799,0.9828290525981559,-0.5107854916838754,-0.00048279168713451725,0.14373575699761812,-0.1074349428503611
low_stock_ret_60d,train,40,market_regime_id,strong|normal_vol|crowding_low,7,140,20.0,0.04854183838475934,0.0070238438658363775,0.00413857852050292,0.7142857142857143,0.5357142857142857,2.219927081779808,1.3592734066610435,-0.039900599357536204,0.007023843865836379,0.03990304229238006,-0.02203120577495426
low_stock_ret_60d,train,40,market_regime_id,strong|normal_vol|crowding_normal,27,540,20.0,-0.0353240928475137,-0.0007906939308698439,-0.0059116493010008524,0.37037037037037035,0.39444444444444443,0.9343010597957438,0.9695095227847407,-0.14989066984508825,-0.0007906939308698455,0.09042055466938088,-0.08751376995482155
low_stock_ret_60d,train,40,market_regime_id,weak|high_vol|crowding_high,3,60,20.0,0.27258497557751826,0.08371055056382393,0.08042781434241318,1.0,0.95,inf,77.43903079318524,0.0,0.08371055056382391,0.09701132606679154,0.07369251128226705
low_stock_ret_60d,train,40,market_regime_id,weak|high_vol|crowding_low,12,240,20.0,0.6440982579368193,0.043626393354431754,0.04425436994980322,0.75,0.65,6.708635239438283,4.006091701717564,-0.08909704304758248,0.043626393354431754,0.11643503255168981,-0.048184005845314876
low_stock_ret_60d,train,40,market_regime_id,weak|high_vol|crowding_normal,17,340,20.0,1.8280786399137634,0.06939109559120381,0.05132354680371613,0.7058823529411765,0.6411764705882353,4.5835987285243736,3.885075100546562,-0.27142497736685334,0.06939109559120381,0.2811839439855045,-0.09916660282365976
low_stock_ret_60d,train,40,market_regime_id,weak|insufficient_history|insufficient_history,92,1840,20.0,0.650723077435641,0.007455295301700145,0.019505094487637587,0.5869565217391305,0.5146739130434783,1.3320292174483006,1.2429451335733086,-0.6665896979700556,0.007455295301700148,0.18161926570408318,-0.1302282325641487
low_stock_ret_60d,train,40,market_regime_id,weak|normal_vol|crowding_high,4,80,20.0,-0.02263344557012492,-0.005595656564382026,-0.010431708001884105,0.25,0.3625,0.45467621270129066,0.7622537904281974,-0.03504046806809713,-0.005595656564382024,0.01866202790729688,-0.020181238161056773
low_stock_ret_60d,train,40,market_regime_id,weak|normal_vol|crowding_low,30,600,20.0,-0.6249405787605256,-0.029404856853222215,-0.028986909929291503,0.3333333333333333,0.35833333333333334,0.3448298602078779,0.493157693207541,-0.7426927436682067,-0.029404856853222208,0.08448482316462073,-0.2112992986064947
low_stock_ret_60d,train,40,market_regime_id,weak|normal_vol|crowding_normal,29,580,20.0,0.8507579533888212,0.02297996544738004,0.02249423614556751,0.6551724137931034,0.5172413793103449,2.805471408208027,2.1196793793734,-0.246655851539742,0.02297996544738004,0.1391880427926982,-0.0701090576639258
low_stock_ret_60d,train,40,stock_concentration_regime,insufficient_history,192,3840,20.0,-0.8980399868908322,-0.010115779981589901,-0.011452751325617856,0.3854166666666667,0.40598958333333335,0.6368728391309074,0.7210123500546545,-0.9039495614036501,-0.0101157799815899,0.18161926570408318,-0.1611672553851948
low_stock_ret_60d,train,40,stock_concentration_regime,stock_concentration_high,109,2180,20.0,2.234437563119302,0.013139331429535607,0.00684508170040809,0.5596330275229358,0.48302752293577983,1.7018080991285534,1.430587271973396,-0.6669170141786409,0.013139331429535606,0.2811839439855045,-0.10698393686249583
low_stock_ret_60d,train,40,stock_concentration_regime,stock_concentration_low,350,7000,20.0,-0.891683999363037,-0.005026055312884901,-0.008036387860711394,0.42857142857142855,0.4164285714285714,0.7690823999210542,0.8418766005095969,-0.9609569854762654,-0.005026055312884901,0.15594966406469388,-0.2112992986064947
low_stock_ret_60d,train,40,stock_concentration_regime,stock_concentration_normal,504,10080,20.0,3.2476221667360248,0.004156940865934738,0.0017447461122467745,0.5119047619047619,0.4581349206349206,1.236873443423484,1.148087557277407,-0.6861521830341966,0.0041569408659347384,0.14568740781773287,-0.2000940026626236
low_stock_ret_60d,train,40,trend_regime,neutral,642,12840,20.0,-0.7899069617793104,-0.0011490909084103179,-0.004144274464858454,0.45638629283489096,0.4327102803738318,0.9429033702197246,0.9625384939069682,-0.9390732707209639,-0.0011490909084103179,0.15594966406469388,-0.17697456899784197
low_stock_ret_60d,train,40,trend_regime,strong,326,6520,20.0,-0.8910146694589001,-0.005639332090173072,-0.006184561735799681,0.43558282208588955,0.40904907975460125,0.725131633233315,0.8166805089243305,-0.8930948696054675,-0.00563933209017307,0.14373575699761812,-0.2000940026626236
low_stock_ret_60d,train,40,trend_regime,weak,187,3740,20.0,5.626549432810786,0.012845319951183732,0.019225672996429317,0.5775401069518716,0.513903743315508,1.566096842134844,1.411360567281247,-0.7522696552113197,0.012845319951183733,0.2811839439855045,-0.2112992986064947
low_stock_ret_60d,train,40,vol_regime,high_vol,437,8740,20.0,0.14684917752907567,0.001879527090763936,-0.0015999198895663628,0.482837528604119,0.4513729977116705,1.0939333484734048,1.061183788897904,-0.9530210611149064,0.0018795270907639367,0.2811839439855045,-0.2000940026626236
low_stock_ret_60d,train,40,vol_regime,insufficient_history,212,4240,20.0,-0.8586978445280812,-0.007148390055358404,-0.011452751325617856,0.39622641509433965,0.4188679245283019,0.7500772139800588,0.803834985174881,-0.9530308406431386,-0.007148390055358404,0.18161926570408318,-0.1611672553851948
low_stock_ret_60d,train,40,vol_regime,low_vol,34,680,20.0,1.2318414707568413,0.025533628736875487,0.02900608201881175,0.6764705882352942,0.5470588235294118,2.958389870366773,2.1759799866334117,-0.3441419634884054,0.025533628736875483,0.1199430704595394,-0.09946402176968613
low_stock_ret_60d,train,40,vol_regime,normal_vol,472,9440,20.0,-0.5804838233493943,-0.0007375038510722729,-0.0017180329959515972,0.4766949152542373,0.4292372881355932,0.9595281318866526,0.9745399792609702,-0.9280806754002668,-0.0007375038510722716,0.14373575699761812,-0.2112992986064947
combo_low_liquidity_weak_momentum,validation,0,extreme_selloff_flag,False,406,8120,20.0,3.268926138466094,0.00522278232824309,-0.0030322810874856025,0.45566502463054187,0.4471674876847291,1.372554321092165,1.2630253232355104,-0.7467687011936894,0.005222782328243091,0.5914288577738238,-0.17545833120754253
combo_low_liquidity_weak_momentum,validation,0,extreme_selloff_flag,True,78,1560,20.0,0.03549537497206656,0.0021793195288284293,-0.0007274141743539742,0.48717948717948717,0.5147435897435897,1.1327198556826346,1.0939376248637418,-0.5545433523910127,0.002179319528828429,0.1953070368963699,-0.22707616071038067
combo_low_liquidity_weak_momentum,validation,0,industry_crowding_regime,crowding_high,196,3920,20.0,2.5534424534672513,0.007325218273529853,0.0012622084125310852,0.5204081632653061,0.48698979591836733,1.7754775369606124,1.4633448474986737,-0.45205371659121185,0.00732521827352985,0.37858497675761876,-0.08296077626157101
combo_low_liquidity_weak_momentum,validation,0,industry_crowding_regime,crowding_low,26,520,20.0,-0.012987586895064296,0.004846775329693016,-0.0014799111246234812,0.46153846153846156,0.49230769230769234,1.151178331431868,1.1290680201649665,-0.4729015235141084,0.004846775329693015,0.30372053808852295,-0.22707616071038067
combo_low_liquidity_weak_momentum,validation,0,industry_crowding_regime,crowding_normal,262,5240,20.0,0.2603608456057318,0.0027812122455398575,-0.005062947537447024,0.41603053435114506,0.43301526717557254,1.169955665821349,1.1257134191861071,-0.7924987668533464,0.002781212245539859,0.5914288577738238,-0.223141925272827
combo_low_liquidity_weak_momentum,validation,0,market_regime_id,neutral|low_vol|crowding_high,37,740,20.0,0.07398049949883867,0.004174650377141243,-0.006138439161017778,0.43243243243243246,0.40945945945945944,1.2387379308796604,1.1938590239824103,-0.4345850304020973,0.004174650377141245,0.37858497675761876,-0.06744309775619814
combo_low_liquidity_weak_momentum,validation,0,market_regime_id,neutral|low_vol|crowding_normal,74,1480,20.0,3.193685681606379,0.02296015921699215,-0.0006195742938083781,0.47297297297297297,0.5027027027027027,3.4380928493785827,2.490199550898729,-0.39776645027323554,0.022960159216992154,0.5914288577738238,-0.07811102516175936
combo_low_liquidity_weak_momentum,validation,0,market_regime_id,neutral|normal_vol|crowding_high,80,1600,20.0,0.7532481619603408,0.007549786299412692,0.0021862207923364434,0.5625,0.4775,2.187118860824503,1.5303987328327993,-0.14775574353241938,0.007549786299412691,0.20481800237255526,-0.04837726427578678
combo_low_liquidity_weak_momentum,validation,0,market_regime_id,neutral|normal_vol|crowding_low,5,100,20.0,-0.27471696808445345,-0.06021124750723146,-0.03913920064366321,0.0,0.16,0.0,0.06226721742404406,-0.272999106796022,-0.06021124750723146,-0.0023629424729598946,-0.17545833120754253
combo_low_liquidity_weak_momentum,validation,0,market_regime_id,neutral|normal_vol|crowding_normal,97,1940,20.0,-0.7179833408975802,-0.01222577239635288,-0.015502026903631444,0.29896907216494845,0.33505154639175255,0.41968520931501846,0.5469547460137638,-0.7893902907685387,-0.012225772396352886,0.09753963237021444,-0.1426786395560741
combo_low_liquidity_weak_momentum,validation,0,market_regime_id,strong|high_vol|crowding_high,29,580,20.0,0.7356953016319998,0.019550108801766695,0.020040999054831254,0.6896551724137931,0.6448275862068965,5.885026595618225,3.28035855445067,-0.062051127057077604,0.019550108801766698,0.07127905724524916,-0.021374075934814663
combo_low_liquidity_weak_momentum,validation,0,market_regime_id,strong|high_vol|crowding_normal,5,100,20.0,0.12301461118392121,0.02361989646115675,0.02047149909965399,1.0,0.77,inf,6.555128145625258,0.0,0.02361989646115675,0.045582274437703005,0.004306943204288827
combo_low_liquidity_weak_momentum,validation,0,market_regime_id,strong|low_vol|crowding_high,10,200,20.0,-0.06191310936544503,-0.0063552583227480045,-0.008100819949385338,0.1,0.38,0.10392882258186466,0.5246319302838202,-0.05355080829188685,-0.006355258322748005,0.007371005019823201,-0.012949175713404986
combo_low_liquidity_weak_momentum,validation,0,market_regime_id,strong|low_vol|crowding_normal,8,160,20.0,0.003204738628009407,0.0005474588120444905,-0.005149048632695195,0.25,0.4625,1.082422031792278,1.057010039599516,-0.05206170657595888,0.0005474588120444893,0.035248135133693605,-0.015603894459529732
combo_low_liquidity_weak_momentum,validation,0,market_regime_id,strong|normal_vol|crowding_high,16,320,20.0,-0.15280470344335484,-0.00972612921930889,-0.009314666398806133,0.375,0.41875,0.46703351447586605,0.5847633329093858,-0.22198109361426033,-0.00972612921930889,0.04508332256524829,-0.08296077626157101
combo_low_liquidity_weak_momentum,validation,0,market_regime_id,strong|normal_vol|crowding_low,8,160,20.0,0.05197438819674671,0.006501190449919702,0.00888014385250876,0.625,0.50625,2.4219407055500097,1.515813231898774,-0.024099535097482527,0.0065011904499197,0.03785333311738955,-0.019529105070675828
combo_low_liquidity_weak_momentum,validation,0,market_regime_id,strong|normal_vol|crowding_normal,18,360,20.0,-0.3243155502470657,-0.020787236564528893,-0.011184373412943049,0.3888888888888889,0.29444444444444445,0.15611407588469728,0.2957701903094409,-0.33413261610789313,-0.020787236564528893,0.03615193206922829,-0.13211181043841594
combo_low_liquidity_weak_momentum,validation,0,market_regime_id,weak|high_vol|crowding_high,5,100,20.0,0.23513724094754096,0.043517836991329426,0.054607293985918515,0.8,0.82,22.375264849770154,9.760317720290333,0.0,0.043517836991329426,0.0641183427488861,-0.01017948486186766
combo_low_liquidity_weak_momentum,validation,0,market_regime_id,weak|high_vol|crowding_low,3,60,20.0,0.5128956535059144,0.1547538225639982,0.1611378093797587,0.6666666666666666,0.8333333333333334,778.8140358180086,15.368547835713384,0.0,0.1547538225639982,0.30372053808852295,-0.0005968797762870681
combo_low_liquidity_weak_momentum,validation,0,market_regime_id,weak|high_vol|crowding_normal,14,280,20.0,1.1230593799945816,0.05881417234514079,0.033604785602146844,0.7142857142857143,0.7214285714285714,7.390448083112012,5.580188149123074,-0.10937821729891162,0.05881417234514078,0.1953070368963699,-0.08720678233453374
combo_low_liquidity_weak_momentum,validation,0,market_regime_id,weak|low_vol|crowding_high,4,80,20.0,0.05521854710003815,0.01407606327576333,0.011281128381079256,0.5,0.5875,2.501226508748921,2.121155523254286,-0.037160191012229116,0.014076063275763334,0.055015690387015634,-0.02127369404612082
combo_low_liquidity_weak_momentum,validation,0,market_regime_id,weak|low_vol|crowding_normal,13,260,20.0,-0.13708765281616286,-0.010788045747457377,-0.004587259359947504,0.3076923076923077,0.39615384615384613,0.4367683559094217,0.5984012602593325,-0.1796031213588527,-0.010788045747457379,0.035988865033501606,-0.05756314944355882
combo_low_liquidity_weak_momentum,validation,0,market_regime_id,weak|normal_vol|crowding_high,15,300,20.0,0.04966755932466227,0.003708124742006478,0.004040847700573613,0.5333333333333333,0.43,1.329117377994321,1.1680438414401586,-0.07644103374900202,0.0037081247420064785,0.06610900914692282,-0.04082376159669419
combo_low_liquidity_weak_momentum,validation,0,market_regime_id,weak|normal_vol|crowding_low,10,200,20.0,-0.14493140532590898,-0.00891985951831764,0.016006624938033447,0.5,0.545,0.819920909310881,0.829175981704887,-0.2502383144812118,-0.008919859518317641,0.1179358330751473,-0.22707616071038067
combo_low_liquidity_weak_momentum,validation,0,market_regime_id,weak|normal_vol|crowding_normal,33,660,20.0,-0.23585366852873801,-0.00654354436470884,0.0022711251974708024,0.5151515151515151,0.47424242424242424,0.6789799356758356,0.754667011335075,-0.35613727292003783,-0.006543544364708839,0.07455279810820742,-0.223141925272827
combo_low_liquidity_weak_momentum,validation,0,stock_concentration_regime,stock_concentration_low,241,4820,20.0,-0.6730891626989315,-0.0029273037118572737,-0.0061642399267111125,0.38589211618257263,0.4037344398340249,0.8510681744369674,0.882625391790499,-0.8812221125113279,-0.0029273037118572724,0.30372053808852295,-0.22707616071038067
combo_low_liquidity_weak_momentum,validation,0,stock_concentration_regime,stock_concentration_normal,243,4860,20.0,12.521892724553492,0.01232887548589677,0.002629174890738206,0.5349794238683128,0.5119341563786008,2.340147072066648,1.7759751261898453,-0.4615243287623346,0.012328875485896769,0.5914288577738238,-0.08296077626157101
combo_low_liquidity_weak_momentum,validation,0,trend_regime,neutral,293,5860,20.0,0.6151689069944233,0.003312425221782504,-0.003902508100292157,0.42662116040955633,0.4226962457337884,1.2312322604997925,1.1613714779555826,-0.8595858628421285,0.003312425221782505,0.5914288577738238,-0.17545833120754253
combo_low_liquidity_weak_momentum,validation,0,trend_regime,strong,94,1880,20.0,0.10464864208588698,0.0015755417314339262,-0.0017639567015740485,0.48936170212765956,0.49042553191489363,1.1463345373831684,1.0995759401559588,-0.34375300695672284,0.001575541731433927,0.07127905724524916,-0.13211181043841594
combo_low_liquidity_weak_momentum,validation,0,trend_regime,weak,97,1940,20.0,1.4775629365360556,0.012080361193590197,0.0045860046987686864,0.5360824742268041,0.5335051546391752,1.6646136814632702,1.4944908054586412,-0.5887288392193794,0.012080361193590197,0.30372053808852295,-0.22707616071038067
combo_low_liquidity_weak_momentum,validation,0,vol_regime,high_vol,56,1120,20.0,6.732950450219502,0.03911253041138626,0.02776165853234171,0.7321428571428571,0.7008928571428571,9.566438534842272,5.321766569244211,-0.10937821729891184,0.03911253041138626,0.30372053808852295,-0.08720678233453374
combo_low_liquidity_weak_momentum,validation,0,vol_regime,low_vol,146,2920,20.0,2.8595263800862427,0.01171507254566184,-0.003280381364613949,0.410958904109589,0.4613013698630137,1.974899591835415,1.671568226043193,-0.6205903109572486,0.011715072545661842,0.5914288577738238,-0.07811102516175936
combo_low_liquidity_weak_momentum,validation,0,vol_regime,normal_vol,282,5640,20.0,-0.8518889151362574,-0.005710162220528181,-0.004352740283933546,0.4326241134751773,0.40815602836879433,0.6755017848694798,0.7638096047436209,-0.9397534543103768,-0.005710162220528183,0.20481800237255526,-0.22707616071038067
combo_low_liquidity_weak_momentum,validation,40,extreme_selloff_flag,False,406,8120,20.0,-0.1584265336127083,0.0012227823282430887,-0.007032281087485605,0.39655172413793105,0.41514778325123153,1.0749536773409436,1.0552679634733373,-0.8830567812937852,0.0012227823282430883,0.5874288577738238,-0.17945833120754254
combo_low_liquidity_weak_momentum,validation,40,extreme_selloff_flag,True,78,1560,20.0,-0.24284975296175493,-0.001820680471171573,-0.004727414174353977,0.47435897435897434,0.48012820512820514,0.9014969173014986,0.9277332177466434,-0.5718791865452346,-0.0018206804711715717,0.1913070368963699,-0.23107616071038067
combo_low_liquidity_weak_momentum,validation,40,industry_crowding_regime,crowding_high,196,3920,20.0,0.6271299703057782,0.0033252182735298503,-0.002737791587468916,0.45408163265306123,0.4528061224489796,1.2888646838861277,1.1855189965224247,-0.5689319378044007,0.00332521827352985,0.37458497675761876,-0.08696077626157102
combo_low_liquidity_weak_momentum,validation,40,industry_crowding_regime,crowding_low,26,520,20.0,-0.11121826170658056,0.0008467753296930175,-0.005479911124623484,0.46153846153846156,0.4807692307692308,1.0247495019817332,1.0213803102705028,-0.4827738446816757,0.0008467753296930115,0.29972053808852295,-0.23107616071038067
combo_low_liquidity_weak_momentum,validation,40,industry_crowding_regime,crowding_normal,262,5240,20.0,-0.5593875792588298,-0.0012187877544601444,-0.009062947537447026,0.3702290076335878,0.3998091603053435,0.9350884964207427,0.9501440255322838,-0.8926088553744722,-0.0012187877544601448,0.5874288577738238,-0.227141925272827
combo_low_liquidity_weak_momentum,validation,40,market_regime_id,neutral|low_vol|crowding_high,37,740,20.0,-0.07404404316878921,0.00017465037714124457,-0.010138439161017778,0.40540540540540543,0.3689189189189189,1.0088072257985492,1.007283923800056,-0.48538719358322313,0.00017465037714124127,0.37458497675761876,-0.07144309775619814
combo_low_liquidity_weak_momentum,validation,40,market_regime_id,neutral|low_vol|crowding_normal,74,1480,20.0,2.1326407707030652,0.018960159216992154,-0.004619574293808382,0.43243243243243246,0.46756756756756757,2.6288136695986846,2.086648274632426,-0.4755820840628978,0.018960159216992154,0.5874288577738238,-0.08211102516175936
combo_low_liquidity_weak_momentum,validation,40,market_regime_id,neutral|normal_vol|crowding_high,80,1600,20.0,0.2749699904070477,0.0035497862994126896,-0.0018137792076635575,0.4375,0.44375,1.4247936377962298,1.2166722127992255,-0.21391656172799023,0.0035497862994126887,0.20081800237255526,-0.05237726427578678
combo_low_liquidity_weak_momentum,validation,40,market_regime_id,neutral|normal_vol|crowding_low,5,100,20.0,-0.2900882295228334,-0.06421124750723146,-0.043139200643663216,0.0,0.13,0.0,0.05097888515221766,-0.2855421754860954,-0.06421124750723146,-0.006362942472959895,-0.17945833120754254
combo_low_liquidity_weak_momentum,validation,40,market_regime_id,neutral|normal_vol|crowding_normal,97,1940,20.0,-0.8098577832410615,-0.016225772396352884,-0.019502026903631446,0.25773195876288657,0.30515463917525776,0.3220448839564121,0.4535851749942947,-0.844447207768032,-0.016225772396352887,0.09353963237021444,-0.1466786395560741
combo_low_liquidity_weak_momentum,validation,40,market_regime_id,strong|high_vol|crowding_high,29,580,20.0,0.5485656833726311,0.015550108801766693,0.01604099905483125,0.6551724137931034,0.6103448275862069,3.89585152823947,2.546705689276045,-0.07720791469939936,0.015550108801766693,0.06727905724524916,-0.025374075934814666
combo_low_liquidity_weak_momentum,validation,40,market_regime_id,strong|high_vol|crowding_normal,5,100,20.0,0.10123726476560946,0.01961989646115675,0.016471499099653987,1.0,0.71,inf,4.739736663701016,0.0,0.019619896461156746,0.041582274437703,0.0003069432042888261
combo_low_liquidity_weak_momentum,validation,40,market_regime_id,strong|low_vol|crowding_high,10,200,20.0,-0.09900092913838754,-0.010355258322748006,-0.012100819949385338,0.1,0.32,0.03152723430891987,0.35220595356830936,-0.0862323417973977,-0.010355258322748006,0.0033710050198232006,-0.016949175713404988
combo_low_liquidity_weak_momentum,validation,40,market_regime_id,strong|low_vol|crowding_normal,8,160,20.0,-0.028444036574679088,-0.0034525411879555105,-0.009149048632695195,0.25,0.4,0.6419321240589286,0.709170244786569,-0.07478585344845423,-0.00345254118795551,0.0312481351336936,-0.019603894459529734
combo_low_liquidity_weak_momentum,validation,40,market_regime_id,strong|normal_vol|crowding_high,16,320,20.0,-0.2059912194014094,-0.013726129219308892,-0.013314666398806133,0.3125,0.378125,0.34372533334235156,0.46799564133418853,-0.25032563042347,-0.013726129219308894,0.041083322565248284,-0.08696077626157102
combo_low_liquidity_weak_momentum,validation,40,market_regime_id,strong|normal_vol|crowding_low,8,160,20.0,0.018980635569840754,0.002501190449919699,0.004880143852508759,0.625,0.5,1.411918311323722,1.1714712637117435,-0.03198677282019202,0.002501190449919699,0.03385333311738955,-0.02352910507067583
combo_low_liquidity_weak_momentum,validation,40,market_regime_id,strong|normal_vol|crowding_normal,18,360,20.0,-0.3723829198907269,-0.024787236564528893,-0.01518437341294305,0.2222222222222222,0.25555555555555554,0.08996705036047963,0.23499860236188408,-0.3733573250863974,-0.024787236564528897,0.032151932069228284,-0.13611181043841594
combo_low_liquidity_weak_momentum,validation,40,market_regime_id,weak|high_vol|crowding_high,5,100,20.0,0.21162838799875727,0.03951783699132942,0.05060729398591851,0.8,0.82,14.93486342286073,7.948057425325734,0.0,0.03951783699132942,0.0601183427488861,-0.014179484861867663
combo_low_liquidity_weak_momentum,validation,40,market_regime_id,weak|high_vol|crowding_low,3,60,20.0,0.4970422723573624,0.1507538225639982,0.1571378093797587,0.6666666666666666,0.8333333333333334,99.38444547211738,14.181256530340061,0.0,0.1507538225639982,0.29972053808852295,-0.004596879776287072
combo_low_liquidity_weak_momentum,validation,40,market_regime_id,weak|high_vol|crowding_normal,14,280,20.0,1.0127698158384781,0.054814172345140785,0.02960478560214684,0.7142857142857143,0.7071428571428572,6.297945359186358,4.920473299436689,-0.12044808239341498,0.054814172345140785,0.1913070368963699,-0.09120678233453375
combo_low_liquidity_weak_momentum,validation,40,market_regime_id,weak|low_vol|crowding_high,4,80,20.0,0.0386498236274706,0.010076063275763329,0.0072811283810792545,0.5,0.5625,1.8857006682352133,1.7054759216411257,-0.04499416900615616,0.01007606327576333,0.05101569038701563,-0.025273694046120825
combo_low_liquidity_weak_momentum,validation,40,market_regime_id,weak|low_vol|crowding_normal,13,260,20.0,-0.18140695070936963,-0.01478804574745738,-0.008587259359947506,0.3076923076923077,0.36538461538461536,0.3254572066309493,0.49602089752520073,-0.19653541924616746,-0.01478804574745738,0.0319888650335016,-0.061563149443558826
combo_low_liquidity_weak_momentum,validation,40,market_regime_id,weak|normal_vol|crowding_high,15,300,20.0,-0.011414853649380219,-0.0002918752579935254,4.08477005736119e-05,0.5333333333333333,0.42,0.9777763500901596,0.9880202611973125,-0.09142274768358538,-0.0002918752579935258,0.062109009146922814,-0.04482376159669419
combo_low_liquidity_weak_momentum,validation,40,market_regime_id,weak|normal_vol|crowding_low,10,200,20.0,-0.17928806133311148,-0.012919859518317645,0.012006624938033443,0.5,0.535,0.7492896426300946,0.7609351541881387,-0.2630814888094988,-0.012919859518317645,0.11393583307514729,-0.23107616071038067
combo_low_liquidity_weak_momentum,validation,40,market_regime_id,weak|normal_vol|crowding_normal,33,660,20.0,-0.33140681068569977,-0.010543544364708843,-0.0017288748025291983,0.45454545454545453,0.4409090909090909,0.5292744496296081,0.6343994008500814,-0.3875857226789299,-0.010543544364708843,0.07055279810820742,-0.227141925272827
combo_low_liquidity_weak_momentum,validation,40,stock_concentration_regime,stock_concentration_low,241,4820,20.0,-0.8763333165892768,-0.0069273037118572755,-0.010164239926711113,0.3278008298755187,0.3699170124481328,0.6881646928947153,0.7470088795944203,-0.9121874314355587,-0.006927303711857273,0.29972053808852295,-0.23107616071038067
combo_low_liquidity_weak_momentum,validation,40,stock_concentration_regime,stock_concentration_normal,243,4860,20.0,4.152540202438375,0.008328875485896768,-0.0013708251092617973,0.4897119341563786,0.4808641975308642,1.746445169819866,1.465402170473588,-0.549664353097858,0.008328875485896767,0.5874288577738238,-0.08696077626157102
combo_low_liquidity_weak_momentum,validation,40,trend_regime,neutral,293,5860,20.0,-0.5007893771949994,-0.0006875747782174983,-0.007902508100292159,0.3651877133105802,0.3890784982935154,0.9589380737577019,0.9699660074925466,-0.929821176313869,-0.0006875747782174973,0.5874288577738238,-0.17945833120754254
combo_low_liquidity_weak_momentum,validation,40,trend_regime,strong,94,1880,20.0,-0.24196600070574337,-0.002424458268566075,-0.0057639567015740495,0.43617021276595747,0.45,0.8121634171632053,0.8647762112458484,-0.4012296664546138,-0.002424458268566076,0.06727905724524916,-0.13611181043841594
combo_low_liquidity_weak_momentum,validation,40,trend_regime,weak,97,1940,20.0,0.6838430142086331,0.008080361193590194,0.0005860046987686857,0.5154639175257731,0.5123711340206185,1.402852354503506,1.3068105549802858,-0.6016929658713588,0.008080361193590195,0.29972053808852295,-0.23107616071038067
combo_low_liquidity_weak_momentum,validation,40,vol_regime,high_vol,56,1120,20.0,5.225986074011855,0.035112530411386254,0.02376165853234171,0.7142857142857143,0.6741071428571429,7.157228106732037,4.412064885418517,-0.12044808239341498,0.035112530411386254,0.29972053808852295,-0.09120678233453375
combo_low_liquidity_weak_momentum,validation,40,vol_regime,low_vol,146,2920,20.0,1.1588889087828793,0.0077150725456618385,-0.00728038136461395,0.3835616438356164,0.42226027397260274,1.5339191173044422,1.392234793078432,-0.7372590843717652,0.007715072545661839,0.5874288577738238,-0.08211102516175936
combo_low_liquidity_weak_momentum,validation,40,vol_regime,normal_vol,282,5640,20.0,-0.9525937434336382,-0.009710162220528186,-0.008352740283933548,0.3617021276595745,0.3780141843971631,0.5141558232735066,0.6348825941057018,-0.9718771837934467,-0.009710162220528182,0.20081800237255526,-0.23107616071038067
combo_low_size_low_liquidity,validation,0,extreme_selloff_flag,False,406,8120,20.0,4.8983272971901775,0.0060579959541918905,-0.0029739630464498124,0.4433497536945813,0.4508620689655172,1.4975599549585457,1.385545355703808,-0.7035845467353599,0.0060579959541918905,0.5266750184450688,-0.18115117319659574
combo_low_size_low_liquidity,validation,0,extreme_selloff_flag,True,78,1560,20.0,0.10049525194457853,0.003066491108477487,0.0009802013004768463,0.5256410256410257,0.48205128205128206,1.1959204776859502,1.1488871300587462,-0.5103168422394828,0.003066491108477487,0.3058914076552951,-0.23747716216166376
combo_low_size_low_liquidity,validation,0,industry_crowding_regime,crowding_high,196,3920,20.0,13.358737336590055,0.015555965004087187,-0.0008555949651648492,0.4846938775510204,0.49795918367346936,3.022159935898214,2.373301017074536,-0.33771293216484144,0.015555965004087192,0.481139634598743,-0.0625456173570171
combo_low_size_low_liquidity,validation,0,industry_crowding_regime,crowding_low,26,520,20.0,-0.402809598349954,-0.016548418971850228,0.004023239924031604,0.5384615384615384,0.4346153846153846,0.48549957307573327,0.56890027528017,-0.4797541456398793,-0.016548418971850228,0.12489195509250686,-0.23747716216166376
combo_low_size_low_liquidity,validation,0,industry_crowding_regime,crowding_normal,262,5240,20.0,-0.2430137848564261,0.0003054290699624765,-0.0038389976407154553,0.42748091603053434,0.4265267175572519,1.020948244355189,1.0167844047738965,-0.7491791672762032,0.0003054290699624771,0.5266750184450688,-0.16265137718655223
combo_low_size_low_liquidity,validation,0,market_regime_id,neutral|low_vol|crowding_high,37,740,20.0,0.6335081298894532,0.015509901433074727,-0.005002275879290458,0.35135135135135137,0.4135135135135135,3.1914191582119034,2.6306328886872428,-0.1920478697868393,0.015509901433074725,0.34497561977798263,-0.0300661935222697
combo_low_size_low_liquidity,validation,0,market_regime_id,neutral|low_vol|crowding_normal,74,1480,20.0,2.364310804264208,0.018937127647946802,-0.0036079527207903473,0.44594594594594594,0.4864864864864865,4.2237497245050415,3.3807631597118375,-0.24043843056589975,0.0189371276479468,0.5266750184450688,-0.029115641925383982
combo_low_size_low_liquidity,validation,0,market_regime_id,neutral|normal_vol|crowding_high,80,1600,20.0,2.241434288601119,0.017504602871638426,0.00029741765871869603,0.5,0.49125,4.470148019457972,2.9993524775386406,-0.12192018346769462,0.01750460287163843,0.481139634598743,-0.030383654962203403
combo_low_size_low_liquidity,validation,0,market_regime_id,neutral|normal_vol|crowding_low,5,100,20.0,-0.27886896619709,-0.061190616736732775,-0.03142168287886023,0.0,0.11,0.0,0.028676697580468043,-0.2661711439507567,-0.061190616736732775,-0.017303519944275942,-0.18115117319659574
combo_low_size_low_liquidity,validation,0,market_regime_id,neutral|normal_vol|crowding_normal,97,1940,20.0,-0.7265367902687805,-0.012502016081446103,-0.011999890203199127,0.32989690721649484,0.3422680412371134,0.3966395542664751,0.4863565552503257,-0.7859884991385947,-0.012502016081446103,0.07535147599404177,-0.14370055162119194
combo_low_size_low_liquidity,validation,0,market_regime_id,strong|high_vol|crowding_high,29,580,20.0,1.039423309702494,0.025688738093164697,0.03576856762532725,0.6896551724137931,0.6793103448275862,4.494089909866134,3.297435435420595,-0.12111532539963232,0.0256887380931647,0.11058238780416522,-0.055438699977329454
combo_low_size_low_liquidity,validation,0,market_regime_id,strong|high_vol|crowding_normal,5,100,20.0,0.21627960166345472,0.04009497563327399,0.04942124897698598,1.0,0.82,inf,17.060597802458023,0.0,0.04009497563327398,0.059033698940725854,0.014316891817072653
combo_low_size_low_liquidity,validation,0,market_regime_id,strong|low_vol|crowding_high,10,200,20.0,-0.05710788325007965,-0.0058460121330548825,-0.00813019413062418,0.2,0.305,0.1135580052622683,0.37659374307134286,-0.05383872377184673,-0.005846012133054883,0.006371751164298689,-0.012268757020970234
combo_low_size_low_liquidity,validation,0,market_regime_id,strong|low_vol|crowding_normal,8,160,20.0,-0.017522775509703492,-0.0021197129971794932,-0.005766257908005315,0.125,0.35625,0.6573590556739861,0.7515438544759552,-0.04847905740990055,-0.0021197129971794923,0.03253347405673716,-0.01235438049807427
combo_low_size_low_liquidity,validation,0,market_regime_id,strong|normal_vol|crowding_high,16,320,20.0,-0.08301797406515588,-0.003889985024784357,-0.027834314484867593,0.3125,0.396875,0.8597647894500272,0.8751263115643668,-0.32807988647528163,-0.0038899850247843563,0.0951260728695252,-0.0625456173570171
combo_low_size_low_liquidity,validation,0,market_regime_id,strong|normal_vol|crowding_low,8,160,20.0,-0.020325608910743864,-0.0024428391791401754,-0.0036844722831092056,0.5,0.425,0.7089766192205093,0.8336258670920317,-0.055195771740611965,-0.002442839179140178,0.020755898033663477,-0.022961049478654995
combo_low_size_low_liquidity,validation,0,market_regime_id,strong|normal_vol|crowding_normal,18,360,20.0,-0.5111768617375146,-0.03779272110618056,-0.029595029697566548,0.2777777777777778,0.2638888888888889,0.06492956261315432,0.1416633897007569,-0.5118760095157173,-0.03779272110618055,0.03807376960935849,-0.16265137718655223
combo_low_size_low_liquidity,validation,0,market_regime_id,weak|high_vol|crowding_high,5,100,20.0,0.16449023232301307,0.03130730639728724,0.044266150158337056,0.8,0.71,9.842784913561614,4.517151266790122,0.0,0.03130730639728724,0.05864310495144649,-0.017702175673906317
combo_low_size_low_liquidity,validation,0,market_regime_id,weak|high_vol|crowding_low,3,60,20.0,0.2621893469579515,0.08122756724349407,0.07566524933328002,1.0,0.8833333333333333,inf,12.939090849648135,0.0,0.08122756724349407,0.12489195509250686,0.04312549730469535
combo_low_size_low_liquidity,validation,0,market_regime_id,weak|high_vol|crowding_normal,14,280,20.0,0.5915685853863168,0.03512020682217862,0.03260326543148452,0.8571428571428571,0.6857142857142857,6.32956394735541,3.9962808649385466,-0.08020826352404686,0.03512020682217862,0.16347777997760046,-0.08020826352404699
combo_low_size_low_liquidity,validation,0,market_regime_id,weak|low_vol|crowding_high,4,80,20.0,0.03796922484245324,0.009495591233105574,0.01177483516648856,0.75,0.6375,3.663469989406684,2.3111662920062255,-0.014260481658696422,0.009495591233105574,0.02869317625814157,-0.014260481658696395
combo_low_size_low_liquidity,validation,0,market_regime_id,weak|low_vol|crowding_normal,13,260,20.0,-0.10527221046764856,-0.008398917845455043,-0.005541797224004563,0.3076923076923077,0.3923076923076923,0.23000560493550212,0.47167792642889056,-0.11794023647021001,-0.008398917845455043,0.018310480714283234,-0.038259146600553726
combo_low_size_low_liquidity,validation,0,market_regime_id,weak|normal_vol|crowding_high,15,300,20.0,0.2723517608851356,0.0170628092101809,0.004310249204830485,0.5333333333333333,0.52,3.927859817263827,2.438678815982621,-0.07575454005348092,0.017062809210180902,0.1455368197098416,-0.02025525112238073
combo_low_size_low_liquidity,validation,0,market_regime_id,weak|normal_vol|crowding_low,10,200,20.0,-0.33028139009032964,-0.0348445797881803,0.005456492055643211,0.7,0.47,0.24767823557409016,0.3608736501829335,-0.21111474932508167,-0.0348445797881803,0.03102812938642906,-0.23747716216166376
combo_low_size_low_liquidity,validation,0,market_regime_id,weak|normal_vol|crowding_normal,33,660,20.0,-0.010834411852443826,0.00017046583288207588,0.0069351399270532075,0.6060606060606061,0.4893939393939394,1.0154392533810552,1.0097995630501013,-0.16653640729892827,0.00017046583288207707,0.053801707079766906,-0.10221545323155064
combo_low_size_low_liquidity,validation,0,stock_concentration_regime,stock_concentration_low,241,4820,20.0,-0.6984895311122421,-0.002914052516990863,-0.006191767605001152,0.3900414937759336,0.39190871369294605,0.8459429594065913,0.8715728586508863,-0.9335676744780073,-0.002914052516990864,0.481139634598743,-0.23747716216166376
combo_low_size_low_liquidity,validation,0,stock_concentration_regime,stock_concentration_normal,243,4860,20.0,20.52854330039626,0.013995964281719956,0.001257866585609607,0.522633744855967,0.5193415637860083,3.1184407415114794,2.3509384801440483,-0.22028329367276211,0.013995964281719956,0.5266750184450688,-0.0625456173570171
combo_low_size_low_liquidity,validation,0,trend_regime,neutral,293,5860,20.0,2.5129156765586793,0.006337656604501593,-0.004779156794893919,0.40273037542662116,0.42440273037542664,1.5436039986247507,1.4301538003650929,-0.8392340566381071,0.006337656604501592,0.5266750184450688,-0.18115117319659574
combo_low_size_low_liquidity,validation,0,trend_regime,strong,94,1880,20.0,0.009066136326584262,0.0011487128065876618,-0.004370738300786015,0.44680851063829785,0.4702127659574468,1.0689023345647908,1.0566164896504275,-0.5630697432951652,0.0011487128065876633,0.11058238780416522,-0.16265137718655223
combo_low_size_low_liquidity,validation,0,trend_regime,weak,97,1940,20.0,0.8311742979323389,0.007565157473453041,0.008286963268543373,0.6288659793814433,0.5371134020618556,1.6213806524656458,1.4165212543145096,-0.470468828104057,0.007565157473453038,0.16347777997760046,-0.23747716216166376
combo_low_size_low_liquidity,validation,0,vol_regime,high_vol,56,1120,20.0,4.802651935936217,0.03280982878742081,0.035962018911005,0.7857142857142857,0.7071428571428572,6.685443202050178,4.247577513287819,-0.12111532539963221,0.03280982878742081,0.16347777997760046,-0.08020826352404699
combo_low_size_low_liquidity,validation,0,vol_regime,low_vol,146,2920,20.0,3.7279982847382964,0.01252460552469418,-0.004662015289066105,0.3835616438356164,0.44417808219178084,2.888912211694254,2.366453892710939,-0.408229097435138,0.012524605524694178,0.5266750184450688,-0.038259146600553726
combo_low_size_low_liquidity,validation,0,vol_regime,normal_vol,282,5640,20.0,-0.7634008337720509,-0.003429823244105545,-0.0032048521168032947,0.42907801418439717,0.41205673758865247,0.8015089850998042,0.840969778242461,-0.937191782965681,-0.0034298232441055455,0.481139634598743,-0.23747716216166376
combo_low_size_low_liquidity,validation,40,extreme_selloff_flag,False,406,8120,20.0,0.16428547880021704,0.0020579959541918895,-0.006973963046449813,0.3768472906403941,0.40738916256157637,1.1417635668389237,1.1144745328696544,-0.7937195809244612,0.002057995954191889,0.5226750184450688,-0.18515117319659574
combo_low_size_low_liquidity,validation,40,extreme_selloff_flag,True,78,1560,20.0,-0.19512232046308398,-0.0009335088915225154,-0.0030197986995231536,0.41025641025641024,0.44294871794871793,0.9474656908471174,0.9589330697320976,-0.5272627313468055,-0.0009335088915225142,0.3018914076552951,-0.24147716216166376
combo_low_size_low_liquidity,validation,40,industry_crowding_regime,crowding_high,196,3920,20.0,5.607361046010424,0.011555965004087185,-0.00485559496516485,0.40816326530612246,0.4487244897959184,2.1704261539905074,1.8616121887891028,-0.43634375914003654,0.011555965004087183,0.477139634598743,-0.0665456173570171
combo_low_size_low_liquidity,validation,40,industry_crowding_regime,crowding_low,26,520,20.0,-0.4632300489291814,-0.020548418971850238,2.3239924031603985e-05,0.5,0.4173076923076923,0.396118495064826,0.49488095383349967,-0.48748356935670534,-0.020548418971850235,0.12089195509250686,-0.24147716216166376
combo_low_size_low_liquidity,validation,40,industry_crowding_regime,crowding_normal,262,5240,20.0,-0.7357754720979949,-0.0036945709300375256,-0.007838997640715457,0.3511450381679389,0.38606870229007634,0.7829690556366194,0.820264756848178,-0.8881404887204242,-0.0036945709300375247,0.5226750184450688,-0.16665137718655224
combo_low_size_low_liquidity,validation,40,market_regime_id,neutral|low_vol|crowding_high,37,740,20.0,0.4107465030848827,0.011509901433074723,-0.009002275879290459,0.32432432432432434,0.3567567567567568,2.1783692009774605,1.9635519389763516,-0.2697126147996721,0.011509901433074725,0.34097561977798263,-0.03406619352226971
combo_low_size_low_liquidity,validation,40,market_regime_id,neutral|low_vol|crowding_normal,74,1480,20.0,1.5115154989268658,0.014937127647946804,-0.007607952720790349,0.3783783783783784,0.4331081081081081,2.806535832454772,2.479491413537792,-0.37705146750970986,0.014937127647946805,0.5226750184450688,-0.033115641925383986
combo_low_size_low_liquidity,validation,40,market_regime_id,neutral|normal_vol|crowding_high,80,1600,20.0,1.3616956539943188,0.013504602871638427,-0.0037025823412813043,0.35,0.424375,2.8636523324930088,2.2404018205017255,-0.17866678496609667,0.013504602871638426,0.477139634598743,-0.03438365496220341
combo_low_size_low_liquidity,validation,40,market_regime_id,neutral|normal_vol|crowding_low,5,100,20.0,-0.29417162777428196,-0.06519061673673276,-0.03542168287886023,0.0,0.09,0.0,0.021358843128213723,-0.27880769308015674,-0.06519061673673278,-0.021303519944275942,-0.18515117319659574
combo_low_size_low_liquidity,validation,40,market_regime_id,neutral|normal_vol|crowding_normal,97,1940,20.0,-0.8156517207244812,-0.016502016081446105,-0.01599989020319913,0.24742268041237114,0.3030927835051546,0.2988610348498368,0.3895166016573445,-0.8406757579704924,-0.016502016081446105,0.07135147599404176,-0.14770055162119194
combo_low_size_low_liquidity,validation,40,market_regime_id,strong|high_vol|crowding_high,29,580,20.0,0.8206090452959287,0.021688738093164694,0.031768567625327246,0.6896551724137931,0.646551724137931,3.5238734071230513,2.7310515982763452,-0.13555167776028776,0.021688738093164697,0.10658238780416522,-0.05943869997732946
combo_low_size_low_liquidity,validation,40,market_regime_id,strong|high_vol|crowding_normal,5,100,20.0,0.19306388089843907,0.03609497563327398,0.045421248976985976,1.0,0.8,inf,12.111801355526113,0.0,0.036094975633273976,0.05503369894072585,0.01031689181707265
combo_low_size_low_liquidity,validation,40,market_regime_id,strong|low_vol|crowding_high,10,200,20.0,-0.0943670363461031,-0.009846012133054884,-0.01213019413062418,0.1,0.235,0.023521839926357452,0.197250855168432,-0.08390003522937362,-0.009846012133054884,0.0023717511642986884,-0.016268757020970234
combo_low_size_low_liquidity,validation,40,market_regime_id,strong|low_vol|crowding_normal,8,160,20.0,-0.048595675840732766,-0.006119712997179495,-0.009766257908005317,0.125,0.3,0.36821577346719503,0.4519509246249909,-0.07498944063848256,-0.006119712997179494,0.028533474056737163,-0.01635438049807427
combo_low_size_low_liquidity,validation,40,market_regime_id,strong|normal_vol|crowding_high,16,320,20.0,-0.1403593726384984,-0.007889985024784359,-0.03183431448486759,0.3125,0.384375,0.7412186668493853,0.7651399665179752,-0.352945248711413,-0.007889985024784359,0.09112607286952519,-0.0665456173570171
combo_low_size_low_liquidity,validation,40,market_regime_id,strong|normal_vol|crowding_low,8,160,20.0,-0.051321838669282194,-0.006442839179140178,-0.007684472283109206,0.375,0.4,0.38341962306627947,0.6216129532767325,-0.06670307513906093,-0.006442839179140178,0.016755898033663476,-0.026961049478655
combo_low_size_low_liquidity,validation,40,market_regime_id,strong|normal_vol|crowding_normal,18,360,20.0,-0.5465763577395185,-0.04179272110618056,-0.03359502969756656,0.1111111111111111,0.2361111111111111,0.04532726282293759,0.1114144631858535,-0.5454091119680253,-0.041792721106180555,0.034073769609358484,-0.16665137718655224
combo_low_size_low_liquidity,validation,40,market_regime_id,weak|high_vol|crowding_high,5,100,20.0,0.14206529096389486,0.027307306397287234,0.04026615015833705,0.8,0.7,7.291375299786248,3.708937738371512,0.0,0.027307306397287238,0.05464310495144649,-0.021702175673906317
combo_low_size_low_liquidity,validation,40,market_regime_id,weak|high_vol|crowding_low,3,60,20.0,0.24821932382693235,0.07722756724349407,0.07166524933328002,1.0,0.8833333333333333,inf,11.622535083102035,0.0,0.07722756724349407,0.12089195509250686,0.03912549730469535
combo_low_size_low_liquidity,validation,40,market_regime_id,weak|high_vol|crowding_normal,14,280,20.0,0.5073779150019941,0.031120206822178614,0.028603265431484518,0.8571428571428571,0.6607142857142857,5.345714981683073,3.389705114114635,-0.08420826352404698,0.031120206822178614,0.15947777997760046,-0.08420826352404699
combo_low_size_low_liquidity,validation,40,market_regime_id,weak|low_vol|crowding_high,4,80,20.0,0.02161107148109087,0.005495591233105574,0.00777483516648856,0.5,0.6375,2.1524515201595205,1.6322516087511387,-0.019059574648566335,0.005495591233105573,0.02469317625814157,-0.018260481658696395
combo_low_size_low_liquidity,validation,40,market_regime_id,weak|low_vol|crowding_normal,13,260,20.0,-0.15108411264148125,-0.012398917845455042,-0.009541797224004564,0.15384615384615385,0.35384615384615387,0.1076233527650921,0.32640469367679104,-0.14023338009197006,-0.012398917845455047,0.014310480714283234,-0.04225914660055373
combo_low_size_low_liquidity,validation,40,market_regime_id,weak|normal_vol|crowding_high,15,300,20.0,0.19920312540689777,0.0130628092101809,0.0003102492048304846,0.5333333333333333,0.5,2.6977016919121533,1.9460472866463092,-0.10878464296396773,0.0130628092101809,0.1415368197098416,-0.024255251122380733
combo_low_size_low_liquidity,validation,40,market_regime_id,weak|normal_vol|crowding_low,10,200,20.0,-0.35778672424600244,-0.0388445797881803,0.0014564920556432086,0.7,0.455,0.18249577096427114,0.31442029866605764,-0.22134710865713048,-0.0388445797881803,0.027028129386429057,-0.24147716216166376
combo_low_size_low_liquidity,validation,40,market_regime_id,weak|normal_vol|crowding_normal,33,660,20.0,-0.13348040073674006,-0.0038295341671179253,0.002935139927053207,0.5454545454545454,0.46060606060606063,0.6983020865652191,0.803361744199057,-0.17723983536985233,-0.0038295341671179244,0.0498017070797669,-0.10621545323155064
combo_low_size_low_liquidity,validation,40,stock_concentration_regime,stock_concentration_low,241,4820,20.0,-0.8860013624187663,-0.006914052516990866,-0.010191767605001154,0.33195020746887965,0.3514522821576763,0.6776569740530831,0.7255101643240573,-0.9628439732015002,-0.006914052516990863,0.477139634598743,-0.24147716216166376
combo_low_size_low_liquidity,validation,40,stock_concentration_regime,stock_concentration_normal,243,4860,20.0,7.2203385441995245,0.009995964281719952,-0.0027421334143903934,0.43209876543209874,0.4742798353909465,2.1508295959308015,1.809259021745723,-0.4021044109131231,0.009995964281719954,0.5226750184450688,-0.0665456173570171
combo_low_size_low_liquidity,validation,40,trend_regime,neutral,293,5860,20.0,0.08879714994805776,0.002337656604501591,-0.00877915679489392,0.31399317406143346,0.3721843003412969,1.164571705907029,1.1365728246468751,-0.888787607609444,0.002337656604501589,0.5226750184450688,-0.18515117319659574
combo_low_size_low_liquidity,validation,40,trend_regime,strong,94,1880,20.0,-0.3079495845968966,-0.00285128719341234,-0.008370738300786017,0.39361702127659576,0.4372340425531915,0.850010975733595,0.8730896826165151,-0.5926016162142901,-0.0028512871934123396,0.10658238780416522,-0.16665137718655224
combo_low_size_low_liquidity,validation,40,trend_regime,weak,97,1940,20.0,0.24366856079738097,0.003565157473453038,0.004286963268543371,0.5773195876288659,0.51340206185567,1.259797921951547,1.177801761790069,-0.4834112639152217,0.0035651574734530387,0.15947777997760046,-0.24147716216166376
combo_low_size_low_liquidity,validation,40,vol_regime,high_vol,56,1120,20.0,3.6675005374988032,0.028809828787420805,0.031962018911004995,0.7857142857142857,0.68125,5.34669105809643,3.544240667494257,-0.13555167776028787,0.0288098287874208,0.15947777997760046,-0.08420826352404699
combo_low_size_low_liquidity,validation,40,vol_regime,low_vol,146,2920,20.0,1.647600412366117,0.008524605524694178,-0.008662015289066106,0.3150684931506849,0.39143835616438355,1.9210426936926823,1.7429810315731544,-0.5997045640623337,0.008524605524694176,0.5226750184450688,-0.04225914660055373
combo_low_size_low_liquidity,validation,40,vol_regime,normal_vol,282,5640,20.0,-0.9241679933896303,-0.007429823244105547,-0.007204852116803296,0.33687943262411346,0.37109929078014187,0.6229948512231415,0.6901845634792053,-0.9704401854700229,-0.007429823244105548,0.477139634598743,-0.24147716216166376
low_log_amount,validation,0,extreme_selloff_flag,False,406,8120,20.0,12.659266491969467,0.008303492814912657,-0.0027769258986332594,0.45073891625615764,0.4564039408866995,1.7096588009986136,1.5328112896906738,-0.6619931582390437,0.00830349281491266,0.5790057781756983,-0.1922285893773429
low_log_amount,validation,0,extreme_selloff_flag,True,78,1560,20.0,0.6343900347708178,0.007752078590779357,-3.0303522526659065e-05,0.5,0.4846153846153846,1.6019882160887633,1.4345927570170536,-0.3577734742183021,0.007752078590779357,0.24326355438943645,-0.16301524881415747
low_log_amount,validation,0,industry_crowding_regime,crowding_high,196,3920,20.0,16.6149230196747,0.01674106176551847,-0.0016805233906702938,0.4744897959183674,0.4987244897959184,3.1801463617490526,2.4698109070146503,-0.32845426128621946,0.01674106176551847,0.5790057781756983,-0.06509909204380063
low_log_amount,validation,0,industry_crowding_regime,crowding_low,26,520,20.0,-0.2064539887570227,-0.006812379193549973,-0.0026646340476994047,0.5,0.4461538461538462,0.7212128786741989,0.7697997881356912,-0.3498167266386525,-0.006812379193549972,0.11561776604391028,-0.1922285893773429
low_log_amount,validation,0,industry_crowding_regime,crowding_normal,262,5240,20.0,0.5970930553749441,0.0033273052134580494,-0.00454148996808014,0.44274809160305345,0.43416030534351147,1.2411804204303616,1.1848227139344547,-0.7210619711591519,0.0033273052134580486,0.5509797135602565,-0.17950581720511888
low_log_amount,validation,0,market_regime_id,neutral|low_vol|crowding_high,37,740,20.0,0.5065314593530548,0.013278043418386886,-0.006163555547968991,0.2972972972972973,0.3945945945945946,2.600463612459471,2.2427287397021782,-0.2269728490766394,0.013278043418386882,0.3380892193103393,-0.03461704770054495
low_log_amount,validation,0,market_regime_id,neutral|low_vol|crowding_normal,74,1480,20.0,2.6871438973714326,0.020470152620265417,-0.0035663181733649823,0.4594594594594595,0.4891891891891892,4.62616588376493,3.6128367033135937,-0.23549595615710273,0.020470152620265414,0.5509797135602565,-0.03112949653493894
low_log_amount,validation,0,market_regime_id,neutral|normal_vol|crowding_high,80,1600,20.0,2.375734601505029,0.01796417756619343,-0.0008103788101326199,0.4875,0.50375,5.10692346304896,3.1430417294551654,-0.12697258681295986,0.01796417756619343,0.5790057781756983,-0.031397059451603815
low_log_amount,validation,0,market_regime_id,neutral|normal_vol|crowding_low,5,100,20.0,-0.2841660439950747,-0.0622167137738884,-0.02908158200958479,0.0,0.1,0.0,0.028692637662751798,-0.27038506156615627,-0.062216713773888405,-0.01888802120540471,-0.1922285893773429
low_log_amount,validation,0,market_regime_id,neutral|normal_vol|crowding_normal,97,1940,20.0,-0.324133682172986,-0.00294010162364052,-0.008879440353716872,0.38144329896907214,0.37371134020618557,0.8337933595735139,0.8735305189394255,-0.7401502683511172,-0.0029401016236405213,0.227123979516097,-0.13741781168975425
low_log_amount,validation,0,market_regime_id,strong|high_vol|crowding_high,29,580,20.0,1.0586348113929303,0.025891503810619873,0.028605476214385174,0.6896551724137931,0.6741379310344827,5.354395390833117,3.470118245554091,-0.08906256082528041,0.02589150381061987,0.09925260842719694,-0.03962507178416218
low_log_amount,validation,0,market_regime_id,strong|high_vol|crowding_normal,5,100,20.0,0.2150380304366204,0.039976017522689776,0.04796378406212942,1.0,0.86,inf,20.008267049427147,0.0,0.03997601752268978,0.07165869153816709,0.006408681375026459
low_log_amount,validation,0,market_regime_id,strong|low_vol|crowding_high,10,200,20.0,-0.058101944428777585,-0.005954588963754574,-0.008400172528502985,0.2,0.315,0.07781516241005963,0.34263851629395614,-0.05207391509526993,-0.005954588963754572,0.0031567718848912905,-0.01237926295479303
low_log_amount,validation,0,market_regime_id,strong|low_vol|crowding_normal,8,160,20.0,-0.01905932365237284,-0.0023132039925375654,-0.005153421816880763,0.125,0.38125,0.6228421536397292,0.7328731370121578,-0.048148275440102695,-0.002313203992537566,0.03056038145140675,-0.014860730847618936
low_log_amount,validation,0,market_regime_id,strong|normal_vol|crowding_high,16,320,20.0,0.24310075111286134,0.01726388329262294,-0.030174094266912366,0.375,0.41875,1.6481179719756163,1.5790338472462249,-0.32845426128621946,0.017263883292622937,0.21824924132623869,-0.06509909204380063
low_log_amount,validation,0,market_regime_id,strong|normal_vol|crowding_low,8,160,20.0,-0.027992561815610273,-0.0033833927026404344,-0.00740694491529564,0.5,0.425,0.6519568289882577,0.7765234728168565,-0.057081609136462874,-0.0033833927026404335,0.02521404109779831,-0.02266016749465196
low_log_amount,validation,0,market_regime_id,strong|normal_vol|crowding_normal,18,360,20.0,-0.522176720216001,-0.03885558777195498,-0.03572241225950347,0.2777777777777778,0.25833333333333336,0.06895872415953952,0.13759573122760185,-0.5232582348064476,-0.038855587771954976,0.029899648569605825,-0.17950581720511888
low_log_amount,validation,0,market_regime_id,weak|high_vol|crowding_high,5,100,20.0,0.10128738222278977,0.02062461381221986,0.021594477705527186,0.6,0.57,2.7502936793778696,2.2244054347289683,-0.0018569376689665518,0.020624613812219864,0.07306330733152984,-0.05706064300683975
low_log_amount,validation,0,market_regime_id,weak|high_vol|crowding_low,3,60,20.0,0.257040382552173,0.07953624666428552,0.06404035394228544,1.0,0.9833333333333333,inf,177.87834983986602,0.0,0.07953624666428552,0.11561776604391028,0.05895062000666085
low_log_amount,validation,0,market_regime_id,weak|high_vol|crowding_normal,14,280,20.0,0.3485793146545859,0.023042681344505742,0.01940587861586563,0.6428571428571429,0.6035714285714285,3.3083894470329853,2.5656195137135205,-0.13350360909214698,0.023042681344505742,0.17822749742909338,-0.058545902077566624
low_log_amount,validation,0,market_regime_id,weak|low_vol|crowding_high,4,80,20.0,0.03008267247016061,0.007580259588284401,0.011987546654640215,0.75,0.6375,2.727829684300646,1.9070795864629917,-0.017548626828581382,0.007580259588284401,0.02389457187243854,-0.01754862682858137
low_log_amount,validation,0,market_regime_id,weak|low_vol|crowding_normal,13,260,20.0,-0.09735052418092138,-0.007721948643631598,-0.006292254886111797,0.46153846153846156,0.38076923076923075,0.27519699886920496,0.4828557093166155,-0.11722944655232237,-0.007721948643631598,0.01948300523606717,-0.0368538331453735
low_log_amount,validation,0,market_regime_id,weak|normal_vol|crowding_high,15,300,20.0,0.26669472644636216,0.01679015555327977,0.005603195809278888,0.6,0.5366666666666666,3.3212278678651854,2.420916168181534,-0.09193475901388604,0.01679015555327977,0.1349027714015595,-0.027018381646895823
low_log_amount,validation,0,market_regime_id,weak|normal_vol|crowding_low,10,200,20.0,-0.09272070607335858,-0.007757988853459033,0.008072449660518765,0.6,0.475,0.685245006354581,0.7625236689067693,-0.08148920381209579,-0.007757988853459034,0.05187000731230316,-0.16301524881415747
low_log_amount,validation,0,market_regime_id,weak|normal_vol|crowding_normal,33,660,20.0,-0.07554924342019964,-0.001879804627706957,0.006569517551757298,0.5757575757575758,0.4818181818181818,0.8458400407574319,0.8950358626279974,-0.1437637389035319,-0.0018798046277069581,0.052756938365123275,-0.1027088437390887
low_log_amount,validation,0,stock_concentration_regime,stock_concentration_low,241,4820,20.0,-0.20774396545123242,0.0010431058986229349,-0.006163555547968991,0.4024896265560166,0.40560165975103735,1.061049404779445,1.048526064135421,-0.909819005870557,0.0010431058986229338,0.5790057781756983,-0.1922285893773429
low_log_amount,validation,0,stock_concentration_regime,stock_concentration_normal,243,4860,20.0,27.17847774358559,0.015327126301922645,0.0002598800073133234,0.51440329218107,0.5158436213991769,3.2750114881801395,2.4674485132459396,-0.25600822607594753,0.015327126301922645,0.5509797135602565,-0.06051854931859772
low_log_amount,validation,0,trend_regime,neutral,293,5860,20.0,8.072138810049747,0.009716517676835689,-0.004341027245464452,0.4129692832764505,0.4363481228668942,1.9178958568527722,1.6744757586947734,-0.807544488649803,0.009716517676835689,0.5790057781756983,-0.1922285893773429
low_log_amount,validation,0,trend_regime,strong,94,1880,20.0,0.3343170946654148,0.004494006252225883,-0.002107286651012818,0.4574468085106383,0.4765957446808511,1.2740895903247285,1.2242830780821157,-0.5496047343663004,0.004494006252225882,0.21824924132623869,-0.17950581720511888
low_log_amount,validation,0,trend_regime,weak,97,1940,20.0,0.8442268779245563,0.007283545834157112,0.006393416614117941,0.5979381443298969,0.5201030927835052,1.6352936216796008,1.437709397732265,-0.32837265481709477,0.007283545834157109,0.17822749742909338,-0.16301524881415747
low_log_amount,validation,0,vol_regime,high_vol,56,1120,20.0,3.66977086080467,0.02884041153568681,0.02993672281977561,0.7142857142857143,0.6803571428571429,5.3520564837979325,3.664622727721326,-0.1817402630951629,0.028840411535686807,0.17822749742909338,-0.058545902077566624
low_log_amount,validation,0,vol_regime,low_vol,146,2920,20.0,3.772062819901124,0.012725774553342714,-0.004634177054158947,0.3904109589041096,0.4417808219178082,2.8684447514326994,2.36366164189393,-0.4303367827903415,0.012725774553342712,0.5509797135602565,-0.0368538331453735
low_log_amount,validation,0,vol_regime,normal_vol,282,5640,20.0,0.0018007692643873252,0.0017831705040738742,-0.004235614264047385,0.4432624113475177,0.42730496453900707,1.1145603383818237,1.087453440311543,-0.8662250605338727,0.001783170504073873,0.5790057781756983,-0.1922285893773429
low_log_amount,validation,40,extreme_selloff_flag,False,406,8120,20.0,1.7047230125994242,0.004303492814912658,-0.0067769258986332594,0.3891625615763547,0.41330049261083746,1.3065955195957566,1.241420810479192,-0.7692115376194737,0.004303492814912658,0.5750057781756983,-0.19622858937734292
low_log_amount,validation,40,extreme_selloff_flag,True,78,1560,20.0,0.1974328918577848,0.003752078590779355,-0.00403030352252666,0.358974358974359,0.4391025641025641,1.2461313151553388,1.1878520778011632,-0.3792052477609259,0.003752078590779354,0.23926355438943644,-0.16701524881415747
low_log_amount,validation,40,industry_crowding_regime,crowding_high,196,3920,20.0,7.111634513430632,0.012741061765518468,-0.0056805233906702945,0.3979591836734694,0.45076530612244897,2.281817396342498,1.9458139586535896,-0.45263959989440206,0.012741061765518466,0.5750057781756983,-0.06909909204380063
low_log_amount,validation,40,industry_crowding_regime,crowding_low,26,520,20.0,-0.2858181570013679,-0.010812379193549977,-0.006664634047699406,0.38461538461538464,0.425,0.5950807295066428,0.6604804981425092,-0.3588063616446808,-0.010812379193549977,0.11161776604391027,-0.19622858937734292
low_log_amount,validation,40,industry_crowding_regime,crowding_normal,262,5240,20.0,-0.44094208497607135,-0.000672694786541953,-0.00854148996808014,0.37404580152671757,0.391793893129771,0.9584848810805612,0.9669136750334887,-0.8069944896415838,-0.0006726947865419527,0.5469797135602565,-0.18350581720511888
low_log_amount,validation,40,market_regime_id,neutral|low_vol|crowding_high,37,740,20.0,0.3006697124221305,0.009278043418386884,-0.01016355554796899,0.2972972972972973,0.34459459459459457,1.8353191422086634,1.7035125387360814,-0.3040042595491862,0.009278043418386882,0.3340892193103393,-0.03861704770054496
low_log_amount,validation,40,market_regime_id,neutral|low_vol|crowding_normal,74,1480,20.0,1.7533519636082957,0.016470152620265414,-0.007566318173364983,0.3918918918918919,0.42567567567567566,3.0520202829341603,2.6505559021646685,-0.37024538791151484,0.016470152620265414,0.5469797135602565,-0.035129496534938943
low_log_amount,validation,40,market_regime_id,neutral|normal_vol|crowding_high,80,1600,20.0,1.4599977155207116,0.013964177566193428,-0.0048103788101326195,0.35,0.439375,3.0783314106621225,2.334805492853917,-0.1749169660555543,0.013964177566193427,0.5750057781756983,-0.03539705945160382
low_log_amount,validation,40,market_regime_id,neutral|normal_vol|crowding_low,5,100,20.0,-0.2993849959562811,-0.06621671377388841,-0.03308158200958479,0.0,0.08,0.0,0.021747491330170596,-0.2829736823940836,-0.06621671377388841,-0.02288802120540471,-0.19622858937734292
low_log_amount,validation,40,market_regime_id,neutral|normal_vol|crowding_normal,97,1940,20.0,-0.5427550803822301,-0.0069401016236405235,-0.012879440353716872,0.31958762886597936,0.3402061855670103,0.6577042835762557,0.7310432306911839,-0.7859858568802995,-0.006940101623640524,0.223123979516097,-0.14141781168975426
low_log_amount,validation,40,market_regime_id,strong|high_vol|crowding_high,29,580,20.0,0.8378538284583266,0.021891503810619873,0.02460547621438517,0.6896551724137931,0.6413793103448275,4.045799426224013,2.847680034677465,-0.10747617166256185,0.021891503810619863,0.09525260842719693,-0.04362507178416218
low_log_amount,validation,40,market_regime_id,strong|high_vol|crowding_normal,5,100,20.0,0.19183923121384816,0.03597601752268978,0.04396378406212942,1.0,0.82,inf,14.36792278400357,0.0,0.03597601752268978,0.06765869153816709,0.0024086813750264584
low_log_amount,validation,40,market_regime_id,strong|low_vol|crowding_high,10,200,20.0,-0.09532553549176404,-0.009954588963754573,-0.012400172528502987,0.0,0.245,0.0,0.16434590028314724,-0.08295830821949857,-0.009954588963754573,-0.0008432281151087096,-0.01637926295479303
low_log_amount,validation,40,market_regime_id,strong|low_vol|crowding_normal,8,160,20.0,-0.05008967592405178,-0.006313203992537566,-0.009153421816880763,0.125,0.31875,0.3446445492957702,0.43632350184949237,-0.07466687664985339,-0.006313203992537567,0.026560381451406746,-0.018860730847618936
low_log_amount,validation,40,market_regime_id,strong|normal_vol|crowding_high,16,320,20.0,0.16664898439349218,0.013263883292622939,-0.03417409426691237,0.375,0.409375,1.4552255882580716,1.4123924686026148,-0.3533084027331296,0.013263883292622933,0.21424924132623868,-0.06909909204380063
low_log_amount,validation,40,market_regime_id,strong|normal_vol|crowding_low,8,160,20.0,-0.058777170409098356,-0.0073833927026404345,-0.01140694491529564,0.25,0.39375,0.3967603198674645,0.5779776774703117,-0.06857353608941641,-0.0073833927026404345,0.02121404109779831,-0.026660167494651964
low_log_amount,validation,40,market_regime_id,strong|normal_vol|crowding_normal,18,360,20.0,-0.5568280349219666,-0.04285558777195498,-0.03972241225950347,0.16666666666666666,0.23333333333333334,0.04630226004985491,0.1085666929524849,-0.5560593758456255,-0.04285558777195499,0.02589964856960582,-0.18350581720511888
low_log_amount,validation,40,market_regime_id,weak|high_vol|crowding_high,5,100,20.0,0.07982717506365322,0.016624613812219857,0.017594477705527186,0.6,0.57,2.242170864840487,1.8955010170529034,-0.005856937668966444,0.01662461381221986,0.06906330733152984,-0.061060643006839756
low_log_amount,validation,40,market_regime_id,weak|high_vol|crowding_low,3,60,20.0,0.24311128573118257,0.07553624666428552,0.06004035394228544,1.0,0.9666666666666667,inf,134.68073381780474,0.0,0.07553624666428552,0.11161776604391027,0.054950620006660844
low_log_amount,validation,40,market_regime_id,weak|high_vol|crowding_normal,14,280,20.0,0.2764101204676934,0.019042681344505735,0.015405878615865629,0.6428571428571429,0.5821428571428572,2.668841669459894,2.16580444181507,-0.15119668926094498,0.01904268134450574,0.17422749742909338,-0.06254590207756663
low_log_amount,validation,40,market_regime_id,weak|low_vol|crowding_high,4,80,20.0,0.013817881643968466,0.0035802595882843996,0.007987546654640215,0.5,0.6125,1.60143426143261,1.3631274510664515,-0.023762716125377614,0.003580259588284399,0.01989457187243854,-0.021548626828581375
low_log_amount,validation,40,market_regime_id,weak|low_vol|crowding_normal,13,260,20.0,-0.14353765421669196,-0.0117219486436316,-0.0102922548861118,0.23076923076923078,0.34615384615384615,0.13479154875512353,0.32892609095983727,-0.13739090002361376,-0.011721948643631597,0.015483005236067169,-0.040853833145373504
low_log_amount,validation,40,market_regime_id,weak|normal_vol|crowding_high,15,300,20.0,0.19384772681892515,0.01279015555327977,0.0016031958092788865,0.5333333333333333,0.5033333333333333,2.4229592011496175,1.932063525292105,-0.12093447607151475,0.012790155553279767,0.1309027714015595,-0.031018381646895826
low_log_amount,validation,40,market_regime_id,weak|normal_vol|crowding_low,10,200,20.0,-0.12878186061022778,-0.01175798885345904,0.004072449660518765,0.5,0.46,0.5567477822442818,0.6620276972081501,-0.09531330144094485,-0.011757988853459037,0.04787000731230315,-0.16701524881415747
low_log_amount,validation,40,market_regime_id,weak|normal_vol|crowding_normal,33,660,20.0,-0.19039141711998442,-0.005879804627706958,0.0025695175517572964,0.5151515151515151,0.44393939393939397,0.5808431918816994,0.7065929611873117,-0.18756955155228294,-0.005879804627706961,0.04875693836512327,-0.1067088437390887
low_log_amount,validation,40,stock_concentration_regime,stock_concentration_low,241,4820,20.0,-0.6992603966931896,-0.0029568941013770676,-0.01016355554796899,0.34854771784232363,0.3655601659751037,0.8490384812495618,0.8764729932244407,-0.9439389710707988,-0.0029568941013770663,0.5750057781756983,-0.19622858937734292
low_log_amount,validation,40,stock_concentration_regime,stock_concentration_normal,243,4860,20.0,9.769197880955936,0.011327126301922641,-0.003740119992686677,0.41975308641975306,0.4689300411522634,2.2699879611880016,1.9095243404898719,-0.4485996431587458,0.011327126301922648,0.5469797135602565,-0.06451854931859773
low_log_amount,validation,40,trend_regime,neutral,293,5860,20.0,1.8222259761969624,0.005716517676835687,-0.008341027245464453,0.3378839590443686,0.3849829351535836,1.4361592426890688,1.3414960193675978,-0.8448409049739802,0.005716517676835689,0.5750057781756983,-0.19622858937734292
low_log_amount,validation,40,trend_regime,strong,94,1880,20.0,-0.08397247620189585,0.0004940062522258786,-0.00610728665101282,0.39361702127659576,0.4425531914893617,1.0264143265573542,1.0222642956256855,-0.5789729690238427,0.0004940062522258788,0.21424924132623868,-0.18350581720511888
low_log_amount,validation,40,trend_regime,weak,97,1940,20.0,0.2527767120934785,0.003283545834157108,0.0023934166141179416,0.5154639175257731,0.49123711340206183,1.246976700465654,1.1764799306108553,-0.34281616109136626,0.003283545834157108,0.17422749742909338,-0.16701524881415747
low_log_amount,validation,40,vol_regime,high_vol,56,1120,20.0,2.753039585147697,0.024840411535686807,0.025936722819775607,0.7142857142857143,0.6535714285714286,4.1970859833514815,3.0449279351864686,-0.19863844114936635,0.02484041153568681,0.17422749742909338,-0.06254590207756663
low_log_amount,validation,40,vol_regime,low_vol,146,2920,20.0,1.6722182114281576,0.008725774553342712,-0.008634177054158948,0.3150684931506849,0.38493150684931504,1.9221848339979897,1.748679462990915,-0.6147188485762957,0.008725774553342712,0.5469797135602565,-0.040853833145373504
low_log_amount,validation,40,vol_regime,normal_vol,282,5640,20.0,-0.6770621756967378,-0.002216829495926126,-0.008235614264047387,0.3546099290780142,0.3874113475177305,0.8767275949288219,0.9025236097721361,-0.9274016063952423,-0.002216829495926129,0.5750057781756983,-0.19622858937734292
low_log_total_mv,validation,0,extreme_selloff_flag,False,406,8120,20.0,778.0058809532061,0.021114421473742276,-0.004416733715611076,0.45073891625615764,0.46083743842364533,2.210519146396766,1.955694986797039,-0.705850979716715,0.021114421473742276,0.8360219767519196,-0.1873332405624371
low_log_total_mv,validation,0,extreme_selloff_flag,True,78,1560,20.0,1.8741075190063197,0.017340011507370138,0.0019778920800086557,0.5256410256410257,0.4826923076923077,1.851780561805048,1.645826659662899,-0.4885208399994543,0.01734001150737014,0.41087930491154473,-0.16500507950887427
low_log_total_mv,validation,0,industry_crowding_regime,crowding_high,196,3920,20.0,587.9379735196643,0.03869485344826751,0.0009413779145069135,0.5102040816326531,0.498469387755102,4.4208252480112264,3.2767571196388228,-0.47489267706246874,0.03869485344826751,0.8360219767519196,-0.10001369965651186
low_log_total_mv,validation,0,industry_crowding_regime,crowding_low,26,520,20.0,-0.19222828598221264,-0.006231460793770197,-0.0030698830565659392,0.5,0.4442307692307692,0.7602948240486953,0.8058217108122306,-0.3237392644551098,-0.006231460793770197,0.09915278872877145,-0.1873332405624371
low_log_total_mv,validation,0,industry_crowding_regime,crowding_normal,262,5240,20.0,3.7063643777127986,0.009552682140045152,-0.007174184439696349,0.42366412213740456,0.44083969465648853,1.4332702080371322,1.362798768410883,-0.8163007150574403,0.009552682140045149,0.6616957575609111,-0.18673535680635317
low_log_total_mv,validation,0,market_regime_id,neutral|low_vol|crowding_high,37,740,20.0,1.2490268739980372,0.026027298781052702,-0.0014506027839896797,0.43243243243243246,0.4243243243243243,4.328904770936458,3.486976790435783,-0.21787465679463036,0.026027298781052702,0.4011914570680328,-0.034680422991512555
low_log_total_mv,validation,0,market_regime_id,neutral|low_vol|crowding_normal,74,1480,20.0,3.7540320968021383,0.02490065052991199,-0.002688002770475972,0.4594594594594595,0.48445945945945945,4.8307037507837,3.8489491159489453,-0.22446313008674612,0.024900650529911996,0.6616957575609111,-0.03248579636165774
low_log_total_mv,validation,0,market_regime_id,neutral|normal_vol|crowding_high,80,1600,20.0,3.2203827867001564,0.023900748745924356,-0.003731929936979378,0.4625,0.46375,3.4969026335490114,2.5526820756712296,-0.2831419757197171,0.023900748745924356,0.8360219767519196,-0.08387428135615013
low_log_total_mv,validation,0,market_regime_id,neutral|normal_vol|crowding_low,5,100,20.0,-0.3146990663469854,-0.07068168002626911,-0.034775328380761375,0.0,0.06,0.0,0.025869117239574444,-0.29870549962119597,-0.07068168002626911,-0.022805778053514587,-0.1873332405624371
low_log_total_mv,validation,0,market_regime_id,neutral|normal_vol|crowding_normal,97,1940,20.0,3.783484294109158,0.020967474593510182,-0.00240177273993894,0.4742268041237113,0.4742268041237113,1.839571002777582,1.7027719238537866,-0.7932117577816036,0.020967474593510182,0.5597810385269039,-0.16500507950887427
low_log_total_mv,validation,0,market_regime_id,strong|high_vol|crowding_high,29,580,20.0,22.426938929072744,0.12133445697591869,0.12634575772461593,0.7931034482758621,0.7586206896551724,18.75208580050769,10.358943974789465,-0.17753994982782917,0.1213344569759187,0.44012509650989695,-0.06513580623834829
low_log_total_mv,validation,0,market_regime_id,strong|high_vol|crowding_normal,5,100,20.0,0.030832655708113776,0.014527001217046597,-0.08782545456340121,0.4,0.51,1.258338748891487,1.2472740510782832,-0.25567698552348717,0.014527001217046602,0.18968322117810393,-0.1012332193048852
low_log_total_mv,validation,0,market_regime_id,strong|low_vol|crowding_high,10,200,20.0,-0.08022488423262075,-0.008309610493580425,-0.008493367305563711,0.1,0.245,0.012933861683913021,0.3002721909684947,-0.07139952934074001,-0.008309610493580423,0.0010888363869366647,-0.02015282053789526
low_log_total_mv,validation,0,market_regime_id,strong|low_vol|crowding_normal,8,160,20.0,-0.056168898961085234,-0.007038296966476275,-0.009600791601860805,0.125,0.28125,0.3950829856456113,0.47895616972925714,-0.08964693405870172,-0.007038296966476275,0.0367747815107323,-0.024697395583176174
low_log_total_mv,validation,0,market_regime_id,strong|normal_vol|crowding_high,16,320,20.0,0.7600837789751129,0.04567167883757846,-0.015901421649927708,0.5,0.471875,2.1975511403133274,2.099831278306808,-0.47092109737089916,0.045671678837578444,0.27808560571444757,-0.10001369965651186
low_log_total_mv,validation,0,market_regime_id,strong|normal_vol|crowding_low,8,160,20.0,0.07418930691186199,0.009215096258217786,0.009584823842465864,0.625,0.4625,2.7707701711343287,1.7314667890959257,-0.02865127642644183,0.009215096258217786,0.046965974925479895,-0.015070159668041705
low_log_total_mv,validation,0,market_regime_id,strong|normal_vol|crowding_normal,18,360,20.0,-0.7428893766150704,-0.07091858083754732,-0.06969653793442679,0.05555555555555555,0.1388888888888889,0.015661768462862755,0.06339763530097083,-0.7412307024534177,-0.07091858083754732,0.02031089155101091,-0.18673535680635317
low_log_total_mv,validation,0,market_regime_id,weak|high_vol|crowding_high,5,100,20.0,0.08373911778810883,0.0179385095915237,0.030392621551688564,0.6,0.56,1.9694959105776282,1.7900140851073831,-0.014750918470138208,0.017938509591523696,0.08242284887489418,-0.0777637037980253
low_log_total_mv,validation,0,market_regime_id,weak|high_vol|crowding_low,3,60,20.0,0.22372555603359245,0.069818568320608,0.05820749644458412,1.0,0.9333333333333333,inf,77.34581677231566,0.0,0.06981856832060801,0.09915278872877145,0.05209541978846843
low_log_total_mv,validation,0,market_regime_id,weak|high_vol|crowding_normal,14,280,20.0,0.5012712326893967,0.03124403346967731,0.037508779611077445,0.7142857142857143,0.6464285714285715,3.7634352156081397,2.9829207287870925,-0.15103748435955688,0.031244033469677315,0.1794041483819074,-0.07789850929609161
low_log_total_mv,validation,0,market_regime_id,weak|low_vol|crowding_high,4,80,20.0,0.04268760247318615,0.010626639256957341,0.01460169561082699,0.75,0.6,4.017638019598044,2.6522749801371845,-0.014086035751064485,0.010626639256957341,0.027389201557239833,-0.014086035751064447
low_log_total_mv,validation,0,market_regime_id,weak|low_vol|crowding_normal,13,260,20.0,-0.1577609673513627,-0.012900758974774844,-0.012177452462543963,0.3076923076923077,0.3076923076923077,0.20226359842624594,0.44673233215571306,-0.1499658486643346,-0.012900758974774848,0.016364653642181926,-0.05548862516053843
low_log_total_mv,validation,0,market_regime_id,weak|normal_vol|crowding_high,15,300,20.0,0.44781665646701674,0.027371480502332825,0.015654335702672707,0.6,0.5133333333333333,3.521866505122818,1.9915828253059962,-0.14334108911035526,0.027371480502332818,0.23241834006005915,-0.041112543213104064
low_log_total_mv,validation,0,market_regime_id,weak|normal_vol|crowding_low,10,200,20.0,-0.10330971794924537,-0.009178605553424575,-0.00010178412705599826,0.5,0.475,0.673201981950306,0.7506189899376129,-0.14359290026687144,-0.00917860555342458,0.062031671791635976,-0.12973200200694585
low_log_total_mv,validation,0,market_regime_id,weak|normal_vol|crowding_normal,33,660,20.0,-0.3456922179601153,-0.011611855493125038,-0.013423341227496461,0.3939393939393939,0.403030303030303,0.5402239852639174,0.6416481855592877,-0.33908916293790026,-0.01161185549312504,0.06941671427267367,-0.1366189137727841
low_log_total_mv,validation,0,stock_concentration_regime,stock_concentration_low,241,4820,20.0,2.303463728930214,0.010088170486552937,-0.008259239205150537,0.3900414937759336,0.42323651452282157,1.3931628774219382,1.33547227466716,-0.9680790646268244,0.01008817048655293,0.8360219767519196,-0.1873332405624371
low_log_total_mv,validation,0,stock_concentration_regime,stock_concentration_normal,243,4860,20.0,676.757300675072,0.03083838242244847,0.0027286529788488278,0.5349794238683128,0.5051440329218106,4.014748971891659,2.9633174723514086,-0.36366966030325043,0.03083838242244847,0.6616957575609111,-0.10001369965651186
low_log_total_mv,validation,0,trend_regime,neutral,293,5860,20.0,146.9225120082175,0.02183670556049668,-0.0030607979796734796,0.4539249146757679,0.460580204778157,2.4838122573091264,2.1586063093840364,-0.8530118148596181,0.021836705560496685,0.8360219767519196,-0.1873332405624371
low_log_total_mv,validation,0,trend_regime,strong,94,1880,20.0,9.19093050298056,0.03170069100117453,-0.006562539177036697,0.43617021276595747,0.4574468085106383,2.1437617668593023,1.9851841750187127,-0.8023779366296369,0.031700691001174536,0.44012509650989695,-0.18673535680635317
low_log_total_mv,validation,0,trend_regime,weak,97,1940,20.0,0.48523656942025095,0.0056387250781268165,0.00456988404357227,0.5154639175257731,0.4824742268041237,1.3121504954243677,1.217291981061897,-0.4139543536163227,0.005638725078126818,0.23241834006005915,-0.1366189137727841
low_log_total_mv,validation,0,vol_regime,high_vol,56,1120,20.0,47.0807967401486,0.07728391035503214,0.05716342733142102,0.7321428571428571,0.7,6.927191632476467,5.299594184749052,-0.2612643150381835,0.07728391035503214,0.44012509650989695,-0.1012332193048852
low_log_total_mv,validation,0,vol_regime,low_vol,146,2920,20.0,7.151213499953833,0.01740446851918205,-0.004946213837703689,0.4041095890410959,0.4291095890410959,3.168332406975394,2.598473400656274,-0.3995385792265188,0.01740446851918205,0.6616957575609111,-0.05548862516053843
low_log_total_mv,validation,0,vol_regime,normal_vol,282,5640,20.0,4.712810561512204,0.010836966780964028,-0.007110543802673755,0.4397163120567376,0.4358156028368794,1.451577603650829,1.3608971366466471,-0.9081624929089958,0.010836966780964031,0.8360219767519196,-0.1873332405624371
low_log_total_mv,validation,40,extreme_selloff_flag,False,406,8120,20.0,155.1814171399348,0.017114421473742276,-0.008416733715611076,0.42610837438423643,0.4252463054187192,1.8690656141061217,1.7041499978066916,-0.7918044916761036,0.01711442147374228,0.8320219767519197,-0.1913332405624371
low_log_total_mv,validation,40,extreme_selloff_flag,True,78,1560,20.0,1.1091013585841765,0.013340011507370134,-0.0020221079199913457,0.46153846153846156,0.4576923076923077,1.5962381462760329,1.4607097351142344,-0.5060910964353352,0.01334001150737014,0.4068793049115447,-0.16900507950887428
low_log_total_mv,validation,40,industry_crowding_regime,crowding_high,196,3920,20.0,273.36209021978647,0.034694853448267504,-0.003058622085493088,0.4642857142857143,0.45841836734693875,3.5967421266438637,2.819804336421553,-0.590783462955025,0.034694853448267504,0.8320219767519197,-0.10401369965651186
low_log_total_mv,validation,40,industry_crowding_regime,crowding_low,26,520,20.0,-0.27295287465596163,-0.010231460793770195,-0.00706988305656594,0.5,0.4326923076923077,0.6345431082533949,0.7019516616299684,-0.34198107834283087,-0.010231460793770198,0.09515278872877145,-0.1913332405624371
low_log_total_mv,validation,40,industry_crowding_regime,crowding_normal,262,5240,20.0,0.6513538606558784,0.005552682140045148,-0.011174184439696349,0.40076335877862596,0.40935114503816794,1.2275327999330636,1.1940493529423277,-0.8840987893983394,0.00555268214004515,0.6576957575609111,-0.19073535680635317
low_log_total_mv,validation,40,market_regime_id,neutral|low_vol|crowding_high,37,740,20.0,0.9443950475106193,0.0220272987810527,-0.005450602783989679,0.32432432432432434,0.37027027027027026,3.1340223065527963,2.713179687436909,-0.27013750815474435,0.022027298781052702,0.39719145706803277,-0.03868042299151256
low_log_total_mv,validation,40,market_regime_id,neutral|low_vol|crowding_normal,74,1480,20.0,2.5529226135683656,0.020900650529911993,-0.006688002770475972,0.40540540540540543,0.4337837837837838,3.3776081632560917,2.9200656496990387,-0.362354366820252,0.020900650529911993,0.6576957575609111,-0.036485796361657746
low_log_total_mv,validation,40,market_regime_id,neutral|normal_vol|crowding_high,80,1600,20.0,2.07621956821276,0.019900748745924353,-0.007731929936979379,0.4125,0.413125,2.6866631338875218,2.1296429997866317,-0.4023288059273702,0.019900748745924356,0.8320219767519197,-0.08787428135615014
low_log_total_mv,validation,40,market_regime_id,neutral|normal_vol|crowding_low,5,100,20.0,-0.32938934907978856,-0.07468168002626911,-0.03877532838076138,0.0,0.06,0.0,0.021449914114692128,-0.31091796909878555,-0.07468168002626911,-0.02680577805351459,-0.1913332405624371
low_log_total_mv,validation,40,market_regime_id,neutral|normal_vol|crowding_normal,97,1940,20.0,2.257528678012263,0.016967474593510178,-0.0064017727399389435,0.4639175257731959,0.4541237113402062,1.6265330379213936,1.5307334479397627,-0.8278250132283687,0.016967474593510178,0.5557810385269039,-0.16900507950887428
low_log_total_mv,validation,40,market_regime_id,strong|high_vol|crowding_high,29,580,20.0,20.09548019141606,0.11733445697591868,0.12234575772461591,0.7931034482758621,0.7396551724137931,16.312762436860968,9.401370023918611,-0.19450664993596622,0.11733445697591866,0.43612509650989695,-0.0691358062383483
low_log_total_mv,validation,40,market_regime_id,strong|high_vol|crowding_normal,5,100,20.0,0.010339286368973077,0.010527001217046594,-0.09182545456340122,0.4,0.51,1.1795424686013731,1.1734021768090375,-0.26548946819000674,0.010527001217046599,0.18568322117810393,-0.1052332193048852
low_log_total_mv,validation,40,market_regime_id,strong|low_vol|crowding_high,10,200,20.0,-0.11665929027636135,-0.012309610493580425,-0.012493367305563712,0.0,0.2,0.0,0.17791617116579256,-0.10358849336551668,-0.012309610493580427,-0.0029111636130633362,-0.024152820537895265
low_log_total_mv,validation,40,market_regime_id,strong|low_vol|crowding_normal,8,160,20.0,-0.08616972476696638,-0.011038296966476277,-0.013600791601860805,0.125,0.2375,0.2706844091775554,0.32845513810052496,-0.11516983993713303,-0.011038296966476277,0.0327747815107323,-0.028697395583176178
low_log_total_mv,validation,40,market_regime_id,strong|normal_vol|crowding_high,16,320,20.0,0.6535240138935576,0.041671678837578455,-0.01990142164992771,0.5,0.46875,2.0382215190983923,1.9549180220342413,-0.488982630410723,0.04167167883757844,0.27408560571444757,-0.10401369965651186
low_log_total_mv,validation,40,market_regime_id,strong|normal_vol|crowding_low,8,160,20.0,0.04058284046599492,0.005215096258217785,0.005584823842465862,0.625,0.4375,1.777907609997184,1.352944264846573,-0.03651984011595533,0.0052150962582177855,0.04296597492547989,-0.019070159668041705
low_log_total_mv,validation,40,market_regime_id,strong|normal_vol|crowding_normal,18,360,20.0,-0.7621732418676818,-0.07491858083754731,-0.07369653793442679,0.05555555555555555,0.12222222222222222,0.011950725106930501,0.05389951239455585,-0.759671456122255,-0.07491858083754734,0.01631089155101091,-0.19073535680635317
low_log_total_mv,validation,40,market_regime_id,weak|high_vol|crowding_high,5,100,20.0,0.06254083603429206,0.013938509591523698,0.02639262155168856,0.6,0.55,1.693357308468865,1.5690852322570712,-0.01875091847013821,0.013938509591523693,0.07842284887489417,-0.0817637037980253
low_log_total_mv,validation,40,market_regime_id,weak|high_vol|crowding_low,3,60,20.0,0.21004532094233097,0.06581856832060799,0.05420749644458411,1.0,0.9333333333333333,inf,56.72315697077189,0.0,0.06581856832060799,0.09515278872877145,0.04809541978846843
low_log_total_mv,validation,40,market_regime_id,weak|high_vol|crowding_normal,14,280,20.0,0.42150053593908354,0.02724403346967732,0.03350877961107744,0.7142857142857143,0.6107142857142858,3.188436283409358,2.581192990943337,-0.16510810837990253,0.027244033469677315,0.1754041483819074,-0.08189850929609162
low_log_total_mv,validation,40,market_regime_id,weak|low_vol|crowding_high,4,80,20.0,0.026273824630344,0.006626639256957341,0.01060169561082699,0.75,0.5625,2.4655813685577463,1.8188895128046136,-0.018086035751064378,0.006626639256957341,0.023389201557239832,-0.018086035751064447
low_log_total_mv,validation,40,market_regime_id,weak|low_vol|crowding_normal,13,260,20.0,-0.2010857790250289,-0.016900758974774846,-0.016177452462543963,0.23076923076923078,0.25769230769230766,0.11973471582135183,0.35364390847796773,-0.18192275505370203,-0.01690075897477485,0.012364653642181924,-0.05948862516053843
low_log_total_mv,validation,40,market_regime_id,weak|normal_vol|crowding_high,15,300,20.0,0.36516522211497815,0.023371480502332818,0.011654335702672703,0.6,0.4766666666666667,2.8766757184713443,1.7897866744948925,-0.1637380777101647,0.023371480502332818,0.22841834006005915,-0.04511254321310407
low_log_total_mv,validation,40,market_regime_id,weak|normal_vol|crowding_low,10,200,20.0,-0.13897885260426857,-0.013178605553424576,-0.004101784127056,0.5,0.465,0.5619758060995615,0.6613821341591202,-0.15775161870426524,-0.013178605553424583,0.058031671791635986,-0.13373200200694585
low_log_total_mv,validation,40,market_regime_id,weak|normal_vol|crowding_normal,33,660,20.0,-0.4278294878611043,-0.015611855493125042,-0.01742334122749646,0.3939393939393939,0.3803030303030303,0.4359818490399932,0.5515937298266734,-0.3983767641507858,-0.015611855493125043,0.06541671427267366,-0.1406189137727841
low_log_total_mv,validation,40,stock_concentration_regime,stock_concentration_low,241,4820,20.0,0.25807095236169686,0.006088170486552934,-0.01225923920515054,0.3775933609958506,0.39398340248962654,1.2164337494097728,1.1877728265350853,-0.9802501916936419,0.006088170486552936,0.8320219767519197,-0.1913332405624371
low_log_total_mv,validation,40,stock_concentration_regime,stock_concentration_normal,243,4860,20.0,260.83136845904556,0.02683838242244847,-0.0012713470211511723,0.48559670781893005,0.4666666666666667,3.202353372949376,2.51231225503387,-0.5110908666362846,0.02683838242244847,0.6576957575609111,-0.10401369965651186
low_log_total_mv,validation,40,trend_regime,neutral,293,5860,20.0,45.424397850710044,0.01783670556049668,-0.007060797979673482,0.40955631399317405,0.4204778156996587,2.0501358052067213,1.8465786126967076,-0.8802212338796593,0.01783670556049668,0.8320219767519197,-0.1913332405624371
low_log_total_mv,validation,40,trend_regime,strong,94,1880,20.0,6.040416085878958,0.027700691001174522,-0.010562539177036697,0.425531914893617,0.4372340425531915,1.9232808121673262,1.8057542807307223,-0.8195641358732506,0.02770069100117453,0.43612509650989695,-0.19073535680635317
low_log_total_mv,validation,40,trend_regime,weak,97,1940,20.0,0.007818217896699009,0.0016387250781268149,0.0005698840435722687,0.5051546391752577,0.4541237113402062,1.0817852106136692,1.058407041850117,-0.4291763242726844,0.001638725078126816,0.22841834006005915,-0.1406189137727841
low_log_total_mv,validation,40,vol_regime,high_vol,56,1120,20.0,37.95390049943356,0.07328391035503214,0.053163427331421015,0.7321428571428571,0.6803571428571429,6.193645223240291,4.814782366874065,-0.27394118152372404,0.07328391035503214,0.43612509650989695,-0.1052332193048852
low_log_total_mv,validation,40,vol_regime,low_vol,146,2920,20.0,3.5722234476141406,0.013404468519182049,-0.00894621383770369,0.3356164383561644,0.37876712328767126,2.2672937269457223,2.0115160109348205,-0.5938095038783411,0.013404468519182047,0.6576957575609111,-0.05948862516053843
low_log_total_mv,validation,40,vol_regime,normal_vol,282,5640,20.0,0.8494747799025795,0.0068369667809640286,-0.011110543802673754,0.4219858156028369,0.4076241134751773,1.2603325675865527,1.2115031627380544,-0.9453020737499649,0.006836966780964023,0.8320219767519197,-0.1913332405624371
low_stock_amount_share_in_industry,validation,0,extreme_selloff_flag,False,406,8120,20.0,12.819903991433582,0.008590156941794599,-0.002665877035372119,0.4433497536945813,0.45332512315270934,1.6777884241991967,1.5204183257778034,-0.6076966585010839,0.008590156941794599,0.709650002325744,-0.17229961362814306
low_stock_amount_share_in_industry,validation,0,extreme_selloff_flag,True,78,1560,20.0,0.5297393360537741,0.007534806056114249,-0.003089352180287383,0.47435897435897434,0.46987179487179487,1.4914360584395405,1.3640306819244308,-0.42249731313700656,0.0075348060561142485,0.38334819420279687,-0.1896592183056902
low_stock_amount_share_in_industry,validation,0,industry_crowding_regime,crowding_high,196,3920,20.0,18.98815154809241,0.018066144485612595,-0.0010511761088571074,0.4744897959183674,0.48698979591836733,2.901170809050127,2.3705345759779592,-0.41750809753462226,0.018066144485612598,0.709650002325744,-0.08643381493386534
low_stock_amount_share_in_industry,validation,0,industry_crowding_regime,crowding_low,26,520,20.0,-0.2228875857936793,-0.007146732104616253,-0.009641437105579152,0.46153846153846156,0.4596153846153846,0.750356628973692,0.7816186966469838,-0.395212671540218,-0.007146732104616258,0.10770124674509693,-0.1896592183056902
low_stock_amount_share_in_industry,validation,0,industry_crowding_regime,crowding_normal,262,5240,20.0,0.3610246156952275,0.002748737810249894,-0.004075149771169429,0.42748091603053434,0.43244274809160305,1.1928351261878838,1.147530553602496,-0.6848555630211551,0.0027487378102498948,0.5548869843980596,-0.16206986716213492
low_stock_amount_share_in_industry,validation,0,market_regime_id,neutral|low_vol|crowding_high,37,740,20.0,0.567961162858577,0.014477814678185364,-0.004086913768325956,0.40540540540540543,0.41621621621621624,2.6130404738434745,2.244223980601032,-0.24906403327819948,0.014477814678185364,0.3370225187763981,-0.03961485776442189
low_stock_amount_share_in_industry,validation,0,market_regime_id,neutral|low_vol|crowding_normal,74,1480,20.0,3.169766884704548,0.022495140941513468,-0.002607894916078957,0.44594594594594594,0.4918918918918919,5.226787763128171,3.869983156389126,-0.214178810443162,0.022495140941513465,0.5548869843980596,-0.03054041377085185
low_stock_amount_share_in_industry,validation,0,market_regime_id,neutral|normal_vol|crowding_high,80,1600,20.0,2.4844741050347143,0.019773317512270953,-0.0019218536339584897,0.425,0.46875,3.9748718655433355,2.951738946696837,-0.16199097272521334,0.019773317512270953,0.709650002325744,-0.03090186791117356
low_stock_amount_share_in_industry,validation,0,market_regime_id,neutral|normal_vol|crowding_low,5,100,20.0,-0.2775741306991827,-0.06119698357140905,-0.032724335525901406,0.0,0.11,0.0,0.04205912016475176,-0.25767790696516946,-0.06119698357140904,-0.0268026829872079,-0.17229961362814306
low_stock_amount_share_in_industry,validation,0,market_regime_id,neutral|normal_vol|crowding_normal,97,1940,20.0,-0.5535428872377338,-0.007428511545664754,-0.010742549434016596,0.38144329896907214,0.3783505154639175,0.6172943849289185,0.7000888692781404,-0.7598606119320777,-0.007428511545664754,0.1531478624519042,-0.11924337297942582
low_stock_amount_share_in_industry,validation,0,market_regime_id,strong|high_vol|crowding_high,29,580,20.0,1.393288671070379,0.03178424417911318,0.032002714591151955,0.6896551724137931,0.6396551724137931,4.754598818970181,3.321888727656774,-0.15792757104122224,0.03178424417911318,0.15032196441759976,-0.06233514137128389
low_stock_amount_share_in_industry,validation,0,market_regime_id,strong|high_vol|crowding_normal,5,100,20.0,0.17385546362159832,0.03265560026817366,0.0238601108963576,1.0,0.85,inf,14.566323391114603,0.0,0.03265560026817366,0.0543830393460493,0.022314686332524748
low_stock_amount_share_in_industry,validation,0,market_regime_id,strong|low_vol|crowding_high,10,200,20.0,-0.03150626302348358,-0.0031697859583305773,-0.0037217803514180943,0.1,0.36,0.32522947899867005,0.5852621623287475,-0.03137278518804809,-0.0031697859583305773,0.015277902689574102,-0.015183728205380276
low_stock_amount_share_in_industry,validation,0,market_regime_id,strong|low_vol|crowding_normal,8,160,20.0,-0.012571285433771506,-0.0014627287842300515,-0.006006290282779455,0.25,0.39375,0.7660433193990502,0.8504093480259202,-0.04825917243389399,-0.0014627287842300517,0.03749748457401726,-0.0137152558900556
low_stock_amount_share_in_industry,validation,0,market_regime_id,strong|normal_vol|crowding_high,16,320,20.0,0.006463867791045352,0.003609679652667678,-0.038357366614118794,0.375,0.3875,1.1070402501256311,1.0981141828129055,-0.40465098832496116,0.0036096796526676766,0.15867883405844285,-0.08643381493386534
low_stock_amount_share_in_industry,validation,0,market_regime_id,strong|normal_vol|crowding_low,8,160,20.0,-0.008833297355531955,-0.0009580180687307413,-0.003475872772590108,0.5,0.4625,0.891224843724657,0.928736456082948,-0.054687913892730644,-0.0009580180687307427,0.021616746603083076,-0.02458365173240367
low_stock_amount_share_in_industry,validation,0,market_regime_id,strong|normal_vol|crowding_normal,18,360,20.0,-0.513771445077072,-0.03814806562100819,-0.033230199832115545,0.16666666666666666,0.23333333333333334,0.059969275133707624,0.11530460074056637,-0.5149129239014321,-0.03814806562100819,0.020670939905860393,-0.16206986716213492
low_stock_amount_share_in_industry,validation,0,market_regime_id,weak|high_vol|crowding_high,5,100,20.0,0.08354577305697286,0.016971003311525935,0.023573810110294663,0.8,0.61,2.626766265306106,2.0735117407083705,0.0,0.016971003311525935,0.05834341417137483,-0.052161775399038435
low_stock_amount_share_in_industry,validation,0,market_regime_id,weak|high_vol|crowding_low,3,60,20.0,0.3271857294583118,0.09896572591931983,0.0953670877102711,1.0,0.95,inf,68.51044645152271,0.0,0.09896572591931982,0.10770124674509693,0.09382884330259146
low_stock_amount_share_in_industry,validation,0,market_regime_id,weak|high_vol|crowding_normal,14,280,20.0,0.6905826420702266,0.039717996055266415,0.03555884739268651,0.8571428571428571,0.6535714285714286,8.568928552781188,4.194423177067484,-0.044782321619569854,0.039717996055266415,0.2046835409741441,-0.04447846720297507
low_stock_amount_share_in_industry,validation,0,market_regime_id,weak|low_vol|crowding_high,4,80,20.0,0.036094218604779904,0.009018740138466836,0.009930291859395663,0.75,0.65,4.222827381644782,2.2950328309392383,-0.011193575169221703,0.009018740138466836,0.027407952004297888,-0.011193575169221865
low_stock_amount_share_in_industry,validation,0,market_regime_id,weak|low_vol|crowding_normal,13,260,20.0,-0.12648145415316392,-0.010231695795452262,-0.004624433434895142,0.23076923076923078,0.3423076923076923,0.14260656500007582,0.3910730423349947,-0.13260794400137588,-0.010231695795452259,0.009042387177803118,-0.03904226710019572
low_stock_amount_share_in_industry,validation,0,market_regime_id,weak|normal_vol|crowding_high,15,300,20.0,0.39689411690560705,0.023645980129358497,0.007047713711189263,0.6666666666666666,0.57,4.433850281974931,3.042490515741074,-0.08692073705122971,0.0236459801293585,0.153230751385585,-0.027142349864177028
low_stock_amount_share_in_industry,validation,0,market_regime_id,weak|normal_vol|crowding_low,10,200,20.0,-0.18226582105891842,-0.016906315007109096,0.005235540164569321,0.5,0.485,0.5404374285067113,0.5969990704248336,-0.16923090888948045,-0.0169063150071091,0.05816809920997064,-0.1896592183056902
low_stock_amount_share_in_industry,validation,0,market_regime_id,weak|normal_vol|crowding_normal,33,660,20.0,-0.1215741981034979,-0.0033895876599628416,0.001103602089549932,0.5151515151515151,0.45454545454545453,0.7508202377456165,0.8252108392278764,-0.1686816956138797,-0.0033895876599628403,0.05830004590308171,-0.08658919919672943
low_stock_amount_share_in_industry,validation,0,stock_concentration_regime,stock_concentration_low,241,4820,20.0,-0.16897134776349332,0.0016880219050049463,-0.006834015168206487,0.3900414937759336,0.4058091286307054,1.0942334292093665,1.0758418797648073,-0.8977804509248599,0.0016880219050049463,0.709650002325744,-0.1896592183056902
low_stock_amount_share_in_industry,validation,0,stock_concentration_regime,stock_concentration_normal,243,4860,20.0,24.439376487546067,0.01509672967752809,0.00037416461537259085,0.5061728395061729,0.505761316872428,2.8121472415739266,2.2427025868998065,-0.2979813465210145,0.015096729677528092,0.5548869843980596,-0.08643381493386534
low_stock_amount_share_in_industry,validation,0,trend_regime,neutral,293,5860,20.0,6.34780046595434,0.009404895685870326,-0.0048533574318811775,0.4061433447098976,0.4319112627986348,1.7995525387702567,1.6065595096663765,-0.8260508886272887,0.009404895685870326,0.709650002325744,-0.17229961362814306
low_stock_amount_share_in_industry,validation,0,trend_regime,strong,94,1880,20.0,0.3031596731819064,0.004309010014815891,-0.00310903453356427,0.43617021276595747,0.4643617021276596,1.2406722141292927,1.1989399799436329,-0.604707294072774,0.00430901001481589,0.15867883405844285,-0.16206986716213492
low_stock_amount_share_in_industry,validation,0,trend_regime,weak,97,1940,20.0,1.2078393730689205,0.009429249622606389,0.0065087193156313,0.5876288659793815,0.520618556701031,1.754635771543424,1.5265852722869047,-0.3950082379782407,0.009429249622606387,0.2046835409741441,-0.1896592183056902
low_stock_amount_share_in_industry,validation,0,vol_regime,high_vol,56,1120,20.0,5.830068854618117,0.0361218789575798,0.0359419228987415,0.7857142857142857,0.6758928571428572,6.450538152483019,4.034873062870957,-0.1391369889197398,0.0361218789575798,0.2046835409741441,-0.06233514137128389
low_stock_amount_share_in_industry,validation,0,vol_regime,low_vol,146,2920,20.0,4.658756764538946,0.01410947122000477,-0.00368521161168186,0.3904109589041096,0.44931506849315067,3.082377340245056,2.4594304503164484,-0.3929164500841914,0.01410947122000477,0.5548869843980596,-0.03961485776442189
low_stock_amount_share_in_industry,validation,0,vol_regime,normal_vol,282,5640,20.0,-0.45301382241455623,-2.655825886399959e-05,-0.005969536232801978,0.41134751773049644,0.4157801418439716,0.9984964329965631,0.9987993822086656,-0.9077953737944373,-2.655825886399959e-05,0.709650002325744,-0.1896592183056902
low_stock_amount_share_in_industry,validation,40,extreme_selloff_flag,False,406,8120,20.0,1.7358939142824568,0.004590156941794597,-0.00666587703537212,0.39655172413793105,0.40738916256157637,1.3059395732208219,1.2445539282919424,-0.7391267674405706,0.004590156941794598,0.705650002325744,-0.17629961362814306
low_stock_amount_share_in_industry,validation,40,extreme_selloff_flag,True,78,1560,20.0,0.12027360772779572,0.0035348060561142445,-0.007089352180287384,0.3974358974358974,0.433974358974359,1.200470761856142,1.1544891947099418,-0.4420325218351925,0.0035348060561142453,0.37934819420279686,-0.19365921830569022
low_stock_amount_share_in_industry,validation,40,industry_crowding_regime,crowding_high,196,3920,20.0,8.205570159036744,0.014066144485612594,-0.005051176108857108,0.42346938775510207,0.439030612244898,2.200623230173627,1.918388984902237,-0.5184330927274736,0.014066144485612596,0.705650002325744,-0.09043381493386535
low_stock_amount_share_in_industry,validation,40,industry_crowding_regime,crowding_low,26,520,20.0,-0.3007024345042182,-0.011146732104616261,-0.013641437105579152,0.46153846153846156,0.4346153846153846,0.6378769276122793,0.6809435478829235,-0.40376306081653923,-0.01114673210461626,0.10370124674509693,-0.19365921830569022
low_stock_amount_share_in_industry,validation,40,industry_crowding_regime,crowding_normal,262,5240,20.0,-0.5238863316545613,-0.0012512621897501064,-0.008075149771169429,0.3702290076335878,0.3889312977099237,0.9249840855046677,0.9403380113437118,-0.8199946742239947,-0.0012512621897501055,0.5508869843980596,-0.16606986716213493
low_stock_amount_share_in_industry,validation,40,market_regime_id,neutral|low_vol|crowding_high,37,740,20.0,0.3539007219109829,0.010477814678185364,-0.008086913768325956,0.2972972972972973,0.36486486486486486,1.9080718351152066,1.7454169779674487,-0.3185014929260045,0.010477814678185362,0.3330225187763981,-0.043614857764421894
low_stock_amount_share_in_industry,validation,40,market_regime_id,neutral|low_vol|crowding_normal,74,1480,20.0,2.11503098312977,0.018495140941513465,-0.006607894916078957,0.3783783783783784,0.43243243243243246,3.405126142091903,2.855191686139868,-0.3340324383976665,0.018495140941513468,0.5508869843980596,-0.034540413770851854
low_stock_amount_share_in_industry,validation,40,market_regime_id,neutral|normal_vol|crowding_high,80,1600,20.0,1.5387782983759783,0.015773317512270953,-0.005921853633958489,0.4,0.40625,2.752391742663972,2.2765460967128597,-0.23319642002928853,0.015773317512270953,0.705650002325744,-0.034901867911173556
low_stock_amount_share_in_industry,validation,40,market_regime_id,neutral|normal_vol|crowding_low,5,100,20.0,-0.29289278511293726,-0.06519698357140905,-0.03672433552590141,0.0,0.1,0.0,0.03356590886562904,-0.270419756147829,-0.06519698357140905,-0.030802682987207904,-0.17629961362814306
low_stock_amount_share_in_industry,validation,40,market_regime_id,neutral|normal_vol|crowding_normal,97,1940,20.0,-0.6984370957179896,-0.011428511545664755,-0.014742549434016598,0.31958762886597936,0.3391752577319588,0.4811608923287709,0.5815876741522444,-0.8031355065025775,-0.011428511545664759,0.1491478624519042,-0.12324337297942582
low_stock_amount_share_in_industry,validation,40,market_regime_id,strong|high_vol|crowding_high,29,580,20.0,1.137748750909617,0.027784244179113175,0.028002714591151952,0.6896551724137931,0.6103448275862069,3.8623496017893633,2.8291396615370044,-0.185076656452826,0.027784244179113175,0.14632196441759976,-0.06633514137128389
low_stock_amount_share_in_industry,validation,40,market_regime_id,strong|high_vol|crowding_normal,5,100,20.0,0.15129285992053298,0.028655600268173653,0.0198601108963576,1.0,0.81,inf,10.465690660171763,0.0,0.02865560026817365,0.0503830393460493,0.018314686332524747
low_stock_amount_share_in_industry,validation,40,market_regime_id,strong|low_vol|crowding_high,10,200,20.0,-0.06967688473005851,-0.007169785958330577,-0.007721780351418095,0.1,0.27,0.13591803655246704,0.30686609579389706,-0.06205875926715554,-0.007169785958330577,0.011277902689574102,-0.019183728205380276
low_stock_amount_share_in_industry,validation,40,market_regime_id,strong|low_vol|crowding_normal,8,160,20.0,-0.04378234478976495,-0.0054627287842300525,-0.010006290282779457,0.125,0.3125,0.4339090915513071,0.5557742578551461,-0.07477505317357891,-0.005462728784230053,0.03349748457401726,-0.0177152558900556
low_stock_amount_share_in_industry,validation,40,market_regime_id,strong|normal_vol|crowding_high,16,320,20.0,-0.05621684908083069,-0.0003903203473323248,-0.0423573666141188,0.3125,0.384375,0.9892881718609907,0.9900551754517396,-0.4269782463363727,-0.00039032034733232636,0.15467883405844285,-0.09043381493386535
low_stock_amount_share_in_industry,validation,40,market_regime_id,strong|normal_vol|crowding_low,8,160,20.0,-0.04014901138526439,-0.004958018068730743,-0.007475872772590109,0.5,0.41875,0.5412353727528064,0.6840805595435642,-0.0661993870370321,-0.004958018068730743,0.017616746603083076,-0.028583651732403674
low_stock_amount_share_in_industry,validation,40,market_regime_id,strong|normal_vol|crowding_normal,18,360,20.0,-0.5489906170609027,-0.042148065621008195,-0.03723019983211555,0.16666666666666666,0.2,0.040236537867747564,0.08865684727253373,-0.5465917012326578,-0.042148065621008195,0.01667093990586039,-0.16606986716213493
low_stock_amount_share_in_industry,validation,40,market_regime_id,weak|high_vol|crowding_high,5,100,20.0,0.0623702938721058,0.01297100331152593,0.01957381011029466,0.6,0.58,2.1440798897296625,1.7434279029830457,-0.0005257139448695547,0.012971003311525928,0.054343414171374824,-0.05616177539903844
low_stock_amount_share_in_industry,validation,40,market_regime_id,weak|high_vol|crowding_low,3,60,20.0,0.3127459391063796,0.09496572591931983,0.09136708771027109,1.0,0.95,inf,58.00456208255382,0.0,0.09496572591931982,0.10370124674509693,0.08982884330259146
low_stock_amount_share_in_industry,validation,40,market_regime_id,weak|high_vol|crowding_normal,14,280,20.0,0.6015229664202435,0.03571799605526641,0.03155884739268651,0.7857142857142857,0.6392857142857142,6.8709693907161,3.5775860879279366,-0.05987953325535478,0.03571799605526641,0.2006835409741441,-0.04847846720297507
low_stock_amount_share_in_industry,validation,40,market_regime_id,weak|low_vol|crowding_high,4,80,20.0,0.01975861521122302,0.005018740138466836,0.005930291859395662,0.5,0.625,2.0747456086073726,1.5945231459517712,-0.01862584906357978,0.005018740138466836,0.023407952004297884,-0.015193575169221865
low_stock_amount_share_in_industry,validation,40,market_regime_id,weak|low_vol|crowding_normal,13,260,20.0,-0.171287830490768,-0.01423169579545226,-0.008624433434895143,0.23076923076923078,0.3076923076923077,0.05187845734075021,0.27026791661628,-0.16585397115445388,-0.014231695795452259,0.0050423871778031175,-0.04304226710019572
low_stock_amount_share_in_industry,validation,40,market_regime_id,weak|normal_vol|crowding_high,15,300,20.0,0.31705254188627685,0.019645980129358493,0.003047713711189262,0.6,0.54,3.331055744244508,2.4701547615268735,-0.11528576280323721,0.0196459801293585,0.149230751385585,-0.031142349864177032
low_stock_amount_share_in_industry,validation,40,market_regime_id,weak|normal_vol|crowding_low,10,200,20.0,-0.2151399065850763,-0.020906315007109096,0.0012355401645693194,0.5,0.46,0.46100854709810785,0.5253895010085183,-0.18307735167465455,-0.020906315007109107,0.054168099209970635,-0.19365921830569022
low_stock_amount_share_in_industry,validation,40,market_regime_id,weak|normal_vol|crowding_normal,33,660,20.0,-0.2308601245060431,-0.0073895876599628435,-0.0028963979104500684,0.45454545454545453,0.4212121212121212,0.5278592648905741,0.6585072960162839,-0.22528180070910764,-0.007389587659962843,0.054300045903081705,-0.09058919919672943
low_stock_amount_share_in_industry,validation,40,stock_concentration_regime,stock_concentration_low,241,4820,20.0,-0.684571632010529,-0.0023119780949950545,-0.010834015168206488,0.34439834024896265,0.36410788381742737,0.8869753913967052,0.9063930619892842,-0.9367070017786921,-0.0023119780949950527,0.705650002325744,-0.19365921830569022
low_stock_amount_share_in_industry,validation,40,stock_concentration_regime,stock_concentration_normal,243,4860,20.0,8.716785352089957,0.01109672967752809,-0.0036258353846274098,0.448559670781893,0.4588477366255144,2.0628859326467537,1.7809847575181126,-0.45028788301006983,0.011096729677528094,0.5508869843980596,-0.09043381493386535
low_stock_amount_share_in_industry,validation,40,trend_regime,neutral,293,5860,20.0,1.2831642391468012,0.005404895685870326,-0.00885335743188118,0.34812286689419797,0.3802047781569966,1.3789804328689468,1.3026197882089514,-0.868047205020988,0.005404895685870324,0.705650002325744,-0.17629961362814306
low_stock_amount_share_in_industry,validation,40,trend_regime,strong,94,1880,20.0,-0.10547052365600729,0.0003090100148158863,-0.007109034533564271,0.4148936170212766,0.42606382978723406,1.015274889315489,1.012947407040454,-0.6321634588516611,0.0003090100148158884,0.15467883405844285,-0.16606986716213493
low_stock_amount_share_in_industry,validation,40,trend_regime,weak,97,1940,20.0,0.5006919350263526,0.005429249622606387,0.0025087193156312993,0.5257731958762887,0.4927835051546392,1.3798420724402383,1.2730715991663828,-0.4106582585967453,0.005429249622606387,0.2006835409741441,-0.19365921830569022
low_stock_amount_share_in_industry,validation,40,vol_regime,high_vol,56,1120,20.0,4.497082381108367,0.0321218789575798,0.031941922898741495,0.75,0.6508928571428572,5.248943476602373,3.4246975853944495,-0.17015159103070732,0.0321218789575798,0.2006835409741441,-0.06633514137128389
low_stock_amount_share_in_industry,validation,40,vol_regime,low_vol,146,2920,20.0,2.1705956526306154,0.010109471220004775,-0.0076852116116818605,0.3150684931506849,0.3917808219178082,2.077386214669341,1.8448974235545752,-0.590950336175317,0.010109471220004771,0.5508869843980596,-0.043614857764421894
low_stock_amount_share_in_industry,validation,40,vol_regime,normal_vol,282,5640,20.0,-0.8241468092540545,-0.004026558258864001,-0.00996953623280198,0.36879432624113473,0.37446808510638296,0.7998581641502294,0.8358240081149395,-0.95197347339788,-0.004026558258864002,0.705650002325744,-0.19365921830569022
low_stock_ret_60d,validation,0,extreme_selloff_flag,False,406,8120,20.0,2.2497057258571314,0.005086607874947921,-0.005531507747671455,0.4458128078817734,0.4374384236453202,1.271287709175794,1.1734484778853083,-0.8844020320595978,0.0050866078749479205,0.5038933438839511,-0.18877184305609265
low_stock_ret_60d,validation,0,extreme_selloff_flag,True,78,1560,20.0,0.21143646671544225,0.004622878109481669,8.525560770322461e-05,0.5,0.4878205128205128,1.2421171169787075,1.1590822579252718,-0.5362670692449356,0.004622878109481669,0.2288587055135177,-0.23264626820832907
low_stock_ret_60d,validation,0,industry_crowding_regime,crowding_high,196,3920,20.0,0.25805847334159915,0.0023343536269621215,-0.004717497036327978,0.4336734693877551,0.4451530612244898,1.1520702451428093,1.0860805265946583,-0.7225173993788776,0.0023343536269621206,0.4213493110430563,-0.10466279858590902
low_stock_ret_60d,validation,0,industry_crowding_regime,crowding_low,26,520,20.0,0.03538289297356245,0.008381113698128325,0.006549138836509744,0.6153846153846154,0.46923076923076923,1.2342611556881002,1.1771967225858593,-0.4880925986644423,0.008381113698128325,0.4015994397657726,-0.23264626820832907
low_stock_ret_60d,validation,0,industry_crowding_regime,crowding_normal,262,5240,20.0,2.022336847768241,0.006680553521879823,-0.005630875466733953,0.4541984732824427,0.4435114503816794,1.3390192108693417,1.2294515881678878,-0.804040807070284,0.006680553521879825,0.5038933438839511,-0.18877184305609265
low_stock_ret_60d,validation,0,market_regime_id,neutral|low_vol|crowding_high,37,740,20.0,-0.19912870312909525,-0.0035580263534474195,-0.015269832668026001,0.2972972972972973,0.3635135135135135,0.8261649302518694,0.8848720668437581,-0.5029911698179155,-0.0035580263534474225,0.4213493110430563,-0.08098209791852352
low_stock_ret_60d,validation,0,market_regime_id,neutral|low_vol|crowding_normal,74,1480,20.0,6.377543448365918,0.029956088941756102,0.012731428132665045,0.6081081081081081,0.5263513513513514,4.607395834659599,2.7709938248168244,-0.2570250181308854,0.0299560889417561,0.5038933438839511,-0.05461631434039684
low_stock_ret_60d,validation,0,market_regime_id,neutral|normal_vol|crowding_high,80,1600,20.0,-0.380203914006227,-0.005478430200983708,-0.0032443492081765278,0.4375,0.405,0.6417965392739764,0.8162603652129299,-0.4183095947546497,-0.005478430200983711,0.07690585903965072,-0.0939028044579606
low_stock_ret_60d,validation,0,market_regime_id,neutral|normal_vol|crowding_low,5,100,20.0,-0.30658330873928685,-0.06824476023186976,-0.05554773103707641,0.2,0.16,0.009688606833192724,0.13597136677281776,-0.30889045837461593,-0.06824476023186975,0.003338326989239843,-0.18296308735576652
low_stock_ret_60d,validation,0,market_regime_id,neutral|normal_vol|crowding_normal,97,1940,20.0,-0.8900251264249319,-0.021365521349169227,-0.024025376327352542,0.27835051546391754,0.3134020618556701,0.30894701385744605,0.463704212241406,-0.9118278572677705,-0.021365521349169227,0.15926500749065536,-0.16012247981071975
low_stock_ret_60d,validation,0,market_regime_id,strong|high_vol|crowding_high,29,580,20.0,0.4142191881022006,0.012999259132583374,-0.005164938515544953,0.4827586206896552,0.5517241379310345,2.1393516830186305,1.7780833312059283,-0.23143751908018895,0.012999259132583374,0.12376049244520893,-0.05271868243128297
low_stock_ret_60d,validation,0,market_regime_id,strong|high_vol|crowding_normal,5,100,20.0,0.10648926413351956,0.02054638706551858,0.0261655582843018,1.0,0.67,inf,4.7268375130518505,0.0,0.020546387065518576,0.03971232808913943,0.0010438284882684002
low_stock_ret_60d,validation,0,market_regime_id,strong|low_vol|crowding_high,10,200,20.0,-0.07782851195924545,-0.007933152175359894,-0.004862074681944833,0.4,0.365,0.2611352677198117,0.6631820671196341,-0.09812599410378353,-0.007933152175359894,0.01163124004018098,-0.03871806610027027
low_stock_ret_60d,validation,0,market_regime_id,strong|low_vol|crowding_normal,8,160,20.0,0.028585705212675228,0.0038421133409123403,-0.0020156745207424,0.5,0.48125,1.4108590162547523,1.2028282188505781,-0.060936575199416865,0.003842113340912341,0.04826209240952587,-0.0290865148876716
low_stock_ret_60d,validation,0,market_regime_id,strong|normal_vol|crowding_high,16,320,20.0,0.15822210455419317,0.010534788681141953,-0.01089710331535088,0.3125,0.50625,1.6852131991204258,1.4513852918473285,-0.19791800627142375,0.010534788681141953,0.11428843755472524,-0.05073509450226692
low_stock_ret_60d,validation,0,market_regime_id,strong|normal_vol|crowding_low,8,160,20.0,0.17648171568659188,0.020780448222584066,0.01345509302832536,0.875,0.51875,16.56434143359043,2.114502222951768,-0.01068105492866478,0.020780448222584062,0.05927041281906988,-0.01068105492866478
low_stock_ret_60d,validation,0,market_regime_id,strong|normal_vol|crowding_normal,18,360,20.0,-0.29735260857905943,-0.017959319223327275,-0.009401969760014398,0.2777777777777778,0.38055555555555554,0.2840014352430249,0.4825974090757165,-0.3661884012223334,-0.017959319223327278,0.04413080424403683,-0.18877184305609265
low_stock_ret_60d,validation,0,market_regime_id,weak|high_vol|crowding_high,5,100,20.0,0.302194457617202,0.05496710720016915,0.06746874442791422,0.8,0.83,14.65633656120357,9.72486186922107,0.0,0.05496710720016915,0.09279396611244242,-0.020125129076097092
low_stock_ret_60d,validation,0,market_regime_id,weak|high_vol|crowding_low,3,60,20.0,0.7642508990587582,0.21767846417492898,0.21791237070291364,1.0,0.9,inf,34.73720868773595,0.0,0.217678464174929,0.4015994397657726,0.03352358205610074
low_stock_ret_60d,validation,0,market_regime_id,weak|high_vol|crowding_normal,14,280,20.0,2.950244495796162,0.11013405140056423,0.0663800531620369,0.8571428571428571,0.7928571428571428,20.69919414909345,12.869348561729655,-0.05996580525365991,0.11013405140056423,0.35567040611940487,-0.05996580525365987
low_stock_ret_60d,validation,0,market_regime_id,weak|low_vol|crowding_high,4,80,20.0,0.0655827789259158,0.016702909123458027,0.005584187886210975,0.5,0.5625,2.894914025284164,1.9591236779792982,-0.03494765309161785,0.016702909123458027,0.07347709476395106,-0.0178338340425409
low_stock_ret_60d,validation,0,market_regime_id,weak|low_vol|crowding_normal,13,260,20.0,-0.16790445763502349,-0.013702078339077606,-0.020322962174535143,0.15384615384615385,0.34615384615384615,0.31723456565008684,0.6272985568217386,-0.16534110701281968,-0.013702078339077604,0.04912799344048029,-0.05005634474076763
low_stock_ret_60d,validation,0,market_regime_id,weak|normal_vol|crowding_high,15,300,20.0,0.20922180015637104,0.014640261170437263,0.016864675092982638,0.6666666666666666,0.48333333333333334,1.7618864570855475,1.3710882736551075,-0.12992902740422896,0.014640261170437263,0.10715097444000143,-0.10466279858590902
low_stock_ret_60d,validation,0,market_regime_id,weak|normal_vol|crowding_low,10,200,20.0,-0.28061535395769854,-0.026014622099477424,-0.011175248177064095,0.5,0.455,0.5475352196239781,0.6095746498841835,-0.30712058082501903,-0.026014622099477424,0.1095937892724131,-0.23264626820832907
low_stock_ret_60d,validation,0,market_regime_id,weak|normal_vol|crowding_normal,33,660,20.0,0.417148363270869,0.013092703475063222,0.011271009825466399,0.5757575757575758,0.5212121212121212,1.6317576392787878,1.3926428610553951,-0.2986218178556167,0.01309270347506322,0.14598003527890602,-0.18299227264796178
low_stock_ret_60d,validation,0,stock_concentration_regime,stock_concentration_low,241,4820,20.0,-0.7879264147599433,-0.0040162048548062716,-0.011565121658149286,0.3983402489626556,0.3985477178423237,0.8353499380559652,0.8829530845313126,-0.9096848536694646,-0.00401620485480627,0.4015994397657726,-0.23264626820832907
low_stock_ret_60d,validation,0,stock_concentration_regime,stock_concentration_normal,243,4860,20.0,17.563424661968295,0.013965648805665589,0.0015621706960094628,0.5102880658436214,0.49218106995884775,2.0528888323203747,1.5748284383258797,-0.4622550072076813,0.013965648805665584,0.5038933438839511,-0.10466279858590902
low_stock_ret_60d,validation,0,trend_regime,neutral,293,5860,20.0,-0.7207384804366179,-0.0026172361143176233,-0.010258985500115014,0.4061433447098976,0.39590443686006827,0.8708765221871251,0.9151695186133614,-0.9595365169221243,-0.0026172361143176224,0.5038933438839511,-0.18296308735576652
low_stock_ret_60d,validation,0,trend_regime,strong,94,1880,20.0,0.4211194198016679,0.004709024402183652,-0.0031841900272506414,0.46808510638297873,0.4888297872340426,1.3624650164744287,1.2162942278807878,-0.33899397474575854,0.004709024402183652,0.12376049244520893,-0.18877184305609265
low_stock_ret_60d,validation,0,trend_regime,weak,97,1940,20.0,8.919802081657771,0.028349991520187894,0.019605211560950735,0.5876288659793815,0.5536082474226804,2.416305248745645,1.8908620972739174,-0.5605575745494774,0.028349991520187898,0.4015994397657726,-0.23264626820832907
low_stock_ret_60d,validation,0,vol_regime,high_vol,56,1120,20.0,13.201169025910845,0.05266889461260791,0.027612958495043735,0.6785714285714286,0.6660714285714285,7.870913259959931,5.257161768889913,-0.23063527166759046,0.05266889461260791,0.4015994397657726,-0.05996580525365987
low_stock_ret_60d,validation,0,vol_regime,low_vol,146,2920,20.0,3.9692067699353375,0.013186257600492603,-0.003920473720725864,0.4657534246575342,0.4565068493150685,2.0405659022038067,1.578162137535267,-0.5044282692852466,0.013186257600492602,0.5038933438839511,-0.08098209791852352
low_stock_ret_60d,validation,0,vol_regime,normal_vol,282,5640,20.0,-0.9442129349891129,-0.008684058220601195,-0.009561732090972015,0.40425531914893614,0.39609929078014183,0.641045987017679,0.7587398552832879,-0.9728324158347347,-0.008684058220601193,0.15926500749065536,-0.23264626820832907
low_stock_ret_60d,validation,40,extreme_selloff_flag,False,406,8120,20.0,-0.36059758863722213,0.0010866078749479187,-0.009531507747671458,0.41133004926108374,0.41600985221674874,1.0516996677788242,1.0343689018398428,-0.9506476452561642,0.0010866078749479182,0.4998933438839511,-0.19277184305609266
low_stock_ret_60d,validation,40,extreme_selloff_flag,True,78,1560,20.0,-0.11374832968012927,0.0006228781094816646,-0.003914744392296777,0.44871794871794873,0.46987179487179487,1.0294094411969066,1.020001566360625,-0.5524354495722763,0.0006228781094816654,0.2248587055135177,-0.23664626820832907
low_stock_ret_60d,validation,40,industry_crowding_regime,crowding_high,196,3920,20.0,-0.42646328997531924,-0.001665646373037882,-0.00871749703632798,0.3826530612244898,0.42346938775510207,0.9057660504779875,0.943300985107628,-0.8143964799035035,-0.0016656463730378831,0.4173493110430563,-0.10866279858590902
low_stock_ret_60d,validation,40,industry_crowding_regime,crowding_low,26,520,20.0,-0.06762497298834169,0.0043811136981283215,0.002549138836509741,0.5384615384615384,0.4596153846153846,1.1169024335955,1.0886169486216732,-0.49573666898091406,0.004381113698128326,0.3975994397657726,-0.23664626820832907
low_stock_ret_60d,validation,40,industry_crowding_regime,crowding_normal,262,5240,20.0,0.05969157858426222,0.0026805535218798215,-0.009630875466733954,0.4312977099236641,0.4221374045801527,1.1222172297962911,1.0854194450828667,-0.8407279268606133,0.0026805535218798215,0.4998933438839511,-0.19277184305609266
low_stock_ret_60d,validation,40,market_regime_id,neutral|low_vol|crowding_high,37,740,20.0,-0.3103364105512664,-0.007558026353447423,-0.019269832668026003,0.2702702702702703,0.3324324324324324,0.676057596570225,0.7744103102219488,-0.5516690671829727,-0.007558026353447426,0.4173493110430563,-0.08498209791852353
low_stock_ret_60d,validation,40,market_regime_id,neutral|low_vol|crowding_normal,74,1480,20.0,4.524142637002991,0.025956088941756102,0.008731428132665045,0.581081081081081,0.5074324324324324,3.620809483592016,2.377330383543691,-0.35247742404870896,0.0259560889417561,0.4998933438839511,-0.058616314340396845
low_stock_ret_60d,validation,40,market_regime_id,neutral|normal_vol|crowding_high,80,1600,20.0,-0.5511612443984624,-0.009478430200983712,-0.00724434920817653,0.3625,0.383125,0.46272947370099893,0.7060213105493159,-0.5493267898789156,-0.009478430200983712,0.07290585903965072,-0.09790280445796061
low_stock_ret_60d,validation,40,market_regime_id,neutral|normal_vol|crowding_low,5,100,20.0,-0.32141633498095634,-0.07224476023186976,-0.05954773103707641,0.0,0.15,0.0,0.12285014911503571,-0.32096703719605246,-0.07224476023186975,-0.0006616730107601592,-0.18696308735576653
low_stock_ret_60d,validation,40,market_regime_id,neutral|normal_vol|crowding_normal,97,1940,20.0,-0.9261492175973446,-0.02536552134916923,-0.028025376327352546,0.26804123711340205,0.2922680412371134,0.2503904783154831,0.40496923789134426,-0.9342917171082152,-0.02536552134916923,0.15526500749065536,-0.16412247981071976
low_stock_ret_60d,validation,40,market_regime_id,strong|high_vol|crowding_high,29,580,20.0,0.26063970075197296,0.00899925913258337,-0.009164938515544955,0.4482758620689655,0.5293103448275862,1.6667856782530914,1.4855665525998636,-0.2628152138994335,0.00899925913258337,0.11976049244520892,-0.056718682431282974
low_stock_ret_60d,validation,40,market_regime_id,strong|high_vol|crowding_normal,5,100,20.0,0.08497005915319056,0.016546387065518576,0.0221655582843018,0.8,0.63,28.986175700317187,3.4064216365489637,0.0,0.016546387065518576,0.035712328089139427,-0.002956171511731602
low_stock_ret_60d,validation,40,market_regime_id,strong|low_vol|crowding_high,10,200,20.0,-0.11435285104468618,-0.011933152175359897,-0.008862074681944835,0.2,0.33,0.1014902417090223,0.5435615309842503,-0.11639198819109564,-0.011933152175359896,0.007631240040180977,-0.04271806610027027
low_stock_ret_60d,validation,40,market_regime_id,strong|low_vol|crowding_normal,8,160,20.0,-0.0037692609789330422,-0.00015788665908766236,-0.006015674520742403,0.5,0.4375,0.9860910156824748,0.992519800388809,-0.07239728495884101,-0.00015788665908766236,0.04426209240952587,-0.0330865148876716
low_stock_ret_60d,validation,40,market_regime_id,strong|normal_vol|crowding_high,16,320,20.0,0.0868287853143852,0.006534788681141951,-0.014897103315350884,0.3125,0.496875,1.3605506398762082,1.2579858129363037,-0.22703260821882199,0.00653478868114195,0.11028843755472524,-0.05473509450226692
low_stock_ret_60d,validation,40,market_regime_id,strong|normal_vol|crowding_low,8,160,20.0,0.14008454552646565,0.016780448222584062,0.009455093028325357,0.75,0.5,8.369525539926627,1.8146595246376247,-0.014681054928664783,0.016780448222584062,0.05527041281906988,-0.014681054928664783
low_stock_ret_60d,validation,40,market_regime_id,strong|normal_vol|crowding_normal,18,360,20.0,-0.34727215616666085,-0.021959319223327278,-0.0134019697600144,0.2777777777777778,0.3638888888888889,0.21494758162774555,0.4100190748729636,-0.40194551477617035,-0.021959319223327278,0.040130804244036825,-0.19277184305609266
low_stock_ret_60d,validation,40,market_regime_id,weak|high_vol|crowding_high,5,100,20.0,0.27765937938150187,0.05096710720016915,0.06346874442791421,0.8,0.82,11.563074510276255,8.295391831935925,0.0,0.05096710720016915,0.08879396611244242,-0.024125129076097093
low_stock_ret_60d,validation,40,market_regime_id,weak|high_vol|crowding_low,3,60,20.0,0.7466518735208192,0.21367846417492897,0.21391237070291363,1.0,0.9,inf,32.18402277436484,0.0,0.213678464174929,0.3975994397657726,0.029523582056100735
low_stock_ret_60d,validation,40,market_regime_id,weak|high_vol|crowding_normal,14,280,20.0,2.7531995716310877,0.10613405140056423,0.0623800531620369,0.8571428571428571,0.7857142857142857,18.223351564095072,11.487975672393802,-0.06396580525365991,0.10613405140056423,0.35167040611940487,-0.06396580525365987
low_stock_ret_60d,validation,40,market_regime_id,weak|low_vol|crowding_high,4,80,20.0,0.04888963388609935,0.012702909123458023,0.0015841878862109717,0.5,0.55,2.1746073965394728,1.6625602342979469,-0.0427906194919877,0.012702909123458023,0.06947709476395106,-0.021833834042540905
low_stock_ret_60d,validation,40,market_regime_id,weak|low_vol|crowding_normal,13,260,20.0,-0.21075112337633994,-0.017702078339077606,-0.024322962174535147,0.15384615384615385,0.3153846153846154,0.2452142154353058,0.5509857334212945,-0.19262898827116604,-0.01770207833907761,0.04512799344048029,-0.05405634474076763
low_stock_ret_60d,validation,40,market_regime_id,weak|normal_vol|crowding_high,15,300,20.0,0.13939904406298465,0.010640261170437263,0.012864675092982636,0.6666666666666666,0.4766666666666667,1.5177959914425874,1.2561459120832261,-0.13738149704534963,0.01064026117043726,0.10315097444000143,-0.10866279858590902
low_stock_ret_60d,validation,40,market_regime_id,weak|normal_vol|crowding_low,10,200,20.0,-0.31000837551632354,-0.030014622099477428,-0.015175248177064098,0.5,0.45,0.4955131657570265,0.5639003307174723,-0.31922025864680637,-0.030014622099477428,0.1055937892724131,-0.23664626820832907
low_stock_ret_60d,validation,40,market_regime_id,weak|normal_vol|crowding_normal,33,660,20.0,0.24289384519229262,0.009092703475063219,0.0072710098254663985,0.5151515151515151,0.49696969696969695,1.4039870148365055,1.2575851617237679,-0.30807002944582396,0.009092703475063219,0.141980035278906,-0.18699227264796178
low_stock_ret_60d,validation,40,stock_concentration_regime,stock_concentration_low,241,4820,20.0,-0.9199624437028332,-0.008016204854806273,-0.015565121658149286,0.37344398340248963,0.3767634854771784,0.701305930487043,0.7819219821822639,-0.9491687093285588,-0.008016204854806273,0.3975994397657726,-0.23664626820832907
low_stock_ret_60d,validation,40,stock_concentration_regime,stock_concentration_normal,243,4860,20.0,6.080069423569778,0.009965648805665585,-0.002437829303990539,0.4609053497942387,0.4722222222222222,1.6514463340051666,1.3780077307291783,-0.6451055511831288,0.009965648805665585,0.4998933438839511,-0.10866279858590902
low_stock_ret_60d,validation,40,trend_regime,neutral,293,5860,20.0,-0.914305878016516,-0.006617236114317626,-0.014258985500115015,0.36860068259385664,0.37406143344709897,0.7084888054710082,0.801354344774262,-0.9864785432554194,-0.006617236114317626,0.4998933438839511,-0.18696308735576653
low_stock_ret_60d,validation,40,trend_regime,strong,94,1880,20.0,-0.02397772233474227,0.0007090244021836495,-0.007184190027250644,0.4148936170212766,0.46595744680851064,1.0466177740772893,1.0297247342932554,-0.41259203623724305,0.0007090244021836492,0.11976049244520892,-0.19277184305609266
low_stock_ret_60d,validation,40,trend_regime,weak,97,1940,20.0,5.775175861651278,0.02434999152018789,0.015605211560950733,0.5670103092783505,0.5376288659793814,2.1223431667438235,1.7239446678643748,-0.5709788418701571,0.0243499915201879,0.3975994397657726,-0.23664626820832907
low_stock_ret_60d,validation,40,vol_regime,high_vol,56,1120,20.0,10.455969091474813,0.048668894612607906,0.02361295849504373,0.6428571428571429,0.6482142857142857,6.399617058277422,4.544095615115814,-0.26499445856298587,0.048668894612607906,0.3975994397657726,-0.06396580525365987
low_stock_ret_60d,validation,40,vol_regime,low_vol,146,2920,20.0,1.7827014513314423,0.0091862576004926,-0.007920473720725865,0.4315068493150685,0.4311643835616438,1.6186555375999805,1.3670804836609112,-0.6161243856611122,0.0091862576004926,0.4998933438839511,-0.08498209791852353
low_stock_ret_60d,validation,40,vol_regime,normal_vol,282,5640,20.0,-0.9822240471874378,-0.012684058220601195,-0.013561732090972018,0.36524822695035464,0.3769503546099291,0.5238742723536338,0.6701017506894185,-0.9883365902307488,-0.012684058220601195,0.15526500749065536,-0.23664626820832907
