trade_date,scenario_id,daily_return,gate_active,selected_trade_count,group_id,strategy_id,regime_id
20260224,5bp_one_way_slippage,0.008424201145136612,True,10,S0_v7_original_top10__R1_tail_down,S0_v7_original_top10,R1_tail_down
20260225,5bp_one_way_slippage,0.0,False,0,S0_v7_original_top10__R1_tail_down,S0_v7_original_top10,R1_tail_down
20260226,5bp_one_way_slippage,0.0,False,0,S0_v7_original_top10__R1_tail_down,S0_v7_original_top10,R1_tail_down
20260227,5bp_one_way_slippage,0.0,False,0,S0_v7_original_top10__R1_tail_down,S0_v7_original_top10,R1_tail_down
20260302,5bp_one_way_slippage,-0.010832308668857793,True,10,S0_v7_original_top10__R1_tail_down,S0_v7_original_top10,R1_tail_down
20260303,5bp_one_way_slippage,-0.0010307150746492132,True,10,S0_v7_original_top10__R1_tail_down,S0_v7_original_top10,R1_tail_down
20260304,5bp_one_way_slippage,0.02061312507746139,True,10,S0_v7_original_top10__R1_tail_down,S0_v7_original_top10,R1_tail_down
20260305,5bp_one_way_slippage,0.0,False,0,S0_v7_original_top10__R1_tail_down,S0_v7_original_top10,R1_tail_down
20260306,5bp_one_way_slippage,0.0,False,0,S0_v7_original_top10__R1_tail_down,S0_v7_original_top10,R1_tail_down
20260309,5bp_one_way_slippage,0.024920243361915295,True,10,S0_v7_original_top10__R1_tail_down,S0_v7_original_top10,R1_tail_down
20260310,5bp_one_way_slippage,0.0,False,0,S0_v7_original_top10__R1_tail_down,S0_v7_original_top10,R1_tail_down
20260311,5bp_one_way_slippage,0.0,False,0,S0_v7_original_top10__R1_tail_down,S0_v7_original_top10,R1_tail_down
20260312,5bp_one_way_slippage,0.0,False,0,S0_v7_original_top10__R1_tail_down,S0_v7_original_top10,R1_tail_down
20260313,5bp_one_way_slippage,-0.0018513241955832704,True,10,S0_v7_original_top10__R1_tail_down,S0_v7_original_top10,R1_tail_down
20260316,5bp_one_way_slippage,0.0,False,0,S0_v7_original_top10__R1_tail_down,S0_v7_original_top10,R1_tail_down
20260317,5bp_one_way_slippage,0.006010881468930851,True,10,S0_v7_original_top10__R1_tail_down,S0_v7_original_top10,R1_tail_down
20260318,5bp_one_way_slippage,0.0,False,0,S0_v7_original_top10__R1_tail_down,S0_v7_original_top10,R1_tail_down
20260319,5bp_one_way_slippage,0.0015273361975130517,True,10,S0_v7_original_top10__R1_tail_down,S0_v7_original_top10,R1_tail_down
20260320,5bp_one_way_slippage,-0.032001628249901735,True,10,S0_v7_original_top10__R1_tail_down,S0_v7_original_top10,R1_tail_down
20260323,5bp_one_way_slippage,0.02180388583340658,True,10,S0_v7_original_top10__R1_tail_down,S0_v7_original_top10,R1_tail_down
20260324,5bp_one_way_slippage,0.0,False,0,S0_v7_original_top10__R1_tail_down,S0_v7_original_top10,R1_tail_down
20260325,5bp_one_way_slippage,0.0,False,0,S0_v7_original_top10__R1_tail_down,S0_v7_original_top10,R1_tail_down
20260326,5bp_one_way_slippage,0.0020791321862273946,True,10,S0_v7_original_top10__R1_tail_down,S0_v7_original_top10,R1_tail_down
20260327,5bp_one_way_slippage,0.0,False,0,S0_v7_original_top10__R1_tail_down,S0_v7_original_top10,R1_tail_down
20260330,5bp_one_way_slippage,0.0,False,0,S0_v7_original_top10__R1_tail_down,S0_v7_original_top10,R1_tail_down
20260331,5bp_one_way_slippage,0.011108695663516688,True,10,S0_v7_original_top10__R1_tail_down,S0_v7_original_top10,R1_tail_down
20260401,5bp_one_way_slippage,0.0,False,0,S0_v7_original_top10__R1_tail_down,S0_v7_original_top10,R1_tail_down
20260402,5bp_one_way_slippage,-0.02008734091937897,True,10,S0_v7_original_top10__R1_tail_down,S0_v7_original_top10,R1_tail_down
20260403,5bp_one_way_slippage,0.013106215548550525,True,10,S0_v7_original_top10__R1_tail_down,S0_v7_original_top10,R1_tail_down
20260407,5bp_one_way_slippage,0.03133403000173749,True,10,S0_v7_original_top10__R1_tail_down,S0_v7_original_top10,R1_tail_down
20260408,5bp_one_way_slippage,0.0,False,0,S0_v7_original_top10__R1_tail_down,S0_v7_original_top10,R1_tail_down
20260409,5bp_one_way_slippage,0.011174893469602876,True,10,S0_v7_original_top10__R1_tail_down,S0_v7_original_top10,R1_tail_down
20260410,5bp_one_way_slippage,0.0008984500776018312,True,10,S0_v7_original_top10__R1_tail_down,S0_v7_original_top10,R1_tail_down
20260413,5bp_one_way_slippage,0.011122505782856108,True,10,S0_v7_original_top10__R1_tail_down,S0_v7_original_top10,R1_tail_down
20260414,5bp_one_way_slippage,0.0,False,0,S0_v7_original_top10__R1_tail_down,S0_v7_original_top10,R1_tail_down
20260415,5bp_one_way_slippage,0.009986983402563876,True,10,S0_v7_original_top10__R1_tail_down,S0_v7_original_top10,R1_tail_down
20260416,5bp_one_way_slippage,0.0,False,0,S0_v7_original_top10__R1_tail_down,S0_v7_original_top10,R1_tail_down
20260417,5bp_one_way_slippage,0.0,False,0,S0_v7_original_top10__R1_tail_down,S0_v7_original_top10,R1_tail_down
20260420,5bp_one_way_slippage,0.0,False,0,S0_v7_original_top10__R1_tail_down,S0_v7_original_top10,R1_tail_down
20260421,5bp_one_way_slippage,0.0,False,0,S0_v7_original_top10__R1_tail_down,S0_v7_original_top10,R1_tail_down
20260422,5bp_one_way_slippage,0.0,False,0,S0_v7_original_top10__R1_tail_down,S0_v7_original_top10,R1_tail_down
20260423,5bp_one_way_slippage,0.0,False,0,S0_v7_original_top10__R1_tail_down,S0_v7_original_top10,R1_tail_down
20260424,5bp_one_way_slippage,-0.005515797087987417,True,10,S0_v7_original_top10__R1_tail_down,S0_v7_original_top10,R1_tail_down
20260427,5bp_one_way_slippage,0.0,False,0,S0_v7_original_top10__R1_tail_down,S0_v7_original_top10,R1_tail_down
20260428,5bp_one_way_slippage,0.0,False,0,S0_v7_original_top10__R1_tail_down,S0_v7_original_top10,R1_tail_down
20260429,5bp_one_way_slippage,0.008455939017266911,True,10,S0_v7_original_top10__R1_tail_down,S0_v7_original_top10,R1_tail_down
20260430,5bp_one_way_slippage,0.0,False,0,S0_v7_original_top10__R1_tail_down,S0_v7_original_top10,R1_tail_down
20260506,5bp_one_way_slippage,0.0,False,0,S0_v7_original_top10__R1_tail_down,S0_v7_original_top10,R1_tail_down
20260507,5bp_one_way_slippage,0.0,False,0,S0_v7_original_top10__R1_tail_down,S0_v7_original_top10,R1_tail_down
20260508,5bp_one_way_slippage,0.0005459795521586708,True,10,S0_v7_original_top10__R1_tail_down,S0_v7_original_top10,R1_tail_down
20260511,5bp_one_way_slippage,0.0,False,0,S0_v7_original_top10__R1_tail_down,S0_v7_original_top10,R1_tail_down
20260512,5bp_one_way_slippage,0.0,False,0,S0_v7_original_top10__R1_tail_down,S0_v7_original_top10,R1_tail_down
20260513,5bp_one_way_slippage,0.0,False,0,S0_v7_original_top10__R1_tail_down,S0_v7_original_top10,R1_tail_down
20260514,5bp_one_way_slippage,-0.003402313258937917,True,10,S0_v7_original_top10__R1_tail_down,S0_v7_original_top10,R1_tail_down
20260515,5bp_one_way_slippage,0.0,False,0,S0_v7_original_top10__R1_tail_down,S0_v7_original_top10,R1_tail_down
20260518,5bp_one_way_slippage,0.0,False,0,S0_v7_original_top10__R1_tail_down,S0_v7_original_top10,R1_tail_down
20260519,5bp_one_way_slippage,0.0,False,0,S0_v7_original_top10__R1_tail_down,S0_v7_original_top10,R1_tail_down
20260520,5bp_one_way_slippage,0.0,False,0,S0_v7_original_top10__R1_tail_down,S0_v7_original_top10,R1_tail_down
20260224,10bp_one_way_slippage,0.007416027474770381,True,10,S0_v7_original_top10__R1_tail_down,S0_v7_original_top10,R1_tail_down
20260225,10bp_one_way_slippage,0.0,False,0,S0_v7_original_top10__R1_tail_down,S0_v7_original_top10,R1_tail_down
20260226,10bp_one_way_slippage,0.0,False,0,S0_v7_original_top10__R1_tail_down,S0_v7_original_top10,R1_tail_down
20260227,10bp_one_way_slippage,0.0,False,0,S0_v7_original_top10__R1_tail_down,S0_v7_original_top10,R1_tail_down
20260302,10bp_one_way_slippage,-0.011821230613456635,True,10,S0_v7_original_top10__R1_tail_down,S0_v7_original_top10,R1_tail_down
20260303,10bp_one_way_slippage,-0.0020294361777550398,True,10,S0_v7_original_top10__R1_tail_down,S0_v7_original_top10,R1_tail_down
20260304,10bp_one_way_slippage,0.01959276551135337,True,10,S0_v7_original_top10__R1_tail_down,S0_v7_original_top10,R1_tail_down
20260305,10bp_one_way_slippage,0.0,False,0,S0_v7_original_top10__R1_tail_down,S0_v7_original_top10,R1_tail_down
20260306,10bp_one_way_slippage,0.0,False,0,S0_v7_original_top10__R1_tail_down,S0_v7_original_top10,R1_tail_down
20260309,10bp_one_way_slippage,0.023895577747574205,True,10,S0_v7_original_top10__R1_tail_down,S0_v7_original_top10,R1_tail_down
20260310,10bp_one_way_slippage,0.0,False,0,S0_v7_original_top10__R1_tail_down,S0_v7_original_top10,R1_tail_down
20260311,10bp_one_way_slippage,0.0,False,0,S0_v7_original_top10__R1_tail_down,S0_v7_original_top10,R1_tail_down
20260312,10bp_one_way_slippage,0.0,False,0,S0_v7_original_top10__R1_tail_down,S0_v7_original_top10,R1_tail_down
20260313,10bp_one_way_slippage,-0.002849224893438573,True,10,S0_v7_original_top10__R1_tail_down,S0_v7_original_top10,R1_tail_down
20260316,10bp_one_way_slippage,0.0,False,0,S0_v7_original_top10__R1_tail_down,S0_v7_original_top10,R1_tail_down
20260317,10bp_one_way_slippage,0.005005120518680783,True,10,S0_v7_original_top10__R1_tail_down,S0_v7_original_top10,R1_tail_down
20260318,10bp_one_way_slippage,0.0,False,0,S0_v7_original_top10__R1_tail_down,S0_v7_original_top10,R1_tail_down
20260319,10bp_one_way_slippage,0.0005260576786518811,True,10,S0_v7_original_top10__R1_tail_down,S0_v7_original_top10,R1_tail_down
20260320,10bp_one_way_slippage,-0.0329693861341806,True,10,S0_v7_original_top10__R1_tail_down,S0_v7_original_top10,R1_tail_down
20260323,10bp_one_way_slippage,0.0207823358023727,True,10,S0_v7_original_top10__R1_tail_down,S0_v7_original_top10,R1_tail_down
20260324,10bp_one_way_slippage,0.0,False,0,S0_v7_original_top10__R1_tail_down,S0_v7_original_top10,R1_tail_down
20260325,10bp_one_way_slippage,0.0,False,0,S0_v7_original_top10__R1_tail_down,S0_v7_original_top10,R1_tail_down
20260326,10bp_one_way_slippage,0.0010773020084645535,True,10,S0_v7_original_top10__R1_tail_down,S0_v7_original_top10,R1_tail_down
20260327,10bp_one_way_slippage,0.0,False,0,S0_v7_original_top10__R1_tail_down,S0_v7_original_top10,R1_tail_down
20260330,10bp_one_way_slippage,0.0,False,0,S0_v7_original_top10__R1_tail_down,S0_v7_original_top10,R1_tail_down
20260331,10bp_one_way_slippage,0.010097838165562211,True,10,S0_v7_original_top10__R1_tail_down,S0_v7_original_top10,R1_tail_down
20260401,10bp_one_way_slippage,0.0,False,0,S0_v7_original_top10__R1_tail_down,S0_v7_original_top10,R1_tail_down
20260402,10bp_one_way_slippage,-0.021067010131027963,True,10,S0_v7_original_top10__R1_tail_down,S0_v7_original_top10,R1_tail_down
20260403,10bp_one_way_slippage,0.012093361026970673,True,10,S0_v7_original_top10__R1_tail_down,S0_v7_original_top10,R1_tail_down
20260407,10bp_one_way_slippage,0.03030295219418422,True,10,S0_v7_original_top10__R1_tail_down,S0_v7_original_top10,R1_tail_down
20260408,10bp_one_way_slippage,0.0,False,0,S0_v7_original_top10__R1_tail_down,S0_v7_original_top10,R1_tail_down
20260409,10bp_one_way_slippage,0.010163969790288363,True,10,S0_v7_original_top10__R1_tail_down,S0_v7_original_top10,R1_tail_down
20260410,10bp_one_way_slippage,-0.00010219971137853667,True,10,S0_v7_original_top10__R1_tail_down,S0_v7_original_top10,R1_tail_down
20260413,10bp_one_way_slippage,0.010111634478213349,True,10,S0_v7_original_top10__R1_tail_down,S0_v7_original_top10,R1_tail_down
20260414,10bp_one_way_slippage,0.0,False,0,S0_v7_original_top10__R1_tail_down,S0_v7_original_top10,R1_tail_down
20260415,10bp_one_way_slippage,0.008977247338194628,True,10,S0_v7_original_top10__R1_tail_down,S0_v7_original_top10,R1_tail_down
20260416,10bp_one_way_slippage,0.0,False,0,S0_v7_original_top10__R1_tail_down,S0_v7_original_top10,R1_tail_down
20260417,10bp_one_way_slippage,0.0,False,0,S0_v7_original_top10__R1_tail_down,S0_v7_original_top10,R1_tail_down
20260420,10bp_one_way_slippage,0.0,False,0,S0_v7_original_top10__R1_tail_down,S0_v7_original_top10,R1_tail_down
20260421,10bp_one_way_slippage,0.0,False,0,S0_v7_original_top10__R1_tail_down,S0_v7_original_top10,R1_tail_down
20260422,10bp_one_way_slippage,0.0,False,0,S0_v7_original_top10__R1_tail_down,S0_v7_original_top10,R1_tail_down
20260423,10bp_one_way_slippage,0.0,False,0,S0_v7_original_top10__R1_tail_down,S0_v7_original_top10,R1_tail_down
20260424,10bp_one_way_slippage,-0.00651003422334423,True,10,S0_v7_original_top10__R1_tail_down,S0_v7_original_top10,R1_tail_down
20260427,10bp_one_way_slippage,0.0,False,0,S0_v7_original_top10__R1_tail_down,S0_v7_original_top10,R1_tail_down
20260428,10bp_one_way_slippage,0.0,False,0,S0_v7_original_top10__R1_tail_down,S0_v7_original_top10,R1_tail_down
20260429,10bp_one_way_slippage,0.007447733616913477,True,10,S0_v7_original_top10__R1_tail_down,S0_v7_original_top10,R1_tail_down
20260430,10bp_one_way_slippage,0.0,False,0,S0_v7_original_top10__R1_tail_down,S0_v7_original_top10,R1_tail_down
20260506,10bp_one_way_slippage,0.0,False,0,S0_v7_original_top10__R1_tail_down,S0_v7_original_top10,R1_tail_down
20260507,10bp_one_way_slippage,0.0,False,0,S0_v7_original_top10__R1_tail_down,S0_v7_original_top10,R1_tail_down
20260508,10bp_one_way_slippage,-0.00045431785386327304,True,10,S0_v7_original_top10__R1_tail_down,S0_v7_original_top10,R1_tail_down
20260511,10bp_one_way_slippage,0.0,False,0,S0_v7_original_top10__R1_tail_down,S0_v7_original_top10,R1_tail_down
20260512,10bp_one_way_slippage,0.0,False,0,S0_v7_original_top10__R1_tail_down,S0_v7_original_top10,R1_tail_down
20260513,10bp_one_way_slippage,0.0,False,0,S0_v7_original_top10__R1_tail_down,S0_v7_original_top10,R1_tail_down
20260514,10bp_one_way_slippage,-0.004398663353054289,True,10,S0_v7_original_top10__R1_tail_down,S0_v7_original_top10,R1_tail_down
20260515,10bp_one_way_slippage,0.0,False,0,S0_v7_original_top10__R1_tail_down,S0_v7_original_top10,R1_tail_down
20260518,10bp_one_way_slippage,0.0,False,0,S0_v7_original_top10__R1_tail_down,S0_v7_original_top10,R1_tail_down
20260519,10bp_one_way_slippage,0.0,False,0,S0_v7_original_top10__R1_tail_down,S0_v7_original_top10,R1_tail_down
20260520,10bp_one_way_slippage,0.0,False,0,S0_v7_original_top10__R1_tail_down,S0_v7_original_top10,R1_tail_down
20260224,10bp_slippage_plus_impact,0.007168088415781359,True,10,S0_v7_original_top10__R1_tail_down,S0_v7_original_top10,R1_tail_down
20260225,10bp_slippage_plus_impact,0.0,False,0,S0_v7_original_top10__R1_tail_down,S0_v7_original_top10,R1_tail_down
20260226,10bp_slippage_plus_impact,0.0,False,0,S0_v7_original_top10__R1_tail_down,S0_v7_original_top10,R1_tail_down
20260227,10bp_slippage_plus_impact,0.0,False,0,S0_v7_original_top10__R1_tail_down,S0_v7_original_top10,R1_tail_down
20260302,10bp_slippage_plus_impact,-0.011866433487828532,True,10,S0_v7_original_top10__R1_tail_down,S0_v7_original_top10,R1_tail_down
20260303,10bp_slippage_plus_impact,-0.002247510079255122,True,10,S0_v7_original_top10__R1_tail_down,S0_v7_original_top10,R1_tail_down
20260304,10bp_slippage_plus_impact,0.019460740540002887,True,10,S0_v7_original_top10__R1_tail_down,S0_v7_original_top10,R1_tail_down
20260305,10bp_slippage_plus_impact,0.0,False,0,S0_v7_original_top10__R1_tail_down,S0_v7_original_top10,R1_tail_down
20260306,10bp_slippage_plus_impact,0.0,False,0,S0_v7_original_top10__R1_tail_down,S0_v7_original_top10,R1_tail_down
20260309,10bp_slippage_plus_impact,0.023710527469023156,True,10,S0_v7_original_top10__R1_tail_down,S0_v7_original_top10,R1_tail_down
20260310,10bp_slippage_plus_impact,0.0,False,0,S0_v7_original_top10__R1_tail_down,S0_v7_original_top10,R1_tail_down
20260311,10bp_slippage_plus_impact,0.0,False,0,S0_v7_original_top10__R1_tail_down,S0_v7_original_top10,R1_tail_down
20260312,10bp_slippage_plus_impact,0.0,False,0,S0_v7_original_top10__R1_tail_down,S0_v7_original_top10,R1_tail_down
20260313,10bp_slippage_plus_impact,-0.0030586504442988716,True,10,S0_v7_original_top10__R1_tail_down,S0_v7_original_top10,R1_tail_down
20260316,10bp_slippage_plus_impact,0.0,False,0,S0_v7_original_top10__R1_tail_down,S0_v7_original_top10,R1_tail_down
20260317,10bp_slippage_plus_impact,0.004755600645380642,True,10,S0_v7_original_top10__R1_tail_down,S0_v7_original_top10,R1_tail_down
20260318,10bp_slippage_plus_impact,0.0,False,0,S0_v7_original_top10__R1_tail_down,S0_v7_original_top10,R1_tail_down
20260319,10bp_slippage_plus_impact,0.00031166851134555306,True,10,S0_v7_original_top10__R1_tail_down,S0_v7_original_top10,R1_tail_down
20260320,10bp_slippage_plus_impact,-0.033128116696921006,True,10,S0_v7_original_top10__R1_tail_down,S0_v7_original_top10,R1_tail_down
20260323,10bp_slippage_plus_impact,0.020535868102504316,True,10,S0_v7_original_top10__R1_tail_down,S0_v7_original_top10,R1_tail_down
20260324,10bp_slippage_plus_impact,0.0,False,0,S0_v7_original_top10__R1_tail_down,S0_v7_original_top10,R1_tail_down
20260325,10bp_slippage_plus_impact,0.0,False,0,S0_v7_original_top10__R1_tail_down,S0_v7_original_top10,R1_tail_down
20260326,10bp_slippage_plus_impact,0.0007761085833058901,True,10,S0_v7_original_top10__R1_tail_down,S0_v7_original_top10,R1_tail_down
20260327,10bp_slippage_plus_impact,0.0,False,0,S0_v7_original_top10__R1_tail_down,S0_v7_original_top10,R1_tail_down
20260330,10bp_slippage_plus_impact,0.0,False,0,S0_v7_original_top10__R1_tail_down,S0_v7_original_top10,R1_tail_down
20260331,10bp_slippage_plus_impact,0.009856904750926775,True,10,S0_v7_original_top10__R1_tail_down,S0_v7_original_top10,R1_tail_down
20260401,10bp_slippage_plus_impact,0.0,False,0,S0_v7_original_top10__R1_tail_down,S0_v7_original_top10,R1_tail_down
20260402,10bp_slippage_plus_impact,-0.021260081516785222,True,10,S0_v7_original_top10__R1_tail_down,S0_v7_original_top10,R1_tail_down
20260403,10bp_slippage_plus_impact,0.011787021659927354,True,10,S0_v7_original_top10__R1_tail_down,S0_v7_original_top10,R1_tail_down
20260407,10bp_slippage_plus_impact,0.030104859907573923,True,10,S0_v7_original_top10__R1_tail_down,S0_v7_original_top10,R1_tail_down
20260408,10bp_slippage_plus_impact,0.0,False,0,S0_v7_original_top10__R1_tail_down,S0_v7_original_top10,R1_tail_down
20260409,10bp_slippage_plus_impact,0.01002869980333847,True,10,S0_v7_original_top10__R1_tail_down,S0_v7_original_top10,R1_tail_down
20260410,10bp_slippage_plus_impact,-0.0002468331889450504,True,10,S0_v7_original_top10__R1_tail_down,S0_v7_original_top10,R1_tail_down
20260413,10bp_slippage_plus_impact,0.009993900032787028,True,10,S0_v7_original_top10__R1_tail_down,S0_v7_original_top10,R1_tail_down
20260414,10bp_slippage_plus_impact,0.0,False,0,S0_v7_original_top10__R1_tail_down,S0_v7_original_top10,R1_tail_down
20260415,10bp_slippage_plus_impact,0.008752638935093471,True,10,S0_v7_original_top10__R1_tail_down,S0_v7_original_top10,R1_tail_down
20260416,10bp_slippage_plus_impact,0.0,False,0,S0_v7_original_top10__R1_tail_down,S0_v7_original_top10,R1_tail_down
20260417,10bp_slippage_plus_impact,0.0,False,0,S0_v7_original_top10__R1_tail_down,S0_v7_original_top10,R1_tail_down
20260420,10bp_slippage_plus_impact,0.0,False,0,S0_v7_original_top10__R1_tail_down,S0_v7_original_top10,R1_tail_down
20260421,10bp_slippage_plus_impact,0.0,False,0,S0_v7_original_top10__R1_tail_down,S0_v7_original_top10,R1_tail_down
20260422,10bp_slippage_plus_impact,0.0,False,0,S0_v7_original_top10__R1_tail_down,S0_v7_original_top10,R1_tail_down
20260423,10bp_slippage_plus_impact,0.0,False,0,S0_v7_original_top10__R1_tail_down,S0_v7_original_top10,R1_tail_down
20260424,10bp_slippage_plus_impact,-0.006724371177594024,True,10,S0_v7_original_top10__R1_tail_down,S0_v7_original_top10,R1_tail_down
20260427,10bp_slippage_plus_impact,0.0,False,0,S0_v7_original_top10__R1_tail_down,S0_v7_original_top10,R1_tail_down
20260428,10bp_slippage_plus_impact,0.0,False,0,S0_v7_original_top10__R1_tail_down,S0_v7_original_top10,R1_tail_down
20260429,10bp_slippage_plus_impact,0.007241410507147372,True,10,S0_v7_original_top10__R1_tail_down,S0_v7_original_top10,R1_tail_down
20260430,10bp_slippage_plus_impact,0.0,False,0,S0_v7_original_top10__R1_tail_down,S0_v7_original_top10,R1_tail_down
20260506,10bp_slippage_plus_impact,0.0,False,0,S0_v7_original_top10__R1_tail_down,S0_v7_original_top10,R1_tail_down
20260507,10bp_slippage_plus_impact,0.0,False,0,S0_v7_original_top10__R1_tail_down,S0_v7_original_top10,R1_tail_down
20260508,10bp_slippage_plus_impact,-0.0005320285721479689,True,10,S0_v7_original_top10__R1_tail_down,S0_v7_original_top10,R1_tail_down
20260511,10bp_slippage_plus_impact,0.0,False,0,S0_v7_original_top10__R1_tail_down,S0_v7_original_top10,R1_tail_down
20260512,10bp_slippage_plus_impact,0.0,False,0,S0_v7_original_top10__R1_tail_down,S0_v7_original_top10,R1_tail_down
20260513,10bp_slippage_plus_impact,0.0,False,0,S0_v7_original_top10__R1_tail_down,S0_v7_original_top10,R1_tail_down
20260514,10bp_slippage_plus_impact,-0.004606999173002701,True,10,S0_v7_original_top10__R1_tail_down,S0_v7_original_top10,R1_tail_down
20260515,10bp_slippage_plus_impact,0.0,False,0,S0_v7_original_top10__R1_tail_down,S0_v7_original_top10,R1_tail_down
20260518,10bp_slippage_plus_impact,0.0,False,0,S0_v7_original_top10__R1_tail_down,S0_v7_original_top10,R1_tail_down
20260519,10bp_slippage_plus_impact,0.0,False,0,S0_v7_original_top10__R1_tail_down,S0_v7_original_top10,R1_tail_down
20260520,10bp_slippage_plus_impact,0.0,False,0,S0_v7_original_top10__R1_tail_down,S0_v7_original_top10,R1_tail_down
20260224,5bp_one_way_slippage,0.0,False,0,S0_v7_original_top10__R2_market_down,S0_v7_original_top10,R2_market_down
20260225,5bp_one_way_slippage,0.0,False,0,S0_v7_original_top10__R2_market_down,S0_v7_original_top10,R2_market_down
20260226,5bp_one_way_slippage,0.0016078681650350869,True,10,S0_v7_original_top10__R2_market_down,S0_v7_original_top10,R2_market_down
20260227,5bp_one_way_slippage,0.0,False,0,S0_v7_original_top10__R2_market_down,S0_v7_original_top10,R2_market_down
20260302,5bp_one_way_slippage,-0.010832308668857793,True,10,S0_v7_original_top10__R2_market_down,S0_v7_original_top10,R2_market_down
20260303,5bp_one_way_slippage,-0.0010307150746492132,True,10,S0_v7_original_top10__R2_market_down,S0_v7_original_top10,R2_market_down
20260304,5bp_one_way_slippage,0.02061312507746139,True,10,S0_v7_original_top10__R2_market_down,S0_v7_original_top10,R2_market_down
20260305,5bp_one_way_slippage,0.0,False,0,S0_v7_original_top10__R2_market_down,S0_v7_original_top10,R2_market_down
20260306,5bp_one_way_slippage,0.0,False,0,S0_v7_original_top10__R2_market_down,S0_v7_original_top10,R2_market_down
20260309,5bp_one_way_slippage,0.024920243361915295,True,10,S0_v7_original_top10__R2_market_down,S0_v7_original_top10,R2_market_down
20260310,5bp_one_way_slippage,0.0,False,0,S0_v7_original_top10__R2_market_down,S0_v7_original_top10,R2_market_down
20260311,5bp_one_way_slippage,-0.0033242350367877816,True,10,S0_v7_original_top10__R2_market_down,S0_v7_original_top10,R2_market_down
20260312,5bp_one_way_slippage,-0.0034238395763922956,True,10,S0_v7_original_top10__R2_market_down,S0_v7_original_top10,R2_market_down
20260313,5bp_one_way_slippage,-0.0018513241955832704,True,10,S0_v7_original_top10__R2_market_down,S0_v7_original_top10,R2_market_down
20260316,5bp_one_way_slippage,0.0,False,0,S0_v7_original_top10__R2_market_down,S0_v7_original_top10,R2_market_down
20260317,5bp_one_way_slippage,0.006010881468930851,True,10,S0_v7_original_top10__R2_market_down,S0_v7_original_top10,R2_market_down
20260318,5bp_one_way_slippage,0.0,False,0,S0_v7_original_top10__R2_market_down,S0_v7_original_top10,R2_market_down
20260319,5bp_one_way_slippage,0.0015273361975130517,True,10,S0_v7_original_top10__R2_market_down,S0_v7_original_top10,R2_market_down
20260320,5bp_one_way_slippage,-0.032001628249901735,True,10,S0_v7_original_top10__R2_market_down,S0_v7_original_top10,R2_market_down
20260323,5bp_one_way_slippage,0.02180388583340658,True,10,S0_v7_original_top10__R2_market_down,S0_v7_original_top10,R2_market_down
20260324,5bp_one_way_slippage,0.0,False,0,S0_v7_original_top10__R2_market_down,S0_v7_original_top10,R2_market_down
20260325,5bp_one_way_slippage,0.0,False,0,S0_v7_original_top10__R2_market_down,S0_v7_original_top10,R2_market_down
20260326,5bp_one_way_slippage,0.0020791321862273946,True,10,S0_v7_original_top10__R2_market_down,S0_v7_original_top10,R2_market_down
20260327,5bp_one_way_slippage,0.0,False,0,S0_v7_original_top10__R2_market_down,S0_v7_original_top10,R2_market_down
20260330,5bp_one_way_slippage,0.0,False,0,S0_v7_original_top10__R2_market_down,S0_v7_original_top10,R2_market_down
20260331,5bp_one_way_slippage,0.011108695663516688,True,10,S0_v7_original_top10__R2_market_down,S0_v7_original_top10,R2_market_down
20260401,5bp_one_way_slippage,0.0,False,0,S0_v7_original_top10__R2_market_down,S0_v7_original_top10,R2_market_down
20260402,5bp_one_way_slippage,-0.02008734091937897,True,10,S0_v7_original_top10__R2_market_down,S0_v7_original_top10,R2_market_down
20260403,5bp_one_way_slippage,0.013106215548550525,True,10,S0_v7_original_top10__R2_market_down,S0_v7_original_top10,R2_market_down
20260407,5bp_one_way_slippage,0.0,False,0,S0_v7_original_top10__R2_market_down,S0_v7_original_top10,R2_market_down
20260408,5bp_one_way_slippage,0.0,False,0,S0_v7_original_top10__R2_market_down,S0_v7_original_top10,R2_market_down
20260409,5bp_one_way_slippage,0.011174893469602876,True,10,S0_v7_original_top10__R2_market_down,S0_v7_original_top10,R2_market_down
20260410,5bp_one_way_slippage,0.0,False,0,S0_v7_original_top10__R2_market_down,S0_v7_original_top10,R2_market_down
20260413,5bp_one_way_slippage,0.011122505782856108,True,10,S0_v7_original_top10__R2_market_down,S0_v7_original_top10,R2_market_down
20260414,5bp_one_way_slippage,0.0,False,0,S0_v7_original_top10__R2_market_down,S0_v7_original_top10,R2_market_down
20260415,5bp_one_way_slippage,0.009986983402563876,True,10,S0_v7_original_top10__R2_market_down,S0_v7_original_top10,R2_market_down
20260416,5bp_one_way_slippage,0.0,False,0,S0_v7_original_top10__R2_market_down,S0_v7_original_top10,R2_market_down
20260417,5bp_one_way_slippage,0.01509081913483037,True,10,S0_v7_original_top10__R2_market_down,S0_v7_original_top10,R2_market_down
20260420,5bp_one_way_slippage,0.0,False,0,S0_v7_original_top10__R2_market_down,S0_v7_original_top10,R2_market_down
20260421,5bp_one_way_slippage,-0.004018488048694435,True,10,S0_v7_original_top10__R2_market_down,S0_v7_original_top10,R2_market_down
20260422,5bp_one_way_slippage,0.0,False,0,S0_v7_original_top10__R2_market_down,S0_v7_original_top10,R2_market_down
20260423,5bp_one_way_slippage,-0.007788792065132699,True,10,S0_v7_original_top10__R2_market_down,S0_v7_original_top10,R2_market_down
20260424,5bp_one_way_slippage,-0.005515797087987417,True,10,S0_v7_original_top10__R2_market_down,S0_v7_original_top10,R2_market_down
20260427,5bp_one_way_slippage,0.0,False,0,S0_v7_original_top10__R2_market_down,S0_v7_original_top10,R2_market_down
20260428,5bp_one_way_slippage,0.001088589245762084,True,10,S0_v7_original_top10__R2_market_down,S0_v7_original_top10,R2_market_down
20260429,5bp_one_way_slippage,0.0,False,0,S0_v7_original_top10__R2_market_down,S0_v7_original_top10,R2_market_down
20260430,5bp_one_way_slippage,0.0,False,0,S0_v7_original_top10__R2_market_down,S0_v7_original_top10,R2_market_down
20260506,5bp_one_way_slippage,0.0,False,0,S0_v7_original_top10__R2_market_down,S0_v7_original_top10,R2_market_down
20260507,5bp_one_way_slippage,0.0,False,0,S0_v7_original_top10__R2_market_down,S0_v7_original_top10,R2_market_down
20260508,5bp_one_way_slippage,0.0,False,0,S0_v7_original_top10__R2_market_down,S0_v7_original_top10,R2_market_down
20260511,5bp_one_way_slippage,0.0,False,0,S0_v7_original_top10__R2_market_down,S0_v7_original_top10,R2_market_down
20260512,5bp_one_way_slippage,-0.009014519669690423,True,10,S0_v7_original_top10__R2_market_down,S0_v7_original_top10,R2_market_down
20260513,5bp_one_way_slippage,0.0,False,0,S0_v7_original_top10__R2_market_down,S0_v7_original_top10,R2_market_down
20260514,5bp_one_way_slippage,-0.003402313258937917,True,10,S0_v7_original_top10__R2_market_down,S0_v7_original_top10,R2_market_down
20260515,5bp_one_way_slippage,-0.004227526640332801,True,10,S0_v7_original_top10__R2_market_down,S0_v7_original_top10,R2_market_down
20260518,5bp_one_way_slippage,-0.007591403157196308,True,10,S0_v7_original_top10__R2_market_down,S0_v7_original_top10,R2_market_down
20260519,5bp_one_way_slippage,0.0,False,0,S0_v7_original_top10__R2_market_down,S0_v7_original_top10,R2_market_down
20260520,5bp_one_way_slippage,0.020080715515563997,True,10,S0_v7_original_top10__R2_market_down,S0_v7_original_top10,R2_market_down
20260224,10bp_one_way_slippage,0.0,False,0,S0_v7_original_top10__R2_market_down,S0_v7_original_top10,R2_market_down
20260225,10bp_one_way_slippage,0.0,False,0,S0_v7_original_top10__R2_market_down,S0_v7_original_top10,R2_market_down
20260226,10bp_one_way_slippage,0.0006065091342136286,True,10,S0_v7_original_top10__R2_market_down,S0_v7_original_top10,R2_market_down
20260227,10bp_one_way_slippage,0.0,False,0,S0_v7_original_top10__R2_market_down,S0_v7_original_top10,R2_market_down
20260302,10bp_one_way_slippage,-0.011821230613456635,True,10,S0_v7_original_top10__R2_market_down,S0_v7_original_top10,R2_market_down
20260303,10bp_one_way_slippage,-0.0020294361777550398,True,10,S0_v7_original_top10__R2_market_down,S0_v7_original_top10,R2_market_down
20260304,10bp_one_way_slippage,0.01959276551135337,True,10,S0_v7_original_top10__R2_market_down,S0_v7_original_top10,R2_market_down
20260305,10bp_one_way_slippage,0.0,False,0,S0_v7_original_top10__R2_market_down,S0_v7_original_top10,R2_market_down
20260306,10bp_one_way_slippage,0.0,False,0,S0_v7_original_top10__R2_market_down,S0_v7_original_top10,R2_market_down
20260309,10bp_one_way_slippage,0.023895577747574205,True,10,S0_v7_original_top10__R2_market_down,S0_v7_original_top10,R2_market_down
20260310,10bp_one_way_slippage,0.0,False,0,S0_v7_original_top10__R2_market_down,S0_v7_original_top10,R2_market_down
20260311,10bp_one_way_slippage,-0.004320663189728791,True,10,S0_v7_original_top10__R2_market_down,S0_v7_original_top10,R2_market_down
20260312,10bp_one_way_slippage,-0.0044201681495391835,True,10,S0_v7_original_top10__R2_market_down,S0_v7_original_top10,R2_market_down
20260313,10bp_one_way_slippage,-0.002849224893438573,True,10,S0_v7_original_top10__R2_market_down,S0_v7_original_top10,R2_market_down
20260316,10bp_one_way_slippage,0.0,False,0,S0_v7_original_top10__R2_market_down,S0_v7_original_top10,R2_market_down
20260317,10bp_one_way_slippage,0.005005120518680783,True,10,S0_v7_original_top10__R2_market_down,S0_v7_original_top10,R2_market_down
20260318,10bp_one_way_slippage,0.0,False,0,S0_v7_original_top10__R2_market_down,S0_v7_original_top10,R2_market_down
20260319,10bp_one_way_slippage,0.0005260576786518811,True,10,S0_v7_original_top10__R2_market_down,S0_v7_original_top10,R2_market_down
20260320,10bp_one_way_slippage,-0.0329693861341806,True,10,S0_v7_original_top10__R2_market_down,S0_v7_original_top10,R2_market_down
20260323,10bp_one_way_slippage,0.0207823358023727,True,10,S0_v7_original_top10__R2_market_down,S0_v7_original_top10,R2_market_down
20260324,10bp_one_way_slippage,0.0,False,0,S0_v7_original_top10__R2_market_down,S0_v7_original_top10,R2_market_down
20260325,10bp_one_way_slippage,0.0,False,0,S0_v7_original_top10__R2_market_down,S0_v7_original_top10,R2_market_down
20260326,10bp_one_way_slippage,0.0010773020084645535,True,10,S0_v7_original_top10__R2_market_down,S0_v7_original_top10,R2_market_down
20260327,10bp_one_way_slippage,0.0,False,0,S0_v7_original_top10__R2_market_down,S0_v7_original_top10,R2_market_down
20260330,10bp_one_way_slippage,0.0,False,0,S0_v7_original_top10__R2_market_down,S0_v7_original_top10,R2_market_down
20260331,10bp_one_way_slippage,0.010097838165562211,True,10,S0_v7_original_top10__R2_market_down,S0_v7_original_top10,R2_market_down
20260401,10bp_one_way_slippage,0.0,False,0,S0_v7_original_top10__R2_market_down,S0_v7_original_top10,R2_market_down
20260402,10bp_one_way_slippage,-0.021067010131027963,True,10,S0_v7_original_top10__R2_market_down,S0_v7_original_top10,R2_market_down
20260403,10bp_one_way_slippage,0.012093361026970673,True,10,S0_v7_original_top10__R2_market_down,S0_v7_original_top10,R2_market_down
20260407,10bp_one_way_slippage,0.0,False,0,S0_v7_original_top10__R2_market_down,S0_v7_original_top10,R2_market_down
20260408,10bp_one_way_slippage,0.0,False,0,S0_v7_original_top10__R2_market_down,S0_v7_original_top10,R2_market_down
20260409,10bp_one_way_slippage,0.010163969790288363,True,10,S0_v7_original_top10__R2_market_down,S0_v7_original_top10,R2_market_down
20260410,10bp_one_way_slippage,0.0,False,0,S0_v7_original_top10__R2_market_down,S0_v7_original_top10,R2_market_down
20260413,10bp_one_way_slippage,0.010111634478213349,True,10,S0_v7_original_top10__R2_market_down,S0_v7_original_top10,R2_market_down
20260414,10bp_one_way_slippage,0.0,False,0,S0_v7_original_top10__R2_market_down,S0_v7_original_top10,R2_market_down
20260415,10bp_one_way_slippage,0.008977247338194628,True,10,S0_v7_original_top10__R2_market_down,S0_v7_original_top10,R2_market_down
20260416,10bp_one_way_slippage,0.0,False,0,S0_v7_original_top10__R2_market_down,S0_v7_original_top10,R2_market_down
20260417,10bp_one_way_slippage,0.014075980502714969,True,10,S0_v7_original_top10__R2_market_down,S0_v7_original_top10,R2_market_down
20260420,10bp_one_way_slippage,0.0,False,0,S0_v7_original_top10__R2_market_down,S0_v7_original_top10,R2_market_down
20260421,10bp_one_way_slippage,-0.005014222121102263,True,10,S0_v7_original_top10__R2_market_down,S0_v7_original_top10,R2_market_down
20260422,10bp_one_way_slippage,0.0,False,0,S0_v7_original_top10__R2_market_down,S0_v7_original_top10,R2_market_down
20260423,10bp_one_way_slippage,-0.008780756770210419,True,10,S0_v7_original_top10__R2_market_down,S0_v7_original_top10,R2_market_down
20260424,10bp_one_way_slippage,-0.00651003422334423,True,10,S0_v7_original_top10__R2_market_down,S0_v7_original_top10,R2_market_down
20260427,10bp_one_way_slippage,0.0,False,0,S0_v7_original_top10__R2_market_down,S0_v7_original_top10,R2_market_down
20260428,10bp_one_way_slippage,8.774936485131946e-05,True,10,S0_v7_original_top10__R2_market_down,S0_v7_original_top10,R2_market_down
20260429,10bp_one_way_slippage,0.0,False,0,S0_v7_original_top10__R2_market_down,S0_v7_original_top10,R2_market_down
20260430,10bp_one_way_slippage,0.0,False,0,S0_v7_original_top10__R2_market_down,S0_v7_original_top10,R2_market_down
20260506,10bp_one_way_slippage,0.0,False,0,S0_v7_original_top10__R2_market_down,S0_v7_original_top10,R2_market_down
20260507,10bp_one_way_slippage,0.0,False,0,S0_v7_original_top10__R2_market_down,S0_v7_original_top10,R2_market_down
20260508,10bp_one_way_slippage,0.0,False,0,S0_v7_original_top10__R2_market_down,S0_v7_original_top10,R2_market_down
20260511,10bp_one_way_slippage,0.0,False,0,S0_v7_original_top10__R2_market_down,S0_v7_original_top10,R2_market_down
20260512,10bp_one_way_slippage,-0.010005258951680761,True,10,S0_v7_original_top10__R2_market_down,S0_v7_original_top10,R2_market_down
20260513,10bp_one_way_slippage,0.0,False,0,S0_v7_original_top10__R2_market_down,S0_v7_original_top10,R2_market_down
20260514,10bp_one_way_slippage,-0.004398663353054289,True,10,S0_v7_original_top10__R2_market_down,S0_v7_original_top10,R2_market_down
20260515,10bp_one_way_slippage,-0.005223051726082073,True,10,S0_v7_original_top10__R2_market_down,S0_v7_original_top10,R2_market_down
20260518,10bp_one_way_slippage,-0.008583565202143106,True,10,S0_v7_original_top10__R2_market_down,S0_v7_original_top10,R2_market_down
20260519,10bp_one_way_slippage,0.0,False,0,S0_v7_original_top10__R2_market_down,S0_v7_original_top10,R2_market_down
20260520,10bp_one_way_slippage,0.01906088822674714,True,10,S0_v7_original_top10__R2_market_down,S0_v7_original_top10,R2_market_down
20260224,10bp_slippage_plus_impact,0.0,False,0,S0_v7_original_top10__R2_market_down,S0_v7_original_top10,R2_market_down
20260225,10bp_slippage_plus_impact,0.0,False,0,S0_v7_original_top10__R2_market_down,S0_v7_original_top10,R2_market_down
20260226,10bp_slippage_plus_impact,0.0004683200748953786,True,10,S0_v7_original_top10__R2_market_down,S0_v7_original_top10,R2_market_down
20260227,10bp_slippage_plus_impact,0.0,False,0,S0_v7_original_top10__R2_market_down,S0_v7_original_top10,R2_market_down
20260302,10bp_slippage_plus_impact,-0.011866433487828532,True,10,S0_v7_original_top10__R2_market_down,S0_v7_original_top10,R2_market_down
20260303,10bp_slippage_plus_impact,-0.002247510079255122,True,10,S0_v7_original_top10__R2_market_down,S0_v7_original_top10,R2_market_down
20260304,10bp_slippage_plus_impact,0.019460740540002887,True,10,S0_v7_original_top10__R2_market_down,S0_v7_original_top10,R2_market_down
20260305,10bp_slippage_plus_impact,0.0,False,0,S0_v7_original_top10__R2_market_down,S0_v7_original_top10,R2_market_down
20260306,10bp_slippage_plus_impact,0.0,False,0,S0_v7_original_top10__R2_market_down,S0_v7_original_top10,R2_market_down
20260309,10bp_slippage_plus_impact,0.023710527469023156,True,10,S0_v7_original_top10__R2_market_down,S0_v7_original_top10,R2_market_down
20260310,10bp_slippage_plus_impact,0.0,False,0,S0_v7_original_top10__R2_market_down,S0_v7_original_top10,R2_market_down
20260311,10bp_slippage_plus_impact,-0.004387774727561855,True,10,S0_v7_original_top10__R2_market_down,S0_v7_original_top10,R2_market_down
20260312,10bp_slippage_plus_impact,-0.004563945192429619,True,10,S0_v7_original_top10__R2_market_down,S0_v7_original_top10,R2_market_down
20260313,10bp_slippage_plus_impact,-0.0030586504442988716,True,10,S0_v7_original_top10__R2_market_down,S0_v7_original_top10,R2_market_down
20260316,10bp_slippage_plus_impact,0.0,False,0,S0_v7_original_top10__R2_market_down,S0_v7_original_top10,R2_market_down
20260317,10bp_slippage_plus_impact,0.004755600645380642,True,10,S0_v7_original_top10__R2_market_down,S0_v7_original_top10,R2_market_down
20260318,10bp_slippage_plus_impact,0.0,False,0,S0_v7_original_top10__R2_market_down,S0_v7_original_top10,R2_market_down
20260319,10bp_slippage_plus_impact,0.00031166851134555306,True,10,S0_v7_original_top10__R2_market_down,S0_v7_original_top10,R2_market_down
20260320,10bp_slippage_plus_impact,-0.033128116696921006,True,10,S0_v7_original_top10__R2_market_down,S0_v7_original_top10,R2_market_down
20260323,10bp_slippage_plus_impact,0.020535868102504316,True,10,S0_v7_original_top10__R2_market_down,S0_v7_original_top10,R2_market_down
20260324,10bp_slippage_plus_impact,0.0,False,0,S0_v7_original_top10__R2_market_down,S0_v7_original_top10,R2_market_down
20260325,10bp_slippage_plus_impact,0.0,False,0,S0_v7_original_top10__R2_market_down,S0_v7_original_top10,R2_market_down
20260326,10bp_slippage_plus_impact,0.0007761085833058901,True,10,S0_v7_original_top10__R2_market_down,S0_v7_original_top10,R2_market_down
20260327,10bp_slippage_plus_impact,0.0,False,0,S0_v7_original_top10__R2_market_down,S0_v7_original_top10,R2_market_down
20260330,10bp_slippage_plus_impact,0.0,False,0,S0_v7_original_top10__R2_market_down,S0_v7_original_top10,R2_market_down
20260331,10bp_slippage_plus_impact,0.009856904750926775,True,10,S0_v7_original_top10__R2_market_down,S0_v7_original_top10,R2_market_down
20260401,10bp_slippage_plus_impact,0.0,False,0,S0_v7_original_top10__R2_market_down,S0_v7_original_top10,R2_market_down
20260402,10bp_slippage_plus_impact,-0.021260081516785222,True,10,S0_v7_original_top10__R2_market_down,S0_v7_original_top10,R2_market_down
20260403,10bp_slippage_plus_impact,0.011787021659927354,True,10,S0_v7_original_top10__R2_market_down,S0_v7_original_top10,R2_market_down
20260407,10bp_slippage_plus_impact,0.0,False,0,S0_v7_original_top10__R2_market_down,S0_v7_original_top10,R2_market_down
20260408,10bp_slippage_plus_impact,0.0,False,0,S0_v7_original_top10__R2_market_down,S0_v7_original_top10,R2_market_down
20260409,10bp_slippage_plus_impact,0.01002869980333847,True,10,S0_v7_original_top10__R2_market_down,S0_v7_original_top10,R2_market_down
20260410,10bp_slippage_plus_impact,0.0,False,0,S0_v7_original_top10__R2_market_down,S0_v7_original_top10,R2_market_down
20260413,10bp_slippage_plus_impact,0.009993900032787028,True,10,S0_v7_original_top10__R2_market_down,S0_v7_original_top10,R2_market_down
20260414,10bp_slippage_plus_impact,0.0,False,0,S0_v7_original_top10__R2_market_down,S0_v7_original_top10,R2_market_down
20260415,10bp_slippage_plus_impact,0.008752638935093471,True,10,S0_v7_original_top10__R2_market_down,S0_v7_original_top10,R2_market_down
20260416,10bp_slippage_plus_impact,0.0,False,0,S0_v7_original_top10__R2_market_down,S0_v7_original_top10,R2_market_down
20260417,10bp_slippage_plus_impact,0.013935766473965449,True,10,S0_v7_original_top10__R2_market_down,S0_v7_original_top10,R2_market_down
20260420,10bp_slippage_plus_impact,0.0,False,0,S0_v7_original_top10__R2_market_down,S0_v7_original_top10,R2_market_down
20260421,10bp_slippage_plus_impact,-0.005102511886980932,True,10,S0_v7_original_top10__R2_market_down,S0_v7_original_top10,R2_market_down
20260422,10bp_slippage_plus_impact,0.0,False,0,S0_v7_original_top10__R2_market_down,S0_v7_original_top10,R2_market_down
20260423,10bp_slippage_plus_impact,-0.009032240423921378,True,10,S0_v7_original_top10__R2_market_down,S0_v7_original_top10,R2_market_down
20260424,10bp_slippage_plus_impact,-0.006724371177594024,True,10,S0_v7_original_top10__R2_market_down,S0_v7_original_top10,R2_market_down
20260427,10bp_slippage_plus_impact,0.0,False,0,S0_v7_original_top10__R2_market_down,S0_v7_original_top10,R2_market_down
20260428,10bp_slippage_plus_impact,-0.00012336715478719062,True,10,S0_v7_original_top10__R2_market_down,S0_v7_original_top10,R2_market_down
20260429,10bp_slippage_plus_impact,0.0,False,0,S0_v7_original_top10__R2_market_down,S0_v7_original_top10,R2_market_down
20260430,10bp_slippage_plus_impact,0.0,False,0,S0_v7_original_top10__R2_market_down,S0_v7_original_top10,R2_market_down
20260506,10bp_slippage_plus_impact,0.0,False,0,S0_v7_original_top10__R2_market_down,S0_v7_original_top10,R2_market_down
20260507,10bp_slippage_plus_impact,0.0,False,0,S0_v7_original_top10__R2_market_down,S0_v7_original_top10,R2_market_down
20260508,10bp_slippage_plus_impact,0.0,False,0,S0_v7_original_top10__R2_market_down,S0_v7_original_top10,R2_market_down
20260511,10bp_slippage_plus_impact,0.0,False,0,S0_v7_original_top10__R2_market_down,S0_v7_original_top10,R2_market_down
20260512,10bp_slippage_plus_impact,-0.010243437014542089,True,10,S0_v7_original_top10__R2_market_down,S0_v7_original_top10,R2_market_down
20260513,10bp_slippage_plus_impact,0.0,False,0,S0_v7_original_top10__R2_market_down,S0_v7_original_top10,R2_market_down
20260514,10bp_slippage_plus_impact,-0.004606999173002701,True,10,S0_v7_original_top10__R2_market_down,S0_v7_original_top10,R2_market_down
20260515,10bp_slippage_plus_impact,-0.0053402704240595456,True,10,S0_v7_original_top10__R2_market_down,S0_v7_original_top10,R2_market_down
20260518,10bp_slippage_plus_impact,-0.00874080648603165,True,10,S0_v7_original_top10__R2_market_down,S0_v7_original_top10,R2_market_down
20260519,10bp_slippage_plus_impact,0.0,False,0,S0_v7_original_top10__R2_market_down,S0_v7_original_top10,R2_market_down
20260520,10bp_slippage_plus_impact,0.018973915324606395,True,10,S0_v7_original_top10__R2_market_down,S0_v7_original_top10,R2_market_down
20260224,5bp_one_way_slippage,0.008424201145136612,True,10,S0_v7_original_top10__R3_low_tail_vol,S0_v7_original_top10,R3_low_tail_vol
20260225,5bp_one_way_slippage,0.0,False,0,S0_v7_original_top10__R3_low_tail_vol,S0_v7_original_top10,R3_low_tail_vol
20260226,5bp_one_way_slippage,0.0016078681650350869,True,10,S0_v7_original_top10__R3_low_tail_vol,S0_v7_original_top10,R3_low_tail_vol
20260227,5bp_one_way_slippage,0.0,False,0,S0_v7_original_top10__R3_low_tail_vol,S0_v7_original_top10,R3_low_tail_vol
20260302,5bp_one_way_slippage,0.0,False,0,S0_v7_original_top10__R3_low_tail_vol,S0_v7_original_top10,R3_low_tail_vol
20260303,5bp_one_way_slippage,0.0,False,0,S0_v7_original_top10__R3_low_tail_vol,S0_v7_original_top10,R3_low_tail_vol
20260304,5bp_one_way_slippage,0.0,False,0,S0_v7_original_top10__R3_low_tail_vol,S0_v7_original_top10,R3_low_tail_vol
20260305,5bp_one_way_slippage,0.0,False,0,S0_v7_original_top10__R3_low_tail_vol,S0_v7_original_top10,R3_low_tail_vol
20260306,5bp_one_way_slippage,0.0,False,0,S0_v7_original_top10__R3_low_tail_vol,S0_v7_original_top10,R3_low_tail_vol
20260309,5bp_one_way_slippage,0.0,False,0,S0_v7_original_top10__R3_low_tail_vol,S0_v7_original_top10,R3_low_tail_vol
20260310,5bp_one_way_slippage,-0.003913601327750138,True,10,S0_v7_original_top10__R3_low_tail_vol,S0_v7_original_top10,R3_low_tail_vol
20260311,5bp_one_way_slippage,0.0,False,0,S0_v7_original_top10__R3_low_tail_vol,S0_v7_original_top10,R3_low_tail_vol
20260312,5bp_one_way_slippage,-0.0034238395763922956,True,10,S0_v7_original_top10__R3_low_tail_vol,S0_v7_original_top10,R3_low_tail_vol
20260313,5bp_one_way_slippage,-0.0018513241955832704,True,10,S0_v7_original_top10__R3_low_tail_vol,S0_v7_original_top10,R3_low_tail_vol
20260316,5bp_one_way_slippage,0.0007551812003478098,True,10,S0_v7_original_top10__R3_low_tail_vol,S0_v7_original_top10,R3_low_tail_vol
20260317,5bp_one_way_slippage,0.0,False,0,S0_v7_original_top10__R3_low_tail_vol,S0_v7_original_top10,R3_low_tail_vol
20260318,5bp_one_way_slippage,-0.01667397076504955,True,10,S0_v7_original_top10__R3_low_tail_vol,S0_v7_original_top10,R3_low_tail_vol
20260319,5bp_one_way_slippage,0.0015273361975130517,True,10,S0_v7_original_top10__R3_low_tail_vol,S0_v7_original_top10,R3_low_tail_vol
20260320,5bp_one_way_slippage,0.0,False,0,S0_v7_original_top10__R3_low_tail_vol,S0_v7_original_top10,R3_low_tail_vol
20260323,5bp_one_way_slippage,0.0,False,0,S0_v7_original_top10__R3_low_tail_vol,S0_v7_original_top10,R3_low_tail_vol
20260324,5bp_one_way_slippage,0.0,False,0,S0_v7_original_top10__R3_low_tail_vol,S0_v7_original_top10,R3_low_tail_vol
20260325,5bp_one_way_slippage,-0.0005387642871377829,True,10,S0_v7_original_top10__R3_low_tail_vol,S0_v7_original_top10,R3_low_tail_vol
20260326,5bp_one_way_slippage,0.0020791321862273946,True,10,S0_v7_original_top10__R3_low_tail_vol,S0_v7_original_top10,R3_low_tail_vol
20260327,5bp_one_way_slippage,-0.011047883018484916,True,10,S0_v7_original_top10__R3_low_tail_vol,S0_v7_original_top10,R3_low_tail_vol
20260330,5bp_one_way_slippage,0.009612444420709743,True,10,S0_v7_original_top10__R3_low_tail_vol,S0_v7_original_top10,R3_low_tail_vol
20260331,5bp_one_way_slippage,0.011108695663516688,True,10,S0_v7_original_top10__R3_low_tail_vol,S0_v7_original_top10,R3_low_tail_vol
20260401,5bp_one_way_slippage,0.0,False,0,S0_v7_original_top10__R3_low_tail_vol,S0_v7_original_top10,R3_low_tail_vol
20260402,5bp_one_way_slippage,-0.02008734091937897,True,10,S0_v7_original_top10__R3_low_tail_vol,S0_v7_original_top10,R3_low_tail_vol
20260403,5bp_one_way_slippage,0.013106215548550525,True,10,S0_v7_original_top10__R3_low_tail_vol,S0_v7_original_top10,R3_low_tail_vol
20260407,5bp_one_way_slippage,0.03133403000173749,True,10,S0_v7_original_top10__R3_low_tail_vol,S0_v7_original_top10,R3_low_tail_vol
20260408,5bp_one_way_slippage,-0.018782288322670482,True,10,S0_v7_original_top10__R3_low_tail_vol,S0_v7_original_top10,R3_low_tail_vol
20260409,5bp_one_way_slippage,0.011174893469602876,True,10,S0_v7_original_top10__R3_low_tail_vol,S0_v7_original_top10,R3_low_tail_vol
20260410,5bp_one_way_slippage,0.0008984500776018312,True,10,S0_v7_original_top10__R3_low_tail_vol,S0_v7_original_top10,R3_low_tail_vol
20260413,5bp_one_way_slippage,0.011122505782856108,True,10,S0_v7_original_top10__R3_low_tail_vol,S0_v7_original_top10,R3_low_tail_vol
20260414,5bp_one_way_slippage,0.0,False,0,S0_v7_original_top10__R3_low_tail_vol,S0_v7_original_top10,R3_low_tail_vol
20260415,5bp_one_way_slippage,0.009986983402563876,True,10,S0_v7_original_top10__R3_low_tail_vol,S0_v7_original_top10,R3_low_tail_vol
20260416,5bp_one_way_slippage,-0.010267501995042649,True,10,S0_v7_original_top10__R3_low_tail_vol,S0_v7_original_top10,R3_low_tail_vol
20260417,5bp_one_way_slippage,0.01509081913483037,True,10,S0_v7_original_top10__R3_low_tail_vol,S0_v7_original_top10,R3_low_tail_vol
20260420,5bp_one_way_slippage,-0.0007277906654587496,True,10,S0_v7_original_top10__R3_low_tail_vol,S0_v7_original_top10,R3_low_tail_vol
20260421,5bp_one_way_slippage,0.0,False,0,S0_v7_original_top10__R3_low_tail_vol,S0_v7_original_top10,R3_low_tail_vol
20260422,5bp_one_way_slippage,0.0028739489848441215,True,10,S0_v7_original_top10__R3_low_tail_vol,S0_v7_original_top10,R3_low_tail_vol
20260423,5bp_one_way_slippage,0.0,False,0,S0_v7_original_top10__R3_low_tail_vol,S0_v7_original_top10,R3_low_tail_vol
20260424,5bp_one_way_slippage,0.0,False,0,S0_v7_original_top10__R3_low_tail_vol,S0_v7_original_top10,R3_low_tail_vol
20260427,5bp_one_way_slippage,-0.00592667190522086,True,10,S0_v7_original_top10__R3_low_tail_vol,S0_v7_original_top10,R3_low_tail_vol
20260428,5bp_one_way_slippage,0.0,False,0,S0_v7_original_top10__R3_low_tail_vol,S0_v7_original_top10,R3_low_tail_vol
20260429,5bp_one_way_slippage,0.008455939017266911,True,10,S0_v7_original_top10__R3_low_tail_vol,S0_v7_original_top10,R3_low_tail_vol
20260430,5bp_one_way_slippage,0.0,False,0,S0_v7_original_top10__R3_low_tail_vol,S0_v7_original_top10,R3_low_tail_vol
20260506,5bp_one_way_slippage,-0.0030942258786325837,True,10,S0_v7_original_top10__R3_low_tail_vol,S0_v7_original_top10,R3_low_tail_vol
20260507,5bp_one_way_slippage,0.009470432014167163,True,10,S0_v7_original_top10__R3_low_tail_vol,S0_v7_original_top10,R3_low_tail_vol
20260508,5bp_one_way_slippage,0.0,False,0,S0_v7_original_top10__R3_low_tail_vol,S0_v7_original_top10,R3_low_tail_vol
20260511,5bp_one_way_slippage,0.0,False,0,S0_v7_original_top10__R3_low_tail_vol,S0_v7_original_top10,R3_low_tail_vol
20260512,5bp_one_way_slippage,0.0,False,0,S0_v7_original_top10__R3_low_tail_vol,S0_v7_original_top10,R3_low_tail_vol
20260513,5bp_one_way_slippage,0.0,False,0,S0_v7_original_top10__R3_low_tail_vol,S0_v7_original_top10,R3_low_tail_vol
20260514,5bp_one_way_slippage,0.0,False,0,S0_v7_original_top10__R3_low_tail_vol,S0_v7_original_top10,R3_low_tail_vol
20260515,5bp_one_way_slippage,0.0,False,0,S0_v7_original_top10__R3_low_tail_vol,S0_v7_original_top10,R3_low_tail_vol
20260518,5bp_one_way_slippage,0.0,False,0,S0_v7_original_top10__R3_low_tail_vol,S0_v7_original_top10,R3_low_tail_vol
20260519,5bp_one_way_slippage,0.0,False,0,S0_v7_original_top10__R3_low_tail_vol,S0_v7_original_top10,R3_low_tail_vol
20260520,5bp_one_way_slippage,0.0,False,0,S0_v7_original_top10__R3_low_tail_vol,S0_v7_original_top10,R3_low_tail_vol
20260224,10bp_one_way_slippage,0.007416027474770381,True,10,S0_v7_original_top10__R3_low_tail_vol,S0_v7_original_top10,R3_low_tail_vol
20260225,10bp_one_way_slippage,0.0,False,0,S0_v7_original_top10__R3_low_tail_vol,S0_v7_original_top10,R3_low_tail_vol
20260226,10bp_one_way_slippage,0.0006065091342136286,True,10,S0_v7_original_top10__R3_low_tail_vol,S0_v7_original_top10,R3_low_tail_vol
20260227,10bp_one_way_slippage,0.0,False,0,S0_v7_original_top10__R3_low_tail_vol,S0_v7_original_top10,R3_low_tail_vol
20260302,10bp_one_way_slippage,0.0,False,0,S0_v7_original_top10__R3_low_tail_vol,S0_v7_original_top10,R3_low_tail_vol
20260303,10bp_one_way_slippage,0.0,False,0,S0_v7_original_top10__R3_low_tail_vol,S0_v7_original_top10,R3_low_tail_vol
20260304,10bp_one_way_slippage,0.0,False,0,S0_v7_original_top10__R3_low_tail_vol,S0_v7_original_top10,R3_low_tail_vol
20260305,10bp_one_way_slippage,0.0,False,0,S0_v7_original_top10__R3_low_tail_vol,S0_v7_original_top10,R3_low_tail_vol
20260306,10bp_one_way_slippage,0.0,False,0,S0_v7_original_top10__R3_low_tail_vol,S0_v7_original_top10,R3_low_tail_vol
20260309,10bp_one_way_slippage,0.0,False,0,S0_v7_original_top10__R3_low_tail_vol,S0_v7_original_top10,R3_low_tail_vol
20260310,10bp_one_way_slippage,-0.004909440260821074,True,10,S0_v7_original_top10__R3_low_tail_vol,S0_v7_original_top10,R3_low_tail_vol
20260311,10bp_one_way_slippage,0.0,False,0,S0_v7_original_top10__R3_low_tail_vol,S0_v7_original_top10,R3_low_tail_vol
20260312,10bp_one_way_slippage,-0.0044201681495391835,True,10,S0_v7_original_top10__R3_low_tail_vol,S0_v7_original_top10,R3_low_tail_vol
20260313,10bp_one_way_slippage,-0.002849224893438573,True,10,S0_v7_original_top10__R3_low_tail_vol,S0_v7_original_top10,R3_low_tail_vol
20260316,10bp_one_way_slippage,-0.00024532535534874664,True,10,S0_v7_original_top10__R3_low_tail_vol,S0_v7_original_top10,R3_low_tail_vol
20260317,10bp_one_way_slippage,0.0,False,0,S0_v7_original_top10__R3_low_tail_vol,S0_v7_original_top10,R3_low_tail_vol
20260318,10bp_one_way_slippage,-0.017657052498842384,True,10,S0_v7_original_top10__R3_low_tail_vol,S0_v7_original_top10,R3_low_tail_vol
20260319,10bp_one_way_slippage,0.0005260576786518811,True,10,S0_v7_original_top10__R3_low_tail_vol,S0_v7_original_top10,R3_low_tail_vol
20260320,10bp_one_way_slippage,0.0,False,0,S0_v7_original_top10__R3_low_tail_vol,S0_v7_original_top10,R3_low_tail_vol
20260323,10bp_one_way_slippage,0.0,False,0,S0_v7_original_top10__R3_low_tail_vol,S0_v7_original_top10,R3_low_tail_vol
20260324,10bp_one_way_slippage,0.0,False,0,S0_v7_original_top10__R3_low_tail_vol,S0_v7_original_top10,R3_low_tail_vol
20260325,10bp_one_way_slippage,-0.0015379772188119367,True,10,S0_v7_original_top10__R3_low_tail_vol,S0_v7_original_top10,R3_low_tail_vol
20260326,10bp_one_way_slippage,0.0010773020084645535,True,10,S0_v7_original_top10__R3_low_tail_vol,S0_v7_original_top10,R3_low_tail_vol
20260327,10bp_one_way_slippage,-0.012036589442290968,True,10,S0_v7_original_top10__R3_low_tail_vol,S0_v7_original_top10,R3_low_tail_vol
20260330,10bp_one_way_slippage,0.008603082802272632,True,10,S0_v7_original_top10__R3_low_tail_vol,S0_v7_original_top10,R3_low_tail_vol
20260331,10bp_one_way_slippage,0.010097838165562211,True,10,S0_v7_original_top10__R3_low_tail_vol,S0_v7_original_top10,R3_low_tail_vol
20260401,10bp_one_way_slippage,0.0,False,0,S0_v7_original_top10__R3_low_tail_vol,S0_v7_original_top10,R3_low_tail_vol
20260402,10bp_one_way_slippage,-0.021067010131027963,True,10,S0_v7_original_top10__R3_low_tail_vol,S0_v7_original_top10,R3_low_tail_vol
20260403,10bp_one_way_slippage,0.012093361026970673,True,10,S0_v7_original_top10__R3_low_tail_vol,S0_v7_original_top10,R3_low_tail_vol
20260407,10bp_one_way_slippage,0.03030295219418422,True,10,S0_v7_original_top10__R3_low_tail_vol,S0_v7_original_top10,R3_low_tail_vol
20260408,10bp_one_way_slippage,-0.01976326226269167,True,10,S0_v7_original_top10__R3_low_tail_vol,S0_v7_original_top10,R3_low_tail_vol
20260409,10bp_one_way_slippage,0.010163969790288363,True,10,S0_v7_original_top10__R3_low_tail_vol,S0_v7_original_top10,R3_low_tail_vol
20260410,10bp_one_way_slippage,-0.00010219971137853667,True,10,S0_v7_original_top10__R3_low_tail_vol,S0_v7_original_top10,R3_low_tail_vol
20260413,10bp_one_way_slippage,0.010111634478213349,True,10,S0_v7_original_top10__R3_low_tail_vol,S0_v7_original_top10,R3_low_tail_vol
20260414,10bp_one_way_slippage,0.0,False,0,S0_v7_original_top10__R3_low_tail_vol,S0_v7_original_top10,R3_low_tail_vol
20260415,10bp_one_way_slippage,0.008977247338194628,True,10,S0_v7_original_top10__R3_low_tail_vol,S0_v7_original_top10,R3_low_tail_vol
20260416,10bp_one_way_slippage,-0.011256988605995943,True,10,S0_v7_original_top10__R3_low_tail_vol,S0_v7_original_top10,R3_low_tail_vol
20260417,10bp_one_way_slippage,0.014075980502714969,True,10,S0_v7_original_top10__R3_low_tail_vol,S0_v7_original_top10,R3_low_tail_vol
20260420,10bp_one_way_slippage,-0.0017268146177158439,True,10,S0_v7_original_top10__R3_low_tail_vol,S0_v7_original_top10,R3_low_tail_vol
20260421,10bp_one_way_slippage,0.0,False,0,S0_v7_original_top10__R3_low_tail_vol,S0_v7_original_top10,R3_low_tail_vol
20260422,10bp_one_way_slippage,0.0018713241877453047,True,10,S0_v7_original_top10__R3_low_tail_vol,S0_v7_original_top10,R3_low_tail_vol
20260423,10bp_one_way_slippage,0.0,False,0,S0_v7_original_top10__R3_low_tail_vol,S0_v7_original_top10,R3_low_tail_vol
20260424,10bp_one_way_slippage,0.0,False,0,S0_v7_original_top10__R3_low_tail_vol,S0_v7_original_top10,R3_low_tail_vol
20260427,10bp_one_way_slippage,-0.006920498267837349,True,10,S0_v7_original_top10__R3_low_tail_vol,S0_v7_original_top10,R3_low_tail_vol
20260428,10bp_one_way_slippage,0.0,False,0,S0_v7_original_top10__R3_low_tail_vol,S0_v7_original_top10,R3_low_tail_vol
20260429,10bp_one_way_slippage,0.007447733616913477,True,10,S0_v7_original_top10__R3_low_tail_vol,S0_v7_original_top10,R3_low_tail_vol
20260430,10bp_one_way_slippage,0.0,False,0,S0_v7_original_top10__R3_low_tail_vol,S0_v7_original_top10,R3_low_tail_vol
20260506,10bp_one_way_slippage,-0.004090883983588667,True,10,S0_v7_original_top10__R3_low_tail_vol,S0_v7_original_top10,R3_low_tail_vol
20260507,10bp_one_way_slippage,0.008461212372855275,True,10,S0_v7_original_top10__R3_low_tail_vol,S0_v7_original_top10,R3_low_tail_vol
20260508,10bp_one_way_slippage,0.0,False,0,S0_v7_original_top10__R3_low_tail_vol,S0_v7_original_top10,R3_low_tail_vol
20260511,10bp_one_way_slippage,0.0,False,0,S0_v7_original_top10__R3_low_tail_vol,S0_v7_original_top10,R3_low_tail_vol
20260512,10bp_one_way_slippage,0.0,False,0,S0_v7_original_top10__R3_low_tail_vol,S0_v7_original_top10,R3_low_tail_vol
20260513,10bp_one_way_slippage,0.0,False,0,S0_v7_original_top10__R3_low_tail_vol,S0_v7_original_top10,R3_low_tail_vol
20260514,10bp_one_way_slippage,0.0,False,0,S0_v7_original_top10__R3_low_tail_vol,S0_v7_original_top10,R3_low_tail_vol
20260515,10bp_one_way_slippage,0.0,False,0,S0_v7_original_top10__R3_low_tail_vol,S0_v7_original_top10,R3_low_tail_vol
20260518,10bp_one_way_slippage,0.0,False,0,S0_v7_original_top10__R3_low_tail_vol,S0_v7_original_top10,R3_low_tail_vol
20260519,10bp_one_way_slippage,0.0,False,0,S0_v7_original_top10__R3_low_tail_vol,S0_v7_original_top10,R3_low_tail_vol
20260520,10bp_one_way_slippage,0.0,False,0,S0_v7_original_top10__R3_low_tail_vol,S0_v7_original_top10,R3_low_tail_vol
20260224,10bp_slippage_plus_impact,0.007168088415781359,True,10,S0_v7_original_top10__R3_low_tail_vol,S0_v7_original_top10,R3_low_tail_vol
20260225,10bp_slippage_plus_impact,0.0,False,0,S0_v7_original_top10__R3_low_tail_vol,S0_v7_original_top10,R3_low_tail_vol
20260226,10bp_slippage_plus_impact,0.0004683200748953786,True,10,S0_v7_original_top10__R3_low_tail_vol,S0_v7_original_top10,R3_low_tail_vol
20260227,10bp_slippage_plus_impact,0.0,False,0,S0_v7_original_top10__R3_low_tail_vol,S0_v7_original_top10,R3_low_tail_vol
20260302,10bp_slippage_plus_impact,0.0,False,0,S0_v7_original_top10__R3_low_tail_vol,S0_v7_original_top10,R3_low_tail_vol
20260303,10bp_slippage_plus_impact,0.0,False,0,S0_v7_original_top10__R3_low_tail_vol,S0_v7_original_top10,R3_low_tail_vol
20260304,10bp_slippage_plus_impact,0.0,False,0,S0_v7_original_top10__R3_low_tail_vol,S0_v7_original_top10,R3_low_tail_vol
20260305,10bp_slippage_plus_impact,0.0,False,0,S0_v7_original_top10__R3_low_tail_vol,S0_v7_original_top10,R3_low_tail_vol
20260306,10bp_slippage_plus_impact,0.0,False,0,S0_v7_original_top10__R3_low_tail_vol,S0_v7_original_top10,R3_low_tail_vol
20260309,10bp_slippage_plus_impact,0.0,False,0,S0_v7_original_top10__R3_low_tail_vol,S0_v7_original_top10,R3_low_tail_vol
20260310,10bp_slippage_plus_impact,-0.005107221664403893,True,10,S0_v7_original_top10__R3_low_tail_vol,S0_v7_original_top10,R3_low_tail_vol
20260311,10bp_slippage_plus_impact,0.0,False,0,S0_v7_original_top10__R3_low_tail_vol,S0_v7_original_top10,R3_low_tail_vol
20260312,10bp_slippage_plus_impact,-0.004563945192429619,True,10,S0_v7_original_top10__R3_low_tail_vol,S0_v7_original_top10,R3_low_tail_vol
20260313,10bp_slippage_plus_impact,-0.0030586504442988716,True,10,S0_v7_original_top10__R3_low_tail_vol,S0_v7_original_top10,R3_low_tail_vol
20260316,10bp_slippage_plus_impact,-0.0003565388924738788,True,10,S0_v7_original_top10__R3_low_tail_vol,S0_v7_original_top10,R3_low_tail_vol
20260317,10bp_slippage_plus_impact,0.0,False,0,S0_v7_original_top10__R3_low_tail_vol,S0_v7_original_top10,R3_low_tail_vol
20260318,10bp_slippage_plus_impact,-0.017900975826036468,True,10,S0_v7_original_top10__R3_low_tail_vol,S0_v7_original_top10,R3_low_tail_vol
20260319,10bp_slippage_plus_impact,0.00031166851134555306,True,10,S0_v7_original_top10__R3_low_tail_vol,S0_v7_original_top10,R3_low_tail_vol
20260320,10bp_slippage_plus_impact,0.0,False,0,S0_v7_original_top10__R3_low_tail_vol,S0_v7_original_top10,R3_low_tail_vol
20260323,10bp_slippage_plus_impact,0.0,False,0,S0_v7_original_top10__R3_low_tail_vol,S0_v7_original_top10,R3_low_tail_vol
20260324,10bp_slippage_plus_impact,0.0,False,0,S0_v7_original_top10__R3_low_tail_vol,S0_v7_original_top10,R3_low_tail_vol
20260325,10bp_slippage_plus_impact,-0.0017608970059303064,True,10,S0_v7_original_top10__R3_low_tail_vol,S0_v7_original_top10,R3_low_tail_vol
20260326,10bp_slippage_plus_impact,0.0007761085833058901,True,10,S0_v7_original_top10__R3_low_tail_vol,S0_v7_original_top10,R3_low_tail_vol
20260327,10bp_slippage_plus_impact,-0.012277949329020276,True,10,S0_v7_original_top10__R3_low_tail_vol,S0_v7_original_top10,R3_low_tail_vol
20260330,10bp_slippage_plus_impact,0.008452251948655166,True,10,S0_v7_original_top10__R3_low_tail_vol,S0_v7_original_top10,R3_low_tail_vol
20260331,10bp_slippage_plus_impact,0.009856904750926775,True,10,S0_v7_original_top10__R3_low_tail_vol,S0_v7_original_top10,R3_low_tail_vol
20260401,10bp_slippage_plus_impact,0.0,False,0,S0_v7_original_top10__R3_low_tail_vol,S0_v7_original_top10,R3_low_tail_vol
20260402,10bp_slippage_plus_impact,-0.021260081516785222,True,10,S0_v7_original_top10__R3_low_tail_vol,S0_v7_original_top10,R3_low_tail_vol
20260403,10bp_slippage_plus_impact,0.011787021659927354,True,10,S0_v7_original_top10__R3_low_tail_vol,S0_v7_original_top10,R3_low_tail_vol
20260407,10bp_slippage_plus_impact,0.030104859907573923,True,10,S0_v7_original_top10__R3_low_tail_vol,S0_v7_original_top10,R3_low_tail_vol
20260408,10bp_slippage_plus_impact,-0.01991468724008546,True,10,S0_v7_original_top10__R3_low_tail_vol,S0_v7_original_top10,R3_low_tail_vol
20260409,10bp_slippage_plus_impact,0.01002869980333847,True,10,S0_v7_original_top10__R3_low_tail_vol,S0_v7_original_top10,R3_low_tail_vol
20260410,10bp_slippage_plus_impact,-0.0002468331889450504,True,10,S0_v7_original_top10__R3_low_tail_vol,S0_v7_original_top10,R3_low_tail_vol
20260413,10bp_slippage_plus_impact,0.009993900032787028,True,10,S0_v7_original_top10__R3_low_tail_vol,S0_v7_original_top10,R3_low_tail_vol
20260414,10bp_slippage_plus_impact,0.0,False,0,S0_v7_original_top10__R3_low_tail_vol,S0_v7_original_top10,R3_low_tail_vol
20260415,10bp_slippage_plus_impact,0.008752638935093471,True,10,S0_v7_original_top10__R3_low_tail_vol,S0_v7_original_top10,R3_low_tail_vol
20260416,10bp_slippage_plus_impact,-0.011508850479660881,True,10,S0_v7_original_top10__R3_low_tail_vol,S0_v7_original_top10,R3_low_tail_vol
20260417,10bp_slippage_plus_impact,0.013935766473965449,True,10,S0_v7_original_top10__R3_low_tail_vol,S0_v7_original_top10,R3_low_tail_vol
20260420,10bp_slippage_plus_impact,-0.0018782353222509985,True,10,S0_v7_original_top10__R3_low_tail_vol,S0_v7_original_top10,R3_low_tail_vol
20260421,10bp_slippage_plus_impact,0.0,False,0,S0_v7_original_top10__R3_low_tail_vol,S0_v7_original_top10,R3_low_tail_vol
20260422,10bp_slippage_plus_impact,0.0017144863053122571,True,10,S0_v7_original_top10__R3_low_tail_vol,S0_v7_original_top10,R3_low_tail_vol
20260423,10bp_slippage_plus_impact,0.0,False,0,S0_v7_original_top10__R3_low_tail_vol,S0_v7_original_top10,R3_low_tail_vol
20260424,10bp_slippage_plus_impact,0.0,False,0,S0_v7_original_top10__R3_low_tail_vol,S0_v7_original_top10,R3_low_tail_vol
20260427,10bp_slippage_plus_impact,-0.0071296615140832185,True,10,S0_v7_original_top10__R3_low_tail_vol,S0_v7_original_top10,R3_low_tail_vol
20260428,10bp_slippage_plus_impact,0.0,False,0,S0_v7_original_top10__R3_low_tail_vol,S0_v7_original_top10,R3_low_tail_vol
20260429,10bp_slippage_plus_impact,0.007241410507147372,True,10,S0_v7_original_top10__R3_low_tail_vol,S0_v7_original_top10,R3_low_tail_vol
20260430,10bp_slippage_plus_impact,0.0,False,0,S0_v7_original_top10__R3_low_tail_vol,S0_v7_original_top10,R3_low_tail_vol
20260506,10bp_slippage_plus_impact,-0.004364315946270259,True,10,S0_v7_original_top10__R3_low_tail_vol,S0_v7_original_top10,R3_low_tail_vol
20260507,10bp_slippage_plus_impact,0.008226625330486625,True,10,S0_v7_original_top10__R3_low_tail_vol,S0_v7_original_top10,R3_low_tail_vol
20260508,10bp_slippage_plus_impact,0.0,False,0,S0_v7_original_top10__R3_low_tail_vol,S0_v7_original_top10,R3_low_tail_vol
20260511,10bp_slippage_plus_impact,0.0,False,0,S0_v7_original_top10__R3_low_tail_vol,S0_v7_original_top10,R3_low_tail_vol
20260512,10bp_slippage_plus_impact,0.0,False,0,S0_v7_original_top10__R3_low_tail_vol,S0_v7_original_top10,R3_low_tail_vol
20260513,10bp_slippage_plus_impact,0.0,False,0,S0_v7_original_top10__R3_low_tail_vol,S0_v7_original_top10,R3_low_tail_vol
20260514,10bp_slippage_plus_impact,0.0,False,0,S0_v7_original_top10__R3_low_tail_vol,S0_v7_original_top10,R3_low_tail_vol
20260515,10bp_slippage_plus_impact,0.0,False,0,S0_v7_original_top10__R3_low_tail_vol,S0_v7_original_top10,R3_low_tail_vol
20260518,10bp_slippage_plus_impact,0.0,False,0,S0_v7_original_top10__R3_low_tail_vol,S0_v7_original_top10,R3_low_tail_vol
20260519,10bp_slippage_plus_impact,0.0,False,0,S0_v7_original_top10__R3_low_tail_vol,S0_v7_original_top10,R3_low_tail_vol
20260520,10bp_slippage_plus_impact,0.0,False,0,S0_v7_original_top10__R3_low_tail_vol,S0_v7_original_top10,R3_low_tail_vol
20260224,5bp_one_way_slippage,0.008424201145136612,True,10,S0_v7_original_top10__R4_tail_breadth_Q2,S0_v7_original_top10,R4_tail_breadth_Q2
20260225,5bp_one_way_slippage,0.0,False,0,S0_v7_original_top10__R4_tail_breadth_Q2,S0_v7_original_top10,R4_tail_breadth_Q2
20260226,5bp_one_way_slippage,0.0,False,0,S0_v7_original_top10__R4_tail_breadth_Q2,S0_v7_original_top10,R4_tail_breadth_Q2
20260227,5bp_one_way_slippage,0.0,False,0,S0_v7_original_top10__R4_tail_breadth_Q2,S0_v7_original_top10,R4_tail_breadth_Q2
20260302,5bp_one_way_slippage,-0.010832308668857793,True,10,S0_v7_original_top10__R4_tail_breadth_Q2,S0_v7_original_top10,R4_tail_breadth_Q2
20260303,5bp_one_way_slippage,0.0,False,0,S0_v7_original_top10__R4_tail_breadth_Q2,S0_v7_original_top10,R4_tail_breadth_Q2
20260304,5bp_one_way_slippage,0.02061312507746139,True,10,S0_v7_original_top10__R4_tail_breadth_Q2,S0_v7_original_top10,R4_tail_breadth_Q2
20260305,5bp_one_way_slippage,0.0,False,0,S0_v7_original_top10__R4_tail_breadth_Q2,S0_v7_original_top10,R4_tail_breadth_Q2
20260306,5bp_one_way_slippage,0.0,False,0,S0_v7_original_top10__R4_tail_breadth_Q2,S0_v7_original_top10,R4_tail_breadth_Q2
20260309,5bp_one_way_slippage,0.024920243361915295,True,10,S0_v7_original_top10__R4_tail_breadth_Q2,S0_v7_original_top10,R4_tail_breadth_Q2
20260310,5bp_one_way_slippage,0.0,False,0,S0_v7_original_top10__R4_tail_breadth_Q2,S0_v7_original_top10,R4_tail_breadth_Q2
20260311,5bp_one_way_slippage,0.0,False,0,S0_v7_original_top10__R4_tail_breadth_Q2,S0_v7_original_top10,R4_tail_breadth_Q2
20260312,5bp_one_way_slippage,0.0,False,0,S0_v7_original_top10__R4_tail_breadth_Q2,S0_v7_original_top10,R4_tail_breadth_Q2
20260313,5bp_one_way_slippage,0.0,False,0,S0_v7_original_top10__R4_tail_breadth_Q2,S0_v7_original_top10,R4_tail_breadth_Q2
20260316,5bp_one_way_slippage,0.0,False,0,S0_v7_original_top10__R4_tail_breadth_Q2,S0_v7_original_top10,R4_tail_breadth_Q2
20260317,5bp_one_way_slippage,0.0,False,0,S0_v7_original_top10__R4_tail_breadth_Q2,S0_v7_original_top10,R4_tail_breadth_Q2
20260318,5bp_one_way_slippage,0.0,False,0,S0_v7_original_top10__R4_tail_breadth_Q2,S0_v7_original_top10,R4_tail_breadth_Q2
20260319,5bp_one_way_slippage,0.0,False,0,S0_v7_original_top10__R4_tail_breadth_Q2,S0_v7_original_top10,R4_tail_breadth_Q2
20260320,5bp_one_way_slippage,0.0,False,0,S0_v7_original_top10__R4_tail_breadth_Q2,S0_v7_original_top10,R4_tail_breadth_Q2
20260323,5bp_one_way_slippage,0.0,False,0,S0_v7_original_top10__R4_tail_breadth_Q2,S0_v7_original_top10,R4_tail_breadth_Q2
20260324,5bp_one_way_slippage,0.0,False,0,S0_v7_original_top10__R4_tail_breadth_Q2,S0_v7_original_top10,R4_tail_breadth_Q2
20260325,5bp_one_way_slippage,0.0,False,0,S0_v7_original_top10__R4_tail_breadth_Q2,S0_v7_original_top10,R4_tail_breadth_Q2
20260326,5bp_one_way_slippage,0.0020791321862273946,True,10,S0_v7_original_top10__R4_tail_breadth_Q2,S0_v7_original_top10,R4_tail_breadth_Q2
20260327,5bp_one_way_slippage,0.0,False,0,S0_v7_original_top10__R4_tail_breadth_Q2,S0_v7_original_top10,R4_tail_breadth_Q2
20260330,5bp_one_way_slippage,0.0,False,0,S0_v7_original_top10__R4_tail_breadth_Q2,S0_v7_original_top10,R4_tail_breadth_Q2
20260331,5bp_one_way_slippage,0.0,False,0,S0_v7_original_top10__R4_tail_breadth_Q2,S0_v7_original_top10,R4_tail_breadth_Q2
20260401,5bp_one_way_slippage,0.0,False,0,S0_v7_original_top10__R4_tail_breadth_Q2,S0_v7_original_top10,R4_tail_breadth_Q2
20260402,5bp_one_way_slippage,0.0,False,0,S0_v7_original_top10__R4_tail_breadth_Q2,S0_v7_original_top10,R4_tail_breadth_Q2
20260403,5bp_one_way_slippage,0.0,False,0,S0_v7_original_top10__R4_tail_breadth_Q2,S0_v7_original_top10,R4_tail_breadth_Q2
20260407,5bp_one_way_slippage,0.03133403000173749,True,10,S0_v7_original_top10__R4_tail_breadth_Q2,S0_v7_original_top10,R4_tail_breadth_Q2
20260408,5bp_one_way_slippage,0.0,False,0,S0_v7_original_top10__R4_tail_breadth_Q2,S0_v7_original_top10,R4_tail_breadth_Q2
20260409,5bp_one_way_slippage,0.011174893469602876,True,10,S0_v7_original_top10__R4_tail_breadth_Q2,S0_v7_original_top10,R4_tail_breadth_Q2
20260410,5bp_one_way_slippage,0.0,False,0,S0_v7_original_top10__R4_tail_breadth_Q2,S0_v7_original_top10,R4_tail_breadth_Q2
20260413,5bp_one_way_slippage,0.011122505782856108,True,10,S0_v7_original_top10__R4_tail_breadth_Q2,S0_v7_original_top10,R4_tail_breadth_Q2
20260414,5bp_one_way_slippage,0.0,False,0,S0_v7_original_top10__R4_tail_breadth_Q2,S0_v7_original_top10,R4_tail_breadth_Q2
20260415,5bp_one_way_slippage,0.0,False,0,S0_v7_original_top10__R4_tail_breadth_Q2,S0_v7_original_top10,R4_tail_breadth_Q2
20260416,5bp_one_way_slippage,0.0,False,0,S0_v7_original_top10__R4_tail_breadth_Q2,S0_v7_original_top10,R4_tail_breadth_Q2
20260417,5bp_one_way_slippage,0.0,False,0,S0_v7_original_top10__R4_tail_breadth_Q2,S0_v7_original_top10,R4_tail_breadth_Q2
20260420,5bp_one_way_slippage,0.0,False,0,S0_v7_original_top10__R4_tail_breadth_Q2,S0_v7_original_top10,R4_tail_breadth_Q2
20260421,5bp_one_way_slippage,0.0,False,0,S0_v7_original_top10__R4_tail_breadth_Q2,S0_v7_original_top10,R4_tail_breadth_Q2
20260422,5bp_one_way_slippage,0.0,False,0,S0_v7_original_top10__R4_tail_breadth_Q2,S0_v7_original_top10,R4_tail_breadth_Q2
20260423,5bp_one_way_slippage,0.0,False,0,S0_v7_original_top10__R4_tail_breadth_Q2,S0_v7_original_top10,R4_tail_breadth_Q2
20260424,5bp_one_way_slippage,-0.005515797087987417,True,10,S0_v7_original_top10__R4_tail_breadth_Q2,S0_v7_original_top10,R4_tail_breadth_Q2
20260427,5bp_one_way_slippage,0.0,False,0,S0_v7_original_top10__R4_tail_breadth_Q2,S0_v7_original_top10,R4_tail_breadth_Q2
20260428,5bp_one_way_slippage,0.0,False,0,S0_v7_original_top10__R4_tail_breadth_Q2,S0_v7_original_top10,R4_tail_breadth_Q2
20260429,5bp_one_way_slippage,0.008455939017266911,True,10,S0_v7_original_top10__R4_tail_breadth_Q2,S0_v7_original_top10,R4_tail_breadth_Q2
20260430,5bp_one_way_slippage,0.0,False,0,S0_v7_original_top10__R4_tail_breadth_Q2,S0_v7_original_top10,R4_tail_breadth_Q2
20260506,5bp_one_way_slippage,0.0,False,0,S0_v7_original_top10__R4_tail_breadth_Q2,S0_v7_original_top10,R4_tail_breadth_Q2
20260507,5bp_one_way_slippage,0.0,False,0,S0_v7_original_top10__R4_tail_breadth_Q2,S0_v7_original_top10,R4_tail_breadth_Q2
20260508,5bp_one_way_slippage,0.0005459795521586708,True,10,S0_v7_original_top10__R4_tail_breadth_Q2,S0_v7_original_top10,R4_tail_breadth_Q2
20260511,5bp_one_way_slippage,0.0,False,0,S0_v7_original_top10__R4_tail_breadth_Q2,S0_v7_original_top10,R4_tail_breadth_Q2
20260512,5bp_one_way_slippage,0.0,False,0,S0_v7_original_top10__R4_tail_breadth_Q2,S0_v7_original_top10,R4_tail_breadth_Q2
20260513,5bp_one_way_slippage,0.0,False,0,S0_v7_original_top10__R4_tail_breadth_Q2,S0_v7_original_top10,R4_tail_breadth_Q2
20260514,5bp_one_way_slippage,0.0,False,0,S0_v7_original_top10__R4_tail_breadth_Q2,S0_v7_original_top10,R4_tail_breadth_Q2
20260515,5bp_one_way_slippage,0.0,False,0,S0_v7_original_top10__R4_tail_breadth_Q2,S0_v7_original_top10,R4_tail_breadth_Q2
20260518,5bp_one_way_slippage,0.0,False,0,S0_v7_original_top10__R4_tail_breadth_Q2,S0_v7_original_top10,R4_tail_breadth_Q2
20260519,5bp_one_way_slippage,0.0,False,0,S0_v7_original_top10__R4_tail_breadth_Q2,S0_v7_original_top10,R4_tail_breadth_Q2
20260520,5bp_one_way_slippage,0.0,False,0,S0_v7_original_top10__R4_tail_breadth_Q2,S0_v7_original_top10,R4_tail_breadth_Q2
20260224,10bp_one_way_slippage,0.007416027474770381,True,10,S0_v7_original_top10__R4_tail_breadth_Q2,S0_v7_original_top10,R4_tail_breadth_Q2
20260225,10bp_one_way_slippage,0.0,False,0,S0_v7_original_top10__R4_tail_breadth_Q2,S0_v7_original_top10,R4_tail_breadth_Q2
20260226,10bp_one_way_slippage,0.0,False,0,S0_v7_original_top10__R4_tail_breadth_Q2,S0_v7_original_top10,R4_tail_breadth_Q2
20260227,10bp_one_way_slippage,0.0,False,0,S0_v7_original_top10__R4_tail_breadth_Q2,S0_v7_original_top10,R4_tail_breadth_Q2
20260302,10bp_one_way_slippage,-0.011821230613456635,True,10,S0_v7_original_top10__R4_tail_breadth_Q2,S0_v7_original_top10,R4_tail_breadth_Q2
20260303,10bp_one_way_slippage,0.0,False,0,S0_v7_original_top10__R4_tail_breadth_Q2,S0_v7_original_top10,R4_tail_breadth_Q2
20260304,10bp_one_way_slippage,0.01959276551135337,True,10,S0_v7_original_top10__R4_tail_breadth_Q2,S0_v7_original_top10,R4_tail_breadth_Q2
20260305,10bp_one_way_slippage,0.0,False,0,S0_v7_original_top10__R4_tail_breadth_Q2,S0_v7_original_top10,R4_tail_breadth_Q2
20260306,10bp_one_way_slippage,0.0,False,0,S0_v7_original_top10__R4_tail_breadth_Q2,S0_v7_original_top10,R4_tail_breadth_Q2
20260309,10bp_one_way_slippage,0.023895577747574205,True,10,S0_v7_original_top10__R4_tail_breadth_Q2,S0_v7_original_top10,R4_tail_breadth_Q2
20260310,10bp_one_way_slippage,0.0,False,0,S0_v7_original_top10__R4_tail_breadth_Q2,S0_v7_original_top10,R4_tail_breadth_Q2
20260311,10bp_one_way_slippage,0.0,False,0,S0_v7_original_top10__R4_tail_breadth_Q2,S0_v7_original_top10,R4_tail_breadth_Q2
20260312,10bp_one_way_slippage,0.0,False,0,S0_v7_original_top10__R4_tail_breadth_Q2,S0_v7_original_top10,R4_tail_breadth_Q2
20260313,10bp_one_way_slippage,0.0,False,0,S0_v7_original_top10__R4_tail_breadth_Q2,S0_v7_original_top10,R4_tail_breadth_Q2
20260316,10bp_one_way_slippage,0.0,False,0,S0_v7_original_top10__R4_tail_breadth_Q2,S0_v7_original_top10,R4_tail_breadth_Q2
20260317,10bp_one_way_slippage,0.0,False,0,S0_v7_original_top10__R4_tail_breadth_Q2,S0_v7_original_top10,R4_tail_breadth_Q2
20260318,10bp_one_way_slippage,0.0,False,0,S0_v7_original_top10__R4_tail_breadth_Q2,S0_v7_original_top10,R4_tail_breadth_Q2
20260319,10bp_one_way_slippage,0.0,False,0,S0_v7_original_top10__R4_tail_breadth_Q2,S0_v7_original_top10,R4_tail_breadth_Q2
20260320,10bp_one_way_slippage,0.0,False,0,S0_v7_original_top10__R4_tail_breadth_Q2,S0_v7_original_top10,R4_tail_breadth_Q2
20260323,10bp_one_way_slippage,0.0,False,0,S0_v7_original_top10__R4_tail_breadth_Q2,S0_v7_original_top10,R4_tail_breadth_Q2
20260324,10bp_one_way_slippage,0.0,False,0,S0_v7_original_top10__R4_tail_breadth_Q2,S0_v7_original_top10,R4_tail_breadth_Q2
20260325,10bp_one_way_slippage,0.0,False,0,S0_v7_original_top10__R4_tail_breadth_Q2,S0_v7_original_top10,R4_tail_breadth_Q2
20260326,10bp_one_way_slippage,0.0010773020084645535,True,10,S0_v7_original_top10__R4_tail_breadth_Q2,S0_v7_original_top10,R4_tail_breadth_Q2
20260327,10bp_one_way_slippage,0.0,False,0,S0_v7_original_top10__R4_tail_breadth_Q2,S0_v7_original_top10,R4_tail_breadth_Q2
20260330,10bp_one_way_slippage,0.0,False,0,S0_v7_original_top10__R4_tail_breadth_Q2,S0_v7_original_top10,R4_tail_breadth_Q2
20260331,10bp_one_way_slippage,0.0,False,0,S0_v7_original_top10__R4_tail_breadth_Q2,S0_v7_original_top10,R4_tail_breadth_Q2
20260401,10bp_one_way_slippage,0.0,False,0,S0_v7_original_top10__R4_tail_breadth_Q2,S0_v7_original_top10,R4_tail_breadth_Q2
20260402,10bp_one_way_slippage,0.0,False,0,S0_v7_original_top10__R4_tail_breadth_Q2,S0_v7_original_top10,R4_tail_breadth_Q2
20260403,10bp_one_way_slippage,0.0,False,0,S0_v7_original_top10__R4_tail_breadth_Q2,S0_v7_original_top10,R4_tail_breadth_Q2
20260407,10bp_one_way_slippage,0.03030295219418422,True,10,S0_v7_original_top10__R4_tail_breadth_Q2,S0_v7_original_top10,R4_tail_breadth_Q2
20260408,10bp_one_way_slippage,0.0,False,0,S0_v7_original_top10__R4_tail_breadth_Q2,S0_v7_original_top10,R4_tail_breadth_Q2
20260409,10bp_one_way_slippage,0.010163969790288363,True,10,S0_v7_original_top10__R4_tail_breadth_Q2,S0_v7_original_top10,R4_tail_breadth_Q2
20260410,10bp_one_way_slippage,0.0,False,0,S0_v7_original_top10__R4_tail_breadth_Q2,S0_v7_original_top10,R4_tail_breadth_Q2
20260413,10bp_one_way_slippage,0.010111634478213349,True,10,S0_v7_original_top10__R4_tail_breadth_Q2,S0_v7_original_top10,R4_tail_breadth_Q2
20260414,10bp_one_way_slippage,0.0,False,0,S0_v7_original_top10__R4_tail_breadth_Q2,S0_v7_original_top10,R4_tail_breadth_Q2
20260415,10bp_one_way_slippage,0.0,False,0,S0_v7_original_top10__R4_tail_breadth_Q2,S0_v7_original_top10,R4_tail_breadth_Q2
20260416,10bp_one_way_slippage,0.0,False,0,S0_v7_original_top10__R4_tail_breadth_Q2,S0_v7_original_top10,R4_tail_breadth_Q2
20260417,10bp_one_way_slippage,0.0,False,0,S0_v7_original_top10__R4_tail_breadth_Q2,S0_v7_original_top10,R4_tail_breadth_Q2
20260420,10bp_one_way_slippage,0.0,False,0,S0_v7_original_top10__R4_tail_breadth_Q2,S0_v7_original_top10,R4_tail_breadth_Q2
20260421,10bp_one_way_slippage,0.0,False,0,S0_v7_original_top10__R4_tail_breadth_Q2,S0_v7_original_top10,R4_tail_breadth_Q2
20260422,10bp_one_way_slippage,0.0,False,0,S0_v7_original_top10__R4_tail_breadth_Q2,S0_v7_original_top10,R4_tail_breadth_Q2
20260423,10bp_one_way_slippage,0.0,False,0,S0_v7_original_top10__R4_tail_breadth_Q2,S0_v7_original_top10,R4_tail_breadth_Q2
20260424,10bp_one_way_slippage,-0.00651003422334423,True,10,S0_v7_original_top10__R4_tail_breadth_Q2,S0_v7_original_top10,R4_tail_breadth_Q2
20260427,10bp_one_way_slippage,0.0,False,0,S0_v7_original_top10__R4_tail_breadth_Q2,S0_v7_original_top10,R4_tail_breadth_Q2
20260428,10bp_one_way_slippage,0.0,False,0,S0_v7_original_top10__R4_tail_breadth_Q2,S0_v7_original_top10,R4_tail_breadth_Q2
20260429,10bp_one_way_slippage,0.007447733616913477,True,10,S0_v7_original_top10__R4_tail_breadth_Q2,S0_v7_original_top10,R4_tail_breadth_Q2
20260430,10bp_one_way_slippage,0.0,False,0,S0_v7_original_top10__R4_tail_breadth_Q2,S0_v7_original_top10,R4_tail_breadth_Q2
20260506,10bp_one_way_slippage,0.0,False,0,S0_v7_original_top10__R4_tail_breadth_Q2,S0_v7_original_top10,R4_tail_breadth_Q2
20260507,10bp_one_way_slippage,0.0,False,0,S0_v7_original_top10__R4_tail_breadth_Q2,S0_v7_original_top10,R4_tail_breadth_Q2
20260508,10bp_one_way_slippage,-0.00045431785386327304,True,10,S0_v7_original_top10__R4_tail_breadth_Q2,S0_v7_original_top10,R4_tail_breadth_Q2
20260511,10bp_one_way_slippage,0.0,False,0,S0_v7_original_top10__R4_tail_breadth_Q2,S0_v7_original_top10,R4_tail_breadth_Q2
20260512,10bp_one_way_slippage,0.0,False,0,S0_v7_original_top10__R4_tail_breadth_Q2,S0_v7_original_top10,R4_tail_breadth_Q2
20260513,10bp_one_way_slippage,0.0,False,0,S0_v7_original_top10__R4_tail_breadth_Q2,S0_v7_original_top10,R4_tail_breadth_Q2
20260514,10bp_one_way_slippage,0.0,False,0,S0_v7_original_top10__R4_tail_breadth_Q2,S0_v7_original_top10,R4_tail_breadth_Q2
20260515,10bp_one_way_slippage,0.0,False,0,S0_v7_original_top10__R4_tail_breadth_Q2,S0_v7_original_top10,R4_tail_breadth_Q2
20260518,10bp_one_way_slippage,0.0,False,0,S0_v7_original_top10__R4_tail_breadth_Q2,S0_v7_original_top10,R4_tail_breadth_Q2
20260519,10bp_one_way_slippage,0.0,False,0,S0_v7_original_top10__R4_tail_breadth_Q2,S0_v7_original_top10,R4_tail_breadth_Q2
20260520,10bp_one_way_slippage,0.0,False,0,S0_v7_original_top10__R4_tail_breadth_Q2,S0_v7_original_top10,R4_tail_breadth_Q2
20260224,10bp_slippage_plus_impact,0.007168088415781359,True,10,S0_v7_original_top10__R4_tail_breadth_Q2,S0_v7_original_top10,R4_tail_breadth_Q2
20260225,10bp_slippage_plus_impact,0.0,False,0,S0_v7_original_top10__R4_tail_breadth_Q2,S0_v7_original_top10,R4_tail_breadth_Q2
20260226,10bp_slippage_plus_impact,0.0,False,0,S0_v7_original_top10__R4_tail_breadth_Q2,S0_v7_original_top10,R4_tail_breadth_Q2
20260227,10bp_slippage_plus_impact,0.0,False,0,S0_v7_original_top10__R4_tail_breadth_Q2,S0_v7_original_top10,R4_tail_breadth_Q2
20260302,10bp_slippage_plus_impact,-0.011866433487828532,True,10,S0_v7_original_top10__R4_tail_breadth_Q2,S0_v7_original_top10,R4_tail_breadth_Q2
20260303,10bp_slippage_plus_impact,0.0,False,0,S0_v7_original_top10__R4_tail_breadth_Q2,S0_v7_original_top10,R4_tail_breadth_Q2
20260304,10bp_slippage_plus_impact,0.019460740540002887,True,10,S0_v7_original_top10__R4_tail_breadth_Q2,S0_v7_original_top10,R4_tail_breadth_Q2
20260305,10bp_slippage_plus_impact,0.0,False,0,S0_v7_original_top10__R4_tail_breadth_Q2,S0_v7_original_top10,R4_tail_breadth_Q2
20260306,10bp_slippage_plus_impact,0.0,False,0,S0_v7_original_top10__R4_tail_breadth_Q2,S0_v7_original_top10,R4_tail_breadth_Q2
20260309,10bp_slippage_plus_impact,0.023710527469023156,True,10,S0_v7_original_top10__R4_tail_breadth_Q2,S0_v7_original_top10,R4_tail_breadth_Q2
20260310,10bp_slippage_plus_impact,0.0,False,0,S0_v7_original_top10__R4_tail_breadth_Q2,S0_v7_original_top10,R4_tail_breadth_Q2
20260311,10bp_slippage_plus_impact,0.0,False,0,S0_v7_original_top10__R4_tail_breadth_Q2,S0_v7_original_top10,R4_tail_breadth_Q2
20260312,10bp_slippage_plus_impact,0.0,False,0,S0_v7_original_top10__R4_tail_breadth_Q2,S0_v7_original_top10,R4_tail_breadth_Q2
20260313,10bp_slippage_plus_impact,0.0,False,0,S0_v7_original_top10__R4_tail_breadth_Q2,S0_v7_original_top10,R4_tail_breadth_Q2
20260316,10bp_slippage_plus_impact,0.0,False,0,S0_v7_original_top10__R4_tail_breadth_Q2,S0_v7_original_top10,R4_tail_breadth_Q2
20260317,10bp_slippage_plus_impact,0.0,False,0,S0_v7_original_top10__R4_tail_breadth_Q2,S0_v7_original_top10,R4_tail_breadth_Q2
20260318,10bp_slippage_plus_impact,0.0,False,0,S0_v7_original_top10__R4_tail_breadth_Q2,S0_v7_original_top10,R4_tail_breadth_Q2
20260319,10bp_slippage_plus_impact,0.0,False,0,S0_v7_original_top10__R4_tail_breadth_Q2,S0_v7_original_top10,R4_tail_breadth_Q2
20260320,10bp_slippage_plus_impact,0.0,False,0,S0_v7_original_top10__R4_tail_breadth_Q2,S0_v7_original_top10,R4_tail_breadth_Q2
20260323,10bp_slippage_plus_impact,0.0,False,0,S0_v7_original_top10__R4_tail_breadth_Q2,S0_v7_original_top10,R4_tail_breadth_Q2
20260324,10bp_slippage_plus_impact,0.0,False,0,S0_v7_original_top10__R4_tail_breadth_Q2,S0_v7_original_top10,R4_tail_breadth_Q2
20260325,10bp_slippage_plus_impact,0.0,False,0,S0_v7_original_top10__R4_tail_breadth_Q2,S0_v7_original_top10,R4_tail_breadth_Q2
20260326,10bp_slippage_plus_impact,0.0007761085833058901,True,10,S0_v7_original_top10__R4_tail_breadth_Q2,S0_v7_original_top10,R4_tail_breadth_Q2
20260327,10bp_slippage_plus_impact,0.0,False,0,S0_v7_original_top10__R4_tail_breadth_Q2,S0_v7_original_top10,R4_tail_breadth_Q2
20260330,10bp_slippage_plus_impact,0.0,False,0,S0_v7_original_top10__R4_tail_breadth_Q2,S0_v7_original_top10,R4_tail_breadth_Q2
20260331,10bp_slippage_plus_impact,0.0,False,0,S0_v7_original_top10__R4_tail_breadth_Q2,S0_v7_original_top10,R4_tail_breadth_Q2
20260401,10bp_slippage_plus_impact,0.0,False,0,S0_v7_original_top10__R4_tail_breadth_Q2,S0_v7_original_top10,R4_tail_breadth_Q2
20260402,10bp_slippage_plus_impact,0.0,False,0,S0_v7_original_top10__R4_tail_breadth_Q2,S0_v7_original_top10,R4_tail_breadth_Q2
20260403,10bp_slippage_plus_impact,0.0,False,0,S0_v7_original_top10__R4_tail_breadth_Q2,S0_v7_original_top10,R4_tail_breadth_Q2
20260407,10bp_slippage_plus_impact,0.030104859907573923,True,10,S0_v7_original_top10__R4_tail_breadth_Q2,S0_v7_original_top10,R4_tail_breadth_Q2
20260408,10bp_slippage_plus_impact,0.0,False,0,S0_v7_original_top10__R4_tail_breadth_Q2,S0_v7_original_top10,R4_tail_breadth_Q2
20260409,10bp_slippage_plus_impact,0.01002869980333847,True,10,S0_v7_original_top10__R4_tail_breadth_Q2,S0_v7_original_top10,R4_tail_breadth_Q2
20260410,10bp_slippage_plus_impact,0.0,False,0,S0_v7_original_top10__R4_tail_breadth_Q2,S0_v7_original_top10,R4_tail_breadth_Q2
20260413,10bp_slippage_plus_impact,0.009993900032787028,True,10,S0_v7_original_top10__R4_tail_breadth_Q2,S0_v7_original_top10,R4_tail_breadth_Q2
20260414,10bp_slippage_plus_impact,0.0,False,0,S0_v7_original_top10__R4_tail_breadth_Q2,S0_v7_original_top10,R4_tail_breadth_Q2
20260415,10bp_slippage_plus_impact,0.0,False,0,S0_v7_original_top10__R4_tail_breadth_Q2,S0_v7_original_top10,R4_tail_breadth_Q2
20260416,10bp_slippage_plus_impact,0.0,False,0,S0_v7_original_top10__R4_tail_breadth_Q2,S0_v7_original_top10,R4_tail_breadth_Q2
20260417,10bp_slippage_plus_impact,0.0,False,0,S0_v7_original_top10__R4_tail_breadth_Q2,S0_v7_original_top10,R4_tail_breadth_Q2
20260420,10bp_slippage_plus_impact,0.0,False,0,S0_v7_original_top10__R4_tail_breadth_Q2,S0_v7_original_top10,R4_tail_breadth_Q2
20260421,10bp_slippage_plus_impact,0.0,False,0,S0_v7_original_top10__R4_tail_breadth_Q2,S0_v7_original_top10,R4_tail_breadth_Q2
20260422,10bp_slippage_plus_impact,0.0,False,0,S0_v7_original_top10__R4_tail_breadth_Q2,S0_v7_original_top10,R4_tail_breadth_Q2
20260423,10bp_slippage_plus_impact,0.0,False,0,S0_v7_original_top10__R4_tail_breadth_Q2,S0_v7_original_top10,R4_tail_breadth_Q2
20260424,10bp_slippage_plus_impact,-0.006724371177594024,True,10,S0_v7_original_top10__R4_tail_breadth_Q2,S0_v7_original_top10,R4_tail_breadth_Q2
20260427,10bp_slippage_plus_impact,0.0,False,0,S0_v7_original_top10__R4_tail_breadth_Q2,S0_v7_original_top10,R4_tail_breadth_Q2
20260428,10bp_slippage_plus_impact,0.0,False,0,S0_v7_original_top10__R4_tail_breadth_Q2,S0_v7_original_top10,R4_tail_breadth_Q2
20260429,10bp_slippage_plus_impact,0.007241410507147372,True,10,S0_v7_original_top10__R4_tail_breadth_Q2,S0_v7_original_top10,R4_tail_breadth_Q2
20260430,10bp_slippage_plus_impact,0.0,False,0,S0_v7_original_top10__R4_tail_breadth_Q2,S0_v7_original_top10,R4_tail_breadth_Q2
20260506,10bp_slippage_plus_impact,0.0,False,0,S0_v7_original_top10__R4_tail_breadth_Q2,S0_v7_original_top10,R4_tail_breadth_Q2
20260507,10bp_slippage_plus_impact,0.0,False,0,S0_v7_original_top10__R4_tail_breadth_Q2,S0_v7_original_top10,R4_tail_breadth_Q2
20260508,10bp_slippage_plus_impact,-0.0005320285721479689,True,10,S0_v7_original_top10__R4_tail_breadth_Q2,S0_v7_original_top10,R4_tail_breadth_Q2
20260511,10bp_slippage_plus_impact,0.0,False,0,S0_v7_original_top10__R4_tail_breadth_Q2,S0_v7_original_top10,R4_tail_breadth_Q2
20260512,10bp_slippage_plus_impact,0.0,False,0,S0_v7_original_top10__R4_tail_breadth_Q2,S0_v7_original_top10,R4_tail_breadth_Q2
20260513,10bp_slippage_plus_impact,0.0,False,0,S0_v7_original_top10__R4_tail_breadth_Q2,S0_v7_original_top10,R4_tail_breadth_Q2
20260514,10bp_slippage_plus_impact,0.0,False,0,S0_v7_original_top10__R4_tail_breadth_Q2,S0_v7_original_top10,R4_tail_breadth_Q2
20260515,10bp_slippage_plus_impact,0.0,False,0,S0_v7_original_top10__R4_tail_breadth_Q2,S0_v7_original_top10,R4_tail_breadth_Q2
20260518,10bp_slippage_plus_impact,0.0,False,0,S0_v7_original_top10__R4_tail_breadth_Q2,S0_v7_original_top10,R4_tail_breadth_Q2
20260519,10bp_slippage_plus_impact,0.0,False,0,S0_v7_original_top10__R4_tail_breadth_Q2,S0_v7_original_top10,R4_tail_breadth_Q2
20260520,10bp_slippage_plus_impact,0.0,False,0,S0_v7_original_top10__R4_tail_breadth_Q2,S0_v7_original_top10,R4_tail_breadth_Q2
20260224,5bp_one_way_slippage,0.008424201145136612,True,10,S0_v7_original_top10__R5_tail_ret_median_Q2,S0_v7_original_top10,R5_tail_ret_median_Q2
20260225,5bp_one_way_slippage,0.0,False,0,S0_v7_original_top10__R5_tail_ret_median_Q2,S0_v7_original_top10,R5_tail_ret_median_Q2
20260226,5bp_one_way_slippage,0.0,False,0,S0_v7_original_top10__R5_tail_ret_median_Q2,S0_v7_original_top10,R5_tail_ret_median_Q2
20260227,5bp_one_way_slippage,0.0,False,0,S0_v7_original_top10__R5_tail_ret_median_Q2,S0_v7_original_top10,R5_tail_ret_median_Q2
20260302,5bp_one_way_slippage,-0.010832308668857793,True,10,S0_v7_original_top10__R5_tail_ret_median_Q2,S0_v7_original_top10,R5_tail_ret_median_Q2
20260303,5bp_one_way_slippage,0.0,False,0,S0_v7_original_top10__R5_tail_ret_median_Q2,S0_v7_original_top10,R5_tail_ret_median_Q2
20260304,5bp_one_way_slippage,0.02061312507746139,True,10,S0_v7_original_top10__R5_tail_ret_median_Q2,S0_v7_original_top10,R5_tail_ret_median_Q2
20260305,5bp_one_way_slippage,0.0,False,0,S0_v7_original_top10__R5_tail_ret_median_Q2,S0_v7_original_top10,R5_tail_ret_median_Q2
20260306,5bp_one_way_slippage,0.0,False,0,S0_v7_original_top10__R5_tail_ret_median_Q2,S0_v7_original_top10,R5_tail_ret_median_Q2
20260309,5bp_one_way_slippage,0.024920243361915295,True,10,S0_v7_original_top10__R5_tail_ret_median_Q2,S0_v7_original_top10,R5_tail_ret_median_Q2
20260310,5bp_one_way_slippage,0.0,False,0,S0_v7_original_top10__R5_tail_ret_median_Q2,S0_v7_original_top10,R5_tail_ret_median_Q2
20260311,5bp_one_way_slippage,0.0,False,0,S0_v7_original_top10__R5_tail_ret_median_Q2,S0_v7_original_top10,R5_tail_ret_median_Q2
20260312,5bp_one_way_slippage,0.0,False,0,S0_v7_original_top10__R5_tail_ret_median_Q2,S0_v7_original_top10,R5_tail_ret_median_Q2
20260313,5bp_one_way_slippage,0.0,False,0,S0_v7_original_top10__R5_tail_ret_median_Q2,S0_v7_original_top10,R5_tail_ret_median_Q2
20260316,5bp_one_way_slippage,0.0,False,0,S0_v7_original_top10__R5_tail_ret_median_Q2,S0_v7_original_top10,R5_tail_ret_median_Q2
20260317,5bp_one_way_slippage,0.0,False,0,S0_v7_original_top10__R5_tail_ret_median_Q2,S0_v7_original_top10,R5_tail_ret_median_Q2
20260318,5bp_one_way_slippage,0.0,False,0,S0_v7_original_top10__R5_tail_ret_median_Q2,S0_v7_original_top10,R5_tail_ret_median_Q2
20260319,5bp_one_way_slippage,0.0,False,0,S0_v7_original_top10__R5_tail_ret_median_Q2,S0_v7_original_top10,R5_tail_ret_median_Q2
20260320,5bp_one_way_slippage,0.0,False,0,S0_v7_original_top10__R5_tail_ret_median_Q2,S0_v7_original_top10,R5_tail_ret_median_Q2
20260323,5bp_one_way_slippage,0.0,False,0,S0_v7_original_top10__R5_tail_ret_median_Q2,S0_v7_original_top10,R5_tail_ret_median_Q2
20260324,5bp_one_way_slippage,0.0,False,0,S0_v7_original_top10__R5_tail_ret_median_Q2,S0_v7_original_top10,R5_tail_ret_median_Q2
20260325,5bp_one_way_slippage,0.0,False,0,S0_v7_original_top10__R5_tail_ret_median_Q2,S0_v7_original_top10,R5_tail_ret_median_Q2
20260326,5bp_one_way_slippage,0.0020791321862273946,True,10,S0_v7_original_top10__R5_tail_ret_median_Q2,S0_v7_original_top10,R5_tail_ret_median_Q2
20260327,5bp_one_way_slippage,0.0,False,0,S0_v7_original_top10__R5_tail_ret_median_Q2,S0_v7_original_top10,R5_tail_ret_median_Q2
20260330,5bp_one_way_slippage,0.0,False,0,S0_v7_original_top10__R5_tail_ret_median_Q2,S0_v7_original_top10,R5_tail_ret_median_Q2
20260331,5bp_one_way_slippage,0.0,False,0,S0_v7_original_top10__R5_tail_ret_median_Q2,S0_v7_original_top10,R5_tail_ret_median_Q2
20260401,5bp_one_way_slippage,0.0,False,0,S0_v7_original_top10__R5_tail_ret_median_Q2,S0_v7_original_top10,R5_tail_ret_median_Q2
20260402,5bp_one_way_slippage,-0.02008734091937897,True,10,S0_v7_original_top10__R5_tail_ret_median_Q2,S0_v7_original_top10,R5_tail_ret_median_Q2
20260403,5bp_one_way_slippage,0.0,False,0,S0_v7_original_top10__R5_tail_ret_median_Q2,S0_v7_original_top10,R5_tail_ret_median_Q2
20260407,5bp_one_way_slippage,0.03133403000173749,True,10,S0_v7_original_top10__R5_tail_ret_median_Q2,S0_v7_original_top10,R5_tail_ret_median_Q2
20260408,5bp_one_way_slippage,0.0,False,0,S0_v7_original_top10__R5_tail_ret_median_Q2,S0_v7_original_top10,R5_tail_ret_median_Q2
20260409,5bp_one_way_slippage,0.011174893469602876,True,10,S0_v7_original_top10__R5_tail_ret_median_Q2,S0_v7_original_top10,R5_tail_ret_median_Q2
20260410,5bp_one_way_slippage,0.0008984500776018312,True,10,S0_v7_original_top10__R5_tail_ret_median_Q2,S0_v7_original_top10,R5_tail_ret_median_Q2
20260413,5bp_one_way_slippage,0.011122505782856108,True,10,S0_v7_original_top10__R5_tail_ret_median_Q2,S0_v7_original_top10,R5_tail_ret_median_Q2
20260414,5bp_one_way_slippage,0.0,False,0,S0_v7_original_top10__R5_tail_ret_median_Q2,S0_v7_original_top10,R5_tail_ret_median_Q2
20260415,5bp_one_way_slippage,0.0,False,0,S0_v7_original_top10__R5_tail_ret_median_Q2,S0_v7_original_top10,R5_tail_ret_median_Q2
20260416,5bp_one_way_slippage,0.0,False,0,S0_v7_original_top10__R5_tail_ret_median_Q2,S0_v7_original_top10,R5_tail_ret_median_Q2
20260417,5bp_one_way_slippage,0.0,False,0,S0_v7_original_top10__R5_tail_ret_median_Q2,S0_v7_original_top10,R5_tail_ret_median_Q2
20260420,5bp_one_way_slippage,0.0,False,0,S0_v7_original_top10__R5_tail_ret_median_Q2,S0_v7_original_top10,R5_tail_ret_median_Q2
20260421,5bp_one_way_slippage,0.0,False,0,S0_v7_original_top10__R5_tail_ret_median_Q2,S0_v7_original_top10,R5_tail_ret_median_Q2
20260422,5bp_one_way_slippage,0.0,False,0,S0_v7_original_top10__R5_tail_ret_median_Q2,S0_v7_original_top10,R5_tail_ret_median_Q2
20260423,5bp_one_way_slippage,0.0,False,0,S0_v7_original_top10__R5_tail_ret_median_Q2,S0_v7_original_top10,R5_tail_ret_median_Q2
20260424,5bp_one_way_slippage,0.0,False,0,S0_v7_original_top10__R5_tail_ret_median_Q2,S0_v7_original_top10,R5_tail_ret_median_Q2
20260427,5bp_one_way_slippage,0.0,False,0,S0_v7_original_top10__R5_tail_ret_median_Q2,S0_v7_original_top10,R5_tail_ret_median_Q2
20260428,5bp_one_way_slippage,0.0,False,0,S0_v7_original_top10__R5_tail_ret_median_Q2,S0_v7_original_top10,R5_tail_ret_median_Q2
20260429,5bp_one_way_slippage,0.0,False,0,S0_v7_original_top10__R5_tail_ret_median_Q2,S0_v7_original_top10,R5_tail_ret_median_Q2
20260430,5bp_one_way_slippage,0.0,False,0,S0_v7_original_top10__R5_tail_ret_median_Q2,S0_v7_original_top10,R5_tail_ret_median_Q2
20260506,5bp_one_way_slippage,0.0,False,0,S0_v7_original_top10__R5_tail_ret_median_Q2,S0_v7_original_top10,R5_tail_ret_median_Q2
20260507,5bp_one_way_slippage,0.0,False,0,S0_v7_original_top10__R5_tail_ret_median_Q2,S0_v7_original_top10,R5_tail_ret_median_Q2
20260508,5bp_one_way_slippage,0.0005459795521586708,True,10,S0_v7_original_top10__R5_tail_ret_median_Q2,S0_v7_original_top10,R5_tail_ret_median_Q2
20260511,5bp_one_way_slippage,0.0,False,0,S0_v7_original_top10__R5_tail_ret_median_Q2,S0_v7_original_top10,R5_tail_ret_median_Q2
20260512,5bp_one_way_slippage,0.0,False,0,S0_v7_original_top10__R5_tail_ret_median_Q2,S0_v7_original_top10,R5_tail_ret_median_Q2
20260513,5bp_one_way_slippage,0.0,False,0,S0_v7_original_top10__R5_tail_ret_median_Q2,S0_v7_original_top10,R5_tail_ret_median_Q2
20260514,5bp_one_way_slippage,0.0,False,0,S0_v7_original_top10__R5_tail_ret_median_Q2,S0_v7_original_top10,R5_tail_ret_median_Q2
20260515,5bp_one_way_slippage,0.0,False,0,S0_v7_original_top10__R5_tail_ret_median_Q2,S0_v7_original_top10,R5_tail_ret_median_Q2
20260518,5bp_one_way_slippage,0.0,False,0,S0_v7_original_top10__R5_tail_ret_median_Q2,S0_v7_original_top10,R5_tail_ret_median_Q2
20260519,5bp_one_way_slippage,0.0,False,0,S0_v7_original_top10__R5_tail_ret_median_Q2,S0_v7_original_top10,R5_tail_ret_median_Q2
20260520,5bp_one_way_slippage,0.0,False,0,S0_v7_original_top10__R5_tail_ret_median_Q2,S0_v7_original_top10,R5_tail_ret_median_Q2
20260224,10bp_one_way_slippage,0.007416027474770381,True,10,S0_v7_original_top10__R5_tail_ret_median_Q2,S0_v7_original_top10,R5_tail_ret_median_Q2
20260225,10bp_one_way_slippage,0.0,False,0,S0_v7_original_top10__R5_tail_ret_median_Q2,S0_v7_original_top10,R5_tail_ret_median_Q2
20260226,10bp_one_way_slippage,0.0,False,0,S0_v7_original_top10__R5_tail_ret_median_Q2,S0_v7_original_top10,R5_tail_ret_median_Q2
20260227,10bp_one_way_slippage,0.0,False,0,S0_v7_original_top10__R5_tail_ret_median_Q2,S0_v7_original_top10,R5_tail_ret_median_Q2
20260302,10bp_one_way_slippage,-0.011821230613456635,True,10,S0_v7_original_top10__R5_tail_ret_median_Q2,S0_v7_original_top10,R5_tail_ret_median_Q2
20260303,10bp_one_way_slippage,0.0,False,0,S0_v7_original_top10__R5_tail_ret_median_Q2,S0_v7_original_top10,R5_tail_ret_median_Q2
20260304,10bp_one_way_slippage,0.01959276551135337,True,10,S0_v7_original_top10__R5_tail_ret_median_Q2,S0_v7_original_top10,R5_tail_ret_median_Q2
20260305,10bp_one_way_slippage,0.0,False,0,S0_v7_original_top10__R5_tail_ret_median_Q2,S0_v7_original_top10,R5_tail_ret_median_Q2
20260306,10bp_one_way_slippage,0.0,False,0,S0_v7_original_top10__R5_tail_ret_median_Q2,S0_v7_original_top10,R5_tail_ret_median_Q2
20260309,10bp_one_way_slippage,0.023895577747574205,True,10,S0_v7_original_top10__R5_tail_ret_median_Q2,S0_v7_original_top10,R5_tail_ret_median_Q2
20260310,10bp_one_way_slippage,0.0,False,0,S0_v7_original_top10__R5_tail_ret_median_Q2,S0_v7_original_top10,R5_tail_ret_median_Q2
20260311,10bp_one_way_slippage,0.0,False,0,S0_v7_original_top10__R5_tail_ret_median_Q2,S0_v7_original_top10,R5_tail_ret_median_Q2
20260312,10bp_one_way_slippage,0.0,False,0,S0_v7_original_top10__R5_tail_ret_median_Q2,S0_v7_original_top10,R5_tail_ret_median_Q2
20260313,10bp_one_way_slippage,0.0,False,0,S0_v7_original_top10__R5_tail_ret_median_Q2,S0_v7_original_top10,R5_tail_ret_median_Q2
20260316,10bp_one_way_slippage,0.0,False,0,S0_v7_original_top10__R5_tail_ret_median_Q2,S0_v7_original_top10,R5_tail_ret_median_Q2
20260317,10bp_one_way_slippage,0.0,False,0,S0_v7_original_top10__R5_tail_ret_median_Q2,S0_v7_original_top10,R5_tail_ret_median_Q2
20260318,10bp_one_way_slippage,0.0,False,0,S0_v7_original_top10__R5_tail_ret_median_Q2,S0_v7_original_top10,R5_tail_ret_median_Q2
20260319,10bp_one_way_slippage,0.0,False,0,S0_v7_original_top10__R5_tail_ret_median_Q2,S0_v7_original_top10,R5_tail_ret_median_Q2
20260320,10bp_one_way_slippage,0.0,False,0,S0_v7_original_top10__R5_tail_ret_median_Q2,S0_v7_original_top10,R5_tail_ret_median_Q2
20260323,10bp_one_way_slippage,0.0,False,0,S0_v7_original_top10__R5_tail_ret_median_Q2,S0_v7_original_top10,R5_tail_ret_median_Q2
20260324,10bp_one_way_slippage,0.0,False,0,S0_v7_original_top10__R5_tail_ret_median_Q2,S0_v7_original_top10,R5_tail_ret_median_Q2
20260325,10bp_one_way_slippage,0.0,False,0,S0_v7_original_top10__R5_tail_ret_median_Q2,S0_v7_original_top10,R5_tail_ret_median_Q2
20260326,10bp_one_way_slippage,0.0010773020084645535,True,10,S0_v7_original_top10__R5_tail_ret_median_Q2,S0_v7_original_top10,R5_tail_ret_median_Q2
20260327,10bp_one_way_slippage,0.0,False,0,S0_v7_original_top10__R5_tail_ret_median_Q2,S0_v7_original_top10,R5_tail_ret_median_Q2
20260330,10bp_one_way_slippage,0.0,False,0,S0_v7_original_top10__R5_tail_ret_median_Q2,S0_v7_original_top10,R5_tail_ret_median_Q2
20260331,10bp_one_way_slippage,0.0,False,0,S0_v7_original_top10__R5_tail_ret_median_Q2,S0_v7_original_top10,R5_tail_ret_median_Q2
20260401,10bp_one_way_slippage,0.0,False,0,S0_v7_original_top10__R5_tail_ret_median_Q2,S0_v7_original_top10,R5_tail_ret_median_Q2
20260402,10bp_one_way_slippage,-0.021067010131027963,True,10,S0_v7_original_top10__R5_tail_ret_median_Q2,S0_v7_original_top10,R5_tail_ret_median_Q2
20260403,10bp_one_way_slippage,0.0,False,0,S0_v7_original_top10__R5_tail_ret_median_Q2,S0_v7_original_top10,R5_tail_ret_median_Q2
20260407,10bp_one_way_slippage,0.03030295219418422,True,10,S0_v7_original_top10__R5_tail_ret_median_Q2,S0_v7_original_top10,R5_tail_ret_median_Q2
20260408,10bp_one_way_slippage,0.0,False,0,S0_v7_original_top10__R5_tail_ret_median_Q2,S0_v7_original_top10,R5_tail_ret_median_Q2
20260409,10bp_one_way_slippage,0.010163969790288363,True,10,S0_v7_original_top10__R5_tail_ret_median_Q2,S0_v7_original_top10,R5_tail_ret_median_Q2
20260410,10bp_one_way_slippage,-0.00010219971137853667,True,10,S0_v7_original_top10__R5_tail_ret_median_Q2,S0_v7_original_top10,R5_tail_ret_median_Q2
20260413,10bp_one_way_slippage,0.010111634478213349,True,10,S0_v7_original_top10__R5_tail_ret_median_Q2,S0_v7_original_top10,R5_tail_ret_median_Q2
20260414,10bp_one_way_slippage,0.0,False,0,S0_v7_original_top10__R5_tail_ret_median_Q2,S0_v7_original_top10,R5_tail_ret_median_Q2
20260415,10bp_one_way_slippage,0.0,False,0,S0_v7_original_top10__R5_tail_ret_median_Q2,S0_v7_original_top10,R5_tail_ret_median_Q2
20260416,10bp_one_way_slippage,0.0,False,0,S0_v7_original_top10__R5_tail_ret_median_Q2,S0_v7_original_top10,R5_tail_ret_median_Q2
20260417,10bp_one_way_slippage,0.0,False,0,S0_v7_original_top10__R5_tail_ret_median_Q2,S0_v7_original_top10,R5_tail_ret_median_Q2
20260420,10bp_one_way_slippage,0.0,False,0,S0_v7_original_top10__R5_tail_ret_median_Q2,S0_v7_original_top10,R5_tail_ret_median_Q2
20260421,10bp_one_way_slippage,0.0,False,0,S0_v7_original_top10__R5_tail_ret_median_Q2,S0_v7_original_top10,R5_tail_ret_median_Q2
20260422,10bp_one_way_slippage,0.0,False,0,S0_v7_original_top10__R5_tail_ret_median_Q2,S0_v7_original_top10,R5_tail_ret_median_Q2
20260423,10bp_one_way_slippage,0.0,False,0,S0_v7_original_top10__R5_tail_ret_median_Q2,S0_v7_original_top10,R5_tail_ret_median_Q2
20260424,10bp_one_way_slippage,0.0,False,0,S0_v7_original_top10__R5_tail_ret_median_Q2,S0_v7_original_top10,R5_tail_ret_median_Q2
20260427,10bp_one_way_slippage,0.0,False,0,S0_v7_original_top10__R5_tail_ret_median_Q2,S0_v7_original_top10,R5_tail_ret_median_Q2
20260428,10bp_one_way_slippage,0.0,False,0,S0_v7_original_top10__R5_tail_ret_median_Q2,S0_v7_original_top10,R5_tail_ret_median_Q2
20260429,10bp_one_way_slippage,0.0,False,0,S0_v7_original_top10__R5_tail_ret_median_Q2,S0_v7_original_top10,R5_tail_ret_median_Q2
20260430,10bp_one_way_slippage,0.0,False,0,S0_v7_original_top10__R5_tail_ret_median_Q2,S0_v7_original_top10,R5_tail_ret_median_Q2
20260506,10bp_one_way_slippage,0.0,False,0,S0_v7_original_top10__R5_tail_ret_median_Q2,S0_v7_original_top10,R5_tail_ret_median_Q2
20260507,10bp_one_way_slippage,0.0,False,0,S0_v7_original_top10__R5_tail_ret_median_Q2,S0_v7_original_top10,R5_tail_ret_median_Q2
20260508,10bp_one_way_slippage,-0.00045431785386327304,True,10,S0_v7_original_top10__R5_tail_ret_median_Q2,S0_v7_original_top10,R5_tail_ret_median_Q2
20260511,10bp_one_way_slippage,0.0,False,0,S0_v7_original_top10__R5_tail_ret_median_Q2,S0_v7_original_top10,R5_tail_ret_median_Q2
20260512,10bp_one_way_slippage,0.0,False,0,S0_v7_original_top10__R5_tail_ret_median_Q2,S0_v7_original_top10,R5_tail_ret_median_Q2
20260513,10bp_one_way_slippage,0.0,False,0,S0_v7_original_top10__R5_tail_ret_median_Q2,S0_v7_original_top10,R5_tail_ret_median_Q2
20260514,10bp_one_way_slippage,0.0,False,0,S0_v7_original_top10__R5_tail_ret_median_Q2,S0_v7_original_top10,R5_tail_ret_median_Q2
20260515,10bp_one_way_slippage,0.0,False,0,S0_v7_original_top10__R5_tail_ret_median_Q2,S0_v7_original_top10,R5_tail_ret_median_Q2
20260518,10bp_one_way_slippage,0.0,False,0,S0_v7_original_top10__R5_tail_ret_median_Q2,S0_v7_original_top10,R5_tail_ret_median_Q2
20260519,10bp_one_way_slippage,0.0,False,0,S0_v7_original_top10__R5_tail_ret_median_Q2,S0_v7_original_top10,R5_tail_ret_median_Q2
20260520,10bp_one_way_slippage,0.0,False,0,S0_v7_original_top10__R5_tail_ret_median_Q2,S0_v7_original_top10,R5_tail_ret_median_Q2
20260224,10bp_slippage_plus_impact,0.007168088415781359,True,10,S0_v7_original_top10__R5_tail_ret_median_Q2,S0_v7_original_top10,R5_tail_ret_median_Q2
20260225,10bp_slippage_plus_impact,0.0,False,0,S0_v7_original_top10__R5_tail_ret_median_Q2,S0_v7_original_top10,R5_tail_ret_median_Q2
20260226,10bp_slippage_plus_impact,0.0,False,0,S0_v7_original_top10__R5_tail_ret_median_Q2,S0_v7_original_top10,R5_tail_ret_median_Q2
20260227,10bp_slippage_plus_impact,0.0,False,0,S0_v7_original_top10__R5_tail_ret_median_Q2,S0_v7_original_top10,R5_tail_ret_median_Q2
20260302,10bp_slippage_plus_impact,-0.011866433487828532,True,10,S0_v7_original_top10__R5_tail_ret_median_Q2,S0_v7_original_top10,R5_tail_ret_median_Q2
20260303,10bp_slippage_plus_impact,0.0,False,0,S0_v7_original_top10__R5_tail_ret_median_Q2,S0_v7_original_top10,R5_tail_ret_median_Q2
20260304,10bp_slippage_plus_impact,0.019460740540002887,True,10,S0_v7_original_top10__R5_tail_ret_median_Q2,S0_v7_original_top10,R5_tail_ret_median_Q2
20260305,10bp_slippage_plus_impact,0.0,False,0,S0_v7_original_top10__R5_tail_ret_median_Q2,S0_v7_original_top10,R5_tail_ret_median_Q2
20260306,10bp_slippage_plus_impact,0.0,False,0,S0_v7_original_top10__R5_tail_ret_median_Q2,S0_v7_original_top10,R5_tail_ret_median_Q2
20260309,10bp_slippage_plus_impact,0.023710527469023156,True,10,S0_v7_original_top10__R5_tail_ret_median_Q2,S0_v7_original_top10,R5_tail_ret_median_Q2
20260310,10bp_slippage_plus_impact,0.0,False,0,S0_v7_original_top10__R5_tail_ret_median_Q2,S0_v7_original_top10,R5_tail_ret_median_Q2
20260311,10bp_slippage_plus_impact,0.0,False,0,S0_v7_original_top10__R5_tail_ret_median_Q2,S0_v7_original_top10,R5_tail_ret_median_Q2
20260312,10bp_slippage_plus_impact,0.0,False,0,S0_v7_original_top10__R5_tail_ret_median_Q2,S0_v7_original_top10,R5_tail_ret_median_Q2
20260313,10bp_slippage_plus_impact,0.0,False,0,S0_v7_original_top10__R5_tail_ret_median_Q2,S0_v7_original_top10,R5_tail_ret_median_Q2
20260316,10bp_slippage_plus_impact,0.0,False,0,S0_v7_original_top10__R5_tail_ret_median_Q2,S0_v7_original_top10,R5_tail_ret_median_Q2
20260317,10bp_slippage_plus_impact,0.0,False,0,S0_v7_original_top10__R5_tail_ret_median_Q2,S0_v7_original_top10,R5_tail_ret_median_Q2
20260318,10bp_slippage_plus_impact,0.0,False,0,S0_v7_original_top10__R5_tail_ret_median_Q2,S0_v7_original_top10,R5_tail_ret_median_Q2
20260319,10bp_slippage_plus_impact,0.0,False,0,S0_v7_original_top10__R5_tail_ret_median_Q2,S0_v7_original_top10,R5_tail_ret_median_Q2
20260320,10bp_slippage_plus_impact,0.0,False,0,S0_v7_original_top10__R5_tail_ret_median_Q2,S0_v7_original_top10,R5_tail_ret_median_Q2
20260323,10bp_slippage_plus_impact,0.0,False,0,S0_v7_original_top10__R5_tail_ret_median_Q2,S0_v7_original_top10,R5_tail_ret_median_Q2
20260324,10bp_slippage_plus_impact,0.0,False,0,S0_v7_original_top10__R5_tail_ret_median_Q2,S0_v7_original_top10,R5_tail_ret_median_Q2
20260325,10bp_slippage_plus_impact,0.0,False,0,S0_v7_original_top10__R5_tail_ret_median_Q2,S0_v7_original_top10,R5_tail_ret_median_Q2
20260326,10bp_slippage_plus_impact,0.0007761085833058901,True,10,S0_v7_original_top10__R5_tail_ret_median_Q2,S0_v7_original_top10,R5_tail_ret_median_Q2
20260327,10bp_slippage_plus_impact,0.0,False,0,S0_v7_original_top10__R5_tail_ret_median_Q2,S0_v7_original_top10,R5_tail_ret_median_Q2
20260330,10bp_slippage_plus_impact,0.0,False,0,S0_v7_original_top10__R5_tail_ret_median_Q2,S0_v7_original_top10,R5_tail_ret_median_Q2
20260331,10bp_slippage_plus_impact,0.0,False,0,S0_v7_original_top10__R5_tail_ret_median_Q2,S0_v7_original_top10,R5_tail_ret_median_Q2
20260401,10bp_slippage_plus_impact,0.0,False,0,S0_v7_original_top10__R5_tail_ret_median_Q2,S0_v7_original_top10,R5_tail_ret_median_Q2
20260402,10bp_slippage_plus_impact,-0.021260081516785222,True,10,S0_v7_original_top10__R5_tail_ret_median_Q2,S0_v7_original_top10,R5_tail_ret_median_Q2
20260403,10bp_slippage_plus_impact,0.0,False,0,S0_v7_original_top10__R5_tail_ret_median_Q2,S0_v7_original_top10,R5_tail_ret_median_Q2
20260407,10bp_slippage_plus_impact,0.030104859907573923,True,10,S0_v7_original_top10__R5_tail_ret_median_Q2,S0_v7_original_top10,R5_tail_ret_median_Q2
20260408,10bp_slippage_plus_impact,0.0,False,0,S0_v7_original_top10__R5_tail_ret_median_Q2,S0_v7_original_top10,R5_tail_ret_median_Q2
20260409,10bp_slippage_plus_impact,0.01002869980333847,True,10,S0_v7_original_top10__R5_tail_ret_median_Q2,S0_v7_original_top10,R5_tail_ret_median_Q2
20260410,10bp_slippage_plus_impact,-0.0002468331889450504,True,10,S0_v7_original_top10__R5_tail_ret_median_Q2,S0_v7_original_top10,R5_tail_ret_median_Q2
20260413,10bp_slippage_plus_impact,0.009993900032787028,True,10,S0_v7_original_top10__R5_tail_ret_median_Q2,S0_v7_original_top10,R5_tail_ret_median_Q2
20260414,10bp_slippage_plus_impact,0.0,False,0,S0_v7_original_top10__R5_tail_ret_median_Q2,S0_v7_original_top10,R5_tail_ret_median_Q2
20260415,10bp_slippage_plus_impact,0.0,False,0,S0_v7_original_top10__R5_tail_ret_median_Q2,S0_v7_original_top10,R5_tail_ret_median_Q2
20260416,10bp_slippage_plus_impact,0.0,False,0,S0_v7_original_top10__R5_tail_ret_median_Q2,S0_v7_original_top10,R5_tail_ret_median_Q2
20260417,10bp_slippage_plus_impact,0.0,False,0,S0_v7_original_top10__R5_tail_ret_median_Q2,S0_v7_original_top10,R5_tail_ret_median_Q2
20260420,10bp_slippage_plus_impact,0.0,False,0,S0_v7_original_top10__R5_tail_ret_median_Q2,S0_v7_original_top10,R5_tail_ret_median_Q2
20260421,10bp_slippage_plus_impact,0.0,False,0,S0_v7_original_top10__R5_tail_ret_median_Q2,S0_v7_original_top10,R5_tail_ret_median_Q2
20260422,10bp_slippage_plus_impact,0.0,False,0,S0_v7_original_top10__R5_tail_ret_median_Q2,S0_v7_original_top10,R5_tail_ret_median_Q2
20260423,10bp_slippage_plus_impact,0.0,False,0,S0_v7_original_top10__R5_tail_ret_median_Q2,S0_v7_original_top10,R5_tail_ret_median_Q2
20260424,10bp_slippage_plus_impact,0.0,False,0,S0_v7_original_top10__R5_tail_ret_median_Q2,S0_v7_original_top10,R5_tail_ret_median_Q2
20260427,10bp_slippage_plus_impact,0.0,False,0,S0_v7_original_top10__R5_tail_ret_median_Q2,S0_v7_original_top10,R5_tail_ret_median_Q2
20260428,10bp_slippage_plus_impact,0.0,False,0,S0_v7_original_top10__R5_tail_ret_median_Q2,S0_v7_original_top10,R5_tail_ret_median_Q2
20260429,10bp_slippage_plus_impact,0.0,False,0,S0_v7_original_top10__R5_tail_ret_median_Q2,S0_v7_original_top10,R5_tail_ret_median_Q2
20260430,10bp_slippage_plus_impact,0.0,False,0,S0_v7_original_top10__R5_tail_ret_median_Q2,S0_v7_original_top10,R5_tail_ret_median_Q2
20260506,10bp_slippage_plus_impact,0.0,False,0,S0_v7_original_top10__R5_tail_ret_median_Q2,S0_v7_original_top10,R5_tail_ret_median_Q2
20260507,10bp_slippage_plus_impact,0.0,False,0,S0_v7_original_top10__R5_tail_ret_median_Q2,S0_v7_original_top10,R5_tail_ret_median_Q2
20260508,10bp_slippage_plus_impact,-0.0005320285721479689,True,10,S0_v7_original_top10__R5_tail_ret_median_Q2,S0_v7_original_top10,R5_tail_ret_median_Q2
20260511,10bp_slippage_plus_impact,0.0,False,0,S0_v7_original_top10__R5_tail_ret_median_Q2,S0_v7_original_top10,R5_tail_ret_median_Q2
20260512,10bp_slippage_plus_impact,0.0,False,0,S0_v7_original_top10__R5_tail_ret_median_Q2,S0_v7_original_top10,R5_tail_ret_median_Q2
20260513,10bp_slippage_plus_impact,0.0,False,0,S0_v7_original_top10__R5_tail_ret_median_Q2,S0_v7_original_top10,R5_tail_ret_median_Q2
20260514,10bp_slippage_plus_impact,0.0,False,0,S0_v7_original_top10__R5_tail_ret_median_Q2,S0_v7_original_top10,R5_tail_ret_median_Q2
20260515,10bp_slippage_plus_impact,0.0,False,0,S0_v7_original_top10__R5_tail_ret_median_Q2,S0_v7_original_top10,R5_tail_ret_median_Q2
20260518,10bp_slippage_plus_impact,0.0,False,0,S0_v7_original_top10__R5_tail_ret_median_Q2,S0_v7_original_top10,R5_tail_ret_median_Q2
20260519,10bp_slippage_plus_impact,0.0,False,0,S0_v7_original_top10__R5_tail_ret_median_Q2,S0_v7_original_top10,R5_tail_ret_median_Q2
20260520,10bp_slippage_plus_impact,0.0,False,0,S0_v7_original_top10__R5_tail_ret_median_Q2,S0_v7_original_top10,R5_tail_ret_median_Q2
20260224,5bp_one_way_slippage,0.0,False,0,S0_v7_original_top10__R6_market_dispersion_Q1_low,S0_v7_original_top10,R6_market_dispersion_Q1_low
20260225,5bp_one_way_slippage,0.0,False,0,S0_v7_original_top10__R6_market_dispersion_Q1_low,S0_v7_original_top10,R6_market_dispersion_Q1_low
20260226,5bp_one_way_slippage,0.0,False,0,S0_v7_original_top10__R6_market_dispersion_Q1_low,S0_v7_original_top10,R6_market_dispersion_Q1_low
20260227,5bp_one_way_slippage,0.0,False,0,S0_v7_original_top10__R6_market_dispersion_Q1_low,S0_v7_original_top10,R6_market_dispersion_Q1_low
20260302,5bp_one_way_slippage,0.0,False,0,S0_v7_original_top10__R6_market_dispersion_Q1_low,S0_v7_original_top10,R6_market_dispersion_Q1_low
20260303,5bp_one_way_slippage,0.0,False,0,S0_v7_original_top10__R6_market_dispersion_Q1_low,S0_v7_original_top10,R6_market_dispersion_Q1_low
20260304,5bp_one_way_slippage,0.0,False,0,S0_v7_original_top10__R6_market_dispersion_Q1_low,S0_v7_original_top10,R6_market_dispersion_Q1_low
20260305,5bp_one_way_slippage,0.0,False,0,S0_v7_original_top10__R6_market_dispersion_Q1_low,S0_v7_original_top10,R6_market_dispersion_Q1_low
20260306,5bp_one_way_slippage,0.0,False,0,S0_v7_original_top10__R6_market_dispersion_Q1_low,S0_v7_original_top10,R6_market_dispersion_Q1_low
20260309,5bp_one_way_slippage,0.0,False,0,S0_v7_original_top10__R6_market_dispersion_Q1_low,S0_v7_original_top10,R6_market_dispersion_Q1_low
20260310,5bp_one_way_slippage,0.0,False,0,S0_v7_original_top10__R6_market_dispersion_Q1_low,S0_v7_original_top10,R6_market_dispersion_Q1_low
20260311,5bp_one_way_slippage,0.0,False,0,S0_v7_original_top10__R6_market_dispersion_Q1_low,S0_v7_original_top10,R6_market_dispersion_Q1_low
20260312,5bp_one_way_slippage,0.0,False,0,S0_v7_original_top10__R6_market_dispersion_Q1_low,S0_v7_original_top10,R6_market_dispersion_Q1_low
20260313,5bp_one_way_slippage,0.0,False,0,S0_v7_original_top10__R6_market_dispersion_Q1_low,S0_v7_original_top10,R6_market_dispersion_Q1_low
20260316,5bp_one_way_slippage,0.0,False,0,S0_v7_original_top10__R6_market_dispersion_Q1_low,S0_v7_original_top10,R6_market_dispersion_Q1_low
20260317,5bp_one_way_slippage,0.0,False,0,S0_v7_original_top10__R6_market_dispersion_Q1_low,S0_v7_original_top10,R6_market_dispersion_Q1_low
20260318,5bp_one_way_slippage,0.0,False,0,S0_v7_original_top10__R6_market_dispersion_Q1_low,S0_v7_original_top10,R6_market_dispersion_Q1_low
20260319,5bp_one_way_slippage,0.0,False,0,S0_v7_original_top10__R6_market_dispersion_Q1_low,S0_v7_original_top10,R6_market_dispersion_Q1_low
20260320,5bp_one_way_slippage,0.0,False,0,S0_v7_original_top10__R6_market_dispersion_Q1_low,S0_v7_original_top10,R6_market_dispersion_Q1_low
20260323,5bp_one_way_slippage,0.0,False,0,S0_v7_original_top10__R6_market_dispersion_Q1_low,S0_v7_original_top10,R6_market_dispersion_Q1_low
20260324,5bp_one_way_slippage,0.015428961165166432,True,10,S0_v7_original_top10__R6_market_dispersion_Q1_low,S0_v7_original_top10,R6_market_dispersion_Q1_low
20260325,5bp_one_way_slippage,-0.0005387642871377829,True,10,S0_v7_original_top10__R6_market_dispersion_Q1_low,S0_v7_original_top10,R6_market_dispersion_Q1_low
20260326,5bp_one_way_slippage,0.0020791321862273946,True,10,S0_v7_original_top10__R6_market_dispersion_Q1_low,S0_v7_original_top10,R6_market_dispersion_Q1_low
20260327,5bp_one_way_slippage,-0.011047883018484916,True,10,S0_v7_original_top10__R6_market_dispersion_Q1_low,S0_v7_original_top10,R6_market_dispersion_Q1_low
20260330,5bp_one_way_slippage,0.009612444420709743,True,10,S0_v7_original_top10__R6_market_dispersion_Q1_low,S0_v7_original_top10,R6_market_dispersion_Q1_low
20260331,5bp_one_way_slippage,0.011108695663516688,True,10,S0_v7_original_top10__R6_market_dispersion_Q1_low,S0_v7_original_top10,R6_market_dispersion_Q1_low
20260401,5bp_one_way_slippage,0.0,False,0,S0_v7_original_top10__R6_market_dispersion_Q1_low,S0_v7_original_top10,R6_market_dispersion_Q1_low
20260402,5bp_one_way_slippage,0.0,False,0,S0_v7_original_top10__R6_market_dispersion_Q1_low,S0_v7_original_top10,R6_market_dispersion_Q1_low
20260403,5bp_one_way_slippage,0.0,False,0,S0_v7_original_top10__R6_market_dispersion_Q1_low,S0_v7_original_top10,R6_market_dispersion_Q1_low
20260407,5bp_one_way_slippage,0.03133403000173749,True,10,S0_v7_original_top10__R6_market_dispersion_Q1_low,S0_v7_original_top10,R6_market_dispersion_Q1_low
20260408,5bp_one_way_slippage,0.0,False,0,S0_v7_original_top10__R6_market_dispersion_Q1_low,S0_v7_original_top10,R6_market_dispersion_Q1_low
20260409,5bp_one_way_slippage,0.0,False,0,S0_v7_original_top10__R6_market_dispersion_Q1_low,S0_v7_original_top10,R6_market_dispersion_Q1_low
20260410,5bp_one_way_slippage,0.0008984500776018312,True,10,S0_v7_original_top10__R6_market_dispersion_Q1_low,S0_v7_original_top10,R6_market_dispersion_Q1_low
20260413,5bp_one_way_slippage,0.0,False,0,S0_v7_original_top10__R6_market_dispersion_Q1_low,S0_v7_original_top10,R6_market_dispersion_Q1_low
20260414,5bp_one_way_slippage,0.010009049205052323,True,10,S0_v7_original_top10__R6_market_dispersion_Q1_low,S0_v7_original_top10,R6_market_dispersion_Q1_low
20260415,5bp_one_way_slippage,0.009986983402563876,True,10,S0_v7_original_top10__R6_market_dispersion_Q1_low,S0_v7_original_top10,R6_market_dispersion_Q1_low
20260416,5bp_one_way_slippage,-0.010267501995042649,True,10,S0_v7_original_top10__R6_market_dispersion_Q1_low,S0_v7_original_top10,R6_market_dispersion_Q1_low
20260417,5bp_one_way_slippage,0.0,False,0,S0_v7_original_top10__R6_market_dispersion_Q1_low,S0_v7_original_top10,R6_market_dispersion_Q1_low
20260420,5bp_one_way_slippage,0.0,False,0,S0_v7_original_top10__R6_market_dispersion_Q1_low,S0_v7_original_top10,R6_market_dispersion_Q1_low
20260421,5bp_one_way_slippage,-0.004018488048694435,True,10,S0_v7_original_top10__R6_market_dispersion_Q1_low,S0_v7_original_top10,R6_market_dispersion_Q1_low
20260422,5bp_one_way_slippage,0.0,False,0,S0_v7_original_top10__R6_market_dispersion_Q1_low,S0_v7_original_top10,R6_market_dispersion_Q1_low
20260423,5bp_one_way_slippage,0.0,False,0,S0_v7_original_top10__R6_market_dispersion_Q1_low,S0_v7_original_top10,R6_market_dispersion_Q1_low
20260424,5bp_one_way_slippage,0.0,False,0,S0_v7_original_top10__R6_market_dispersion_Q1_low,S0_v7_original_top10,R6_market_dispersion_Q1_low
20260427,5bp_one_way_slippage,0.0,False,0,S0_v7_original_top10__R6_market_dispersion_Q1_low,S0_v7_original_top10,R6_market_dispersion_Q1_low
20260428,5bp_one_way_slippage,0.0,False,0,S0_v7_original_top10__R6_market_dispersion_Q1_low,S0_v7_original_top10,R6_market_dispersion_Q1_low
20260429,5bp_one_way_slippage,0.0,False,0,S0_v7_original_top10__R6_market_dispersion_Q1_low,S0_v7_original_top10,R6_market_dispersion_Q1_low
20260430,5bp_one_way_slippage,0.0,False,0,S0_v7_original_top10__R6_market_dispersion_Q1_low,S0_v7_original_top10,R6_market_dispersion_Q1_low
20260506,5bp_one_way_slippage,0.0,False,0,S0_v7_original_top10__R6_market_dispersion_Q1_low,S0_v7_original_top10,R6_market_dispersion_Q1_low
20260507,5bp_one_way_slippage,0.0,False,0,S0_v7_original_top10__R6_market_dispersion_Q1_low,S0_v7_original_top10,R6_market_dispersion_Q1_low
20260508,5bp_one_way_slippage,0.0,False,0,S0_v7_original_top10__R6_market_dispersion_Q1_low,S0_v7_original_top10,R6_market_dispersion_Q1_low
20260511,5bp_one_way_slippage,0.0,False,0,S0_v7_original_top10__R6_market_dispersion_Q1_low,S0_v7_original_top10,R6_market_dispersion_Q1_low
20260512,5bp_one_way_slippage,0.0,False,0,S0_v7_original_top10__R6_market_dispersion_Q1_low,S0_v7_original_top10,R6_market_dispersion_Q1_low
20260513,5bp_one_way_slippage,0.0,False,0,S0_v7_original_top10__R6_market_dispersion_Q1_low,S0_v7_original_top10,R6_market_dispersion_Q1_low
20260514,5bp_one_way_slippage,0.0,False,0,S0_v7_original_top10__R6_market_dispersion_Q1_low,S0_v7_original_top10,R6_market_dispersion_Q1_low
20260515,5bp_one_way_slippage,0.0,False,0,S0_v7_original_top10__R6_market_dispersion_Q1_low,S0_v7_original_top10,R6_market_dispersion_Q1_low
20260518,5bp_one_way_slippage,0.0,False,0,S0_v7_original_top10__R6_market_dispersion_Q1_low,S0_v7_original_top10,R6_market_dispersion_Q1_low
20260519,5bp_one_way_slippage,0.0,False,0,S0_v7_original_top10__R6_market_dispersion_Q1_low,S0_v7_original_top10,R6_market_dispersion_Q1_low
20260520,5bp_one_way_slippage,0.0,False,0,S0_v7_original_top10__R6_market_dispersion_Q1_low,S0_v7_original_top10,R6_market_dispersion_Q1_low
20260224,10bp_one_way_slippage,0.0,False,0,S0_v7_original_top10__R6_market_dispersion_Q1_low,S0_v7_original_top10,R6_market_dispersion_Q1_low
20260225,10bp_one_way_slippage,0.0,False,0,S0_v7_original_top10__R6_market_dispersion_Q1_low,S0_v7_original_top10,R6_market_dispersion_Q1_low
20260226,10bp_one_way_slippage,0.0,False,0,S0_v7_original_top10__R6_market_dispersion_Q1_low,S0_v7_original_top10,R6_market_dispersion_Q1_low
20260227,10bp_one_way_slippage,0.0,False,0,S0_v7_original_top10__R6_market_dispersion_Q1_low,S0_v7_original_top10,R6_market_dispersion_Q1_low
20260302,10bp_one_way_slippage,0.0,False,0,S0_v7_original_top10__R6_market_dispersion_Q1_low,S0_v7_original_top10,R6_market_dispersion_Q1_low
20260303,10bp_one_way_slippage,0.0,False,0,S0_v7_original_top10__R6_market_dispersion_Q1_low,S0_v7_original_top10,R6_market_dispersion_Q1_low
20260304,10bp_one_way_slippage,0.0,False,0,S0_v7_original_top10__R6_market_dispersion_Q1_low,S0_v7_original_top10,R6_market_dispersion_Q1_low
20260305,10bp_one_way_slippage,0.0,False,0,S0_v7_original_top10__R6_market_dispersion_Q1_low,S0_v7_original_top10,R6_market_dispersion_Q1_low
20260306,10bp_one_way_slippage,0.0,False,0,S0_v7_original_top10__R6_market_dispersion_Q1_low,S0_v7_original_top10,R6_market_dispersion_Q1_low
20260309,10bp_one_way_slippage,0.0,False,0,S0_v7_original_top10__R6_market_dispersion_Q1_low,S0_v7_original_top10,R6_market_dispersion_Q1_low
20260310,10bp_one_way_slippage,0.0,False,0,S0_v7_original_top10__R6_market_dispersion_Q1_low,S0_v7_original_top10,R6_market_dispersion_Q1_low
20260311,10bp_one_way_slippage,0.0,False,0,S0_v7_original_top10__R6_market_dispersion_Q1_low,S0_v7_original_top10,R6_market_dispersion_Q1_low
20260312,10bp_one_way_slippage,0.0,False,0,S0_v7_original_top10__R6_market_dispersion_Q1_low,S0_v7_original_top10,R6_market_dispersion_Q1_low
20260313,10bp_one_way_slippage,0.0,False,0,S0_v7_original_top10__R6_market_dispersion_Q1_low,S0_v7_original_top10,R6_market_dispersion_Q1_low
20260316,10bp_one_way_slippage,0.0,False,0,S0_v7_original_top10__R6_market_dispersion_Q1_low,S0_v7_original_top10,R6_market_dispersion_Q1_low
20260317,10bp_one_way_slippage,0.0,False,0,S0_v7_original_top10__R6_market_dispersion_Q1_low,S0_v7_original_top10,R6_market_dispersion_Q1_low
20260318,10bp_one_way_slippage,0.0,False,0,S0_v7_original_top10__R6_market_dispersion_Q1_low,S0_v7_original_top10,R6_market_dispersion_Q1_low
20260319,10bp_one_way_slippage,0.0,False,0,S0_v7_original_top10__R6_market_dispersion_Q1_low,S0_v7_original_top10,R6_market_dispersion_Q1_low
20260320,10bp_one_way_slippage,0.0,False,0,S0_v7_original_top10__R6_market_dispersion_Q1_low,S0_v7_original_top10,R6_market_dispersion_Q1_low
20260323,10bp_one_way_slippage,0.0,False,0,S0_v7_original_top10__R6_market_dispersion_Q1_low,S0_v7_original_top10,R6_market_dispersion_Q1_low
20260324,10bp_one_way_slippage,0.014413784475027969,True,10,S0_v7_original_top10__R6_market_dispersion_Q1_low,S0_v7_original_top10,R6_market_dispersion_Q1_low
20260325,10bp_one_way_slippage,-0.0015379772188119367,True,10,S0_v7_original_top10__R6_market_dispersion_Q1_low,S0_v7_original_top10,R6_market_dispersion_Q1_low
20260326,10bp_one_way_slippage,0.0010773020084645535,True,10,S0_v7_original_top10__R6_market_dispersion_Q1_low,S0_v7_original_top10,R6_market_dispersion_Q1_low
20260327,10bp_one_way_slippage,-0.012036589442290968,True,10,S0_v7_original_top10__R6_market_dispersion_Q1_low,S0_v7_original_top10,R6_market_dispersion_Q1_low
20260330,10bp_one_way_slippage,0.008603082802272632,True,10,S0_v7_original_top10__R6_market_dispersion_Q1_low,S0_v7_original_top10,R6_market_dispersion_Q1_low
20260331,10bp_one_way_slippage,0.010097838165562211,True,10,S0_v7_original_top10__R6_market_dispersion_Q1_low,S0_v7_original_top10,R6_market_dispersion_Q1_low
20260401,10bp_one_way_slippage,0.0,False,0,S0_v7_original_top10__R6_market_dispersion_Q1_low,S0_v7_original_top10,R6_market_dispersion_Q1_low
20260402,10bp_one_way_slippage,0.0,False,0,S0_v7_original_top10__R6_market_dispersion_Q1_low,S0_v7_original_top10,R6_market_dispersion_Q1_low
20260403,10bp_one_way_slippage,0.0,False,0,S0_v7_original_top10__R6_market_dispersion_Q1_low,S0_v7_original_top10,R6_market_dispersion_Q1_low
20260407,10bp_one_way_slippage,0.03030295219418422,True,10,S0_v7_original_top10__R6_market_dispersion_Q1_low,S0_v7_original_top10,R6_market_dispersion_Q1_low
20260408,10bp_one_way_slippage,0.0,False,0,S0_v7_original_top10__R6_market_dispersion_Q1_low,S0_v7_original_top10,R6_market_dispersion_Q1_low
20260409,10bp_one_way_slippage,0.0,False,0,S0_v7_original_top10__R6_market_dispersion_Q1_low,S0_v7_original_top10,R6_market_dispersion_Q1_low
20260410,10bp_one_way_slippage,-0.00010219971137853667,True,10,S0_v7_original_top10__R6_market_dispersion_Q1_low,S0_v7_original_top10,R6_market_dispersion_Q1_low
20260413,10bp_one_way_slippage,0.0,False,0,S0_v7_original_top10__R6_market_dispersion_Q1_low,S0_v7_original_top10,R6_market_dispersion_Q1_low
20260414,10bp_one_way_slippage,0.008999291080362537,True,10,S0_v7_original_top10__R6_market_dispersion_Q1_low,S0_v7_original_top10,R6_market_dispersion_Q1_low
20260415,10bp_one_way_slippage,0.008977247338194628,True,10,S0_v7_original_top10__R6_market_dispersion_Q1_low,S0_v7_original_top10,R6_market_dispersion_Q1_low
20260416,10bp_one_way_slippage,-0.011256988605995943,True,10,S0_v7_original_top10__R6_market_dispersion_Q1_low,S0_v7_original_top10,R6_market_dispersion_Q1_low
20260417,10bp_one_way_slippage,0.0,False,0,S0_v7_original_top10__R6_market_dispersion_Q1_low,S0_v7_original_top10,R6_market_dispersion_Q1_low
20260420,10bp_one_way_slippage,0.0,False,0,S0_v7_original_top10__R6_market_dispersion_Q1_low,S0_v7_original_top10,R6_market_dispersion_Q1_low
20260421,10bp_one_way_slippage,-0.005014222121102263,True,10,S0_v7_original_top10__R6_market_dispersion_Q1_low,S0_v7_original_top10,R6_market_dispersion_Q1_low
20260422,10bp_one_way_slippage,0.0,False,0,S0_v7_original_top10__R6_market_dispersion_Q1_low,S0_v7_original_top10,R6_market_dispersion_Q1_low
20260423,10bp_one_way_slippage,0.0,False,0,S0_v7_original_top10__R6_market_dispersion_Q1_low,S0_v7_original_top10,R6_market_dispersion_Q1_low
20260424,10bp_one_way_slippage,0.0,False,0,S0_v7_original_top10__R6_market_dispersion_Q1_low,S0_v7_original_top10,R6_market_dispersion_Q1_low
20260427,10bp_one_way_slippage,0.0,False,0,S0_v7_original_top10__R6_market_dispersion_Q1_low,S0_v7_original_top10,R6_market_dispersion_Q1_low
20260428,10bp_one_way_slippage,0.0,False,0,S0_v7_original_top10__R6_market_dispersion_Q1_low,S0_v7_original_top10,R6_market_dispersion_Q1_low
20260429,10bp_one_way_slippage,0.0,False,0,S0_v7_original_top10__R6_market_dispersion_Q1_low,S0_v7_original_top10,R6_market_dispersion_Q1_low
20260430,10bp_one_way_slippage,0.0,False,0,S0_v7_original_top10__R6_market_dispersion_Q1_low,S0_v7_original_top10,R6_market_dispersion_Q1_low
20260506,10bp_one_way_slippage,0.0,False,0,S0_v7_original_top10__R6_market_dispersion_Q1_low,S0_v7_original_top10,R6_market_dispersion_Q1_low
20260507,10bp_one_way_slippage,0.0,False,0,S0_v7_original_top10__R6_market_dispersion_Q1_low,S0_v7_original_top10,R6_market_dispersion_Q1_low
20260508,10bp_one_way_slippage,0.0,False,0,S0_v7_original_top10__R6_market_dispersion_Q1_low,S0_v7_original_top10,R6_market_dispersion_Q1_low
20260511,10bp_one_way_slippage,0.0,False,0,S0_v7_original_top10__R6_market_dispersion_Q1_low,S0_v7_original_top10,R6_market_dispersion_Q1_low
20260512,10bp_one_way_slippage,0.0,False,0,S0_v7_original_top10__R6_market_dispersion_Q1_low,S0_v7_original_top10,R6_market_dispersion_Q1_low
20260513,10bp_one_way_slippage,0.0,False,0,S0_v7_original_top10__R6_market_dispersion_Q1_low,S0_v7_original_top10,R6_market_dispersion_Q1_low
20260514,10bp_one_way_slippage,0.0,False,0,S0_v7_original_top10__R6_market_dispersion_Q1_low,S0_v7_original_top10,R6_market_dispersion_Q1_low
20260515,10bp_one_way_slippage,0.0,False,0,S0_v7_original_top10__R6_market_dispersion_Q1_low,S0_v7_original_top10,R6_market_dispersion_Q1_low
20260518,10bp_one_way_slippage,0.0,False,0,S0_v7_original_top10__R6_market_dispersion_Q1_low,S0_v7_original_top10,R6_market_dispersion_Q1_low
20260519,10bp_one_way_slippage,0.0,False,0,S0_v7_original_top10__R6_market_dispersion_Q1_low,S0_v7_original_top10,R6_market_dispersion_Q1_low
20260520,10bp_one_way_slippage,0.0,False,0,S0_v7_original_top10__R6_market_dispersion_Q1_low,S0_v7_original_top10,R6_market_dispersion_Q1_low
20260224,10bp_slippage_plus_impact,0.0,False,0,S0_v7_original_top10__R6_market_dispersion_Q1_low,S0_v7_original_top10,R6_market_dispersion_Q1_low
20260225,10bp_slippage_plus_impact,0.0,False,0,S0_v7_original_top10__R6_market_dispersion_Q1_low,S0_v7_original_top10,R6_market_dispersion_Q1_low
20260226,10bp_slippage_plus_impact,0.0,False,0,S0_v7_original_top10__R6_market_dispersion_Q1_low,S0_v7_original_top10,R6_market_dispersion_Q1_low
20260227,10bp_slippage_plus_impact,0.0,False,0,S0_v7_original_top10__R6_market_dispersion_Q1_low,S0_v7_original_top10,R6_market_dispersion_Q1_low
20260302,10bp_slippage_plus_impact,0.0,False,0,S0_v7_original_top10__R6_market_dispersion_Q1_low,S0_v7_original_top10,R6_market_dispersion_Q1_low
20260303,10bp_slippage_plus_impact,0.0,False,0,S0_v7_original_top10__R6_market_dispersion_Q1_low,S0_v7_original_top10,R6_market_dispersion_Q1_low
20260304,10bp_slippage_plus_impact,0.0,False,0,S0_v7_original_top10__R6_market_dispersion_Q1_low,S0_v7_original_top10,R6_market_dispersion_Q1_low
20260305,10bp_slippage_plus_impact,0.0,False,0,S0_v7_original_top10__R6_market_dispersion_Q1_low,S0_v7_original_top10,R6_market_dispersion_Q1_low
20260306,10bp_slippage_plus_impact,0.0,False,0,S0_v7_original_top10__R6_market_dispersion_Q1_low,S0_v7_original_top10,R6_market_dispersion_Q1_low
20260309,10bp_slippage_plus_impact,0.0,False,0,S0_v7_original_top10__R6_market_dispersion_Q1_low,S0_v7_original_top10,R6_market_dispersion_Q1_low
20260310,10bp_slippage_plus_impact,0.0,False,0,S0_v7_original_top10__R6_market_dispersion_Q1_low,S0_v7_original_top10,R6_market_dispersion_Q1_low
20260311,10bp_slippage_plus_impact,0.0,False,0,S0_v7_original_top10__R6_market_dispersion_Q1_low,S0_v7_original_top10,R6_market_dispersion_Q1_low
20260312,10bp_slippage_plus_impact,0.0,False,0,S0_v7_original_top10__R6_market_dispersion_Q1_low,S0_v7_original_top10,R6_market_dispersion_Q1_low
20260313,10bp_slippage_plus_impact,0.0,False,0,S0_v7_original_top10__R6_market_dispersion_Q1_low,S0_v7_original_top10,R6_market_dispersion_Q1_low
20260316,10bp_slippage_plus_impact,0.0,False,0,S0_v7_original_top10__R6_market_dispersion_Q1_low,S0_v7_original_top10,R6_market_dispersion_Q1_low
20260317,10bp_slippage_plus_impact,0.0,False,0,S0_v7_original_top10__R6_market_dispersion_Q1_low,S0_v7_original_top10,R6_market_dispersion_Q1_low
20260318,10bp_slippage_plus_impact,0.0,False,0,S0_v7_original_top10__R6_market_dispersion_Q1_low,S0_v7_original_top10,R6_market_dispersion_Q1_low
20260319,10bp_slippage_plus_impact,0.0,False,0,S0_v7_original_top10__R6_market_dispersion_Q1_low,S0_v7_original_top10,R6_market_dispersion_Q1_low
20260320,10bp_slippage_plus_impact,0.0,False,0,S0_v7_original_top10__R6_market_dispersion_Q1_low,S0_v7_original_top10,R6_market_dispersion_Q1_low
20260323,10bp_slippage_plus_impact,0.0,False,0,S0_v7_original_top10__R6_market_dispersion_Q1_low,S0_v7_original_top10,R6_market_dispersion_Q1_low
20260324,10bp_slippage_plus_impact,0.014142004278276544,True,10,S0_v7_original_top10__R6_market_dispersion_Q1_low,S0_v7_original_top10,R6_market_dispersion_Q1_low
20260325,10bp_slippage_plus_impact,-0.0017608970059303064,True,10,S0_v7_original_top10__R6_market_dispersion_Q1_low,S0_v7_original_top10,R6_market_dispersion_Q1_low
20260326,10bp_slippage_plus_impact,0.0007761085833058901,True,10,S0_v7_original_top10__R6_market_dispersion_Q1_low,S0_v7_original_top10,R6_market_dispersion_Q1_low
20260327,10bp_slippage_plus_impact,-0.012277949329020276,True,10,S0_v7_original_top10__R6_market_dispersion_Q1_low,S0_v7_original_top10,R6_market_dispersion_Q1_low
20260330,10bp_slippage_plus_impact,0.008452251948655166,True,10,S0_v7_original_top10__R6_market_dispersion_Q1_low,S0_v7_original_top10,R6_market_dispersion_Q1_low
20260331,10bp_slippage_plus_impact,0.009856904750926775,True,10,S0_v7_original_top10__R6_market_dispersion_Q1_low,S0_v7_original_top10,R6_market_dispersion_Q1_low
20260401,10bp_slippage_plus_impact,0.0,False,0,S0_v7_original_top10__R6_market_dispersion_Q1_low,S0_v7_original_top10,R6_market_dispersion_Q1_low
20260402,10bp_slippage_plus_impact,0.0,False,0,S0_v7_original_top10__R6_market_dispersion_Q1_low,S0_v7_original_top10,R6_market_dispersion_Q1_low
20260403,10bp_slippage_plus_impact,0.0,False,0,S0_v7_original_top10__R6_market_dispersion_Q1_low,S0_v7_original_top10,R6_market_dispersion_Q1_low
20260407,10bp_slippage_plus_impact,0.030104859907573923,True,10,S0_v7_original_top10__R6_market_dispersion_Q1_low,S0_v7_original_top10,R6_market_dispersion_Q1_low
20260408,10bp_slippage_plus_impact,0.0,False,0,S0_v7_original_top10__R6_market_dispersion_Q1_low,S0_v7_original_top10,R6_market_dispersion_Q1_low
20260409,10bp_slippage_plus_impact,0.0,False,0,S0_v7_original_top10__R6_market_dispersion_Q1_low,S0_v7_original_top10,R6_market_dispersion_Q1_low
20260410,10bp_slippage_plus_impact,-0.0002468331889450504,True,10,S0_v7_original_top10__R6_market_dispersion_Q1_low,S0_v7_original_top10,R6_market_dispersion_Q1_low
20260413,10bp_slippage_plus_impact,0.0,False,0,S0_v7_original_top10__R6_market_dispersion_Q1_low,S0_v7_original_top10,R6_market_dispersion_Q1_low
20260414,10bp_slippage_plus_impact,0.008726565061583747,True,10,S0_v7_original_top10__R6_market_dispersion_Q1_low,S0_v7_original_top10,R6_market_dispersion_Q1_low
20260415,10bp_slippage_plus_impact,0.008752638935093471,True,10,S0_v7_original_top10__R6_market_dispersion_Q1_low,S0_v7_original_top10,R6_market_dispersion_Q1_low
20260416,10bp_slippage_plus_impact,-0.011508850479660881,True,10,S0_v7_original_top10__R6_market_dispersion_Q1_low,S0_v7_original_top10,R6_market_dispersion_Q1_low
20260417,10bp_slippage_plus_impact,0.0,False,0,S0_v7_original_top10__R6_market_dispersion_Q1_low,S0_v7_original_top10,R6_market_dispersion_Q1_low
20260420,10bp_slippage_plus_impact,0.0,False,0,S0_v7_original_top10__R6_market_dispersion_Q1_low,S0_v7_original_top10,R6_market_dispersion_Q1_low
20260421,10bp_slippage_plus_impact,-0.005102511886980932,True,10,S0_v7_original_top10__R6_market_dispersion_Q1_low,S0_v7_original_top10,R6_market_dispersion_Q1_low
20260422,10bp_slippage_plus_impact,0.0,False,0,S0_v7_original_top10__R6_market_dispersion_Q1_low,S0_v7_original_top10,R6_market_dispersion_Q1_low
20260423,10bp_slippage_plus_impact,0.0,False,0,S0_v7_original_top10__R6_market_dispersion_Q1_low,S0_v7_original_top10,R6_market_dispersion_Q1_low
20260424,10bp_slippage_plus_impact,0.0,False,0,S0_v7_original_top10__R6_market_dispersion_Q1_low,S0_v7_original_top10,R6_market_dispersion_Q1_low
20260427,10bp_slippage_plus_impact,0.0,False,0,S0_v7_original_top10__R6_market_dispersion_Q1_low,S0_v7_original_top10,R6_market_dispersion_Q1_low
20260428,10bp_slippage_plus_impact,0.0,False,0,S0_v7_original_top10__R6_market_dispersion_Q1_low,S0_v7_original_top10,R6_market_dispersion_Q1_low
20260429,10bp_slippage_plus_impact,0.0,False,0,S0_v7_original_top10__R6_market_dispersion_Q1_low,S0_v7_original_top10,R6_market_dispersion_Q1_low
20260430,10bp_slippage_plus_impact,0.0,False,0,S0_v7_original_top10__R6_market_dispersion_Q1_low,S0_v7_original_top10,R6_market_dispersion_Q1_low
20260506,10bp_slippage_plus_impact,0.0,False,0,S0_v7_original_top10__R6_market_dispersion_Q1_low,S0_v7_original_top10,R6_market_dispersion_Q1_low
20260507,10bp_slippage_plus_impact,0.0,False,0,S0_v7_original_top10__R6_market_dispersion_Q1_low,S0_v7_original_top10,R6_market_dispersion_Q1_low
20260508,10bp_slippage_plus_impact,0.0,False,0,S0_v7_original_top10__R6_market_dispersion_Q1_low,S0_v7_original_top10,R6_market_dispersion_Q1_low
20260511,10bp_slippage_plus_impact,0.0,False,0,S0_v7_original_top10__R6_market_dispersion_Q1_low,S0_v7_original_top10,R6_market_dispersion_Q1_low
20260512,10bp_slippage_plus_impact,0.0,False,0,S0_v7_original_top10__R6_market_dispersion_Q1_low,S0_v7_original_top10,R6_market_dispersion_Q1_low
20260513,10bp_slippage_plus_impact,0.0,False,0,S0_v7_original_top10__R6_market_dispersion_Q1_low,S0_v7_original_top10,R6_market_dispersion_Q1_low
20260514,10bp_slippage_plus_impact,0.0,False,0,S0_v7_original_top10__R6_market_dispersion_Q1_low,S0_v7_original_top10,R6_market_dispersion_Q1_low
20260515,10bp_slippage_plus_impact,0.0,False,0,S0_v7_original_top10__R6_market_dispersion_Q1_low,S0_v7_original_top10,R6_market_dispersion_Q1_low
20260518,10bp_slippage_plus_impact,0.0,False,0,S0_v7_original_top10__R6_market_dispersion_Q1_low,S0_v7_original_top10,R6_market_dispersion_Q1_low
20260519,10bp_slippage_plus_impact,0.0,False,0,S0_v7_original_top10__R6_market_dispersion_Q1_low,S0_v7_original_top10,R6_market_dispersion_Q1_low
20260520,10bp_slippage_plus_impact,0.0,False,0,S0_v7_original_top10__R6_market_dispersion_Q1_low,S0_v7_original_top10,R6_market_dispersion_Q1_low
20260224,5bp_one_way_slippage,0.0,False,0,S0_v7_original_top10__C1_tail_up,S0_v7_original_top10,C1_tail_up
20260225,5bp_one_way_slippage,0.0035592729379591683,True,10,S0_v7_original_top10__C1_tail_up,S0_v7_original_top10,C1_tail_up
20260226,5bp_one_way_slippage,0.0016078681650350869,True,10,S0_v7_original_top10__C1_tail_up,S0_v7_original_top10,C1_tail_up
20260227,5bp_one_way_slippage,-0.02153600746390133,True,10,S0_v7_original_top10__C1_tail_up,S0_v7_original_top10,C1_tail_up
20260302,5bp_one_way_slippage,0.0,False,0,S0_v7_original_top10__C1_tail_up,S0_v7_original_top10,C1_tail_up
20260303,5bp_one_way_slippage,0.0,False,0,S0_v7_original_top10__C1_tail_up,S0_v7_original_top10,C1_tail_up
20260304,5bp_one_way_slippage,0.0,False,0,S0_v7_original_top10__C1_tail_up,S0_v7_original_top10,C1_tail_up
20260305,5bp_one_way_slippage,0.017398914538842437,True,10,S0_v7_original_top10__C1_tail_up,S0_v7_original_top10,C1_tail_up
20260306,5bp_one_way_slippage,-0.03382598351049495,True,10,S0_v7_original_top10__C1_tail_up,S0_v7_original_top10,C1_tail_up
20260309,5bp_one_way_slippage,0.0,False,0,S0_v7_original_top10__C1_tail_up,S0_v7_original_top10,C1_tail_up
20260310,5bp_one_way_slippage,-0.003913601327750138,True,10,S0_v7_original_top10__C1_tail_up,S0_v7_original_top10,C1_tail_up
20260311,5bp_one_way_slippage,-0.0033242350367877816,True,10,S0_v7_original_top10__C1_tail_up,S0_v7_original_top10,C1_tail_up
20260312,5bp_one_way_slippage,-0.0034238395763922956,True,10,S0_v7_original_top10__C1_tail_up,S0_v7_original_top10,C1_tail_up
20260313,5bp_one_way_slippage,0.0,False,0,S0_v7_original_top10__C1_tail_up,S0_v7_original_top10,C1_tail_up
20260316,5bp_one_way_slippage,0.0007551812003478098,True,10,S0_v7_original_top10__C1_tail_up,S0_v7_original_top10,C1_tail_up
20260317,5bp_one_way_slippage,0.0,False,0,S0_v7_original_top10__C1_tail_up,S0_v7_original_top10,C1_tail_up
20260318,5bp_one_way_slippage,-0.01667397076504955,True,10,S0_v7_original_top10__C1_tail_up,S0_v7_original_top10,C1_tail_up
20260319,5bp_one_way_slippage,0.0,False,0,S0_v7_original_top10__C1_tail_up,S0_v7_original_top10,C1_tail_up
20260320,5bp_one_way_slippage,0.0,False,0,S0_v7_original_top10__C1_tail_up,S0_v7_original_top10,C1_tail_up
20260323,5bp_one_way_slippage,0.0,False,0,S0_v7_original_top10__C1_tail_up,S0_v7_original_top10,C1_tail_up
20260324,5bp_one_way_slippage,0.015428961165166432,True,10,S0_v7_original_top10__C1_tail_up,S0_v7_original_top10,C1_tail_up
20260325,5bp_one_way_slippage,-0.0005387642871377829,True,10,S0_v7_original_top10__C1_tail_up,S0_v7_original_top10,C1_tail_up
20260326,5bp_one_way_slippage,0.0,False,0,S0_v7_original_top10__C1_tail_up,S0_v7_original_top10,C1_tail_up
20260327,5bp_one_way_slippage,-0.011047883018484916,True,10,S0_v7_original_top10__C1_tail_up,S0_v7_original_top10,C1_tail_up
20260330,5bp_one_way_slippage,0.009612444420709743,True,10,S0_v7_original_top10__C1_tail_up,S0_v7_original_top10,C1_tail_up
20260331,5bp_one_way_slippage,0.0,False,0,S0_v7_original_top10__C1_tail_up,S0_v7_original_top10,C1_tail_up
20260401,5bp_one_way_slippage,-0.00490544632180383,True,10,S0_v7_original_top10__C1_tail_up,S0_v7_original_top10,C1_tail_up
20260402,5bp_one_way_slippage,0.0,False,0,S0_v7_original_top10__C1_tail_up,S0_v7_original_top10,C1_tail_up
20260403,5bp_one_way_slippage,0.0,False,0,S0_v7_original_top10__C1_tail_up,S0_v7_original_top10,C1_tail_up
20260407,5bp_one_way_slippage,0.0,False,0,S0_v7_original_top10__C1_tail_up,S0_v7_original_top10,C1_tail_up
20260408,5bp_one_way_slippage,-0.018782288322670482,True,10,S0_v7_original_top10__C1_tail_up,S0_v7_original_top10,C1_tail_up
20260409,5bp_one_way_slippage,0.0,False,0,S0_v7_original_top10__C1_tail_up,S0_v7_original_top10,C1_tail_up
20260410,5bp_one_way_slippage,0.0,False,0,S0_v7_original_top10__C1_tail_up,S0_v7_original_top10,C1_tail_up
20260413,5bp_one_way_slippage,0.0,False,0,S0_v7_original_top10__C1_tail_up,S0_v7_original_top10,C1_tail_up
20260414,5bp_one_way_slippage,0.010009049205052323,True,10,S0_v7_original_top10__C1_tail_up,S0_v7_original_top10,C1_tail_up
20260415,5bp_one_way_slippage,0.0,False,0,S0_v7_original_top10__C1_tail_up,S0_v7_original_top10,C1_tail_up
20260416,5bp_one_way_slippage,-0.010267501995042649,True,10,S0_v7_original_top10__C1_tail_up,S0_v7_original_top10,C1_tail_up
20260417,5bp_one_way_slippage,0.01509081913483037,True,10,S0_v7_original_top10__C1_tail_up,S0_v7_original_top10,C1_tail_up
20260420,5bp_one_way_slippage,-0.0007277906654587496,True,10,S0_v7_original_top10__C1_tail_up,S0_v7_original_top10,C1_tail_up
20260421,5bp_one_way_slippage,-0.004018488048694435,True,10,S0_v7_original_top10__C1_tail_up,S0_v7_original_top10,C1_tail_up
20260422,5bp_one_way_slippage,0.0028739489848441215,True,10,S0_v7_original_top10__C1_tail_up,S0_v7_original_top10,C1_tail_up
20260423,5bp_one_way_slippage,-0.007788792065132699,True,10,S0_v7_original_top10__C1_tail_up,S0_v7_original_top10,C1_tail_up
20260424,5bp_one_way_slippage,0.0,False,0,S0_v7_original_top10__C1_tail_up,S0_v7_original_top10,C1_tail_up
20260427,5bp_one_way_slippage,-0.00592667190522086,True,10,S0_v7_original_top10__C1_tail_up,S0_v7_original_top10,C1_tail_up
20260428,5bp_one_way_slippage,0.001088589245762084,True,10,S0_v7_original_top10__C1_tail_up,S0_v7_original_top10,C1_tail_up
20260429,5bp_one_way_slippage,0.0,False,0,S0_v7_original_top10__C1_tail_up,S0_v7_original_top10,C1_tail_up
20260430,5bp_one_way_slippage,0.01369762138385876,True,10,S0_v7_original_top10__C1_tail_up,S0_v7_original_top10,C1_tail_up
20260506,5bp_one_way_slippage,-0.0030942258786325837,True,10,S0_v7_original_top10__C1_tail_up,S0_v7_original_top10,C1_tail_up
20260507,5bp_one_way_slippage,0.009470432014167163,True,10,S0_v7_original_top10__C1_tail_up,S0_v7_original_top10,C1_tail_up
20260508,5bp_one_way_slippage,0.0,False,0,S0_v7_original_top10__C1_tail_up,S0_v7_original_top10,C1_tail_up
20260511,5bp_one_way_slippage,-0.010680993552468165,True,10,S0_v7_original_top10__C1_tail_up,S0_v7_original_top10,C1_tail_up
20260512,5bp_one_way_slippage,-0.009014519669690423,True,10,S0_v7_original_top10__C1_tail_up,S0_v7_original_top10,C1_tail_up
20260513,5bp_one_way_slippage,0.02394654063347289,True,10,S0_v7_original_top10__C1_tail_up,S0_v7_original_top10,C1_tail_up
20260514,5bp_one_way_slippage,0.0,False,0,S0_v7_original_top10__C1_tail_up,S0_v7_original_top10,C1_tail_up
20260515,5bp_one_way_slippage,-0.004227526640332801,True,10,S0_v7_original_top10__C1_tail_up,S0_v7_original_top10,C1_tail_up
20260518,5bp_one_way_slippage,-0.007591403157196308,True,10,S0_v7_original_top10__C1_tail_up,S0_v7_original_top10,C1_tail_up
20260519,5bp_one_way_slippage,-0.011806357986547833,True,10,S0_v7_original_top10__C1_tail_up,S0_v7_original_top10,C1_tail_up
20260520,5bp_one_way_slippage,0.020080715515563997,True,10,S0_v7_original_top10__C1_tail_up,S0_v7_original_top10,C1_tail_up
20260224,10bp_one_way_slippage,0.0,False,0,S0_v7_original_top10__C1_tail_up,S0_v7_original_top10,C1_tail_up
20260225,10bp_one_way_slippage,0.002555962987167604,True,10,S0_v7_original_top10__C1_tail_up,S0_v7_original_top10,C1_tail_up
20260226,10bp_one_way_slippage,0.0006065091342136286,True,10,S0_v7_original_top10__C1_tail_up,S0_v7_original_top10,C1_tail_up
20260227,10bp_one_way_slippage,-0.02251422836890944,True,10,S0_v7_original_top10__C1_tail_up,S0_v7_original_top10,C1_tail_up
20260302,10bp_one_way_slippage,0.0,False,0,S0_v7_original_top10__C1_tail_up,S0_v7_original_top10,C1_tail_up
20260303,10bp_one_way_slippage,0.0,False,0,S0_v7_original_top10__C1_tail_up,S0_v7_original_top10,C1_tail_up
20260304,10bp_one_way_slippage,0.0,False,0,S0_v7_original_top10__C1_tail_up,S0_v7_original_top10,C1_tail_up
20260305,10bp_one_way_slippage,0.01638176838474139,True,10,S0_v7_original_top10__C1_tail_up,S0_v7_original_top10,C1_tail_up
20260306,10bp_one_way_slippage,-0.03479191749275214,True,10,S0_v7_original_top10__C1_tail_up,S0_v7_original_top10,C1_tail_up
20260309,10bp_one_way_slippage,0.0,False,0,S0_v7_original_top10__C1_tail_up,S0_v7_original_top10,C1_tail_up
20260310,10bp_one_way_slippage,-0.004909440260821074,True,10,S0_v7_original_top10__C1_tail_up,S0_v7_original_top10,C1_tail_up
20260311,10bp_one_way_slippage,-0.004320663189728791,True,10,S0_v7_original_top10__C1_tail_up,S0_v7_original_top10,C1_tail_up
20260312,10bp_one_way_slippage,-0.0044201681495391835,True,10,S0_v7_original_top10__C1_tail_up,S0_v7_original_top10,C1_tail_up
20260313,10bp_one_way_slippage,0.0,False,0,S0_v7_original_top10__C1_tail_up,S0_v7_original_top10,C1_tail_up
20260316,10bp_one_way_slippage,-0.00024532535534874664,True,10,S0_v7_original_top10__C1_tail_up,S0_v7_original_top10,C1_tail_up
20260317,10bp_one_way_slippage,0.0,False,0,S0_v7_original_top10__C1_tail_up,S0_v7_original_top10,C1_tail_up
20260318,10bp_one_way_slippage,-0.017657052498842384,True,10,S0_v7_original_top10__C1_tail_up,S0_v7_original_top10,C1_tail_up
20260319,10bp_one_way_slippage,0.0,False,0,S0_v7_original_top10__C1_tail_up,S0_v7_original_top10,C1_tail_up
20260320,10bp_one_way_slippage,0.0,False,0,S0_v7_original_top10__C1_tail_up,S0_v7_original_top10,C1_tail_up
20260323,10bp_one_way_slippage,0.0,False,0,S0_v7_original_top10__C1_tail_up,S0_v7_original_top10,C1_tail_up
20260324,10bp_one_way_slippage,0.014413784475027969,True,10,S0_v7_original_top10__C1_tail_up,S0_v7_original_top10,C1_tail_up
20260325,10bp_one_way_slippage,-0.0015379772188119367,True,10,S0_v7_original_top10__C1_tail_up,S0_v7_original_top10,C1_tail_up
20260326,10bp_one_way_slippage,0.0,False,0,S0_v7_original_top10__C1_tail_up,S0_v7_original_top10,C1_tail_up
20260327,10bp_one_way_slippage,-0.012036589442290968,True,10,S0_v7_original_top10__C1_tail_up,S0_v7_original_top10,C1_tail_up
20260330,10bp_one_way_slippage,0.008603082802272632,True,10,S0_v7_original_top10__C1_tail_up,S0_v7_original_top10,C1_tail_up
20260331,10bp_one_way_slippage,0.0,False,0,S0_v7_original_top10__C1_tail_up,S0_v7_original_top10,C1_tail_up
20260401,10bp_one_way_slippage,-0.005900293656292577,True,10,S0_v7_original_top10__C1_tail_up,S0_v7_original_top10,C1_tail_up
20260402,10bp_one_way_slippage,0.0,False,0,S0_v7_original_top10__C1_tail_up,S0_v7_original_top10,C1_tail_up
20260403,10bp_one_way_slippage,0.0,False,0,S0_v7_original_top10__C1_tail_up,S0_v7_original_top10,C1_tail_up
20260407,10bp_one_way_slippage,0.0,False,0,S0_v7_original_top10__C1_tail_up,S0_v7_original_top10,C1_tail_up
20260408,10bp_one_way_slippage,-0.01976326226269167,True,10,S0_v7_original_top10__C1_tail_up,S0_v7_original_top10,C1_tail_up
20260409,10bp_one_way_slippage,0.0,False,0,S0_v7_original_top10__C1_tail_up,S0_v7_original_top10,C1_tail_up
20260410,10bp_one_way_slippage,0.0,False,0,S0_v7_original_top10__C1_tail_up,S0_v7_original_top10,C1_tail_up
20260413,10bp_one_way_slippage,0.0,False,0,S0_v7_original_top10__C1_tail_up,S0_v7_original_top10,C1_tail_up
20260414,10bp_one_way_slippage,0.008999291080362537,True,10,S0_v7_original_top10__C1_tail_up,S0_v7_original_top10,C1_tail_up
20260415,10bp_one_way_slippage,0.0,False,0,S0_v7_original_top10__C1_tail_up,S0_v7_original_top10,C1_tail_up
20260416,10bp_one_way_slippage,-0.011256988605995943,True,10,S0_v7_original_top10__C1_tail_up,S0_v7_original_top10,C1_tail_up
20260417,10bp_one_way_slippage,0.014075980502714969,True,10,S0_v7_original_top10__C1_tail_up,S0_v7_original_top10,C1_tail_up
20260420,10bp_one_way_slippage,-0.0017268146177158439,True,10,S0_v7_original_top10__C1_tail_up,S0_v7_original_top10,C1_tail_up
20260421,10bp_one_way_slippage,-0.005014222121102263,True,10,S0_v7_original_top10__C1_tail_up,S0_v7_original_top10,C1_tail_up
20260422,10bp_one_way_slippage,0.0018713241877453047,True,10,S0_v7_original_top10__C1_tail_up,S0_v7_original_top10,C1_tail_up
20260423,10bp_one_way_slippage,-0.008780756770210419,True,10,S0_v7_original_top10__C1_tail_up,S0_v7_original_top10,C1_tail_up
20260424,10bp_one_way_slippage,0.0,False,0,S0_v7_original_top10__C1_tail_up,S0_v7_original_top10,C1_tail_up
20260427,10bp_one_way_slippage,-0.006920498267837349,True,10,S0_v7_original_top10__C1_tail_up,S0_v7_original_top10,C1_tail_up
20260428,10bp_one_way_slippage,8.774936485131946e-05,True,10,S0_v7_original_top10__C1_tail_up,S0_v7_original_top10,C1_tail_up
20260429,10bp_one_way_slippage,0.0,False,0,S0_v7_original_top10__C1_tail_up,S0_v7_original_top10,C1_tail_up
20260430,10bp_one_way_slippage,0.012684175603371251,True,10,S0_v7_original_top10__C1_tail_up,S0_v7_original_top10,C1_tail_up
20260506,10bp_one_way_slippage,-0.004090883983588667,True,10,S0_v7_original_top10__C1_tail_up,S0_v7_original_top10,C1_tail_up
20260507,10bp_one_way_slippage,0.008461212372855275,True,10,S0_v7_original_top10__C1_tail_up,S0_v7_original_top10,C1_tail_up
20260508,10bp_one_way_slippage,0.0,False,0,S0_v7_original_top10__C1_tail_up,S0_v7_original_top10,C1_tail_up
20260511,10bp_one_way_slippage,-0.011670066774590971,True,10,S0_v7_original_top10__C1_tail_up,S0_v7_original_top10,C1_tail_up
20260512,10bp_one_way_slippage,-0.010005258951680761,True,10,S0_v7_original_top10__C1_tail_up,S0_v7_original_top10,C1_tail_up
20260513,10bp_one_way_slippage,0.022922848479955592,True,10,S0_v7_original_top10__C1_tail_up,S0_v7_original_top10,C1_tail_up
20260514,10bp_one_way_slippage,0.0,False,0,S0_v7_original_top10__C1_tail_up,S0_v7_original_top10,C1_tail_up
20260515,10bp_one_way_slippage,-0.005223051726082073,True,10,S0_v7_original_top10__C1_tail_up,S0_v7_original_top10,C1_tail_up
20260518,10bp_one_way_slippage,-0.008583565202143106,True,10,S0_v7_original_top10__C1_tail_up,S0_v7_original_top10,C1_tail_up
20260519,10bp_one_way_slippage,-0.012794306123819665,True,10,S0_v7_original_top10__C1_tail_up,S0_v7_original_top10,C1_tail_up
20260520,10bp_one_way_slippage,0.01906088822674714,True,10,S0_v7_original_top10__C1_tail_up,S0_v7_original_top10,C1_tail_up
20260224,10bp_slippage_plus_impact,0.0,False,0,S0_v7_original_top10__C1_tail_up,S0_v7_original_top10,C1_tail_up
20260225,10bp_slippage_plus_impact,0.002440987942957884,True,10,S0_v7_original_top10__C1_tail_up,S0_v7_original_top10,C1_tail_up
20260226,10bp_slippage_plus_impact,0.0004683200748953786,True,10,S0_v7_original_top10__C1_tail_up,S0_v7_original_top10,C1_tail_up
20260227,10bp_slippage_plus_impact,-0.022598285497357973,True,10,S0_v7_original_top10__C1_tail_up,S0_v7_original_top10,C1_tail_up
20260302,10bp_slippage_plus_impact,0.0,False,0,S0_v7_original_top10__C1_tail_up,S0_v7_original_top10,C1_tail_up
20260303,10bp_slippage_plus_impact,0.0,False,0,S0_v7_original_top10__C1_tail_up,S0_v7_original_top10,C1_tail_up
20260304,10bp_slippage_plus_impact,0.0,False,0,S0_v7_original_top10__C1_tail_up,S0_v7_original_top10,C1_tail_up
20260305,10bp_slippage_plus_impact,0.01612518489711281,True,10,S0_v7_original_top10__C1_tail_up,S0_v7_original_top10,C1_tail_up
20260306,10bp_slippage_plus_impact,-0.03496015667654036,True,10,S0_v7_original_top10__C1_tail_up,S0_v7_original_top10,C1_tail_up
20260309,10bp_slippage_plus_impact,0.0,False,0,S0_v7_original_top10__C1_tail_up,S0_v7_original_top10,C1_tail_up
20260310,10bp_slippage_plus_impact,-0.005107221664403893,True,10,S0_v7_original_top10__C1_tail_up,S0_v7_original_top10,C1_tail_up
20260311,10bp_slippage_plus_impact,-0.004387774727561855,True,10,S0_v7_original_top10__C1_tail_up,S0_v7_original_top10,C1_tail_up
20260312,10bp_slippage_plus_impact,-0.004563945192429619,True,10,S0_v7_original_top10__C1_tail_up,S0_v7_original_top10,C1_tail_up
20260313,10bp_slippage_plus_impact,0.0,False,0,S0_v7_original_top10__C1_tail_up,S0_v7_original_top10,C1_tail_up
20260316,10bp_slippage_plus_impact,-0.0003565388924738788,True,10,S0_v7_original_top10__C1_tail_up,S0_v7_original_top10,C1_tail_up
20260317,10bp_slippage_plus_impact,0.0,False,0,S0_v7_original_top10__C1_tail_up,S0_v7_original_top10,C1_tail_up
20260318,10bp_slippage_plus_impact,-0.017900975826036468,True,10,S0_v7_original_top10__C1_tail_up,S0_v7_original_top10,C1_tail_up
20260319,10bp_slippage_plus_impact,0.0,False,0,S0_v7_original_top10__C1_tail_up,S0_v7_original_top10,C1_tail_up
20260320,10bp_slippage_plus_impact,0.0,False,0,S0_v7_original_top10__C1_tail_up,S0_v7_original_top10,C1_tail_up
20260323,10bp_slippage_plus_impact,0.0,False,0,S0_v7_original_top10__C1_tail_up,S0_v7_original_top10,C1_tail_up
20260324,10bp_slippage_plus_impact,0.014142004278276544,True,10,S0_v7_original_top10__C1_tail_up,S0_v7_original_top10,C1_tail_up
20260325,10bp_slippage_plus_impact,-0.0017608970059303064,True,10,S0_v7_original_top10__C1_tail_up,S0_v7_original_top10,C1_tail_up
20260326,10bp_slippage_plus_impact,0.0,False,0,S0_v7_original_top10__C1_tail_up,S0_v7_original_top10,C1_tail_up
20260327,10bp_slippage_plus_impact,-0.012277949329020276,True,10,S0_v7_original_top10__C1_tail_up,S0_v7_original_top10,C1_tail_up
20260330,10bp_slippage_plus_impact,0.008452251948655166,True,10,S0_v7_original_top10__C1_tail_up,S0_v7_original_top10,C1_tail_up
20260331,10bp_slippage_plus_impact,0.0,False,0,S0_v7_original_top10__C1_tail_up,S0_v7_original_top10,C1_tail_up
20260401,10bp_slippage_plus_impact,-0.006094151014782634,True,10,S0_v7_original_top10__C1_tail_up,S0_v7_original_top10,C1_tail_up
20260402,10bp_slippage_plus_impact,0.0,False,0,S0_v7_original_top10__C1_tail_up,S0_v7_original_top10,C1_tail_up
20260403,10bp_slippage_plus_impact,0.0,False,0,S0_v7_original_top10__C1_tail_up,S0_v7_original_top10,C1_tail_up
20260407,10bp_slippage_plus_impact,0.0,False,0,S0_v7_original_top10__C1_tail_up,S0_v7_original_top10,C1_tail_up
20260408,10bp_slippage_plus_impact,-0.01991468724008546,True,10,S0_v7_original_top10__C1_tail_up,S0_v7_original_top10,C1_tail_up
20260409,10bp_slippage_plus_impact,0.0,False,0,S0_v7_original_top10__C1_tail_up,S0_v7_original_top10,C1_tail_up
20260410,10bp_slippage_plus_impact,0.0,False,0,S0_v7_original_top10__C1_tail_up,S0_v7_original_top10,C1_tail_up
20260413,10bp_slippage_plus_impact,0.0,False,0,S0_v7_original_top10__C1_tail_up,S0_v7_original_top10,C1_tail_up
20260414,10bp_slippage_plus_impact,0.008726565061583747,True,10,S0_v7_original_top10__C1_tail_up,S0_v7_original_top10,C1_tail_up
20260415,10bp_slippage_plus_impact,0.0,False,0,S0_v7_original_top10__C1_tail_up,S0_v7_original_top10,C1_tail_up
20260416,10bp_slippage_plus_impact,-0.011508850479660881,True,10,S0_v7_original_top10__C1_tail_up,S0_v7_original_top10,C1_tail_up
20260417,10bp_slippage_plus_impact,0.013935766473965449,True,10,S0_v7_original_top10__C1_tail_up,S0_v7_original_top10,C1_tail_up
20260420,10bp_slippage_plus_impact,-0.0018782353222509985,True,10,S0_v7_original_top10__C1_tail_up,S0_v7_original_top10,C1_tail_up
20260421,10bp_slippage_plus_impact,-0.005102511886980932,True,10,S0_v7_original_top10__C1_tail_up,S0_v7_original_top10,C1_tail_up
20260422,10bp_slippage_plus_impact,0.0017144863053122571,True,10,S0_v7_original_top10__C1_tail_up,S0_v7_original_top10,C1_tail_up
20260423,10bp_slippage_plus_impact,-0.009032240423921378,True,10,S0_v7_original_top10__C1_tail_up,S0_v7_original_top10,C1_tail_up
20260424,10bp_slippage_plus_impact,0.0,False,0,S0_v7_original_top10__C1_tail_up,S0_v7_original_top10,C1_tail_up
20260427,10bp_slippage_plus_impact,-0.0071296615140832185,True,10,S0_v7_original_top10__C1_tail_up,S0_v7_original_top10,C1_tail_up
20260428,10bp_slippage_plus_impact,-0.00012336715478719062,True,10,S0_v7_original_top10__C1_tail_up,S0_v7_original_top10,C1_tail_up
20260429,10bp_slippage_plus_impact,0.0,False,0,S0_v7_original_top10__C1_tail_up,S0_v7_original_top10,C1_tail_up
20260430,10bp_slippage_plus_impact,0.012437747568335855,True,10,S0_v7_original_top10__C1_tail_up,S0_v7_original_top10,C1_tail_up
20260506,10bp_slippage_plus_impact,-0.004364315946270259,True,10,S0_v7_original_top10__C1_tail_up,S0_v7_original_top10,C1_tail_up
20260507,10bp_slippage_plus_impact,0.008226625330486625,True,10,S0_v7_original_top10__C1_tail_up,S0_v7_original_top10,C1_tail_up
20260508,10bp_slippage_plus_impact,0.0,False,0,S0_v7_original_top10__C1_tail_up,S0_v7_original_top10,C1_tail_up
20260511,10bp_slippage_plus_impact,-0.011799873566043229,True,10,S0_v7_original_top10__C1_tail_up,S0_v7_original_top10,C1_tail_up
20260512,10bp_slippage_plus_impact,-0.010243437014542089,True,10,S0_v7_original_top10__C1_tail_up,S0_v7_original_top10,C1_tail_up
20260513,10bp_slippage_plus_impact,0.022817280446094757,True,10,S0_v7_original_top10__C1_tail_up,S0_v7_original_top10,C1_tail_up
20260514,10bp_slippage_plus_impact,0.0,False,0,S0_v7_original_top10__C1_tail_up,S0_v7_original_top10,C1_tail_up
20260515,10bp_slippage_plus_impact,-0.0053402704240595456,True,10,S0_v7_original_top10__C1_tail_up,S0_v7_original_top10,C1_tail_up
20260518,10bp_slippage_plus_impact,-0.00874080648603165,True,10,S0_v7_original_top10__C1_tail_up,S0_v7_original_top10,C1_tail_up
20260519,10bp_slippage_plus_impact,-0.012885403433183128,True,10,S0_v7_original_top10__C1_tail_up,S0_v7_original_top10,C1_tail_up
20260520,10bp_slippage_plus_impact,0.018973915324606395,True,10,S0_v7_original_top10__C1_tail_up,S0_v7_original_top10,C1_tail_up
20260224,5bp_one_way_slippage,0.008424201145136612,True,10,S0_v7_original_top10__C2_market_up,S0_v7_original_top10,C2_market_up
20260225,5bp_one_way_slippage,0.0035592729379591683,True,10,S0_v7_original_top10__C2_market_up,S0_v7_original_top10,C2_market_up
20260226,5bp_one_way_slippage,0.0,False,0,S0_v7_original_top10__C2_market_up,S0_v7_original_top10,C2_market_up
20260227,5bp_one_way_slippage,-0.02153600746390133,True,10,S0_v7_original_top10__C2_market_up,S0_v7_original_top10,C2_market_up
20260302,5bp_one_way_slippage,0.0,False,0,S0_v7_original_top10__C2_market_up,S0_v7_original_top10,C2_market_up
20260303,5bp_one_way_slippage,0.0,False,0,S0_v7_original_top10__C2_market_up,S0_v7_original_top10,C2_market_up
20260304,5bp_one_way_slippage,0.0,False,0,S0_v7_original_top10__C2_market_up,S0_v7_original_top10,C2_market_up
20260305,5bp_one_way_slippage,0.017398914538842437,True,10,S0_v7_original_top10__C2_market_up,S0_v7_original_top10,C2_market_up
20260306,5bp_one_way_slippage,-0.03382598351049495,True,10,S0_v7_original_top10__C2_market_up,S0_v7_original_top10,C2_market_up
20260309,5bp_one_way_slippage,0.0,False,0,S0_v7_original_top10__C2_market_up,S0_v7_original_top10,C2_market_up
20260310,5bp_one_way_slippage,-0.003913601327750138,True,10,S0_v7_original_top10__C2_market_up,S0_v7_original_top10,C2_market_up
20260311,5bp_one_way_slippage,0.0,False,0,S0_v7_original_top10__C2_market_up,S0_v7_original_top10,C2_market_up
20260312,5bp_one_way_slippage,0.0,False,0,S0_v7_original_top10__C2_market_up,S0_v7_original_top10,C2_market_up
20260313,5bp_one_way_slippage,0.0,False,0,S0_v7_original_top10__C2_market_up,S0_v7_original_top10,C2_market_up
20260316,5bp_one_way_slippage,0.0007551812003478098,True,10,S0_v7_original_top10__C2_market_up,S0_v7_original_top10,C2_market_up
20260317,5bp_one_way_slippage,0.0,False,0,S0_v7_original_top10__C2_market_up,S0_v7_original_top10,C2_market_up
20260318,5bp_one_way_slippage,-0.01667397076504955,True,10,S0_v7_original_top10__C2_market_up,S0_v7_original_top10,C2_market_up
20260319,5bp_one_way_slippage,0.0,False,0,S0_v7_original_top10__C2_market_up,S0_v7_original_top10,C2_market_up
20260320,5bp_one_way_slippage,0.0,False,0,S0_v7_original_top10__C2_market_up,S0_v7_original_top10,C2_market_up
20260323,5bp_one_way_slippage,0.0,False,0,S0_v7_original_top10__C2_market_up,S0_v7_original_top10,C2_market_up
20260324,5bp_one_way_slippage,0.015428961165166432,True,10,S0_v7_original_top10__C2_market_up,S0_v7_original_top10,C2_market_up
20260325,5bp_one_way_slippage,-0.0005387642871377829,True,10,S0_v7_original_top10__C2_market_up,S0_v7_original_top10,C2_market_up
20260326,5bp_one_way_slippage,0.0,False,0,S0_v7_original_top10__C2_market_up,S0_v7_original_top10,C2_market_up
20260327,5bp_one_way_slippage,-0.011047883018484916,True,10,S0_v7_original_top10__C2_market_up,S0_v7_original_top10,C2_market_up
20260330,5bp_one_way_slippage,0.009612444420709743,True,10,S0_v7_original_top10__C2_market_up,S0_v7_original_top10,C2_market_up
20260331,5bp_one_way_slippage,0.0,False,0,S0_v7_original_top10__C2_market_up,S0_v7_original_top10,C2_market_up
20260401,5bp_one_way_slippage,-0.00490544632180383,True,10,S0_v7_original_top10__C2_market_up,S0_v7_original_top10,C2_market_up
20260402,5bp_one_way_slippage,0.0,False,0,S0_v7_original_top10__C2_market_up,S0_v7_original_top10,C2_market_up
20260403,5bp_one_way_slippage,0.0,False,0,S0_v7_original_top10__C2_market_up,S0_v7_original_top10,C2_market_up
20260407,5bp_one_way_slippage,0.03133403000173749,True,10,S0_v7_original_top10__C2_market_up,S0_v7_original_top10,C2_market_up
20260408,5bp_one_way_slippage,-0.018782288322670482,True,10,S0_v7_original_top10__C2_market_up,S0_v7_original_top10,C2_market_up
20260409,5bp_one_way_slippage,0.0,False,0,S0_v7_original_top10__C2_market_up,S0_v7_original_top10,C2_market_up
20260410,5bp_one_way_slippage,0.0008984500776018312,True,10,S0_v7_original_top10__C2_market_up,S0_v7_original_top10,C2_market_up
20260413,5bp_one_way_slippage,0.0,False,0,S0_v7_original_top10__C2_market_up,S0_v7_original_top10,C2_market_up
20260414,5bp_one_way_slippage,0.010009049205052323,True,10,S0_v7_original_top10__C2_market_up,S0_v7_original_top10,C2_market_up
20260415,5bp_one_way_slippage,0.0,False,0,S0_v7_original_top10__C2_market_up,S0_v7_original_top10,C2_market_up
20260416,5bp_one_way_slippage,-0.010267501995042649,True,10,S0_v7_original_top10__C2_market_up,S0_v7_original_top10,C2_market_up
20260417,5bp_one_way_slippage,0.0,False,0,S0_v7_original_top10__C2_market_up,S0_v7_original_top10,C2_market_up
20260420,5bp_one_way_slippage,-0.0007277906654587496,True,10,S0_v7_original_top10__C2_market_up,S0_v7_original_top10,C2_market_up
20260421,5bp_one_way_slippage,0.0,False,0,S0_v7_original_top10__C2_market_up,S0_v7_original_top10,C2_market_up
20260422,5bp_one_way_slippage,0.0028739489848441215,True,10,S0_v7_original_top10__C2_market_up,S0_v7_original_top10,C2_market_up
20260423,5bp_one_way_slippage,0.0,False,0,S0_v7_original_top10__C2_market_up,S0_v7_original_top10,C2_market_up
20260424,5bp_one_way_slippage,0.0,False,0,S0_v7_original_top10__C2_market_up,S0_v7_original_top10,C2_market_up
20260427,5bp_one_way_slippage,-0.00592667190522086,True,10,S0_v7_original_top10__C2_market_up,S0_v7_original_top10,C2_market_up
20260428,5bp_one_way_slippage,0.0,False,0,S0_v7_original_top10__C2_market_up,S0_v7_original_top10,C2_market_up
20260429,5bp_one_way_slippage,0.008455939017266911,True,10,S0_v7_original_top10__C2_market_up,S0_v7_original_top10,C2_market_up
20260430,5bp_one_way_slippage,0.01369762138385876,True,10,S0_v7_original_top10__C2_market_up,S0_v7_original_top10,C2_market_up
20260506,5bp_one_way_slippage,-0.0030942258786325837,True,10,S0_v7_original_top10__C2_market_up,S0_v7_original_top10,C2_market_up
20260507,5bp_one_way_slippage,0.009470432014167163,True,10,S0_v7_original_top10__C2_market_up,S0_v7_original_top10,C2_market_up
20260508,5bp_one_way_slippage,0.0005459795521586708,True,10,S0_v7_original_top10__C2_market_up,S0_v7_original_top10,C2_market_up
20260511,5bp_one_way_slippage,-0.010680993552468165,True,10,S0_v7_original_top10__C2_market_up,S0_v7_original_top10,C2_market_up
20260512,5bp_one_way_slippage,0.0,False,0,S0_v7_original_top10__C2_market_up,S0_v7_original_top10,C2_market_up
20260513,5bp_one_way_slippage,0.02394654063347289,True,10,S0_v7_original_top10__C2_market_up,S0_v7_original_top10,C2_market_up
20260514,5bp_one_way_slippage,0.0,False,0,S0_v7_original_top10__C2_market_up,S0_v7_original_top10,C2_market_up
20260515,5bp_one_way_slippage,0.0,False,0,S0_v7_original_top10__C2_market_up,S0_v7_original_top10,C2_market_up
20260518,5bp_one_way_slippage,0.0,False,0,S0_v7_original_top10__C2_market_up,S0_v7_original_top10,C2_market_up
20260519,5bp_one_way_slippage,-0.011806357986547833,True,10,S0_v7_original_top10__C2_market_up,S0_v7_original_top10,C2_market_up
20260520,5bp_one_way_slippage,0.0,False,0,S0_v7_original_top10__C2_market_up,S0_v7_original_top10,C2_market_up
20260224,10bp_one_way_slippage,0.007416027474770381,True,10,S0_v7_original_top10__C2_market_up,S0_v7_original_top10,C2_market_up
20260225,10bp_one_way_slippage,0.002555962987167604,True,10,S0_v7_original_top10__C2_market_up,S0_v7_original_top10,C2_market_up
20260226,10bp_one_way_slippage,0.0,False,0,S0_v7_original_top10__C2_market_up,S0_v7_original_top10,C2_market_up
20260227,10bp_one_way_slippage,-0.02251422836890944,True,10,S0_v7_original_top10__C2_market_up,S0_v7_original_top10,C2_market_up
20260302,10bp_one_way_slippage,0.0,False,0,S0_v7_original_top10__C2_market_up,S0_v7_original_top10,C2_market_up
20260303,10bp_one_way_slippage,0.0,False,0,S0_v7_original_top10__C2_market_up,S0_v7_original_top10,C2_market_up
20260304,10bp_one_way_slippage,0.0,False,0,S0_v7_original_top10__C2_market_up,S0_v7_original_top10,C2_market_up
20260305,10bp_one_way_slippage,0.01638176838474139,True,10,S0_v7_original_top10__C2_market_up,S0_v7_original_top10,C2_market_up
20260306,10bp_one_way_slippage,-0.03479191749275214,True,10,S0_v7_original_top10__C2_market_up,S0_v7_original_top10,C2_market_up
20260309,10bp_one_way_slippage,0.0,False,0,S0_v7_original_top10__C2_market_up,S0_v7_original_top10,C2_market_up
20260310,10bp_one_way_slippage,-0.004909440260821074,True,10,S0_v7_original_top10__C2_market_up,S0_v7_original_top10,C2_market_up
20260311,10bp_one_way_slippage,0.0,False,0,S0_v7_original_top10__C2_market_up,S0_v7_original_top10,C2_market_up
20260312,10bp_one_way_slippage,0.0,False,0,S0_v7_original_top10__C2_market_up,S0_v7_original_top10,C2_market_up
20260313,10bp_one_way_slippage,0.0,False,0,S0_v7_original_top10__C2_market_up,S0_v7_original_top10,C2_market_up
20260316,10bp_one_way_slippage,-0.00024532535534874664,True,10,S0_v7_original_top10__C2_market_up,S0_v7_original_top10,C2_market_up
20260317,10bp_one_way_slippage,0.0,False,0,S0_v7_original_top10__C2_market_up,S0_v7_original_top10,C2_market_up
20260318,10bp_one_way_slippage,-0.017657052498842384,True,10,S0_v7_original_top10__C2_market_up,S0_v7_original_top10,C2_market_up
20260319,10bp_one_way_slippage,0.0,False,0,S0_v7_original_top10__C2_market_up,S0_v7_original_top10,C2_market_up
20260320,10bp_one_way_slippage,0.0,False,0,S0_v7_original_top10__C2_market_up,S0_v7_original_top10,C2_market_up
20260323,10bp_one_way_slippage,0.0,False,0,S0_v7_original_top10__C2_market_up,S0_v7_original_top10,C2_market_up
20260324,10bp_one_way_slippage,0.014413784475027969,True,10,S0_v7_original_top10__C2_market_up,S0_v7_original_top10,C2_market_up
20260325,10bp_one_way_slippage,-0.0015379772188119367,True,10,S0_v7_original_top10__C2_market_up,S0_v7_original_top10,C2_market_up
20260326,10bp_one_way_slippage,0.0,False,0,S0_v7_original_top10__C2_market_up,S0_v7_original_top10,C2_market_up
20260327,10bp_one_way_slippage,-0.012036589442290968,True,10,S0_v7_original_top10__C2_market_up,S0_v7_original_top10,C2_market_up
20260330,10bp_one_way_slippage,0.008603082802272632,True,10,S0_v7_original_top10__C2_market_up,S0_v7_original_top10,C2_market_up
20260331,10bp_one_way_slippage,0.0,False,0,S0_v7_original_top10__C2_market_up,S0_v7_original_top10,C2_market_up
20260401,10bp_one_way_slippage,-0.005900293656292577,True,10,S0_v7_original_top10__C2_market_up,S0_v7_original_top10,C2_market_up
20260402,10bp_one_way_slippage,0.0,False,0,S0_v7_original_top10__C2_market_up,S0_v7_original_top10,C2_market_up
20260403,10bp_one_way_slippage,0.0,False,0,S0_v7_original_top10__C2_market_up,S0_v7_original_top10,C2_market_up
20260407,10bp_one_way_slippage,0.03030295219418422,True,10,S0_v7_original_top10__C2_market_up,S0_v7_original_top10,C2_market_up
20260408,10bp_one_way_slippage,-0.01976326226269167,True,10,S0_v7_original_top10__C2_market_up,S0_v7_original_top10,C2_market_up
20260409,10bp_one_way_slippage,0.0,False,0,S0_v7_original_top10__C2_market_up,S0_v7_original_top10,C2_market_up
20260410,10bp_one_way_slippage,-0.00010219971137853667,True,10,S0_v7_original_top10__C2_market_up,S0_v7_original_top10,C2_market_up
20260413,10bp_one_way_slippage,0.0,False,0,S0_v7_original_top10__C2_market_up,S0_v7_original_top10,C2_market_up
20260414,10bp_one_way_slippage,0.008999291080362537,True,10,S0_v7_original_top10__C2_market_up,S0_v7_original_top10,C2_market_up
20260415,10bp_one_way_slippage,0.0,False,0,S0_v7_original_top10__C2_market_up,S0_v7_original_top10,C2_market_up
20260416,10bp_one_way_slippage,-0.011256988605995943,True,10,S0_v7_original_top10__C2_market_up,S0_v7_original_top10,C2_market_up
20260417,10bp_one_way_slippage,0.0,False,0,S0_v7_original_top10__C2_market_up,S0_v7_original_top10,C2_market_up
20260420,10bp_one_way_slippage,-0.0017268146177158439,True,10,S0_v7_original_top10__C2_market_up,S0_v7_original_top10,C2_market_up
20260421,10bp_one_way_slippage,0.0,False,0,S0_v7_original_top10__C2_market_up,S0_v7_original_top10,C2_market_up
20260422,10bp_one_way_slippage,0.0018713241877453047,True,10,S0_v7_original_top10__C2_market_up,S0_v7_original_top10,C2_market_up
20260423,10bp_one_way_slippage,0.0,False,0,S0_v7_original_top10__C2_market_up,S0_v7_original_top10,C2_market_up
20260424,10bp_one_way_slippage,0.0,False,0,S0_v7_original_top10__C2_market_up,S0_v7_original_top10,C2_market_up
20260427,10bp_one_way_slippage,-0.006920498267837349,True,10,S0_v7_original_top10__C2_market_up,S0_v7_original_top10,C2_market_up
20260428,10bp_one_way_slippage,0.0,False,0,S0_v7_original_top10__C2_market_up,S0_v7_original_top10,C2_market_up
20260429,10bp_one_way_slippage,0.007447733616913477,True,10,S0_v7_original_top10__C2_market_up,S0_v7_original_top10,C2_market_up
20260430,10bp_one_way_slippage,0.012684175603371251,True,10,S0_v7_original_top10__C2_market_up,S0_v7_original_top10,C2_market_up
20260506,10bp_one_way_slippage,-0.004090883983588667,True,10,S0_v7_original_top10__C2_market_up,S0_v7_original_top10,C2_market_up
20260507,10bp_one_way_slippage,0.008461212372855275,True,10,S0_v7_original_top10__C2_market_up,S0_v7_original_top10,C2_market_up
20260508,10bp_one_way_slippage,-0.00045431785386327304,True,10,S0_v7_original_top10__C2_market_up,S0_v7_original_top10,C2_market_up
20260511,10bp_one_way_slippage,-0.011670066774590971,True,10,S0_v7_original_top10__C2_market_up,S0_v7_original_top10,C2_market_up
20260512,10bp_one_way_slippage,0.0,False,0,S0_v7_original_top10__C2_market_up,S0_v7_original_top10,C2_market_up
20260513,10bp_one_way_slippage,0.022922848479955592,True,10,S0_v7_original_top10__C2_market_up,S0_v7_original_top10,C2_market_up
20260514,10bp_one_way_slippage,0.0,False,0,S0_v7_original_top10__C2_market_up,S0_v7_original_top10,C2_market_up
20260515,10bp_one_way_slippage,0.0,False,0,S0_v7_original_top10__C2_market_up,S0_v7_original_top10,C2_market_up
20260518,10bp_one_way_slippage,0.0,False,0,S0_v7_original_top10__C2_market_up,S0_v7_original_top10,C2_market_up
20260519,10bp_one_way_slippage,-0.012794306123819665,True,10,S0_v7_original_top10__C2_market_up,S0_v7_original_top10,C2_market_up
20260520,10bp_one_way_slippage,0.0,False,0,S0_v7_original_top10__C2_market_up,S0_v7_original_top10,C2_market_up
20260224,10bp_slippage_plus_impact,0.007168088415781359,True,10,S0_v7_original_top10__C2_market_up,S0_v7_original_top10,C2_market_up
20260225,10bp_slippage_plus_impact,0.002440987942957884,True,10,S0_v7_original_top10__C2_market_up,S0_v7_original_top10,C2_market_up
20260226,10bp_slippage_plus_impact,0.0,False,0,S0_v7_original_top10__C2_market_up,S0_v7_original_top10,C2_market_up
20260227,10bp_slippage_plus_impact,-0.022598285497357973,True,10,S0_v7_original_top10__C2_market_up,S0_v7_original_top10,C2_market_up
20260302,10bp_slippage_plus_impact,0.0,False,0,S0_v7_original_top10__C2_market_up,S0_v7_original_top10,C2_market_up
20260303,10bp_slippage_plus_impact,0.0,False,0,S0_v7_original_top10__C2_market_up,S0_v7_original_top10,C2_market_up
20260304,10bp_slippage_plus_impact,0.0,False,0,S0_v7_original_top10__C2_market_up,S0_v7_original_top10,C2_market_up
20260305,10bp_slippage_plus_impact,0.01612518489711281,True,10,S0_v7_original_top10__C2_market_up,S0_v7_original_top10,C2_market_up
20260306,10bp_slippage_plus_impact,-0.03496015667654036,True,10,S0_v7_original_top10__C2_market_up,S0_v7_original_top10,C2_market_up
20260309,10bp_slippage_plus_impact,0.0,False,0,S0_v7_original_top10__C2_market_up,S0_v7_original_top10,C2_market_up
20260310,10bp_slippage_plus_impact,-0.005107221664403893,True,10,S0_v7_original_top10__C2_market_up,S0_v7_original_top10,C2_market_up
20260311,10bp_slippage_plus_impact,0.0,False,0,S0_v7_original_top10__C2_market_up,S0_v7_original_top10,C2_market_up
20260312,10bp_slippage_plus_impact,0.0,False,0,S0_v7_original_top10__C2_market_up,S0_v7_original_top10,C2_market_up
20260313,10bp_slippage_plus_impact,0.0,False,0,S0_v7_original_top10__C2_market_up,S0_v7_original_top10,C2_market_up
20260316,10bp_slippage_plus_impact,-0.0003565388924738788,True,10,S0_v7_original_top10__C2_market_up,S0_v7_original_top10,C2_market_up
20260317,10bp_slippage_plus_impact,0.0,False,0,S0_v7_original_top10__C2_market_up,S0_v7_original_top10,C2_market_up
20260318,10bp_slippage_plus_impact,-0.017900975826036468,True,10,S0_v7_original_top10__C2_market_up,S0_v7_original_top10,C2_market_up
20260319,10bp_slippage_plus_impact,0.0,False,0,S0_v7_original_top10__C2_market_up,S0_v7_original_top10,C2_market_up
20260320,10bp_slippage_plus_impact,0.0,False,0,S0_v7_original_top10__C2_market_up,S0_v7_original_top10,C2_market_up
20260323,10bp_slippage_plus_impact,0.0,False,0,S0_v7_original_top10__C2_market_up,S0_v7_original_top10,C2_market_up
20260324,10bp_slippage_plus_impact,0.014142004278276544,True,10,S0_v7_original_top10__C2_market_up,S0_v7_original_top10,C2_market_up
20260325,10bp_slippage_plus_impact,-0.0017608970059303064,True,10,S0_v7_original_top10__C2_market_up,S0_v7_original_top10,C2_market_up
20260326,10bp_slippage_plus_impact,0.0,False,0,S0_v7_original_top10__C2_market_up,S0_v7_original_top10,C2_market_up
20260327,10bp_slippage_plus_impact,-0.012277949329020276,True,10,S0_v7_original_top10__C2_market_up,S0_v7_original_top10,C2_market_up
20260330,10bp_slippage_plus_impact,0.008452251948655166,True,10,S0_v7_original_top10__C2_market_up,S0_v7_original_top10,C2_market_up
20260331,10bp_slippage_plus_impact,0.0,False,0,S0_v7_original_top10__C2_market_up,S0_v7_original_top10,C2_market_up
20260401,10bp_slippage_plus_impact,-0.006094151014782634,True,10,S0_v7_original_top10__C2_market_up,S0_v7_original_top10,C2_market_up
20260402,10bp_slippage_plus_impact,0.0,False,0,S0_v7_original_top10__C2_market_up,S0_v7_original_top10,C2_market_up
20260403,10bp_slippage_plus_impact,0.0,False,0,S0_v7_original_top10__C2_market_up,S0_v7_original_top10,C2_market_up
20260407,10bp_slippage_plus_impact,0.030104859907573923,True,10,S0_v7_original_top10__C2_market_up,S0_v7_original_top10,C2_market_up
20260408,10bp_slippage_plus_impact,-0.01991468724008546,True,10,S0_v7_original_top10__C2_market_up,S0_v7_original_top10,C2_market_up
20260409,10bp_slippage_plus_impact,0.0,False,0,S0_v7_original_top10__C2_market_up,S0_v7_original_top10,C2_market_up
20260410,10bp_slippage_plus_impact,-0.0002468331889450504,True,10,S0_v7_original_top10__C2_market_up,S0_v7_original_top10,C2_market_up
20260413,10bp_slippage_plus_impact,0.0,False,0,S0_v7_original_top10__C2_market_up,S0_v7_original_top10,C2_market_up
20260414,10bp_slippage_plus_impact,0.008726565061583747,True,10,S0_v7_original_top10__C2_market_up,S0_v7_original_top10,C2_market_up
20260415,10bp_slippage_plus_impact,0.0,False,0,S0_v7_original_top10__C2_market_up,S0_v7_original_top10,C2_market_up
20260416,10bp_slippage_plus_impact,-0.011508850479660881,True,10,S0_v7_original_top10__C2_market_up,S0_v7_original_top10,C2_market_up
20260417,10bp_slippage_plus_impact,0.0,False,0,S0_v7_original_top10__C2_market_up,S0_v7_original_top10,C2_market_up
20260420,10bp_slippage_plus_impact,-0.0018782353222509985,True,10,S0_v7_original_top10__C2_market_up,S0_v7_original_top10,C2_market_up
20260421,10bp_slippage_plus_impact,0.0,False,0,S0_v7_original_top10__C2_market_up,S0_v7_original_top10,C2_market_up
20260422,10bp_slippage_plus_impact,0.0017144863053122571,True,10,S0_v7_original_top10__C2_market_up,S0_v7_original_top10,C2_market_up
20260423,10bp_slippage_plus_impact,0.0,False,0,S0_v7_original_top10__C2_market_up,S0_v7_original_top10,C2_market_up
20260424,10bp_slippage_plus_impact,0.0,False,0,S0_v7_original_top10__C2_market_up,S0_v7_original_top10,C2_market_up
20260427,10bp_slippage_plus_impact,-0.0071296615140832185,True,10,S0_v7_original_top10__C2_market_up,S0_v7_original_top10,C2_market_up
20260428,10bp_slippage_plus_impact,0.0,False,0,S0_v7_original_top10__C2_market_up,S0_v7_original_top10,C2_market_up
20260429,10bp_slippage_plus_impact,0.007241410507147372,True,10,S0_v7_original_top10__C2_market_up,S0_v7_original_top10,C2_market_up
20260430,10bp_slippage_plus_impact,0.012437747568335855,True,10,S0_v7_original_top10__C2_market_up,S0_v7_original_top10,C2_market_up
20260506,10bp_slippage_plus_impact,-0.004364315946270259,True,10,S0_v7_original_top10__C2_market_up,S0_v7_original_top10,C2_market_up
20260507,10bp_slippage_plus_impact,0.008226625330486625,True,10,S0_v7_original_top10__C2_market_up,S0_v7_original_top10,C2_market_up
20260508,10bp_slippage_plus_impact,-0.0005320285721479689,True,10,S0_v7_original_top10__C2_market_up,S0_v7_original_top10,C2_market_up
20260511,10bp_slippage_plus_impact,-0.011799873566043229,True,10,S0_v7_original_top10__C2_market_up,S0_v7_original_top10,C2_market_up
20260512,10bp_slippage_plus_impact,0.0,False,0,S0_v7_original_top10__C2_market_up,S0_v7_original_top10,C2_market_up
20260513,10bp_slippage_plus_impact,0.022817280446094757,True,10,S0_v7_original_top10__C2_market_up,S0_v7_original_top10,C2_market_up
20260514,10bp_slippage_plus_impact,0.0,False,0,S0_v7_original_top10__C2_market_up,S0_v7_original_top10,C2_market_up
20260515,10bp_slippage_plus_impact,0.0,False,0,S0_v7_original_top10__C2_market_up,S0_v7_original_top10,C2_market_up
20260518,10bp_slippage_plus_impact,0.0,False,0,S0_v7_original_top10__C2_market_up,S0_v7_original_top10,C2_market_up
20260519,10bp_slippage_plus_impact,-0.012885403433183128,True,10,S0_v7_original_top10__C2_market_up,S0_v7_original_top10,C2_market_up
20260520,10bp_slippage_plus_impact,0.0,False,0,S0_v7_original_top10__C2_market_up,S0_v7_original_top10,C2_market_up
20260224,5bp_one_way_slippage,0.0,False,0,S0_v7_original_top10__C3_tail_breadth_Q5_high,S0_v7_original_top10,C3_tail_breadth_Q5_high
20260225,5bp_one_way_slippage,0.0,False,0,S0_v7_original_top10__C3_tail_breadth_Q5_high,S0_v7_original_top10,C3_tail_breadth_Q5_high
20260226,5bp_one_way_slippage,0.0016078681650350869,True,10,S0_v7_original_top10__C3_tail_breadth_Q5_high,S0_v7_original_top10,C3_tail_breadth_Q5_high
20260227,5bp_one_way_slippage,0.0,False,0,S0_v7_original_top10__C3_tail_breadth_Q5_high,S0_v7_original_top10,C3_tail_breadth_Q5_high
20260302,5bp_one_way_slippage,0.0,False,0,S0_v7_original_top10__C3_tail_breadth_Q5_high,S0_v7_original_top10,C3_tail_breadth_Q5_high
20260303,5bp_one_way_slippage,0.0,False,0,S0_v7_original_top10__C3_tail_breadth_Q5_high,S0_v7_original_top10,C3_tail_breadth_Q5_high
20260304,5bp_one_way_slippage,0.0,False,0,S0_v7_original_top10__C3_tail_breadth_Q5_high,S0_v7_original_top10,C3_tail_breadth_Q5_high
20260305,5bp_one_way_slippage,0.0,False,0,S0_v7_original_top10__C3_tail_breadth_Q5_high,S0_v7_original_top10,C3_tail_breadth_Q5_high
20260306,5bp_one_way_slippage,0.0,False,0,S0_v7_original_top10__C3_tail_breadth_Q5_high,S0_v7_original_top10,C3_tail_breadth_Q5_high
20260309,5bp_one_way_slippage,0.0,False,0,S0_v7_original_top10__C3_tail_breadth_Q5_high,S0_v7_original_top10,C3_tail_breadth_Q5_high
20260310,5bp_one_way_slippage,-0.003913601327750138,True,10,S0_v7_original_top10__C3_tail_breadth_Q5_high,S0_v7_original_top10,C3_tail_breadth_Q5_high
20260311,5bp_one_way_slippage,0.0,False,0,S0_v7_original_top10__C3_tail_breadth_Q5_high,S0_v7_original_top10,C3_tail_breadth_Q5_high
20260312,5bp_one_way_slippage,0.0,False,0,S0_v7_original_top10__C3_tail_breadth_Q5_high,S0_v7_original_top10,C3_tail_breadth_Q5_high
20260313,5bp_one_way_slippage,0.0,False,0,S0_v7_original_top10__C3_tail_breadth_Q5_high,S0_v7_original_top10,C3_tail_breadth_Q5_high
20260316,5bp_one_way_slippage,0.0,False,0,S0_v7_original_top10__C3_tail_breadth_Q5_high,S0_v7_original_top10,C3_tail_breadth_Q5_high
20260317,5bp_one_way_slippage,0.0,False,0,S0_v7_original_top10__C3_tail_breadth_Q5_high,S0_v7_original_top10,C3_tail_breadth_Q5_high
20260318,5bp_one_way_slippage,-0.01667397076504955,True,10,S0_v7_original_top10__C3_tail_breadth_Q5_high,S0_v7_original_top10,C3_tail_breadth_Q5_high
20260319,5bp_one_way_slippage,0.0,False,0,S0_v7_original_top10__C3_tail_breadth_Q5_high,S0_v7_original_top10,C3_tail_breadth_Q5_high
20260320,5bp_one_way_slippage,0.0,False,0,S0_v7_original_top10__C3_tail_breadth_Q5_high,S0_v7_original_top10,C3_tail_breadth_Q5_high
20260323,5bp_one_way_slippage,0.0,False,0,S0_v7_original_top10__C3_tail_breadth_Q5_high,S0_v7_original_top10,C3_tail_breadth_Q5_high
20260324,5bp_one_way_slippage,0.015428961165166432,True,10,S0_v7_original_top10__C3_tail_breadth_Q5_high,S0_v7_original_top10,C3_tail_breadth_Q5_high
20260325,5bp_one_way_slippage,-0.0005387642871377829,True,10,S0_v7_original_top10__C3_tail_breadth_Q5_high,S0_v7_original_top10,C3_tail_breadth_Q5_high
20260326,5bp_one_way_slippage,0.0,False,0,S0_v7_original_top10__C3_tail_breadth_Q5_high,S0_v7_original_top10,C3_tail_breadth_Q5_high
20260327,5bp_one_way_slippage,0.0,False,0,S0_v7_original_top10__C3_tail_breadth_Q5_high,S0_v7_original_top10,C3_tail_breadth_Q5_high
20260330,5bp_one_way_slippage,0.0,False,0,S0_v7_original_top10__C3_tail_breadth_Q5_high,S0_v7_original_top10,C3_tail_breadth_Q5_high
20260331,5bp_one_way_slippage,0.0,False,0,S0_v7_original_top10__C3_tail_breadth_Q5_high,S0_v7_original_top10,C3_tail_breadth_Q5_high
20260401,5bp_one_way_slippage,-0.00490544632180383,True,10,S0_v7_original_top10__C3_tail_breadth_Q5_high,S0_v7_original_top10,C3_tail_breadth_Q5_high
20260402,5bp_one_way_slippage,0.0,False,0,S0_v7_original_top10__C3_tail_breadth_Q5_high,S0_v7_original_top10,C3_tail_breadth_Q5_high
20260403,5bp_one_way_slippage,0.0,False,0,S0_v7_original_top10__C3_tail_breadth_Q5_high,S0_v7_original_top10,C3_tail_breadth_Q5_high
20260407,5bp_one_way_slippage,0.0,False,0,S0_v7_original_top10__C3_tail_breadth_Q5_high,S0_v7_original_top10,C3_tail_breadth_Q5_high
20260408,5bp_one_way_slippage,-0.018782288322670482,True,10,S0_v7_original_top10__C3_tail_breadth_Q5_high,S0_v7_original_top10,C3_tail_breadth_Q5_high
20260409,5bp_one_way_slippage,0.0,False,0,S0_v7_original_top10__C3_tail_breadth_Q5_high,S0_v7_original_top10,C3_tail_breadth_Q5_high
20260410,5bp_one_way_slippage,0.0,False,0,S0_v7_original_top10__C3_tail_breadth_Q5_high,S0_v7_original_top10,C3_tail_breadth_Q5_high
20260413,5bp_one_way_slippage,0.0,False,0,S0_v7_original_top10__C3_tail_breadth_Q5_high,S0_v7_original_top10,C3_tail_breadth_Q5_high
20260414,5bp_one_way_slippage,0.010009049205052323,True,10,S0_v7_original_top10__C3_tail_breadth_Q5_high,S0_v7_original_top10,C3_tail_breadth_Q5_high
20260415,5bp_one_way_slippage,0.0,False,0,S0_v7_original_top10__C3_tail_breadth_Q5_high,S0_v7_original_top10,C3_tail_breadth_Q5_high
20260416,5bp_one_way_slippage,0.0,False,0,S0_v7_original_top10__C3_tail_breadth_Q5_high,S0_v7_original_top10,C3_tail_breadth_Q5_high
20260417,5bp_one_way_slippage,0.0,False,0,S0_v7_original_top10__C3_tail_breadth_Q5_high,S0_v7_original_top10,C3_tail_breadth_Q5_high
20260420,5bp_one_way_slippage,0.0,False,0,S0_v7_original_top10__C3_tail_breadth_Q5_high,S0_v7_original_top10,C3_tail_breadth_Q5_high
20260421,5bp_one_way_slippage,-0.004018488048694435,True,10,S0_v7_original_top10__C3_tail_breadth_Q5_high,S0_v7_original_top10,C3_tail_breadth_Q5_high
20260422,5bp_one_way_slippage,0.0028739489848441215,True,10,S0_v7_original_top10__C3_tail_breadth_Q5_high,S0_v7_original_top10,C3_tail_breadth_Q5_high
20260423,5bp_one_way_slippage,0.0,False,0,S0_v7_original_top10__C3_tail_breadth_Q5_high,S0_v7_original_top10,C3_tail_breadth_Q5_high
20260424,5bp_one_way_slippage,0.0,False,0,S0_v7_original_top10__C3_tail_breadth_Q5_high,S0_v7_original_top10,C3_tail_breadth_Q5_high
20260427,5bp_one_way_slippage,0.0,False,0,S0_v7_original_top10__C3_tail_breadth_Q5_high,S0_v7_original_top10,C3_tail_breadth_Q5_high
20260428,5bp_one_way_slippage,0.0,False,0,S0_v7_original_top10__C3_tail_breadth_Q5_high,S0_v7_original_top10,C3_tail_breadth_Q5_high
20260429,5bp_one_way_slippage,0.0,False,0,S0_v7_original_top10__C3_tail_breadth_Q5_high,S0_v7_original_top10,C3_tail_breadth_Q5_high
20260430,5bp_one_way_slippage,0.0,False,0,S0_v7_original_top10__C3_tail_breadth_Q5_high,S0_v7_original_top10,C3_tail_breadth_Q5_high
20260506,5bp_one_way_slippage,-0.0030942258786325837,True,10,S0_v7_original_top10__C3_tail_breadth_Q5_high,S0_v7_original_top10,C3_tail_breadth_Q5_high
20260507,5bp_one_way_slippage,0.0,False,0,S0_v7_original_top10__C3_tail_breadth_Q5_high,S0_v7_original_top10,C3_tail_breadth_Q5_high
20260508,5bp_one_way_slippage,0.0,False,0,S0_v7_original_top10__C3_tail_breadth_Q5_high,S0_v7_original_top10,C3_tail_breadth_Q5_high
20260511,5bp_one_way_slippage,0.0,False,0,S0_v7_original_top10__C3_tail_breadth_Q5_high,S0_v7_original_top10,C3_tail_breadth_Q5_high
20260512,5bp_one_way_slippage,0.0,False,0,S0_v7_original_top10__C3_tail_breadth_Q5_high,S0_v7_original_top10,C3_tail_breadth_Q5_high
20260513,5bp_one_way_slippage,0.0,False,0,S0_v7_original_top10__C3_tail_breadth_Q5_high,S0_v7_original_top10,C3_tail_breadth_Q5_high
20260514,5bp_one_way_slippage,0.0,False,0,S0_v7_original_top10__C3_tail_breadth_Q5_high,S0_v7_original_top10,C3_tail_breadth_Q5_high
20260515,5bp_one_way_slippage,0.0,False,0,S0_v7_original_top10__C3_tail_breadth_Q5_high,S0_v7_original_top10,C3_tail_breadth_Q5_high
20260518,5bp_one_way_slippage,0.0,False,0,S0_v7_original_top10__C3_tail_breadth_Q5_high,S0_v7_original_top10,C3_tail_breadth_Q5_high
20260519,5bp_one_way_slippage,-0.011806357986547833,True,10,S0_v7_original_top10__C3_tail_breadth_Q5_high,S0_v7_original_top10,C3_tail_breadth_Q5_high
20260520,5bp_one_way_slippage,0.0,False,0,S0_v7_original_top10__C3_tail_breadth_Q5_high,S0_v7_original_top10,C3_tail_breadth_Q5_high
20260224,10bp_one_way_slippage,0.0,False,0,S0_v7_original_top10__C3_tail_breadth_Q5_high,S0_v7_original_top10,C3_tail_breadth_Q5_high
20260225,10bp_one_way_slippage,0.0,False,0,S0_v7_original_top10__C3_tail_breadth_Q5_high,S0_v7_original_top10,C3_tail_breadth_Q5_high
20260226,10bp_one_way_slippage,0.0006065091342136286,True,10,S0_v7_original_top10__C3_tail_breadth_Q5_high,S0_v7_original_top10,C3_tail_breadth_Q5_high
20260227,10bp_one_way_slippage,0.0,False,0,S0_v7_original_top10__C3_tail_breadth_Q5_high,S0_v7_original_top10,C3_tail_breadth_Q5_high
20260302,10bp_one_way_slippage,0.0,False,0,S0_v7_original_top10__C3_tail_breadth_Q5_high,S0_v7_original_top10,C3_tail_breadth_Q5_high
20260303,10bp_one_way_slippage,0.0,False,0,S0_v7_original_top10__C3_tail_breadth_Q5_high,S0_v7_original_top10,C3_tail_breadth_Q5_high
20260304,10bp_one_way_slippage,0.0,False,0,S0_v7_original_top10__C3_tail_breadth_Q5_high,S0_v7_original_top10,C3_tail_breadth_Q5_high
20260305,10bp_one_way_slippage,0.0,False,0,S0_v7_original_top10__C3_tail_breadth_Q5_high,S0_v7_original_top10,C3_tail_breadth_Q5_high
20260306,10bp_one_way_slippage,0.0,False,0,S0_v7_original_top10__C3_tail_breadth_Q5_high,S0_v7_original_top10,C3_tail_breadth_Q5_high
20260309,10bp_one_way_slippage,0.0,False,0,S0_v7_original_top10__C3_tail_breadth_Q5_high,S0_v7_original_top10,C3_tail_breadth_Q5_high
20260310,10bp_one_way_slippage,-0.004909440260821074,True,10,S0_v7_original_top10__C3_tail_breadth_Q5_high,S0_v7_original_top10,C3_tail_breadth_Q5_high
20260311,10bp_one_way_slippage,0.0,False,0,S0_v7_original_top10__C3_tail_breadth_Q5_high,S0_v7_original_top10,C3_tail_breadth_Q5_high
20260312,10bp_one_way_slippage,0.0,False,0,S0_v7_original_top10__C3_tail_breadth_Q5_high,S0_v7_original_top10,C3_tail_breadth_Q5_high
20260313,10bp_one_way_slippage,0.0,False,0,S0_v7_original_top10__C3_tail_breadth_Q5_high,S0_v7_original_top10,C3_tail_breadth_Q5_high
20260316,10bp_one_way_slippage,0.0,False,0,S0_v7_original_top10__C3_tail_breadth_Q5_high,S0_v7_original_top10,C3_tail_breadth_Q5_high
20260317,10bp_one_way_slippage,0.0,False,0,S0_v7_original_top10__C3_tail_breadth_Q5_high,S0_v7_original_top10,C3_tail_breadth_Q5_high
20260318,10bp_one_way_slippage,-0.017657052498842384,True,10,S0_v7_original_top10__C3_tail_breadth_Q5_high,S0_v7_original_top10,C3_tail_breadth_Q5_high
20260319,10bp_one_way_slippage,0.0,False,0,S0_v7_original_top10__C3_tail_breadth_Q5_high,S0_v7_original_top10,C3_tail_breadth_Q5_high
20260320,10bp_one_way_slippage,0.0,False,0,S0_v7_original_top10__C3_tail_breadth_Q5_high,S0_v7_original_top10,C3_tail_breadth_Q5_high
20260323,10bp_one_way_slippage,0.0,False,0,S0_v7_original_top10__C3_tail_breadth_Q5_high,S0_v7_original_top10,C3_tail_breadth_Q5_high
20260324,10bp_one_way_slippage,0.014413784475027969,True,10,S0_v7_original_top10__C3_tail_breadth_Q5_high,S0_v7_original_top10,C3_tail_breadth_Q5_high
20260325,10bp_one_way_slippage,-0.0015379772188119367,True,10,S0_v7_original_top10__C3_tail_breadth_Q5_high,S0_v7_original_top10,C3_tail_breadth_Q5_high
20260326,10bp_one_way_slippage,0.0,False,0,S0_v7_original_top10__C3_tail_breadth_Q5_high,S0_v7_original_top10,C3_tail_breadth_Q5_high
20260327,10bp_one_way_slippage,0.0,False,0,S0_v7_original_top10__C3_tail_breadth_Q5_high,S0_v7_original_top10,C3_tail_breadth_Q5_high
20260330,10bp_one_way_slippage,0.0,False,0,S0_v7_original_top10__C3_tail_breadth_Q5_high,S0_v7_original_top10,C3_tail_breadth_Q5_high
20260331,10bp_one_way_slippage,0.0,False,0,S0_v7_original_top10__C3_tail_breadth_Q5_high,S0_v7_original_top10,C3_tail_breadth_Q5_high
20260401,10bp_one_way_slippage,-0.005900293656292577,True,10,S0_v7_original_top10__C3_tail_breadth_Q5_high,S0_v7_original_top10,C3_tail_breadth_Q5_high
20260402,10bp_one_way_slippage,0.0,False,0,S0_v7_original_top10__C3_tail_breadth_Q5_high,S0_v7_original_top10,C3_tail_breadth_Q5_high
20260403,10bp_one_way_slippage,0.0,False,0,S0_v7_original_top10__C3_tail_breadth_Q5_high,S0_v7_original_top10,C3_tail_breadth_Q5_high
20260407,10bp_one_way_slippage,0.0,False,0,S0_v7_original_top10__C3_tail_breadth_Q5_high,S0_v7_original_top10,C3_tail_breadth_Q5_high
20260408,10bp_one_way_slippage,-0.01976326226269167,True,10,S0_v7_original_top10__C3_tail_breadth_Q5_high,S0_v7_original_top10,C3_tail_breadth_Q5_high
20260409,10bp_one_way_slippage,0.0,False,0,S0_v7_original_top10__C3_tail_breadth_Q5_high,S0_v7_original_top10,C3_tail_breadth_Q5_high
20260410,10bp_one_way_slippage,0.0,False,0,S0_v7_original_top10__C3_tail_breadth_Q5_high,S0_v7_original_top10,C3_tail_breadth_Q5_high
20260413,10bp_one_way_slippage,0.0,False,0,S0_v7_original_top10__C3_tail_breadth_Q5_high,S0_v7_original_top10,C3_tail_breadth_Q5_high
20260414,10bp_one_way_slippage,0.008999291080362537,True,10,S0_v7_original_top10__C3_tail_breadth_Q5_high,S0_v7_original_top10,C3_tail_breadth_Q5_high
20260415,10bp_one_way_slippage,0.0,False,0,S0_v7_original_top10__C3_tail_breadth_Q5_high,S0_v7_original_top10,C3_tail_breadth_Q5_high
20260416,10bp_one_way_slippage,0.0,False,0,S0_v7_original_top10__C3_tail_breadth_Q5_high,S0_v7_original_top10,C3_tail_breadth_Q5_high
20260417,10bp_one_way_slippage,0.0,False,0,S0_v7_original_top10__C3_tail_breadth_Q5_high,S0_v7_original_top10,C3_tail_breadth_Q5_high
20260420,10bp_one_way_slippage,0.0,False,0,S0_v7_original_top10__C3_tail_breadth_Q5_high,S0_v7_original_top10,C3_tail_breadth_Q5_high
20260421,10bp_one_way_slippage,-0.005014222121102263,True,10,S0_v7_original_top10__C3_tail_breadth_Q5_high,S0_v7_original_top10,C3_tail_breadth_Q5_high
20260422,10bp_one_way_slippage,0.0018713241877453047,True,10,S0_v7_original_top10__C3_tail_breadth_Q5_high,S0_v7_original_top10,C3_tail_breadth_Q5_high
20260423,10bp_one_way_slippage,0.0,False,0,S0_v7_original_top10__C3_tail_breadth_Q5_high,S0_v7_original_top10,C3_tail_breadth_Q5_high
20260424,10bp_one_way_slippage,0.0,False,0,S0_v7_original_top10__C3_tail_breadth_Q5_high,S0_v7_original_top10,C3_tail_breadth_Q5_high
20260427,10bp_one_way_slippage,0.0,False,0,S0_v7_original_top10__C3_tail_breadth_Q5_high,S0_v7_original_top10,C3_tail_breadth_Q5_high
20260428,10bp_one_way_slippage,0.0,False,0,S0_v7_original_top10__C3_tail_breadth_Q5_high,S0_v7_original_top10,C3_tail_breadth_Q5_high
20260429,10bp_one_way_slippage,0.0,False,0,S0_v7_original_top10__C3_tail_breadth_Q5_high,S0_v7_original_top10,C3_tail_breadth_Q5_high
20260430,10bp_one_way_slippage,0.0,False,0,S0_v7_original_top10__C3_tail_breadth_Q5_high,S0_v7_original_top10,C3_tail_breadth_Q5_high
20260506,10bp_one_way_slippage,-0.004090883983588667,True,10,S0_v7_original_top10__C3_tail_breadth_Q5_high,S0_v7_original_top10,C3_tail_breadth_Q5_high
20260507,10bp_one_way_slippage,0.0,False,0,S0_v7_original_top10__C3_tail_breadth_Q5_high,S0_v7_original_top10,C3_tail_breadth_Q5_high
20260508,10bp_one_way_slippage,0.0,False,0,S0_v7_original_top10__C3_tail_breadth_Q5_high,S0_v7_original_top10,C3_tail_breadth_Q5_high
20260511,10bp_one_way_slippage,0.0,False,0,S0_v7_original_top10__C3_tail_breadth_Q5_high,S0_v7_original_top10,C3_tail_breadth_Q5_high
20260512,10bp_one_way_slippage,0.0,False,0,S0_v7_original_top10__C3_tail_breadth_Q5_high,S0_v7_original_top10,C3_tail_breadth_Q5_high
20260513,10bp_one_way_slippage,0.0,False,0,S0_v7_original_top10__C3_tail_breadth_Q5_high,S0_v7_original_top10,C3_tail_breadth_Q5_high
20260514,10bp_one_way_slippage,0.0,False,0,S0_v7_original_top10__C3_tail_breadth_Q5_high,S0_v7_original_top10,C3_tail_breadth_Q5_high
20260515,10bp_one_way_slippage,0.0,False,0,S0_v7_original_top10__C3_tail_breadth_Q5_high,S0_v7_original_top10,C3_tail_breadth_Q5_high
20260518,10bp_one_way_slippage,0.0,False,0,S0_v7_original_top10__C3_tail_breadth_Q5_high,S0_v7_original_top10,C3_tail_breadth_Q5_high
20260519,10bp_one_way_slippage,-0.012794306123819665,True,10,S0_v7_original_top10__C3_tail_breadth_Q5_high,S0_v7_original_top10,C3_tail_breadth_Q5_high
20260520,10bp_one_way_slippage,0.0,False,0,S0_v7_original_top10__C3_tail_breadth_Q5_high,S0_v7_original_top10,C3_tail_breadth_Q5_high
20260224,10bp_slippage_plus_impact,0.0,False,0,S0_v7_original_top10__C3_tail_breadth_Q5_high,S0_v7_original_top10,C3_tail_breadth_Q5_high
20260225,10bp_slippage_plus_impact,0.0,False,0,S0_v7_original_top10__C3_tail_breadth_Q5_high,S0_v7_original_top10,C3_tail_breadth_Q5_high
20260226,10bp_slippage_plus_impact,0.0004683200748953786,True,10,S0_v7_original_top10__C3_tail_breadth_Q5_high,S0_v7_original_top10,C3_tail_breadth_Q5_high
20260227,10bp_slippage_plus_impact,0.0,False,0,S0_v7_original_top10__C3_tail_breadth_Q5_high,S0_v7_original_top10,C3_tail_breadth_Q5_high
20260302,10bp_slippage_plus_impact,0.0,False,0,S0_v7_original_top10__C3_tail_breadth_Q5_high,S0_v7_original_top10,C3_tail_breadth_Q5_high
20260303,10bp_slippage_plus_impact,0.0,False,0,S0_v7_original_top10__C3_tail_breadth_Q5_high,S0_v7_original_top10,C3_tail_breadth_Q5_high
20260304,10bp_slippage_plus_impact,0.0,False,0,S0_v7_original_top10__C3_tail_breadth_Q5_high,S0_v7_original_top10,C3_tail_breadth_Q5_high
20260305,10bp_slippage_plus_impact,0.0,False,0,S0_v7_original_top10__C3_tail_breadth_Q5_high,S0_v7_original_top10,C3_tail_breadth_Q5_high
20260306,10bp_slippage_plus_impact,0.0,False,0,S0_v7_original_top10__C3_tail_breadth_Q5_high,S0_v7_original_top10,C3_tail_breadth_Q5_high
20260309,10bp_slippage_plus_impact,0.0,False,0,S0_v7_original_top10__C3_tail_breadth_Q5_high,S0_v7_original_top10,C3_tail_breadth_Q5_high
20260310,10bp_slippage_plus_impact,-0.005107221664403893,True,10,S0_v7_original_top10__C3_tail_breadth_Q5_high,S0_v7_original_top10,C3_tail_breadth_Q5_high
20260311,10bp_slippage_plus_impact,0.0,False,0,S0_v7_original_top10__C3_tail_breadth_Q5_high,S0_v7_original_top10,C3_tail_breadth_Q5_high
20260312,10bp_slippage_plus_impact,0.0,False,0,S0_v7_original_top10__C3_tail_breadth_Q5_high,S0_v7_original_top10,C3_tail_breadth_Q5_high
20260313,10bp_slippage_plus_impact,0.0,False,0,S0_v7_original_top10__C3_tail_breadth_Q5_high,S0_v7_original_top10,C3_tail_breadth_Q5_high
20260316,10bp_slippage_plus_impact,0.0,False,0,S0_v7_original_top10__C3_tail_breadth_Q5_high,S0_v7_original_top10,C3_tail_breadth_Q5_high
20260317,10bp_slippage_plus_impact,0.0,False,0,S0_v7_original_top10__C3_tail_breadth_Q5_high,S0_v7_original_top10,C3_tail_breadth_Q5_high
20260318,10bp_slippage_plus_impact,-0.017900975826036468,True,10,S0_v7_original_top10__C3_tail_breadth_Q5_high,S0_v7_original_top10,C3_tail_breadth_Q5_high
20260319,10bp_slippage_plus_impact,0.0,False,0,S0_v7_original_top10__C3_tail_breadth_Q5_high,S0_v7_original_top10,C3_tail_breadth_Q5_high
20260320,10bp_slippage_plus_impact,0.0,False,0,S0_v7_original_top10__C3_tail_breadth_Q5_high,S0_v7_original_top10,C3_tail_breadth_Q5_high
20260323,10bp_slippage_plus_impact,0.0,False,0,S0_v7_original_top10__C3_tail_breadth_Q5_high,S0_v7_original_top10,C3_tail_breadth_Q5_high
20260324,10bp_slippage_plus_impact,0.014142004278276544,True,10,S0_v7_original_top10__C3_tail_breadth_Q5_high,S0_v7_original_top10,C3_tail_breadth_Q5_high
20260325,10bp_slippage_plus_impact,-0.0017608970059303064,True,10,S0_v7_original_top10__C3_tail_breadth_Q5_high,S0_v7_original_top10,C3_tail_breadth_Q5_high
20260326,10bp_slippage_plus_impact,0.0,False,0,S0_v7_original_top10__C3_tail_breadth_Q5_high,S0_v7_original_top10,C3_tail_breadth_Q5_high
20260327,10bp_slippage_plus_impact,0.0,False,0,S0_v7_original_top10__C3_tail_breadth_Q5_high,S0_v7_original_top10,C3_tail_breadth_Q5_high
20260330,10bp_slippage_plus_impact,0.0,False,0,S0_v7_original_top10__C3_tail_breadth_Q5_high,S0_v7_original_top10,C3_tail_breadth_Q5_high
20260331,10bp_slippage_plus_impact,0.0,False,0,S0_v7_original_top10__C3_tail_breadth_Q5_high,S0_v7_original_top10,C3_tail_breadth_Q5_high
20260401,10bp_slippage_plus_impact,-0.006094151014782634,True,10,S0_v7_original_top10__C3_tail_breadth_Q5_high,S0_v7_original_top10,C3_tail_breadth_Q5_high
20260402,10bp_slippage_plus_impact,0.0,False,0,S0_v7_original_top10__C3_tail_breadth_Q5_high,S0_v7_original_top10,C3_tail_breadth_Q5_high
20260403,10bp_slippage_plus_impact,0.0,False,0,S0_v7_original_top10__C3_tail_breadth_Q5_high,S0_v7_original_top10,C3_tail_breadth_Q5_high
20260407,10bp_slippage_plus_impact,0.0,False,0,S0_v7_original_top10__C3_tail_breadth_Q5_high,S0_v7_original_top10,C3_tail_breadth_Q5_high
20260408,10bp_slippage_plus_impact,-0.01991468724008546,True,10,S0_v7_original_top10__C3_tail_breadth_Q5_high,S0_v7_original_top10,C3_tail_breadth_Q5_high
20260409,10bp_slippage_plus_impact,0.0,False,0,S0_v7_original_top10__C3_tail_breadth_Q5_high,S0_v7_original_top10,C3_tail_breadth_Q5_high
20260410,10bp_slippage_plus_impact,0.0,False,0,S0_v7_original_top10__C3_tail_breadth_Q5_high,S0_v7_original_top10,C3_tail_breadth_Q5_high
20260413,10bp_slippage_plus_impact,0.0,False,0,S0_v7_original_top10__C3_tail_breadth_Q5_high,S0_v7_original_top10,C3_tail_breadth_Q5_high
20260414,10bp_slippage_plus_impact,0.008726565061583747,True,10,S0_v7_original_top10__C3_tail_breadth_Q5_high,S0_v7_original_top10,C3_tail_breadth_Q5_high
20260415,10bp_slippage_plus_impact,0.0,False,0,S0_v7_original_top10__C3_tail_breadth_Q5_high,S0_v7_original_top10,C3_tail_breadth_Q5_high
20260416,10bp_slippage_plus_impact,0.0,False,0,S0_v7_original_top10__C3_tail_breadth_Q5_high,S0_v7_original_top10,C3_tail_breadth_Q5_high
20260417,10bp_slippage_plus_impact,0.0,False,0,S0_v7_original_top10__C3_tail_breadth_Q5_high,S0_v7_original_top10,C3_tail_breadth_Q5_high
20260420,10bp_slippage_plus_impact,0.0,False,0,S0_v7_original_top10__C3_tail_breadth_Q5_high,S0_v7_original_top10,C3_tail_breadth_Q5_high
20260421,10bp_slippage_plus_impact,-0.005102511886980932,True,10,S0_v7_original_top10__C3_tail_breadth_Q5_high,S0_v7_original_top10,C3_tail_breadth_Q5_high
20260422,10bp_slippage_plus_impact,0.0017144863053122571,True,10,S0_v7_original_top10__C3_tail_breadth_Q5_high,S0_v7_original_top10,C3_tail_breadth_Q5_high
20260423,10bp_slippage_plus_impact,0.0,False,0,S0_v7_original_top10__C3_tail_breadth_Q5_high,S0_v7_original_top10,C3_tail_breadth_Q5_high
20260424,10bp_slippage_plus_impact,0.0,False,0,S0_v7_original_top10__C3_tail_breadth_Q5_high,S0_v7_original_top10,C3_tail_breadth_Q5_high
20260427,10bp_slippage_plus_impact,0.0,False,0,S0_v7_original_top10__C3_tail_breadth_Q5_high,S0_v7_original_top10,C3_tail_breadth_Q5_high
20260428,10bp_slippage_plus_impact,0.0,False,0,S0_v7_original_top10__C3_tail_breadth_Q5_high,S0_v7_original_top10,C3_tail_breadth_Q5_high
20260429,10bp_slippage_plus_impact,0.0,False,0,S0_v7_original_top10__C3_tail_breadth_Q5_high,S0_v7_original_top10,C3_tail_breadth_Q5_high
20260430,10bp_slippage_plus_impact,0.0,False,0,S0_v7_original_top10__C3_tail_breadth_Q5_high,S0_v7_original_top10,C3_tail_breadth_Q5_high
20260506,10bp_slippage_plus_impact,-0.004364315946270259,True,10,S0_v7_original_top10__C3_tail_breadth_Q5_high,S0_v7_original_top10,C3_tail_breadth_Q5_high
20260507,10bp_slippage_plus_impact,0.0,False,0,S0_v7_original_top10__C3_tail_breadth_Q5_high,S0_v7_original_top10,C3_tail_breadth_Q5_high
20260508,10bp_slippage_plus_impact,0.0,False,0,S0_v7_original_top10__C3_tail_breadth_Q5_high,S0_v7_original_top10,C3_tail_breadth_Q5_high
20260511,10bp_slippage_plus_impact,0.0,False,0,S0_v7_original_top10__C3_tail_breadth_Q5_high,S0_v7_original_top10,C3_tail_breadth_Q5_high
20260512,10bp_slippage_plus_impact,0.0,False,0,S0_v7_original_top10__C3_tail_breadth_Q5_high,S0_v7_original_top10,C3_tail_breadth_Q5_high
20260513,10bp_slippage_plus_impact,0.0,False,0,S0_v7_original_top10__C3_tail_breadth_Q5_high,S0_v7_original_top10,C3_tail_breadth_Q5_high
20260514,10bp_slippage_plus_impact,0.0,False,0,S0_v7_original_top10__C3_tail_breadth_Q5_high,S0_v7_original_top10,C3_tail_breadth_Q5_high
20260515,10bp_slippage_plus_impact,0.0,False,0,S0_v7_original_top10__C3_tail_breadth_Q5_high,S0_v7_original_top10,C3_tail_breadth_Q5_high
20260518,10bp_slippage_plus_impact,0.0,False,0,S0_v7_original_top10__C3_tail_breadth_Q5_high,S0_v7_original_top10,C3_tail_breadth_Q5_high
20260519,10bp_slippage_plus_impact,-0.012885403433183128,True,10,S0_v7_original_top10__C3_tail_breadth_Q5_high,S0_v7_original_top10,C3_tail_breadth_Q5_high
20260520,10bp_slippage_plus_impact,0.0,False,0,S0_v7_original_top10__C3_tail_breadth_Q5_high,S0_v7_original_top10,C3_tail_breadth_Q5_high
20260224,5bp_one_way_slippage,0.0,False,0,S0_v7_original_top10__C4_tail_ret_median_Q5_high,S0_v7_original_top10,C4_tail_ret_median_Q5_high
20260225,5bp_one_way_slippage,0.0,False,0,S0_v7_original_top10__C4_tail_ret_median_Q5_high,S0_v7_original_top10,C4_tail_ret_median_Q5_high
20260226,5bp_one_way_slippage,0.0016078681650350869,True,10,S0_v7_original_top10__C4_tail_ret_median_Q5_high,S0_v7_original_top10,C4_tail_ret_median_Q5_high
20260227,5bp_one_way_slippage,0.0,False,0,S0_v7_original_top10__C4_tail_ret_median_Q5_high,S0_v7_original_top10,C4_tail_ret_median_Q5_high
20260302,5bp_one_way_slippage,0.0,False,0,S0_v7_original_top10__C4_tail_ret_median_Q5_high,S0_v7_original_top10,C4_tail_ret_median_Q5_high
20260303,5bp_one_way_slippage,0.0,False,0,S0_v7_original_top10__C4_tail_ret_median_Q5_high,S0_v7_original_top10,C4_tail_ret_median_Q5_high
20260304,5bp_one_way_slippage,0.0,False,0,S0_v7_original_top10__C4_tail_ret_median_Q5_high,S0_v7_original_top10,C4_tail_ret_median_Q5_high
20260305,5bp_one_way_slippage,0.0,False,0,S0_v7_original_top10__C4_tail_ret_median_Q5_high,S0_v7_original_top10,C4_tail_ret_median_Q5_high
20260306,5bp_one_way_slippage,0.0,False,0,S0_v7_original_top10__C4_tail_ret_median_Q5_high,S0_v7_original_top10,C4_tail_ret_median_Q5_high
20260309,5bp_one_way_slippage,0.0,False,0,S0_v7_original_top10__C4_tail_ret_median_Q5_high,S0_v7_original_top10,C4_tail_ret_median_Q5_high
20260310,5bp_one_way_slippage,-0.003913601327750138,True,10,S0_v7_original_top10__C4_tail_ret_median_Q5_high,S0_v7_original_top10,C4_tail_ret_median_Q5_high
20260311,5bp_one_way_slippage,0.0,False,0,S0_v7_original_top10__C4_tail_ret_median_Q5_high,S0_v7_original_top10,C4_tail_ret_median_Q5_high
20260312,5bp_one_way_slippage,0.0,False,0,S0_v7_original_top10__C4_tail_ret_median_Q5_high,S0_v7_original_top10,C4_tail_ret_median_Q5_high
20260313,5bp_one_way_slippage,0.0,False,0,S0_v7_original_top10__C4_tail_ret_median_Q5_high,S0_v7_original_top10,C4_tail_ret_median_Q5_high
20260316,5bp_one_way_slippage,0.0,False,0,S0_v7_original_top10__C4_tail_ret_median_Q5_high,S0_v7_original_top10,C4_tail_ret_median_Q5_high
20260317,5bp_one_way_slippage,0.0,False,0,S0_v7_original_top10__C4_tail_ret_median_Q5_high,S0_v7_original_top10,C4_tail_ret_median_Q5_high
20260318,5bp_one_way_slippage,-0.01667397076504955,True,10,S0_v7_original_top10__C4_tail_ret_median_Q5_high,S0_v7_original_top10,C4_tail_ret_median_Q5_high
20260319,5bp_one_way_slippage,0.0,False,0,S0_v7_original_top10__C4_tail_ret_median_Q5_high,S0_v7_original_top10,C4_tail_ret_median_Q5_high
20260320,5bp_one_way_slippage,0.0,False,0,S0_v7_original_top10__C4_tail_ret_median_Q5_high,S0_v7_original_top10,C4_tail_ret_median_Q5_high
20260323,5bp_one_way_slippage,0.0,False,0,S0_v7_original_top10__C4_tail_ret_median_Q5_high,S0_v7_original_top10,C4_tail_ret_median_Q5_high
20260324,5bp_one_way_slippage,0.015428961165166432,True,10,S0_v7_original_top10__C4_tail_ret_median_Q5_high,S0_v7_original_top10,C4_tail_ret_median_Q5_high
20260325,5bp_one_way_slippage,-0.0005387642871377829,True,10,S0_v7_original_top10__C4_tail_ret_median_Q5_high,S0_v7_original_top10,C4_tail_ret_median_Q5_high
20260326,5bp_one_way_slippage,0.0,False,0,S0_v7_original_top10__C4_tail_ret_median_Q5_high,S0_v7_original_top10,C4_tail_ret_median_Q5_high
20260327,5bp_one_way_slippage,0.0,False,0,S0_v7_original_top10__C4_tail_ret_median_Q5_high,S0_v7_original_top10,C4_tail_ret_median_Q5_high
20260330,5bp_one_way_slippage,0.0,False,0,S0_v7_original_top10__C4_tail_ret_median_Q5_high,S0_v7_original_top10,C4_tail_ret_median_Q5_high
20260331,5bp_one_way_slippage,0.0,False,0,S0_v7_original_top10__C4_tail_ret_median_Q5_high,S0_v7_original_top10,C4_tail_ret_median_Q5_high
20260401,5bp_one_way_slippage,-0.00490544632180383,True,10,S0_v7_original_top10__C4_tail_ret_median_Q5_high,S0_v7_original_top10,C4_tail_ret_median_Q5_high
20260402,5bp_one_way_slippage,0.0,False,0,S0_v7_original_top10__C4_tail_ret_median_Q5_high,S0_v7_original_top10,C4_tail_ret_median_Q5_high
20260403,5bp_one_way_slippage,0.0,False,0,S0_v7_original_top10__C4_tail_ret_median_Q5_high,S0_v7_original_top10,C4_tail_ret_median_Q5_high
20260407,5bp_one_way_slippage,0.0,False,0,S0_v7_original_top10__C4_tail_ret_median_Q5_high,S0_v7_original_top10,C4_tail_ret_median_Q5_high
20260408,5bp_one_way_slippage,-0.018782288322670482,True,10,S0_v7_original_top10__C4_tail_ret_median_Q5_high,S0_v7_original_top10,C4_tail_ret_median_Q5_high
20260409,5bp_one_way_slippage,0.0,False,0,S0_v7_original_top10__C4_tail_ret_median_Q5_high,S0_v7_original_top10,C4_tail_ret_median_Q5_high
20260410,5bp_one_way_slippage,0.0,False,0,S0_v7_original_top10__C4_tail_ret_median_Q5_high,S0_v7_original_top10,C4_tail_ret_median_Q5_high
20260413,5bp_one_way_slippage,0.0,False,0,S0_v7_original_top10__C4_tail_ret_median_Q5_high,S0_v7_original_top10,C4_tail_ret_median_Q5_high
20260414,5bp_one_way_slippage,0.010009049205052323,True,10,S0_v7_original_top10__C4_tail_ret_median_Q5_high,S0_v7_original_top10,C4_tail_ret_median_Q5_high
20260415,5bp_one_way_slippage,0.0,False,0,S0_v7_original_top10__C4_tail_ret_median_Q5_high,S0_v7_original_top10,C4_tail_ret_median_Q5_high
20260416,5bp_one_way_slippage,0.0,False,0,S0_v7_original_top10__C4_tail_ret_median_Q5_high,S0_v7_original_top10,C4_tail_ret_median_Q5_high
20260417,5bp_one_way_slippage,0.0,False,0,S0_v7_original_top10__C4_tail_ret_median_Q5_high,S0_v7_original_top10,C4_tail_ret_median_Q5_high
20260420,5bp_one_way_slippage,0.0,False,0,S0_v7_original_top10__C4_tail_ret_median_Q5_high,S0_v7_original_top10,C4_tail_ret_median_Q5_high
20260421,5bp_one_way_slippage,-0.004018488048694435,True,10,S0_v7_original_top10__C4_tail_ret_median_Q5_high,S0_v7_original_top10,C4_tail_ret_median_Q5_high
20260422,5bp_one_way_slippage,0.0028739489848441215,True,10,S0_v7_original_top10__C4_tail_ret_median_Q5_high,S0_v7_original_top10,C4_tail_ret_median_Q5_high
20260423,5bp_one_way_slippage,0.0,False,0,S0_v7_original_top10__C4_tail_ret_median_Q5_high,S0_v7_original_top10,C4_tail_ret_median_Q5_high
20260424,5bp_one_way_slippage,0.0,False,0,S0_v7_original_top10__C4_tail_ret_median_Q5_high,S0_v7_original_top10,C4_tail_ret_median_Q5_high
20260427,5bp_one_way_slippage,0.0,False,0,S0_v7_original_top10__C4_tail_ret_median_Q5_high,S0_v7_original_top10,C4_tail_ret_median_Q5_high
20260428,5bp_one_way_slippage,0.0,False,0,S0_v7_original_top10__C4_tail_ret_median_Q5_high,S0_v7_original_top10,C4_tail_ret_median_Q5_high
20260429,5bp_one_way_slippage,0.0,False,0,S0_v7_original_top10__C4_tail_ret_median_Q5_high,S0_v7_original_top10,C4_tail_ret_median_Q5_high
20260430,5bp_one_way_slippage,0.0,False,0,S0_v7_original_top10__C4_tail_ret_median_Q5_high,S0_v7_original_top10,C4_tail_ret_median_Q5_high
20260506,5bp_one_way_slippage,0.0,False,0,S0_v7_original_top10__C4_tail_ret_median_Q5_high,S0_v7_original_top10,C4_tail_ret_median_Q5_high
20260507,5bp_one_way_slippage,0.0,False,0,S0_v7_original_top10__C4_tail_ret_median_Q5_high,S0_v7_original_top10,C4_tail_ret_median_Q5_high
20260508,5bp_one_way_slippage,0.0,False,0,S0_v7_original_top10__C4_tail_ret_median_Q5_high,S0_v7_original_top10,C4_tail_ret_median_Q5_high
20260511,5bp_one_way_slippage,0.0,False,0,S0_v7_original_top10__C4_tail_ret_median_Q5_high,S0_v7_original_top10,C4_tail_ret_median_Q5_high
20260512,5bp_one_way_slippage,0.0,False,0,S0_v7_original_top10__C4_tail_ret_median_Q5_high,S0_v7_original_top10,C4_tail_ret_median_Q5_high
20260513,5bp_one_way_slippage,0.0,False,0,S0_v7_original_top10__C4_tail_ret_median_Q5_high,S0_v7_original_top10,C4_tail_ret_median_Q5_high
20260514,5bp_one_way_slippage,0.0,False,0,S0_v7_original_top10__C4_tail_ret_median_Q5_high,S0_v7_original_top10,C4_tail_ret_median_Q5_high
20260515,5bp_one_way_slippage,0.0,False,0,S0_v7_original_top10__C4_tail_ret_median_Q5_high,S0_v7_original_top10,C4_tail_ret_median_Q5_high
20260518,5bp_one_way_slippage,0.0,False,0,S0_v7_original_top10__C4_tail_ret_median_Q5_high,S0_v7_original_top10,C4_tail_ret_median_Q5_high
20260519,5bp_one_way_slippage,-0.011806357986547833,True,10,S0_v7_original_top10__C4_tail_ret_median_Q5_high,S0_v7_original_top10,C4_tail_ret_median_Q5_high
20260520,5bp_one_way_slippage,0.020080715515563997,True,10,S0_v7_original_top10__C4_tail_ret_median_Q5_high,S0_v7_original_top10,C4_tail_ret_median_Q5_high
20260224,10bp_one_way_slippage,0.0,False,0,S0_v7_original_top10__C4_tail_ret_median_Q5_high,S0_v7_original_top10,C4_tail_ret_median_Q5_high
20260225,10bp_one_way_slippage,0.0,False,0,S0_v7_original_top10__C4_tail_ret_median_Q5_high,S0_v7_original_top10,C4_tail_ret_median_Q5_high
20260226,10bp_one_way_slippage,0.0006065091342136286,True,10,S0_v7_original_top10__C4_tail_ret_median_Q5_high,S0_v7_original_top10,C4_tail_ret_median_Q5_high
20260227,10bp_one_way_slippage,0.0,False,0,S0_v7_original_top10__C4_tail_ret_median_Q5_high,S0_v7_original_top10,C4_tail_ret_median_Q5_high
20260302,10bp_one_way_slippage,0.0,False,0,S0_v7_original_top10__C4_tail_ret_median_Q5_high,S0_v7_original_top10,C4_tail_ret_median_Q5_high
20260303,10bp_one_way_slippage,0.0,False,0,S0_v7_original_top10__C4_tail_ret_median_Q5_high,S0_v7_original_top10,C4_tail_ret_median_Q5_high
20260304,10bp_one_way_slippage,0.0,False,0,S0_v7_original_top10__C4_tail_ret_median_Q5_high,S0_v7_original_top10,C4_tail_ret_median_Q5_high
20260305,10bp_one_way_slippage,0.0,False,0,S0_v7_original_top10__C4_tail_ret_median_Q5_high,S0_v7_original_top10,C4_tail_ret_median_Q5_high
20260306,10bp_one_way_slippage,0.0,False,0,S0_v7_original_top10__C4_tail_ret_median_Q5_high,S0_v7_original_top10,C4_tail_ret_median_Q5_high
20260309,10bp_one_way_slippage,0.0,False,0,S0_v7_original_top10__C4_tail_ret_median_Q5_high,S0_v7_original_top10,C4_tail_ret_median_Q5_high
20260310,10bp_one_way_slippage,-0.004909440260821074,True,10,S0_v7_original_top10__C4_tail_ret_median_Q5_high,S0_v7_original_top10,C4_tail_ret_median_Q5_high
20260311,10bp_one_way_slippage,0.0,False,0,S0_v7_original_top10__C4_tail_ret_median_Q5_high,S0_v7_original_top10,C4_tail_ret_median_Q5_high
20260312,10bp_one_way_slippage,0.0,False,0,S0_v7_original_top10__C4_tail_ret_median_Q5_high,S0_v7_original_top10,C4_tail_ret_median_Q5_high
20260313,10bp_one_way_slippage,0.0,False,0,S0_v7_original_top10__C4_tail_ret_median_Q5_high,S0_v7_original_top10,C4_tail_ret_median_Q5_high
20260316,10bp_one_way_slippage,0.0,False,0,S0_v7_original_top10__C4_tail_ret_median_Q5_high,S0_v7_original_top10,C4_tail_ret_median_Q5_high
20260317,10bp_one_way_slippage,0.0,False,0,S0_v7_original_top10__C4_tail_ret_median_Q5_high,S0_v7_original_top10,C4_tail_ret_median_Q5_high
20260318,10bp_one_way_slippage,-0.017657052498842384,True,10,S0_v7_original_top10__C4_tail_ret_median_Q5_high,S0_v7_original_top10,C4_tail_ret_median_Q5_high
20260319,10bp_one_way_slippage,0.0,False,0,S0_v7_original_top10__C4_tail_ret_median_Q5_high,S0_v7_original_top10,C4_tail_ret_median_Q5_high
20260320,10bp_one_way_slippage,0.0,False,0,S0_v7_original_top10__C4_tail_ret_median_Q5_high,S0_v7_original_top10,C4_tail_ret_median_Q5_high
20260323,10bp_one_way_slippage,0.0,False,0,S0_v7_original_top10__C4_tail_ret_median_Q5_high,S0_v7_original_top10,C4_tail_ret_median_Q5_high
20260324,10bp_one_way_slippage,0.014413784475027969,True,10,S0_v7_original_top10__C4_tail_ret_median_Q5_high,S0_v7_original_top10,C4_tail_ret_median_Q5_high
20260325,10bp_one_way_slippage,-0.0015379772188119367,True,10,S0_v7_original_top10__C4_tail_ret_median_Q5_high,S0_v7_original_top10,C4_tail_ret_median_Q5_high
20260326,10bp_one_way_slippage,0.0,False,0,S0_v7_original_top10__C4_tail_ret_median_Q5_high,S0_v7_original_top10,C4_tail_ret_median_Q5_high
20260327,10bp_one_way_slippage,0.0,False,0,S0_v7_original_top10__C4_tail_ret_median_Q5_high,S0_v7_original_top10,C4_tail_ret_median_Q5_high
20260330,10bp_one_way_slippage,0.0,False,0,S0_v7_original_top10__C4_tail_ret_median_Q5_high,S0_v7_original_top10,C4_tail_ret_median_Q5_high
20260331,10bp_one_way_slippage,0.0,False,0,S0_v7_original_top10__C4_tail_ret_median_Q5_high,S0_v7_original_top10,C4_tail_ret_median_Q5_high
20260401,10bp_one_way_slippage,-0.005900293656292577,True,10,S0_v7_original_top10__C4_tail_ret_median_Q5_high,S0_v7_original_top10,C4_tail_ret_median_Q5_high
20260402,10bp_one_way_slippage,0.0,False,0,S0_v7_original_top10__C4_tail_ret_median_Q5_high,S0_v7_original_top10,C4_tail_ret_median_Q5_high
20260403,10bp_one_way_slippage,0.0,False,0,S0_v7_original_top10__C4_tail_ret_median_Q5_high,S0_v7_original_top10,C4_tail_ret_median_Q5_high
20260407,10bp_one_way_slippage,0.0,False,0,S0_v7_original_top10__C4_tail_ret_median_Q5_high,S0_v7_original_top10,C4_tail_ret_median_Q5_high
20260408,10bp_one_way_slippage,-0.01976326226269167,True,10,S0_v7_original_top10__C4_tail_ret_median_Q5_high,S0_v7_original_top10,C4_tail_ret_median_Q5_high
20260409,10bp_one_way_slippage,0.0,False,0,S0_v7_original_top10__C4_tail_ret_median_Q5_high,S0_v7_original_top10,C4_tail_ret_median_Q5_high
20260410,10bp_one_way_slippage,0.0,False,0,S0_v7_original_top10__C4_tail_ret_median_Q5_high,S0_v7_original_top10,C4_tail_ret_median_Q5_high
20260413,10bp_one_way_slippage,0.0,False,0,S0_v7_original_top10__C4_tail_ret_median_Q5_high,S0_v7_original_top10,C4_tail_ret_median_Q5_high
20260414,10bp_one_way_slippage,0.008999291080362537,True,10,S0_v7_original_top10__C4_tail_ret_median_Q5_high,S0_v7_original_top10,C4_tail_ret_median_Q5_high
20260415,10bp_one_way_slippage,0.0,False,0,S0_v7_original_top10__C4_tail_ret_median_Q5_high,S0_v7_original_top10,C4_tail_ret_median_Q5_high
20260416,10bp_one_way_slippage,0.0,False,0,S0_v7_original_top10__C4_tail_ret_median_Q5_high,S0_v7_original_top10,C4_tail_ret_median_Q5_high
20260417,10bp_one_way_slippage,0.0,False,0,S0_v7_original_top10__C4_tail_ret_median_Q5_high,S0_v7_original_top10,C4_tail_ret_median_Q5_high
20260420,10bp_one_way_slippage,0.0,False,0,S0_v7_original_top10__C4_tail_ret_median_Q5_high,S0_v7_original_top10,C4_tail_ret_median_Q5_high
20260421,10bp_one_way_slippage,-0.005014222121102263,True,10,S0_v7_original_top10__C4_tail_ret_median_Q5_high,S0_v7_original_top10,C4_tail_ret_median_Q5_high
20260422,10bp_one_way_slippage,0.0018713241877453047,True,10,S0_v7_original_top10__C4_tail_ret_median_Q5_high,S0_v7_original_top10,C4_tail_ret_median_Q5_high
20260423,10bp_one_way_slippage,0.0,False,0,S0_v7_original_top10__C4_tail_ret_median_Q5_high,S0_v7_original_top10,C4_tail_ret_median_Q5_high
20260424,10bp_one_way_slippage,0.0,False,0,S0_v7_original_top10__C4_tail_ret_median_Q5_high,S0_v7_original_top10,C4_tail_ret_median_Q5_high
20260427,10bp_one_way_slippage,0.0,False,0,S0_v7_original_top10__C4_tail_ret_median_Q5_high,S0_v7_original_top10,C4_tail_ret_median_Q5_high
20260428,10bp_one_way_slippage,0.0,False,0,S0_v7_original_top10__C4_tail_ret_median_Q5_high,S0_v7_original_top10,C4_tail_ret_median_Q5_high
20260429,10bp_one_way_slippage,0.0,False,0,S0_v7_original_top10__C4_tail_ret_median_Q5_high,S0_v7_original_top10,C4_tail_ret_median_Q5_high
20260430,10bp_one_way_slippage,0.0,False,0,S0_v7_original_top10__C4_tail_ret_median_Q5_high,S0_v7_original_top10,C4_tail_ret_median_Q5_high
20260506,10bp_one_way_slippage,0.0,False,0,S0_v7_original_top10__C4_tail_ret_median_Q5_high,S0_v7_original_top10,C4_tail_ret_median_Q5_high
20260507,10bp_one_way_slippage,0.0,False,0,S0_v7_original_top10__C4_tail_ret_median_Q5_high,S0_v7_original_top10,C4_tail_ret_median_Q5_high
20260508,10bp_one_way_slippage,0.0,False,0,S0_v7_original_top10__C4_tail_ret_median_Q5_high,S0_v7_original_top10,C4_tail_ret_median_Q5_high
20260511,10bp_one_way_slippage,0.0,False,0,S0_v7_original_top10__C4_tail_ret_median_Q5_high,S0_v7_original_top10,C4_tail_ret_median_Q5_high
20260512,10bp_one_way_slippage,0.0,False,0,S0_v7_original_top10__C4_tail_ret_median_Q5_high,S0_v7_original_top10,C4_tail_ret_median_Q5_high
20260513,10bp_one_way_slippage,0.0,False,0,S0_v7_original_top10__C4_tail_ret_median_Q5_high,S0_v7_original_top10,C4_tail_ret_median_Q5_high
20260514,10bp_one_way_slippage,0.0,False,0,S0_v7_original_top10__C4_tail_ret_median_Q5_high,S0_v7_original_top10,C4_tail_ret_median_Q5_high
20260515,10bp_one_way_slippage,0.0,False,0,S0_v7_original_top10__C4_tail_ret_median_Q5_high,S0_v7_original_top10,C4_tail_ret_median_Q5_high
20260518,10bp_one_way_slippage,0.0,False,0,S0_v7_original_top10__C4_tail_ret_median_Q5_high,S0_v7_original_top10,C4_tail_ret_median_Q5_high
20260519,10bp_one_way_slippage,-0.012794306123819665,True,10,S0_v7_original_top10__C4_tail_ret_median_Q5_high,S0_v7_original_top10,C4_tail_ret_median_Q5_high
20260520,10bp_one_way_slippage,0.01906088822674714,True,10,S0_v7_original_top10__C4_tail_ret_median_Q5_high,S0_v7_original_top10,C4_tail_ret_median_Q5_high
20260224,10bp_slippage_plus_impact,0.0,False,0,S0_v7_original_top10__C4_tail_ret_median_Q5_high,S0_v7_original_top10,C4_tail_ret_median_Q5_high
20260225,10bp_slippage_plus_impact,0.0,False,0,S0_v7_original_top10__C4_tail_ret_median_Q5_high,S0_v7_original_top10,C4_tail_ret_median_Q5_high
20260226,10bp_slippage_plus_impact,0.0004683200748953786,True,10,S0_v7_original_top10__C4_tail_ret_median_Q5_high,S0_v7_original_top10,C4_tail_ret_median_Q5_high
20260227,10bp_slippage_plus_impact,0.0,False,0,S0_v7_original_top10__C4_tail_ret_median_Q5_high,S0_v7_original_top10,C4_tail_ret_median_Q5_high
20260302,10bp_slippage_plus_impact,0.0,False,0,S0_v7_original_top10__C4_tail_ret_median_Q5_high,S0_v7_original_top10,C4_tail_ret_median_Q5_high
20260303,10bp_slippage_plus_impact,0.0,False,0,S0_v7_original_top10__C4_tail_ret_median_Q5_high,S0_v7_original_top10,C4_tail_ret_median_Q5_high
20260304,10bp_slippage_plus_impact,0.0,False,0,S0_v7_original_top10__C4_tail_ret_median_Q5_high,S0_v7_original_top10,C4_tail_ret_median_Q5_high
20260305,10bp_slippage_plus_impact,0.0,False,0,S0_v7_original_top10__C4_tail_ret_median_Q5_high,S0_v7_original_top10,C4_tail_ret_median_Q5_high
20260306,10bp_slippage_plus_impact,0.0,False,0,S0_v7_original_top10__C4_tail_ret_median_Q5_high,S0_v7_original_top10,C4_tail_ret_median_Q5_high
20260309,10bp_slippage_plus_impact,0.0,False,0,S0_v7_original_top10__C4_tail_ret_median_Q5_high,S0_v7_original_top10,C4_tail_ret_median_Q5_high
20260310,10bp_slippage_plus_impact,-0.005107221664403893,True,10,S0_v7_original_top10__C4_tail_ret_median_Q5_high,S0_v7_original_top10,C4_tail_ret_median_Q5_high
20260311,10bp_slippage_plus_impact,0.0,False,0,S0_v7_original_top10__C4_tail_ret_median_Q5_high,S0_v7_original_top10,C4_tail_ret_median_Q5_high
20260312,10bp_slippage_plus_impact,0.0,False,0,S0_v7_original_top10__C4_tail_ret_median_Q5_high,S0_v7_original_top10,C4_tail_ret_median_Q5_high
20260313,10bp_slippage_plus_impact,0.0,False,0,S0_v7_original_top10__C4_tail_ret_median_Q5_high,S0_v7_original_top10,C4_tail_ret_median_Q5_high
20260316,10bp_slippage_plus_impact,0.0,False,0,S0_v7_original_top10__C4_tail_ret_median_Q5_high,S0_v7_original_top10,C4_tail_ret_median_Q5_high
20260317,10bp_slippage_plus_impact,0.0,False,0,S0_v7_original_top10__C4_tail_ret_median_Q5_high,S0_v7_original_top10,C4_tail_ret_median_Q5_high
20260318,10bp_slippage_plus_impact,-0.017900975826036468,True,10,S0_v7_original_top10__C4_tail_ret_median_Q5_high,S0_v7_original_top10,C4_tail_ret_median_Q5_high
20260319,10bp_slippage_plus_impact,0.0,False,0,S0_v7_original_top10__C4_tail_ret_median_Q5_high,S0_v7_original_top10,C4_tail_ret_median_Q5_high
20260320,10bp_slippage_plus_impact,0.0,False,0,S0_v7_original_top10__C4_tail_ret_median_Q5_high,S0_v7_original_top10,C4_tail_ret_median_Q5_high
20260323,10bp_slippage_plus_impact,0.0,False,0,S0_v7_original_top10__C4_tail_ret_median_Q5_high,S0_v7_original_top10,C4_tail_ret_median_Q5_high
20260324,10bp_slippage_plus_impact,0.014142004278276544,True,10,S0_v7_original_top10__C4_tail_ret_median_Q5_high,S0_v7_original_top10,C4_tail_ret_median_Q5_high
20260325,10bp_slippage_plus_impact,-0.0017608970059303064,True,10,S0_v7_original_top10__C4_tail_ret_median_Q5_high,S0_v7_original_top10,C4_tail_ret_median_Q5_high
20260326,10bp_slippage_plus_impact,0.0,False,0,S0_v7_original_top10__C4_tail_ret_median_Q5_high,S0_v7_original_top10,C4_tail_ret_median_Q5_high
20260327,10bp_slippage_plus_impact,0.0,False,0,S0_v7_original_top10__C4_tail_ret_median_Q5_high,S0_v7_original_top10,C4_tail_ret_median_Q5_high
20260330,10bp_slippage_plus_impact,0.0,False,0,S0_v7_original_top10__C4_tail_ret_median_Q5_high,S0_v7_original_top10,C4_tail_ret_median_Q5_high
20260331,10bp_slippage_plus_impact,0.0,False,0,S0_v7_original_top10__C4_tail_ret_median_Q5_high,S0_v7_original_top10,C4_tail_ret_median_Q5_high
20260401,10bp_slippage_plus_impact,-0.006094151014782634,True,10,S0_v7_original_top10__C4_tail_ret_median_Q5_high,S0_v7_original_top10,C4_tail_ret_median_Q5_high
20260402,10bp_slippage_plus_impact,0.0,False,0,S0_v7_original_top10__C4_tail_ret_median_Q5_high,S0_v7_original_top10,C4_tail_ret_median_Q5_high
20260403,10bp_slippage_plus_impact,0.0,False,0,S0_v7_original_top10__C4_tail_ret_median_Q5_high,S0_v7_original_top10,C4_tail_ret_median_Q5_high
20260407,10bp_slippage_plus_impact,0.0,False,0,S0_v7_original_top10__C4_tail_ret_median_Q5_high,S0_v7_original_top10,C4_tail_ret_median_Q5_high
20260408,10bp_slippage_plus_impact,-0.01991468724008546,True,10,S0_v7_original_top10__C4_tail_ret_median_Q5_high,S0_v7_original_top10,C4_tail_ret_median_Q5_high
20260409,10bp_slippage_plus_impact,0.0,False,0,S0_v7_original_top10__C4_tail_ret_median_Q5_high,S0_v7_original_top10,C4_tail_ret_median_Q5_high
20260410,10bp_slippage_plus_impact,0.0,False,0,S0_v7_original_top10__C4_tail_ret_median_Q5_high,S0_v7_original_top10,C4_tail_ret_median_Q5_high
20260413,10bp_slippage_plus_impact,0.0,False,0,S0_v7_original_top10__C4_tail_ret_median_Q5_high,S0_v7_original_top10,C4_tail_ret_median_Q5_high
20260414,10bp_slippage_plus_impact,0.008726565061583747,True,10,S0_v7_original_top10__C4_tail_ret_median_Q5_high,S0_v7_original_top10,C4_tail_ret_median_Q5_high
20260415,10bp_slippage_plus_impact,0.0,False,0,S0_v7_original_top10__C4_tail_ret_median_Q5_high,S0_v7_original_top10,C4_tail_ret_median_Q5_high
20260416,10bp_slippage_plus_impact,0.0,False,0,S0_v7_original_top10__C4_tail_ret_median_Q5_high,S0_v7_original_top10,C4_tail_ret_median_Q5_high
20260417,10bp_slippage_plus_impact,0.0,False,0,S0_v7_original_top10__C4_tail_ret_median_Q5_high,S0_v7_original_top10,C4_tail_ret_median_Q5_high
20260420,10bp_slippage_plus_impact,0.0,False,0,S0_v7_original_top10__C4_tail_ret_median_Q5_high,S0_v7_original_top10,C4_tail_ret_median_Q5_high
20260421,10bp_slippage_plus_impact,-0.005102511886980932,True,10,S0_v7_original_top10__C4_tail_ret_median_Q5_high,S0_v7_original_top10,C4_tail_ret_median_Q5_high
20260422,10bp_slippage_plus_impact,0.0017144863053122571,True,10,S0_v7_original_top10__C4_tail_ret_median_Q5_high,S0_v7_original_top10,C4_tail_ret_median_Q5_high
20260423,10bp_slippage_plus_impact,0.0,False,0,S0_v7_original_top10__C4_tail_ret_median_Q5_high,S0_v7_original_top10,C4_tail_ret_median_Q5_high
20260424,10bp_slippage_plus_impact,0.0,False,0,S0_v7_original_top10__C4_tail_ret_median_Q5_high,S0_v7_original_top10,C4_tail_ret_median_Q5_high
20260427,10bp_slippage_plus_impact,0.0,False,0,S0_v7_original_top10__C4_tail_ret_median_Q5_high,S0_v7_original_top10,C4_tail_ret_median_Q5_high
20260428,10bp_slippage_plus_impact,0.0,False,0,S0_v7_original_top10__C4_tail_ret_median_Q5_high,S0_v7_original_top10,C4_tail_ret_median_Q5_high
20260429,10bp_slippage_plus_impact,0.0,False,0,S0_v7_original_top10__C4_tail_ret_median_Q5_high,S0_v7_original_top10,C4_tail_ret_median_Q5_high
20260430,10bp_slippage_plus_impact,0.0,False,0,S0_v7_original_top10__C4_tail_ret_median_Q5_high,S0_v7_original_top10,C4_tail_ret_median_Q5_high
20260506,10bp_slippage_plus_impact,0.0,False,0,S0_v7_original_top10__C4_tail_ret_median_Q5_high,S0_v7_original_top10,C4_tail_ret_median_Q5_high
20260507,10bp_slippage_plus_impact,0.0,False,0,S0_v7_original_top10__C4_tail_ret_median_Q5_high,S0_v7_original_top10,C4_tail_ret_median_Q5_high
20260508,10bp_slippage_plus_impact,0.0,False,0,S0_v7_original_top10__C4_tail_ret_median_Q5_high,S0_v7_original_top10,C4_tail_ret_median_Q5_high
20260511,10bp_slippage_plus_impact,0.0,False,0,S0_v7_original_top10__C4_tail_ret_median_Q5_high,S0_v7_original_top10,C4_tail_ret_median_Q5_high
20260512,10bp_slippage_plus_impact,0.0,False,0,S0_v7_original_top10__C4_tail_ret_median_Q5_high,S0_v7_original_top10,C4_tail_ret_median_Q5_high
20260513,10bp_slippage_plus_impact,0.0,False,0,S0_v7_original_top10__C4_tail_ret_median_Q5_high,S0_v7_original_top10,C4_tail_ret_median_Q5_high
20260514,10bp_slippage_plus_impact,0.0,False,0,S0_v7_original_top10__C4_tail_ret_median_Q5_high,S0_v7_original_top10,C4_tail_ret_median_Q5_high
20260515,10bp_slippage_plus_impact,0.0,False,0,S0_v7_original_top10__C4_tail_ret_median_Q5_high,S0_v7_original_top10,C4_tail_ret_median_Q5_high
20260518,10bp_slippage_plus_impact,0.0,False,0,S0_v7_original_top10__C4_tail_ret_median_Q5_high,S0_v7_original_top10,C4_tail_ret_median_Q5_high
20260519,10bp_slippage_plus_impact,-0.012885403433183128,True,10,S0_v7_original_top10__C4_tail_ret_median_Q5_high,S0_v7_original_top10,C4_tail_ret_median_Q5_high
20260520,10bp_slippage_plus_impact,0.018973915324606395,True,10,S0_v7_original_top10__C4_tail_ret_median_Q5_high,S0_v7_original_top10,C4_tail_ret_median_Q5_high
20260224,5bp_one_way_slippage,0.007049807959140142,True,5,S1_U2_filter_only_no_refill__R1_tail_down,S1_U2_filter_only_no_refill,R1_tail_down
20260225,5bp_one_way_slippage,0.0,False,0,S1_U2_filter_only_no_refill__R1_tail_down,S1_U2_filter_only_no_refill,R1_tail_down
20260226,5bp_one_way_slippage,0.0,False,0,S1_U2_filter_only_no_refill__R1_tail_down,S1_U2_filter_only_no_refill,R1_tail_down
20260227,5bp_one_way_slippage,0.0,False,0,S1_U2_filter_only_no_refill__R1_tail_down,S1_U2_filter_only_no_refill,R1_tail_down
20260302,5bp_one_way_slippage,-0.009938251485637083,True,9,S1_U2_filter_only_no_refill__R1_tail_down,S1_U2_filter_only_no_refill,R1_tail_down
20260303,5bp_one_way_slippage,0.006670456119917389,True,5,S1_U2_filter_only_no_refill__R1_tail_down,S1_U2_filter_only_no_refill,R1_tail_down
20260304,5bp_one_way_slippage,0.017046883472663667,True,7,S1_U2_filter_only_no_refill__R1_tail_down,S1_U2_filter_only_no_refill,R1_tail_down
20260305,5bp_one_way_slippage,0.0,False,0,S1_U2_filter_only_no_refill__R1_tail_down,S1_U2_filter_only_no_refill,R1_tail_down
20260306,5bp_one_way_slippage,0.0,False,0,S1_U2_filter_only_no_refill__R1_tail_down,S1_U2_filter_only_no_refill,R1_tail_down
20260309,5bp_one_way_slippage,0.029850360661961672,True,6,S1_U2_filter_only_no_refill__R1_tail_down,S1_U2_filter_only_no_refill,R1_tail_down
20260310,5bp_one_way_slippage,0.0,False,0,S1_U2_filter_only_no_refill__R1_tail_down,S1_U2_filter_only_no_refill,R1_tail_down
20260311,5bp_one_way_slippage,0.0,False,0,S1_U2_filter_only_no_refill__R1_tail_down,S1_U2_filter_only_no_refill,R1_tail_down
20260312,5bp_one_way_slippage,0.0,False,0,S1_U2_filter_only_no_refill__R1_tail_down,S1_U2_filter_only_no_refill,R1_tail_down
20260313,5bp_one_way_slippage,-0.006277993710508903,True,7,S1_U2_filter_only_no_refill__R1_tail_down,S1_U2_filter_only_no_refill,R1_tail_down
20260316,5bp_one_way_slippage,0.0,False,0,S1_U2_filter_only_no_refill__R1_tail_down,S1_U2_filter_only_no_refill,R1_tail_down
20260317,5bp_one_way_slippage,0.0038094907245292964,True,4,S1_U2_filter_only_no_refill__R1_tail_down,S1_U2_filter_only_no_refill,R1_tail_down
20260318,5bp_one_way_slippage,0.0,False,0,S1_U2_filter_only_no_refill__R1_tail_down,S1_U2_filter_only_no_refill,R1_tail_down
20260319,5bp_one_way_slippage,0.0035735182623647943,True,6,S1_U2_filter_only_no_refill__R1_tail_down,S1_U2_filter_only_no_refill,R1_tail_down
20260320,5bp_one_way_slippage,-0.027100538752397096,True,2,S1_U2_filter_only_no_refill__R1_tail_down,S1_U2_filter_only_no_refill,R1_tail_down
20260323,5bp_one_way_slippage,0.02528190094975269,True,2,S1_U2_filter_only_no_refill__R1_tail_down,S1_U2_filter_only_no_refill,R1_tail_down
20260324,5bp_one_way_slippage,0.0,False,0,S1_U2_filter_only_no_refill__R1_tail_down,S1_U2_filter_only_no_refill,R1_tail_down
20260325,5bp_one_way_slippage,0.0,False,0,S1_U2_filter_only_no_refill__R1_tail_down,S1_U2_filter_only_no_refill,R1_tail_down
20260326,5bp_one_way_slippage,-0.007560234530582882,True,4,S1_U2_filter_only_no_refill__R1_tail_down,S1_U2_filter_only_no_refill,R1_tail_down
20260327,5bp_one_way_slippage,0.0,False,0,S1_U2_filter_only_no_refill__R1_tail_down,S1_U2_filter_only_no_refill,R1_tail_down
20260330,5bp_one_way_slippage,0.0,False,0,S1_U2_filter_only_no_refill__R1_tail_down,S1_U2_filter_only_no_refill,R1_tail_down
20260331,5bp_one_way_slippage,0.021313083540485334,True,1,S1_U2_filter_only_no_refill__R1_tail_down,S1_U2_filter_only_no_refill,R1_tail_down
20260401,5bp_one_way_slippage,0.0,False,0,S1_U2_filter_only_no_refill__R1_tail_down,S1_U2_filter_only_no_refill,R1_tail_down
20260402,5bp_one_way_slippage,-0.02592106527785054,True,4,S1_U2_filter_only_no_refill__R1_tail_down,S1_U2_filter_only_no_refill,R1_tail_down
20260403,5bp_one_way_slippage,-0.005249040915154879,True,1,S1_U2_filter_only_no_refill__R1_tail_down,S1_U2_filter_only_no_refill,R1_tail_down
20260407,5bp_one_way_slippage,0.03363667943106527,True,8,S1_U2_filter_only_no_refill__R1_tail_down,S1_U2_filter_only_no_refill,R1_tail_down
20260408,5bp_one_way_slippage,0.0,False,0,S1_U2_filter_only_no_refill__R1_tail_down,S1_U2_filter_only_no_refill,R1_tail_down
20260409,5bp_one_way_slippage,0.01108626565819687,True,8,S1_U2_filter_only_no_refill__R1_tail_down,S1_U2_filter_only_no_refill,R1_tail_down
20260410,5bp_one_way_slippage,0.009676130987428573,True,7,S1_U2_filter_only_no_refill__R1_tail_down,S1_U2_filter_only_no_refill,R1_tail_down
20260413,5bp_one_way_slippage,0.013958837269948239,True,9,S1_U2_filter_only_no_refill__R1_tail_down,S1_U2_filter_only_no_refill,R1_tail_down
20260414,5bp_one_way_slippage,0.0,False,0,S1_U2_filter_only_no_refill__R1_tail_down,S1_U2_filter_only_no_refill,R1_tail_down
20260415,5bp_one_way_slippage,0.026403883298706132,True,2,S1_U2_filter_only_no_refill__R1_tail_down,S1_U2_filter_only_no_refill,R1_tail_down
20260416,5bp_one_way_slippage,0.0,False,0,S1_U2_filter_only_no_refill__R1_tail_down,S1_U2_filter_only_no_refill,R1_tail_down
20260417,5bp_one_way_slippage,0.0,False,0,S1_U2_filter_only_no_refill__R1_tail_down,S1_U2_filter_only_no_refill,R1_tail_down
20260420,5bp_one_way_slippage,0.0,False,0,S1_U2_filter_only_no_refill__R1_tail_down,S1_U2_filter_only_no_refill,R1_tail_down
20260421,5bp_one_way_slippage,0.0,False,0,S1_U2_filter_only_no_refill__R1_tail_down,S1_U2_filter_only_no_refill,R1_tail_down
20260422,5bp_one_way_slippage,0.0,False,0,S1_U2_filter_only_no_refill__R1_tail_down,S1_U2_filter_only_no_refill,R1_tail_down
20260423,5bp_one_way_slippage,0.0,False,0,S1_U2_filter_only_no_refill__R1_tail_down,S1_U2_filter_only_no_refill,R1_tail_down
20260424,5bp_one_way_slippage,0.00767603557980584,True,2,S1_U2_filter_only_no_refill__R1_tail_down,S1_U2_filter_only_no_refill,R1_tail_down
20260427,5bp_one_way_slippage,0.0,False,0,S1_U2_filter_only_no_refill__R1_tail_down,S1_U2_filter_only_no_refill,R1_tail_down
20260428,5bp_one_way_slippage,0.0,False,0,S1_U2_filter_only_no_refill__R1_tail_down,S1_U2_filter_only_no_refill,R1_tail_down
20260429,5bp_one_way_slippage,0.025268918853650346,True,5,S1_U2_filter_only_no_refill__R1_tail_down,S1_U2_filter_only_no_refill,R1_tail_down
20260430,5bp_one_way_slippage,0.0,False,0,S1_U2_filter_only_no_refill__R1_tail_down,S1_U2_filter_only_no_refill,R1_tail_down
20260506,5bp_one_way_slippage,0.0,False,0,S1_U2_filter_only_no_refill__R1_tail_down,S1_U2_filter_only_no_refill,R1_tail_down
20260507,5bp_one_way_slippage,0.0,False,0,S1_U2_filter_only_no_refill__R1_tail_down,S1_U2_filter_only_no_refill,R1_tail_down
20260508,5bp_one_way_slippage,0.0005459795521586708,True,10,S1_U2_filter_only_no_refill__R1_tail_down,S1_U2_filter_only_no_refill,R1_tail_down
20260511,5bp_one_way_slippage,0.0,False,0,S1_U2_filter_only_no_refill__R1_tail_down,S1_U2_filter_only_no_refill,R1_tail_down
20260512,5bp_one_way_slippage,0.0,False,0,S1_U2_filter_only_no_refill__R1_tail_down,S1_U2_filter_only_no_refill,R1_tail_down
20260513,5bp_one_way_slippage,0.0,False,0,S1_U2_filter_only_no_refill__R1_tail_down,S1_U2_filter_only_no_refill,R1_tail_down
20260514,5bp_one_way_slippage,0.0012919207401922799,True,3,S1_U2_filter_only_no_refill__R1_tail_down,S1_U2_filter_only_no_refill,R1_tail_down
20260515,5bp_one_way_slippage,0.0,False,0,S1_U2_filter_only_no_refill__R1_tail_down,S1_U2_filter_only_no_refill,R1_tail_down
20260518,5bp_one_way_slippage,0.0,False,0,S1_U2_filter_only_no_refill__R1_tail_down,S1_U2_filter_only_no_refill,R1_tail_down
20260519,5bp_one_way_slippage,0.0,False,0,S1_U2_filter_only_no_refill__R1_tail_down,S1_U2_filter_only_no_refill,R1_tail_down
20260520,5bp_one_way_slippage,0.0,False,0,S1_U2_filter_only_no_refill__R1_tail_down,S1_U2_filter_only_no_refill,R1_tail_down
20260224,10bp_one_way_slippage,0.006043008340508571,True,5,S1_U2_filter_only_no_refill__R1_tail_down,S1_U2_filter_only_no_refill,R1_tail_down
20260225,10bp_one_way_slippage,0.0,False,0,S1_U2_filter_only_no_refill__R1_tail_down,S1_U2_filter_only_no_refill,R1_tail_down
20260226,10bp_one_way_slippage,0.0,False,0,S1_U2_filter_only_no_refill__R1_tail_down,S1_U2_filter_only_no_refill,R1_tail_down
20260227,10bp_one_way_slippage,0.0,False,0,S1_U2_filter_only_no_refill__R1_tail_down,S1_U2_filter_only_no_refill,R1_tail_down
20260302,10bp_one_way_slippage,-0.010928067265301464,True,9,S1_U2_filter_only_no_refill__R1_tail_down,S1_U2_filter_only_no_refill,R1_tail_down
20260303,10bp_one_way_slippage,0.005664035758879682,True,5,S1_U2_filter_only_no_refill__R1_tail_down,S1_U2_filter_only_no_refill,R1_tail_down
20260304,10bp_one_way_slippage,0.016030089262170897,True,7,S1_U2_filter_only_no_refill__R1_tail_down,S1_U2_filter_only_no_refill,R1_tail_down
20260305,10bp_one_way_slippage,0.0,False,0,S1_U2_filter_only_no_refill__R1_tail_down,S1_U2_filter_only_no_refill,R1_tail_down
20260306,10bp_one_way_slippage,0.0,False,0,S1_U2_filter_only_no_refill__R1_tail_down,S1_U2_filter_only_no_refill,R1_tail_down
20260309,10bp_one_way_slippage,0.02882076615514843,True,6,S1_U2_filter_only_no_refill__R1_tail_down,S1_U2_filter_only_no_refill,R1_tail_down
20260310,10bp_one_way_slippage,0.0,False,0,S1_U2_filter_only_no_refill__R1_tail_down,S1_U2_filter_only_no_refill,R1_tail_down
20260311,10bp_one_way_slippage,0.0,False,0,S1_U2_filter_only_no_refill__R1_tail_down,S1_U2_filter_only_no_refill,R1_tail_down
20260312,10bp_one_way_slippage,0.0,False,0,S1_U2_filter_only_no_refill__R1_tail_down,S1_U2_filter_only_no_refill,R1_tail_down
20260313,10bp_one_way_slippage,-0.007271468838601699,True,7,S1_U2_filter_only_no_refill__R1_tail_down,S1_U2_filter_only_no_refill,R1_tail_down
20260316,10bp_one_way_slippage,0.0,False,0,S1_U2_filter_only_no_refill__R1_tail_down,S1_U2_filter_only_no_refill,R1_tail_down
20260317,10bp_one_way_slippage,0.0028059306181147936,True,4,S1_U2_filter_only_no_refill__R1_tail_down,S1_U2_filter_only_no_refill,R1_tail_down
20260318,10bp_one_way_slippage,0.0,False,0,S1_U2_filter_only_no_refill__R1_tail_down,S1_U2_filter_only_no_refill,R1_tail_down
20260319,10bp_one_way_slippage,0.0025701940697879047,True,6,S1_U2_filter_only_no_refill__R1_tail_down,S1_U2_filter_only_no_refill,R1_tail_down
20260320,10bp_one_way_slippage,-0.028073196508557052,True,2,S1_U2_filter_only_no_refill__R1_tail_down,S1_U2_filter_only_no_refill,R1_tail_down
20260323,10bp_one_way_slippage,0.02425687376767305,True,2,S1_U2_filter_only_no_refill__R1_tail_down,S1_U2_filter_only_no_refill,R1_tail_down
20260324,10bp_one_way_slippage,0.0,False,0,S1_U2_filter_only_no_refill__R1_tail_down,S1_U2_filter_only_no_refill,R1_tail_down
20260325,10bp_one_way_slippage,0.0,False,0,S1_U2_filter_only_no_refill__R1_tail_down,S1_U2_filter_only_no_refill,R1_tail_down
20260326,10bp_one_way_slippage,-0.008552427736412849,True,4,S1_U2_filter_only_no_refill__R1_tail_down,S1_U2_filter_only_no_refill,R1_tail_down
20260327,10bp_one_way_slippage,0.0,False,0,S1_U2_filter_only_no_refill__R1_tail_down,S1_U2_filter_only_no_refill,R1_tail_down
20260330,10bp_one_way_slippage,0.0,False,0,S1_U2_filter_only_no_refill__R1_tail_down,S1_U2_filter_only_no_refill,R1_tail_down
20260331,10bp_one_way_slippage,0.020292024189810354,True,1,S1_U2_filter_only_no_refill__R1_tail_down,S1_U2_filter_only_no_refill,R1_tail_down
20260401,10bp_one_way_slippage,0.0,False,0,S1_U2_filter_only_no_refill__R1_tail_down,S1_U2_filter_only_no_refill,R1_tail_down
20260402,10bp_one_way_slippage,-0.026894902214459254,True,4,S1_U2_filter_only_no_refill__R1_tail_down,S1_U2_filter_only_no_refill,R1_tail_down
20260403,10bp_one_way_slippage,-0.006243544740412221,True,1,S1_U2_filter_only_no_refill__R1_tail_down,S1_U2_filter_only_no_refill,R1_tail_down
20260407,10bp_one_way_slippage,0.03260329954614802,True,8,S1_U2_filter_only_no_refill__R1_tail_down,S1_U2_filter_only_no_refill,R1_tail_down
20260408,10bp_one_way_slippage,0.0,False,0,S1_U2_filter_only_no_refill__R1_tail_down,S1_U2_filter_only_no_refill,R1_tail_down
20260409,10bp_one_way_slippage,0.010075430584675263,True,8,S1_U2_filter_only_no_refill__R1_tail_down,S1_U2_filter_only_no_refill,R1_tail_down
20260410,10bp_one_way_slippage,0.00866670569824687,True,7,S1_U2_filter_only_no_refill__R1_tail_down,S1_U2_filter_only_no_refill,R1_tail_down
20260413,10bp_one_way_slippage,0.012945130338470593,True,9,S1_U2_filter_only_no_refill__R1_tail_down,S1_U2_filter_only_no_refill,R1_tail_down
20260414,10bp_one_way_slippage,0.0,False,0,S1_U2_filter_only_no_refill__R1_tail_down,S1_U2_filter_only_no_refill,R1_tail_down
20260415,10bp_one_way_slippage,0.025377734413020714,True,2,S1_U2_filter_only_no_refill__R1_tail_down,S1_U2_filter_only_no_refill,R1_tail_down
20260416,10bp_one_way_slippage,0.0,False,0,S1_U2_filter_only_no_refill__R1_tail_down,S1_U2_filter_only_no_refill,R1_tail_down
20260417,10bp_one_way_slippage,0.0,False,0,S1_U2_filter_only_no_refill__R1_tail_down,S1_U2_filter_only_no_refill,R1_tail_down
20260420,10bp_one_way_slippage,0.0,False,0,S1_U2_filter_only_no_refill__R1_tail_down,S1_U2_filter_only_no_refill,R1_tail_down
20260421,10bp_one_way_slippage,0.0,False,0,S1_U2_filter_only_no_refill__R1_tail_down,S1_U2_filter_only_no_refill,R1_tail_down
20260422,10bp_one_way_slippage,0.0,False,0,S1_U2_filter_only_no_refill__R1_tail_down,S1_U2_filter_only_no_refill,R1_tail_down
20260423,10bp_one_way_slippage,0.0,False,0,S1_U2_filter_only_no_refill__R1_tail_down,S1_U2_filter_only_no_refill,R1_tail_down
20260424,10bp_one_way_slippage,0.006668609889132482,True,2,S1_U2_filter_only_no_refill__R1_tail_down,S1_U2_filter_only_no_refill,R1_tail_down
20260427,10bp_one_way_slippage,0.0,False,0,S1_U2_filter_only_no_refill__R1_tail_down,S1_U2_filter_only_no_refill,R1_tail_down
20260428,10bp_one_way_slippage,0.0,False,0,S1_U2_filter_only_no_refill__R1_tail_down,S1_U2_filter_only_no_refill,R1_tail_down
20260429,10bp_one_way_slippage,0.02424390465044175,True,5,S1_U2_filter_only_no_refill__R1_tail_down,S1_U2_filter_only_no_refill,R1_tail_down
20260430,10bp_one_way_slippage,0.0,False,0,S1_U2_filter_only_no_refill__R1_tail_down,S1_U2_filter_only_no_refill,R1_tail_down
20260506,10bp_one_way_slippage,0.0,False,0,S1_U2_filter_only_no_refill__R1_tail_down,S1_U2_filter_only_no_refill,R1_tail_down
20260507,10bp_one_way_slippage,0.0,False,0,S1_U2_filter_only_no_refill__R1_tail_down,S1_U2_filter_only_no_refill,R1_tail_down
20260508,10bp_one_way_slippage,-0.00045431785386327304,True,10,S1_U2_filter_only_no_refill__R1_tail_down,S1_U2_filter_only_no_refill,R1_tail_down
20260511,10bp_one_way_slippage,0.0,False,0,S1_U2_filter_only_no_refill__R1_tail_down,S1_U2_filter_only_no_refill,R1_tail_down
20260512,10bp_one_way_slippage,0.0,False,0,S1_U2_filter_only_no_refill__R1_tail_down,S1_U2_filter_only_no_refill,R1_tail_down
20260513,10bp_one_way_slippage,0.0,False,0,S1_U2_filter_only_no_refill__R1_tail_down,S1_U2_filter_only_no_refill,R1_tail_down
20260514,10bp_one_way_slippage,0.00029087757830237315,True,3,S1_U2_filter_only_no_refill__R1_tail_down,S1_U2_filter_only_no_refill,R1_tail_down
20260515,10bp_one_way_slippage,0.0,False,0,S1_U2_filter_only_no_refill__R1_tail_down,S1_U2_filter_only_no_refill,R1_tail_down
20260518,10bp_one_way_slippage,0.0,False,0,S1_U2_filter_only_no_refill__R1_tail_down,S1_U2_filter_only_no_refill,R1_tail_down
20260519,10bp_one_way_slippage,0.0,False,0,S1_U2_filter_only_no_refill__R1_tail_down,S1_U2_filter_only_no_refill,R1_tail_down
20260520,10bp_one_way_slippage,0.0,False,0,S1_U2_filter_only_no_refill__R1_tail_down,S1_U2_filter_only_no_refill,R1_tail_down
20260224,10bp_slippage_plus_impact,0.005790147834386761,True,5,S1_U2_filter_only_no_refill__R1_tail_down,S1_U2_filter_only_no_refill,R1_tail_down
20260225,10bp_slippage_plus_impact,0.0,False,0,S1_U2_filter_only_no_refill__R1_tail_down,S1_U2_filter_only_no_refill,R1_tail_down
20260226,10bp_slippage_plus_impact,0.0,False,0,S1_U2_filter_only_no_refill__R1_tail_down,S1_U2_filter_only_no_refill,R1_tail_down
20260227,10bp_slippage_plus_impact,0.0,False,0,S1_U2_filter_only_no_refill__R1_tail_down,S1_U2_filter_only_no_refill,R1_tail_down
20260302,10bp_slippage_plus_impact,-0.010970736497406097,True,9,S1_U2_filter_only_no_refill__R1_tail_down,S1_U2_filter_only_no_refill,R1_tail_down
20260303,10bp_slippage_plus_impact,0.005476270351061641,True,5,S1_U2_filter_only_no_refill__R1_tail_down,S1_U2_filter_only_no_refill,R1_tail_down
20260304,10bp_slippage_plus_impact,0.01590652152888031,True,7,S1_U2_filter_only_no_refill__R1_tail_down,S1_U2_filter_only_no_refill,R1_tail_down
20260305,10bp_slippage_plus_impact,0.0,False,0,S1_U2_filter_only_no_refill__R1_tail_down,S1_U2_filter_only_no_refill,R1_tail_down
20260306,10bp_slippage_plus_impact,0.0,False,0,S1_U2_filter_only_no_refill__R1_tail_down,S1_U2_filter_only_no_refill,R1_tail_down
20260309,10bp_slippage_plus_impact,0.028669755864734674,True,6,S1_U2_filter_only_no_refill__R1_tail_down,S1_U2_filter_only_no_refill,R1_tail_down
20260310,10bp_slippage_plus_impact,0.0,False,0,S1_U2_filter_only_no_refill__R1_tail_down,S1_U2_filter_only_no_refill,R1_tail_down
20260311,10bp_slippage_plus_impact,0.0,False,0,S1_U2_filter_only_no_refill__R1_tail_down,S1_U2_filter_only_no_refill,R1_tail_down
20260312,10bp_slippage_plus_impact,0.0,False,0,S1_U2_filter_only_no_refill__R1_tail_down,S1_U2_filter_only_no_refill,R1_tail_down
20260313,10bp_slippage_plus_impact,-0.007477999058507482,True,7,S1_U2_filter_only_no_refill__R1_tail_down,S1_U2_filter_only_no_refill,R1_tail_down
20260316,10bp_slippage_plus_impact,0.0,False,0,S1_U2_filter_only_no_refill__R1_tail_down,S1_U2_filter_only_no_refill,R1_tail_down
20260317,10bp_slippage_plus_impact,0.0025508762723931155,True,4,S1_U2_filter_only_no_refill__R1_tail_down,S1_U2_filter_only_no_refill,R1_tail_down
20260318,10bp_slippage_plus_impact,0.0,False,0,S1_U2_filter_only_no_refill__R1_tail_down,S1_U2_filter_only_no_refill,R1_tail_down
20260319,10bp_slippage_plus_impact,0.002333081145626544,True,6,S1_U2_filter_only_no_refill__R1_tail_down,S1_U2_filter_only_no_refill,R1_tail_down
20260320,10bp_slippage_plus_impact,-0.028233036201437633,True,2,S1_U2_filter_only_no_refill__R1_tail_down,S1_U2_filter_only_no_refill,R1_tail_down
20260323,10bp_slippage_plus_impact,0.024080559810702562,True,2,S1_U2_filter_only_no_refill__R1_tail_down,S1_U2_filter_only_no_refill,R1_tail_down
20260324,10bp_slippage_plus_impact,0.0,False,0,S1_U2_filter_only_no_refill__R1_tail_down,S1_U2_filter_only_no_refill,R1_tail_down
20260325,10bp_slippage_plus_impact,0.0,False,0,S1_U2_filter_only_no_refill__R1_tail_down,S1_U2_filter_only_no_refill,R1_tail_down
20260326,10bp_slippage_plus_impact,-0.008803420718462407,True,4,S1_U2_filter_only_no_refill__R1_tail_down,S1_U2_filter_only_no_refill,R1_tail_down
20260327,10bp_slippage_plus_impact,0.0,False,0,S1_U2_filter_only_no_refill__R1_tail_down,S1_U2_filter_only_no_refill,R1_tail_down
20260330,10bp_slippage_plus_impact,0.0,False,0,S1_U2_filter_only_no_refill__R1_tail_down,S1_U2_filter_only_no_refill,R1_tail_down
20260331,10bp_slippage_plus_impact,0.020086146959470197,True,1,S1_U2_filter_only_no_refill__R1_tail_down,S1_U2_filter_only_no_refill,R1_tail_down
20260401,10bp_slippage_plus_impact,0.0,False,0,S1_U2_filter_only_no_refill__R1_tail_down,S1_U2_filter_only_no_refill,R1_tail_down
20260402,10bp_slippage_plus_impact,-0.027004263910243465,True,4,S1_U2_filter_only_no_refill__R1_tail_down,S1_U2_filter_only_no_refill,R1_tail_down
20260403,10bp_slippage_plus_impact,-0.006386689696696868,True,1,S1_U2_filter_only_no_refill__R1_tail_down,S1_U2_filter_only_no_refill,R1_tail_down
20260407,10bp_slippage_plus_impact,0.032413570216882126,True,8,S1_U2_filter_only_no_refill__R1_tail_down,S1_U2_filter_only_no_refill,R1_tail_down
20260408,10bp_slippage_plus_impact,0.0,False,0,S1_U2_filter_only_no_refill__R1_tail_down,S1_U2_filter_only_no_refill,R1_tail_down
20260409,10bp_slippage_plus_impact,0.00997540005144383,True,8,S1_U2_filter_only_no_refill__R1_tail_down,S1_U2_filter_only_no_refill,R1_tail_down
20260410,10bp_slippage_plus_impact,0.008546910923407647,True,7,S1_U2_filter_only_no_refill__R1_tail_down,S1_U2_filter_only_no_refill,R1_tail_down
20260413,10bp_slippage_plus_impact,0.012831824242362906,True,9,S1_U2_filter_only_no_refill__R1_tail_down,S1_U2_filter_only_no_refill,R1_tail_down
20260414,10bp_slippage_plus_impact,0.0,False,0,S1_U2_filter_only_no_refill__R1_tail_down,S1_U2_filter_only_no_refill,R1_tail_down
20260415,10bp_slippage_plus_impact,0.025116657163307132,True,2,S1_U2_filter_only_no_refill__R1_tail_down,S1_U2_filter_only_no_refill,R1_tail_down
20260416,10bp_slippage_plus_impact,0.0,False,0,S1_U2_filter_only_no_refill__R1_tail_down,S1_U2_filter_only_no_refill,R1_tail_down
20260417,10bp_slippage_plus_impact,0.0,False,0,S1_U2_filter_only_no_refill__R1_tail_down,S1_U2_filter_only_no_refill,R1_tail_down
20260420,10bp_slippage_plus_impact,0.0,False,0,S1_U2_filter_only_no_refill__R1_tail_down,S1_U2_filter_only_no_refill,R1_tail_down
20260421,10bp_slippage_plus_impact,0.0,False,0,S1_U2_filter_only_no_refill__R1_tail_down,S1_U2_filter_only_no_refill,R1_tail_down
20260422,10bp_slippage_plus_impact,0.0,False,0,S1_U2_filter_only_no_refill__R1_tail_down,S1_U2_filter_only_no_refill,R1_tail_down
20260423,10bp_slippage_plus_impact,0.0,False,0,S1_U2_filter_only_no_refill__R1_tail_down,S1_U2_filter_only_no_refill,R1_tail_down
20260424,10bp_slippage_plus_impact,0.006588962419188105,True,2,S1_U2_filter_only_no_refill__R1_tail_down,S1_U2_filter_only_no_refill,R1_tail_down
20260427,10bp_slippage_plus_impact,0.0,False,0,S1_U2_filter_only_no_refill__R1_tail_down,S1_U2_filter_only_no_refill,R1_tail_down
20260428,10bp_slippage_plus_impact,0.0,False,0,S1_U2_filter_only_no_refill__R1_tail_down,S1_U2_filter_only_no_refill,R1_tail_down
20260429,10bp_slippage_plus_impact,0.02403378857853644,True,5,S1_U2_filter_only_no_refill__R1_tail_down,S1_U2_filter_only_no_refill,R1_tail_down
20260430,10bp_slippage_plus_impact,0.0,False,0,S1_U2_filter_only_no_refill__R1_tail_down,S1_U2_filter_only_no_refill,R1_tail_down
20260506,10bp_slippage_plus_impact,0.0,False,0,S1_U2_filter_only_no_refill__R1_tail_down,S1_U2_filter_only_no_refill,R1_tail_down
20260507,10bp_slippage_plus_impact,0.0,False,0,S1_U2_filter_only_no_refill__R1_tail_down,S1_U2_filter_only_no_refill,R1_tail_down
20260508,10bp_slippage_plus_impact,-0.0005320285721479689,True,10,S1_U2_filter_only_no_refill__R1_tail_down,S1_U2_filter_only_no_refill,R1_tail_down
20260511,10bp_slippage_plus_impact,0.0,False,0,S1_U2_filter_only_no_refill__R1_tail_down,S1_U2_filter_only_no_refill,R1_tail_down
20260512,10bp_slippage_plus_impact,0.0,False,0,S1_U2_filter_only_no_refill__R1_tail_down,S1_U2_filter_only_no_refill,R1_tail_down
20260513,10bp_slippage_plus_impact,0.0,False,0,S1_U2_filter_only_no_refill__R1_tail_down,S1_U2_filter_only_no_refill,R1_tail_down
20260514,10bp_slippage_plus_impact,0.00016819639360288186,True,3,S1_U2_filter_only_no_refill__R1_tail_down,S1_U2_filter_only_no_refill,R1_tail_down
20260515,10bp_slippage_plus_impact,0.0,False,0,S1_U2_filter_only_no_refill__R1_tail_down,S1_U2_filter_only_no_refill,R1_tail_down
20260518,10bp_slippage_plus_impact,0.0,False,0,S1_U2_filter_only_no_refill__R1_tail_down,S1_U2_filter_only_no_refill,R1_tail_down
20260519,10bp_slippage_plus_impact,0.0,False,0,S1_U2_filter_only_no_refill__R1_tail_down,S1_U2_filter_only_no_refill,R1_tail_down
20260520,10bp_slippage_plus_impact,0.0,False,0,S1_U2_filter_only_no_refill__R1_tail_down,S1_U2_filter_only_no_refill,R1_tail_down
20260224,5bp_one_way_slippage,0.0,False,0,S1_U2_filter_only_no_refill__R2_market_down,S1_U2_filter_only_no_refill,R2_market_down
20260225,5bp_one_way_slippage,0.0,False,0,S1_U2_filter_only_no_refill__R2_market_down,S1_U2_filter_only_no_refill,R2_market_down
20260226,5bp_one_way_slippage,0.0020996850725864486,True,9,S1_U2_filter_only_no_refill__R2_market_down,S1_U2_filter_only_no_refill,R2_market_down
20260227,5bp_one_way_slippage,0.0,False,0,S1_U2_filter_only_no_refill__R2_market_down,S1_U2_filter_only_no_refill,R2_market_down
20260302,5bp_one_way_slippage,-0.009938251485637083,True,9,S1_U2_filter_only_no_refill__R2_market_down,S1_U2_filter_only_no_refill,R2_market_down
20260303,5bp_one_way_slippage,0.006670456119917389,True,5,S1_U2_filter_only_no_refill__R2_market_down,S1_U2_filter_only_no_refill,R2_market_down
20260304,5bp_one_way_slippage,0.017046883472663667,True,7,S1_U2_filter_only_no_refill__R2_market_down,S1_U2_filter_only_no_refill,R2_market_down
20260305,5bp_one_way_slippage,0.0,False,0,S1_U2_filter_only_no_refill__R2_market_down,S1_U2_filter_only_no_refill,R2_market_down
20260306,5bp_one_way_slippage,0.0,False,0,S1_U2_filter_only_no_refill__R2_market_down,S1_U2_filter_only_no_refill,R2_market_down
20260309,5bp_one_way_slippage,0.029850360661961672,True,6,S1_U2_filter_only_no_refill__R2_market_down,S1_U2_filter_only_no_refill,R2_market_down
20260310,5bp_one_way_slippage,0.0,False,0,S1_U2_filter_only_no_refill__R2_market_down,S1_U2_filter_only_no_refill,R2_market_down
20260311,5bp_one_way_slippage,-0.0033242350367877816,True,10,S1_U2_filter_only_no_refill__R2_market_down,S1_U2_filter_only_no_refill,R2_market_down
20260312,5bp_one_way_slippage,-0.004266249295869495,True,8,S1_U2_filter_only_no_refill__R2_market_down,S1_U2_filter_only_no_refill,R2_market_down
20260313,5bp_one_way_slippage,-0.006277993710508903,True,7,S1_U2_filter_only_no_refill__R2_market_down,S1_U2_filter_only_no_refill,R2_market_down
20260316,5bp_one_way_slippage,0.0,False,0,S1_U2_filter_only_no_refill__R2_market_down,S1_U2_filter_only_no_refill,R2_market_down
20260317,5bp_one_way_slippage,0.0038094907245292964,True,4,S1_U2_filter_only_no_refill__R2_market_down,S1_U2_filter_only_no_refill,R2_market_down
20260318,5bp_one_way_slippage,0.0,False,0,S1_U2_filter_only_no_refill__R2_market_down,S1_U2_filter_only_no_refill,R2_market_down
20260319,5bp_one_way_slippage,0.0035735182623647943,True,6,S1_U2_filter_only_no_refill__R2_market_down,S1_U2_filter_only_no_refill,R2_market_down
20260320,5bp_one_way_slippage,-0.027100538752397096,True,2,S1_U2_filter_only_no_refill__R2_market_down,S1_U2_filter_only_no_refill,R2_market_down
20260323,5bp_one_way_slippage,0.02528190094975269,True,2,S1_U2_filter_only_no_refill__R2_market_down,S1_U2_filter_only_no_refill,R2_market_down
20260324,5bp_one_way_slippage,0.0,False,0,S1_U2_filter_only_no_refill__R2_market_down,S1_U2_filter_only_no_refill,R2_market_down
20260325,5bp_one_way_slippage,0.0,False,0,S1_U2_filter_only_no_refill__R2_market_down,S1_U2_filter_only_no_refill,R2_market_down
20260326,5bp_one_way_slippage,-0.007560234530582882,True,4,S1_U2_filter_only_no_refill__R2_market_down,S1_U2_filter_only_no_refill,R2_market_down
20260327,5bp_one_way_slippage,0.0,False,0,S1_U2_filter_only_no_refill__R2_market_down,S1_U2_filter_only_no_refill,R2_market_down
20260330,5bp_one_way_slippage,0.0,False,0,S1_U2_filter_only_no_refill__R2_market_down,S1_U2_filter_only_no_refill,R2_market_down
20260331,5bp_one_way_slippage,0.021313083540485334,True,1,S1_U2_filter_only_no_refill__R2_market_down,S1_U2_filter_only_no_refill,R2_market_down
20260401,5bp_one_way_slippage,0.0,False,0,S1_U2_filter_only_no_refill__R2_market_down,S1_U2_filter_only_no_refill,R2_market_down
20260402,5bp_one_way_slippage,-0.02592106527785054,True,4,S1_U2_filter_only_no_refill__R2_market_down,S1_U2_filter_only_no_refill,R2_market_down
20260403,5bp_one_way_slippage,-0.005249040915154879,True,1,S1_U2_filter_only_no_refill__R2_market_down,S1_U2_filter_only_no_refill,R2_market_down
20260407,5bp_one_way_slippage,0.0,False,0,S1_U2_filter_only_no_refill__R2_market_down,S1_U2_filter_only_no_refill,R2_market_down
20260408,5bp_one_way_slippage,0.0,False,0,S1_U2_filter_only_no_refill__R2_market_down,S1_U2_filter_only_no_refill,R2_market_down
20260409,5bp_one_way_slippage,0.01108626565819687,True,8,S1_U2_filter_only_no_refill__R2_market_down,S1_U2_filter_only_no_refill,R2_market_down
20260410,5bp_one_way_slippage,0.0,False,0,S1_U2_filter_only_no_refill__R2_market_down,S1_U2_filter_only_no_refill,R2_market_down
20260413,5bp_one_way_slippage,0.013958837269948239,True,9,S1_U2_filter_only_no_refill__R2_market_down,S1_U2_filter_only_no_refill,R2_market_down
20260414,5bp_one_way_slippage,0.0,False,0,S1_U2_filter_only_no_refill__R2_market_down,S1_U2_filter_only_no_refill,R2_market_down
20260415,5bp_one_way_slippage,0.026403883298706132,True,2,S1_U2_filter_only_no_refill__R2_market_down,S1_U2_filter_only_no_refill,R2_market_down
20260416,5bp_one_way_slippage,0.0,False,0,S1_U2_filter_only_no_refill__R2_market_down,S1_U2_filter_only_no_refill,R2_market_down
20260417,5bp_one_way_slippage,0.0171408479169972,True,9,S1_U2_filter_only_no_refill__R2_market_down,S1_U2_filter_only_no_refill,R2_market_down
20260420,5bp_one_way_slippage,0.0,False,0,S1_U2_filter_only_no_refill__R2_market_down,S1_U2_filter_only_no_refill,R2_market_down
20260421,5bp_one_way_slippage,-0.004018488048694435,True,10,S1_U2_filter_only_no_refill__R2_market_down,S1_U2_filter_only_no_refill,R2_market_down
20260422,5bp_one_way_slippage,0.0,False,0,S1_U2_filter_only_no_refill__R2_market_down,S1_U2_filter_only_no_refill,R2_market_down
20260423,5bp_one_way_slippage,-0.018343161699180044,True,1,S1_U2_filter_only_no_refill__R2_market_down,S1_U2_filter_only_no_refill,R2_market_down
20260424,5bp_one_way_slippage,0.00767603557980584,True,2,S1_U2_filter_only_no_refill__R2_market_down,S1_U2_filter_only_no_refill,R2_market_down
20260427,5bp_one_way_slippage,0.0,False,0,S1_U2_filter_only_no_refill__R2_market_down,S1_U2_filter_only_no_refill,R2_market_down
20260428,5bp_one_way_slippage,0.009916057794130998,True,3,S1_U2_filter_only_no_refill__R2_market_down,S1_U2_filter_only_no_refill,R2_market_down
20260429,5bp_one_way_slippage,0.0,False,0,S1_U2_filter_only_no_refill__R2_market_down,S1_U2_filter_only_no_refill,R2_market_down
20260430,5bp_one_way_slippage,0.0,False,0,S1_U2_filter_only_no_refill__R2_market_down,S1_U2_filter_only_no_refill,R2_market_down
20260506,5bp_one_way_slippage,0.0,False,0,S1_U2_filter_only_no_refill__R2_market_down,S1_U2_filter_only_no_refill,R2_market_down
20260507,5bp_one_way_slippage,0.0,False,0,S1_U2_filter_only_no_refill__R2_market_down,S1_U2_filter_only_no_refill,R2_market_down
20260508,5bp_one_way_slippage,0.0,False,0,S1_U2_filter_only_no_refill__R2_market_down,S1_U2_filter_only_no_refill,R2_market_down
20260511,5bp_one_way_slippage,0.0,False,0,S1_U2_filter_only_no_refill__R2_market_down,S1_U2_filter_only_no_refill,R2_market_down
20260512,5bp_one_way_slippage,-0.038352691823991036,True,2,S1_U2_filter_only_no_refill__R2_market_down,S1_U2_filter_only_no_refill,R2_market_down
20260513,5bp_one_way_slippage,0.0,False,0,S1_U2_filter_only_no_refill__R2_market_down,S1_U2_filter_only_no_refill,R2_market_down
20260514,5bp_one_way_slippage,0.0012919207401922799,True,3,S1_U2_filter_only_no_refill__R2_market_down,S1_U2_filter_only_no_refill,R2_market_down
20260515,5bp_one_way_slippage,-0.002233687762138551,True,7,S1_U2_filter_only_no_refill__R2_market_down,S1_U2_filter_only_no_refill,R2_market_down
20260518,5bp_one_way_slippage,-0.009701979091243929,True,7,S1_U2_filter_only_no_refill__R2_market_down,S1_U2_filter_only_no_refill,R2_market_down
20260519,5bp_one_way_slippage,0.0,False,0,S1_U2_filter_only_no_refill__R2_market_down,S1_U2_filter_only_no_refill,R2_market_down
20260520,5bp_one_way_slippage,0.017224973447833542,True,9,S1_U2_filter_only_no_refill__R2_market_down,S1_U2_filter_only_no_refill,R2_market_down
20260224,10bp_one_way_slippage,0.0,False,0,S1_U2_filter_only_no_refill__R2_market_down,S1_U2_filter_only_no_refill,R2_market_down
20260225,10bp_one_way_slippage,0.0,False,0,S1_U2_filter_only_no_refill__R2_market_down,S1_U2_filter_only_no_refill,R2_market_down
20260226,10bp_one_way_slippage,0.001097834347043383,True,9,S1_U2_filter_only_no_refill__R2_market_down,S1_U2_filter_only_no_refill,R2_market_down
20260227,10bp_one_way_slippage,0.0,False,0,S1_U2_filter_only_no_refill__R2_market_down,S1_U2_filter_only_no_refill,R2_market_down
20260302,10bp_one_way_slippage,-0.010928067265301464,True,9,S1_U2_filter_only_no_refill__R2_market_down,S1_U2_filter_only_no_refill,R2_market_down
20260303,10bp_one_way_slippage,0.005664035758879682,True,5,S1_U2_filter_only_no_refill__R2_market_down,S1_U2_filter_only_no_refill,R2_market_down
20260304,10bp_one_way_slippage,0.016030089262170897,True,7,S1_U2_filter_only_no_refill__R2_market_down,S1_U2_filter_only_no_refill,R2_market_down
20260305,10bp_one_way_slippage,0.0,False,0,S1_U2_filter_only_no_refill__R2_market_down,S1_U2_filter_only_no_refill,R2_market_down
20260306,10bp_one_way_slippage,0.0,False,0,S1_U2_filter_only_no_refill__R2_market_down,S1_U2_filter_only_no_refill,R2_market_down
20260309,10bp_one_way_slippage,0.02882076615514843,True,6,S1_U2_filter_only_no_refill__R2_market_down,S1_U2_filter_only_no_refill,R2_market_down
20260310,10bp_one_way_slippage,0.0,False,0,S1_U2_filter_only_no_refill__R2_market_down,S1_U2_filter_only_no_refill,R2_market_down
20260311,10bp_one_way_slippage,-0.004320663189728791,True,10,S1_U2_filter_only_no_refill__R2_market_down,S1_U2_filter_only_no_refill,R2_market_down
20260312,10bp_one_way_slippage,-0.005261735668583373,True,8,S1_U2_filter_only_no_refill__R2_market_down,S1_U2_filter_only_no_refill,R2_market_down
20260313,10bp_one_way_slippage,-0.007271468838601699,True,7,S1_U2_filter_only_no_refill__R2_market_down,S1_U2_filter_only_no_refill,R2_market_down
20260316,10bp_one_way_slippage,0.0,False,0,S1_U2_filter_only_no_refill__R2_market_down,S1_U2_filter_only_no_refill,R2_market_down
20260317,10bp_one_way_slippage,0.0028059306181147936,True,4,S1_U2_filter_only_no_refill__R2_market_down,S1_U2_filter_only_no_refill,R2_market_down
20260318,10bp_one_way_slippage,0.0,False,0,S1_U2_filter_only_no_refill__R2_market_down,S1_U2_filter_only_no_refill,R2_market_down
20260319,10bp_one_way_slippage,0.0025701940697879047,True,6,S1_U2_filter_only_no_refill__R2_market_down,S1_U2_filter_only_no_refill,R2_market_down
20260320,10bp_one_way_slippage,-0.028073196508557052,True,2,S1_U2_filter_only_no_refill__R2_market_down,S1_U2_filter_only_no_refill,R2_market_down
20260323,10bp_one_way_slippage,0.02425687376767305,True,2,S1_U2_filter_only_no_refill__R2_market_down,S1_U2_filter_only_no_refill,R2_market_down
20260324,10bp_one_way_slippage,0.0,False,0,S1_U2_filter_only_no_refill__R2_market_down,S1_U2_filter_only_no_refill,R2_market_down
20260325,10bp_one_way_slippage,0.0,False,0,S1_U2_filter_only_no_refill__R2_market_down,S1_U2_filter_only_no_refill,R2_market_down
20260326,10bp_one_way_slippage,-0.008552427736412849,True,4,S1_U2_filter_only_no_refill__R2_market_down,S1_U2_filter_only_no_refill,R2_market_down
20260327,10bp_one_way_slippage,0.0,False,0,S1_U2_filter_only_no_refill__R2_market_down,S1_U2_filter_only_no_refill,R2_market_down
20260330,10bp_one_way_slippage,0.0,False,0,S1_U2_filter_only_no_refill__R2_market_down,S1_U2_filter_only_no_refill,R2_market_down
20260331,10bp_one_way_slippage,0.020292024189810354,True,1,S1_U2_filter_only_no_refill__R2_market_down,S1_U2_filter_only_no_refill,R2_market_down
20260401,10bp_one_way_slippage,0.0,False,0,S1_U2_filter_only_no_refill__R2_market_down,S1_U2_filter_only_no_refill,R2_market_down
20260402,10bp_one_way_slippage,-0.026894902214459254,True,4,S1_U2_filter_only_no_refill__R2_market_down,S1_U2_filter_only_no_refill,R2_market_down
20260403,10bp_one_way_slippage,-0.006243544740412221,True,1,S1_U2_filter_only_no_refill__R2_market_down,S1_U2_filter_only_no_refill,R2_market_down
20260407,10bp_one_way_slippage,0.0,False,0,S1_U2_filter_only_no_refill__R2_market_down,S1_U2_filter_only_no_refill,R2_market_down
20260408,10bp_one_way_slippage,0.0,False,0,S1_U2_filter_only_no_refill__R2_market_down,S1_U2_filter_only_no_refill,R2_market_down
20260409,10bp_one_way_slippage,0.010075430584675263,True,8,S1_U2_filter_only_no_refill__R2_market_down,S1_U2_filter_only_no_refill,R2_market_down
20260410,10bp_one_way_slippage,0.0,False,0,S1_U2_filter_only_no_refill__R2_market_down,S1_U2_filter_only_no_refill,R2_market_down
20260413,10bp_one_way_slippage,0.012945130338470593,True,9,S1_U2_filter_only_no_refill__R2_market_down,S1_U2_filter_only_no_refill,R2_market_down
20260414,10bp_one_way_slippage,0.0,False,0,S1_U2_filter_only_no_refill__R2_market_down,S1_U2_filter_only_no_refill,R2_market_down
20260415,10bp_one_way_slippage,0.025377734413020714,True,2,S1_U2_filter_only_no_refill__R2_market_down,S1_U2_filter_only_no_refill,R2_market_down
20260416,10bp_one_way_slippage,0.0,False,0,S1_U2_filter_only_no_refill__R2_market_down,S1_U2_filter_only_no_refill,R2_market_down
20260417,10bp_one_way_slippage,0.01612395976540446,True,9,S1_U2_filter_only_no_refill__R2_market_down,S1_U2_filter_only_no_refill,R2_market_down
20260420,10bp_one_way_slippage,0.0,False,0,S1_U2_filter_only_no_refill__R2_market_down,S1_U2_filter_only_no_refill,R2_market_down
20260421,10bp_one_way_slippage,-0.005014222121102263,True,10,S1_U2_filter_only_no_refill__R2_market_down,S1_U2_filter_only_no_refill,R2_market_down
20260422,10bp_one_way_slippage,0.0,False,0,S1_U2_filter_only_no_refill__R2_market_down,S1_U2_filter_only_no_refill,R2_market_down
20260423,10bp_one_way_slippage,-0.019324574656728988,True,1,S1_U2_filter_only_no_refill__R2_market_down,S1_U2_filter_only_no_refill,R2_market_down
20260424,10bp_one_way_slippage,0.006668609889132482,True,2,S1_U2_filter_only_no_refill__R2_market_down,S1_U2_filter_only_no_refill,R2_market_down
20260427,10bp_one_way_slippage,0.0,False,0,S1_U2_filter_only_no_refill__R2_market_down,S1_U2_filter_only_no_refill,R2_market_down
20260428,10bp_one_way_slippage,0.008906392637749469,True,3,S1_U2_filter_only_no_refill__R2_market_down,S1_U2_filter_only_no_refill,R2_market_down
20260429,10bp_one_way_slippage,0.0,False,0,S1_U2_filter_only_no_refill__R2_market_down,S1_U2_filter_only_no_refill,R2_market_down
20260430,10bp_one_way_slippage,0.0,False,0,S1_U2_filter_only_no_refill__R2_market_down,S1_U2_filter_only_no_refill,R2_market_down
20260506,10bp_one_way_slippage,0.0,False,0,S1_U2_filter_only_no_refill__R2_market_down,S1_U2_filter_only_no_refill,R2_market_down
20260507,10bp_one_way_slippage,0.0,False,0,S1_U2_filter_only_no_refill__R2_market_down,S1_U2_filter_only_no_refill,R2_market_down
20260508,10bp_one_way_slippage,0.0,False,0,S1_U2_filter_only_no_refill__R2_market_down,S1_U2_filter_only_no_refill,R2_market_down
20260511,10bp_one_way_slippage,0.0,False,0,S1_U2_filter_only_no_refill__R2_market_down,S1_U2_filter_only_no_refill,R2_market_down
20260512,10bp_one_way_slippage,-0.039314100222540616,True,2,S1_U2_filter_only_no_refill__R2_market_down,S1_U2_filter_only_no_refill,R2_market_down
20260513,10bp_one_way_slippage,0.0,False,0,S1_U2_filter_only_no_refill__R2_market_down,S1_U2_filter_only_no_refill,R2_market_down
20260514,10bp_one_way_slippage,0.00029087757830237315,True,3,S1_U2_filter_only_no_refill__R2_market_down,S1_U2_filter_only_no_refill,R2_market_down
20260515,10bp_one_way_slippage,-0.0032312061914208734,True,7,S1_U2_filter_only_no_refill__R2_market_down,S1_U2_filter_only_no_refill,R2_market_down
20260518,10bp_one_way_slippage,-0.010692031084603704,True,7,S1_U2_filter_only_no_refill__R2_market_down,S1_U2_filter_only_no_refill,R2_market_down
20260519,10bp_one_way_slippage,0.0,False,0,S1_U2_filter_only_no_refill__R2_market_down,S1_U2_filter_only_no_refill,R2_market_down
20260520,10bp_one_way_slippage,0.016208001191609873,True,9,S1_U2_filter_only_no_refill__R2_market_down,S1_U2_filter_only_no_refill,R2_market_down
20260224,10bp_slippage_plus_impact,0.0,False,0,S1_U2_filter_only_no_refill__R2_market_down,S1_U2_filter_only_no_refill,R2_market_down
20260225,10bp_slippage_plus_impact,0.0,False,0,S1_U2_filter_only_no_refill__R2_market_down,S1_U2_filter_only_no_refill,R2_market_down
20260226,10bp_slippage_plus_impact,0.0009678367759618808,True,9,S1_U2_filter_only_no_refill__R2_market_down,S1_U2_filter_only_no_refill,R2_market_down
20260227,10bp_slippage_plus_impact,0.0,False,0,S1_U2_filter_only_no_refill__R2_market_down,S1_U2_filter_only_no_refill,R2_market_down
20260302,10bp_slippage_plus_impact,-0.010970736497406097,True,9,S1_U2_filter_only_no_refill__R2_market_down,S1_U2_filter_only_no_refill,R2_market_down
20260303,10bp_slippage_plus_impact,0.005476270351061641,True,5,S1_U2_filter_only_no_refill__R2_market_down,S1_U2_filter_only_no_refill,R2_market_down
20260304,10bp_slippage_plus_impact,0.01590652152888031,True,7,S1_U2_filter_only_no_refill__R2_market_down,S1_U2_filter_only_no_refill,R2_market_down
20260305,10bp_slippage_plus_impact,0.0,False,0,S1_U2_filter_only_no_refill__R2_market_down,S1_U2_filter_only_no_refill,R2_market_down
20260306,10bp_slippage_plus_impact,0.0,False,0,S1_U2_filter_only_no_refill__R2_market_down,S1_U2_filter_only_no_refill,R2_market_down
20260309,10bp_slippage_plus_impact,0.028669755864734674,True,6,S1_U2_filter_only_no_refill__R2_market_down,S1_U2_filter_only_no_refill,R2_market_down
20260310,10bp_slippage_plus_impact,0.0,False,0,S1_U2_filter_only_no_refill__R2_market_down,S1_U2_filter_only_no_refill,R2_market_down
20260311,10bp_slippage_plus_impact,-0.004387774727561855,True,10,S1_U2_filter_only_no_refill__R2_market_down,S1_U2_filter_only_no_refill,R2_market_down
20260312,10bp_slippage_plus_impact,-0.005387859181251148,True,8,S1_U2_filter_only_no_refill__R2_market_down,S1_U2_filter_only_no_refill,R2_market_down
20260313,10bp_slippage_plus_impact,-0.007477999058507482,True,7,S1_U2_filter_only_no_refill__R2_market_down,S1_U2_filter_only_no_refill,R2_market_down
20260316,10bp_slippage_plus_impact,0.0,False,0,S1_U2_filter_only_no_refill__R2_market_down,S1_U2_filter_only_no_refill,R2_market_down
20260317,10bp_slippage_plus_impact,0.0025508762723931155,True,4,S1_U2_filter_only_no_refill__R2_market_down,S1_U2_filter_only_no_refill,R2_market_down
20260318,10bp_slippage_plus_impact,0.0,False,0,S1_U2_filter_only_no_refill__R2_market_down,S1_U2_filter_only_no_refill,R2_market_down
20260319,10bp_slippage_plus_impact,0.002333081145626544,True,6,S1_U2_filter_only_no_refill__R2_market_down,S1_U2_filter_only_no_refill,R2_market_down
20260320,10bp_slippage_plus_impact,-0.028233036201437633,True,2,S1_U2_filter_only_no_refill__R2_market_down,S1_U2_filter_only_no_refill,R2_market_down
20260323,10bp_slippage_plus_impact,0.024080559810702562,True,2,S1_U2_filter_only_no_refill__R2_market_down,S1_U2_filter_only_no_refill,R2_market_down
20260324,10bp_slippage_plus_impact,0.0,False,0,S1_U2_filter_only_no_refill__R2_market_down,S1_U2_filter_only_no_refill,R2_market_down
20260325,10bp_slippage_plus_impact,0.0,False,0,S1_U2_filter_only_no_refill__R2_market_down,S1_U2_filter_only_no_refill,R2_market_down
20260326,10bp_slippage_plus_impact,-0.008803420718462407,True,4,S1_U2_filter_only_no_refill__R2_market_down,S1_U2_filter_only_no_refill,R2_market_down
20260327,10bp_slippage_plus_impact,0.0,False,0,S1_U2_filter_only_no_refill__R2_market_down,S1_U2_filter_only_no_refill,R2_market_down
20260330,10bp_slippage_plus_impact,0.0,False,0,S1_U2_filter_only_no_refill__R2_market_down,S1_U2_filter_only_no_refill,R2_market_down
20260331,10bp_slippage_plus_impact,0.020086146959470197,True,1,S1_U2_filter_only_no_refill__R2_market_down,S1_U2_filter_only_no_refill,R2_market_down
20260401,10bp_slippage_plus_impact,0.0,False,0,S1_U2_filter_only_no_refill__R2_market_down,S1_U2_filter_only_no_refill,R2_market_down
20260402,10bp_slippage_plus_impact,-0.027004263910243465,True,4,S1_U2_filter_only_no_refill__R2_market_down,S1_U2_filter_only_no_refill,R2_market_down
20260403,10bp_slippage_plus_impact,-0.006386689696696868,True,1,S1_U2_filter_only_no_refill__R2_market_down,S1_U2_filter_only_no_refill,R2_market_down
20260407,10bp_slippage_plus_impact,0.0,False,0,S1_U2_filter_only_no_refill__R2_market_down,S1_U2_filter_only_no_refill,R2_market_down
20260408,10bp_slippage_plus_impact,0.0,False,0,S1_U2_filter_only_no_refill__R2_market_down,S1_U2_filter_only_no_refill,R2_market_down
20260409,10bp_slippage_plus_impact,0.00997540005144383,True,8,S1_U2_filter_only_no_refill__R2_market_down,S1_U2_filter_only_no_refill,R2_market_down
20260410,10bp_slippage_plus_impact,0.0,False,0,S1_U2_filter_only_no_refill__R2_market_down,S1_U2_filter_only_no_refill,R2_market_down
20260413,10bp_slippage_plus_impact,0.012831824242362906,True,9,S1_U2_filter_only_no_refill__R2_market_down,S1_U2_filter_only_no_refill,R2_market_down
20260414,10bp_slippage_plus_impact,0.0,False,0,S1_U2_filter_only_no_refill__R2_market_down,S1_U2_filter_only_no_refill,R2_market_down
20260415,10bp_slippage_plus_impact,0.025116657163307132,True,2,S1_U2_filter_only_no_refill__R2_market_down,S1_U2_filter_only_no_refill,R2_market_down
20260416,10bp_slippage_plus_impact,0.0,False,0,S1_U2_filter_only_no_refill__R2_market_down,S1_U2_filter_only_no_refill,R2_market_down
20260417,10bp_slippage_plus_impact,0.015994063400544014,True,9,S1_U2_filter_only_no_refill__R2_market_down,S1_U2_filter_only_no_refill,R2_market_down
20260420,10bp_slippage_plus_impact,0.0,False,0,S1_U2_filter_only_no_refill__R2_market_down,S1_U2_filter_only_no_refill,R2_market_down
20260421,10bp_slippage_plus_impact,-0.005102511886980932,True,10,S1_U2_filter_only_no_refill__R2_market_down,S1_U2_filter_only_no_refill,R2_market_down
20260422,10bp_slippage_plus_impact,0.0,False,0,S1_U2_filter_only_no_refill__R2_market_down,S1_U2_filter_only_no_refill,R2_market_down
20260423,10bp_slippage_plus_impact,-0.01955902920488728,True,1,S1_U2_filter_only_no_refill__R2_market_down,S1_U2_filter_only_no_refill,R2_market_down
20260424,10bp_slippage_plus_impact,0.006588962419188105,True,2,S1_U2_filter_only_no_refill__R2_market_down,S1_U2_filter_only_no_refill,R2_market_down
20260427,10bp_slippage_plus_impact,0.0,False,0,S1_U2_filter_only_no_refill__R2_market_down,S1_U2_filter_only_no_refill,R2_market_down
20260428,10bp_slippage_plus_impact,0.008733193784869883,True,3,S1_U2_filter_only_no_refill__R2_market_down,S1_U2_filter_only_no_refill,R2_market_down
20260429,10bp_slippage_plus_impact,0.0,False,0,S1_U2_filter_only_no_refill__R2_market_down,S1_U2_filter_only_no_refill,R2_market_down
20260430,10bp_slippage_plus_impact,0.0,False,0,S1_U2_filter_only_no_refill__R2_market_down,S1_U2_filter_only_no_refill,R2_market_down
20260506,10bp_slippage_plus_impact,0.0,False,0,S1_U2_filter_only_no_refill__R2_market_down,S1_U2_filter_only_no_refill,R2_market_down
20260507,10bp_slippage_plus_impact,0.0,False,0,S1_U2_filter_only_no_refill__R2_market_down,S1_U2_filter_only_no_refill,R2_market_down
20260508,10bp_slippage_plus_impact,0.0,False,0,S1_U2_filter_only_no_refill__R2_market_down,S1_U2_filter_only_no_refill,R2_market_down
20260511,10bp_slippage_plus_impact,0.0,False,0,S1_U2_filter_only_no_refill__R2_market_down,S1_U2_filter_only_no_refill,R2_market_down
20260512,10bp_slippage_plus_impact,-0.039387509810122456,True,2,S1_U2_filter_only_no_refill__R2_market_down,S1_U2_filter_only_no_refill,R2_market_down
20260513,10bp_slippage_plus_impact,0.0,False,0,S1_U2_filter_only_no_refill__R2_market_down,S1_U2_filter_only_no_refill,R2_market_down
20260514,10bp_slippage_plus_impact,0.00016819639360288186,True,3,S1_U2_filter_only_no_refill__R2_market_down,S1_U2_filter_only_no_refill,R2_market_down
20260515,10bp_slippage_plus_impact,-0.003317774341006013,True,7,S1_U2_filter_only_no_refill__R2_market_down,S1_U2_filter_only_no_refill,R2_market_down
20260518,10bp_slippage_plus_impact,-0.010813856535887687,True,7,S1_U2_filter_only_no_refill__R2_market_down,S1_U2_filter_only_no_refill,R2_market_down
20260519,10bp_slippage_plus_impact,0.0,False,0,S1_U2_filter_only_no_refill__R2_market_down,S1_U2_filter_only_no_refill,R2_market_down
20260520,10bp_slippage_plus_impact,0.016125111392262026,True,9,S1_U2_filter_only_no_refill__R2_market_down,S1_U2_filter_only_no_refill,R2_market_down
20260224,5bp_one_way_slippage,0.007049807959140142,True,5,S1_U2_filter_only_no_refill__R3_low_tail_vol,S1_U2_filter_only_no_refill,R3_low_tail_vol
20260225,5bp_one_way_slippage,0.0,False,0,S1_U2_filter_only_no_refill__R3_low_tail_vol,S1_U2_filter_only_no_refill,R3_low_tail_vol
20260226,5bp_one_way_slippage,0.0020996850725864486,True,9,S1_U2_filter_only_no_refill__R3_low_tail_vol,S1_U2_filter_only_no_refill,R3_low_tail_vol
20260227,5bp_one_way_slippage,0.0,False,0,S1_U2_filter_only_no_refill__R3_low_tail_vol,S1_U2_filter_only_no_refill,R3_low_tail_vol
20260302,5bp_one_way_slippage,0.0,False,0,S1_U2_filter_only_no_refill__R3_low_tail_vol,S1_U2_filter_only_no_refill,R3_low_tail_vol
20260303,5bp_one_way_slippage,0.0,False,0,S1_U2_filter_only_no_refill__R3_low_tail_vol,S1_U2_filter_only_no_refill,R3_low_tail_vol
20260304,5bp_one_way_slippage,0.0,False,0,S1_U2_filter_only_no_refill__R3_low_tail_vol,S1_U2_filter_only_no_refill,R3_low_tail_vol
20260305,5bp_one_way_slippage,0.0,False,0,S1_U2_filter_only_no_refill__R3_low_tail_vol,S1_U2_filter_only_no_refill,R3_low_tail_vol
20260306,5bp_one_way_slippage,0.0,False,0,S1_U2_filter_only_no_refill__R3_low_tail_vol,S1_U2_filter_only_no_refill,R3_low_tail_vol
20260309,5bp_one_way_slippage,0.0,False,0,S1_U2_filter_only_no_refill__R3_low_tail_vol,S1_U2_filter_only_no_refill,R3_low_tail_vol
20260310,5bp_one_way_slippage,0.0005548833872862369,True,4,S1_U2_filter_only_no_refill__R3_low_tail_vol,S1_U2_filter_only_no_refill,R3_low_tail_vol
20260311,5bp_one_way_slippage,0.0,False,0,S1_U2_filter_only_no_refill__R3_low_tail_vol,S1_U2_filter_only_no_refill,R3_low_tail_vol
20260312,5bp_one_way_slippage,-0.004266249295869495,True,8,S1_U2_filter_only_no_refill__R3_low_tail_vol,S1_U2_filter_only_no_refill,R3_low_tail_vol
20260313,5bp_one_way_slippage,-0.006277993710508903,True,7,S1_U2_filter_only_no_refill__R3_low_tail_vol,S1_U2_filter_only_no_refill,R3_low_tail_vol
20260316,5bp_one_way_slippage,0.0007551812003478098,True,10,S1_U2_filter_only_no_refill__R3_low_tail_vol,S1_U2_filter_only_no_refill,R3_low_tail_vol
20260317,5bp_one_way_slippage,0.0,False,0,S1_U2_filter_only_no_refill__R3_low_tail_vol,S1_U2_filter_only_no_refill,R3_low_tail_vol
20260318,5bp_one_way_slippage,-0.020478671771097922,True,5,S1_U2_filter_only_no_refill__R3_low_tail_vol,S1_U2_filter_only_no_refill,R3_low_tail_vol
20260319,5bp_one_way_slippage,0.0035735182623647943,True,6,S1_U2_filter_only_no_refill__R3_low_tail_vol,S1_U2_filter_only_no_refill,R3_low_tail_vol
20260320,5bp_one_way_slippage,0.0,False,0,S1_U2_filter_only_no_refill__R3_low_tail_vol,S1_U2_filter_only_no_refill,R3_low_tail_vol
20260323,5bp_one_way_slippage,0.0,False,0,S1_U2_filter_only_no_refill__R3_low_tail_vol,S1_U2_filter_only_no_refill,R3_low_tail_vol
20260324,5bp_one_way_slippage,0.0,False,0,S1_U2_filter_only_no_refill__R3_low_tail_vol,S1_U2_filter_only_no_refill,R3_low_tail_vol
20260325,5bp_one_way_slippage,-0.00783088650392021,True,5,S1_U2_filter_only_no_refill__R3_low_tail_vol,S1_U2_filter_only_no_refill,R3_low_tail_vol
20260326,5bp_one_way_slippage,-0.007560234530582882,True,4,S1_U2_filter_only_no_refill__R3_low_tail_vol,S1_U2_filter_only_no_refill,R3_low_tail_vol
20260327,5bp_one_way_slippage,-0.015841431325242628,True,7,S1_U2_filter_only_no_refill__R3_low_tail_vol,S1_U2_filter_only_no_refill,R3_low_tail_vol
20260330,5bp_one_way_slippage,0.011078726358593902,True,8,S1_U2_filter_only_no_refill__R3_low_tail_vol,S1_U2_filter_only_no_refill,R3_low_tail_vol
20260331,5bp_one_way_slippage,0.021313083540485334,True,1,S1_U2_filter_only_no_refill__R3_low_tail_vol,S1_U2_filter_only_no_refill,R3_low_tail_vol
20260401,5bp_one_way_slippage,0.0,False,0,S1_U2_filter_only_no_refill__R3_low_tail_vol,S1_U2_filter_only_no_refill,R3_low_tail_vol
20260402,5bp_one_way_slippage,-0.02592106527785054,True,4,S1_U2_filter_only_no_refill__R3_low_tail_vol,S1_U2_filter_only_no_refill,R3_low_tail_vol
20260403,5bp_one_way_slippage,-0.005249040915154879,True,1,S1_U2_filter_only_no_refill__R3_low_tail_vol,S1_U2_filter_only_no_refill,R3_low_tail_vol
20260407,5bp_one_way_slippage,0.03363667943106527,True,8,S1_U2_filter_only_no_refill__R3_low_tail_vol,S1_U2_filter_only_no_refill,R3_low_tail_vol
20260408,5bp_one_way_slippage,-0.019647834747264517,True,9,S1_U2_filter_only_no_refill__R3_low_tail_vol,S1_U2_filter_only_no_refill,R3_low_tail_vol
20260409,5bp_one_way_slippage,0.01108626565819687,True,8,S1_U2_filter_only_no_refill__R3_low_tail_vol,S1_U2_filter_only_no_refill,R3_low_tail_vol
20260410,5bp_one_way_slippage,0.009676130987428573,True,7,S1_U2_filter_only_no_refill__R3_low_tail_vol,S1_U2_filter_only_no_refill,R3_low_tail_vol
20260413,5bp_one_way_slippage,0.013958837269948239,True,9,S1_U2_filter_only_no_refill__R3_low_tail_vol,S1_U2_filter_only_no_refill,R3_low_tail_vol
20260414,5bp_one_way_slippage,0.0,False,0,S1_U2_filter_only_no_refill__R3_low_tail_vol,S1_U2_filter_only_no_refill,R3_low_tail_vol
20260415,5bp_one_way_slippage,0.026403883298706132,True,2,S1_U2_filter_only_no_refill__R3_low_tail_vol,S1_U2_filter_only_no_refill,R3_low_tail_vol
20260416,5bp_one_way_slippage,-0.008277268196903331,True,2,S1_U2_filter_only_no_refill__R3_low_tail_vol,S1_U2_filter_only_no_refill,R3_low_tail_vol
20260417,5bp_one_way_slippage,0.0171408479169972,True,9,S1_U2_filter_only_no_refill__R3_low_tail_vol,S1_U2_filter_only_no_refill,R3_low_tail_vol
20260420,5bp_one_way_slippage,0.0002319056210503915,True,6,S1_U2_filter_only_no_refill__R3_low_tail_vol,S1_U2_filter_only_no_refill,R3_low_tail_vol
20260421,5bp_one_way_slippage,0.0,False,0,S1_U2_filter_only_no_refill__R3_low_tail_vol,S1_U2_filter_only_no_refill,R3_low_tail_vol
20260422,5bp_one_way_slippage,0.005118806669433984,True,8,S1_U2_filter_only_no_refill__R3_low_tail_vol,S1_U2_filter_only_no_refill,R3_low_tail_vol
20260423,5bp_one_way_slippage,0.0,False,0,S1_U2_filter_only_no_refill__R3_low_tail_vol,S1_U2_filter_only_no_refill,R3_low_tail_vol
20260424,5bp_one_way_slippage,0.0,False,0,S1_U2_filter_only_no_refill__R3_low_tail_vol,S1_U2_filter_only_no_refill,R3_low_tail_vol
20260427,5bp_one_way_slippage,-0.0037944334859796314,True,4,S1_U2_filter_only_no_refill__R3_low_tail_vol,S1_U2_filter_only_no_refill,R3_low_tail_vol
20260428,5bp_one_way_slippage,0.0,False,0,S1_U2_filter_only_no_refill__R3_low_tail_vol,S1_U2_filter_only_no_refill,R3_low_tail_vol
20260429,5bp_one_way_slippage,0.025268918853650346,True,5,S1_U2_filter_only_no_refill__R3_low_tail_vol,S1_U2_filter_only_no_refill,R3_low_tail_vol
20260430,5bp_one_way_slippage,0.0,False,0,S1_U2_filter_only_no_refill__R3_low_tail_vol,S1_U2_filter_only_no_refill,R3_low_tail_vol
20260506,5bp_one_way_slippage,-0.01615003983464397,True,2,S1_U2_filter_only_no_refill__R3_low_tail_vol,S1_U2_filter_only_no_refill,R3_low_tail_vol
20260507,5bp_one_way_slippage,0.0095575737741464,True,2,S1_U2_filter_only_no_refill__R3_low_tail_vol,S1_U2_filter_only_no_refill,R3_low_tail_vol
20260508,5bp_one_way_slippage,0.0,False,0,S1_U2_filter_only_no_refill__R3_low_tail_vol,S1_U2_filter_only_no_refill,R3_low_tail_vol
20260511,5bp_one_way_slippage,0.0,False,0,S1_U2_filter_only_no_refill__R3_low_tail_vol,S1_U2_filter_only_no_refill,R3_low_tail_vol
20260512,5bp_one_way_slippage,0.0,False,0,S1_U2_filter_only_no_refill__R3_low_tail_vol,S1_U2_filter_only_no_refill,R3_low_tail_vol
20260513,5bp_one_way_slippage,0.0,False,0,S1_U2_filter_only_no_refill__R3_low_tail_vol,S1_U2_filter_only_no_refill,R3_low_tail_vol
20260514,5bp_one_way_slippage,0.0,False,0,S1_U2_filter_only_no_refill__R3_low_tail_vol,S1_U2_filter_only_no_refill,R3_low_tail_vol
20260515,5bp_one_way_slippage,0.0,False,0,S1_U2_filter_only_no_refill__R3_low_tail_vol,S1_U2_filter_only_no_refill,R3_low_tail_vol
20260518,5bp_one_way_slippage,0.0,False,0,S1_U2_filter_only_no_refill__R3_low_tail_vol,S1_U2_filter_only_no_refill,R3_low_tail_vol
20260519,5bp_one_way_slippage,0.0,False,0,S1_U2_filter_only_no_refill__R3_low_tail_vol,S1_U2_filter_only_no_refill,R3_low_tail_vol
20260520,5bp_one_way_slippage,0.0,False,0,S1_U2_filter_only_no_refill__R3_low_tail_vol,S1_U2_filter_only_no_refill,R3_low_tail_vol
20260224,10bp_one_way_slippage,0.006043008340508571,True,5,S1_U2_filter_only_no_refill__R3_low_tail_vol,S1_U2_filter_only_no_refill,R3_low_tail_vol
20260225,10bp_one_way_slippage,0.0,False,0,S1_U2_filter_only_no_refill__R3_low_tail_vol,S1_U2_filter_only_no_refill,R3_low_tail_vol
20260226,10bp_one_way_slippage,0.001097834347043383,True,9,S1_U2_filter_only_no_refill__R3_low_tail_vol,S1_U2_filter_only_no_refill,R3_low_tail_vol
20260227,10bp_one_way_slippage,0.0,False,0,S1_U2_filter_only_no_refill__R3_low_tail_vol,S1_U2_filter_only_no_refill,R3_low_tail_vol
20260302,10bp_one_way_slippage,0.0,False,0,S1_U2_filter_only_no_refill__R3_low_tail_vol,S1_U2_filter_only_no_refill,R3_low_tail_vol
20260303,10bp_one_way_slippage,0.0,False,0,S1_U2_filter_only_no_refill__R3_low_tail_vol,S1_U2_filter_only_no_refill,R3_low_tail_vol
20260304,10bp_one_way_slippage,0.0,False,0,S1_U2_filter_only_no_refill__R3_low_tail_vol,S1_U2_filter_only_no_refill,R3_low_tail_vol
20260305,10bp_one_way_slippage,0.0,False,0,S1_U2_filter_only_no_refill__R3_low_tail_vol,S1_U2_filter_only_no_refill,R3_low_tail_vol
20260306,10bp_one_way_slippage,0.0,False,0,S1_U2_filter_only_no_refill__R3_low_tail_vol,S1_U2_filter_only_no_refill,R3_low_tail_vol
20260309,10bp_one_way_slippage,0.0,False,0,S1_U2_filter_only_no_refill__R3_low_tail_vol,S1_U2_filter_only_no_refill,R3_low_tail_vol
20260310,10bp_one_way_slippage,-0.00044542292035884556,True,4,S1_U2_filter_only_no_refill__R3_low_tail_vol,S1_U2_filter_only_no_refill,R3_low_tail_vol
20260311,10bp_one_way_slippage,0.0,False,0,S1_U2_filter_only_no_refill__R3_low_tail_vol,S1_U2_filter_only_no_refill,R3_low_tail_vol
20260312,10bp_one_way_slippage,-0.005261735668583373,True,8,S1_U2_filter_only_no_refill__R3_low_tail_vol,S1_U2_filter_only_no_refill,R3_low_tail_vol
20260313,10bp_one_way_slippage,-0.007271468838601699,True,7,S1_U2_filter_only_no_refill__R3_low_tail_vol,S1_U2_filter_only_no_refill,R3_low_tail_vol
20260316,10bp_one_way_slippage,-0.00024532535534874664,True,10,S1_U2_filter_only_no_refill__R3_low_tail_vol,S1_U2_filter_only_no_refill,R3_low_tail_vol
20260317,10bp_one_way_slippage,0.0,False,0,S1_U2_filter_only_no_refill__R3_low_tail_vol,S1_U2_filter_only_no_refill,R3_low_tail_vol
20260318,10bp_one_way_slippage,-0.02145794974911659,True,5,S1_U2_filter_only_no_refill__R3_low_tail_vol,S1_U2_filter_only_no_refill,R3_low_tail_vol
20260319,10bp_one_way_slippage,0.0025701940697879047,True,6,S1_U2_filter_only_no_refill__R3_low_tail_vol,S1_U2_filter_only_no_refill,R3_low_tail_vol
20260320,10bp_one_way_slippage,0.0,False,0,S1_U2_filter_only_no_refill__R3_low_tail_vol,S1_U2_filter_only_no_refill,R3_low_tail_vol
20260323,10bp_one_way_slippage,0.0,False,0,S1_U2_filter_only_no_refill__R3_low_tail_vol,S1_U2_filter_only_no_refill,R3_low_tail_vol
20260324,10bp_one_way_slippage,0.0,False,0,S1_U2_filter_only_no_refill__R3_low_tail_vol,S1_U2_filter_only_no_refill,R3_low_tail_vol
20260325,10bp_one_way_slippage,-0.008822809125016984,True,5,S1_U2_filter_only_no_refill__R3_low_tail_vol,S1_U2_filter_only_no_refill,R3_low_tail_vol
20260326,10bp_one_way_slippage,-0.008552427736412849,True,4,S1_U2_filter_only_no_refill__R3_low_tail_vol,S1_U2_filter_only_no_refill,R3_low_tail_vol
20260327,10bp_one_way_slippage,-0.01682534539164095,True,7,S1_U2_filter_only_no_refill__R3_low_tail_vol,S1_U2_filter_only_no_refill,R3_low_tail_vol
20260330,10bp_one_way_slippage,0.010067898822498936,True,8,S1_U2_filter_only_no_refill__R3_low_tail_vol,S1_U2_filter_only_no_refill,R3_low_tail_vol
20260331,10bp_one_way_slippage,0.020292024189810354,True,1,S1_U2_filter_only_no_refill__R3_low_tail_vol,S1_U2_filter_only_no_refill,R3_low_tail_vol
20260401,10bp_one_way_slippage,0.0,False,0,S1_U2_filter_only_no_refill__R3_low_tail_vol,S1_U2_filter_only_no_refill,R3_low_tail_vol
20260402,10bp_one_way_slippage,-0.026894902214459254,True,4,S1_U2_filter_only_no_refill__R3_low_tail_vol,S1_U2_filter_only_no_refill,R3_low_tail_vol
20260403,10bp_one_way_slippage,-0.006243544740412221,True,1,S1_U2_filter_only_no_refill__R3_low_tail_vol,S1_U2_filter_only_no_refill,R3_low_tail_vol
20260407,10bp_one_way_slippage,0.03260329954614802,True,8,S1_U2_filter_only_no_refill__R3_low_tail_vol,S1_U2_filter_only_no_refill,R3_low_tail_vol
20260408,10bp_one_way_slippage,-0.020627943355895635,True,9,S1_U2_filter_only_no_refill__R3_low_tail_vol,S1_U2_filter_only_no_refill,R3_low_tail_vol
20260409,10bp_one_way_slippage,0.010075430584675263,True,8,S1_U2_filter_only_no_refill__R3_low_tail_vol,S1_U2_filter_only_no_refill,R3_low_tail_vol
20260410,10bp_one_way_slippage,0.00866670569824687,True,7,S1_U2_filter_only_no_refill__R3_low_tail_vol,S1_U2_filter_only_no_refill,R3_low_tail_vol
20260413,10bp_one_way_slippage,0.012945130338470593,True,9,S1_U2_filter_only_no_refill__R3_low_tail_vol,S1_U2_filter_only_no_refill,R3_low_tail_vol
20260414,10bp_one_way_slippage,0.0,False,0,S1_U2_filter_only_no_refill__R3_low_tail_vol,S1_U2_filter_only_no_refill,R3_low_tail_vol
20260415,10bp_one_way_slippage,0.025377734413020714,True,2,S1_U2_filter_only_no_refill__R3_low_tail_vol,S1_U2_filter_only_no_refill,R3_low_tail_vol
20260416,10bp_one_way_slippage,-0.009268744547205332,True,2,S1_U2_filter_only_no_refill__R3_low_tail_vol,S1_U2_filter_only_no_refill,R3_low_tail_vol
20260417,10bp_one_way_slippage,0.01612395976540446,True,9,S1_U2_filter_only_no_refill__R3_low_tail_vol,S1_U2_filter_only_no_refill,R3_low_tail_vol
20260420,10bp_one_way_slippage,-0.0007680777890682888,True,6,S1_U2_filter_only_no_refill__R3_low_tail_vol,S1_U2_filter_only_no_refill,R3_low_tail_vol
20260421,10bp_one_way_slippage,0.0,False,0,S1_U2_filter_only_no_refill__R3_low_tail_vol,S1_U2_filter_only_no_refill,R3_low_tail_vol
20260422,10bp_one_way_slippage,0.004113937572358284,True,8,S1_U2_filter_only_no_refill__R3_low_tail_vol,S1_U2_filter_only_no_refill,R3_low_tail_vol
20260423,10bp_one_way_slippage,0.0,False,0,S1_U2_filter_only_no_refill__R3_low_tail_vol,S1_U2_filter_only_no_refill,R3_low_tail_vol
20260424,10bp_one_way_slippage,0.0,False,0,S1_U2_filter_only_no_refill__R3_low_tail_vol,S1_U2_filter_only_no_refill,R3_low_tail_vol
20260427,10bp_one_way_slippage,-0.004790391557286555,True,4,S1_U2_filter_only_no_refill__R3_low_tail_vol,S1_U2_filter_only_no_refill,R3_low_tail_vol
20260428,10bp_one_way_slippage,0.0,False,0,S1_U2_filter_only_no_refill__R3_low_tail_vol,S1_U2_filter_only_no_refill,R3_low_tail_vol
20260429,10bp_one_way_slippage,0.02424390465044175,True,5,S1_U2_filter_only_no_refill__R3_low_tail_vol,S1_U2_filter_only_no_refill,R3_low_tail_vol
20260430,10bp_one_way_slippage,0.0,False,0,S1_U2_filter_only_no_refill__R3_low_tail_vol,S1_U2_filter_only_no_refill,R3_low_tail_vol
20260506,10bp_one_way_slippage,-0.01713364536920292,True,2,S1_U2_filter_only_no_refill__R3_low_tail_vol,S1_U2_filter_only_no_refill,R3_low_tail_vol
20260507,10bp_one_way_slippage,0.008548267012723931,True,2,S1_U2_filter_only_no_refill__R3_low_tail_vol,S1_U2_filter_only_no_refill,R3_low_tail_vol
20260508,10bp_one_way_slippage,0.0,False,0,S1_U2_filter_only_no_refill__R3_low_tail_vol,S1_U2_filter_only_no_refill,R3_low_tail_vol
20260511,10bp_one_way_slippage,0.0,False,0,S1_U2_filter_only_no_refill__R3_low_tail_vol,S1_U2_filter_only_no_refill,R3_low_tail_vol
20260512,10bp_one_way_slippage,0.0,False,0,S1_U2_filter_only_no_refill__R3_low_tail_vol,S1_U2_filter_only_no_refill,R3_low_tail_vol
20260513,10bp_one_way_slippage,0.0,False,0,S1_U2_filter_only_no_refill__R3_low_tail_vol,S1_U2_filter_only_no_refill,R3_low_tail_vol
20260514,10bp_one_way_slippage,0.0,False,0,S1_U2_filter_only_no_refill__R3_low_tail_vol,S1_U2_filter_only_no_refill,R3_low_tail_vol
20260515,10bp_one_way_slippage,0.0,False,0,S1_U2_filter_only_no_refill__R3_low_tail_vol,S1_U2_filter_only_no_refill,R3_low_tail_vol
20260518,10bp_one_way_slippage,0.0,False,0,S1_U2_filter_only_no_refill__R3_low_tail_vol,S1_U2_filter_only_no_refill,R3_low_tail_vol
20260519,10bp_one_way_slippage,0.0,False,0,S1_U2_filter_only_no_refill__R3_low_tail_vol,S1_U2_filter_only_no_refill,R3_low_tail_vol
20260520,10bp_one_way_slippage,0.0,False,0,S1_U2_filter_only_no_refill__R3_low_tail_vol,S1_U2_filter_only_no_refill,R3_low_tail_vol
20260224,10bp_slippage_plus_impact,0.005790147834386761,True,5,S1_U2_filter_only_no_refill__R3_low_tail_vol,S1_U2_filter_only_no_refill,R3_low_tail_vol
20260225,10bp_slippage_plus_impact,0.0,False,0,S1_U2_filter_only_no_refill__R3_low_tail_vol,S1_U2_filter_only_no_refill,R3_low_tail_vol
20260226,10bp_slippage_plus_impact,0.0009678367759618808,True,9,S1_U2_filter_only_no_refill__R3_low_tail_vol,S1_U2_filter_only_no_refill,R3_low_tail_vol
20260227,10bp_slippage_plus_impact,0.0,False,0,S1_U2_filter_only_no_refill__R3_low_tail_vol,S1_U2_filter_only_no_refill,R3_low_tail_vol
20260302,10bp_slippage_plus_impact,0.0,False,0,S1_U2_filter_only_no_refill__R3_low_tail_vol,S1_U2_filter_only_no_refill,R3_low_tail_vol
20260303,10bp_slippage_plus_impact,0.0,False,0,S1_U2_filter_only_no_refill__R3_low_tail_vol,S1_U2_filter_only_no_refill,R3_low_tail_vol
20260304,10bp_slippage_plus_impact,0.0,False,0,S1_U2_filter_only_no_refill__R3_low_tail_vol,S1_U2_filter_only_no_refill,R3_low_tail_vol
20260305,10bp_slippage_plus_impact,0.0,False,0,S1_U2_filter_only_no_refill__R3_low_tail_vol,S1_U2_filter_only_no_refill,R3_low_tail_vol
20260306,10bp_slippage_plus_impact,0.0,False,0,S1_U2_filter_only_no_refill__R3_low_tail_vol,S1_U2_filter_only_no_refill,R3_low_tail_vol
20260309,10bp_slippage_plus_impact,0.0,False,0,S1_U2_filter_only_no_refill__R3_low_tail_vol,S1_U2_filter_only_no_refill,R3_low_tail_vol
20260310,10bp_slippage_plus_impact,-0.0006303479612247698,True,4,S1_U2_filter_only_no_refill__R3_low_tail_vol,S1_U2_filter_only_no_refill,R3_low_tail_vol
20260311,10bp_slippage_plus_impact,0.0,False,0,S1_U2_filter_only_no_refill__R3_low_tail_vol,S1_U2_filter_only_no_refill,R3_low_tail_vol
20260312,10bp_slippage_plus_impact,-0.005387859181251148,True,8,S1_U2_filter_only_no_refill__R3_low_tail_vol,S1_U2_filter_only_no_refill,R3_low_tail_vol
20260313,10bp_slippage_plus_impact,-0.007477999058507482,True,7,S1_U2_filter_only_no_refill__R3_low_tail_vol,S1_U2_filter_only_no_refill,R3_low_tail_vol
20260316,10bp_slippage_plus_impact,-0.0003565388924738788,True,10,S1_U2_filter_only_no_refill__R3_low_tail_vol,S1_U2_filter_only_no_refill,R3_low_tail_vol
20260317,10bp_slippage_plus_impact,0.0,False,0,S1_U2_filter_only_no_refill__R3_low_tail_vol,S1_U2_filter_only_no_refill,R3_low_tail_vol
20260318,10bp_slippage_plus_impact,-0.021683020383897578,True,5,S1_U2_filter_only_no_refill__R3_low_tail_vol,S1_U2_filter_only_no_refill,R3_low_tail_vol
20260319,10bp_slippage_plus_impact,0.002333081145626544,True,6,S1_U2_filter_only_no_refill__R3_low_tail_vol,S1_U2_filter_only_no_refill,R3_low_tail_vol
20260320,10bp_slippage_plus_impact,0.0,False,0,S1_U2_filter_only_no_refill__R3_low_tail_vol,S1_U2_filter_only_no_refill,R3_low_tail_vol
20260323,10bp_slippage_plus_impact,0.0,False,0,S1_U2_filter_only_no_refill__R3_low_tail_vol,S1_U2_filter_only_no_refill,R3_low_tail_vol
20260324,10bp_slippage_plus_impact,0.0,False,0,S1_U2_filter_only_no_refill__R3_low_tail_vol,S1_U2_filter_only_no_refill,R3_low_tail_vol
20260325,10bp_slippage_plus_impact,-0.009066003858721828,True,5,S1_U2_filter_only_no_refill__R3_low_tail_vol,S1_U2_filter_only_no_refill,R3_low_tail_vol
20260326,10bp_slippage_plus_impact,-0.008803420718462407,True,4,S1_U2_filter_only_no_refill__R3_low_tail_vol,S1_U2_filter_only_no_refill,R3_low_tail_vol
20260327,10bp_slippage_plus_impact,-0.01707153891710362,True,7,S1_U2_filter_only_no_refill__R3_low_tail_vol,S1_U2_filter_only_no_refill,R3_low_tail_vol
20260330,10bp_slippage_plus_impact,0.00992520218417299,True,8,S1_U2_filter_only_no_refill__R3_low_tail_vol,S1_U2_filter_only_no_refill,R3_low_tail_vol
20260331,10bp_slippage_plus_impact,0.020086146959470197,True,1,S1_U2_filter_only_no_refill__R3_low_tail_vol,S1_U2_filter_only_no_refill,R3_low_tail_vol
20260401,10bp_slippage_plus_impact,0.0,False,0,S1_U2_filter_only_no_refill__R3_low_tail_vol,S1_U2_filter_only_no_refill,R3_low_tail_vol
20260402,10bp_slippage_plus_impact,-0.027004263910243465,True,4,S1_U2_filter_only_no_refill__R3_low_tail_vol,S1_U2_filter_only_no_refill,R3_low_tail_vol
20260403,10bp_slippage_plus_impact,-0.006386689696696868,True,1,S1_U2_filter_only_no_refill__R3_low_tail_vol,S1_U2_filter_only_no_refill,R3_low_tail_vol
20260407,10bp_slippage_plus_impact,0.032413570216882126,True,8,S1_U2_filter_only_no_refill__R3_low_tail_vol,S1_U2_filter_only_no_refill,R3_low_tail_vol
20260408,10bp_slippage_plus_impact,-0.020767970171317002,True,9,S1_U2_filter_only_no_refill__R3_low_tail_vol,S1_U2_filter_only_no_refill,R3_low_tail_vol
20260409,10bp_slippage_plus_impact,0.00997540005144383,True,8,S1_U2_filter_only_no_refill__R3_low_tail_vol,S1_U2_filter_only_no_refill,R3_low_tail_vol
20260410,10bp_slippage_plus_impact,0.008546910923407647,True,7,S1_U2_filter_only_no_refill__R3_low_tail_vol,S1_U2_filter_only_no_refill,R3_low_tail_vol
20260413,10bp_slippage_plus_impact,0.012831824242362906,True,9,S1_U2_filter_only_no_refill__R3_low_tail_vol,S1_U2_filter_only_no_refill,R3_low_tail_vol
20260414,10bp_slippage_plus_impact,0.0,False,0,S1_U2_filter_only_no_refill__R3_low_tail_vol,S1_U2_filter_only_no_refill,R3_low_tail_vol
20260415,10bp_slippage_plus_impact,0.025116657163307132,True,2,S1_U2_filter_only_no_refill__R3_low_tail_vol,S1_U2_filter_only_no_refill,R3_low_tail_vol
20260416,10bp_slippage_plus_impact,-0.009452768190670646,True,2,S1_U2_filter_only_no_refill__R3_low_tail_vol,S1_U2_filter_only_no_refill,R3_low_tail_vol
20260417,10bp_slippage_plus_impact,0.015994063400544014,True,9,S1_U2_filter_only_no_refill__R3_low_tail_vol,S1_U2_filter_only_no_refill,R3_low_tail_vol
20260420,10bp_slippage_plus_impact,-0.0008888353122120477,True,6,S1_U2_filter_only_no_refill__R3_low_tail_vol,S1_U2_filter_only_no_refill,R3_low_tail_vol
20260421,10bp_slippage_plus_impact,0.0,False,0,S1_U2_filter_only_no_refill__R3_low_tail_vol,S1_U2_filter_only_no_refill,R3_low_tail_vol
20260422,10bp_slippage_plus_impact,0.003989411671110332,True,8,S1_U2_filter_only_no_refill__R3_low_tail_vol,S1_U2_filter_only_no_refill,R3_low_tail_vol
20260423,10bp_slippage_plus_impact,0.0,False,0,S1_U2_filter_only_no_refill__R3_low_tail_vol,S1_U2_filter_only_no_refill,R3_low_tail_vol
20260424,10bp_slippage_plus_impact,0.0,False,0,S1_U2_filter_only_no_refill__R3_low_tail_vol,S1_U2_filter_only_no_refill,R3_low_tail_vol
20260427,10bp_slippage_plus_impact,-0.004986356945969522,True,4,S1_U2_filter_only_no_refill__R3_low_tail_vol,S1_U2_filter_only_no_refill,R3_low_tail_vol
20260428,10bp_slippage_plus_impact,0.0,False,0,S1_U2_filter_only_no_refill__R3_low_tail_vol,S1_U2_filter_only_no_refill,R3_low_tail_vol
20260429,10bp_slippage_plus_impact,0.02403378857853644,True,5,S1_U2_filter_only_no_refill__R3_low_tail_vol,S1_U2_filter_only_no_refill,R3_low_tail_vol
20260430,10bp_slippage_plus_impact,0.0,False,0,S1_U2_filter_only_no_refill__R3_low_tail_vol,S1_U2_filter_only_no_refill,R3_low_tail_vol
20260506,10bp_slippage_plus_impact,-0.017309097771626814,True,2,S1_U2_filter_only_no_refill__R3_low_tail_vol,S1_U2_filter_only_no_refill,R3_low_tail_vol
20260507,10bp_slippage_plus_impact,0.008391809995597688,True,2,S1_U2_filter_only_no_refill__R3_low_tail_vol,S1_U2_filter_only_no_refill,R3_low_tail_vol
20260508,10bp_slippage_plus_impact,0.0,False,0,S1_U2_filter_only_no_refill__R3_low_tail_vol,S1_U2_filter_only_no_refill,R3_low_tail_vol
20260511,10bp_slippage_plus_impact,0.0,False,0,S1_U2_filter_only_no_refill__R3_low_tail_vol,S1_U2_filter_only_no_refill,R3_low_tail_vol
20260512,10bp_slippage_plus_impact,0.0,False,0,S1_U2_filter_only_no_refill__R3_low_tail_vol,S1_U2_filter_only_no_refill,R3_low_tail_vol
20260513,10bp_slippage_plus_impact,0.0,False,0,S1_U2_filter_only_no_refill__R3_low_tail_vol,S1_U2_filter_only_no_refill,R3_low_tail_vol
20260514,10bp_slippage_plus_impact,0.0,False,0,S1_U2_filter_only_no_refill__R3_low_tail_vol,S1_U2_filter_only_no_refill,R3_low_tail_vol
20260515,10bp_slippage_plus_impact,0.0,False,0,S1_U2_filter_only_no_refill__R3_low_tail_vol,S1_U2_filter_only_no_refill,R3_low_tail_vol
20260518,10bp_slippage_plus_impact,0.0,False,0,S1_U2_filter_only_no_refill__R3_low_tail_vol,S1_U2_filter_only_no_refill,R3_low_tail_vol
20260519,10bp_slippage_plus_impact,0.0,False,0,S1_U2_filter_only_no_refill__R3_low_tail_vol,S1_U2_filter_only_no_refill,R3_low_tail_vol
20260520,10bp_slippage_plus_impact,0.0,False,0,S1_U2_filter_only_no_refill__R3_low_tail_vol,S1_U2_filter_only_no_refill,R3_low_tail_vol
20260224,5bp_one_way_slippage,0.007049807959140142,True,5,S1_U2_filter_only_no_refill__R4_tail_breadth_Q2,S1_U2_filter_only_no_refill,R4_tail_breadth_Q2
20260225,5bp_one_way_slippage,0.0,False,0,S1_U2_filter_only_no_refill__R4_tail_breadth_Q2,S1_U2_filter_only_no_refill,R4_tail_breadth_Q2
20260226,5bp_one_way_slippage,0.0,False,0,S1_U2_filter_only_no_refill__R4_tail_breadth_Q2,S1_U2_filter_only_no_refill,R4_tail_breadth_Q2
20260227,5bp_one_way_slippage,0.0,False,0,S1_U2_filter_only_no_refill__R4_tail_breadth_Q2,S1_U2_filter_only_no_refill,R4_tail_breadth_Q2
20260302,5bp_one_way_slippage,-0.009938251485637083,True,9,S1_U2_filter_only_no_refill__R4_tail_breadth_Q2,S1_U2_filter_only_no_refill,R4_tail_breadth_Q2
20260303,5bp_one_way_slippage,0.0,False,0,S1_U2_filter_only_no_refill__R4_tail_breadth_Q2,S1_U2_filter_only_no_refill,R4_tail_breadth_Q2
20260304,5bp_one_way_slippage,0.017046883472663667,True,7,S1_U2_filter_only_no_refill__R4_tail_breadth_Q2,S1_U2_filter_only_no_refill,R4_tail_breadth_Q2
20260305,5bp_one_way_slippage,0.0,False,0,S1_U2_filter_only_no_refill__R4_tail_breadth_Q2,S1_U2_filter_only_no_refill,R4_tail_breadth_Q2
20260306,5bp_one_way_slippage,0.0,False,0,S1_U2_filter_only_no_refill__R4_tail_breadth_Q2,S1_U2_filter_only_no_refill,R4_tail_breadth_Q2
20260309,5bp_one_way_slippage,0.029850360661961672,True,6,S1_U2_filter_only_no_refill__R4_tail_breadth_Q2,S1_U2_filter_only_no_refill,R4_tail_breadth_Q2
20260310,5bp_one_way_slippage,0.0,False,0,S1_U2_filter_only_no_refill__R4_tail_breadth_Q2,S1_U2_filter_only_no_refill,R4_tail_breadth_Q2
20260311,5bp_one_way_slippage,0.0,False,0,S1_U2_filter_only_no_refill__R4_tail_breadth_Q2,S1_U2_filter_only_no_refill,R4_tail_breadth_Q2
20260312,5bp_one_way_slippage,0.0,False,0,S1_U2_filter_only_no_refill__R4_tail_breadth_Q2,S1_U2_filter_only_no_refill,R4_tail_breadth_Q2
20260313,5bp_one_way_slippage,0.0,False,0,S1_U2_filter_only_no_refill__R4_tail_breadth_Q2,S1_U2_filter_only_no_refill,R4_tail_breadth_Q2
20260316,5bp_one_way_slippage,0.0,False,0,S1_U2_filter_only_no_refill__R4_tail_breadth_Q2,S1_U2_filter_only_no_refill,R4_tail_breadth_Q2
20260317,5bp_one_way_slippage,0.0,False,0,S1_U2_filter_only_no_refill__R4_tail_breadth_Q2,S1_U2_filter_only_no_refill,R4_tail_breadth_Q2
20260318,5bp_one_way_slippage,0.0,False,0,S1_U2_filter_only_no_refill__R4_tail_breadth_Q2,S1_U2_filter_only_no_refill,R4_tail_breadth_Q2
20260319,5bp_one_way_slippage,0.0,False,0,S1_U2_filter_only_no_refill__R4_tail_breadth_Q2,S1_U2_filter_only_no_refill,R4_tail_breadth_Q2
20260320,5bp_one_way_slippage,0.0,False,0,S1_U2_filter_only_no_refill__R4_tail_breadth_Q2,S1_U2_filter_only_no_refill,R4_tail_breadth_Q2
20260323,5bp_one_way_slippage,0.0,False,0,S1_U2_filter_only_no_refill__R4_tail_breadth_Q2,S1_U2_filter_only_no_refill,R4_tail_breadth_Q2
20260324,5bp_one_way_slippage,0.0,False,0,S1_U2_filter_only_no_refill__R4_tail_breadth_Q2,S1_U2_filter_only_no_refill,R4_tail_breadth_Q2
20260325,5bp_one_way_slippage,0.0,False,0,S1_U2_filter_only_no_refill__R4_tail_breadth_Q2,S1_U2_filter_only_no_refill,R4_tail_breadth_Q2
20260326,5bp_one_way_slippage,-0.007560234530582882,True,4,S1_U2_filter_only_no_refill__R4_tail_breadth_Q2,S1_U2_filter_only_no_refill,R4_tail_breadth_Q2
20260327,5bp_one_way_slippage,0.0,False,0,S1_U2_filter_only_no_refill__R4_tail_breadth_Q2,S1_U2_filter_only_no_refill,R4_tail_breadth_Q2
20260330,5bp_one_way_slippage,0.0,False,0,S1_U2_filter_only_no_refill__R4_tail_breadth_Q2,S1_U2_filter_only_no_refill,R4_tail_breadth_Q2
20260331,5bp_one_way_slippage,0.0,False,0,S1_U2_filter_only_no_refill__R4_tail_breadth_Q2,S1_U2_filter_only_no_refill,R4_tail_breadth_Q2
20260401,5bp_one_way_slippage,0.0,False,0,S1_U2_filter_only_no_refill__R4_tail_breadth_Q2,S1_U2_filter_only_no_refill,R4_tail_breadth_Q2
20260402,5bp_one_way_slippage,0.0,False,0,S1_U2_filter_only_no_refill__R4_tail_breadth_Q2,S1_U2_filter_only_no_refill,R4_tail_breadth_Q2
20260403,5bp_one_way_slippage,0.0,False,0,S1_U2_filter_only_no_refill__R4_tail_breadth_Q2,S1_U2_filter_only_no_refill,R4_tail_breadth_Q2
20260407,5bp_one_way_slippage,0.03363667943106527,True,8,S1_U2_filter_only_no_refill__R4_tail_breadth_Q2,S1_U2_filter_only_no_refill,R4_tail_breadth_Q2
20260408,5bp_one_way_slippage,0.0,False,0,S1_U2_filter_only_no_refill__R4_tail_breadth_Q2,S1_U2_filter_only_no_refill,R4_tail_breadth_Q2
20260409,5bp_one_way_slippage,0.01108626565819687,True,8,S1_U2_filter_only_no_refill__R4_tail_breadth_Q2,S1_U2_filter_only_no_refill,R4_tail_breadth_Q2
20260410,5bp_one_way_slippage,0.0,False,0,S1_U2_filter_only_no_refill__R4_tail_breadth_Q2,S1_U2_filter_only_no_refill,R4_tail_breadth_Q2
20260413,5bp_one_way_slippage,0.013958837269948239,True,9,S1_U2_filter_only_no_refill__R4_tail_breadth_Q2,S1_U2_filter_only_no_refill,R4_tail_breadth_Q2
20260414,5bp_one_way_slippage,0.0,False,0,S1_U2_filter_only_no_refill__R4_tail_breadth_Q2,S1_U2_filter_only_no_refill,R4_tail_breadth_Q2
20260415,5bp_one_way_slippage,0.0,False,0,S1_U2_filter_only_no_refill__R4_tail_breadth_Q2,S1_U2_filter_only_no_refill,R4_tail_breadth_Q2
20260416,5bp_one_way_slippage,0.0,False,0,S1_U2_filter_only_no_refill__R4_tail_breadth_Q2,S1_U2_filter_only_no_refill,R4_tail_breadth_Q2
20260417,5bp_one_way_slippage,0.0,False,0,S1_U2_filter_only_no_refill__R4_tail_breadth_Q2,S1_U2_filter_only_no_refill,R4_tail_breadth_Q2
20260420,5bp_one_way_slippage,0.0,False,0,S1_U2_filter_only_no_refill__R4_tail_breadth_Q2,S1_U2_filter_only_no_refill,R4_tail_breadth_Q2
20260421,5bp_one_way_slippage,0.0,False,0,S1_U2_filter_only_no_refill__R4_tail_breadth_Q2,S1_U2_filter_only_no_refill,R4_tail_breadth_Q2
20260422,5bp_one_way_slippage,0.0,False,0,S1_U2_filter_only_no_refill__R4_tail_breadth_Q2,S1_U2_filter_only_no_refill,R4_tail_breadth_Q2
20260423,5bp_one_way_slippage,0.0,False,0,S1_U2_filter_only_no_refill__R4_tail_breadth_Q2,S1_U2_filter_only_no_refill,R4_tail_breadth_Q2
20260424,5bp_one_way_slippage,0.00767603557980584,True,2,S1_U2_filter_only_no_refill__R4_tail_breadth_Q2,S1_U2_filter_only_no_refill,R4_tail_breadth_Q2
20260427,5bp_one_way_slippage,0.0,False,0,S1_U2_filter_only_no_refill__R4_tail_breadth_Q2,S1_U2_filter_only_no_refill,R4_tail_breadth_Q2
20260428,5bp_one_way_slippage,0.0,False,0,S1_U2_filter_only_no_refill__R4_tail_breadth_Q2,S1_U2_filter_only_no_refill,R4_tail_breadth_Q2
20260429,5bp_one_way_slippage,0.025268918853650346,True,5,S1_U2_filter_only_no_refill__R4_tail_breadth_Q2,S1_U2_filter_only_no_refill,R4_tail_breadth_Q2
20260430,5bp_one_way_slippage,0.0,False,0,S1_U2_filter_only_no_refill__R4_tail_breadth_Q2,S1_U2_filter_only_no_refill,R4_tail_breadth_Q2
20260506,5bp_one_way_slippage,0.0,False,0,S1_U2_filter_only_no_refill__R4_tail_breadth_Q2,S1_U2_filter_only_no_refill,R4_tail_breadth_Q2
20260507,5bp_one_way_slippage,0.0,False,0,S1_U2_filter_only_no_refill__R4_tail_breadth_Q2,S1_U2_filter_only_no_refill,R4_tail_breadth_Q2
20260508,5bp_one_way_slippage,0.0005459795521586708,True,10,S1_U2_filter_only_no_refill__R4_tail_breadth_Q2,S1_U2_filter_only_no_refill,R4_tail_breadth_Q2
20260511,5bp_one_way_slippage,0.0,False,0,S1_U2_filter_only_no_refill__R4_tail_breadth_Q2,S1_U2_filter_only_no_refill,R4_tail_breadth_Q2
20260512,5bp_one_way_slippage,0.0,False,0,S1_U2_filter_only_no_refill__R4_tail_breadth_Q2,S1_U2_filter_only_no_refill,R4_tail_breadth_Q2
20260513,5bp_one_way_slippage,0.0,False,0,S1_U2_filter_only_no_refill__R4_tail_breadth_Q2,S1_U2_filter_only_no_refill,R4_tail_breadth_Q2
20260514,5bp_one_way_slippage,0.0,False,0,S1_U2_filter_only_no_refill__R4_tail_breadth_Q2,S1_U2_filter_only_no_refill,R4_tail_breadth_Q2
20260515,5bp_one_way_slippage,0.0,False,0,S1_U2_filter_only_no_refill__R4_tail_breadth_Q2,S1_U2_filter_only_no_refill,R4_tail_breadth_Q2
20260518,5bp_one_way_slippage,0.0,False,0,S1_U2_filter_only_no_refill__R4_tail_breadth_Q2,S1_U2_filter_only_no_refill,R4_tail_breadth_Q2
20260519,5bp_one_way_slippage,0.0,False,0,S1_U2_filter_only_no_refill__R4_tail_breadth_Q2,S1_U2_filter_only_no_refill,R4_tail_breadth_Q2
20260520,5bp_one_way_slippage,0.0,False,0,S1_U2_filter_only_no_refill__R4_tail_breadth_Q2,S1_U2_filter_only_no_refill,R4_tail_breadth_Q2
20260224,10bp_one_way_slippage,0.006043008340508571,True,5,S1_U2_filter_only_no_refill__R4_tail_breadth_Q2,S1_U2_filter_only_no_refill,R4_tail_breadth_Q2
20260225,10bp_one_way_slippage,0.0,False,0,S1_U2_filter_only_no_refill__R4_tail_breadth_Q2,S1_U2_filter_only_no_refill,R4_tail_breadth_Q2
20260226,10bp_one_way_slippage,0.0,False,0,S1_U2_filter_only_no_refill__R4_tail_breadth_Q2,S1_U2_filter_only_no_refill,R4_tail_breadth_Q2
20260227,10bp_one_way_slippage,0.0,False,0,S1_U2_filter_only_no_refill__R4_tail_breadth_Q2,S1_U2_filter_only_no_refill,R4_tail_breadth_Q2
20260302,10bp_one_way_slippage,-0.010928067265301464,True,9,S1_U2_filter_only_no_refill__R4_tail_breadth_Q2,S1_U2_filter_only_no_refill,R4_tail_breadth_Q2
20260303,10bp_one_way_slippage,0.0,False,0,S1_U2_filter_only_no_refill__R4_tail_breadth_Q2,S1_U2_filter_only_no_refill,R4_tail_breadth_Q2
20260304,10bp_one_way_slippage,0.016030089262170897,True,7,S1_U2_filter_only_no_refill__R4_tail_breadth_Q2,S1_U2_filter_only_no_refill,R4_tail_breadth_Q2
20260305,10bp_one_way_slippage,0.0,False,0,S1_U2_filter_only_no_refill__R4_tail_breadth_Q2,S1_U2_filter_only_no_refill,R4_tail_breadth_Q2
20260306,10bp_one_way_slippage,0.0,False,0,S1_U2_filter_only_no_refill__R4_tail_breadth_Q2,S1_U2_filter_only_no_refill,R4_tail_breadth_Q2
20260309,10bp_one_way_slippage,0.02882076615514843,True,6,S1_U2_filter_only_no_refill__R4_tail_breadth_Q2,S1_U2_filter_only_no_refill,R4_tail_breadth_Q2
20260310,10bp_one_way_slippage,0.0,False,0,S1_U2_filter_only_no_refill__R4_tail_breadth_Q2,S1_U2_filter_only_no_refill,R4_tail_breadth_Q2
20260311,10bp_one_way_slippage,0.0,False,0,S1_U2_filter_only_no_refill__R4_tail_breadth_Q2,S1_U2_filter_only_no_refill,R4_tail_breadth_Q2
20260312,10bp_one_way_slippage,0.0,False,0,S1_U2_filter_only_no_refill__R4_tail_breadth_Q2,S1_U2_filter_only_no_refill,R4_tail_breadth_Q2
20260313,10bp_one_way_slippage,0.0,False,0,S1_U2_filter_only_no_refill__R4_tail_breadth_Q2,S1_U2_filter_only_no_refill,R4_tail_breadth_Q2
20260316,10bp_one_way_slippage,0.0,False,0,S1_U2_filter_only_no_refill__R4_tail_breadth_Q2,S1_U2_filter_only_no_refill,R4_tail_breadth_Q2
20260317,10bp_one_way_slippage,0.0,False,0,S1_U2_filter_only_no_refill__R4_tail_breadth_Q2,S1_U2_filter_only_no_refill,R4_tail_breadth_Q2
20260318,10bp_one_way_slippage,0.0,False,0,S1_U2_filter_only_no_refill__R4_tail_breadth_Q2,S1_U2_filter_only_no_refill,R4_tail_breadth_Q2
20260319,10bp_one_way_slippage,0.0,False,0,S1_U2_filter_only_no_refill__R4_tail_breadth_Q2,S1_U2_filter_only_no_refill,R4_tail_breadth_Q2
20260320,10bp_one_way_slippage,0.0,False,0,S1_U2_filter_only_no_refill__R4_tail_breadth_Q2,S1_U2_filter_only_no_refill,R4_tail_breadth_Q2
20260323,10bp_one_way_slippage,0.0,False,0,S1_U2_filter_only_no_refill__R4_tail_breadth_Q2,S1_U2_filter_only_no_refill,R4_tail_breadth_Q2
20260324,10bp_one_way_slippage,0.0,False,0,S1_U2_filter_only_no_refill__R4_tail_breadth_Q2,S1_U2_filter_only_no_refill,R4_tail_breadth_Q2
20260325,10bp_one_way_slippage,0.0,False,0,S1_U2_filter_only_no_refill__R4_tail_breadth_Q2,S1_U2_filter_only_no_refill,R4_tail_breadth_Q2
20260326,10bp_one_way_slippage,-0.008552427736412849,True,4,S1_U2_filter_only_no_refill__R4_tail_breadth_Q2,S1_U2_filter_only_no_refill,R4_tail_breadth_Q2
20260327,10bp_one_way_slippage,0.0,False,0,S1_U2_filter_only_no_refill__R4_tail_breadth_Q2,S1_U2_filter_only_no_refill,R4_tail_breadth_Q2
20260330,10bp_one_way_slippage,0.0,False,0,S1_U2_filter_only_no_refill__R4_tail_breadth_Q2,S1_U2_filter_only_no_refill,R4_tail_breadth_Q2
20260331,10bp_one_way_slippage,0.0,False,0,S1_U2_filter_only_no_refill__R4_tail_breadth_Q2,S1_U2_filter_only_no_refill,R4_tail_breadth_Q2
20260401,10bp_one_way_slippage,0.0,False,0,S1_U2_filter_only_no_refill__R4_tail_breadth_Q2,S1_U2_filter_only_no_refill,R4_tail_breadth_Q2
20260402,10bp_one_way_slippage,0.0,False,0,S1_U2_filter_only_no_refill__R4_tail_breadth_Q2,S1_U2_filter_only_no_refill,R4_tail_breadth_Q2
20260403,10bp_one_way_slippage,0.0,False,0,S1_U2_filter_only_no_refill__R4_tail_breadth_Q2,S1_U2_filter_only_no_refill,R4_tail_breadth_Q2
20260407,10bp_one_way_slippage,0.03260329954614802,True,8,S1_U2_filter_only_no_refill__R4_tail_breadth_Q2,S1_U2_filter_only_no_refill,R4_tail_breadth_Q2
20260408,10bp_one_way_slippage,0.0,False,0,S1_U2_filter_only_no_refill__R4_tail_breadth_Q2,S1_U2_filter_only_no_refill,R4_tail_breadth_Q2
20260409,10bp_one_way_slippage,0.010075430584675263,True,8,S1_U2_filter_only_no_refill__R4_tail_breadth_Q2,S1_U2_filter_only_no_refill,R4_tail_breadth_Q2
20260410,10bp_one_way_slippage,0.0,False,0,S1_U2_filter_only_no_refill__R4_tail_breadth_Q2,S1_U2_filter_only_no_refill,R4_tail_breadth_Q2
20260413,10bp_one_way_slippage,0.012945130338470593,True,9,S1_U2_filter_only_no_refill__R4_tail_breadth_Q2,S1_U2_filter_only_no_refill,R4_tail_breadth_Q2
20260414,10bp_one_way_slippage,0.0,False,0,S1_U2_filter_only_no_refill__R4_tail_breadth_Q2,S1_U2_filter_only_no_refill,R4_tail_breadth_Q2
20260415,10bp_one_way_slippage,0.0,False,0,S1_U2_filter_only_no_refill__R4_tail_breadth_Q2,S1_U2_filter_only_no_refill,R4_tail_breadth_Q2
20260416,10bp_one_way_slippage,0.0,False,0,S1_U2_filter_only_no_refill__R4_tail_breadth_Q2,S1_U2_filter_only_no_refill,R4_tail_breadth_Q2
20260417,10bp_one_way_slippage,0.0,False,0,S1_U2_filter_only_no_refill__R4_tail_breadth_Q2,S1_U2_filter_only_no_refill,R4_tail_breadth_Q2
20260420,10bp_one_way_slippage,0.0,False,0,S1_U2_filter_only_no_refill__R4_tail_breadth_Q2,S1_U2_filter_only_no_refill,R4_tail_breadth_Q2
20260421,10bp_one_way_slippage,0.0,False,0,S1_U2_filter_only_no_refill__R4_tail_breadth_Q2,S1_U2_filter_only_no_refill,R4_tail_breadth_Q2
20260422,10bp_one_way_slippage,0.0,False,0,S1_U2_filter_only_no_refill__R4_tail_breadth_Q2,S1_U2_filter_only_no_refill,R4_tail_breadth_Q2
20260423,10bp_one_way_slippage,0.0,False,0,S1_U2_filter_only_no_refill__R4_tail_breadth_Q2,S1_U2_filter_only_no_refill,R4_tail_breadth_Q2
20260424,10bp_one_way_slippage,0.006668609889132482,True,2,S1_U2_filter_only_no_refill__R4_tail_breadth_Q2,S1_U2_filter_only_no_refill,R4_tail_breadth_Q2
20260427,10bp_one_way_slippage,0.0,False,0,S1_U2_filter_only_no_refill__R4_tail_breadth_Q2,S1_U2_filter_only_no_refill,R4_tail_breadth_Q2
20260428,10bp_one_way_slippage,0.0,False,0,S1_U2_filter_only_no_refill__R4_tail_breadth_Q2,S1_U2_filter_only_no_refill,R4_tail_breadth_Q2
20260429,10bp_one_way_slippage,0.02424390465044175,True,5,S1_U2_filter_only_no_refill__R4_tail_breadth_Q2,S1_U2_filter_only_no_refill,R4_tail_breadth_Q2
20260430,10bp_one_way_slippage,0.0,False,0,S1_U2_filter_only_no_refill__R4_tail_breadth_Q2,S1_U2_filter_only_no_refill,R4_tail_breadth_Q2
20260506,10bp_one_way_slippage,0.0,False,0,S1_U2_filter_only_no_refill__R4_tail_breadth_Q2,S1_U2_filter_only_no_refill,R4_tail_breadth_Q2
20260507,10bp_one_way_slippage,0.0,False,0,S1_U2_filter_only_no_refill__R4_tail_breadth_Q2,S1_U2_filter_only_no_refill,R4_tail_breadth_Q2
20260508,10bp_one_way_slippage,-0.00045431785386327304,True,10,S1_U2_filter_only_no_refill__R4_tail_breadth_Q2,S1_U2_filter_only_no_refill,R4_tail_breadth_Q2
20260511,10bp_one_way_slippage,0.0,False,0,S1_U2_filter_only_no_refill__R4_tail_breadth_Q2,S1_U2_filter_only_no_refill,R4_tail_breadth_Q2
20260512,10bp_one_way_slippage,0.0,False,0,S1_U2_filter_only_no_refill__R4_tail_breadth_Q2,S1_U2_filter_only_no_refill,R4_tail_breadth_Q2
20260513,10bp_one_way_slippage,0.0,False,0,S1_U2_filter_only_no_refill__R4_tail_breadth_Q2,S1_U2_filter_only_no_refill,R4_tail_breadth_Q2
20260514,10bp_one_way_slippage,0.0,False,0,S1_U2_filter_only_no_refill__R4_tail_breadth_Q2,S1_U2_filter_only_no_refill,R4_tail_breadth_Q2
20260515,10bp_one_way_slippage,0.0,False,0,S1_U2_filter_only_no_refill__R4_tail_breadth_Q2,S1_U2_filter_only_no_refill,R4_tail_breadth_Q2
20260518,10bp_one_way_slippage,0.0,False,0,S1_U2_filter_only_no_refill__R4_tail_breadth_Q2,S1_U2_filter_only_no_refill,R4_tail_breadth_Q2
20260519,10bp_one_way_slippage,0.0,False,0,S1_U2_filter_only_no_refill__R4_tail_breadth_Q2,S1_U2_filter_only_no_refill,R4_tail_breadth_Q2
20260520,10bp_one_way_slippage,0.0,False,0,S1_U2_filter_only_no_refill__R4_tail_breadth_Q2,S1_U2_filter_only_no_refill,R4_tail_breadth_Q2
20260224,10bp_slippage_plus_impact,0.005790147834386761,True,5,S1_U2_filter_only_no_refill__R4_tail_breadth_Q2,S1_U2_filter_only_no_refill,R4_tail_breadth_Q2
20260225,10bp_slippage_plus_impact,0.0,False,0,S1_U2_filter_only_no_refill__R4_tail_breadth_Q2,S1_U2_filter_only_no_refill,R4_tail_breadth_Q2
20260226,10bp_slippage_plus_impact,0.0,False,0,S1_U2_filter_only_no_refill__R4_tail_breadth_Q2,S1_U2_filter_only_no_refill,R4_tail_breadth_Q2
20260227,10bp_slippage_plus_impact,0.0,False,0,S1_U2_filter_only_no_refill__R4_tail_breadth_Q2,S1_U2_filter_only_no_refill,R4_tail_breadth_Q2
20260302,10bp_slippage_plus_impact,-0.010970736497406097,True,9,S1_U2_filter_only_no_refill__R4_tail_breadth_Q2,S1_U2_filter_only_no_refill,R4_tail_breadth_Q2
20260303,10bp_slippage_plus_impact,0.0,False,0,S1_U2_filter_only_no_refill__R4_tail_breadth_Q2,S1_U2_filter_only_no_refill,R4_tail_breadth_Q2
20260304,10bp_slippage_plus_impact,0.01590652152888031,True,7,S1_U2_filter_only_no_refill__R4_tail_breadth_Q2,S1_U2_filter_only_no_refill,R4_tail_breadth_Q2
20260305,10bp_slippage_plus_impact,0.0,False,0,S1_U2_filter_only_no_refill__R4_tail_breadth_Q2,S1_U2_filter_only_no_refill,R4_tail_breadth_Q2
20260306,10bp_slippage_plus_impact,0.0,False,0,S1_U2_filter_only_no_refill__R4_tail_breadth_Q2,S1_U2_filter_only_no_refill,R4_tail_breadth_Q2
20260309,10bp_slippage_plus_impact,0.028669755864734674,True,6,S1_U2_filter_only_no_refill__R4_tail_breadth_Q2,S1_U2_filter_only_no_refill,R4_tail_breadth_Q2
20260310,10bp_slippage_plus_impact,0.0,False,0,S1_U2_filter_only_no_refill__R4_tail_breadth_Q2,S1_U2_filter_only_no_refill,R4_tail_breadth_Q2
20260311,10bp_slippage_plus_impact,0.0,False,0,S1_U2_filter_only_no_refill__R4_tail_breadth_Q2,S1_U2_filter_only_no_refill,R4_tail_breadth_Q2
20260312,10bp_slippage_plus_impact,0.0,False,0,S1_U2_filter_only_no_refill__R4_tail_breadth_Q2,S1_U2_filter_only_no_refill,R4_tail_breadth_Q2
20260313,10bp_slippage_plus_impact,0.0,False,0,S1_U2_filter_only_no_refill__R4_tail_breadth_Q2,S1_U2_filter_only_no_refill,R4_tail_breadth_Q2
20260316,10bp_slippage_plus_impact,0.0,False,0,S1_U2_filter_only_no_refill__R4_tail_breadth_Q2,S1_U2_filter_only_no_refill,R4_tail_breadth_Q2
20260317,10bp_slippage_plus_impact,0.0,False,0,S1_U2_filter_only_no_refill__R4_tail_breadth_Q2,S1_U2_filter_only_no_refill,R4_tail_breadth_Q2
20260318,10bp_slippage_plus_impact,0.0,False,0,S1_U2_filter_only_no_refill__R4_tail_breadth_Q2,S1_U2_filter_only_no_refill,R4_tail_breadth_Q2
20260319,10bp_slippage_plus_impact,0.0,False,0,S1_U2_filter_only_no_refill__R4_tail_breadth_Q2,S1_U2_filter_only_no_refill,R4_tail_breadth_Q2
20260320,10bp_slippage_plus_impact,0.0,False,0,S1_U2_filter_only_no_refill__R4_tail_breadth_Q2,S1_U2_filter_only_no_refill,R4_tail_breadth_Q2
20260323,10bp_slippage_plus_impact,0.0,False,0,S1_U2_filter_only_no_refill__R4_tail_breadth_Q2,S1_U2_filter_only_no_refill,R4_tail_breadth_Q2
20260324,10bp_slippage_plus_impact,0.0,False,0,S1_U2_filter_only_no_refill__R4_tail_breadth_Q2,S1_U2_filter_only_no_refill,R4_tail_breadth_Q2
20260325,10bp_slippage_plus_impact,0.0,False,0,S1_U2_filter_only_no_refill__R4_tail_breadth_Q2,S1_U2_filter_only_no_refill,R4_tail_breadth_Q2
20260326,10bp_slippage_plus_impact,-0.008803420718462407,True,4,S1_U2_filter_only_no_refill__R4_tail_breadth_Q2,S1_U2_filter_only_no_refill,R4_tail_breadth_Q2
20260327,10bp_slippage_plus_impact,0.0,False,0,S1_U2_filter_only_no_refill__R4_tail_breadth_Q2,S1_U2_filter_only_no_refill,R4_tail_breadth_Q2
20260330,10bp_slippage_plus_impact,0.0,False,0,S1_U2_filter_only_no_refill__R4_tail_breadth_Q2,S1_U2_filter_only_no_refill,R4_tail_breadth_Q2
20260331,10bp_slippage_plus_impact,0.0,False,0,S1_U2_filter_only_no_refill__R4_tail_breadth_Q2,S1_U2_filter_only_no_refill,R4_tail_breadth_Q2
20260401,10bp_slippage_plus_impact,0.0,False,0,S1_U2_filter_only_no_refill__R4_tail_breadth_Q2,S1_U2_filter_only_no_refill,R4_tail_breadth_Q2
20260402,10bp_slippage_plus_impact,0.0,False,0,S1_U2_filter_only_no_refill__R4_tail_breadth_Q2,S1_U2_filter_only_no_refill,R4_tail_breadth_Q2
20260403,10bp_slippage_plus_impact,0.0,False,0,S1_U2_filter_only_no_refill__R4_tail_breadth_Q2,S1_U2_filter_only_no_refill,R4_tail_breadth_Q2
20260407,10bp_slippage_plus_impact,0.032413570216882126,True,8,S1_U2_filter_only_no_refill__R4_tail_breadth_Q2,S1_U2_filter_only_no_refill,R4_tail_breadth_Q2
20260408,10bp_slippage_plus_impact,0.0,False,0,S1_U2_filter_only_no_refill__R4_tail_breadth_Q2,S1_U2_filter_only_no_refill,R4_tail_breadth_Q2
20260409,10bp_slippage_plus_impact,0.00997540005144383,True,8,S1_U2_filter_only_no_refill__R4_tail_breadth_Q2,S1_U2_filter_only_no_refill,R4_tail_breadth_Q2
20260410,10bp_slippage_plus_impact,0.0,False,0,S1_U2_filter_only_no_refill__R4_tail_breadth_Q2,S1_U2_filter_only_no_refill,R4_tail_breadth_Q2
20260413,10bp_slippage_plus_impact,0.012831824242362906,True,9,S1_U2_filter_only_no_refill__R4_tail_breadth_Q2,S1_U2_filter_only_no_refill,R4_tail_breadth_Q2
20260414,10bp_slippage_plus_impact,0.0,False,0,S1_U2_filter_only_no_refill__R4_tail_breadth_Q2,S1_U2_filter_only_no_refill,R4_tail_breadth_Q2
20260415,10bp_slippage_plus_impact,0.0,False,0,S1_U2_filter_only_no_refill__R4_tail_breadth_Q2,S1_U2_filter_only_no_refill,R4_tail_breadth_Q2
20260416,10bp_slippage_plus_impact,0.0,False,0,S1_U2_filter_only_no_refill__R4_tail_breadth_Q2,S1_U2_filter_only_no_refill,R4_tail_breadth_Q2
20260417,10bp_slippage_plus_impact,0.0,False,0,S1_U2_filter_only_no_refill__R4_tail_breadth_Q2,S1_U2_filter_only_no_refill,R4_tail_breadth_Q2
20260420,10bp_slippage_plus_impact,0.0,False,0,S1_U2_filter_only_no_refill__R4_tail_breadth_Q2,S1_U2_filter_only_no_refill,R4_tail_breadth_Q2
20260421,10bp_slippage_plus_impact,0.0,False,0,S1_U2_filter_only_no_refill__R4_tail_breadth_Q2,S1_U2_filter_only_no_refill,R4_tail_breadth_Q2
20260422,10bp_slippage_plus_impact,0.0,False,0,S1_U2_filter_only_no_refill__R4_tail_breadth_Q2,S1_U2_filter_only_no_refill,R4_tail_breadth_Q2
20260423,10bp_slippage_plus_impact,0.0,False,0,S1_U2_filter_only_no_refill__R4_tail_breadth_Q2,S1_U2_filter_only_no_refill,R4_tail_breadth_Q2
20260424,10bp_slippage_plus_impact,0.006588962419188105,True,2,S1_U2_filter_only_no_refill__R4_tail_breadth_Q2,S1_U2_filter_only_no_refill,R4_tail_breadth_Q2
20260427,10bp_slippage_plus_impact,0.0,False,0,S1_U2_filter_only_no_refill__R4_tail_breadth_Q2,S1_U2_filter_only_no_refill,R4_tail_breadth_Q2
20260428,10bp_slippage_plus_impact,0.0,False,0,S1_U2_filter_only_no_refill__R4_tail_breadth_Q2,S1_U2_filter_only_no_refill,R4_tail_breadth_Q2
20260429,10bp_slippage_plus_impact,0.02403378857853644,True,5,S1_U2_filter_only_no_refill__R4_tail_breadth_Q2,S1_U2_filter_only_no_refill,R4_tail_breadth_Q2
20260430,10bp_slippage_plus_impact,0.0,False,0,S1_U2_filter_only_no_refill__R4_tail_breadth_Q2,S1_U2_filter_only_no_refill,R4_tail_breadth_Q2
20260506,10bp_slippage_plus_impact,0.0,False,0,S1_U2_filter_only_no_refill__R4_tail_breadth_Q2,S1_U2_filter_only_no_refill,R4_tail_breadth_Q2
20260507,10bp_slippage_plus_impact,0.0,False,0,S1_U2_filter_only_no_refill__R4_tail_breadth_Q2,S1_U2_filter_only_no_refill,R4_tail_breadth_Q2
20260508,10bp_slippage_plus_impact,-0.0005320285721479689,True,10,S1_U2_filter_only_no_refill__R4_tail_breadth_Q2,S1_U2_filter_only_no_refill,R4_tail_breadth_Q2
20260511,10bp_slippage_plus_impact,0.0,False,0,S1_U2_filter_only_no_refill__R4_tail_breadth_Q2,S1_U2_filter_only_no_refill,R4_tail_breadth_Q2
20260512,10bp_slippage_plus_impact,0.0,False,0,S1_U2_filter_only_no_refill__R4_tail_breadth_Q2,S1_U2_filter_only_no_refill,R4_tail_breadth_Q2
20260513,10bp_slippage_plus_impact,0.0,False,0,S1_U2_filter_only_no_refill__R4_tail_breadth_Q2,S1_U2_filter_only_no_refill,R4_tail_breadth_Q2
20260514,10bp_slippage_plus_impact,0.0,False,0,S1_U2_filter_only_no_refill__R4_tail_breadth_Q2,S1_U2_filter_only_no_refill,R4_tail_breadth_Q2
20260515,10bp_slippage_plus_impact,0.0,False,0,S1_U2_filter_only_no_refill__R4_tail_breadth_Q2,S1_U2_filter_only_no_refill,R4_tail_breadth_Q2
20260518,10bp_slippage_plus_impact,0.0,False,0,S1_U2_filter_only_no_refill__R4_tail_breadth_Q2,S1_U2_filter_only_no_refill,R4_tail_breadth_Q2
20260519,10bp_slippage_plus_impact,0.0,False,0,S1_U2_filter_only_no_refill__R4_tail_breadth_Q2,S1_U2_filter_only_no_refill,R4_tail_breadth_Q2
20260520,10bp_slippage_plus_impact,0.0,False,0,S1_U2_filter_only_no_refill__R4_tail_breadth_Q2,S1_U2_filter_only_no_refill,R4_tail_breadth_Q2
20260224,5bp_one_way_slippage,0.007049807959140142,True,5,S1_U2_filter_only_no_refill__R5_tail_ret_median_Q2,S1_U2_filter_only_no_refill,R5_tail_ret_median_Q2
20260225,5bp_one_way_slippage,0.0,False,0,S1_U2_filter_only_no_refill__R5_tail_ret_median_Q2,S1_U2_filter_only_no_refill,R5_tail_ret_median_Q2
20260226,5bp_one_way_slippage,0.0,False,0,S1_U2_filter_only_no_refill__R5_tail_ret_median_Q2,S1_U2_filter_only_no_refill,R5_tail_ret_median_Q2
20260227,5bp_one_way_slippage,0.0,False,0,S1_U2_filter_only_no_refill__R5_tail_ret_median_Q2,S1_U2_filter_only_no_refill,R5_tail_ret_median_Q2
20260302,5bp_one_way_slippage,-0.009938251485637083,True,9,S1_U2_filter_only_no_refill__R5_tail_ret_median_Q2,S1_U2_filter_only_no_refill,R5_tail_ret_median_Q2
20260303,5bp_one_way_slippage,0.0,False,0,S1_U2_filter_only_no_refill__R5_tail_ret_median_Q2,S1_U2_filter_only_no_refill,R5_tail_ret_median_Q2
20260304,5bp_one_way_slippage,0.017046883472663667,True,7,S1_U2_filter_only_no_refill__R5_tail_ret_median_Q2,S1_U2_filter_only_no_refill,R5_tail_ret_median_Q2
20260305,5bp_one_way_slippage,0.0,False,0,S1_U2_filter_only_no_refill__R5_tail_ret_median_Q2,S1_U2_filter_only_no_refill,R5_tail_ret_median_Q2
20260306,5bp_one_way_slippage,0.0,False,0,S1_U2_filter_only_no_refill__R5_tail_ret_median_Q2,S1_U2_filter_only_no_refill,R5_tail_ret_median_Q2
20260309,5bp_one_way_slippage,0.029850360661961672,True,6,S1_U2_filter_only_no_refill__R5_tail_ret_median_Q2,S1_U2_filter_only_no_refill,R5_tail_ret_median_Q2
20260310,5bp_one_way_slippage,0.0,False,0,S1_U2_filter_only_no_refill__R5_tail_ret_median_Q2,S1_U2_filter_only_no_refill,R5_tail_ret_median_Q2
20260311,5bp_one_way_slippage,0.0,False,0,S1_U2_filter_only_no_refill__R5_tail_ret_median_Q2,S1_U2_filter_only_no_refill,R5_tail_ret_median_Q2
20260312,5bp_one_way_slippage,0.0,False,0,S1_U2_filter_only_no_refill__R5_tail_ret_median_Q2,S1_U2_filter_only_no_refill,R5_tail_ret_median_Q2
20260313,5bp_one_way_slippage,0.0,False,0,S1_U2_filter_only_no_refill__R5_tail_ret_median_Q2,S1_U2_filter_only_no_refill,R5_tail_ret_median_Q2
20260316,5bp_one_way_slippage,0.0,False,0,S1_U2_filter_only_no_refill__R5_tail_ret_median_Q2,S1_U2_filter_only_no_refill,R5_tail_ret_median_Q2
20260317,5bp_one_way_slippage,0.0,False,0,S1_U2_filter_only_no_refill__R5_tail_ret_median_Q2,S1_U2_filter_only_no_refill,R5_tail_ret_median_Q2
20260318,5bp_one_way_slippage,0.0,False,0,S1_U2_filter_only_no_refill__R5_tail_ret_median_Q2,S1_U2_filter_only_no_refill,R5_tail_ret_median_Q2
20260319,5bp_one_way_slippage,0.0,False,0,S1_U2_filter_only_no_refill__R5_tail_ret_median_Q2,S1_U2_filter_only_no_refill,R5_tail_ret_median_Q2
20260320,5bp_one_way_slippage,0.0,False,0,S1_U2_filter_only_no_refill__R5_tail_ret_median_Q2,S1_U2_filter_only_no_refill,R5_tail_ret_median_Q2
20260323,5bp_one_way_slippage,0.0,False,0,S1_U2_filter_only_no_refill__R5_tail_ret_median_Q2,S1_U2_filter_only_no_refill,R5_tail_ret_median_Q2
20260324,5bp_one_way_slippage,0.0,False,0,S1_U2_filter_only_no_refill__R5_tail_ret_median_Q2,S1_U2_filter_only_no_refill,R5_tail_ret_median_Q2
20260325,5bp_one_way_slippage,0.0,False,0,S1_U2_filter_only_no_refill__R5_tail_ret_median_Q2,S1_U2_filter_only_no_refill,R5_tail_ret_median_Q2
20260326,5bp_one_way_slippage,-0.007560234530582882,True,4,S1_U2_filter_only_no_refill__R5_tail_ret_median_Q2,S1_U2_filter_only_no_refill,R5_tail_ret_median_Q2
20260327,5bp_one_way_slippage,0.0,False,0,S1_U2_filter_only_no_refill__R5_tail_ret_median_Q2,S1_U2_filter_only_no_refill,R5_tail_ret_median_Q2
20260330,5bp_one_way_slippage,0.0,False,0,S1_U2_filter_only_no_refill__R5_tail_ret_median_Q2,S1_U2_filter_only_no_refill,R5_tail_ret_median_Q2
20260331,5bp_one_way_slippage,0.0,False,0,S1_U2_filter_only_no_refill__R5_tail_ret_median_Q2,S1_U2_filter_only_no_refill,R5_tail_ret_median_Q2
20260401,5bp_one_way_slippage,0.0,False,0,S1_U2_filter_only_no_refill__R5_tail_ret_median_Q2,S1_U2_filter_only_no_refill,R5_tail_ret_median_Q2
20260402,5bp_one_way_slippage,-0.02592106527785054,True,4,S1_U2_filter_only_no_refill__R5_tail_ret_median_Q2,S1_U2_filter_only_no_refill,R5_tail_ret_median_Q2
20260403,5bp_one_way_slippage,0.0,False,0,S1_U2_filter_only_no_refill__R5_tail_ret_median_Q2,S1_U2_filter_only_no_refill,R5_tail_ret_median_Q2
20260407,5bp_one_way_slippage,0.03363667943106527,True,8,S1_U2_filter_only_no_refill__R5_tail_ret_median_Q2,S1_U2_filter_only_no_refill,R5_tail_ret_median_Q2
20260408,5bp_one_way_slippage,0.0,False,0,S1_U2_filter_only_no_refill__R5_tail_ret_median_Q2,S1_U2_filter_only_no_refill,R5_tail_ret_median_Q2
20260409,5bp_one_way_slippage,0.01108626565819687,True,8,S1_U2_filter_only_no_refill__R5_tail_ret_median_Q2,S1_U2_filter_only_no_refill,R5_tail_ret_median_Q2
20260410,5bp_one_way_slippage,0.009676130987428573,True,7,S1_U2_filter_only_no_refill__R5_tail_ret_median_Q2,S1_U2_filter_only_no_refill,R5_tail_ret_median_Q2
20260413,5bp_one_way_slippage,0.013958837269948239,True,9,S1_U2_filter_only_no_refill__R5_tail_ret_median_Q2,S1_U2_filter_only_no_refill,R5_tail_ret_median_Q2
20260414,5bp_one_way_slippage,0.0,False,0,S1_U2_filter_only_no_refill__R5_tail_ret_median_Q2,S1_U2_filter_only_no_refill,R5_tail_ret_median_Q2
20260415,5bp_one_way_slippage,0.0,False,0,S1_U2_filter_only_no_refill__R5_tail_ret_median_Q2,S1_U2_filter_only_no_refill,R5_tail_ret_median_Q2
20260416,5bp_one_way_slippage,0.0,False,0,S1_U2_filter_only_no_refill__R5_tail_ret_median_Q2,S1_U2_filter_only_no_refill,R5_tail_ret_median_Q2
20260417,5bp_one_way_slippage,0.0,False,0,S1_U2_filter_only_no_refill__R5_tail_ret_median_Q2,S1_U2_filter_only_no_refill,R5_tail_ret_median_Q2
20260420,5bp_one_way_slippage,0.0,False,0,S1_U2_filter_only_no_refill__R5_tail_ret_median_Q2,S1_U2_filter_only_no_refill,R5_tail_ret_median_Q2
20260421,5bp_one_way_slippage,0.0,False,0,S1_U2_filter_only_no_refill__R5_tail_ret_median_Q2,S1_U2_filter_only_no_refill,R5_tail_ret_median_Q2
20260422,5bp_one_way_slippage,0.0,False,0,S1_U2_filter_only_no_refill__R5_tail_ret_median_Q2,S1_U2_filter_only_no_refill,R5_tail_ret_median_Q2
20260423,5bp_one_way_slippage,0.0,False,0,S1_U2_filter_only_no_refill__R5_tail_ret_median_Q2,S1_U2_filter_only_no_refill,R5_tail_ret_median_Q2
20260424,5bp_one_way_slippage,0.0,False,0,S1_U2_filter_only_no_refill__R5_tail_ret_median_Q2,S1_U2_filter_only_no_refill,R5_tail_ret_median_Q2
20260427,5bp_one_way_slippage,0.0,False,0,S1_U2_filter_only_no_refill__R5_tail_ret_median_Q2,S1_U2_filter_only_no_refill,R5_tail_ret_median_Q2
20260428,5bp_one_way_slippage,0.0,False,0,S1_U2_filter_only_no_refill__R5_tail_ret_median_Q2,S1_U2_filter_only_no_refill,R5_tail_ret_median_Q2
20260429,5bp_one_way_slippage,0.0,False,0,S1_U2_filter_only_no_refill__R5_tail_ret_median_Q2,S1_U2_filter_only_no_refill,R5_tail_ret_median_Q2
20260430,5bp_one_way_slippage,0.0,False,0,S1_U2_filter_only_no_refill__R5_tail_ret_median_Q2,S1_U2_filter_only_no_refill,R5_tail_ret_median_Q2
20260506,5bp_one_way_slippage,0.0,False,0,S1_U2_filter_only_no_refill__R5_tail_ret_median_Q2,S1_U2_filter_only_no_refill,R5_tail_ret_median_Q2
20260507,5bp_one_way_slippage,0.0,False,0,S1_U2_filter_only_no_refill__R5_tail_ret_median_Q2,S1_U2_filter_only_no_refill,R5_tail_ret_median_Q2
20260508,5bp_one_way_slippage,0.0005459795521586708,True,10,S1_U2_filter_only_no_refill__R5_tail_ret_median_Q2,S1_U2_filter_only_no_refill,R5_tail_ret_median_Q2
20260511,5bp_one_way_slippage,0.0,False,0,S1_U2_filter_only_no_refill__R5_tail_ret_median_Q2,S1_U2_filter_only_no_refill,R5_tail_ret_median_Q2
20260512,5bp_one_way_slippage,0.0,False,0,S1_U2_filter_only_no_refill__R5_tail_ret_median_Q2,S1_U2_filter_only_no_refill,R5_tail_ret_median_Q2
20260513,5bp_one_way_slippage,0.0,False,0,S1_U2_filter_only_no_refill__R5_tail_ret_median_Q2,S1_U2_filter_only_no_refill,R5_tail_ret_median_Q2
20260514,5bp_one_way_slippage,0.0,False,0,S1_U2_filter_only_no_refill__R5_tail_ret_median_Q2,S1_U2_filter_only_no_refill,R5_tail_ret_median_Q2
20260515,5bp_one_way_slippage,0.0,False,0,S1_U2_filter_only_no_refill__R5_tail_ret_median_Q2,S1_U2_filter_only_no_refill,R5_tail_ret_median_Q2
20260518,5bp_one_way_slippage,0.0,False,0,S1_U2_filter_only_no_refill__R5_tail_ret_median_Q2,S1_U2_filter_only_no_refill,R5_tail_ret_median_Q2
20260519,5bp_one_way_slippage,0.0,False,0,S1_U2_filter_only_no_refill__R5_tail_ret_median_Q2,S1_U2_filter_only_no_refill,R5_tail_ret_median_Q2
20260520,5bp_one_way_slippage,0.0,False,0,S1_U2_filter_only_no_refill__R5_tail_ret_median_Q2,S1_U2_filter_only_no_refill,R5_tail_ret_median_Q2
20260224,10bp_one_way_slippage,0.006043008340508571,True,5,S1_U2_filter_only_no_refill__R5_tail_ret_median_Q2,S1_U2_filter_only_no_refill,R5_tail_ret_median_Q2
20260225,10bp_one_way_slippage,0.0,False,0,S1_U2_filter_only_no_refill__R5_tail_ret_median_Q2,S1_U2_filter_only_no_refill,R5_tail_ret_median_Q2
20260226,10bp_one_way_slippage,0.0,False,0,S1_U2_filter_only_no_refill__R5_tail_ret_median_Q2,S1_U2_filter_only_no_refill,R5_tail_ret_median_Q2
20260227,10bp_one_way_slippage,0.0,False,0,S1_U2_filter_only_no_refill__R5_tail_ret_median_Q2,S1_U2_filter_only_no_refill,R5_tail_ret_median_Q2
20260302,10bp_one_way_slippage,-0.010928067265301464,True,9,S1_U2_filter_only_no_refill__R5_tail_ret_median_Q2,S1_U2_filter_only_no_refill,R5_tail_ret_median_Q2
20260303,10bp_one_way_slippage,0.0,False,0,S1_U2_filter_only_no_refill__R5_tail_ret_median_Q2,S1_U2_filter_only_no_refill,R5_tail_ret_median_Q2
20260304,10bp_one_way_slippage,0.016030089262170897,True,7,S1_U2_filter_only_no_refill__R5_tail_ret_median_Q2,S1_U2_filter_only_no_refill,R5_tail_ret_median_Q2
20260305,10bp_one_way_slippage,0.0,False,0,S1_U2_filter_only_no_refill__R5_tail_ret_median_Q2,S1_U2_filter_only_no_refill,R5_tail_ret_median_Q2
20260306,10bp_one_way_slippage,0.0,False,0,S1_U2_filter_only_no_refill__R5_tail_ret_median_Q2,S1_U2_filter_only_no_refill,R5_tail_ret_median_Q2
20260309,10bp_one_way_slippage,0.02882076615514843,True,6,S1_U2_filter_only_no_refill__R5_tail_ret_median_Q2,S1_U2_filter_only_no_refill,R5_tail_ret_median_Q2
20260310,10bp_one_way_slippage,0.0,False,0,S1_U2_filter_only_no_refill__R5_tail_ret_median_Q2,S1_U2_filter_only_no_refill,R5_tail_ret_median_Q2
20260311,10bp_one_way_slippage,0.0,False,0,S1_U2_filter_only_no_refill__R5_tail_ret_median_Q2,S1_U2_filter_only_no_refill,R5_tail_ret_median_Q2
20260312,10bp_one_way_slippage,0.0,False,0,S1_U2_filter_only_no_refill__R5_tail_ret_median_Q2,S1_U2_filter_only_no_refill,R5_tail_ret_median_Q2
20260313,10bp_one_way_slippage,0.0,False,0,S1_U2_filter_only_no_refill__R5_tail_ret_median_Q2,S1_U2_filter_only_no_refill,R5_tail_ret_median_Q2
20260316,10bp_one_way_slippage,0.0,False,0,S1_U2_filter_only_no_refill__R5_tail_ret_median_Q2,S1_U2_filter_only_no_refill,R5_tail_ret_median_Q2
20260317,10bp_one_way_slippage,0.0,False,0,S1_U2_filter_only_no_refill__R5_tail_ret_median_Q2,S1_U2_filter_only_no_refill,R5_tail_ret_median_Q2
20260318,10bp_one_way_slippage,0.0,False,0,S1_U2_filter_only_no_refill__R5_tail_ret_median_Q2,S1_U2_filter_only_no_refill,R5_tail_ret_median_Q2
20260319,10bp_one_way_slippage,0.0,False,0,S1_U2_filter_only_no_refill__R5_tail_ret_median_Q2,S1_U2_filter_only_no_refill,R5_tail_ret_median_Q2
20260320,10bp_one_way_slippage,0.0,False,0,S1_U2_filter_only_no_refill__R5_tail_ret_median_Q2,S1_U2_filter_only_no_refill,R5_tail_ret_median_Q2
20260323,10bp_one_way_slippage,0.0,False,0,S1_U2_filter_only_no_refill__R5_tail_ret_median_Q2,S1_U2_filter_only_no_refill,R5_tail_ret_median_Q2
20260324,10bp_one_way_slippage,0.0,False,0,S1_U2_filter_only_no_refill__R5_tail_ret_median_Q2,S1_U2_filter_only_no_refill,R5_tail_ret_median_Q2
20260325,10bp_one_way_slippage,0.0,False,0,S1_U2_filter_only_no_refill__R5_tail_ret_median_Q2,S1_U2_filter_only_no_refill,R5_tail_ret_median_Q2
20260326,10bp_one_way_slippage,-0.008552427736412849,True,4,S1_U2_filter_only_no_refill__R5_tail_ret_median_Q2,S1_U2_filter_only_no_refill,R5_tail_ret_median_Q2
20260327,10bp_one_way_slippage,0.0,False,0,S1_U2_filter_only_no_refill__R5_tail_ret_median_Q2,S1_U2_filter_only_no_refill,R5_tail_ret_median_Q2
20260330,10bp_one_way_slippage,0.0,False,0,S1_U2_filter_only_no_refill__R5_tail_ret_median_Q2,S1_U2_filter_only_no_refill,R5_tail_ret_median_Q2
20260331,10bp_one_way_slippage,0.0,False,0,S1_U2_filter_only_no_refill__R5_tail_ret_median_Q2,S1_U2_filter_only_no_refill,R5_tail_ret_median_Q2
20260401,10bp_one_way_slippage,0.0,False,0,S1_U2_filter_only_no_refill__R5_tail_ret_median_Q2,S1_U2_filter_only_no_refill,R5_tail_ret_median_Q2
20260402,10bp_one_way_slippage,-0.026894902214459254,True,4,S1_U2_filter_only_no_refill__R5_tail_ret_median_Q2,S1_U2_filter_only_no_refill,R5_tail_ret_median_Q2
20260403,10bp_one_way_slippage,0.0,False,0,S1_U2_filter_only_no_refill__R5_tail_ret_median_Q2,S1_U2_filter_only_no_refill,R5_tail_ret_median_Q2
20260407,10bp_one_way_slippage,0.03260329954614802,True,8,S1_U2_filter_only_no_refill__R5_tail_ret_median_Q2,S1_U2_filter_only_no_refill,R5_tail_ret_median_Q2
20260408,10bp_one_way_slippage,0.0,False,0,S1_U2_filter_only_no_refill__R5_tail_ret_median_Q2,S1_U2_filter_only_no_refill,R5_tail_ret_median_Q2
20260409,10bp_one_way_slippage,0.010075430584675263,True,8,S1_U2_filter_only_no_refill__R5_tail_ret_median_Q2,S1_U2_filter_only_no_refill,R5_tail_ret_median_Q2
20260410,10bp_one_way_slippage,0.00866670569824687,True,7,S1_U2_filter_only_no_refill__R5_tail_ret_median_Q2,S1_U2_filter_only_no_refill,R5_tail_ret_median_Q2
20260413,10bp_one_way_slippage,0.012945130338470593,True,9,S1_U2_filter_only_no_refill__R5_tail_ret_median_Q2,S1_U2_filter_only_no_refill,R5_tail_ret_median_Q2
20260414,10bp_one_way_slippage,0.0,False,0,S1_U2_filter_only_no_refill__R5_tail_ret_median_Q2,S1_U2_filter_only_no_refill,R5_tail_ret_median_Q2
20260415,10bp_one_way_slippage,0.0,False,0,S1_U2_filter_only_no_refill__R5_tail_ret_median_Q2,S1_U2_filter_only_no_refill,R5_tail_ret_median_Q2
20260416,10bp_one_way_slippage,0.0,False,0,S1_U2_filter_only_no_refill__R5_tail_ret_median_Q2,S1_U2_filter_only_no_refill,R5_tail_ret_median_Q2
20260417,10bp_one_way_slippage,0.0,False,0,S1_U2_filter_only_no_refill__R5_tail_ret_median_Q2,S1_U2_filter_only_no_refill,R5_tail_ret_median_Q2
20260420,10bp_one_way_slippage,0.0,False,0,S1_U2_filter_only_no_refill__R5_tail_ret_median_Q2,S1_U2_filter_only_no_refill,R5_tail_ret_median_Q2
20260421,10bp_one_way_slippage,0.0,False,0,S1_U2_filter_only_no_refill__R5_tail_ret_median_Q2,S1_U2_filter_only_no_refill,R5_tail_ret_median_Q2
20260422,10bp_one_way_slippage,0.0,False,0,S1_U2_filter_only_no_refill__R5_tail_ret_median_Q2,S1_U2_filter_only_no_refill,R5_tail_ret_median_Q2
20260423,10bp_one_way_slippage,0.0,False,0,S1_U2_filter_only_no_refill__R5_tail_ret_median_Q2,S1_U2_filter_only_no_refill,R5_tail_ret_median_Q2
20260424,10bp_one_way_slippage,0.0,False,0,S1_U2_filter_only_no_refill__R5_tail_ret_median_Q2,S1_U2_filter_only_no_refill,R5_tail_ret_median_Q2
20260427,10bp_one_way_slippage,0.0,False,0,S1_U2_filter_only_no_refill__R5_tail_ret_median_Q2,S1_U2_filter_only_no_refill,R5_tail_ret_median_Q2
20260428,10bp_one_way_slippage,0.0,False,0,S1_U2_filter_only_no_refill__R5_tail_ret_median_Q2,S1_U2_filter_only_no_refill,R5_tail_ret_median_Q2
20260429,10bp_one_way_slippage,0.0,False,0,S1_U2_filter_only_no_refill__R5_tail_ret_median_Q2,S1_U2_filter_only_no_refill,R5_tail_ret_median_Q2
20260430,10bp_one_way_slippage,0.0,False,0,S1_U2_filter_only_no_refill__R5_tail_ret_median_Q2,S1_U2_filter_only_no_refill,R5_tail_ret_median_Q2
20260506,10bp_one_way_slippage,0.0,False,0,S1_U2_filter_only_no_refill__R5_tail_ret_median_Q2,S1_U2_filter_only_no_refill,R5_tail_ret_median_Q2
20260507,10bp_one_way_slippage,0.0,False,0,S1_U2_filter_only_no_refill__R5_tail_ret_median_Q2,S1_U2_filter_only_no_refill,R5_tail_ret_median_Q2
20260508,10bp_one_way_slippage,-0.00045431785386327304,True,10,S1_U2_filter_only_no_refill__R5_tail_ret_median_Q2,S1_U2_filter_only_no_refill,R5_tail_ret_median_Q2
20260511,10bp_one_way_slippage,0.0,False,0,S1_U2_filter_only_no_refill__R5_tail_ret_median_Q2,S1_U2_filter_only_no_refill,R5_tail_ret_median_Q2
20260512,10bp_one_way_slippage,0.0,False,0,S1_U2_filter_only_no_refill__R5_tail_ret_median_Q2,S1_U2_filter_only_no_refill,R5_tail_ret_median_Q2
20260513,10bp_one_way_slippage,0.0,False,0,S1_U2_filter_only_no_refill__R5_tail_ret_median_Q2,S1_U2_filter_only_no_refill,R5_tail_ret_median_Q2
20260514,10bp_one_way_slippage,0.0,False,0,S1_U2_filter_only_no_refill__R5_tail_ret_median_Q2,S1_U2_filter_only_no_refill,R5_tail_ret_median_Q2
20260515,10bp_one_way_slippage,0.0,False,0,S1_U2_filter_only_no_refill__R5_tail_ret_median_Q2,S1_U2_filter_only_no_refill,R5_tail_ret_median_Q2
20260518,10bp_one_way_slippage,0.0,False,0,S1_U2_filter_only_no_refill__R5_tail_ret_median_Q2,S1_U2_filter_only_no_refill,R5_tail_ret_median_Q2
20260519,10bp_one_way_slippage,0.0,False,0,S1_U2_filter_only_no_refill__R5_tail_ret_median_Q2,S1_U2_filter_only_no_refill,R5_tail_ret_median_Q2
20260520,10bp_one_way_slippage,0.0,False,0,S1_U2_filter_only_no_refill__R5_tail_ret_median_Q2,S1_U2_filter_only_no_refill,R5_tail_ret_median_Q2
20260224,10bp_slippage_plus_impact,0.005790147834386761,True,5,S1_U2_filter_only_no_refill__R5_tail_ret_median_Q2,S1_U2_filter_only_no_refill,R5_tail_ret_median_Q2
20260225,10bp_slippage_plus_impact,0.0,False,0,S1_U2_filter_only_no_refill__R5_tail_ret_median_Q2,S1_U2_filter_only_no_refill,R5_tail_ret_median_Q2
20260226,10bp_slippage_plus_impact,0.0,False,0,S1_U2_filter_only_no_refill__R5_tail_ret_median_Q2,S1_U2_filter_only_no_refill,R5_tail_ret_median_Q2
20260227,10bp_slippage_plus_impact,0.0,False,0,S1_U2_filter_only_no_refill__R5_tail_ret_median_Q2,S1_U2_filter_only_no_refill,R5_tail_ret_median_Q2
20260302,10bp_slippage_plus_impact,-0.010970736497406097,True,9,S1_U2_filter_only_no_refill__R5_tail_ret_median_Q2,S1_U2_filter_only_no_refill,R5_tail_ret_median_Q2
20260303,10bp_slippage_plus_impact,0.0,False,0,S1_U2_filter_only_no_refill__R5_tail_ret_median_Q2,S1_U2_filter_only_no_refill,R5_tail_ret_median_Q2
20260304,10bp_slippage_plus_impact,0.01590652152888031,True,7,S1_U2_filter_only_no_refill__R5_tail_ret_median_Q2,S1_U2_filter_only_no_refill,R5_tail_ret_median_Q2
20260305,10bp_slippage_plus_impact,0.0,False,0,S1_U2_filter_only_no_refill__R5_tail_ret_median_Q2,S1_U2_filter_only_no_refill,R5_tail_ret_median_Q2
20260306,10bp_slippage_plus_impact,0.0,False,0,S1_U2_filter_only_no_refill__R5_tail_ret_median_Q2,S1_U2_filter_only_no_refill,R5_tail_ret_median_Q2
20260309,10bp_slippage_plus_impact,0.028669755864734674,True,6,S1_U2_filter_only_no_refill__R5_tail_ret_median_Q2,S1_U2_filter_only_no_refill,R5_tail_ret_median_Q2
20260310,10bp_slippage_plus_impact,0.0,False,0,S1_U2_filter_only_no_refill__R5_tail_ret_median_Q2,S1_U2_filter_only_no_refill,R5_tail_ret_median_Q2
20260311,10bp_slippage_plus_impact,0.0,False,0,S1_U2_filter_only_no_refill__R5_tail_ret_median_Q2,S1_U2_filter_only_no_refill,R5_tail_ret_median_Q2
20260312,10bp_slippage_plus_impact,0.0,False,0,S1_U2_filter_only_no_refill__R5_tail_ret_median_Q2,S1_U2_filter_only_no_refill,R5_tail_ret_median_Q2
20260313,10bp_slippage_plus_impact,0.0,False,0,S1_U2_filter_only_no_refill__R5_tail_ret_median_Q2,S1_U2_filter_only_no_refill,R5_tail_ret_median_Q2
20260316,10bp_slippage_plus_impact,0.0,False,0,S1_U2_filter_only_no_refill__R5_tail_ret_median_Q2,S1_U2_filter_only_no_refill,R5_tail_ret_median_Q2
20260317,10bp_slippage_plus_impact,0.0,False,0,S1_U2_filter_only_no_refill__R5_tail_ret_median_Q2,S1_U2_filter_only_no_refill,R5_tail_ret_median_Q2
20260318,10bp_slippage_plus_impact,0.0,False,0,S1_U2_filter_only_no_refill__R5_tail_ret_median_Q2,S1_U2_filter_only_no_refill,R5_tail_ret_median_Q2
20260319,10bp_slippage_plus_impact,0.0,False,0,S1_U2_filter_only_no_refill__R5_tail_ret_median_Q2,S1_U2_filter_only_no_refill,R5_tail_ret_median_Q2
20260320,10bp_slippage_plus_impact,0.0,False,0,S1_U2_filter_only_no_refill__R5_tail_ret_median_Q2,S1_U2_filter_only_no_refill,R5_tail_ret_median_Q2
20260323,10bp_slippage_plus_impact,0.0,False,0,S1_U2_filter_only_no_refill__R5_tail_ret_median_Q2,S1_U2_filter_only_no_refill,R5_tail_ret_median_Q2
20260324,10bp_slippage_plus_impact,0.0,False,0,S1_U2_filter_only_no_refill__R5_tail_ret_median_Q2,S1_U2_filter_only_no_refill,R5_tail_ret_median_Q2
20260325,10bp_slippage_plus_impact,0.0,False,0,S1_U2_filter_only_no_refill__R5_tail_ret_median_Q2,S1_U2_filter_only_no_refill,R5_tail_ret_median_Q2
20260326,10bp_slippage_plus_impact,-0.008803420718462407,True,4,S1_U2_filter_only_no_refill__R5_tail_ret_median_Q2,S1_U2_filter_only_no_refill,R5_tail_ret_median_Q2
20260327,10bp_slippage_plus_impact,0.0,False,0,S1_U2_filter_only_no_refill__R5_tail_ret_median_Q2,S1_U2_filter_only_no_refill,R5_tail_ret_median_Q2
20260330,10bp_slippage_plus_impact,0.0,False,0,S1_U2_filter_only_no_refill__R5_tail_ret_median_Q2,S1_U2_filter_only_no_refill,R5_tail_ret_median_Q2
20260331,10bp_slippage_plus_impact,0.0,False,0,S1_U2_filter_only_no_refill__R5_tail_ret_median_Q2,S1_U2_filter_only_no_refill,R5_tail_ret_median_Q2
20260401,10bp_slippage_plus_impact,0.0,False,0,S1_U2_filter_only_no_refill__R5_tail_ret_median_Q2,S1_U2_filter_only_no_refill,R5_tail_ret_median_Q2
20260402,10bp_slippage_plus_impact,-0.027004263910243465,True,4,S1_U2_filter_only_no_refill__R5_tail_ret_median_Q2,S1_U2_filter_only_no_refill,R5_tail_ret_median_Q2
20260403,10bp_slippage_plus_impact,0.0,False,0,S1_U2_filter_only_no_refill__R5_tail_ret_median_Q2,S1_U2_filter_only_no_refill,R5_tail_ret_median_Q2
20260407,10bp_slippage_plus_impact,0.032413570216882126,True,8,S1_U2_filter_only_no_refill__R5_tail_ret_median_Q2,S1_U2_filter_only_no_refill,R5_tail_ret_median_Q2
20260408,10bp_slippage_plus_impact,0.0,False,0,S1_U2_filter_only_no_refill__R5_tail_ret_median_Q2,S1_U2_filter_only_no_refill,R5_tail_ret_median_Q2
20260409,10bp_slippage_plus_impact,0.00997540005144383,True,8,S1_U2_filter_only_no_refill__R5_tail_ret_median_Q2,S1_U2_filter_only_no_refill,R5_tail_ret_median_Q2
20260410,10bp_slippage_plus_impact,0.008546910923407647,True,7,S1_U2_filter_only_no_refill__R5_tail_ret_median_Q2,S1_U2_filter_only_no_refill,R5_tail_ret_median_Q2
20260413,10bp_slippage_plus_impact,0.012831824242362906,True,9,S1_U2_filter_only_no_refill__R5_tail_ret_median_Q2,S1_U2_filter_only_no_refill,R5_tail_ret_median_Q2
20260414,10bp_slippage_plus_impact,0.0,False,0,S1_U2_filter_only_no_refill__R5_tail_ret_median_Q2,S1_U2_filter_only_no_refill,R5_tail_ret_median_Q2
20260415,10bp_slippage_plus_impact,0.0,False,0,S1_U2_filter_only_no_refill__R5_tail_ret_median_Q2,S1_U2_filter_only_no_refill,R5_tail_ret_median_Q2
20260416,10bp_slippage_plus_impact,0.0,False,0,S1_U2_filter_only_no_refill__R5_tail_ret_median_Q2,S1_U2_filter_only_no_refill,R5_tail_ret_median_Q2
20260417,10bp_slippage_plus_impact,0.0,False,0,S1_U2_filter_only_no_refill__R5_tail_ret_median_Q2,S1_U2_filter_only_no_refill,R5_tail_ret_median_Q2
20260420,10bp_slippage_plus_impact,0.0,False,0,S1_U2_filter_only_no_refill__R5_tail_ret_median_Q2,S1_U2_filter_only_no_refill,R5_tail_ret_median_Q2
20260421,10bp_slippage_plus_impact,0.0,False,0,S1_U2_filter_only_no_refill__R5_tail_ret_median_Q2,S1_U2_filter_only_no_refill,R5_tail_ret_median_Q2
20260422,10bp_slippage_plus_impact,0.0,False,0,S1_U2_filter_only_no_refill__R5_tail_ret_median_Q2,S1_U2_filter_only_no_refill,R5_tail_ret_median_Q2
20260423,10bp_slippage_plus_impact,0.0,False,0,S1_U2_filter_only_no_refill__R5_tail_ret_median_Q2,S1_U2_filter_only_no_refill,R5_tail_ret_median_Q2
20260424,10bp_slippage_plus_impact,0.0,False,0,S1_U2_filter_only_no_refill__R5_tail_ret_median_Q2,S1_U2_filter_only_no_refill,R5_tail_ret_median_Q2
20260427,10bp_slippage_plus_impact,0.0,False,0,S1_U2_filter_only_no_refill__R5_tail_ret_median_Q2,S1_U2_filter_only_no_refill,R5_tail_ret_median_Q2
20260428,10bp_slippage_plus_impact,0.0,False,0,S1_U2_filter_only_no_refill__R5_tail_ret_median_Q2,S1_U2_filter_only_no_refill,R5_tail_ret_median_Q2
20260429,10bp_slippage_plus_impact,0.0,False,0,S1_U2_filter_only_no_refill__R5_tail_ret_median_Q2,S1_U2_filter_only_no_refill,R5_tail_ret_median_Q2
20260430,10bp_slippage_plus_impact,0.0,False,0,S1_U2_filter_only_no_refill__R5_tail_ret_median_Q2,S1_U2_filter_only_no_refill,R5_tail_ret_median_Q2
20260506,10bp_slippage_plus_impact,0.0,False,0,S1_U2_filter_only_no_refill__R5_tail_ret_median_Q2,S1_U2_filter_only_no_refill,R5_tail_ret_median_Q2
20260507,10bp_slippage_plus_impact,0.0,False,0,S1_U2_filter_only_no_refill__R5_tail_ret_median_Q2,S1_U2_filter_only_no_refill,R5_tail_ret_median_Q2
20260508,10bp_slippage_plus_impact,-0.0005320285721479689,True,10,S1_U2_filter_only_no_refill__R5_tail_ret_median_Q2,S1_U2_filter_only_no_refill,R5_tail_ret_median_Q2
20260511,10bp_slippage_plus_impact,0.0,False,0,S1_U2_filter_only_no_refill__R5_tail_ret_median_Q2,S1_U2_filter_only_no_refill,R5_tail_ret_median_Q2
20260512,10bp_slippage_plus_impact,0.0,False,0,S1_U2_filter_only_no_refill__R5_tail_ret_median_Q2,S1_U2_filter_only_no_refill,R5_tail_ret_median_Q2
20260513,10bp_slippage_plus_impact,0.0,False,0,S1_U2_filter_only_no_refill__R5_tail_ret_median_Q2,S1_U2_filter_only_no_refill,R5_tail_ret_median_Q2
20260514,10bp_slippage_plus_impact,0.0,False,0,S1_U2_filter_only_no_refill__R5_tail_ret_median_Q2,S1_U2_filter_only_no_refill,R5_tail_ret_median_Q2
20260515,10bp_slippage_plus_impact,0.0,False,0,S1_U2_filter_only_no_refill__R5_tail_ret_median_Q2,S1_U2_filter_only_no_refill,R5_tail_ret_median_Q2
20260518,10bp_slippage_plus_impact,0.0,False,0,S1_U2_filter_only_no_refill__R5_tail_ret_median_Q2,S1_U2_filter_only_no_refill,R5_tail_ret_median_Q2
20260519,10bp_slippage_plus_impact,0.0,False,0,S1_U2_filter_only_no_refill__R5_tail_ret_median_Q2,S1_U2_filter_only_no_refill,R5_tail_ret_median_Q2
20260520,10bp_slippage_plus_impact,0.0,False,0,S1_U2_filter_only_no_refill__R5_tail_ret_median_Q2,S1_U2_filter_only_no_refill,R5_tail_ret_median_Q2
20260224,5bp_one_way_slippage,0.0,False,0,S1_U2_filter_only_no_refill__R6_market_dispersion_Q1_low,S1_U2_filter_only_no_refill,R6_market_dispersion_Q1_low
20260225,5bp_one_way_slippage,0.0,False,0,S1_U2_filter_only_no_refill__R6_market_dispersion_Q1_low,S1_U2_filter_only_no_refill,R6_market_dispersion_Q1_low
20260226,5bp_one_way_slippage,0.0,False,0,S1_U2_filter_only_no_refill__R6_market_dispersion_Q1_low,S1_U2_filter_only_no_refill,R6_market_dispersion_Q1_low
20260227,5bp_one_way_slippage,0.0,False,0,S1_U2_filter_only_no_refill__R6_market_dispersion_Q1_low,S1_U2_filter_only_no_refill,R6_market_dispersion_Q1_low
20260302,5bp_one_way_slippage,0.0,False,0,S1_U2_filter_only_no_refill__R6_market_dispersion_Q1_low,S1_U2_filter_only_no_refill,R6_market_dispersion_Q1_low
20260303,5bp_one_way_slippage,0.0,False,0,S1_U2_filter_only_no_refill__R6_market_dispersion_Q1_low,S1_U2_filter_only_no_refill,R6_market_dispersion_Q1_low
20260304,5bp_one_way_slippage,0.0,False,0,S1_U2_filter_only_no_refill__R6_market_dispersion_Q1_low,S1_U2_filter_only_no_refill,R6_market_dispersion_Q1_low
20260305,5bp_one_way_slippage,0.0,False,0,S1_U2_filter_only_no_refill__R6_market_dispersion_Q1_low,S1_U2_filter_only_no_refill,R6_market_dispersion_Q1_low
20260306,5bp_one_way_slippage,0.0,False,0,S1_U2_filter_only_no_refill__R6_market_dispersion_Q1_low,S1_U2_filter_only_no_refill,R6_market_dispersion_Q1_low
20260309,5bp_one_way_slippage,0.0,False,0,S1_U2_filter_only_no_refill__R6_market_dispersion_Q1_low,S1_U2_filter_only_no_refill,R6_market_dispersion_Q1_low
20260310,5bp_one_way_slippage,0.0,False,0,S1_U2_filter_only_no_refill__R6_market_dispersion_Q1_low,S1_U2_filter_only_no_refill,R6_market_dispersion_Q1_low
20260311,5bp_one_way_slippage,0.0,False,0,S1_U2_filter_only_no_refill__R6_market_dispersion_Q1_low,S1_U2_filter_only_no_refill,R6_market_dispersion_Q1_low
20260312,5bp_one_way_slippage,0.0,False,0,S1_U2_filter_only_no_refill__R6_market_dispersion_Q1_low,S1_U2_filter_only_no_refill,R6_market_dispersion_Q1_low
20260313,5bp_one_way_slippage,0.0,False,0,S1_U2_filter_only_no_refill__R6_market_dispersion_Q1_low,S1_U2_filter_only_no_refill,R6_market_dispersion_Q1_low
20260316,5bp_one_way_slippage,0.0,False,0,S1_U2_filter_only_no_refill__R6_market_dispersion_Q1_low,S1_U2_filter_only_no_refill,R6_market_dispersion_Q1_low
20260317,5bp_one_way_slippage,0.0,False,0,S1_U2_filter_only_no_refill__R6_market_dispersion_Q1_low,S1_U2_filter_only_no_refill,R6_market_dispersion_Q1_low
20260318,5bp_one_way_slippage,0.0,False,0,S1_U2_filter_only_no_refill__R6_market_dispersion_Q1_low,S1_U2_filter_only_no_refill,R6_market_dispersion_Q1_low
20260319,5bp_one_way_slippage,0.0,False,0,S1_U2_filter_only_no_refill__R6_market_dispersion_Q1_low,S1_U2_filter_only_no_refill,R6_market_dispersion_Q1_low
20260320,5bp_one_way_slippage,0.0,False,0,S1_U2_filter_only_no_refill__R6_market_dispersion_Q1_low,S1_U2_filter_only_no_refill,R6_market_dispersion_Q1_low
20260323,5bp_one_way_slippage,0.0,False,0,S1_U2_filter_only_no_refill__R6_market_dispersion_Q1_low,S1_U2_filter_only_no_refill,R6_market_dispersion_Q1_low
20260324,5bp_one_way_slippage,0.023883283713154624,True,2,S1_U2_filter_only_no_refill__R6_market_dispersion_Q1_low,S1_U2_filter_only_no_refill,R6_market_dispersion_Q1_low
20260325,5bp_one_way_slippage,-0.00783088650392021,True,5,S1_U2_filter_only_no_refill__R6_market_dispersion_Q1_low,S1_U2_filter_only_no_refill,R6_market_dispersion_Q1_low
20260326,5bp_one_way_slippage,-0.007560234530582882,True,4,S1_U2_filter_only_no_refill__R6_market_dispersion_Q1_low,S1_U2_filter_only_no_refill,R6_market_dispersion_Q1_low
20260327,5bp_one_way_slippage,-0.015841431325242628,True,7,S1_U2_filter_only_no_refill__R6_market_dispersion_Q1_low,S1_U2_filter_only_no_refill,R6_market_dispersion_Q1_low
20260330,5bp_one_way_slippage,0.011078726358593902,True,8,S1_U2_filter_only_no_refill__R6_market_dispersion_Q1_low,S1_U2_filter_only_no_refill,R6_market_dispersion_Q1_low
20260331,5bp_one_way_slippage,0.021313083540485334,True,1,S1_U2_filter_only_no_refill__R6_market_dispersion_Q1_low,S1_U2_filter_only_no_refill,R6_market_dispersion_Q1_low
20260401,5bp_one_way_slippage,0.0,False,0,S1_U2_filter_only_no_refill__R6_market_dispersion_Q1_low,S1_U2_filter_only_no_refill,R6_market_dispersion_Q1_low
20260402,5bp_one_way_slippage,0.0,False,0,S1_U2_filter_only_no_refill__R6_market_dispersion_Q1_low,S1_U2_filter_only_no_refill,R6_market_dispersion_Q1_low
20260403,5bp_one_way_slippage,0.0,False,0,S1_U2_filter_only_no_refill__R6_market_dispersion_Q1_low,S1_U2_filter_only_no_refill,R6_market_dispersion_Q1_low
20260407,5bp_one_way_slippage,0.03363667943106527,True,8,S1_U2_filter_only_no_refill__R6_market_dispersion_Q1_low,S1_U2_filter_only_no_refill,R6_market_dispersion_Q1_low
20260408,5bp_one_way_slippage,0.0,False,0,S1_U2_filter_only_no_refill__R6_market_dispersion_Q1_low,S1_U2_filter_only_no_refill,R6_market_dispersion_Q1_low
20260409,5bp_one_way_slippage,0.0,False,0,S1_U2_filter_only_no_refill__R6_market_dispersion_Q1_low,S1_U2_filter_only_no_refill,R6_market_dispersion_Q1_low
20260410,5bp_one_way_slippage,0.009676130987428573,True,7,S1_U2_filter_only_no_refill__R6_market_dispersion_Q1_low,S1_U2_filter_only_no_refill,R6_market_dispersion_Q1_low
20260413,5bp_one_way_slippage,0.0,False,0,S1_U2_filter_only_no_refill__R6_market_dispersion_Q1_low,S1_U2_filter_only_no_refill,R6_market_dispersion_Q1_low
20260414,5bp_one_way_slippage,0.04790525403756751,True,1,S1_U2_filter_only_no_refill__R6_market_dispersion_Q1_low,S1_U2_filter_only_no_refill,R6_market_dispersion_Q1_low
20260415,5bp_one_way_slippage,0.026403883298706132,True,2,S1_U2_filter_only_no_refill__R6_market_dispersion_Q1_low,S1_U2_filter_only_no_refill,R6_market_dispersion_Q1_low
20260416,5bp_one_way_slippage,-0.008277268196903331,True,2,S1_U2_filter_only_no_refill__R6_market_dispersion_Q1_low,S1_U2_filter_only_no_refill,R6_market_dispersion_Q1_low
20260417,5bp_one_way_slippage,0.0,False,0,S1_U2_filter_only_no_refill__R6_market_dispersion_Q1_low,S1_U2_filter_only_no_refill,R6_market_dispersion_Q1_low
20260420,5bp_one_way_slippage,0.0,False,0,S1_U2_filter_only_no_refill__R6_market_dispersion_Q1_low,S1_U2_filter_only_no_refill,R6_market_dispersion_Q1_low
20260421,5bp_one_way_slippage,-0.004018488048694435,True,10,S1_U2_filter_only_no_refill__R6_market_dispersion_Q1_low,S1_U2_filter_only_no_refill,R6_market_dispersion_Q1_low
20260422,5bp_one_way_slippage,0.0,False,0,S1_U2_filter_only_no_refill__R6_market_dispersion_Q1_low,S1_U2_filter_only_no_refill,R6_market_dispersion_Q1_low
20260423,5bp_one_way_slippage,0.0,False,0,S1_U2_filter_only_no_refill__R6_market_dispersion_Q1_low,S1_U2_filter_only_no_refill,R6_market_dispersion_Q1_low
20260424,5bp_one_way_slippage,0.0,False,0,S1_U2_filter_only_no_refill__R6_market_dispersion_Q1_low,S1_U2_filter_only_no_refill,R6_market_dispersion_Q1_low
20260427,5bp_one_way_slippage,0.0,False,0,S1_U2_filter_only_no_refill__R6_market_dispersion_Q1_low,S1_U2_filter_only_no_refill,R6_market_dispersion_Q1_low
20260428,5bp_one_way_slippage,0.0,False,0,S1_U2_filter_only_no_refill__R6_market_dispersion_Q1_low,S1_U2_filter_only_no_refill,R6_market_dispersion_Q1_low
20260429,5bp_one_way_slippage,0.0,False,0,S1_U2_filter_only_no_refill__R6_market_dispersion_Q1_low,S1_U2_filter_only_no_refill,R6_market_dispersion_Q1_low
20260430,5bp_one_way_slippage,0.0,False,0,S1_U2_filter_only_no_refill__R6_market_dispersion_Q1_low,S1_U2_filter_only_no_refill,R6_market_dispersion_Q1_low
20260506,5bp_one_way_slippage,0.0,False,0,S1_U2_filter_only_no_refill__R6_market_dispersion_Q1_low,S1_U2_filter_only_no_refill,R6_market_dispersion_Q1_low
20260507,5bp_one_way_slippage,0.0,False,0,S1_U2_filter_only_no_refill__R6_market_dispersion_Q1_low,S1_U2_filter_only_no_refill,R6_market_dispersion_Q1_low
20260508,5bp_one_way_slippage,0.0,False,0,S1_U2_filter_only_no_refill__R6_market_dispersion_Q1_low,S1_U2_filter_only_no_refill,R6_market_dispersion_Q1_low
20260511,5bp_one_way_slippage,0.0,False,0,S1_U2_filter_only_no_refill__R6_market_dispersion_Q1_low,S1_U2_filter_only_no_refill,R6_market_dispersion_Q1_low
20260512,5bp_one_way_slippage,0.0,False,0,S1_U2_filter_only_no_refill__R6_market_dispersion_Q1_low,S1_U2_filter_only_no_refill,R6_market_dispersion_Q1_low
20260513,5bp_one_way_slippage,0.0,False,0,S1_U2_filter_only_no_refill__R6_market_dispersion_Q1_low,S1_U2_filter_only_no_refill,R6_market_dispersion_Q1_low
20260514,5bp_one_way_slippage,0.0,False,0,S1_U2_filter_only_no_refill__R6_market_dispersion_Q1_low,S1_U2_filter_only_no_refill,R6_market_dispersion_Q1_low
20260515,5bp_one_way_slippage,0.0,False,0,S1_U2_filter_only_no_refill__R6_market_dispersion_Q1_low,S1_U2_filter_only_no_refill,R6_market_dispersion_Q1_low
20260518,5bp_one_way_slippage,0.0,False,0,S1_U2_filter_only_no_refill__R6_market_dispersion_Q1_low,S1_U2_filter_only_no_refill,R6_market_dispersion_Q1_low
20260519,5bp_one_way_slippage,0.0,False,0,S1_U2_filter_only_no_refill__R6_market_dispersion_Q1_low,S1_U2_filter_only_no_refill,R6_market_dispersion_Q1_low
20260520,5bp_one_way_slippage,0.0,False,0,S1_U2_filter_only_no_refill__R6_market_dispersion_Q1_low,S1_U2_filter_only_no_refill,R6_market_dispersion_Q1_low
20260224,10bp_one_way_slippage,0.0,False,0,S1_U2_filter_only_no_refill__R6_market_dispersion_Q1_low,S1_U2_filter_only_no_refill,R6_market_dispersion_Q1_low
20260225,10bp_one_way_slippage,0.0,False,0,S1_U2_filter_only_no_refill__R6_market_dispersion_Q1_low,S1_U2_filter_only_no_refill,R6_market_dispersion_Q1_low
20260226,10bp_one_way_slippage,0.0,False,0,S1_U2_filter_only_no_refill__R6_market_dispersion_Q1_low,S1_U2_filter_only_no_refill,R6_market_dispersion_Q1_low
20260227,10bp_one_way_slippage,0.0,False,0,S1_U2_filter_only_no_refill__R6_market_dispersion_Q1_low,S1_U2_filter_only_no_refill,R6_market_dispersion_Q1_low
20260302,10bp_one_way_slippage,0.0,False,0,S1_U2_filter_only_no_refill__R6_market_dispersion_Q1_low,S1_U2_filter_only_no_refill,R6_market_dispersion_Q1_low
20260303,10bp_one_way_slippage,0.0,False,0,S1_U2_filter_only_no_refill__R6_market_dispersion_Q1_low,S1_U2_filter_only_no_refill,R6_market_dispersion_Q1_low
20260304,10bp_one_way_slippage,0.0,False,0,S1_U2_filter_only_no_refill__R6_market_dispersion_Q1_low,S1_U2_filter_only_no_refill,R6_market_dispersion_Q1_low
20260305,10bp_one_way_slippage,0.0,False,0,S1_U2_filter_only_no_refill__R6_market_dispersion_Q1_low,S1_U2_filter_only_no_refill,R6_market_dispersion_Q1_low
20260306,10bp_one_way_slippage,0.0,False,0,S1_U2_filter_only_no_refill__R6_market_dispersion_Q1_low,S1_U2_filter_only_no_refill,R6_market_dispersion_Q1_low
20260309,10bp_one_way_slippage,0.0,False,0,S1_U2_filter_only_no_refill__R6_market_dispersion_Q1_low,S1_U2_filter_only_no_refill,R6_market_dispersion_Q1_low
20260310,10bp_one_way_slippage,0.0,False,0,S1_U2_filter_only_no_refill__R6_market_dispersion_Q1_low,S1_U2_filter_only_no_refill,R6_market_dispersion_Q1_low
20260311,10bp_one_way_slippage,0.0,False,0,S1_U2_filter_only_no_refill__R6_market_dispersion_Q1_low,S1_U2_filter_only_no_refill,R6_market_dispersion_Q1_low
20260312,10bp_one_way_slippage,0.0,False,0,S1_U2_filter_only_no_refill__R6_market_dispersion_Q1_low,S1_U2_filter_only_no_refill,R6_market_dispersion_Q1_low
20260313,10bp_one_way_slippage,0.0,False,0,S1_U2_filter_only_no_refill__R6_market_dispersion_Q1_low,S1_U2_filter_only_no_refill,R6_market_dispersion_Q1_low
20260316,10bp_one_way_slippage,0.0,False,0,S1_U2_filter_only_no_refill__R6_market_dispersion_Q1_low,S1_U2_filter_only_no_refill,R6_market_dispersion_Q1_low
20260317,10bp_one_way_slippage,0.0,False,0,S1_U2_filter_only_no_refill__R6_market_dispersion_Q1_low,S1_U2_filter_only_no_refill,R6_market_dispersion_Q1_low
20260318,10bp_one_way_slippage,0.0,False,0,S1_U2_filter_only_no_refill__R6_market_dispersion_Q1_low,S1_U2_filter_only_no_refill,R6_market_dispersion_Q1_low
20260319,10bp_one_way_slippage,0.0,False,0,S1_U2_filter_only_no_refill__R6_market_dispersion_Q1_low,S1_U2_filter_only_no_refill,R6_market_dispersion_Q1_low
20260320,10bp_one_way_slippage,0.0,False,0,S1_U2_filter_only_no_refill__R6_market_dispersion_Q1_low,S1_U2_filter_only_no_refill,R6_market_dispersion_Q1_low
20260323,10bp_one_way_slippage,0.0,False,0,S1_U2_filter_only_no_refill__R6_market_dispersion_Q1_low,S1_U2_filter_only_no_refill,R6_market_dispersion_Q1_low
20260324,10bp_one_way_slippage,0.02285965480084229,True,2,S1_U2_filter_only_no_refill__R6_market_dispersion_Q1_low,S1_U2_filter_only_no_refill,R6_market_dispersion_Q1_low
20260325,10bp_one_way_slippage,-0.008822809125016984,True,5,S1_U2_filter_only_no_refill__R6_market_dispersion_Q1_low,S1_U2_filter_only_no_refill,R6_market_dispersion_Q1_low
20260326,10bp_one_way_slippage,-0.008552427736412849,True,4,S1_U2_filter_only_no_refill__R6_market_dispersion_Q1_low,S1_U2_filter_only_no_refill,R6_market_dispersion_Q1_low
20260327,10bp_one_way_slippage,-0.01682534539164095,True,7,S1_U2_filter_only_no_refill__R6_market_dispersion_Q1_low,S1_U2_filter_only_no_refill,R6_market_dispersion_Q1_low
20260330,10bp_one_way_slippage,0.010067898822498936,True,8,S1_U2_filter_only_no_refill__R6_market_dispersion_Q1_low,S1_U2_filter_only_no_refill,R6_market_dispersion_Q1_low
20260331,10bp_one_way_slippage,0.020292024189810354,True,1,S1_U2_filter_only_no_refill__R6_market_dispersion_Q1_low,S1_U2_filter_only_no_refill,R6_market_dispersion_Q1_low
20260401,10bp_one_way_slippage,0.0,False,0,S1_U2_filter_only_no_refill__R6_market_dispersion_Q1_low,S1_U2_filter_only_no_refill,R6_market_dispersion_Q1_low
20260402,10bp_one_way_slippage,0.0,False,0,S1_U2_filter_only_no_refill__R6_market_dispersion_Q1_low,S1_U2_filter_only_no_refill,R6_market_dispersion_Q1_low
20260403,10bp_one_way_slippage,0.0,False,0,S1_U2_filter_only_no_refill__R6_market_dispersion_Q1_low,S1_U2_filter_only_no_refill,R6_market_dispersion_Q1_low
20260407,10bp_one_way_slippage,0.03260329954614802,True,8,S1_U2_filter_only_no_refill__R6_market_dispersion_Q1_low,S1_U2_filter_only_no_refill,R6_market_dispersion_Q1_low
20260408,10bp_one_way_slippage,0.0,False,0,S1_U2_filter_only_no_refill__R6_market_dispersion_Q1_low,S1_U2_filter_only_no_refill,R6_market_dispersion_Q1_low
20260409,10bp_one_way_slippage,0.0,False,0,S1_U2_filter_only_no_refill__R6_market_dispersion_Q1_low,S1_U2_filter_only_no_refill,R6_market_dispersion_Q1_low
20260410,10bp_one_way_slippage,0.00866670569824687,True,7,S1_U2_filter_only_no_refill__R6_market_dispersion_Q1_low,S1_U2_filter_only_no_refill,R6_market_dispersion_Q1_low
20260413,10bp_one_way_slippage,0.0,False,0,S1_U2_filter_only_no_refill__R6_market_dispersion_Q1_low,S1_U2_filter_only_no_refill,R6_market_dispersion_Q1_low
20260414,10bp_one_way_slippage,0.04685760912289849,True,1,S1_U2_filter_only_no_refill__R6_market_dispersion_Q1_low,S1_U2_filter_only_no_refill,R6_market_dispersion_Q1_low
20260415,10bp_one_way_slippage,0.025377734413020714,True,2,S1_U2_filter_only_no_refill__R6_market_dispersion_Q1_low,S1_U2_filter_only_no_refill,R6_market_dispersion_Q1_low
20260416,10bp_one_way_slippage,-0.009268744547205332,True,2,S1_U2_filter_only_no_refill__R6_market_dispersion_Q1_low,S1_U2_filter_only_no_refill,R6_market_dispersion_Q1_low
20260417,10bp_one_way_slippage,0.0,False,0,S1_U2_filter_only_no_refill__R6_market_dispersion_Q1_low,S1_U2_filter_only_no_refill,R6_market_dispersion_Q1_low
20260420,10bp_one_way_slippage,0.0,False,0,S1_U2_filter_only_no_refill__R6_market_dispersion_Q1_low,S1_U2_filter_only_no_refill,R6_market_dispersion_Q1_low
20260421,10bp_one_way_slippage,-0.005014222121102263,True,10,S1_U2_filter_only_no_refill__R6_market_dispersion_Q1_low,S1_U2_filter_only_no_refill,R6_market_dispersion_Q1_low
20260422,10bp_one_way_slippage,0.0,False,0,S1_U2_filter_only_no_refill__R6_market_dispersion_Q1_low,S1_U2_filter_only_no_refill,R6_market_dispersion_Q1_low
20260423,10bp_one_way_slippage,0.0,False,0,S1_U2_filter_only_no_refill__R6_market_dispersion_Q1_low,S1_U2_filter_only_no_refill,R6_market_dispersion_Q1_low
20260424,10bp_one_way_slippage,0.0,False,0,S1_U2_filter_only_no_refill__R6_market_dispersion_Q1_low,S1_U2_filter_only_no_refill,R6_market_dispersion_Q1_low
20260427,10bp_one_way_slippage,0.0,False,0,S1_U2_filter_only_no_refill__R6_market_dispersion_Q1_low,S1_U2_filter_only_no_refill,R6_market_dispersion_Q1_low
20260428,10bp_one_way_slippage,0.0,False,0,S1_U2_filter_only_no_refill__R6_market_dispersion_Q1_low,S1_U2_filter_only_no_refill,R6_market_dispersion_Q1_low
20260429,10bp_one_way_slippage,0.0,False,0,S1_U2_filter_only_no_refill__R6_market_dispersion_Q1_low,S1_U2_filter_only_no_refill,R6_market_dispersion_Q1_low
20260430,10bp_one_way_slippage,0.0,False,0,S1_U2_filter_only_no_refill__R6_market_dispersion_Q1_low,S1_U2_filter_only_no_refill,R6_market_dispersion_Q1_low
20260506,10bp_one_way_slippage,0.0,False,0,S1_U2_filter_only_no_refill__R6_market_dispersion_Q1_low,S1_U2_filter_only_no_refill,R6_market_dispersion_Q1_low
20260507,10bp_one_way_slippage,0.0,False,0,S1_U2_filter_only_no_refill__R6_market_dispersion_Q1_low,S1_U2_filter_only_no_refill,R6_market_dispersion_Q1_low
20260508,10bp_one_way_slippage,0.0,False,0,S1_U2_filter_only_no_refill__R6_market_dispersion_Q1_low,S1_U2_filter_only_no_refill,R6_market_dispersion_Q1_low
20260511,10bp_one_way_slippage,0.0,False,0,S1_U2_filter_only_no_refill__R6_market_dispersion_Q1_low,S1_U2_filter_only_no_refill,R6_market_dispersion_Q1_low
20260512,10bp_one_way_slippage,0.0,False,0,S1_U2_filter_only_no_refill__R6_market_dispersion_Q1_low,S1_U2_filter_only_no_refill,R6_market_dispersion_Q1_low
20260513,10bp_one_way_slippage,0.0,False,0,S1_U2_filter_only_no_refill__R6_market_dispersion_Q1_low,S1_U2_filter_only_no_refill,R6_market_dispersion_Q1_low
20260514,10bp_one_way_slippage,0.0,False,0,S1_U2_filter_only_no_refill__R6_market_dispersion_Q1_low,S1_U2_filter_only_no_refill,R6_market_dispersion_Q1_low
20260515,10bp_one_way_slippage,0.0,False,0,S1_U2_filter_only_no_refill__R6_market_dispersion_Q1_low,S1_U2_filter_only_no_refill,R6_market_dispersion_Q1_low
20260518,10bp_one_way_slippage,0.0,False,0,S1_U2_filter_only_no_refill__R6_market_dispersion_Q1_low,S1_U2_filter_only_no_refill,R6_market_dispersion_Q1_low
20260519,10bp_one_way_slippage,0.0,False,0,S1_U2_filter_only_no_refill__R6_market_dispersion_Q1_low,S1_U2_filter_only_no_refill,R6_market_dispersion_Q1_low
20260520,10bp_one_way_slippage,0.0,False,0,S1_U2_filter_only_no_refill__R6_market_dispersion_Q1_low,S1_U2_filter_only_no_refill,R6_market_dispersion_Q1_low
20260224,10bp_slippage_plus_impact,0.0,False,0,S1_U2_filter_only_no_refill__R6_market_dispersion_Q1_low,S1_U2_filter_only_no_refill,R6_market_dispersion_Q1_low
20260225,10bp_slippage_plus_impact,0.0,False,0,S1_U2_filter_only_no_refill__R6_market_dispersion_Q1_low,S1_U2_filter_only_no_refill,R6_market_dispersion_Q1_low
20260226,10bp_slippage_plus_impact,0.0,False,0,S1_U2_filter_only_no_refill__R6_market_dispersion_Q1_low,S1_U2_filter_only_no_refill,R6_market_dispersion_Q1_low
20260227,10bp_slippage_plus_impact,0.0,False,0,S1_U2_filter_only_no_refill__R6_market_dispersion_Q1_low,S1_U2_filter_only_no_refill,R6_market_dispersion_Q1_low
20260302,10bp_slippage_plus_impact,0.0,False,0,S1_U2_filter_only_no_refill__R6_market_dispersion_Q1_low,S1_U2_filter_only_no_refill,R6_market_dispersion_Q1_low
20260303,10bp_slippage_plus_impact,0.0,False,0,S1_U2_filter_only_no_refill__R6_market_dispersion_Q1_low,S1_U2_filter_only_no_refill,R6_market_dispersion_Q1_low
20260304,10bp_slippage_plus_impact,0.0,False,0,S1_U2_filter_only_no_refill__R6_market_dispersion_Q1_low,S1_U2_filter_only_no_refill,R6_market_dispersion_Q1_low
20260305,10bp_slippage_plus_impact,0.0,False,0,S1_U2_filter_only_no_refill__R6_market_dispersion_Q1_low,S1_U2_filter_only_no_refill,R6_market_dispersion_Q1_low
20260306,10bp_slippage_plus_impact,0.0,False,0,S1_U2_filter_only_no_refill__R6_market_dispersion_Q1_low,S1_U2_filter_only_no_refill,R6_market_dispersion_Q1_low
20260309,10bp_slippage_plus_impact,0.0,False,0,S1_U2_filter_only_no_refill__R6_market_dispersion_Q1_low,S1_U2_filter_only_no_refill,R6_market_dispersion_Q1_low
20260310,10bp_slippage_plus_impact,0.0,False,0,S1_U2_filter_only_no_refill__R6_market_dispersion_Q1_low,S1_U2_filter_only_no_refill,R6_market_dispersion_Q1_low
20260311,10bp_slippage_plus_impact,0.0,False,0,S1_U2_filter_only_no_refill__R6_market_dispersion_Q1_low,S1_U2_filter_only_no_refill,R6_market_dispersion_Q1_low
20260312,10bp_slippage_plus_impact,0.0,False,0,S1_U2_filter_only_no_refill__R6_market_dispersion_Q1_low,S1_U2_filter_only_no_refill,R6_market_dispersion_Q1_low
20260313,10bp_slippage_plus_impact,0.0,False,0,S1_U2_filter_only_no_refill__R6_market_dispersion_Q1_low,S1_U2_filter_only_no_refill,R6_market_dispersion_Q1_low
20260316,10bp_slippage_plus_impact,0.0,False,0,S1_U2_filter_only_no_refill__R6_market_dispersion_Q1_low,S1_U2_filter_only_no_refill,R6_market_dispersion_Q1_low
20260317,10bp_slippage_plus_impact,0.0,False,0,S1_U2_filter_only_no_refill__R6_market_dispersion_Q1_low,S1_U2_filter_only_no_refill,R6_market_dispersion_Q1_low
20260318,10bp_slippage_plus_impact,0.0,False,0,S1_U2_filter_only_no_refill__R6_market_dispersion_Q1_low,S1_U2_filter_only_no_refill,R6_market_dispersion_Q1_low
20260319,10bp_slippage_plus_impact,0.0,False,0,S1_U2_filter_only_no_refill__R6_market_dispersion_Q1_low,S1_U2_filter_only_no_refill,R6_market_dispersion_Q1_low
20260320,10bp_slippage_plus_impact,0.0,False,0,S1_U2_filter_only_no_refill__R6_market_dispersion_Q1_low,S1_U2_filter_only_no_refill,R6_market_dispersion_Q1_low
20260323,10bp_slippage_plus_impact,0.0,False,0,S1_U2_filter_only_no_refill__R6_market_dispersion_Q1_low,S1_U2_filter_only_no_refill,R6_market_dispersion_Q1_low
20260324,10bp_slippage_plus_impact,0.022667399907820518,True,2,S1_U2_filter_only_no_refill__R6_market_dispersion_Q1_low,S1_U2_filter_only_no_refill,R6_market_dispersion_Q1_low
20260325,10bp_slippage_plus_impact,-0.009066003858721828,True,5,S1_U2_filter_only_no_refill__R6_market_dispersion_Q1_low,S1_U2_filter_only_no_refill,R6_market_dispersion_Q1_low
20260326,10bp_slippage_plus_impact,-0.008803420718462407,True,4,S1_U2_filter_only_no_refill__R6_market_dispersion_Q1_low,S1_U2_filter_only_no_refill,R6_market_dispersion_Q1_low
20260327,10bp_slippage_plus_impact,-0.01707153891710362,True,7,S1_U2_filter_only_no_refill__R6_market_dispersion_Q1_low,S1_U2_filter_only_no_refill,R6_market_dispersion_Q1_low
20260330,10bp_slippage_plus_impact,0.00992520218417299,True,8,S1_U2_filter_only_no_refill__R6_market_dispersion_Q1_low,S1_U2_filter_only_no_refill,R6_market_dispersion_Q1_low
20260331,10bp_slippage_plus_impact,0.020086146959470197,True,1,S1_U2_filter_only_no_refill__R6_market_dispersion_Q1_low,S1_U2_filter_only_no_refill,R6_market_dispersion_Q1_low
20260401,10bp_slippage_plus_impact,0.0,False,0,S1_U2_filter_only_no_refill__R6_market_dispersion_Q1_low,S1_U2_filter_only_no_refill,R6_market_dispersion_Q1_low
20260402,10bp_slippage_plus_impact,0.0,False,0,S1_U2_filter_only_no_refill__R6_market_dispersion_Q1_low,S1_U2_filter_only_no_refill,R6_market_dispersion_Q1_low
20260403,10bp_slippage_plus_impact,0.0,False,0,S1_U2_filter_only_no_refill__R6_market_dispersion_Q1_low,S1_U2_filter_only_no_refill,R6_market_dispersion_Q1_low
20260407,10bp_slippage_plus_impact,0.032413570216882126,True,8,S1_U2_filter_only_no_refill__R6_market_dispersion_Q1_low,S1_U2_filter_only_no_refill,R6_market_dispersion_Q1_low
20260408,10bp_slippage_plus_impact,0.0,False,0,S1_U2_filter_only_no_refill__R6_market_dispersion_Q1_low,S1_U2_filter_only_no_refill,R6_market_dispersion_Q1_low
20260409,10bp_slippage_plus_impact,0.0,False,0,S1_U2_filter_only_no_refill__R6_market_dispersion_Q1_low,S1_U2_filter_only_no_refill,R6_market_dispersion_Q1_low
20260410,10bp_slippage_plus_impact,0.008546910923407647,True,7,S1_U2_filter_only_no_refill__R6_market_dispersion_Q1_low,S1_U2_filter_only_no_refill,R6_market_dispersion_Q1_low
20260413,10bp_slippage_plus_impact,0.0,False,0,S1_U2_filter_only_no_refill__R6_market_dispersion_Q1_low,S1_U2_filter_only_no_refill,R6_market_dispersion_Q1_low
20260414,10bp_slippage_plus_impact,0.046568041140218064,True,1,S1_U2_filter_only_no_refill__R6_market_dispersion_Q1_low,S1_U2_filter_only_no_refill,R6_market_dispersion_Q1_low
20260415,10bp_slippage_plus_impact,0.025116657163307132,True,2,S1_U2_filter_only_no_refill__R6_market_dispersion_Q1_low,S1_U2_filter_only_no_refill,R6_market_dispersion_Q1_low
20260416,10bp_slippage_plus_impact,-0.009452768190670646,True,2,S1_U2_filter_only_no_refill__R6_market_dispersion_Q1_low,S1_U2_filter_only_no_refill,R6_market_dispersion_Q1_low
20260417,10bp_slippage_plus_impact,0.0,False,0,S1_U2_filter_only_no_refill__R6_market_dispersion_Q1_low,S1_U2_filter_only_no_refill,R6_market_dispersion_Q1_low
20260420,10bp_slippage_plus_impact,0.0,False,0,S1_U2_filter_only_no_refill__R6_market_dispersion_Q1_low,S1_U2_filter_only_no_refill,R6_market_dispersion_Q1_low
20260421,10bp_slippage_plus_impact,-0.005102511886980932,True,10,S1_U2_filter_only_no_refill__R6_market_dispersion_Q1_low,S1_U2_filter_only_no_refill,R6_market_dispersion_Q1_low
20260422,10bp_slippage_plus_impact,0.0,False,0,S1_U2_filter_only_no_refill__R6_market_dispersion_Q1_low,S1_U2_filter_only_no_refill,R6_market_dispersion_Q1_low
20260423,10bp_slippage_plus_impact,0.0,False,0,S1_U2_filter_only_no_refill__R6_market_dispersion_Q1_low,S1_U2_filter_only_no_refill,R6_market_dispersion_Q1_low
20260424,10bp_slippage_plus_impact,0.0,False,0,S1_U2_filter_only_no_refill__R6_market_dispersion_Q1_low,S1_U2_filter_only_no_refill,R6_market_dispersion_Q1_low
20260427,10bp_slippage_plus_impact,0.0,False,0,S1_U2_filter_only_no_refill__R6_market_dispersion_Q1_low,S1_U2_filter_only_no_refill,R6_market_dispersion_Q1_low
20260428,10bp_slippage_plus_impact,0.0,False,0,S1_U2_filter_only_no_refill__R6_market_dispersion_Q1_low,S1_U2_filter_only_no_refill,R6_market_dispersion_Q1_low
20260429,10bp_slippage_plus_impact,0.0,False,0,S1_U2_filter_only_no_refill__R6_market_dispersion_Q1_low,S1_U2_filter_only_no_refill,R6_market_dispersion_Q1_low
20260430,10bp_slippage_plus_impact,0.0,False,0,S1_U2_filter_only_no_refill__R6_market_dispersion_Q1_low,S1_U2_filter_only_no_refill,R6_market_dispersion_Q1_low
20260506,10bp_slippage_plus_impact,0.0,False,0,S1_U2_filter_only_no_refill__R6_market_dispersion_Q1_low,S1_U2_filter_only_no_refill,R6_market_dispersion_Q1_low
20260507,10bp_slippage_plus_impact,0.0,False,0,S1_U2_filter_only_no_refill__R6_market_dispersion_Q1_low,S1_U2_filter_only_no_refill,R6_market_dispersion_Q1_low
20260508,10bp_slippage_plus_impact,0.0,False,0,S1_U2_filter_only_no_refill__R6_market_dispersion_Q1_low,S1_U2_filter_only_no_refill,R6_market_dispersion_Q1_low
20260511,10bp_slippage_plus_impact,0.0,False,0,S1_U2_filter_only_no_refill__R6_market_dispersion_Q1_low,S1_U2_filter_only_no_refill,R6_market_dispersion_Q1_low
20260512,10bp_slippage_plus_impact,0.0,False,0,S1_U2_filter_only_no_refill__R6_market_dispersion_Q1_low,S1_U2_filter_only_no_refill,R6_market_dispersion_Q1_low
20260513,10bp_slippage_plus_impact,0.0,False,0,S1_U2_filter_only_no_refill__R6_market_dispersion_Q1_low,S1_U2_filter_only_no_refill,R6_market_dispersion_Q1_low
20260514,10bp_slippage_plus_impact,0.0,False,0,S1_U2_filter_only_no_refill__R6_market_dispersion_Q1_low,S1_U2_filter_only_no_refill,R6_market_dispersion_Q1_low
20260515,10bp_slippage_plus_impact,0.0,False,0,S1_U2_filter_only_no_refill__R6_market_dispersion_Q1_low,S1_U2_filter_only_no_refill,R6_market_dispersion_Q1_low
20260518,10bp_slippage_plus_impact,0.0,False,0,S1_U2_filter_only_no_refill__R6_market_dispersion_Q1_low,S1_U2_filter_only_no_refill,R6_market_dispersion_Q1_low
20260519,10bp_slippage_plus_impact,0.0,False,0,S1_U2_filter_only_no_refill__R6_market_dispersion_Q1_low,S1_U2_filter_only_no_refill,R6_market_dispersion_Q1_low
20260520,10bp_slippage_plus_impact,0.0,False,0,S1_U2_filter_only_no_refill__R6_market_dispersion_Q1_low,S1_U2_filter_only_no_refill,R6_market_dispersion_Q1_low
20260224,5bp_one_way_slippage,0.0,False,0,S1_U2_filter_only_no_refill__C1_tail_up,S1_U2_filter_only_no_refill,C1_tail_up
20260225,5bp_one_way_slippage,0.004463175900042443,True,8,S1_U2_filter_only_no_refill__C1_tail_up,S1_U2_filter_only_no_refill,C1_tail_up
20260226,5bp_one_way_slippage,0.0020996850725864486,True,9,S1_U2_filter_only_no_refill__C1_tail_up,S1_U2_filter_only_no_refill,C1_tail_up
20260227,5bp_one_way_slippage,-0.022795614922372462,True,9,S1_U2_filter_only_no_refill__C1_tail_up,S1_U2_filter_only_no_refill,C1_tail_up
20260302,5bp_one_way_slippage,0.0,False,0,S1_U2_filter_only_no_refill__C1_tail_up,S1_U2_filter_only_no_refill,C1_tail_up
20260303,5bp_one_way_slippage,0.0,False,0,S1_U2_filter_only_no_refill__C1_tail_up,S1_U2_filter_only_no_refill,C1_tail_up
20260304,5bp_one_way_slippage,0.0,False,0,S1_U2_filter_only_no_refill__C1_tail_up,S1_U2_filter_only_no_refill,C1_tail_up
20260305,5bp_one_way_slippage,0.0143476350818564,True,3,S1_U2_filter_only_no_refill__C1_tail_up,S1_U2_filter_only_no_refill,C1_tail_up
20260306,5bp_one_way_slippage,-0.03429805701672983,True,6,S1_U2_filter_only_no_refill__C1_tail_up,S1_U2_filter_only_no_refill,C1_tail_up
20260309,5bp_one_way_slippage,0.0,False,0,S1_U2_filter_only_no_refill__C1_tail_up,S1_U2_filter_only_no_refill,C1_tail_up
20260310,5bp_one_way_slippage,0.0005548833872862369,True,4,S1_U2_filter_only_no_refill__C1_tail_up,S1_U2_filter_only_no_refill,C1_tail_up
20260311,5bp_one_way_slippage,-0.0033242350367877816,True,10,S1_U2_filter_only_no_refill__C1_tail_up,S1_U2_filter_only_no_refill,C1_tail_up
20260312,5bp_one_way_slippage,-0.004266249295869495,True,8,S1_U2_filter_only_no_refill__C1_tail_up,S1_U2_filter_only_no_refill,C1_tail_up
20260313,5bp_one_way_slippage,0.0,False,0,S1_U2_filter_only_no_refill__C1_tail_up,S1_U2_filter_only_no_refill,C1_tail_up
20260316,5bp_one_way_slippage,0.0007551812003478098,True,10,S1_U2_filter_only_no_refill__C1_tail_up,S1_U2_filter_only_no_refill,C1_tail_up
20260317,5bp_one_way_slippage,0.0,False,0,S1_U2_filter_only_no_refill__C1_tail_up,S1_U2_filter_only_no_refill,C1_tail_up
20260318,5bp_one_way_slippage,-0.020478671771097922,True,5,S1_U2_filter_only_no_refill__C1_tail_up,S1_U2_filter_only_no_refill,C1_tail_up
20260319,5bp_one_way_slippage,0.0,False,0,S1_U2_filter_only_no_refill__C1_tail_up,S1_U2_filter_only_no_refill,C1_tail_up
20260320,5bp_one_way_slippage,0.0,False,0,S1_U2_filter_only_no_refill__C1_tail_up,S1_U2_filter_only_no_refill,C1_tail_up
20260323,5bp_one_way_slippage,0.0,False,0,S1_U2_filter_only_no_refill__C1_tail_up,S1_U2_filter_only_no_refill,C1_tail_up
20260324,5bp_one_way_slippage,0.023883283713154624,True,2,S1_U2_filter_only_no_refill__C1_tail_up,S1_U2_filter_only_no_refill,C1_tail_up
20260325,5bp_one_way_slippage,-0.00783088650392021,True,5,S1_U2_filter_only_no_refill__C1_tail_up,S1_U2_filter_only_no_refill,C1_tail_up
20260326,5bp_one_way_slippage,0.0,False,0,S1_U2_filter_only_no_refill__C1_tail_up,S1_U2_filter_only_no_refill,C1_tail_up
20260327,5bp_one_way_slippage,-0.015841431325242628,True,7,S1_U2_filter_only_no_refill__C1_tail_up,S1_U2_filter_only_no_refill,C1_tail_up
20260330,5bp_one_way_slippage,0.011078726358593902,True,8,S1_U2_filter_only_no_refill__C1_tail_up,S1_U2_filter_only_no_refill,C1_tail_up
20260331,5bp_one_way_slippage,0.0,False,0,S1_U2_filter_only_no_refill__C1_tail_up,S1_U2_filter_only_no_refill,C1_tail_up
20260401,5bp_one_way_slippage,0.007105764808586934,True,4,S1_U2_filter_only_no_refill__C1_tail_up,S1_U2_filter_only_no_refill,C1_tail_up
20260402,5bp_one_way_slippage,0.0,False,0,S1_U2_filter_only_no_refill__C1_tail_up,S1_U2_filter_only_no_refill,C1_tail_up
20260403,5bp_one_way_slippage,0.0,False,0,S1_U2_filter_only_no_refill__C1_tail_up,S1_U2_filter_only_no_refill,C1_tail_up
20260407,5bp_one_way_slippage,0.0,False,0,S1_U2_filter_only_no_refill__C1_tail_up,S1_U2_filter_only_no_refill,C1_tail_up
20260408,5bp_one_way_slippage,-0.019647834747264517,True,9,S1_U2_filter_only_no_refill__C1_tail_up,S1_U2_filter_only_no_refill,C1_tail_up
20260409,5bp_one_way_slippage,0.0,False,0,S1_U2_filter_only_no_refill__C1_tail_up,S1_U2_filter_only_no_refill,C1_tail_up
20260410,5bp_one_way_slippage,0.0,False,0,S1_U2_filter_only_no_refill__C1_tail_up,S1_U2_filter_only_no_refill,C1_tail_up
20260413,5bp_one_way_slippage,0.0,False,0,S1_U2_filter_only_no_refill__C1_tail_up,S1_U2_filter_only_no_refill,C1_tail_up
20260414,5bp_one_way_slippage,0.04790525403756751,True,1,S1_U2_filter_only_no_refill__C1_tail_up,S1_U2_filter_only_no_refill,C1_tail_up
20260415,5bp_one_way_slippage,0.0,False,0,S1_U2_filter_only_no_refill__C1_tail_up,S1_U2_filter_only_no_refill,C1_tail_up
20260416,5bp_one_way_slippage,-0.008277268196903331,True,2,S1_U2_filter_only_no_refill__C1_tail_up,S1_U2_filter_only_no_refill,C1_tail_up
20260417,5bp_one_way_slippage,0.0171408479169972,True,9,S1_U2_filter_only_no_refill__C1_tail_up,S1_U2_filter_only_no_refill,C1_tail_up
20260420,5bp_one_way_slippage,0.0002319056210503915,True,6,S1_U2_filter_only_no_refill__C1_tail_up,S1_U2_filter_only_no_refill,C1_tail_up
20260421,5bp_one_way_slippage,-0.004018488048694435,True,10,S1_U2_filter_only_no_refill__C1_tail_up,S1_U2_filter_only_no_refill,C1_tail_up
20260422,5bp_one_way_slippage,0.005118806669433984,True,8,S1_U2_filter_only_no_refill__C1_tail_up,S1_U2_filter_only_no_refill,C1_tail_up
20260423,5bp_one_way_slippage,-0.018343161699180044,True,1,S1_U2_filter_only_no_refill__C1_tail_up,S1_U2_filter_only_no_refill,C1_tail_up
20260424,5bp_one_way_slippage,0.0,False,0,S1_U2_filter_only_no_refill__C1_tail_up,S1_U2_filter_only_no_refill,C1_tail_up
20260427,5bp_one_way_slippage,-0.0037944334859796314,True,4,S1_U2_filter_only_no_refill__C1_tail_up,S1_U2_filter_only_no_refill,C1_tail_up
20260428,5bp_one_way_slippage,0.009916057794130998,True,3,S1_U2_filter_only_no_refill__C1_tail_up,S1_U2_filter_only_no_refill,C1_tail_up
20260429,5bp_one_way_slippage,0.0,False,0,S1_U2_filter_only_no_refill__C1_tail_up,S1_U2_filter_only_no_refill,C1_tail_up
20260430,5bp_one_way_slippage,0.03789369897902617,True,2,S1_U2_filter_only_no_refill__C1_tail_up,S1_U2_filter_only_no_refill,C1_tail_up
20260506,5bp_one_way_slippage,-0.01615003983464397,True,2,S1_U2_filter_only_no_refill__C1_tail_up,S1_U2_filter_only_no_refill,C1_tail_up
20260507,5bp_one_way_slippage,0.0095575737741464,True,2,S1_U2_filter_only_no_refill__C1_tail_up,S1_U2_filter_only_no_refill,C1_tail_up
20260508,5bp_one_way_slippage,0.0,False,0,S1_U2_filter_only_no_refill__C1_tail_up,S1_U2_filter_only_no_refill,C1_tail_up
20260511,5bp_one_way_slippage,-0.010640103282506272,True,9,S1_U2_filter_only_no_refill__C1_tail_up,S1_U2_filter_only_no_refill,C1_tail_up
20260512,5bp_one_way_slippage,-0.038352691823991036,True,2,S1_U2_filter_only_no_refill__C1_tail_up,S1_U2_filter_only_no_refill,C1_tail_up
20260513,5bp_one_way_slippage,0.016803889999350546,True,7,S1_U2_filter_only_no_refill__C1_tail_up,S1_U2_filter_only_no_refill,C1_tail_up
20260514,5bp_one_way_slippage,0.0,False,0,S1_U2_filter_only_no_refill__C1_tail_up,S1_U2_filter_only_no_refill,C1_tail_up
20260515,5bp_one_way_slippage,-0.002233687762138551,True,7,S1_U2_filter_only_no_refill__C1_tail_up,S1_U2_filter_only_no_refill,C1_tail_up
20260518,5bp_one_way_slippage,-0.009701979091243929,True,7,S1_U2_filter_only_no_refill__C1_tail_up,S1_U2_filter_only_no_refill,C1_tail_up
20260519,5bp_one_way_slippage,-0.011014148865127152,True,8,S1_U2_filter_only_no_refill__C1_tail_up,S1_U2_filter_only_no_refill,C1_tail_up
20260520,5bp_one_way_slippage,0.017224973447833542,True,9,S1_U2_filter_only_no_refill__C1_tail_up,S1_U2_filter_only_no_refill,C1_tail_up
20260224,10bp_one_way_slippage,0.0,False,0,S1_U2_filter_only_no_refill__C1_tail_up,S1_U2_filter_only_no_refill,C1_tail_up
20260225,10bp_one_way_slippage,0.0034589622708525586,True,8,S1_U2_filter_only_no_refill__C1_tail_up,S1_U2_filter_only_no_refill,C1_tail_up
20260226,10bp_one_way_slippage,0.001097834347043383,True,9,S1_U2_filter_only_no_refill__C1_tail_up,S1_U2_filter_only_no_refill,C1_tail_up
20260227,10bp_one_way_slippage,-0.02377257653285632,True,9,S1_U2_filter_only_no_refill__C1_tail_up,S1_U2_filter_only_no_refill,C1_tail_up
20260302,10bp_one_way_slippage,0.0,False,0,S1_U2_filter_only_no_refill__C1_tail_up,S1_U2_filter_only_no_refill,C1_tail_up
20260303,10bp_one_way_slippage,0.0,False,0,S1_U2_filter_only_no_refill__C1_tail_up,S1_U2_filter_only_no_refill,C1_tail_up
20260304,10bp_one_way_slippage,0.0,False,0,S1_U2_filter_only_no_refill__C1_tail_up,S1_U2_filter_only_no_refill,C1_tail_up
20260305,10bp_one_way_slippage,0.01333353944915879,True,3,S1_U2_filter_only_no_refill__C1_tail_up,S1_U2_filter_only_no_refill,C1_tail_up
20260306,10bp_one_way_slippage,-0.03526351904276174,True,6,S1_U2_filter_only_no_refill__C1_tail_up,S1_U2_filter_only_no_refill,C1_tail_up
20260309,10bp_one_way_slippage,0.0,False,0,S1_U2_filter_only_no_refill__C1_tail_up,S1_U2_filter_only_no_refill,C1_tail_up
20260310,10bp_one_way_slippage,-0.00044542292035884556,True,4,S1_U2_filter_only_no_refill__C1_tail_up,S1_U2_filter_only_no_refill,C1_tail_up
20260311,10bp_one_way_slippage,-0.004320663189728791,True,10,S1_U2_filter_only_no_refill__C1_tail_up,S1_U2_filter_only_no_refill,C1_tail_up
20260312,10bp_one_way_slippage,-0.005261735668583373,True,8,S1_U2_filter_only_no_refill__C1_tail_up,S1_U2_filter_only_no_refill,C1_tail_up
20260313,10bp_one_way_slippage,0.0,False,0,S1_U2_filter_only_no_refill__C1_tail_up,S1_U2_filter_only_no_refill,C1_tail_up
20260316,10bp_one_way_slippage,-0.00024532535534874664,True,10,S1_U2_filter_only_no_refill__C1_tail_up,S1_U2_filter_only_no_refill,C1_tail_up
20260317,10bp_one_way_slippage,0.0,False,0,S1_U2_filter_only_no_refill__C1_tail_up,S1_U2_filter_only_no_refill,C1_tail_up
20260318,10bp_one_way_slippage,-0.02145794974911659,True,5,S1_U2_filter_only_no_refill__C1_tail_up,S1_U2_filter_only_no_refill,C1_tail_up
20260319,10bp_one_way_slippage,0.0,False,0,S1_U2_filter_only_no_refill__C1_tail_up,S1_U2_filter_only_no_refill,C1_tail_up
20260320,10bp_one_way_slippage,0.0,False,0,S1_U2_filter_only_no_refill__C1_tail_up,S1_U2_filter_only_no_refill,C1_tail_up
20260323,10bp_one_way_slippage,0.0,False,0,S1_U2_filter_only_no_refill__C1_tail_up,S1_U2_filter_only_no_refill,C1_tail_up
20260324,10bp_one_way_slippage,0.02285965480084229,True,2,S1_U2_filter_only_no_refill__C1_tail_up,S1_U2_filter_only_no_refill,C1_tail_up
20260325,10bp_one_way_slippage,-0.008822809125016984,True,5,S1_U2_filter_only_no_refill__C1_tail_up,S1_U2_filter_only_no_refill,C1_tail_up
20260326,10bp_one_way_slippage,0.0,False,0,S1_U2_filter_only_no_refill__C1_tail_up,S1_U2_filter_only_no_refill,C1_tail_up
20260327,10bp_one_way_slippage,-0.01682534539164095,True,7,S1_U2_filter_only_no_refill__C1_tail_up,S1_U2_filter_only_no_refill,C1_tail_up
20260330,10bp_one_way_slippage,0.010067898822498936,True,8,S1_U2_filter_only_no_refill__C1_tail_up,S1_U2_filter_only_no_refill,C1_tail_up
20260331,10bp_one_way_slippage,0.0,False,0,S1_U2_filter_only_no_refill__C1_tail_up,S1_U2_filter_only_no_refill,C1_tail_up
20260401,10bp_one_way_slippage,0.006098909247007733,True,4,S1_U2_filter_only_no_refill__C1_tail_up,S1_U2_filter_only_no_refill,C1_tail_up
20260402,10bp_one_way_slippage,0.0,False,0,S1_U2_filter_only_no_refill__C1_tail_up,S1_U2_filter_only_no_refill,C1_tail_up
20260403,10bp_one_way_slippage,0.0,False,0,S1_U2_filter_only_no_refill__C1_tail_up,S1_U2_filter_only_no_refill,C1_tail_up
20260407,10bp_one_way_slippage,0.0,False,0,S1_U2_filter_only_no_refill__C1_tail_up,S1_U2_filter_only_no_refill,C1_tail_up
20260408,10bp_one_way_slippage,-0.020627943355895635,True,9,S1_U2_filter_only_no_refill__C1_tail_up,S1_U2_filter_only_no_refill,C1_tail_up
20260409,10bp_one_way_slippage,0.0,False,0,S1_U2_filter_only_no_refill__C1_tail_up,S1_U2_filter_only_no_refill,C1_tail_up
20260410,10bp_one_way_slippage,0.0,False,0,S1_U2_filter_only_no_refill__C1_tail_up,S1_U2_filter_only_no_refill,C1_tail_up
20260413,10bp_one_way_slippage,0.0,False,0,S1_U2_filter_only_no_refill__C1_tail_up,S1_U2_filter_only_no_refill,C1_tail_up
20260414,10bp_one_way_slippage,0.04685760912289849,True,1,S1_U2_filter_only_no_refill__C1_tail_up,S1_U2_filter_only_no_refill,C1_tail_up
20260415,10bp_one_way_slippage,0.0,False,0,S1_U2_filter_only_no_refill__C1_tail_up,S1_U2_filter_only_no_refill,C1_tail_up
20260416,10bp_one_way_slippage,-0.009268744547205332,True,2,S1_U2_filter_only_no_refill__C1_tail_up,S1_U2_filter_only_no_refill,C1_tail_up
20260417,10bp_one_way_slippage,0.01612395976540446,True,9,S1_U2_filter_only_no_refill__C1_tail_up,S1_U2_filter_only_no_refill,C1_tail_up
20260420,10bp_one_way_slippage,-0.0007680777890682888,True,6,S1_U2_filter_only_no_refill__C1_tail_up,S1_U2_filter_only_no_refill,C1_tail_up
20260421,10bp_one_way_slippage,-0.005014222121102263,True,10,S1_U2_filter_only_no_refill__C1_tail_up,S1_U2_filter_only_no_refill,C1_tail_up
20260422,10bp_one_way_slippage,0.004113937572358284,True,8,S1_U2_filter_only_no_refill__C1_tail_up,S1_U2_filter_only_no_refill,C1_tail_up
20260423,10bp_one_way_slippage,-0.019324574656728988,True,1,S1_U2_filter_only_no_refill__C1_tail_up,S1_U2_filter_only_no_refill,C1_tail_up
20260424,10bp_one_way_slippage,0.0,False,0,S1_U2_filter_only_no_refill__C1_tail_up,S1_U2_filter_only_no_refill,C1_tail_up
20260427,10bp_one_way_slippage,-0.004790391557286555,True,4,S1_U2_filter_only_no_refill__C1_tail_up,S1_U2_filter_only_no_refill,C1_tail_up
20260428,10bp_one_way_slippage,0.008906392637749469,True,3,S1_U2_filter_only_no_refill__C1_tail_up,S1_U2_filter_only_no_refill,C1_tail_up
20260429,10bp_one_way_slippage,0.0,False,0,S1_U2_filter_only_no_refill__C1_tail_up,S1_U2_filter_only_no_refill,C1_tail_up
20260430,10bp_one_way_slippage,0.03685606313216583,True,2,S1_U2_filter_only_no_refill__C1_tail_up,S1_U2_filter_only_no_refill,C1_tail_up
20260506,10bp_one_way_slippage,-0.01713364536920292,True,2,S1_U2_filter_only_no_refill__C1_tail_up,S1_U2_filter_only_no_refill,C1_tail_up
20260507,10bp_one_way_slippage,0.008548267012723931,True,2,S1_U2_filter_only_no_refill__C1_tail_up,S1_U2_filter_only_no_refill,C1_tail_up
20260508,10bp_one_way_slippage,0.0,False,0,S1_U2_filter_only_no_refill__C1_tail_up,S1_U2_filter_only_no_refill,C1_tail_up
20260511,10bp_one_way_slippage,-0.011629217384740344,True,9,S1_U2_filter_only_no_refill__C1_tail_up,S1_U2_filter_only_no_refill,C1_tail_up
20260512,10bp_one_way_slippage,-0.039314100222540616,True,2,S1_U2_filter_only_no_refill__C1_tail_up,S1_U2_filter_only_no_refill,C1_tail_up
20260513,10bp_one_way_slippage,0.0157873387219623,True,7,S1_U2_filter_only_no_refill__C1_tail_up,S1_U2_filter_only_no_refill,C1_tail_up
20260514,10bp_one_way_slippage,0.0,False,0,S1_U2_filter_only_no_refill__C1_tail_up,S1_U2_filter_only_no_refill,C1_tail_up
20260515,10bp_one_way_slippage,-0.0032312061914208734,True,7,S1_U2_filter_only_no_refill__C1_tail_up,S1_U2_filter_only_no_refill,C1_tail_up
20260518,10bp_one_way_slippage,-0.010692031084603704,True,7,S1_U2_filter_only_no_refill__C1_tail_up,S1_U2_filter_only_no_refill,C1_tail_up
20260519,10bp_one_way_slippage,-0.012002889014705642,True,8,S1_U2_filter_only_no_refill__C1_tail_up,S1_U2_filter_only_no_refill,C1_tail_up
20260520,10bp_one_way_slippage,0.016208001191609873,True,9,S1_U2_filter_only_no_refill__C1_tail_up,S1_U2_filter_only_no_refill,C1_tail_up
20260224,10bp_slippage_plus_impact,0.0,False,0,S1_U2_filter_only_no_refill__C1_tail_up,S1_U2_filter_only_no_refill,C1_tail_up
20260225,10bp_slippage_plus_impact,0.003352345266055781,True,8,S1_U2_filter_only_no_refill__C1_tail_up,S1_U2_filter_only_no_refill,C1_tail_up
20260226,10bp_slippage_plus_impact,0.0009678367759618808,True,9,S1_U2_filter_only_no_refill__C1_tail_up,S1_U2_filter_only_no_refill,C1_tail_up
20260227,10bp_slippage_plus_impact,-0.023853188312934606,True,9,S1_U2_filter_only_no_refill__C1_tail_up,S1_U2_filter_only_no_refill,C1_tail_up
20260302,10bp_slippage_plus_impact,0.0,False,0,S1_U2_filter_only_no_refill__C1_tail_up,S1_U2_filter_only_no_refill,C1_tail_up
20260303,10bp_slippage_plus_impact,0.0,False,0,S1_U2_filter_only_no_refill__C1_tail_up,S1_U2_filter_only_no_refill,C1_tail_up
20260304,10bp_slippage_plus_impact,0.0,False,0,S1_U2_filter_only_no_refill__C1_tail_up,S1_U2_filter_only_no_refill,C1_tail_up
20260305,10bp_slippage_plus_impact,0.013077208233628937,True,3,S1_U2_filter_only_no_refill__C1_tail_up,S1_U2_filter_only_no_refill,C1_tail_up
20260306,10bp_slippage_plus_impact,-0.03542416177407515,True,6,S1_U2_filter_only_no_refill__C1_tail_up,S1_U2_filter_only_no_refill,C1_tail_up
20260309,10bp_slippage_plus_impact,0.0,False,0,S1_U2_filter_only_no_refill__C1_tail_up,S1_U2_filter_only_no_refill,C1_tail_up
20260310,10bp_slippage_plus_impact,-0.0006303479612247698,True,4,S1_U2_filter_only_no_refill__C1_tail_up,S1_U2_filter_only_no_refill,C1_tail_up
20260311,10bp_slippage_plus_impact,-0.004387774727561855,True,10,S1_U2_filter_only_no_refill__C1_tail_up,S1_U2_filter_only_no_refill,C1_tail_up
20260312,10bp_slippage_plus_impact,-0.005387859181251148,True,8,S1_U2_filter_only_no_refill__C1_tail_up,S1_U2_filter_only_no_refill,C1_tail_up
20260313,10bp_slippage_plus_impact,0.0,False,0,S1_U2_filter_only_no_refill__C1_tail_up,S1_U2_filter_only_no_refill,C1_tail_up
20260316,10bp_slippage_plus_impact,-0.0003565388924738788,True,10,S1_U2_filter_only_no_refill__C1_tail_up,S1_U2_filter_only_no_refill,C1_tail_up
20260317,10bp_slippage_plus_impact,0.0,False,0,S1_U2_filter_only_no_refill__C1_tail_up,S1_U2_filter_only_no_refill,C1_tail_up
20260318,10bp_slippage_plus_impact,-0.021683020383897578,True,5,S1_U2_filter_only_no_refill__C1_tail_up,S1_U2_filter_only_no_refill,C1_tail_up
20260319,10bp_slippage_plus_impact,0.0,False,0,S1_U2_filter_only_no_refill__C1_tail_up,S1_U2_filter_only_no_refill,C1_tail_up
20260320,10bp_slippage_plus_impact,0.0,False,0,S1_U2_filter_only_no_refill__C1_tail_up,S1_U2_filter_only_no_refill,C1_tail_up
20260323,10bp_slippage_plus_impact,0.0,False,0,S1_U2_filter_only_no_refill__C1_tail_up,S1_U2_filter_only_no_refill,C1_tail_up
20260324,10bp_slippage_plus_impact,0.022667399907820518,True,2,S1_U2_filter_only_no_refill__C1_tail_up,S1_U2_filter_only_no_refill,C1_tail_up
20260325,10bp_slippage_plus_impact,-0.009066003858721828,True,5,S1_U2_filter_only_no_refill__C1_tail_up,S1_U2_filter_only_no_refill,C1_tail_up
20260326,10bp_slippage_plus_impact,0.0,False,0,S1_U2_filter_only_no_refill__C1_tail_up,S1_U2_filter_only_no_refill,C1_tail_up
20260327,10bp_slippage_plus_impact,-0.01707153891710362,True,7,S1_U2_filter_only_no_refill__C1_tail_up,S1_U2_filter_only_no_refill,C1_tail_up
20260330,10bp_slippage_plus_impact,0.00992520218417299,True,8,S1_U2_filter_only_no_refill__C1_tail_up,S1_U2_filter_only_no_refill,C1_tail_up
20260331,10bp_slippage_plus_impact,0.0,False,0,S1_U2_filter_only_no_refill__C1_tail_up,S1_U2_filter_only_no_refill,C1_tail_up
20260401,10bp_slippage_plus_impact,0.00593251684020793,True,4,S1_U2_filter_only_no_refill__C1_tail_up,S1_U2_filter_only_no_refill,C1_tail_up
20260402,10bp_slippage_plus_impact,0.0,False,0,S1_U2_filter_only_no_refill__C1_tail_up,S1_U2_filter_only_no_refill,C1_tail_up
20260403,10bp_slippage_plus_impact,0.0,False,0,S1_U2_filter_only_no_refill__C1_tail_up,S1_U2_filter_only_no_refill,C1_tail_up
20260407,10bp_slippage_plus_impact,0.0,False,0,S1_U2_filter_only_no_refill__C1_tail_up,S1_U2_filter_only_no_refill,C1_tail_up
20260408,10bp_slippage_plus_impact,-0.020767970171317002,True,9,S1_U2_filter_only_no_refill__C1_tail_up,S1_U2_filter_only_no_refill,C1_tail_up
20260409,10bp_slippage_plus_impact,0.0,False,0,S1_U2_filter_only_no_refill__C1_tail_up,S1_U2_filter_only_no_refill,C1_tail_up
20260410,10bp_slippage_plus_impact,0.0,False,0,S1_U2_filter_only_no_refill__C1_tail_up,S1_U2_filter_only_no_refill,C1_tail_up
20260413,10bp_slippage_plus_impact,0.0,False,0,S1_U2_filter_only_no_refill__C1_tail_up,S1_U2_filter_only_no_refill,C1_tail_up
20260414,10bp_slippage_plus_impact,0.046568041140218064,True,1,S1_U2_filter_only_no_refill__C1_tail_up,S1_U2_filter_only_no_refill,C1_tail_up
20260415,10bp_slippage_plus_impact,0.0,False,0,S1_U2_filter_only_no_refill__C1_tail_up,S1_U2_filter_only_no_refill,C1_tail_up
20260416,10bp_slippage_plus_impact,-0.009452768190670646,True,2,S1_U2_filter_only_no_refill__C1_tail_up,S1_U2_filter_only_no_refill,C1_tail_up
20260417,10bp_slippage_plus_impact,0.015994063400544014,True,9,S1_U2_filter_only_no_refill__C1_tail_up,S1_U2_filter_only_no_refill,C1_tail_up
20260420,10bp_slippage_plus_impact,-0.0008888353122120477,True,6,S1_U2_filter_only_no_refill__C1_tail_up,S1_U2_filter_only_no_refill,C1_tail_up
20260421,10bp_slippage_plus_impact,-0.005102511886980932,True,10,S1_U2_filter_only_no_refill__C1_tail_up,S1_U2_filter_only_no_refill,C1_tail_up
20260422,10bp_slippage_plus_impact,0.003989411671110332,True,8,S1_U2_filter_only_no_refill__C1_tail_up,S1_U2_filter_only_no_refill,C1_tail_up
20260423,10bp_slippage_plus_impact,-0.01955902920488728,True,1,S1_U2_filter_only_no_refill__C1_tail_up,S1_U2_filter_only_no_refill,C1_tail_up
20260424,10bp_slippage_plus_impact,0.0,False,0,S1_U2_filter_only_no_refill__C1_tail_up,S1_U2_filter_only_no_refill,C1_tail_up
20260427,10bp_slippage_plus_impact,-0.004986356945969522,True,4,S1_U2_filter_only_no_refill__C1_tail_up,S1_U2_filter_only_no_refill,C1_tail_up
20260428,10bp_slippage_plus_impact,0.008733193784869883,True,3,S1_U2_filter_only_no_refill__C1_tail_up,S1_U2_filter_only_no_refill,C1_tail_up
20260429,10bp_slippage_plus_impact,0.0,False,0,S1_U2_filter_only_no_refill__C1_tail_up,S1_U2_filter_only_no_refill,C1_tail_up
20260430,10bp_slippage_plus_impact,0.036699223161692385,True,2,S1_U2_filter_only_no_refill__C1_tail_up,S1_U2_filter_only_no_refill,C1_tail_up
20260506,10bp_slippage_plus_impact,-0.017309097771626814,True,2,S1_U2_filter_only_no_refill__C1_tail_up,S1_U2_filter_only_no_refill,C1_tail_up
20260507,10bp_slippage_plus_impact,0.008391809995597688,True,2,S1_U2_filter_only_no_refill__C1_tail_up,S1_U2_filter_only_no_refill,C1_tail_up
20260508,10bp_slippage_plus_impact,0.0,False,0,S1_U2_filter_only_no_refill__C1_tail_up,S1_U2_filter_only_no_refill,C1_tail_up
20260511,10bp_slippage_plus_impact,-0.01174723145030887,True,9,S1_U2_filter_only_no_refill__C1_tail_up,S1_U2_filter_only_no_refill,C1_tail_up
20260512,10bp_slippage_plus_impact,-0.039387509810122456,True,2,S1_U2_filter_only_no_refill__C1_tail_up,S1_U2_filter_only_no_refill,C1_tail_up
20260513,10bp_slippage_plus_impact,0.015709202305179613,True,7,S1_U2_filter_only_no_refill__C1_tail_up,S1_U2_filter_only_no_refill,C1_tail_up
20260514,10bp_slippage_plus_impact,0.0,False,0,S1_U2_filter_only_no_refill__C1_tail_up,S1_U2_filter_only_no_refill,C1_tail_up
20260515,10bp_slippage_plus_impact,-0.003317774341006013,True,7,S1_U2_filter_only_no_refill__C1_tail_up,S1_U2_filter_only_no_refill,C1_tail_up
20260518,10bp_slippage_plus_impact,-0.010813856535887687,True,7,S1_U2_filter_only_no_refill__C1_tail_up,S1_U2_filter_only_no_refill,C1_tail_up
20260519,10bp_slippage_plus_impact,-0.012065202421216337,True,8,S1_U2_filter_only_no_refill__C1_tail_up,S1_U2_filter_only_no_refill,C1_tail_up
20260520,10bp_slippage_plus_impact,0.016125111392262026,True,9,S1_U2_filter_only_no_refill__C1_tail_up,S1_U2_filter_only_no_refill,C1_tail_up
20260224,5bp_one_way_slippage,0.007049807959140142,True,5,S1_U2_filter_only_no_refill__C2_market_up,S1_U2_filter_only_no_refill,C2_market_up
20260225,5bp_one_way_slippage,0.004463175900042443,True,8,S1_U2_filter_only_no_refill__C2_market_up,S1_U2_filter_only_no_refill,C2_market_up
20260226,5bp_one_way_slippage,0.0,False,0,S1_U2_filter_only_no_refill__C2_market_up,S1_U2_filter_only_no_refill,C2_market_up
20260227,5bp_one_way_slippage,-0.022795614922372462,True,9,S1_U2_filter_only_no_refill__C2_market_up,S1_U2_filter_only_no_refill,C2_market_up
20260302,5bp_one_way_slippage,0.0,False,0,S1_U2_filter_only_no_refill__C2_market_up,S1_U2_filter_only_no_refill,C2_market_up
20260303,5bp_one_way_slippage,0.0,False,0,S1_U2_filter_only_no_refill__C2_market_up,S1_U2_filter_only_no_refill,C2_market_up
20260304,5bp_one_way_slippage,0.0,False,0,S1_U2_filter_only_no_refill__C2_market_up,S1_U2_filter_only_no_refill,C2_market_up
20260305,5bp_one_way_slippage,0.0143476350818564,True,3,S1_U2_filter_only_no_refill__C2_market_up,S1_U2_filter_only_no_refill,C2_market_up
20260306,5bp_one_way_slippage,-0.03429805701672983,True,6,S1_U2_filter_only_no_refill__C2_market_up,S1_U2_filter_only_no_refill,C2_market_up
20260309,5bp_one_way_slippage,0.0,False,0,S1_U2_filter_only_no_refill__C2_market_up,S1_U2_filter_only_no_refill,C2_market_up
20260310,5bp_one_way_slippage,0.0005548833872862369,True,4,S1_U2_filter_only_no_refill__C2_market_up,S1_U2_filter_only_no_refill,C2_market_up
20260311,5bp_one_way_slippage,0.0,False,0,S1_U2_filter_only_no_refill__C2_market_up,S1_U2_filter_only_no_refill,C2_market_up
20260312,5bp_one_way_slippage,0.0,False,0,S1_U2_filter_only_no_refill__C2_market_up,S1_U2_filter_only_no_refill,C2_market_up
20260313,5bp_one_way_slippage,0.0,False,0,S1_U2_filter_only_no_refill__C2_market_up,S1_U2_filter_only_no_refill,C2_market_up
20260316,5bp_one_way_slippage,0.0007551812003478098,True,10,S1_U2_filter_only_no_refill__C2_market_up,S1_U2_filter_only_no_refill,C2_market_up
20260317,5bp_one_way_slippage,0.0,False,0,S1_U2_filter_only_no_refill__C2_market_up,S1_U2_filter_only_no_refill,C2_market_up
20260318,5bp_one_way_slippage,-0.020478671771097922,True,5,S1_U2_filter_only_no_refill__C2_market_up,S1_U2_filter_only_no_refill,C2_market_up
20260319,5bp_one_way_slippage,0.0,False,0,S1_U2_filter_only_no_refill__C2_market_up,S1_U2_filter_only_no_refill,C2_market_up
20260320,5bp_one_way_slippage,0.0,False,0,S1_U2_filter_only_no_refill__C2_market_up,S1_U2_filter_only_no_refill,C2_market_up
20260323,5bp_one_way_slippage,0.0,False,0,S1_U2_filter_only_no_refill__C2_market_up,S1_U2_filter_only_no_refill,C2_market_up
20260324,5bp_one_way_slippage,0.023883283713154624,True,2,S1_U2_filter_only_no_refill__C2_market_up,S1_U2_filter_only_no_refill,C2_market_up
20260325,5bp_one_way_slippage,-0.00783088650392021,True,5,S1_U2_filter_only_no_refill__C2_market_up,S1_U2_filter_only_no_refill,C2_market_up
20260326,5bp_one_way_slippage,0.0,False,0,S1_U2_filter_only_no_refill__C2_market_up,S1_U2_filter_only_no_refill,C2_market_up
20260327,5bp_one_way_slippage,-0.015841431325242628,True,7,S1_U2_filter_only_no_refill__C2_market_up,S1_U2_filter_only_no_refill,C2_market_up
20260330,5bp_one_way_slippage,0.011078726358593902,True,8,S1_U2_filter_only_no_refill__C2_market_up,S1_U2_filter_only_no_refill,C2_market_up
20260331,5bp_one_way_slippage,0.0,False,0,S1_U2_filter_only_no_refill__C2_market_up,S1_U2_filter_only_no_refill,C2_market_up
20260401,5bp_one_way_slippage,0.007105764808586934,True,4,S1_U2_filter_only_no_refill__C2_market_up,S1_U2_filter_only_no_refill,C2_market_up
20260402,5bp_one_way_slippage,0.0,False,0,S1_U2_filter_only_no_refill__C2_market_up,S1_U2_filter_only_no_refill,C2_market_up
20260403,5bp_one_way_slippage,0.0,False,0,S1_U2_filter_only_no_refill__C2_market_up,S1_U2_filter_only_no_refill,C2_market_up
20260407,5bp_one_way_slippage,0.03363667943106527,True,8,S1_U2_filter_only_no_refill__C2_market_up,S1_U2_filter_only_no_refill,C2_market_up
20260408,5bp_one_way_slippage,-0.019647834747264517,True,9,S1_U2_filter_only_no_refill__C2_market_up,S1_U2_filter_only_no_refill,C2_market_up
20260409,5bp_one_way_slippage,0.0,False,0,S1_U2_filter_only_no_refill__C2_market_up,S1_U2_filter_only_no_refill,C2_market_up
20260410,5bp_one_way_slippage,0.009676130987428573,True,7,S1_U2_filter_only_no_refill__C2_market_up,S1_U2_filter_only_no_refill,C2_market_up
20260413,5bp_one_way_slippage,0.0,False,0,S1_U2_filter_only_no_refill__C2_market_up,S1_U2_filter_only_no_refill,C2_market_up
20260414,5bp_one_way_slippage,0.04790525403756751,True,1,S1_U2_filter_only_no_refill__C2_market_up,S1_U2_filter_only_no_refill,C2_market_up
20260415,5bp_one_way_slippage,0.0,False,0,S1_U2_filter_only_no_refill__C2_market_up,S1_U2_filter_only_no_refill,C2_market_up
20260416,5bp_one_way_slippage,-0.008277268196903331,True,2,S1_U2_filter_only_no_refill__C2_market_up,S1_U2_filter_only_no_refill,C2_market_up
20260417,5bp_one_way_slippage,0.0,False,0,S1_U2_filter_only_no_refill__C2_market_up,S1_U2_filter_only_no_refill,C2_market_up
20260420,5bp_one_way_slippage,0.0002319056210503915,True,6,S1_U2_filter_only_no_refill__C2_market_up,S1_U2_filter_only_no_refill,C2_market_up
20260421,5bp_one_way_slippage,0.0,False,0,S1_U2_filter_only_no_refill__C2_market_up,S1_U2_filter_only_no_refill,C2_market_up
20260422,5bp_one_way_slippage,0.005118806669433984,True,8,S1_U2_filter_only_no_refill__C2_market_up,S1_U2_filter_only_no_refill,C2_market_up
20260423,5bp_one_way_slippage,0.0,False,0,S1_U2_filter_only_no_refill__C2_market_up,S1_U2_filter_only_no_refill,C2_market_up
20260424,5bp_one_way_slippage,0.0,False,0,S1_U2_filter_only_no_refill__C2_market_up,S1_U2_filter_only_no_refill,C2_market_up
20260427,5bp_one_way_slippage,-0.0037944334859796314,True,4,S1_U2_filter_only_no_refill__C2_market_up,S1_U2_filter_only_no_refill,C2_market_up
20260428,5bp_one_way_slippage,0.0,False,0,S1_U2_filter_only_no_refill__C2_market_up,S1_U2_filter_only_no_refill,C2_market_up
20260429,5bp_one_way_slippage,0.025268918853650346,True,5,S1_U2_filter_only_no_refill__C2_market_up,S1_U2_filter_only_no_refill,C2_market_up
20260430,5bp_one_way_slippage,0.03789369897902617,True,2,S1_U2_filter_only_no_refill__C2_market_up,S1_U2_filter_only_no_refill,C2_market_up
20260506,5bp_one_way_slippage,-0.01615003983464397,True,2,S1_U2_filter_only_no_refill__C2_market_up,S1_U2_filter_only_no_refill,C2_market_up
20260507,5bp_one_way_slippage,0.0095575737741464,True,2,S1_U2_filter_only_no_refill__C2_market_up,S1_U2_filter_only_no_refill,C2_market_up
20260508,5bp_one_way_slippage,0.0005459795521586708,True,10,S1_U2_filter_only_no_refill__C2_market_up,S1_U2_filter_only_no_refill,C2_market_up
20260511,5bp_one_way_slippage,-0.010640103282506272,True,9,S1_U2_filter_only_no_refill__C2_market_up,S1_U2_filter_only_no_refill,C2_market_up
20260512,5bp_one_way_slippage,0.0,False,0,S1_U2_filter_only_no_refill__C2_market_up,S1_U2_filter_only_no_refill,C2_market_up
20260513,5bp_one_way_slippage,0.016803889999350546,True,7,S1_U2_filter_only_no_refill__C2_market_up,S1_U2_filter_only_no_refill,C2_market_up
20260514,5bp_one_way_slippage,0.0,False,0,S1_U2_filter_only_no_refill__C2_market_up,S1_U2_filter_only_no_refill,C2_market_up
20260515,5bp_one_way_slippage,0.0,False,0,S1_U2_filter_only_no_refill__C2_market_up,S1_U2_filter_only_no_refill,C2_market_up
20260518,5bp_one_way_slippage,0.0,False,0,S1_U2_filter_only_no_refill__C2_market_up,S1_U2_filter_only_no_refill,C2_market_up
20260519,5bp_one_way_slippage,-0.011014148865127152,True,8,S1_U2_filter_only_no_refill__C2_market_up,S1_U2_filter_only_no_refill,C2_market_up
20260520,5bp_one_way_slippage,0.0,False,0,S1_U2_filter_only_no_refill__C2_market_up,S1_U2_filter_only_no_refill,C2_market_up
20260224,10bp_one_way_slippage,0.006043008340508571,True,5,S1_U2_filter_only_no_refill__C2_market_up,S1_U2_filter_only_no_refill,C2_market_up
20260225,10bp_one_way_slippage,0.0034589622708525586,True,8,S1_U2_filter_only_no_refill__C2_market_up,S1_U2_filter_only_no_refill,C2_market_up
20260226,10bp_one_way_slippage,0.0,False,0,S1_U2_filter_only_no_refill__C2_market_up,S1_U2_filter_only_no_refill,C2_market_up
20260227,10bp_one_way_slippage,-0.02377257653285632,True,9,S1_U2_filter_only_no_refill__C2_market_up,S1_U2_filter_only_no_refill,C2_market_up
20260302,10bp_one_way_slippage,0.0,False,0,S1_U2_filter_only_no_refill__C2_market_up,S1_U2_filter_only_no_refill,C2_market_up
20260303,10bp_one_way_slippage,0.0,False,0,S1_U2_filter_only_no_refill__C2_market_up,S1_U2_filter_only_no_refill,C2_market_up
20260304,10bp_one_way_slippage,0.0,False,0,S1_U2_filter_only_no_refill__C2_market_up,S1_U2_filter_only_no_refill,C2_market_up
20260305,10bp_one_way_slippage,0.01333353944915879,True,3,S1_U2_filter_only_no_refill__C2_market_up,S1_U2_filter_only_no_refill,C2_market_up
20260306,10bp_one_way_slippage,-0.03526351904276174,True,6,S1_U2_filter_only_no_refill__C2_market_up,S1_U2_filter_only_no_refill,C2_market_up
20260309,10bp_one_way_slippage,0.0,False,0,S1_U2_filter_only_no_refill__C2_market_up,S1_U2_filter_only_no_refill,C2_market_up
20260310,10bp_one_way_slippage,-0.00044542292035884556,True,4,S1_U2_filter_only_no_refill__C2_market_up,S1_U2_filter_only_no_refill,C2_market_up
20260311,10bp_one_way_slippage,0.0,False,0,S1_U2_filter_only_no_refill__C2_market_up,S1_U2_filter_only_no_refill,C2_market_up
20260312,10bp_one_way_slippage,0.0,False,0,S1_U2_filter_only_no_refill__C2_market_up,S1_U2_filter_only_no_refill,C2_market_up
20260313,10bp_one_way_slippage,0.0,False,0,S1_U2_filter_only_no_refill__C2_market_up,S1_U2_filter_only_no_refill,C2_market_up
20260316,10bp_one_way_slippage,-0.00024532535534874664,True,10,S1_U2_filter_only_no_refill__C2_market_up,S1_U2_filter_only_no_refill,C2_market_up
20260317,10bp_one_way_slippage,0.0,False,0,S1_U2_filter_only_no_refill__C2_market_up,S1_U2_filter_only_no_refill,C2_market_up
20260318,10bp_one_way_slippage,-0.02145794974911659,True,5,S1_U2_filter_only_no_refill__C2_market_up,S1_U2_filter_only_no_refill,C2_market_up
20260319,10bp_one_way_slippage,0.0,False,0,S1_U2_filter_only_no_refill__C2_market_up,S1_U2_filter_only_no_refill,C2_market_up
20260320,10bp_one_way_slippage,0.0,False,0,S1_U2_filter_only_no_refill__C2_market_up,S1_U2_filter_only_no_refill,C2_market_up
20260323,10bp_one_way_slippage,0.0,False,0,S1_U2_filter_only_no_refill__C2_market_up,S1_U2_filter_only_no_refill,C2_market_up
20260324,10bp_one_way_slippage,0.02285965480084229,True,2,S1_U2_filter_only_no_refill__C2_market_up,S1_U2_filter_only_no_refill,C2_market_up
20260325,10bp_one_way_slippage,-0.008822809125016984,True,5,S1_U2_filter_only_no_refill__C2_market_up,S1_U2_filter_only_no_refill,C2_market_up
20260326,10bp_one_way_slippage,0.0,False,0,S1_U2_filter_only_no_refill__C2_market_up,S1_U2_filter_only_no_refill,C2_market_up
20260327,10bp_one_way_slippage,-0.01682534539164095,True,7,S1_U2_filter_only_no_refill__C2_market_up,S1_U2_filter_only_no_refill,C2_market_up
20260330,10bp_one_way_slippage,0.010067898822498936,True,8,S1_U2_filter_only_no_refill__C2_market_up,S1_U2_filter_only_no_refill,C2_market_up
20260331,10bp_one_way_slippage,0.0,False,0,S1_U2_filter_only_no_refill__C2_market_up,S1_U2_filter_only_no_refill,C2_market_up
20260401,10bp_one_way_slippage,0.006098909247007733,True,4,S1_U2_filter_only_no_refill__C2_market_up,S1_U2_filter_only_no_refill,C2_market_up
20260402,10bp_one_way_slippage,0.0,False,0,S1_U2_filter_only_no_refill__C2_market_up,S1_U2_filter_only_no_refill,C2_market_up
20260403,10bp_one_way_slippage,0.0,False,0,S1_U2_filter_only_no_refill__C2_market_up,S1_U2_filter_only_no_refill,C2_market_up
20260407,10bp_one_way_slippage,0.03260329954614802,True,8,S1_U2_filter_only_no_refill__C2_market_up,S1_U2_filter_only_no_refill,C2_market_up
20260408,10bp_one_way_slippage,-0.020627943355895635,True,9,S1_U2_filter_only_no_refill__C2_market_up,S1_U2_filter_only_no_refill,C2_market_up
20260409,10bp_one_way_slippage,0.0,False,0,S1_U2_filter_only_no_refill__C2_market_up,S1_U2_filter_only_no_refill,C2_market_up
20260410,10bp_one_way_slippage,0.00866670569824687,True,7,S1_U2_filter_only_no_refill__C2_market_up,S1_U2_filter_only_no_refill,C2_market_up
20260413,10bp_one_way_slippage,0.0,False,0,S1_U2_filter_only_no_refill__C2_market_up,S1_U2_filter_only_no_refill,C2_market_up
20260414,10bp_one_way_slippage,0.04685760912289849,True,1,S1_U2_filter_only_no_refill__C2_market_up,S1_U2_filter_only_no_refill,C2_market_up
20260415,10bp_one_way_slippage,0.0,False,0,S1_U2_filter_only_no_refill__C2_market_up,S1_U2_filter_only_no_refill,C2_market_up
20260416,10bp_one_way_slippage,-0.009268744547205332,True,2,S1_U2_filter_only_no_refill__C2_market_up,S1_U2_filter_only_no_refill,C2_market_up
20260417,10bp_one_way_slippage,0.0,False,0,S1_U2_filter_only_no_refill__C2_market_up,S1_U2_filter_only_no_refill,C2_market_up
20260420,10bp_one_way_slippage,-0.0007680777890682888,True,6,S1_U2_filter_only_no_refill__C2_market_up,S1_U2_filter_only_no_refill,C2_market_up
20260421,10bp_one_way_slippage,0.0,False,0,S1_U2_filter_only_no_refill__C2_market_up,S1_U2_filter_only_no_refill,C2_market_up
20260422,10bp_one_way_slippage,0.004113937572358284,True,8,S1_U2_filter_only_no_refill__C2_market_up,S1_U2_filter_only_no_refill,C2_market_up
20260423,10bp_one_way_slippage,0.0,False,0,S1_U2_filter_only_no_refill__C2_market_up,S1_U2_filter_only_no_refill,C2_market_up
20260424,10bp_one_way_slippage,0.0,False,0,S1_U2_filter_only_no_refill__C2_market_up,S1_U2_filter_only_no_refill,C2_market_up
20260427,10bp_one_way_slippage,-0.004790391557286555,True,4,S1_U2_filter_only_no_refill__C2_market_up,S1_U2_filter_only_no_refill,C2_market_up
20260428,10bp_one_way_slippage,0.0,False,0,S1_U2_filter_only_no_refill__C2_market_up,S1_U2_filter_only_no_refill,C2_market_up
20260429,10bp_one_way_slippage,0.02424390465044175,True,5,S1_U2_filter_only_no_refill__C2_market_up,S1_U2_filter_only_no_refill,C2_market_up
20260430,10bp_one_way_slippage,0.03685606313216583,True,2,S1_U2_filter_only_no_refill__C2_market_up,S1_U2_filter_only_no_refill,C2_market_up
20260506,10bp_one_way_slippage,-0.01713364536920292,True,2,S1_U2_filter_only_no_refill__C2_market_up,S1_U2_filter_only_no_refill,C2_market_up
20260507,10bp_one_way_slippage,0.008548267012723931,True,2,S1_U2_filter_only_no_refill__C2_market_up,S1_U2_filter_only_no_refill,C2_market_up
20260508,10bp_one_way_slippage,-0.00045431785386327304,True,10,S1_U2_filter_only_no_refill__C2_market_up,S1_U2_filter_only_no_refill,C2_market_up
20260511,10bp_one_way_slippage,-0.011629217384740344,True,9,S1_U2_filter_only_no_refill__C2_market_up,S1_U2_filter_only_no_refill,C2_market_up
20260512,10bp_one_way_slippage,0.0,False,0,S1_U2_filter_only_no_refill__C2_market_up,S1_U2_filter_only_no_refill,C2_market_up
20260513,10bp_one_way_slippage,0.0157873387219623,True,7,S1_U2_filter_only_no_refill__C2_market_up,S1_U2_filter_only_no_refill,C2_market_up
20260514,10bp_one_way_slippage,0.0,False,0,S1_U2_filter_only_no_refill__C2_market_up,S1_U2_filter_only_no_refill,C2_market_up
20260515,10bp_one_way_slippage,0.0,False,0,S1_U2_filter_only_no_refill__C2_market_up,S1_U2_filter_only_no_refill,C2_market_up
20260518,10bp_one_way_slippage,0.0,False,0,S1_U2_filter_only_no_refill__C2_market_up,S1_U2_filter_only_no_refill,C2_market_up
20260519,10bp_one_way_slippage,-0.012002889014705642,True,8,S1_U2_filter_only_no_refill__C2_market_up,S1_U2_filter_only_no_refill,C2_market_up
20260520,10bp_one_way_slippage,0.0,False,0,S1_U2_filter_only_no_refill__C2_market_up,S1_U2_filter_only_no_refill,C2_market_up
20260224,10bp_slippage_plus_impact,0.005790147834386761,True,5,S1_U2_filter_only_no_refill__C2_market_up,S1_U2_filter_only_no_refill,C2_market_up
20260225,10bp_slippage_plus_impact,0.003352345266055781,True,8,S1_U2_filter_only_no_refill__C2_market_up,S1_U2_filter_only_no_refill,C2_market_up
20260226,10bp_slippage_plus_impact,0.0,False,0,S1_U2_filter_only_no_refill__C2_market_up,S1_U2_filter_only_no_refill,C2_market_up
20260227,10bp_slippage_plus_impact,-0.023853188312934606,True,9,S1_U2_filter_only_no_refill__C2_market_up,S1_U2_filter_only_no_refill,C2_market_up
20260302,10bp_slippage_plus_impact,0.0,False,0,S1_U2_filter_only_no_refill__C2_market_up,S1_U2_filter_only_no_refill,C2_market_up
20260303,10bp_slippage_plus_impact,0.0,False,0,S1_U2_filter_only_no_refill__C2_market_up,S1_U2_filter_only_no_refill,C2_market_up
20260304,10bp_slippage_plus_impact,0.0,False,0,S1_U2_filter_only_no_refill__C2_market_up,S1_U2_filter_only_no_refill,C2_market_up
20260305,10bp_slippage_plus_impact,0.013077208233628937,True,3,S1_U2_filter_only_no_refill__C2_market_up,S1_U2_filter_only_no_refill,C2_market_up
20260306,10bp_slippage_plus_impact,-0.03542416177407515,True,6,S1_U2_filter_only_no_refill__C2_market_up,S1_U2_filter_only_no_refill,C2_market_up
20260309,10bp_slippage_plus_impact,0.0,False,0,S1_U2_filter_only_no_refill__C2_market_up,S1_U2_filter_only_no_refill,C2_market_up
20260310,10bp_slippage_plus_impact,-0.0006303479612247698,True,4,S1_U2_filter_only_no_refill__C2_market_up,S1_U2_filter_only_no_refill,C2_market_up
20260311,10bp_slippage_plus_impact,0.0,False,0,S1_U2_filter_only_no_refill__C2_market_up,S1_U2_filter_only_no_refill,C2_market_up
20260312,10bp_slippage_plus_impact,0.0,False,0,S1_U2_filter_only_no_refill__C2_market_up,S1_U2_filter_only_no_refill,C2_market_up
20260313,10bp_slippage_plus_impact,0.0,False,0,S1_U2_filter_only_no_refill__C2_market_up,S1_U2_filter_only_no_refill,C2_market_up
20260316,10bp_slippage_plus_impact,-0.0003565388924738788,True,10,S1_U2_filter_only_no_refill__C2_market_up,S1_U2_filter_only_no_refill,C2_market_up
20260317,10bp_slippage_plus_impact,0.0,False,0,S1_U2_filter_only_no_refill__C2_market_up,S1_U2_filter_only_no_refill,C2_market_up
20260318,10bp_slippage_plus_impact,-0.021683020383897578,True,5,S1_U2_filter_only_no_refill__C2_market_up,S1_U2_filter_only_no_refill,C2_market_up
20260319,10bp_slippage_plus_impact,0.0,False,0,S1_U2_filter_only_no_refill__C2_market_up,S1_U2_filter_only_no_refill,C2_market_up
20260320,10bp_slippage_plus_impact,0.0,False,0,S1_U2_filter_only_no_refill__C2_market_up,S1_U2_filter_only_no_refill,C2_market_up
20260323,10bp_slippage_plus_impact,0.0,False,0,S1_U2_filter_only_no_refill__C2_market_up,S1_U2_filter_only_no_refill,C2_market_up
20260324,10bp_slippage_plus_impact,0.022667399907820518,True,2,S1_U2_filter_only_no_refill__C2_market_up,S1_U2_filter_only_no_refill,C2_market_up
20260325,10bp_slippage_plus_impact,-0.009066003858721828,True,5,S1_U2_filter_only_no_refill__C2_market_up,S1_U2_filter_only_no_refill,C2_market_up
20260326,10bp_slippage_plus_impact,0.0,False,0,S1_U2_filter_only_no_refill__C2_market_up,S1_U2_filter_only_no_refill,C2_market_up
20260327,10bp_slippage_plus_impact,-0.01707153891710362,True,7,S1_U2_filter_only_no_refill__C2_market_up,S1_U2_filter_only_no_refill,C2_market_up
20260330,10bp_slippage_plus_impact,0.00992520218417299,True,8,S1_U2_filter_only_no_refill__C2_market_up,S1_U2_filter_only_no_refill,C2_market_up
20260331,10bp_slippage_plus_impact,0.0,False,0,S1_U2_filter_only_no_refill__C2_market_up,S1_U2_filter_only_no_refill,C2_market_up
20260401,10bp_slippage_plus_impact,0.00593251684020793,True,4,S1_U2_filter_only_no_refill__C2_market_up,S1_U2_filter_only_no_refill,C2_market_up
20260402,10bp_slippage_plus_impact,0.0,False,0,S1_U2_filter_only_no_refill__C2_market_up,S1_U2_filter_only_no_refill,C2_market_up
20260403,10bp_slippage_plus_impact,0.0,False,0,S1_U2_filter_only_no_refill__C2_market_up,S1_U2_filter_only_no_refill,C2_market_up
20260407,10bp_slippage_plus_impact,0.032413570216882126,True,8,S1_U2_filter_only_no_refill__C2_market_up,S1_U2_filter_only_no_refill,C2_market_up
20260408,10bp_slippage_plus_impact,-0.020767970171317002,True,9,S1_U2_filter_only_no_refill__C2_market_up,S1_U2_filter_only_no_refill,C2_market_up
20260409,10bp_slippage_plus_impact,0.0,False,0,S1_U2_filter_only_no_refill__C2_market_up,S1_U2_filter_only_no_refill,C2_market_up
20260410,10bp_slippage_plus_impact,0.008546910923407647,True,7,S1_U2_filter_only_no_refill__C2_market_up,S1_U2_filter_only_no_refill,C2_market_up
20260413,10bp_slippage_plus_impact,0.0,False,0,S1_U2_filter_only_no_refill__C2_market_up,S1_U2_filter_only_no_refill,C2_market_up
20260414,10bp_slippage_plus_impact,0.046568041140218064,True,1,S1_U2_filter_only_no_refill__C2_market_up,S1_U2_filter_only_no_refill,C2_market_up
20260415,10bp_slippage_plus_impact,0.0,False,0,S1_U2_filter_only_no_refill__C2_market_up,S1_U2_filter_only_no_refill,C2_market_up
20260416,10bp_slippage_plus_impact,-0.009452768190670646,True,2,S1_U2_filter_only_no_refill__C2_market_up,S1_U2_filter_only_no_refill,C2_market_up
20260417,10bp_slippage_plus_impact,0.0,False,0,S1_U2_filter_only_no_refill__C2_market_up,S1_U2_filter_only_no_refill,C2_market_up
20260420,10bp_slippage_plus_impact,-0.0008888353122120477,True,6,S1_U2_filter_only_no_refill__C2_market_up,S1_U2_filter_only_no_refill,C2_market_up
20260421,10bp_slippage_plus_impact,0.0,False,0,S1_U2_filter_only_no_refill__C2_market_up,S1_U2_filter_only_no_refill,C2_market_up
20260422,10bp_slippage_plus_impact,0.003989411671110332,True,8,S1_U2_filter_only_no_refill__C2_market_up,S1_U2_filter_only_no_refill,C2_market_up
20260423,10bp_slippage_plus_impact,0.0,False,0,S1_U2_filter_only_no_refill__C2_market_up,S1_U2_filter_only_no_refill,C2_market_up
20260424,10bp_slippage_plus_impact,0.0,False,0,S1_U2_filter_only_no_refill__C2_market_up,S1_U2_filter_only_no_refill,C2_market_up
20260427,10bp_slippage_plus_impact,-0.004986356945969522,True,4,S1_U2_filter_only_no_refill__C2_market_up,S1_U2_filter_only_no_refill,C2_market_up
20260428,10bp_slippage_plus_impact,0.0,False,0,S1_U2_filter_only_no_refill__C2_market_up,S1_U2_filter_only_no_refill,C2_market_up
20260429,10bp_slippage_plus_impact,0.02403378857853644,True,5,S1_U2_filter_only_no_refill__C2_market_up,S1_U2_filter_only_no_refill,C2_market_up
20260430,10bp_slippage_plus_impact,0.036699223161692385,True,2,S1_U2_filter_only_no_refill__C2_market_up,S1_U2_filter_only_no_refill,C2_market_up
20260506,10bp_slippage_plus_impact,-0.017309097771626814,True,2,S1_U2_filter_only_no_refill__C2_market_up,S1_U2_filter_only_no_refill,C2_market_up
20260507,10bp_slippage_plus_impact,0.008391809995597688,True,2,S1_U2_filter_only_no_refill__C2_market_up,S1_U2_filter_only_no_refill,C2_market_up
20260508,10bp_slippage_plus_impact,-0.0005320285721479689,True,10,S1_U2_filter_only_no_refill__C2_market_up,S1_U2_filter_only_no_refill,C2_market_up
20260511,10bp_slippage_plus_impact,-0.01174723145030887,True,9,S1_U2_filter_only_no_refill__C2_market_up,S1_U2_filter_only_no_refill,C2_market_up
20260512,10bp_slippage_plus_impact,0.0,False,0,S1_U2_filter_only_no_refill__C2_market_up,S1_U2_filter_only_no_refill,C2_market_up
20260513,10bp_slippage_plus_impact,0.015709202305179613,True,7,S1_U2_filter_only_no_refill__C2_market_up,S1_U2_filter_only_no_refill,C2_market_up
20260514,10bp_slippage_plus_impact,0.0,False,0,S1_U2_filter_only_no_refill__C2_market_up,S1_U2_filter_only_no_refill,C2_market_up
20260515,10bp_slippage_plus_impact,0.0,False,0,S1_U2_filter_only_no_refill__C2_market_up,S1_U2_filter_only_no_refill,C2_market_up
20260518,10bp_slippage_plus_impact,0.0,False,0,S1_U2_filter_only_no_refill__C2_market_up,S1_U2_filter_only_no_refill,C2_market_up
20260519,10bp_slippage_plus_impact,-0.012065202421216337,True,8,S1_U2_filter_only_no_refill__C2_market_up,S1_U2_filter_only_no_refill,C2_market_up
20260520,10bp_slippage_plus_impact,0.0,False,0,S1_U2_filter_only_no_refill__C2_market_up,S1_U2_filter_only_no_refill,C2_market_up
20260224,5bp_one_way_slippage,0.0,False,0,S1_U2_filter_only_no_refill__C3_tail_breadth_Q5_high,S1_U2_filter_only_no_refill,C3_tail_breadth_Q5_high
20260225,5bp_one_way_slippage,0.0,False,0,S1_U2_filter_only_no_refill__C3_tail_breadth_Q5_high,S1_U2_filter_only_no_refill,C3_tail_breadth_Q5_high
20260226,5bp_one_way_slippage,0.0020996850725864486,True,9,S1_U2_filter_only_no_refill__C3_tail_breadth_Q5_high,S1_U2_filter_only_no_refill,C3_tail_breadth_Q5_high
20260227,5bp_one_way_slippage,0.0,False,0,S1_U2_filter_only_no_refill__C3_tail_breadth_Q5_high,S1_U2_filter_only_no_refill,C3_tail_breadth_Q5_high
20260302,5bp_one_way_slippage,0.0,False,0,S1_U2_filter_only_no_refill__C3_tail_breadth_Q5_high,S1_U2_filter_only_no_refill,C3_tail_breadth_Q5_high
20260303,5bp_one_way_slippage,0.0,False,0,S1_U2_filter_only_no_refill__C3_tail_breadth_Q5_high,S1_U2_filter_only_no_refill,C3_tail_breadth_Q5_high
20260304,5bp_one_way_slippage,0.0,False,0,S1_U2_filter_only_no_refill__C3_tail_breadth_Q5_high,S1_U2_filter_only_no_refill,C3_tail_breadth_Q5_high
20260305,5bp_one_way_slippage,0.0,False,0,S1_U2_filter_only_no_refill__C3_tail_breadth_Q5_high,S1_U2_filter_only_no_refill,C3_tail_breadth_Q5_high
20260306,5bp_one_way_slippage,0.0,False,0,S1_U2_filter_only_no_refill__C3_tail_breadth_Q5_high,S1_U2_filter_only_no_refill,C3_tail_breadth_Q5_high
20260309,5bp_one_way_slippage,0.0,False,0,S1_U2_filter_only_no_refill__C3_tail_breadth_Q5_high,S1_U2_filter_only_no_refill,C3_tail_breadth_Q5_high
20260310,5bp_one_way_slippage,0.0005548833872862369,True,4,S1_U2_filter_only_no_refill__C3_tail_breadth_Q5_high,S1_U2_filter_only_no_refill,C3_tail_breadth_Q5_high
20260311,5bp_one_way_slippage,0.0,False,0,S1_U2_filter_only_no_refill__C3_tail_breadth_Q5_high,S1_U2_filter_only_no_refill,C3_tail_breadth_Q5_high
20260312,5bp_one_way_slippage,0.0,False,0,S1_U2_filter_only_no_refill__C3_tail_breadth_Q5_high,S1_U2_filter_only_no_refill,C3_tail_breadth_Q5_high
20260313,5bp_one_way_slippage,0.0,False,0,S1_U2_filter_only_no_refill__C3_tail_breadth_Q5_high,S1_U2_filter_only_no_refill,C3_tail_breadth_Q5_high
20260316,5bp_one_way_slippage,0.0,False,0,S1_U2_filter_only_no_refill__C3_tail_breadth_Q5_high,S1_U2_filter_only_no_refill,C3_tail_breadth_Q5_high
20260317,5bp_one_way_slippage,0.0,False,0,S1_U2_filter_only_no_refill__C3_tail_breadth_Q5_high,S1_U2_filter_only_no_refill,C3_tail_breadth_Q5_high
20260318,5bp_one_way_slippage,-0.020478671771097922,True,5,S1_U2_filter_only_no_refill__C3_tail_breadth_Q5_high,S1_U2_filter_only_no_refill,C3_tail_breadth_Q5_high
20260319,5bp_one_way_slippage,0.0,False,0,S1_U2_filter_only_no_refill__C3_tail_breadth_Q5_high,S1_U2_filter_only_no_refill,C3_tail_breadth_Q5_high
20260320,5bp_one_way_slippage,0.0,False,0,S1_U2_filter_only_no_refill__C3_tail_breadth_Q5_high,S1_U2_filter_only_no_refill,C3_tail_breadth_Q5_high
20260323,5bp_one_way_slippage,0.0,False,0,S1_U2_filter_only_no_refill__C3_tail_breadth_Q5_high,S1_U2_filter_only_no_refill,C3_tail_breadth_Q5_high
20260324,5bp_one_way_slippage,0.023883283713154624,True,2,S1_U2_filter_only_no_refill__C3_tail_breadth_Q5_high,S1_U2_filter_only_no_refill,C3_tail_breadth_Q5_high
20260325,5bp_one_way_slippage,-0.00783088650392021,True,5,S1_U2_filter_only_no_refill__C3_tail_breadth_Q5_high,S1_U2_filter_only_no_refill,C3_tail_breadth_Q5_high
20260326,5bp_one_way_slippage,0.0,False,0,S1_U2_filter_only_no_refill__C3_tail_breadth_Q5_high,S1_U2_filter_only_no_refill,C3_tail_breadth_Q5_high
20260327,5bp_one_way_slippage,0.0,False,0,S1_U2_filter_only_no_refill__C3_tail_breadth_Q5_high,S1_U2_filter_only_no_refill,C3_tail_breadth_Q5_high
20260330,5bp_one_way_slippage,0.0,False,0,S1_U2_filter_only_no_refill__C3_tail_breadth_Q5_high,S1_U2_filter_only_no_refill,C3_tail_breadth_Q5_high
20260331,5bp_one_way_slippage,0.0,False,0,S1_U2_filter_only_no_refill__C3_tail_breadth_Q5_high,S1_U2_filter_only_no_refill,C3_tail_breadth_Q5_high
20260401,5bp_one_way_slippage,0.007105764808586934,True,4,S1_U2_filter_only_no_refill__C3_tail_breadth_Q5_high,S1_U2_filter_only_no_refill,C3_tail_breadth_Q5_high
20260402,5bp_one_way_slippage,0.0,False,0,S1_U2_filter_only_no_refill__C3_tail_breadth_Q5_high,S1_U2_filter_only_no_refill,C3_tail_breadth_Q5_high
20260403,5bp_one_way_slippage,0.0,False,0,S1_U2_filter_only_no_refill__C3_tail_breadth_Q5_high,S1_U2_filter_only_no_refill,C3_tail_breadth_Q5_high
20260407,5bp_one_way_slippage,0.0,False,0,S1_U2_filter_only_no_refill__C3_tail_breadth_Q5_high,S1_U2_filter_only_no_refill,C3_tail_breadth_Q5_high
20260408,5bp_one_way_slippage,-0.019647834747264517,True,9,S1_U2_filter_only_no_refill__C3_tail_breadth_Q5_high,S1_U2_filter_only_no_refill,C3_tail_breadth_Q5_high
20260409,5bp_one_way_slippage,0.0,False,0,S1_U2_filter_only_no_refill__C3_tail_breadth_Q5_high,S1_U2_filter_only_no_refill,C3_tail_breadth_Q5_high
20260410,5bp_one_way_slippage,0.0,False,0,S1_U2_filter_only_no_refill__C3_tail_breadth_Q5_high,S1_U2_filter_only_no_refill,C3_tail_breadth_Q5_high
20260413,5bp_one_way_slippage,0.0,False,0,S1_U2_filter_only_no_refill__C3_tail_breadth_Q5_high,S1_U2_filter_only_no_refill,C3_tail_breadth_Q5_high
20260414,5bp_one_way_slippage,0.04790525403756751,True,1,S1_U2_filter_only_no_refill__C3_tail_breadth_Q5_high,S1_U2_filter_only_no_refill,C3_tail_breadth_Q5_high
20260415,5bp_one_way_slippage,0.0,False,0,S1_U2_filter_only_no_refill__C3_tail_breadth_Q5_high,S1_U2_filter_only_no_refill,C3_tail_breadth_Q5_high
20260416,5bp_one_way_slippage,0.0,False,0,S1_U2_filter_only_no_refill__C3_tail_breadth_Q5_high,S1_U2_filter_only_no_refill,C3_tail_breadth_Q5_high
20260417,5bp_one_way_slippage,0.0,False,0,S1_U2_filter_only_no_refill__C3_tail_breadth_Q5_high,S1_U2_filter_only_no_refill,C3_tail_breadth_Q5_high
20260420,5bp_one_way_slippage,0.0,False,0,S1_U2_filter_only_no_refill__C3_tail_breadth_Q5_high,S1_U2_filter_only_no_refill,C3_tail_breadth_Q5_high
20260421,5bp_one_way_slippage,-0.004018488048694435,True,10,S1_U2_filter_only_no_refill__C3_tail_breadth_Q5_high,S1_U2_filter_only_no_refill,C3_tail_breadth_Q5_high
20260422,5bp_one_way_slippage,0.005118806669433984,True,8,S1_U2_filter_only_no_refill__C3_tail_breadth_Q5_high,S1_U2_filter_only_no_refill,C3_tail_breadth_Q5_high
20260423,5bp_one_way_slippage,0.0,False,0,S1_U2_filter_only_no_refill__C3_tail_breadth_Q5_high,S1_U2_filter_only_no_refill,C3_tail_breadth_Q5_high
20260424,5bp_one_way_slippage,0.0,False,0,S1_U2_filter_only_no_refill__C3_tail_breadth_Q5_high,S1_U2_filter_only_no_refill,C3_tail_breadth_Q5_high
20260427,5bp_one_way_slippage,0.0,False,0,S1_U2_filter_only_no_refill__C3_tail_breadth_Q5_high,S1_U2_filter_only_no_refill,C3_tail_breadth_Q5_high
20260428,5bp_one_way_slippage,0.0,False,0,S1_U2_filter_only_no_refill__C3_tail_breadth_Q5_high,S1_U2_filter_only_no_refill,C3_tail_breadth_Q5_high
20260429,5bp_one_way_slippage,0.0,False,0,S1_U2_filter_only_no_refill__C3_tail_breadth_Q5_high,S1_U2_filter_only_no_refill,C3_tail_breadth_Q5_high
20260430,5bp_one_way_slippage,0.0,False,0,S1_U2_filter_only_no_refill__C3_tail_breadth_Q5_high,S1_U2_filter_only_no_refill,C3_tail_breadth_Q5_high
20260506,5bp_one_way_slippage,-0.01615003983464397,True,2,S1_U2_filter_only_no_refill__C3_tail_breadth_Q5_high,S1_U2_filter_only_no_refill,C3_tail_breadth_Q5_high
20260507,5bp_one_way_slippage,0.0,False,0,S1_U2_filter_only_no_refill__C3_tail_breadth_Q5_high,S1_U2_filter_only_no_refill,C3_tail_breadth_Q5_high
20260508,5bp_one_way_slippage,0.0,False,0,S1_U2_filter_only_no_refill__C3_tail_breadth_Q5_high,S1_U2_filter_only_no_refill,C3_tail_breadth_Q5_high
20260511,5bp_one_way_slippage,0.0,False,0,S1_U2_filter_only_no_refill__C3_tail_breadth_Q5_high,S1_U2_filter_only_no_refill,C3_tail_breadth_Q5_high
20260512,5bp_one_way_slippage,0.0,False,0,S1_U2_filter_only_no_refill__C3_tail_breadth_Q5_high,S1_U2_filter_only_no_refill,C3_tail_breadth_Q5_high
20260513,5bp_one_way_slippage,0.0,False,0,S1_U2_filter_only_no_refill__C3_tail_breadth_Q5_high,S1_U2_filter_only_no_refill,C3_tail_breadth_Q5_high
20260514,5bp_one_way_slippage,0.0,False,0,S1_U2_filter_only_no_refill__C3_tail_breadth_Q5_high,S1_U2_filter_only_no_refill,C3_tail_breadth_Q5_high
20260515,5bp_one_way_slippage,0.0,False,0,S1_U2_filter_only_no_refill__C3_tail_breadth_Q5_high,S1_U2_filter_only_no_refill,C3_tail_breadth_Q5_high
20260518,5bp_one_way_slippage,0.0,False,0,S1_U2_filter_only_no_refill__C3_tail_breadth_Q5_high,S1_U2_filter_only_no_refill,C3_tail_breadth_Q5_high
20260519,5bp_one_way_slippage,-0.011014148865127152,True,8,S1_U2_filter_only_no_refill__C3_tail_breadth_Q5_high,S1_U2_filter_only_no_refill,C3_tail_breadth_Q5_high
20260520,5bp_one_way_slippage,0.0,False,0,S1_U2_filter_only_no_refill__C3_tail_breadth_Q5_high,S1_U2_filter_only_no_refill,C3_tail_breadth_Q5_high
20260224,10bp_one_way_slippage,0.0,False,0,S1_U2_filter_only_no_refill__C3_tail_breadth_Q5_high,S1_U2_filter_only_no_refill,C3_tail_breadth_Q5_high
20260225,10bp_one_way_slippage,0.0,False,0,S1_U2_filter_only_no_refill__C3_tail_breadth_Q5_high,S1_U2_filter_only_no_refill,C3_tail_breadth_Q5_high
20260226,10bp_one_way_slippage,0.001097834347043383,True,9,S1_U2_filter_only_no_refill__C3_tail_breadth_Q5_high,S1_U2_filter_only_no_refill,C3_tail_breadth_Q5_high
20260227,10bp_one_way_slippage,0.0,False,0,S1_U2_filter_only_no_refill__C3_tail_breadth_Q5_high,S1_U2_filter_only_no_refill,C3_tail_breadth_Q5_high
20260302,10bp_one_way_slippage,0.0,False,0,S1_U2_filter_only_no_refill__C3_tail_breadth_Q5_high,S1_U2_filter_only_no_refill,C3_tail_breadth_Q5_high
20260303,10bp_one_way_slippage,0.0,False,0,S1_U2_filter_only_no_refill__C3_tail_breadth_Q5_high,S1_U2_filter_only_no_refill,C3_tail_breadth_Q5_high
20260304,10bp_one_way_slippage,0.0,False,0,S1_U2_filter_only_no_refill__C3_tail_breadth_Q5_high,S1_U2_filter_only_no_refill,C3_tail_breadth_Q5_high
20260305,10bp_one_way_slippage,0.0,False,0,S1_U2_filter_only_no_refill__C3_tail_breadth_Q5_high,S1_U2_filter_only_no_refill,C3_tail_breadth_Q5_high
20260306,10bp_one_way_slippage,0.0,False,0,S1_U2_filter_only_no_refill__C3_tail_breadth_Q5_high,S1_U2_filter_only_no_refill,C3_tail_breadth_Q5_high
20260309,10bp_one_way_slippage,0.0,False,0,S1_U2_filter_only_no_refill__C3_tail_breadth_Q5_high,S1_U2_filter_only_no_refill,C3_tail_breadth_Q5_high
20260310,10bp_one_way_slippage,-0.00044542292035884556,True,4,S1_U2_filter_only_no_refill__C3_tail_breadth_Q5_high,S1_U2_filter_only_no_refill,C3_tail_breadth_Q5_high
20260311,10bp_one_way_slippage,0.0,False,0,S1_U2_filter_only_no_refill__C3_tail_breadth_Q5_high,S1_U2_filter_only_no_refill,C3_tail_breadth_Q5_high
20260312,10bp_one_way_slippage,0.0,False,0,S1_U2_filter_only_no_refill__C3_tail_breadth_Q5_high,S1_U2_filter_only_no_refill,C3_tail_breadth_Q5_high
20260313,10bp_one_way_slippage,0.0,False,0,S1_U2_filter_only_no_refill__C3_tail_breadth_Q5_high,S1_U2_filter_only_no_refill,C3_tail_breadth_Q5_high
20260316,10bp_one_way_slippage,0.0,False,0,S1_U2_filter_only_no_refill__C3_tail_breadth_Q5_high,S1_U2_filter_only_no_refill,C3_tail_breadth_Q5_high
20260317,10bp_one_way_slippage,0.0,False,0,S1_U2_filter_only_no_refill__C3_tail_breadth_Q5_high,S1_U2_filter_only_no_refill,C3_tail_breadth_Q5_high
20260318,10bp_one_way_slippage,-0.02145794974911659,True,5,S1_U2_filter_only_no_refill__C3_tail_breadth_Q5_high,S1_U2_filter_only_no_refill,C3_tail_breadth_Q5_high
20260319,10bp_one_way_slippage,0.0,False,0,S1_U2_filter_only_no_refill__C3_tail_breadth_Q5_high,S1_U2_filter_only_no_refill,C3_tail_breadth_Q5_high
20260320,10bp_one_way_slippage,0.0,False,0,S1_U2_filter_only_no_refill__C3_tail_breadth_Q5_high,S1_U2_filter_only_no_refill,C3_tail_breadth_Q5_high
20260323,10bp_one_way_slippage,0.0,False,0,S1_U2_filter_only_no_refill__C3_tail_breadth_Q5_high,S1_U2_filter_only_no_refill,C3_tail_breadth_Q5_high
20260324,10bp_one_way_slippage,0.02285965480084229,True,2,S1_U2_filter_only_no_refill__C3_tail_breadth_Q5_high,S1_U2_filter_only_no_refill,C3_tail_breadth_Q5_high
20260325,10bp_one_way_slippage,-0.008822809125016984,True,5,S1_U2_filter_only_no_refill__C3_tail_breadth_Q5_high,S1_U2_filter_only_no_refill,C3_tail_breadth_Q5_high
20260326,10bp_one_way_slippage,0.0,False,0,S1_U2_filter_only_no_refill__C3_tail_breadth_Q5_high,S1_U2_filter_only_no_refill,C3_tail_breadth_Q5_high
20260327,10bp_one_way_slippage,0.0,False,0,S1_U2_filter_only_no_refill__C3_tail_breadth_Q5_high,S1_U2_filter_only_no_refill,C3_tail_breadth_Q5_high
20260330,10bp_one_way_slippage,0.0,False,0,S1_U2_filter_only_no_refill__C3_tail_breadth_Q5_high,S1_U2_filter_only_no_refill,C3_tail_breadth_Q5_high
20260331,10bp_one_way_slippage,0.0,False,0,S1_U2_filter_only_no_refill__C3_tail_breadth_Q5_high,S1_U2_filter_only_no_refill,C3_tail_breadth_Q5_high
20260401,10bp_one_way_slippage,0.006098909247007733,True,4,S1_U2_filter_only_no_refill__C3_tail_breadth_Q5_high,S1_U2_filter_only_no_refill,C3_tail_breadth_Q5_high
20260402,10bp_one_way_slippage,0.0,False,0,S1_U2_filter_only_no_refill__C3_tail_breadth_Q5_high,S1_U2_filter_only_no_refill,C3_tail_breadth_Q5_high
20260403,10bp_one_way_slippage,0.0,False,0,S1_U2_filter_only_no_refill__C3_tail_breadth_Q5_high,S1_U2_filter_only_no_refill,C3_tail_breadth_Q5_high
20260407,10bp_one_way_slippage,0.0,False,0,S1_U2_filter_only_no_refill__C3_tail_breadth_Q5_high,S1_U2_filter_only_no_refill,C3_tail_breadth_Q5_high
20260408,10bp_one_way_slippage,-0.020627943355895635,True,9,S1_U2_filter_only_no_refill__C3_tail_breadth_Q5_high,S1_U2_filter_only_no_refill,C3_tail_breadth_Q5_high
20260409,10bp_one_way_slippage,0.0,False,0,S1_U2_filter_only_no_refill__C3_tail_breadth_Q5_high,S1_U2_filter_only_no_refill,C3_tail_breadth_Q5_high
20260410,10bp_one_way_slippage,0.0,False,0,S1_U2_filter_only_no_refill__C3_tail_breadth_Q5_high,S1_U2_filter_only_no_refill,C3_tail_breadth_Q5_high
20260413,10bp_one_way_slippage,0.0,False,0,S1_U2_filter_only_no_refill__C3_tail_breadth_Q5_high,S1_U2_filter_only_no_refill,C3_tail_breadth_Q5_high
20260414,10bp_one_way_slippage,0.04685760912289849,True,1,S1_U2_filter_only_no_refill__C3_tail_breadth_Q5_high,S1_U2_filter_only_no_refill,C3_tail_breadth_Q5_high
20260415,10bp_one_way_slippage,0.0,False,0,S1_U2_filter_only_no_refill__C3_tail_breadth_Q5_high,S1_U2_filter_only_no_refill,C3_tail_breadth_Q5_high
20260416,10bp_one_way_slippage,0.0,False,0,S1_U2_filter_only_no_refill__C3_tail_breadth_Q5_high,S1_U2_filter_only_no_refill,C3_tail_breadth_Q5_high
20260417,10bp_one_way_slippage,0.0,False,0,S1_U2_filter_only_no_refill__C3_tail_breadth_Q5_high,S1_U2_filter_only_no_refill,C3_tail_breadth_Q5_high
20260420,10bp_one_way_slippage,0.0,False,0,S1_U2_filter_only_no_refill__C3_tail_breadth_Q5_high,S1_U2_filter_only_no_refill,C3_tail_breadth_Q5_high
20260421,10bp_one_way_slippage,-0.005014222121102263,True,10,S1_U2_filter_only_no_refill__C3_tail_breadth_Q5_high,S1_U2_filter_only_no_refill,C3_tail_breadth_Q5_high
20260422,10bp_one_way_slippage,0.004113937572358284,True,8,S1_U2_filter_only_no_refill__C3_tail_breadth_Q5_high,S1_U2_filter_only_no_refill,C3_tail_breadth_Q5_high
20260423,10bp_one_way_slippage,0.0,False,0,S1_U2_filter_only_no_refill__C3_tail_breadth_Q5_high,S1_U2_filter_only_no_refill,C3_tail_breadth_Q5_high
20260424,10bp_one_way_slippage,0.0,False,0,S1_U2_filter_only_no_refill__C3_tail_breadth_Q5_high,S1_U2_filter_only_no_refill,C3_tail_breadth_Q5_high
20260427,10bp_one_way_slippage,0.0,False,0,S1_U2_filter_only_no_refill__C3_tail_breadth_Q5_high,S1_U2_filter_only_no_refill,C3_tail_breadth_Q5_high
20260428,10bp_one_way_slippage,0.0,False,0,S1_U2_filter_only_no_refill__C3_tail_breadth_Q5_high,S1_U2_filter_only_no_refill,C3_tail_breadth_Q5_high
20260429,10bp_one_way_slippage,0.0,False,0,S1_U2_filter_only_no_refill__C3_tail_breadth_Q5_high,S1_U2_filter_only_no_refill,C3_tail_breadth_Q5_high
20260430,10bp_one_way_slippage,0.0,False,0,S1_U2_filter_only_no_refill__C3_tail_breadth_Q5_high,S1_U2_filter_only_no_refill,C3_tail_breadth_Q5_high
20260506,10bp_one_way_slippage,-0.01713364536920292,True,2,S1_U2_filter_only_no_refill__C3_tail_breadth_Q5_high,S1_U2_filter_only_no_refill,C3_tail_breadth_Q5_high
20260507,10bp_one_way_slippage,0.0,False,0,S1_U2_filter_only_no_refill__C3_tail_breadth_Q5_high,S1_U2_filter_only_no_refill,C3_tail_breadth_Q5_high
20260508,10bp_one_way_slippage,0.0,False,0,S1_U2_filter_only_no_refill__C3_tail_breadth_Q5_high,S1_U2_filter_only_no_refill,C3_tail_breadth_Q5_high
20260511,10bp_one_way_slippage,0.0,False,0,S1_U2_filter_only_no_refill__C3_tail_breadth_Q5_high,S1_U2_filter_only_no_refill,C3_tail_breadth_Q5_high
20260512,10bp_one_way_slippage,0.0,False,0,S1_U2_filter_only_no_refill__C3_tail_breadth_Q5_high,S1_U2_filter_only_no_refill,C3_tail_breadth_Q5_high
20260513,10bp_one_way_slippage,0.0,False,0,S1_U2_filter_only_no_refill__C3_tail_breadth_Q5_high,S1_U2_filter_only_no_refill,C3_tail_breadth_Q5_high
20260514,10bp_one_way_slippage,0.0,False,0,S1_U2_filter_only_no_refill__C3_tail_breadth_Q5_high,S1_U2_filter_only_no_refill,C3_tail_breadth_Q5_high
20260515,10bp_one_way_slippage,0.0,False,0,S1_U2_filter_only_no_refill__C3_tail_breadth_Q5_high,S1_U2_filter_only_no_refill,C3_tail_breadth_Q5_high
20260518,10bp_one_way_slippage,0.0,False,0,S1_U2_filter_only_no_refill__C3_tail_breadth_Q5_high,S1_U2_filter_only_no_refill,C3_tail_breadth_Q5_high
20260519,10bp_one_way_slippage,-0.012002889014705642,True,8,S1_U2_filter_only_no_refill__C3_tail_breadth_Q5_high,S1_U2_filter_only_no_refill,C3_tail_breadth_Q5_high
20260520,10bp_one_way_slippage,0.0,False,0,S1_U2_filter_only_no_refill__C3_tail_breadth_Q5_high,S1_U2_filter_only_no_refill,C3_tail_breadth_Q5_high
20260224,10bp_slippage_plus_impact,0.0,False,0,S1_U2_filter_only_no_refill__C3_tail_breadth_Q5_high,S1_U2_filter_only_no_refill,C3_tail_breadth_Q5_high
20260225,10bp_slippage_plus_impact,0.0,False,0,S1_U2_filter_only_no_refill__C3_tail_breadth_Q5_high,S1_U2_filter_only_no_refill,C3_tail_breadth_Q5_high
20260226,10bp_slippage_plus_impact,0.0009678367759618808,True,9,S1_U2_filter_only_no_refill__C3_tail_breadth_Q5_high,S1_U2_filter_only_no_refill,C3_tail_breadth_Q5_high
20260227,10bp_slippage_plus_impact,0.0,False,0,S1_U2_filter_only_no_refill__C3_tail_breadth_Q5_high,S1_U2_filter_only_no_refill,C3_tail_breadth_Q5_high
20260302,10bp_slippage_plus_impact,0.0,False,0,S1_U2_filter_only_no_refill__C3_tail_breadth_Q5_high,S1_U2_filter_only_no_refill,C3_tail_breadth_Q5_high
20260303,10bp_slippage_plus_impact,0.0,False,0,S1_U2_filter_only_no_refill__C3_tail_breadth_Q5_high,S1_U2_filter_only_no_refill,C3_tail_breadth_Q5_high
20260304,10bp_slippage_plus_impact,0.0,False,0,S1_U2_filter_only_no_refill__C3_tail_breadth_Q5_high,S1_U2_filter_only_no_refill,C3_tail_breadth_Q5_high
20260305,10bp_slippage_plus_impact,0.0,False,0,S1_U2_filter_only_no_refill__C3_tail_breadth_Q5_high,S1_U2_filter_only_no_refill,C3_tail_breadth_Q5_high
20260306,10bp_slippage_plus_impact,0.0,False,0,S1_U2_filter_only_no_refill__C3_tail_breadth_Q5_high,S1_U2_filter_only_no_refill,C3_tail_breadth_Q5_high
20260309,10bp_slippage_plus_impact,0.0,False,0,S1_U2_filter_only_no_refill__C3_tail_breadth_Q5_high,S1_U2_filter_only_no_refill,C3_tail_breadth_Q5_high
20260310,10bp_slippage_plus_impact,-0.0006303479612247698,True,4,S1_U2_filter_only_no_refill__C3_tail_breadth_Q5_high,S1_U2_filter_only_no_refill,C3_tail_breadth_Q5_high
20260311,10bp_slippage_plus_impact,0.0,False,0,S1_U2_filter_only_no_refill__C3_tail_breadth_Q5_high,S1_U2_filter_only_no_refill,C3_tail_breadth_Q5_high
20260312,10bp_slippage_plus_impact,0.0,False,0,S1_U2_filter_only_no_refill__C3_tail_breadth_Q5_high,S1_U2_filter_only_no_refill,C3_tail_breadth_Q5_high
20260313,10bp_slippage_plus_impact,0.0,False,0,S1_U2_filter_only_no_refill__C3_tail_breadth_Q5_high,S1_U2_filter_only_no_refill,C3_tail_breadth_Q5_high
20260316,10bp_slippage_plus_impact,0.0,False,0,S1_U2_filter_only_no_refill__C3_tail_breadth_Q5_high,S1_U2_filter_only_no_refill,C3_tail_breadth_Q5_high
20260317,10bp_slippage_plus_impact,0.0,False,0,S1_U2_filter_only_no_refill__C3_tail_breadth_Q5_high,S1_U2_filter_only_no_refill,C3_tail_breadth_Q5_high
20260318,10bp_slippage_plus_impact,-0.021683020383897578,True,5,S1_U2_filter_only_no_refill__C3_tail_breadth_Q5_high,S1_U2_filter_only_no_refill,C3_tail_breadth_Q5_high
20260319,10bp_slippage_plus_impact,0.0,False,0,S1_U2_filter_only_no_refill__C3_tail_breadth_Q5_high,S1_U2_filter_only_no_refill,C3_tail_breadth_Q5_high
20260320,10bp_slippage_plus_impact,0.0,False,0,S1_U2_filter_only_no_refill__C3_tail_breadth_Q5_high,S1_U2_filter_only_no_refill,C3_tail_breadth_Q5_high
20260323,10bp_slippage_plus_impact,0.0,False,0,S1_U2_filter_only_no_refill__C3_tail_breadth_Q5_high,S1_U2_filter_only_no_refill,C3_tail_breadth_Q5_high
20260324,10bp_slippage_plus_impact,0.022667399907820518,True,2,S1_U2_filter_only_no_refill__C3_tail_breadth_Q5_high,S1_U2_filter_only_no_refill,C3_tail_breadth_Q5_high
20260325,10bp_slippage_plus_impact,-0.009066003858721828,True,5,S1_U2_filter_only_no_refill__C3_tail_breadth_Q5_high,S1_U2_filter_only_no_refill,C3_tail_breadth_Q5_high
20260326,10bp_slippage_plus_impact,0.0,False,0,S1_U2_filter_only_no_refill__C3_tail_breadth_Q5_high,S1_U2_filter_only_no_refill,C3_tail_breadth_Q5_high
20260327,10bp_slippage_plus_impact,0.0,False,0,S1_U2_filter_only_no_refill__C3_tail_breadth_Q5_high,S1_U2_filter_only_no_refill,C3_tail_breadth_Q5_high
20260330,10bp_slippage_plus_impact,0.0,False,0,S1_U2_filter_only_no_refill__C3_tail_breadth_Q5_high,S1_U2_filter_only_no_refill,C3_tail_breadth_Q5_high
20260331,10bp_slippage_plus_impact,0.0,False,0,S1_U2_filter_only_no_refill__C3_tail_breadth_Q5_high,S1_U2_filter_only_no_refill,C3_tail_breadth_Q5_high
20260401,10bp_slippage_plus_impact,0.00593251684020793,True,4,S1_U2_filter_only_no_refill__C3_tail_breadth_Q5_high,S1_U2_filter_only_no_refill,C3_tail_breadth_Q5_high
20260402,10bp_slippage_plus_impact,0.0,False,0,S1_U2_filter_only_no_refill__C3_tail_breadth_Q5_high,S1_U2_filter_only_no_refill,C3_tail_breadth_Q5_high
20260403,10bp_slippage_plus_impact,0.0,False,0,S1_U2_filter_only_no_refill__C3_tail_breadth_Q5_high,S1_U2_filter_only_no_refill,C3_tail_breadth_Q5_high
20260407,10bp_slippage_plus_impact,0.0,False,0,S1_U2_filter_only_no_refill__C3_tail_breadth_Q5_high,S1_U2_filter_only_no_refill,C3_tail_breadth_Q5_high
20260408,10bp_slippage_plus_impact,-0.020767970171317002,True,9,S1_U2_filter_only_no_refill__C3_tail_breadth_Q5_high,S1_U2_filter_only_no_refill,C3_tail_breadth_Q5_high
20260409,10bp_slippage_plus_impact,0.0,False,0,S1_U2_filter_only_no_refill__C3_tail_breadth_Q5_high,S1_U2_filter_only_no_refill,C3_tail_breadth_Q5_high
20260410,10bp_slippage_plus_impact,0.0,False,0,S1_U2_filter_only_no_refill__C3_tail_breadth_Q5_high,S1_U2_filter_only_no_refill,C3_tail_breadth_Q5_high
20260413,10bp_slippage_plus_impact,0.0,False,0,S1_U2_filter_only_no_refill__C3_tail_breadth_Q5_high,S1_U2_filter_only_no_refill,C3_tail_breadth_Q5_high
20260414,10bp_slippage_plus_impact,0.046568041140218064,True,1,S1_U2_filter_only_no_refill__C3_tail_breadth_Q5_high,S1_U2_filter_only_no_refill,C3_tail_breadth_Q5_high
20260415,10bp_slippage_plus_impact,0.0,False,0,S1_U2_filter_only_no_refill__C3_tail_breadth_Q5_high,S1_U2_filter_only_no_refill,C3_tail_breadth_Q5_high
20260416,10bp_slippage_plus_impact,0.0,False,0,S1_U2_filter_only_no_refill__C3_tail_breadth_Q5_high,S1_U2_filter_only_no_refill,C3_tail_breadth_Q5_high
20260417,10bp_slippage_plus_impact,0.0,False,0,S1_U2_filter_only_no_refill__C3_tail_breadth_Q5_high,S1_U2_filter_only_no_refill,C3_tail_breadth_Q5_high
20260420,10bp_slippage_plus_impact,0.0,False,0,S1_U2_filter_only_no_refill__C3_tail_breadth_Q5_high,S1_U2_filter_only_no_refill,C3_tail_breadth_Q5_high
20260421,10bp_slippage_plus_impact,-0.005102511886980932,True,10,S1_U2_filter_only_no_refill__C3_tail_breadth_Q5_high,S1_U2_filter_only_no_refill,C3_tail_breadth_Q5_high
20260422,10bp_slippage_plus_impact,0.003989411671110332,True,8,S1_U2_filter_only_no_refill__C3_tail_breadth_Q5_high,S1_U2_filter_only_no_refill,C3_tail_breadth_Q5_high
20260423,10bp_slippage_plus_impact,0.0,False,0,S1_U2_filter_only_no_refill__C3_tail_breadth_Q5_high,S1_U2_filter_only_no_refill,C3_tail_breadth_Q5_high
20260424,10bp_slippage_plus_impact,0.0,False,0,S1_U2_filter_only_no_refill__C3_tail_breadth_Q5_high,S1_U2_filter_only_no_refill,C3_tail_breadth_Q5_high
20260427,10bp_slippage_plus_impact,0.0,False,0,S1_U2_filter_only_no_refill__C3_tail_breadth_Q5_high,S1_U2_filter_only_no_refill,C3_tail_breadth_Q5_high
20260428,10bp_slippage_plus_impact,0.0,False,0,S1_U2_filter_only_no_refill__C3_tail_breadth_Q5_high,S1_U2_filter_only_no_refill,C3_tail_breadth_Q5_high
20260429,10bp_slippage_plus_impact,0.0,False,0,S1_U2_filter_only_no_refill__C3_tail_breadth_Q5_high,S1_U2_filter_only_no_refill,C3_tail_breadth_Q5_high
20260430,10bp_slippage_plus_impact,0.0,False,0,S1_U2_filter_only_no_refill__C3_tail_breadth_Q5_high,S1_U2_filter_only_no_refill,C3_tail_breadth_Q5_high
20260506,10bp_slippage_plus_impact,-0.017309097771626814,True,2,S1_U2_filter_only_no_refill__C3_tail_breadth_Q5_high,S1_U2_filter_only_no_refill,C3_tail_breadth_Q5_high
20260507,10bp_slippage_plus_impact,0.0,False,0,S1_U2_filter_only_no_refill__C3_tail_breadth_Q5_high,S1_U2_filter_only_no_refill,C3_tail_breadth_Q5_high
20260508,10bp_slippage_plus_impact,0.0,False,0,S1_U2_filter_only_no_refill__C3_tail_breadth_Q5_high,S1_U2_filter_only_no_refill,C3_tail_breadth_Q5_high
20260511,10bp_slippage_plus_impact,0.0,False,0,S1_U2_filter_only_no_refill__C3_tail_breadth_Q5_high,S1_U2_filter_only_no_refill,C3_tail_breadth_Q5_high
20260512,10bp_slippage_plus_impact,0.0,False,0,S1_U2_filter_only_no_refill__C3_tail_breadth_Q5_high,S1_U2_filter_only_no_refill,C3_tail_breadth_Q5_high
20260513,10bp_slippage_plus_impact,0.0,False,0,S1_U2_filter_only_no_refill__C3_tail_breadth_Q5_high,S1_U2_filter_only_no_refill,C3_tail_breadth_Q5_high
20260514,10bp_slippage_plus_impact,0.0,False,0,S1_U2_filter_only_no_refill__C3_tail_breadth_Q5_high,S1_U2_filter_only_no_refill,C3_tail_breadth_Q5_high
20260515,10bp_slippage_plus_impact,0.0,False,0,S1_U2_filter_only_no_refill__C3_tail_breadth_Q5_high,S1_U2_filter_only_no_refill,C3_tail_breadth_Q5_high
20260518,10bp_slippage_plus_impact,0.0,False,0,S1_U2_filter_only_no_refill__C3_tail_breadth_Q5_high,S1_U2_filter_only_no_refill,C3_tail_breadth_Q5_high
20260519,10bp_slippage_plus_impact,-0.012065202421216337,True,8,S1_U2_filter_only_no_refill__C3_tail_breadth_Q5_high,S1_U2_filter_only_no_refill,C3_tail_breadth_Q5_high
20260520,10bp_slippage_plus_impact,0.0,False,0,S1_U2_filter_only_no_refill__C3_tail_breadth_Q5_high,S1_U2_filter_only_no_refill,C3_tail_breadth_Q5_high
20260224,5bp_one_way_slippage,0.0,False,0,S1_U2_filter_only_no_refill__C4_tail_ret_median_Q5_high,S1_U2_filter_only_no_refill,C4_tail_ret_median_Q5_high
20260225,5bp_one_way_slippage,0.0,False,0,S1_U2_filter_only_no_refill__C4_tail_ret_median_Q5_high,S1_U2_filter_only_no_refill,C4_tail_ret_median_Q5_high
20260226,5bp_one_way_slippage,0.0020996850725864486,True,9,S1_U2_filter_only_no_refill__C4_tail_ret_median_Q5_high,S1_U2_filter_only_no_refill,C4_tail_ret_median_Q5_high
20260227,5bp_one_way_slippage,0.0,False,0,S1_U2_filter_only_no_refill__C4_tail_ret_median_Q5_high,S1_U2_filter_only_no_refill,C4_tail_ret_median_Q5_high
20260302,5bp_one_way_slippage,0.0,False,0,S1_U2_filter_only_no_refill__C4_tail_ret_median_Q5_high,S1_U2_filter_only_no_refill,C4_tail_ret_median_Q5_high
20260303,5bp_one_way_slippage,0.0,False,0,S1_U2_filter_only_no_refill__C4_tail_ret_median_Q5_high,S1_U2_filter_only_no_refill,C4_tail_ret_median_Q5_high
20260304,5bp_one_way_slippage,0.0,False,0,S1_U2_filter_only_no_refill__C4_tail_ret_median_Q5_high,S1_U2_filter_only_no_refill,C4_tail_ret_median_Q5_high
20260305,5bp_one_way_slippage,0.0,False,0,S1_U2_filter_only_no_refill__C4_tail_ret_median_Q5_high,S1_U2_filter_only_no_refill,C4_tail_ret_median_Q5_high
20260306,5bp_one_way_slippage,0.0,False,0,S1_U2_filter_only_no_refill__C4_tail_ret_median_Q5_high,S1_U2_filter_only_no_refill,C4_tail_ret_median_Q5_high
20260309,5bp_one_way_slippage,0.0,False,0,S1_U2_filter_only_no_refill__C4_tail_ret_median_Q5_high,S1_U2_filter_only_no_refill,C4_tail_ret_median_Q5_high
20260310,5bp_one_way_slippage,0.0005548833872862369,True,4,S1_U2_filter_only_no_refill__C4_tail_ret_median_Q5_high,S1_U2_filter_only_no_refill,C4_tail_ret_median_Q5_high
20260311,5bp_one_way_slippage,0.0,False,0,S1_U2_filter_only_no_refill__C4_tail_ret_median_Q5_high,S1_U2_filter_only_no_refill,C4_tail_ret_median_Q5_high
20260312,5bp_one_way_slippage,0.0,False,0,S1_U2_filter_only_no_refill__C4_tail_ret_median_Q5_high,S1_U2_filter_only_no_refill,C4_tail_ret_median_Q5_high
20260313,5bp_one_way_slippage,0.0,False,0,S1_U2_filter_only_no_refill__C4_tail_ret_median_Q5_high,S1_U2_filter_only_no_refill,C4_tail_ret_median_Q5_high
20260316,5bp_one_way_slippage,0.0,False,0,S1_U2_filter_only_no_refill__C4_tail_ret_median_Q5_high,S1_U2_filter_only_no_refill,C4_tail_ret_median_Q5_high
20260317,5bp_one_way_slippage,0.0,False,0,S1_U2_filter_only_no_refill__C4_tail_ret_median_Q5_high,S1_U2_filter_only_no_refill,C4_tail_ret_median_Q5_high
20260318,5bp_one_way_slippage,-0.020478671771097922,True,5,S1_U2_filter_only_no_refill__C4_tail_ret_median_Q5_high,S1_U2_filter_only_no_refill,C4_tail_ret_median_Q5_high
20260319,5bp_one_way_slippage,0.0,False,0,S1_U2_filter_only_no_refill__C4_tail_ret_median_Q5_high,S1_U2_filter_only_no_refill,C4_tail_ret_median_Q5_high
20260320,5bp_one_way_slippage,0.0,False,0,S1_U2_filter_only_no_refill__C4_tail_ret_median_Q5_high,S1_U2_filter_only_no_refill,C4_tail_ret_median_Q5_high
20260323,5bp_one_way_slippage,0.0,False,0,S1_U2_filter_only_no_refill__C4_tail_ret_median_Q5_high,S1_U2_filter_only_no_refill,C4_tail_ret_median_Q5_high
20260324,5bp_one_way_slippage,0.023883283713154624,True,2,S1_U2_filter_only_no_refill__C4_tail_ret_median_Q5_high,S1_U2_filter_only_no_refill,C4_tail_ret_median_Q5_high
20260325,5bp_one_way_slippage,-0.00783088650392021,True,5,S1_U2_filter_only_no_refill__C4_tail_ret_median_Q5_high,S1_U2_filter_only_no_refill,C4_tail_ret_median_Q5_high
20260326,5bp_one_way_slippage,0.0,False,0,S1_U2_filter_only_no_refill__C4_tail_ret_median_Q5_high,S1_U2_filter_only_no_refill,C4_tail_ret_median_Q5_high
20260327,5bp_one_way_slippage,0.0,False,0,S1_U2_filter_only_no_refill__C4_tail_ret_median_Q5_high,S1_U2_filter_only_no_refill,C4_tail_ret_median_Q5_high
20260330,5bp_one_way_slippage,0.0,False,0,S1_U2_filter_only_no_refill__C4_tail_ret_median_Q5_high,S1_U2_filter_only_no_refill,C4_tail_ret_median_Q5_high
20260331,5bp_one_way_slippage,0.0,False,0,S1_U2_filter_only_no_refill__C4_tail_ret_median_Q5_high,S1_U2_filter_only_no_refill,C4_tail_ret_median_Q5_high
20260401,5bp_one_way_slippage,0.007105764808586934,True,4,S1_U2_filter_only_no_refill__C4_tail_ret_median_Q5_high,S1_U2_filter_only_no_refill,C4_tail_ret_median_Q5_high
20260402,5bp_one_way_slippage,0.0,False,0,S1_U2_filter_only_no_refill__C4_tail_ret_median_Q5_high,S1_U2_filter_only_no_refill,C4_tail_ret_median_Q5_high
20260403,5bp_one_way_slippage,0.0,False,0,S1_U2_filter_only_no_refill__C4_tail_ret_median_Q5_high,S1_U2_filter_only_no_refill,C4_tail_ret_median_Q5_high
20260407,5bp_one_way_slippage,0.0,False,0,S1_U2_filter_only_no_refill__C4_tail_ret_median_Q5_high,S1_U2_filter_only_no_refill,C4_tail_ret_median_Q5_high
20260408,5bp_one_way_slippage,-0.019647834747264517,True,9,S1_U2_filter_only_no_refill__C4_tail_ret_median_Q5_high,S1_U2_filter_only_no_refill,C4_tail_ret_median_Q5_high
20260409,5bp_one_way_slippage,0.0,False,0,S1_U2_filter_only_no_refill__C4_tail_ret_median_Q5_high,S1_U2_filter_only_no_refill,C4_tail_ret_median_Q5_high
20260410,5bp_one_way_slippage,0.0,False,0,S1_U2_filter_only_no_refill__C4_tail_ret_median_Q5_high,S1_U2_filter_only_no_refill,C4_tail_ret_median_Q5_high
20260413,5bp_one_way_slippage,0.0,False,0,S1_U2_filter_only_no_refill__C4_tail_ret_median_Q5_high,S1_U2_filter_only_no_refill,C4_tail_ret_median_Q5_high
20260414,5bp_one_way_slippage,0.04790525403756751,True,1,S1_U2_filter_only_no_refill__C4_tail_ret_median_Q5_high,S1_U2_filter_only_no_refill,C4_tail_ret_median_Q5_high
20260415,5bp_one_way_slippage,0.0,False,0,S1_U2_filter_only_no_refill__C4_tail_ret_median_Q5_high,S1_U2_filter_only_no_refill,C4_tail_ret_median_Q5_high
20260416,5bp_one_way_slippage,0.0,False,0,S1_U2_filter_only_no_refill__C4_tail_ret_median_Q5_high,S1_U2_filter_only_no_refill,C4_tail_ret_median_Q5_high
20260417,5bp_one_way_slippage,0.0,False,0,S1_U2_filter_only_no_refill__C4_tail_ret_median_Q5_high,S1_U2_filter_only_no_refill,C4_tail_ret_median_Q5_high
20260420,5bp_one_way_slippage,0.0,False,0,S1_U2_filter_only_no_refill__C4_tail_ret_median_Q5_high,S1_U2_filter_only_no_refill,C4_tail_ret_median_Q5_high
20260421,5bp_one_way_slippage,-0.004018488048694435,True,10,S1_U2_filter_only_no_refill__C4_tail_ret_median_Q5_high,S1_U2_filter_only_no_refill,C4_tail_ret_median_Q5_high
20260422,5bp_one_way_slippage,0.005118806669433984,True,8,S1_U2_filter_only_no_refill__C4_tail_ret_median_Q5_high,S1_U2_filter_only_no_refill,C4_tail_ret_median_Q5_high
20260423,5bp_one_way_slippage,0.0,False,0,S1_U2_filter_only_no_refill__C4_tail_ret_median_Q5_high,S1_U2_filter_only_no_refill,C4_tail_ret_median_Q5_high
20260424,5bp_one_way_slippage,0.0,False,0,S1_U2_filter_only_no_refill__C4_tail_ret_median_Q5_high,S1_U2_filter_only_no_refill,C4_tail_ret_median_Q5_high
20260427,5bp_one_way_slippage,0.0,False,0,S1_U2_filter_only_no_refill__C4_tail_ret_median_Q5_high,S1_U2_filter_only_no_refill,C4_tail_ret_median_Q5_high
20260428,5bp_one_way_slippage,0.0,False,0,S1_U2_filter_only_no_refill__C4_tail_ret_median_Q5_high,S1_U2_filter_only_no_refill,C4_tail_ret_median_Q5_high
20260429,5bp_one_way_slippage,0.0,False,0,S1_U2_filter_only_no_refill__C4_tail_ret_median_Q5_high,S1_U2_filter_only_no_refill,C4_tail_ret_median_Q5_high
20260430,5bp_one_way_slippage,0.0,False,0,S1_U2_filter_only_no_refill__C4_tail_ret_median_Q5_high,S1_U2_filter_only_no_refill,C4_tail_ret_median_Q5_high
20260506,5bp_one_way_slippage,0.0,False,0,S1_U2_filter_only_no_refill__C4_tail_ret_median_Q5_high,S1_U2_filter_only_no_refill,C4_tail_ret_median_Q5_high
20260507,5bp_one_way_slippage,0.0,False,0,S1_U2_filter_only_no_refill__C4_tail_ret_median_Q5_high,S1_U2_filter_only_no_refill,C4_tail_ret_median_Q5_high
20260508,5bp_one_way_slippage,0.0,False,0,S1_U2_filter_only_no_refill__C4_tail_ret_median_Q5_high,S1_U2_filter_only_no_refill,C4_tail_ret_median_Q5_high
20260511,5bp_one_way_slippage,0.0,False,0,S1_U2_filter_only_no_refill__C4_tail_ret_median_Q5_high,S1_U2_filter_only_no_refill,C4_tail_ret_median_Q5_high
20260512,5bp_one_way_slippage,0.0,False,0,S1_U2_filter_only_no_refill__C4_tail_ret_median_Q5_high,S1_U2_filter_only_no_refill,C4_tail_ret_median_Q5_high
20260513,5bp_one_way_slippage,0.0,False,0,S1_U2_filter_only_no_refill__C4_tail_ret_median_Q5_high,S1_U2_filter_only_no_refill,C4_tail_ret_median_Q5_high
20260514,5bp_one_way_slippage,0.0,False,0,S1_U2_filter_only_no_refill__C4_tail_ret_median_Q5_high,S1_U2_filter_only_no_refill,C4_tail_ret_median_Q5_high
20260515,5bp_one_way_slippage,0.0,False,0,S1_U2_filter_only_no_refill__C4_tail_ret_median_Q5_high,S1_U2_filter_only_no_refill,C4_tail_ret_median_Q5_high
20260518,5bp_one_way_slippage,0.0,False,0,S1_U2_filter_only_no_refill__C4_tail_ret_median_Q5_high,S1_U2_filter_only_no_refill,C4_tail_ret_median_Q5_high
20260519,5bp_one_way_slippage,-0.011014148865127152,True,8,S1_U2_filter_only_no_refill__C4_tail_ret_median_Q5_high,S1_U2_filter_only_no_refill,C4_tail_ret_median_Q5_high
20260520,5bp_one_way_slippage,0.017224973447833542,True,9,S1_U2_filter_only_no_refill__C4_tail_ret_median_Q5_high,S1_U2_filter_only_no_refill,C4_tail_ret_median_Q5_high
20260224,10bp_one_way_slippage,0.0,False,0,S1_U2_filter_only_no_refill__C4_tail_ret_median_Q5_high,S1_U2_filter_only_no_refill,C4_tail_ret_median_Q5_high
20260225,10bp_one_way_slippage,0.0,False,0,S1_U2_filter_only_no_refill__C4_tail_ret_median_Q5_high,S1_U2_filter_only_no_refill,C4_tail_ret_median_Q5_high
20260226,10bp_one_way_slippage,0.001097834347043383,True,9,S1_U2_filter_only_no_refill__C4_tail_ret_median_Q5_high,S1_U2_filter_only_no_refill,C4_tail_ret_median_Q5_high
20260227,10bp_one_way_slippage,0.0,False,0,S1_U2_filter_only_no_refill__C4_tail_ret_median_Q5_high,S1_U2_filter_only_no_refill,C4_tail_ret_median_Q5_high
20260302,10bp_one_way_slippage,0.0,False,0,S1_U2_filter_only_no_refill__C4_tail_ret_median_Q5_high,S1_U2_filter_only_no_refill,C4_tail_ret_median_Q5_high
20260303,10bp_one_way_slippage,0.0,False,0,S1_U2_filter_only_no_refill__C4_tail_ret_median_Q5_high,S1_U2_filter_only_no_refill,C4_tail_ret_median_Q5_high
20260304,10bp_one_way_slippage,0.0,False,0,S1_U2_filter_only_no_refill__C4_tail_ret_median_Q5_high,S1_U2_filter_only_no_refill,C4_tail_ret_median_Q5_high
20260305,10bp_one_way_slippage,0.0,False,0,S1_U2_filter_only_no_refill__C4_tail_ret_median_Q5_high,S1_U2_filter_only_no_refill,C4_tail_ret_median_Q5_high
20260306,10bp_one_way_slippage,0.0,False,0,S1_U2_filter_only_no_refill__C4_tail_ret_median_Q5_high,S1_U2_filter_only_no_refill,C4_tail_ret_median_Q5_high
20260309,10bp_one_way_slippage,0.0,False,0,S1_U2_filter_only_no_refill__C4_tail_ret_median_Q5_high,S1_U2_filter_only_no_refill,C4_tail_ret_median_Q5_high
20260310,10bp_one_way_slippage,-0.00044542292035884556,True,4,S1_U2_filter_only_no_refill__C4_tail_ret_median_Q5_high,S1_U2_filter_only_no_refill,C4_tail_ret_median_Q5_high
20260311,10bp_one_way_slippage,0.0,False,0,S1_U2_filter_only_no_refill__C4_tail_ret_median_Q5_high,S1_U2_filter_only_no_refill,C4_tail_ret_median_Q5_high
20260312,10bp_one_way_slippage,0.0,False,0,S1_U2_filter_only_no_refill__C4_tail_ret_median_Q5_high,S1_U2_filter_only_no_refill,C4_tail_ret_median_Q5_high
20260313,10bp_one_way_slippage,0.0,False,0,S1_U2_filter_only_no_refill__C4_tail_ret_median_Q5_high,S1_U2_filter_only_no_refill,C4_tail_ret_median_Q5_high
20260316,10bp_one_way_slippage,0.0,False,0,S1_U2_filter_only_no_refill__C4_tail_ret_median_Q5_high,S1_U2_filter_only_no_refill,C4_tail_ret_median_Q5_high
20260317,10bp_one_way_slippage,0.0,False,0,S1_U2_filter_only_no_refill__C4_tail_ret_median_Q5_high,S1_U2_filter_only_no_refill,C4_tail_ret_median_Q5_high
20260318,10bp_one_way_slippage,-0.02145794974911659,True,5,S1_U2_filter_only_no_refill__C4_tail_ret_median_Q5_high,S1_U2_filter_only_no_refill,C4_tail_ret_median_Q5_high
20260319,10bp_one_way_slippage,0.0,False,0,S1_U2_filter_only_no_refill__C4_tail_ret_median_Q5_high,S1_U2_filter_only_no_refill,C4_tail_ret_median_Q5_high
20260320,10bp_one_way_slippage,0.0,False,0,S1_U2_filter_only_no_refill__C4_tail_ret_median_Q5_high,S1_U2_filter_only_no_refill,C4_tail_ret_median_Q5_high
20260323,10bp_one_way_slippage,0.0,False,0,S1_U2_filter_only_no_refill__C4_tail_ret_median_Q5_high,S1_U2_filter_only_no_refill,C4_tail_ret_median_Q5_high
20260324,10bp_one_way_slippage,0.02285965480084229,True,2,S1_U2_filter_only_no_refill__C4_tail_ret_median_Q5_high,S1_U2_filter_only_no_refill,C4_tail_ret_median_Q5_high
20260325,10bp_one_way_slippage,-0.008822809125016984,True,5,S1_U2_filter_only_no_refill__C4_tail_ret_median_Q5_high,S1_U2_filter_only_no_refill,C4_tail_ret_median_Q5_high
20260326,10bp_one_way_slippage,0.0,False,0,S1_U2_filter_only_no_refill__C4_tail_ret_median_Q5_high,S1_U2_filter_only_no_refill,C4_tail_ret_median_Q5_high
20260327,10bp_one_way_slippage,0.0,False,0,S1_U2_filter_only_no_refill__C4_tail_ret_median_Q5_high,S1_U2_filter_only_no_refill,C4_tail_ret_median_Q5_high
20260330,10bp_one_way_slippage,0.0,False,0,S1_U2_filter_only_no_refill__C4_tail_ret_median_Q5_high,S1_U2_filter_only_no_refill,C4_tail_ret_median_Q5_high
20260331,10bp_one_way_slippage,0.0,False,0,S1_U2_filter_only_no_refill__C4_tail_ret_median_Q5_high,S1_U2_filter_only_no_refill,C4_tail_ret_median_Q5_high
20260401,10bp_one_way_slippage,0.006098909247007733,True,4,S1_U2_filter_only_no_refill__C4_tail_ret_median_Q5_high,S1_U2_filter_only_no_refill,C4_tail_ret_median_Q5_high
20260402,10bp_one_way_slippage,0.0,False,0,S1_U2_filter_only_no_refill__C4_tail_ret_median_Q5_high,S1_U2_filter_only_no_refill,C4_tail_ret_median_Q5_high
20260403,10bp_one_way_slippage,0.0,False,0,S1_U2_filter_only_no_refill__C4_tail_ret_median_Q5_high,S1_U2_filter_only_no_refill,C4_tail_ret_median_Q5_high
20260407,10bp_one_way_slippage,0.0,False,0,S1_U2_filter_only_no_refill__C4_tail_ret_median_Q5_high,S1_U2_filter_only_no_refill,C4_tail_ret_median_Q5_high
20260408,10bp_one_way_slippage,-0.020627943355895635,True,9,S1_U2_filter_only_no_refill__C4_tail_ret_median_Q5_high,S1_U2_filter_only_no_refill,C4_tail_ret_median_Q5_high
20260409,10bp_one_way_slippage,0.0,False,0,S1_U2_filter_only_no_refill__C4_tail_ret_median_Q5_high,S1_U2_filter_only_no_refill,C4_tail_ret_median_Q5_high
20260410,10bp_one_way_slippage,0.0,False,0,S1_U2_filter_only_no_refill__C4_tail_ret_median_Q5_high,S1_U2_filter_only_no_refill,C4_tail_ret_median_Q5_high
20260413,10bp_one_way_slippage,0.0,False,0,S1_U2_filter_only_no_refill__C4_tail_ret_median_Q5_high,S1_U2_filter_only_no_refill,C4_tail_ret_median_Q5_high
20260414,10bp_one_way_slippage,0.04685760912289849,True,1,S1_U2_filter_only_no_refill__C4_tail_ret_median_Q5_high,S1_U2_filter_only_no_refill,C4_tail_ret_median_Q5_high
20260415,10bp_one_way_slippage,0.0,False,0,S1_U2_filter_only_no_refill__C4_tail_ret_median_Q5_high,S1_U2_filter_only_no_refill,C4_tail_ret_median_Q5_high
20260416,10bp_one_way_slippage,0.0,False,0,S1_U2_filter_only_no_refill__C4_tail_ret_median_Q5_high,S1_U2_filter_only_no_refill,C4_tail_ret_median_Q5_high
20260417,10bp_one_way_slippage,0.0,False,0,S1_U2_filter_only_no_refill__C4_tail_ret_median_Q5_high,S1_U2_filter_only_no_refill,C4_tail_ret_median_Q5_high
20260420,10bp_one_way_slippage,0.0,False,0,S1_U2_filter_only_no_refill__C4_tail_ret_median_Q5_high,S1_U2_filter_only_no_refill,C4_tail_ret_median_Q5_high
20260421,10bp_one_way_slippage,-0.005014222121102263,True,10,S1_U2_filter_only_no_refill__C4_tail_ret_median_Q5_high,S1_U2_filter_only_no_refill,C4_tail_ret_median_Q5_high
20260422,10bp_one_way_slippage,0.004113937572358284,True,8,S1_U2_filter_only_no_refill__C4_tail_ret_median_Q5_high,S1_U2_filter_only_no_refill,C4_tail_ret_median_Q5_high
20260423,10bp_one_way_slippage,0.0,False,0,S1_U2_filter_only_no_refill__C4_tail_ret_median_Q5_high,S1_U2_filter_only_no_refill,C4_tail_ret_median_Q5_high
20260424,10bp_one_way_slippage,0.0,False,0,S1_U2_filter_only_no_refill__C4_tail_ret_median_Q5_high,S1_U2_filter_only_no_refill,C4_tail_ret_median_Q5_high
20260427,10bp_one_way_slippage,0.0,False,0,S1_U2_filter_only_no_refill__C4_tail_ret_median_Q5_high,S1_U2_filter_only_no_refill,C4_tail_ret_median_Q5_high
20260428,10bp_one_way_slippage,0.0,False,0,S1_U2_filter_only_no_refill__C4_tail_ret_median_Q5_high,S1_U2_filter_only_no_refill,C4_tail_ret_median_Q5_high
20260429,10bp_one_way_slippage,0.0,False,0,S1_U2_filter_only_no_refill__C4_tail_ret_median_Q5_high,S1_U2_filter_only_no_refill,C4_tail_ret_median_Q5_high
20260430,10bp_one_way_slippage,0.0,False,0,S1_U2_filter_only_no_refill__C4_tail_ret_median_Q5_high,S1_U2_filter_only_no_refill,C4_tail_ret_median_Q5_high
20260506,10bp_one_way_slippage,0.0,False,0,S1_U2_filter_only_no_refill__C4_tail_ret_median_Q5_high,S1_U2_filter_only_no_refill,C4_tail_ret_median_Q5_high
20260507,10bp_one_way_slippage,0.0,False,0,S1_U2_filter_only_no_refill__C4_tail_ret_median_Q5_high,S1_U2_filter_only_no_refill,C4_tail_ret_median_Q5_high
20260508,10bp_one_way_slippage,0.0,False,0,S1_U2_filter_only_no_refill__C4_tail_ret_median_Q5_high,S1_U2_filter_only_no_refill,C4_tail_ret_median_Q5_high
20260511,10bp_one_way_slippage,0.0,False,0,S1_U2_filter_only_no_refill__C4_tail_ret_median_Q5_high,S1_U2_filter_only_no_refill,C4_tail_ret_median_Q5_high
20260512,10bp_one_way_slippage,0.0,False,0,S1_U2_filter_only_no_refill__C4_tail_ret_median_Q5_high,S1_U2_filter_only_no_refill,C4_tail_ret_median_Q5_high
20260513,10bp_one_way_slippage,0.0,False,0,S1_U2_filter_only_no_refill__C4_tail_ret_median_Q5_high,S1_U2_filter_only_no_refill,C4_tail_ret_median_Q5_high
20260514,10bp_one_way_slippage,0.0,False,0,S1_U2_filter_only_no_refill__C4_tail_ret_median_Q5_high,S1_U2_filter_only_no_refill,C4_tail_ret_median_Q5_high
20260515,10bp_one_way_slippage,0.0,False,0,S1_U2_filter_only_no_refill__C4_tail_ret_median_Q5_high,S1_U2_filter_only_no_refill,C4_tail_ret_median_Q5_high
20260518,10bp_one_way_slippage,0.0,False,0,S1_U2_filter_only_no_refill__C4_tail_ret_median_Q5_high,S1_U2_filter_only_no_refill,C4_tail_ret_median_Q5_high
20260519,10bp_one_way_slippage,-0.012002889014705642,True,8,S1_U2_filter_only_no_refill__C4_tail_ret_median_Q5_high,S1_U2_filter_only_no_refill,C4_tail_ret_median_Q5_high
20260520,10bp_one_way_slippage,0.016208001191609873,True,9,S1_U2_filter_only_no_refill__C4_tail_ret_median_Q5_high,S1_U2_filter_only_no_refill,C4_tail_ret_median_Q5_high
20260224,10bp_slippage_plus_impact,0.0,False,0,S1_U2_filter_only_no_refill__C4_tail_ret_median_Q5_high,S1_U2_filter_only_no_refill,C4_tail_ret_median_Q5_high
20260225,10bp_slippage_plus_impact,0.0,False,0,S1_U2_filter_only_no_refill__C4_tail_ret_median_Q5_high,S1_U2_filter_only_no_refill,C4_tail_ret_median_Q5_high
20260226,10bp_slippage_plus_impact,0.0009678367759618808,True,9,S1_U2_filter_only_no_refill__C4_tail_ret_median_Q5_high,S1_U2_filter_only_no_refill,C4_tail_ret_median_Q5_high
20260227,10bp_slippage_plus_impact,0.0,False,0,S1_U2_filter_only_no_refill__C4_tail_ret_median_Q5_high,S1_U2_filter_only_no_refill,C4_tail_ret_median_Q5_high
20260302,10bp_slippage_plus_impact,0.0,False,0,S1_U2_filter_only_no_refill__C4_tail_ret_median_Q5_high,S1_U2_filter_only_no_refill,C4_tail_ret_median_Q5_high
20260303,10bp_slippage_plus_impact,0.0,False,0,S1_U2_filter_only_no_refill__C4_tail_ret_median_Q5_high,S1_U2_filter_only_no_refill,C4_tail_ret_median_Q5_high
20260304,10bp_slippage_plus_impact,0.0,False,0,S1_U2_filter_only_no_refill__C4_tail_ret_median_Q5_high,S1_U2_filter_only_no_refill,C4_tail_ret_median_Q5_high
20260305,10bp_slippage_plus_impact,0.0,False,0,S1_U2_filter_only_no_refill__C4_tail_ret_median_Q5_high,S1_U2_filter_only_no_refill,C4_tail_ret_median_Q5_high
20260306,10bp_slippage_plus_impact,0.0,False,0,S1_U2_filter_only_no_refill__C4_tail_ret_median_Q5_high,S1_U2_filter_only_no_refill,C4_tail_ret_median_Q5_high
20260309,10bp_slippage_plus_impact,0.0,False,0,S1_U2_filter_only_no_refill__C4_tail_ret_median_Q5_high,S1_U2_filter_only_no_refill,C4_tail_ret_median_Q5_high
20260310,10bp_slippage_plus_impact,-0.0006303479612247698,True,4,S1_U2_filter_only_no_refill__C4_tail_ret_median_Q5_high,S1_U2_filter_only_no_refill,C4_tail_ret_median_Q5_high
20260311,10bp_slippage_plus_impact,0.0,False,0,S1_U2_filter_only_no_refill__C4_tail_ret_median_Q5_high,S1_U2_filter_only_no_refill,C4_tail_ret_median_Q5_high
20260312,10bp_slippage_plus_impact,0.0,False,0,S1_U2_filter_only_no_refill__C4_tail_ret_median_Q5_high,S1_U2_filter_only_no_refill,C4_tail_ret_median_Q5_high
20260313,10bp_slippage_plus_impact,0.0,False,0,S1_U2_filter_only_no_refill__C4_tail_ret_median_Q5_high,S1_U2_filter_only_no_refill,C4_tail_ret_median_Q5_high
20260316,10bp_slippage_plus_impact,0.0,False,0,S1_U2_filter_only_no_refill__C4_tail_ret_median_Q5_high,S1_U2_filter_only_no_refill,C4_tail_ret_median_Q5_high
20260317,10bp_slippage_plus_impact,0.0,False,0,S1_U2_filter_only_no_refill__C4_tail_ret_median_Q5_high,S1_U2_filter_only_no_refill,C4_tail_ret_median_Q5_high
20260318,10bp_slippage_plus_impact,-0.021683020383897578,True,5,S1_U2_filter_only_no_refill__C4_tail_ret_median_Q5_high,S1_U2_filter_only_no_refill,C4_tail_ret_median_Q5_high
20260319,10bp_slippage_plus_impact,0.0,False,0,S1_U2_filter_only_no_refill__C4_tail_ret_median_Q5_high,S1_U2_filter_only_no_refill,C4_tail_ret_median_Q5_high
20260320,10bp_slippage_plus_impact,0.0,False,0,S1_U2_filter_only_no_refill__C4_tail_ret_median_Q5_high,S1_U2_filter_only_no_refill,C4_tail_ret_median_Q5_high
20260323,10bp_slippage_plus_impact,0.0,False,0,S1_U2_filter_only_no_refill__C4_tail_ret_median_Q5_high,S1_U2_filter_only_no_refill,C4_tail_ret_median_Q5_high
20260324,10bp_slippage_plus_impact,0.022667399907820518,True,2,S1_U2_filter_only_no_refill__C4_tail_ret_median_Q5_high,S1_U2_filter_only_no_refill,C4_tail_ret_median_Q5_high
20260325,10bp_slippage_plus_impact,-0.009066003858721828,True,5,S1_U2_filter_only_no_refill__C4_tail_ret_median_Q5_high,S1_U2_filter_only_no_refill,C4_tail_ret_median_Q5_high
20260326,10bp_slippage_plus_impact,0.0,False,0,S1_U2_filter_only_no_refill__C4_tail_ret_median_Q5_high,S1_U2_filter_only_no_refill,C4_tail_ret_median_Q5_high
20260327,10bp_slippage_plus_impact,0.0,False,0,S1_U2_filter_only_no_refill__C4_tail_ret_median_Q5_high,S1_U2_filter_only_no_refill,C4_tail_ret_median_Q5_high
20260330,10bp_slippage_plus_impact,0.0,False,0,S1_U2_filter_only_no_refill__C4_tail_ret_median_Q5_high,S1_U2_filter_only_no_refill,C4_tail_ret_median_Q5_high
20260331,10bp_slippage_plus_impact,0.0,False,0,S1_U2_filter_only_no_refill__C4_tail_ret_median_Q5_high,S1_U2_filter_only_no_refill,C4_tail_ret_median_Q5_high
20260401,10bp_slippage_plus_impact,0.00593251684020793,True,4,S1_U2_filter_only_no_refill__C4_tail_ret_median_Q5_high,S1_U2_filter_only_no_refill,C4_tail_ret_median_Q5_high
20260402,10bp_slippage_plus_impact,0.0,False,0,S1_U2_filter_only_no_refill__C4_tail_ret_median_Q5_high,S1_U2_filter_only_no_refill,C4_tail_ret_median_Q5_high
20260403,10bp_slippage_plus_impact,0.0,False,0,S1_U2_filter_only_no_refill__C4_tail_ret_median_Q5_high,S1_U2_filter_only_no_refill,C4_tail_ret_median_Q5_high
20260407,10bp_slippage_plus_impact,0.0,False,0,S1_U2_filter_only_no_refill__C4_tail_ret_median_Q5_high,S1_U2_filter_only_no_refill,C4_tail_ret_median_Q5_high
20260408,10bp_slippage_plus_impact,-0.020767970171317002,True,9,S1_U2_filter_only_no_refill__C4_tail_ret_median_Q5_high,S1_U2_filter_only_no_refill,C4_tail_ret_median_Q5_high
20260409,10bp_slippage_plus_impact,0.0,False,0,S1_U2_filter_only_no_refill__C4_tail_ret_median_Q5_high,S1_U2_filter_only_no_refill,C4_tail_ret_median_Q5_high
20260410,10bp_slippage_plus_impact,0.0,False,0,S1_U2_filter_only_no_refill__C4_tail_ret_median_Q5_high,S1_U2_filter_only_no_refill,C4_tail_ret_median_Q5_high
20260413,10bp_slippage_plus_impact,0.0,False,0,S1_U2_filter_only_no_refill__C4_tail_ret_median_Q5_high,S1_U2_filter_only_no_refill,C4_tail_ret_median_Q5_high
20260414,10bp_slippage_plus_impact,0.046568041140218064,True,1,S1_U2_filter_only_no_refill__C4_tail_ret_median_Q5_high,S1_U2_filter_only_no_refill,C4_tail_ret_median_Q5_high
20260415,10bp_slippage_plus_impact,0.0,False,0,S1_U2_filter_only_no_refill__C4_tail_ret_median_Q5_high,S1_U2_filter_only_no_refill,C4_tail_ret_median_Q5_high
20260416,10bp_slippage_plus_impact,0.0,False,0,S1_U2_filter_only_no_refill__C4_tail_ret_median_Q5_high,S1_U2_filter_only_no_refill,C4_tail_ret_median_Q5_high
20260417,10bp_slippage_plus_impact,0.0,False,0,S1_U2_filter_only_no_refill__C4_tail_ret_median_Q5_high,S1_U2_filter_only_no_refill,C4_tail_ret_median_Q5_high
20260420,10bp_slippage_plus_impact,0.0,False,0,S1_U2_filter_only_no_refill__C4_tail_ret_median_Q5_high,S1_U2_filter_only_no_refill,C4_tail_ret_median_Q5_high
20260421,10bp_slippage_plus_impact,-0.005102511886980932,True,10,S1_U2_filter_only_no_refill__C4_tail_ret_median_Q5_high,S1_U2_filter_only_no_refill,C4_tail_ret_median_Q5_high
20260422,10bp_slippage_plus_impact,0.003989411671110332,True,8,S1_U2_filter_only_no_refill__C4_tail_ret_median_Q5_high,S1_U2_filter_only_no_refill,C4_tail_ret_median_Q5_high
20260423,10bp_slippage_plus_impact,0.0,False,0,S1_U2_filter_only_no_refill__C4_tail_ret_median_Q5_high,S1_U2_filter_only_no_refill,C4_tail_ret_median_Q5_high
20260424,10bp_slippage_plus_impact,0.0,False,0,S1_U2_filter_only_no_refill__C4_tail_ret_median_Q5_high,S1_U2_filter_only_no_refill,C4_tail_ret_median_Q5_high
20260427,10bp_slippage_plus_impact,0.0,False,0,S1_U2_filter_only_no_refill__C4_tail_ret_median_Q5_high,S1_U2_filter_only_no_refill,C4_tail_ret_median_Q5_high
20260428,10bp_slippage_plus_impact,0.0,False,0,S1_U2_filter_only_no_refill__C4_tail_ret_median_Q5_high,S1_U2_filter_only_no_refill,C4_tail_ret_median_Q5_high
20260429,10bp_slippage_plus_impact,0.0,False,0,S1_U2_filter_only_no_refill__C4_tail_ret_median_Q5_high,S1_U2_filter_only_no_refill,C4_tail_ret_median_Q5_high
20260430,10bp_slippage_plus_impact,0.0,False,0,S1_U2_filter_only_no_refill__C4_tail_ret_median_Q5_high,S1_U2_filter_only_no_refill,C4_tail_ret_median_Q5_high
20260506,10bp_slippage_plus_impact,0.0,False,0,S1_U2_filter_only_no_refill__C4_tail_ret_median_Q5_high,S1_U2_filter_only_no_refill,C4_tail_ret_median_Q5_high
20260507,10bp_slippage_plus_impact,0.0,False,0,S1_U2_filter_only_no_refill__C4_tail_ret_median_Q5_high,S1_U2_filter_only_no_refill,C4_tail_ret_median_Q5_high
20260508,10bp_slippage_plus_impact,0.0,False,0,S1_U2_filter_only_no_refill__C4_tail_ret_median_Q5_high,S1_U2_filter_only_no_refill,C4_tail_ret_median_Q5_high
20260511,10bp_slippage_plus_impact,0.0,False,0,S1_U2_filter_only_no_refill__C4_tail_ret_median_Q5_high,S1_U2_filter_only_no_refill,C4_tail_ret_median_Q5_high
20260512,10bp_slippage_plus_impact,0.0,False,0,S1_U2_filter_only_no_refill__C4_tail_ret_median_Q5_high,S1_U2_filter_only_no_refill,C4_tail_ret_median_Q5_high
20260513,10bp_slippage_plus_impact,0.0,False,0,S1_U2_filter_only_no_refill__C4_tail_ret_median_Q5_high,S1_U2_filter_only_no_refill,C4_tail_ret_median_Q5_high
20260514,10bp_slippage_plus_impact,0.0,False,0,S1_U2_filter_only_no_refill__C4_tail_ret_median_Q5_high,S1_U2_filter_only_no_refill,C4_tail_ret_median_Q5_high
20260515,10bp_slippage_plus_impact,0.0,False,0,S1_U2_filter_only_no_refill__C4_tail_ret_median_Q5_high,S1_U2_filter_only_no_refill,C4_tail_ret_median_Q5_high
20260518,10bp_slippage_plus_impact,0.0,False,0,S1_U2_filter_only_no_refill__C4_tail_ret_median_Q5_high,S1_U2_filter_only_no_refill,C4_tail_ret_median_Q5_high
20260519,10bp_slippage_plus_impact,-0.012065202421216337,True,8,S1_U2_filter_only_no_refill__C4_tail_ret_median_Q5_high,S1_U2_filter_only_no_refill,C4_tail_ret_median_Q5_high
20260520,10bp_slippage_plus_impact,0.016125111392262026,True,9,S1_U2_filter_only_no_refill__C4_tail_ret_median_Q5_high,S1_U2_filter_only_no_refill,C4_tail_ret_median_Q5_high
20260224,5bp_one_way_slippage,0.004724795400576243,True,2,S2_U3_filter_only_no_refill__R1_tail_down,S2_U3_filter_only_no_refill,R1_tail_down
20260225,5bp_one_way_slippage,0.0,False,0,S2_U3_filter_only_no_refill__R1_tail_down,S2_U3_filter_only_no_refill,R1_tail_down
20260226,5bp_one_way_slippage,0.0,False,0,S2_U3_filter_only_no_refill__R1_tail_down,S2_U3_filter_only_no_refill,R1_tail_down
20260227,5bp_one_way_slippage,0.0,False,0,S2_U3_filter_only_no_refill__R1_tail_down,S2_U3_filter_only_no_refill,R1_tail_down
20260302,5bp_one_way_slippage,-0.008805294704982036,True,8,S2_U3_filter_only_no_refill__R1_tail_down,S2_U3_filter_only_no_refill,R1_tail_down
20260303,5bp_one_way_slippage,0.011648426261611888,True,2,S2_U3_filter_only_no_refill__R1_tail_down,S2_U3_filter_only_no_refill,R1_tail_down
20260304,5bp_one_way_slippage,0.024635946278807185,True,5,S2_U3_filter_only_no_refill__R1_tail_down,S2_U3_filter_only_no_refill,R1_tail_down
20260305,5bp_one_way_slippage,0.0,False,0,S2_U3_filter_only_no_refill__R1_tail_down,S2_U3_filter_only_no_refill,R1_tail_down
20260306,5bp_one_way_slippage,0.0,False,0,S2_U3_filter_only_no_refill__R1_tail_down,S2_U3_filter_only_no_refill,R1_tail_down
20260309,5bp_one_way_slippage,0.04141799484853015,True,2,S2_U3_filter_only_no_refill__R1_tail_down,S2_U3_filter_only_no_refill,R1_tail_down
20260310,5bp_one_way_slippage,0.0,False,0,S2_U3_filter_only_no_refill__R1_tail_down,S2_U3_filter_only_no_refill,R1_tail_down
20260311,5bp_one_way_slippage,0.0,False,0,S2_U3_filter_only_no_refill__R1_tail_down,S2_U3_filter_only_no_refill,R1_tail_down
20260312,5bp_one_way_slippage,0.0,False,0,S2_U3_filter_only_no_refill__R1_tail_down,S2_U3_filter_only_no_refill,R1_tail_down
20260313,5bp_one_way_slippage,-0.012791148121587825,True,2,S2_U3_filter_only_no_refill__R1_tail_down,S2_U3_filter_only_no_refill,R1_tail_down
20260316,5bp_one_way_slippage,0.0,False,0,S2_U3_filter_only_no_refill__R1_tail_down,S2_U3_filter_only_no_refill,R1_tail_down
20260317,5bp_one_way_slippage,0.0,True,0,S2_U3_filter_only_no_refill__R1_tail_down,S2_U3_filter_only_no_refill,R1_tail_down
20260318,5bp_one_way_slippage,0.0,False,0,S2_U3_filter_only_no_refill__R1_tail_down,S2_U3_filter_only_no_refill,R1_tail_down
20260319,5bp_one_way_slippage,-0.009926989688217702,True,1,S2_U3_filter_only_no_refill__R1_tail_down,S2_U3_filter_only_no_refill,R1_tail_down
20260320,5bp_one_way_slippage,0.0,True,0,S2_U3_filter_only_no_refill__R1_tail_down,S2_U3_filter_only_no_refill,R1_tail_down
20260323,5bp_one_way_slippage,0.0,True,0,S2_U3_filter_only_no_refill__R1_tail_down,S2_U3_filter_only_no_refill,R1_tail_down
20260324,5bp_one_way_slippage,0.0,False,0,S2_U3_filter_only_no_refill__R1_tail_down,S2_U3_filter_only_no_refill,R1_tail_down
20260325,5bp_one_way_slippage,0.0,False,0,S2_U3_filter_only_no_refill__R1_tail_down,S2_U3_filter_only_no_refill,R1_tail_down
20260326,5bp_one_way_slippage,-0.00856340656801613,True,2,S2_U3_filter_only_no_refill__R1_tail_down,S2_U3_filter_only_no_refill,R1_tail_down
20260327,5bp_one_way_slippage,0.0,False,0,S2_U3_filter_only_no_refill__R1_tail_down,S2_U3_filter_only_no_refill,R1_tail_down
20260330,5bp_one_way_slippage,0.0,False,0,S2_U3_filter_only_no_refill__R1_tail_down,S2_U3_filter_only_no_refill,R1_tail_down
20260331,5bp_one_way_slippage,0.021313083540485334,True,1,S2_U3_filter_only_no_refill__R1_tail_down,S2_U3_filter_only_no_refill,R1_tail_down
20260401,5bp_one_way_slippage,0.0,False,0,S2_U3_filter_only_no_refill__R1_tail_down,S2_U3_filter_only_no_refill,R1_tail_down
20260402,5bp_one_way_slippage,-0.05242796039748193,True,2,S2_U3_filter_only_no_refill__R1_tail_down,S2_U3_filter_only_no_refill,R1_tail_down
20260403,5bp_one_way_slippage,0.0,True,0,S2_U3_filter_only_no_refill__R1_tail_down,S2_U3_filter_only_no_refill,R1_tail_down
20260407,5bp_one_way_slippage,0.029786433090066344,True,2,S2_U3_filter_only_no_refill__R1_tail_down,S2_U3_filter_only_no_refill,R1_tail_down
20260408,5bp_one_way_slippage,0.0,False,0,S2_U3_filter_only_no_refill__R1_tail_down,S2_U3_filter_only_no_refill,R1_tail_down
20260409,5bp_one_way_slippage,-0.0015397005489833139,True,5,S2_U3_filter_only_no_refill__R1_tail_down,S2_U3_filter_only_no_refill,R1_tail_down
20260410,5bp_one_way_slippage,0.012132084405439975,True,4,S2_U3_filter_only_no_refill__R1_tail_down,S2_U3_filter_only_no_refill,R1_tail_down
20260413,5bp_one_way_slippage,0.010907861509995731,True,6,S2_U3_filter_only_no_refill__R1_tail_down,S2_U3_filter_only_no_refill,R1_tail_down
20260414,5bp_one_way_slippage,0.0,False,0,S2_U3_filter_only_no_refill__R1_tail_down,S2_U3_filter_only_no_refill,R1_tail_down
20260415,5bp_one_way_slippage,0.0,True,0,S2_U3_filter_only_no_refill__R1_tail_down,S2_U3_filter_only_no_refill,R1_tail_down
20260416,5bp_one_way_slippage,0.0,False,0,S2_U3_filter_only_no_refill__R1_tail_down,S2_U3_filter_only_no_refill,R1_tail_down
20260417,5bp_one_way_slippage,0.0,False,0,S2_U3_filter_only_no_refill__R1_tail_down,S2_U3_filter_only_no_refill,R1_tail_down
20260420,5bp_one_way_slippage,0.0,False,0,S2_U3_filter_only_no_refill__R1_tail_down,S2_U3_filter_only_no_refill,R1_tail_down
20260421,5bp_one_way_slippage,0.0,False,0,S2_U3_filter_only_no_refill__R1_tail_down,S2_U3_filter_only_no_refill,R1_tail_down
20260422,5bp_one_way_slippage,0.0,False,0,S2_U3_filter_only_no_refill__R1_tail_down,S2_U3_filter_only_no_refill,R1_tail_down
20260423,5bp_one_way_slippage,0.0,False,0,S2_U3_filter_only_no_refill__R1_tail_down,S2_U3_filter_only_no_refill,R1_tail_down
20260424,5bp_one_way_slippage,0.03222770618683879,True,1,S2_U3_filter_only_no_refill__R1_tail_down,S2_U3_filter_only_no_refill,R1_tail_down
20260427,5bp_one_way_slippage,0.0,False,0,S2_U3_filter_only_no_refill__R1_tail_down,S2_U3_filter_only_no_refill,R1_tail_down
20260428,5bp_one_way_slippage,0.0,False,0,S2_U3_filter_only_no_refill__R1_tail_down,S2_U3_filter_only_no_refill,R1_tail_down
20260429,5bp_one_way_slippage,0.09511520030282283,True,1,S2_U3_filter_only_no_refill__R1_tail_down,S2_U3_filter_only_no_refill,R1_tail_down
20260430,5bp_one_way_slippage,0.0,False,0,S2_U3_filter_only_no_refill__R1_tail_down,S2_U3_filter_only_no_refill,R1_tail_down
20260506,5bp_one_way_slippage,0.0,False,0,S2_U3_filter_only_no_refill__R1_tail_down,S2_U3_filter_only_no_refill,R1_tail_down
20260507,5bp_one_way_slippage,0.0,False,0,S2_U3_filter_only_no_refill__R1_tail_down,S2_U3_filter_only_no_refill,R1_tail_down
20260508,5bp_one_way_slippage,0.0037320931411231172,True,9,S2_U3_filter_only_no_refill__R1_tail_down,S2_U3_filter_only_no_refill,R1_tail_down
20260511,5bp_one_way_slippage,0.0,False,0,S2_U3_filter_only_no_refill__R1_tail_down,S2_U3_filter_only_no_refill,R1_tail_down
20260512,5bp_one_way_slippage,0.0,False,0,S2_U3_filter_only_no_refill__R1_tail_down,S2_U3_filter_only_no_refill,R1_tail_down
20260513,5bp_one_way_slippage,0.0,False,0,S2_U3_filter_only_no_refill__R1_tail_down,S2_U3_filter_only_no_refill,R1_tail_down
20260514,5bp_one_way_slippage,0.007857723864381938,True,2,S2_U3_filter_only_no_refill__R1_tail_down,S2_U3_filter_only_no_refill,R1_tail_down
20260515,5bp_one_way_slippage,0.0,False,0,S2_U3_filter_only_no_refill__R1_tail_down,S2_U3_filter_only_no_refill,R1_tail_down
20260518,5bp_one_way_slippage,0.0,False,0,S2_U3_filter_only_no_refill__R1_tail_down,S2_U3_filter_only_no_refill,R1_tail_down
20260519,5bp_one_way_slippage,0.0,False,0,S2_U3_filter_only_no_refill__R1_tail_down,S2_U3_filter_only_no_refill,R1_tail_down
20260520,5bp_one_way_slippage,0.0,False,0,S2_U3_filter_only_no_refill__R1_tail_down,S2_U3_filter_only_no_refill,R1_tail_down
20260224,10bp_one_way_slippage,0.0037203202168819005,True,2,S2_U3_filter_only_no_refill__R1_tail_down,S2_U3_filter_only_no_refill,R1_tail_down
20260225,10bp_one_way_slippage,0.0,False,0,S2_U3_filter_only_no_refill__R1_tail_down,S2_U3_filter_only_no_refill,R1_tail_down
20260226,10bp_one_way_slippage,0.0,False,0,S2_U3_filter_only_no_refill__R1_tail_down,S2_U3_filter_only_no_refill,R1_tail_down
20260227,10bp_one_way_slippage,0.0,False,0,S2_U3_filter_only_no_refill__R1_tail_down,S2_U3_filter_only_no_refill,R1_tail_down
20260302,10bp_one_way_slippage,-0.009796243159957682,True,8,S2_U3_filter_only_no_refill__R1_tail_down,S2_U3_filter_only_no_refill,R1_tail_down
20260303,10bp_one_way_slippage,0.010637029167148926,True,2,S2_U3_filter_only_no_refill__R1_tail_down,S2_U3_filter_only_no_refill,R1_tail_down
20260304,10bp_one_way_slippage,0.023611564890919024,True,5,S2_U3_filter_only_no_refill__R1_tail_down,S2_U3_filter_only_no_refill,R1_tail_down
20260305,10bp_one_way_slippage,0.0,False,0,S2_U3_filter_only_no_refill__R1_tail_down,S2_U3_filter_only_no_refill,R1_tail_down
20260306,10bp_one_way_slippage,0.0,False,0,S2_U3_filter_only_no_refill__R1_tail_down,S2_U3_filter_only_no_refill,R1_tail_down
20260309,10bp_one_way_slippage,0.04037683558136895,True,2,S2_U3_filter_only_no_refill__R1_tail_down,S2_U3_filter_only_no_refill,R1_tail_down
20260310,10bp_one_way_slippage,0.0,False,0,S2_U3_filter_only_no_refill__R1_tail_down,S2_U3_filter_only_no_refill,R1_tail_down
20260311,10bp_one_way_slippage,0.0,False,0,S2_U3_filter_only_no_refill__R1_tail_down,S2_U3_filter_only_no_refill,R1_tail_down
20260312,10bp_one_way_slippage,0.0,False,0,S2_U3_filter_only_no_refill__R1_tail_down,S2_U3_filter_only_no_refill,R1_tail_down
20260313,10bp_one_way_slippage,-0.01377811171338389,True,2,S2_U3_filter_only_no_refill__R1_tail_down,S2_U3_filter_only_no_refill,R1_tail_down
20260316,10bp_one_way_slippage,0.0,False,0,S2_U3_filter_only_no_refill__R1_tail_down,S2_U3_filter_only_no_refill,R1_tail_down
20260317,10bp_one_way_slippage,0.0,True,0,S2_U3_filter_only_no_refill__R1_tail_down,S2_U3_filter_only_no_refill,R1_tail_down
20260318,10bp_one_way_slippage,0.0,False,0,S2_U3_filter_only_no_refill__R1_tail_down,S2_U3_filter_only_no_refill,R1_tail_down
20260319,10bp_one_way_slippage,-0.010916816726881717,True,1,S2_U3_filter_only_no_refill__R1_tail_down,S2_U3_filter_only_no_refill,R1_tail_down
20260320,10bp_one_way_slippage,0.0,True,0,S2_U3_filter_only_no_refill__R1_tail_down,S2_U3_filter_only_no_refill,R1_tail_down
20260323,10bp_one_way_slippage,0.0,True,0,S2_U3_filter_only_no_refill__R1_tail_down,S2_U3_filter_only_no_refill,R1_tail_down
20260324,10bp_one_way_slippage,0.0,False,0,S2_U3_filter_only_no_refill__R1_tail_down,S2_U3_filter_only_no_refill,R1_tail_down
20260325,10bp_one_way_slippage,0.0,False,0,S2_U3_filter_only_no_refill__R1_tail_down,S2_U3_filter_only_no_refill,R1_tail_down
20260326,10bp_one_way_slippage,-0.009554596851034602,True,2,S2_U3_filter_only_no_refill__R1_tail_down,S2_U3_filter_only_no_refill,R1_tail_down
20260327,10bp_one_way_slippage,0.0,False,0,S2_U3_filter_only_no_refill__R1_tail_down,S2_U3_filter_only_no_refill,R1_tail_down
20260330,10bp_one_way_slippage,0.0,False,0,S2_U3_filter_only_no_refill__R1_tail_down,S2_U3_filter_only_no_refill,R1_tail_down
20260331,10bp_one_way_slippage,0.020292024189810354,True,1,S2_U3_filter_only_no_refill__R1_tail_down,S2_U3_filter_only_no_refill,R1_tail_down
20260401,10bp_one_way_slippage,0.0,False,0,S2_U3_filter_only_no_refill__R1_tail_down,S2_U3_filter_only_no_refill,R1_tail_down
20260402,10bp_one_way_slippage,-0.053375297024288004,True,2,S2_U3_filter_only_no_refill__R1_tail_down,S2_U3_filter_only_no_refill,R1_tail_down
20260403,10bp_one_way_slippage,0.0,True,0,S2_U3_filter_only_no_refill__R1_tail_down,S2_U3_filter_only_no_refill,R1_tail_down
20260407,10bp_one_way_slippage,0.028756902494943115,True,2,S2_U3_filter_only_no_refill__R1_tail_down,S2_U3_filter_only_no_refill,R1_tail_down
20260408,10bp_one_way_slippage,0.0,False,0,S2_U3_filter_only_no_refill__R1_tail_down,S2_U3_filter_only_no_refill,R1_tail_down
20260409,10bp_one_way_slippage,-0.002537912793066144,True,5,S2_U3_filter_only_no_refill__R1_tail_down,S2_U3_filter_only_no_refill,R1_tail_down
20260410,10bp_one_way_slippage,0.011120203772992165,True,4,S2_U3_filter_only_no_refill__R1_tail_down,S2_U3_filter_only_no_refill,R1_tail_down
20260413,10bp_one_way_slippage,0.009897204796300038,True,6,S2_U3_filter_only_no_refill__R1_tail_down,S2_U3_filter_only_no_refill,R1_tail_down
20260414,10bp_one_way_slippage,0.0,False,0,S2_U3_filter_only_no_refill__R1_tail_down,S2_U3_filter_only_no_refill,R1_tail_down
20260415,10bp_one_way_slippage,0.0,True,0,S2_U3_filter_only_no_refill__R1_tail_down,S2_U3_filter_only_no_refill,R1_tail_down
20260416,10bp_one_way_slippage,0.0,False,0,S2_U3_filter_only_no_refill__R1_tail_down,S2_U3_filter_only_no_refill,R1_tail_down
20260417,10bp_one_way_slippage,0.0,False,0,S2_U3_filter_only_no_refill__R1_tail_down,S2_U3_filter_only_no_refill,R1_tail_down
20260420,10bp_one_way_slippage,0.0,False,0,S2_U3_filter_only_no_refill__R1_tail_down,S2_U3_filter_only_no_refill,R1_tail_down
20260421,10bp_one_way_slippage,0.0,False,0,S2_U3_filter_only_no_refill__R1_tail_down,S2_U3_filter_only_no_refill,R1_tail_down
20260422,10bp_one_way_slippage,0.0,False,0,S2_U3_filter_only_no_refill__R1_tail_down,S2_U3_filter_only_no_refill,R1_tail_down
20260423,10bp_one_way_slippage,0.0,False,0,S2_U3_filter_only_no_refill__R1_tail_down,S2_U3_filter_only_no_refill,R1_tail_down
20260424,10bp_one_way_slippage,0.03119573492512373,True,1,S2_U3_filter_only_no_refill__R1_tail_down,S2_U3_filter_only_no_refill,R1_tail_down
20260427,10bp_one_way_slippage,0.0,False,0,S2_U3_filter_only_no_refill__R1_tail_down,S2_U3_filter_only_no_refill,R1_tail_down
20260428,10bp_one_way_slippage,0.0,False,0,S2_U3_filter_only_no_refill__R1_tail_down,S2_U3_filter_only_no_refill,R1_tail_down
20260429,10bp_one_way_slippage,0.09402035717062773,True,1,S2_U3_filter_only_no_refill__R1_tail_down,S2_U3_filter_only_no_refill,R1_tail_down
20260430,10bp_one_way_slippage,0.0,False,0,S2_U3_filter_only_no_refill__R1_tail_down,S2_U3_filter_only_no_refill,R1_tail_down
20260506,10bp_one_way_slippage,0.0,False,0,S2_U3_filter_only_no_refill__R1_tail_down,S2_U3_filter_only_no_refill,R1_tail_down
20260507,10bp_one_way_slippage,0.0,False,0,S2_U3_filter_only_no_refill__R1_tail_down,S2_U3_filter_only_no_refill,R1_tail_down
20260508,10bp_one_way_slippage,0.002728610413063554,True,9,S2_U3_filter_only_no_refill__R1_tail_down,S2_U3_filter_only_no_refill,R1_tail_down
20260511,10bp_one_way_slippage,0.0,False,0,S2_U3_filter_only_no_refill__R1_tail_down,S2_U3_filter_only_no_refill,R1_tail_down
20260512,10bp_one_way_slippage,0.0,False,0,S2_U3_filter_only_no_refill__R1_tail_down,S2_U3_filter_only_no_refill,R1_tail_down
20260513,10bp_one_way_slippage,0.0,False,0,S2_U3_filter_only_no_refill__R1_tail_down,S2_U3_filter_only_no_refill,R1_tail_down
20260514,10bp_one_way_slippage,0.0068501165305621114,True,2,S2_U3_filter_only_no_refill__R1_tail_down,S2_U3_filter_only_no_refill,R1_tail_down
20260515,10bp_one_way_slippage,0.0,False,0,S2_U3_filter_only_no_refill__R1_tail_down,S2_U3_filter_only_no_refill,R1_tail_down
20260518,10bp_one_way_slippage,0.0,False,0,S2_U3_filter_only_no_refill__R1_tail_down,S2_U3_filter_only_no_refill,R1_tail_down
20260519,10bp_one_way_slippage,0.0,False,0,S2_U3_filter_only_no_refill__R1_tail_down,S2_U3_filter_only_no_refill,R1_tail_down
20260520,10bp_one_way_slippage,0.0,False,0,S2_U3_filter_only_no_refill__R1_tail_down,S2_U3_filter_only_no_refill,R1_tail_down
20260224,10bp_slippage_plus_impact,0.003516717739339592,True,2,S2_U3_filter_only_no_refill__R1_tail_down,S2_U3_filter_only_no_refill,R1_tail_down
20260225,10bp_slippage_plus_impact,0.0,False,0,S2_U3_filter_only_no_refill__R1_tail_down,S2_U3_filter_only_no_refill,R1_tail_down
20260226,10bp_slippage_plus_impact,0.0,False,0,S2_U3_filter_only_no_refill__R1_tail_down,S2_U3_filter_only_no_refill,R1_tail_down
20260227,10bp_slippage_plus_impact,0.0,False,0,S2_U3_filter_only_no_refill__R1_tail_down,S2_U3_filter_only_no_refill,R1_tail_down
20260302,10bp_slippage_plus_impact,-0.009833298533389823,True,8,S2_U3_filter_only_no_refill__R1_tail_down,S2_U3_filter_only_no_refill,R1_tail_down
20260303,10bp_slippage_plus_impact,0.010523256859909291,True,2,S2_U3_filter_only_no_refill__R1_tail_down,S2_U3_filter_only_no_refill,R1_tail_down
20260304,10bp_slippage_plus_impact,0.023518405237966798,True,5,S2_U3_filter_only_no_refill__R1_tail_down,S2_U3_filter_only_no_refill,R1_tail_down
20260305,10bp_slippage_plus_impact,0.0,False,0,S2_U3_filter_only_no_refill__R1_tail_down,S2_U3_filter_only_no_refill,R1_tail_down
20260306,10bp_slippage_plus_impact,0.0,False,0,S2_U3_filter_only_no_refill__R1_tail_down,S2_U3_filter_only_no_refill,R1_tail_down
20260309,10bp_slippage_plus_impact,0.04027950261203017,True,2,S2_U3_filter_only_no_refill__R1_tail_down,S2_U3_filter_only_no_refill,R1_tail_down
20260310,10bp_slippage_plus_impact,0.0,False,0,S2_U3_filter_only_no_refill__R1_tail_down,S2_U3_filter_only_no_refill,R1_tail_down
20260311,10bp_slippage_plus_impact,0.0,False,0,S2_U3_filter_only_no_refill__R1_tail_down,S2_U3_filter_only_no_refill,R1_tail_down
20260312,10bp_slippage_plus_impact,0.0,False,0,S2_U3_filter_only_no_refill__R1_tail_down,S2_U3_filter_only_no_refill,R1_tail_down
20260313,10bp_slippage_plus_impact,-0.013994046056662157,True,2,S2_U3_filter_only_no_refill__R1_tail_down,S2_U3_filter_only_no_refill,R1_tail_down
20260316,10bp_slippage_plus_impact,0.0,False,0,S2_U3_filter_only_no_refill__R1_tail_down,S2_U3_filter_only_no_refill,R1_tail_down
20260317,10bp_slippage_plus_impact,0.0,True,0,S2_U3_filter_only_no_refill__R1_tail_down,S2_U3_filter_only_no_refill,R1_tail_down
20260318,10bp_slippage_plus_impact,0.0,False,0,S2_U3_filter_only_no_refill__R1_tail_down,S2_U3_filter_only_no_refill,R1_tail_down
20260319,10bp_slippage_plus_impact,-0.011196238010608206,True,1,S2_U3_filter_only_no_refill__R1_tail_down,S2_U3_filter_only_no_refill,R1_tail_down
20260320,10bp_slippage_plus_impact,0.0,True,0,S2_U3_filter_only_no_refill__R1_tail_down,S2_U3_filter_only_no_refill,R1_tail_down
20260323,10bp_slippage_plus_impact,0.0,True,0,S2_U3_filter_only_no_refill__R1_tail_down,S2_U3_filter_only_no_refill,R1_tail_down
20260324,10bp_slippage_plus_impact,0.0,False,0,S2_U3_filter_only_no_refill__R1_tail_down,S2_U3_filter_only_no_refill,R1_tail_down
20260325,10bp_slippage_plus_impact,0.0,False,0,S2_U3_filter_only_no_refill__R1_tail_down,S2_U3_filter_only_no_refill,R1_tail_down
20260326,10bp_slippage_plus_impact,-0.009763697126842497,True,2,S2_U3_filter_only_no_refill__R1_tail_down,S2_U3_filter_only_no_refill,R1_tail_down
20260327,10bp_slippage_plus_impact,0.0,False,0,S2_U3_filter_only_no_refill__R1_tail_down,S2_U3_filter_only_no_refill,R1_tail_down
20260330,10bp_slippage_plus_impact,0.0,False,0,S2_U3_filter_only_no_refill__R1_tail_down,S2_U3_filter_only_no_refill,R1_tail_down
20260331,10bp_slippage_plus_impact,0.020086146959470197,True,1,S2_U3_filter_only_no_refill__R1_tail_down,S2_U3_filter_only_no_refill,R1_tail_down
20260401,10bp_slippage_plus_impact,0.0,False,0,S2_U3_filter_only_no_refill__R1_tail_down,S2_U3_filter_only_no_refill,R1_tail_down
20260402,10bp_slippage_plus_impact,-0.053455811306316214,True,2,S2_U3_filter_only_no_refill__R1_tail_down,S2_U3_filter_only_no_refill,R1_tail_down
20260403,10bp_slippage_plus_impact,0.0,True,0,S2_U3_filter_only_no_refill__R1_tail_down,S2_U3_filter_only_no_refill,R1_tail_down
20260407,10bp_slippage_plus_impact,0.028591375203205316,True,2,S2_U3_filter_only_no_refill__R1_tail_down,S2_U3_filter_only_no_refill,R1_tail_down
20260408,10bp_slippage_plus_impact,0.0,False,0,S2_U3_filter_only_no_refill__R1_tail_down,S2_U3_filter_only_no_refill,R1_tail_down
20260409,10bp_slippage_plus_impact,-0.002594477410286067,True,5,S2_U3_filter_only_no_refill__R1_tail_down,S2_U3_filter_only_no_refill,R1_tail_down
20260410,10bp_slippage_plus_impact,0.011015230590305625,True,4,S2_U3_filter_only_no_refill__R1_tail_down,S2_U3_filter_only_no_refill,R1_tail_down
20260413,10bp_slippage_plus_impact,0.009812735146975246,True,6,S2_U3_filter_only_no_refill__R1_tail_down,S2_U3_filter_only_no_refill,R1_tail_down
20260414,10bp_slippage_plus_impact,0.0,False,0,S2_U3_filter_only_no_refill__R1_tail_down,S2_U3_filter_only_no_refill,R1_tail_down
20260415,10bp_slippage_plus_impact,0.0,True,0,S2_U3_filter_only_no_refill__R1_tail_down,S2_U3_filter_only_no_refill,R1_tail_down
20260416,10bp_slippage_plus_impact,0.0,False,0,S2_U3_filter_only_no_refill__R1_tail_down,S2_U3_filter_only_no_refill,R1_tail_down
20260417,10bp_slippage_plus_impact,0.0,False,0,S2_U3_filter_only_no_refill__R1_tail_down,S2_U3_filter_only_no_refill,R1_tail_down
20260420,10bp_slippage_plus_impact,0.0,False,0,S2_U3_filter_only_no_refill__R1_tail_down,S2_U3_filter_only_no_refill,R1_tail_down
20260421,10bp_slippage_plus_impact,0.0,False,0,S2_U3_filter_only_no_refill__R1_tail_down,S2_U3_filter_only_no_refill,R1_tail_down
20260422,10bp_slippage_plus_impact,0.0,False,0,S2_U3_filter_only_no_refill__R1_tail_down,S2_U3_filter_only_no_refill,R1_tail_down
20260423,10bp_slippage_plus_impact,0.0,False,0,S2_U3_filter_only_no_refill__R1_tail_down,S2_U3_filter_only_no_refill,R1_tail_down
20260424,10bp_slippage_plus_impact,0.031155844798455012,True,1,S2_U3_filter_only_no_refill__R1_tail_down,S2_U3_filter_only_no_refill,R1_tail_down
20260427,10bp_slippage_plus_impact,0.0,False,0,S2_U3_filter_only_no_refill__R1_tail_down,S2_U3_filter_only_no_refill,R1_tail_down
20260428,10bp_slippage_plus_impact,0.0,False,0,S2_U3_filter_only_no_refill__R1_tail_down,S2_U3_filter_only_no_refill,R1_tail_down
20260429,10bp_slippage_plus_impact,0.09385402214144478,True,1,S2_U3_filter_only_no_refill__R1_tail_down,S2_U3_filter_only_no_refill,R1_tail_down
20260430,10bp_slippage_plus_impact,0.0,False,0,S2_U3_filter_only_no_refill__R1_tail_down,S2_U3_filter_only_no_refill,R1_tail_down
20260506,10bp_slippage_plus_impact,0.0,False,0,S2_U3_filter_only_no_refill__R1_tail_down,S2_U3_filter_only_no_refill,R1_tail_down
20260507,10bp_slippage_plus_impact,0.0,False,0,S2_U3_filter_only_no_refill__R1_tail_down,S2_U3_filter_only_no_refill,R1_tail_down
20260508,10bp_slippage_plus_impact,0.0026533644640061274,True,9,S2_U3_filter_only_no_refill__R1_tail_down,S2_U3_filter_only_no_refill,R1_tail_down
20260511,10bp_slippage_plus_impact,0.0,False,0,S2_U3_filter_only_no_refill__R1_tail_down,S2_U3_filter_only_no_refill,R1_tail_down
20260512,10bp_slippage_plus_impact,0.0,False,0,S2_U3_filter_only_no_refill__R1_tail_down,S2_U3_filter_only_no_refill,R1_tail_down
20260513,10bp_slippage_plus_impact,0.0,False,0,S2_U3_filter_only_no_refill__R1_tail_down,S2_U3_filter_only_no_refill,R1_tail_down
20260514,10bp_slippage_plus_impact,0.006775730207469299,True,2,S2_U3_filter_only_no_refill__R1_tail_down,S2_U3_filter_only_no_refill,R1_tail_down
20260515,10bp_slippage_plus_impact,0.0,False,0,S2_U3_filter_only_no_refill__R1_tail_down,S2_U3_filter_only_no_refill,R1_tail_down
20260518,10bp_slippage_plus_impact,0.0,False,0,S2_U3_filter_only_no_refill__R1_tail_down,S2_U3_filter_only_no_refill,R1_tail_down
20260519,10bp_slippage_plus_impact,0.0,False,0,S2_U3_filter_only_no_refill__R1_tail_down,S2_U3_filter_only_no_refill,R1_tail_down
20260520,10bp_slippage_plus_impact,0.0,False,0,S2_U3_filter_only_no_refill__R1_tail_down,S2_U3_filter_only_no_refill,R1_tail_down
20260224,5bp_one_way_slippage,0.0,False,0,S2_U3_filter_only_no_refill__R2_market_down,S2_U3_filter_only_no_refill,R2_market_down
20260225,5bp_one_way_slippage,0.0,False,0,S2_U3_filter_only_no_refill__R2_market_down,S2_U3_filter_only_no_refill,R2_market_down
20260226,5bp_one_way_slippage,0.0021895507508795237,True,8,S2_U3_filter_only_no_refill__R2_market_down,S2_U3_filter_only_no_refill,R2_market_down
20260227,5bp_one_way_slippage,0.0,False,0,S2_U3_filter_only_no_refill__R2_market_down,S2_U3_filter_only_no_refill,R2_market_down
20260302,5bp_one_way_slippage,-0.008805294704982036,True,8,S2_U3_filter_only_no_refill__R2_market_down,S2_U3_filter_only_no_refill,R2_market_down
20260303,5bp_one_way_slippage,0.011648426261611888,True,2,S2_U3_filter_only_no_refill__R2_market_down,S2_U3_filter_only_no_refill,R2_market_down
20260304,5bp_one_way_slippage,0.024635946278807185,True,5,S2_U3_filter_only_no_refill__R2_market_down,S2_U3_filter_only_no_refill,R2_market_down
20260305,5bp_one_way_slippage,0.0,False,0,S2_U3_filter_only_no_refill__R2_market_down,S2_U3_filter_only_no_refill,R2_market_down
20260306,5bp_one_way_slippage,0.0,False,0,S2_U3_filter_only_no_refill__R2_market_down,S2_U3_filter_only_no_refill,R2_market_down
20260309,5bp_one_way_slippage,0.04141799484853015,True,2,S2_U3_filter_only_no_refill__R2_market_down,S2_U3_filter_only_no_refill,R2_market_down
20260310,5bp_one_way_slippage,0.0,False,0,S2_U3_filter_only_no_refill__R2_market_down,S2_U3_filter_only_no_refill,R2_market_down
20260311,5bp_one_way_slippage,-0.0038185540123235485,True,9,S2_U3_filter_only_no_refill__R2_market_down,S2_U3_filter_only_no_refill,R2_market_down
20260312,5bp_one_way_slippage,0.00040698473229753657,True,6,S2_U3_filter_only_no_refill__R2_market_down,S2_U3_filter_only_no_refill,R2_market_down
20260313,5bp_one_way_slippage,-0.012791148121587825,True,2,S2_U3_filter_only_no_refill__R2_market_down,S2_U3_filter_only_no_refill,R2_market_down
20260316,5bp_one_way_slippage,0.0,False,0,S2_U3_filter_only_no_refill__R2_market_down,S2_U3_filter_only_no_refill,R2_market_down
20260317,5bp_one_way_slippage,0.0,True,0,S2_U3_filter_only_no_refill__R2_market_down,S2_U3_filter_only_no_refill,R2_market_down
20260318,5bp_one_way_slippage,0.0,False,0,S2_U3_filter_only_no_refill__R2_market_down,S2_U3_filter_only_no_refill,R2_market_down
20260319,5bp_one_way_slippage,-0.009926989688217702,True,1,S2_U3_filter_only_no_refill__R2_market_down,S2_U3_filter_only_no_refill,R2_market_down
20260320,5bp_one_way_slippage,0.0,True,0,S2_U3_filter_only_no_refill__R2_market_down,S2_U3_filter_only_no_refill,R2_market_down
20260323,5bp_one_way_slippage,0.0,True,0,S2_U3_filter_only_no_refill__R2_market_down,S2_U3_filter_only_no_refill,R2_market_down
20260324,5bp_one_way_slippage,0.0,False,0,S2_U3_filter_only_no_refill__R2_market_down,S2_U3_filter_only_no_refill,R2_market_down
20260325,5bp_one_way_slippage,0.0,False,0,S2_U3_filter_only_no_refill__R2_market_down,S2_U3_filter_only_no_refill,R2_market_down
20260326,5bp_one_way_slippage,-0.00856340656801613,True,2,S2_U3_filter_only_no_refill__R2_market_down,S2_U3_filter_only_no_refill,R2_market_down
20260327,5bp_one_way_slippage,0.0,False,0,S2_U3_filter_only_no_refill__R2_market_down,S2_U3_filter_only_no_refill,R2_market_down
20260330,5bp_one_way_slippage,0.0,False,0,S2_U3_filter_only_no_refill__R2_market_down,S2_U3_filter_only_no_refill,R2_market_down
20260331,5bp_one_way_slippage,0.021313083540485334,True,1,S2_U3_filter_only_no_refill__R2_market_down,S2_U3_filter_only_no_refill,R2_market_down
20260401,5bp_one_way_slippage,0.0,False,0,S2_U3_filter_only_no_refill__R2_market_down,S2_U3_filter_only_no_refill,R2_market_down
20260402,5bp_one_way_slippage,-0.05242796039748193,True,2,S2_U3_filter_only_no_refill__R2_market_down,S2_U3_filter_only_no_refill,R2_market_down
20260403,5bp_one_way_slippage,0.0,True,0,S2_U3_filter_only_no_refill__R2_market_down,S2_U3_filter_only_no_refill,R2_market_down
20260407,5bp_one_way_slippage,0.0,False,0,S2_U3_filter_only_no_refill__R2_market_down,S2_U3_filter_only_no_refill,R2_market_down
20260408,5bp_one_way_slippage,0.0,False,0,S2_U3_filter_only_no_refill__R2_market_down,S2_U3_filter_only_no_refill,R2_market_down
20260409,5bp_one_way_slippage,-0.0015397005489833139,True,5,S2_U3_filter_only_no_refill__R2_market_down,S2_U3_filter_only_no_refill,R2_market_down
20260410,5bp_one_way_slippage,0.0,False,0,S2_U3_filter_only_no_refill__R2_market_down,S2_U3_filter_only_no_refill,R2_market_down
20260413,5bp_one_way_slippage,0.010907861509995731,True,6,S2_U3_filter_only_no_refill__R2_market_down,S2_U3_filter_only_no_refill,R2_market_down
20260414,5bp_one_way_slippage,0.0,False,0,S2_U3_filter_only_no_refill__R2_market_down,S2_U3_filter_only_no_refill,R2_market_down
20260415,5bp_one_way_slippage,0.0,True,0,S2_U3_filter_only_no_refill__R2_market_down,S2_U3_filter_only_no_refill,R2_market_down
20260416,5bp_one_way_slippage,0.0,False,0,S2_U3_filter_only_no_refill__R2_market_down,S2_U3_filter_only_no_refill,R2_market_down
20260417,5bp_one_way_slippage,0.025069331004063593,True,6,S2_U3_filter_only_no_refill__R2_market_down,S2_U3_filter_only_no_refill,R2_market_down
20260420,5bp_one_way_slippage,0.0,False,0,S2_U3_filter_only_no_refill__R2_market_down,S2_U3_filter_only_no_refill,R2_market_down
20260421,5bp_one_way_slippage,-0.003945027293928621,True,8,S2_U3_filter_only_no_refill__R2_market_down,S2_U3_filter_only_no_refill,R2_market_down
20260422,5bp_one_way_slippage,0.0,False,0,S2_U3_filter_only_no_refill__R2_market_down,S2_U3_filter_only_no_refill,R2_market_down
20260423,5bp_one_way_slippage,0.0,True,0,S2_U3_filter_only_no_refill__R2_market_down,S2_U3_filter_only_no_refill,R2_market_down
20260424,5bp_one_way_slippage,0.03222770618683879,True,1,S2_U3_filter_only_no_refill__R2_market_down,S2_U3_filter_only_no_refill,R2_market_down
20260427,5bp_one_way_slippage,0.0,False,0,S2_U3_filter_only_no_refill__R2_market_down,S2_U3_filter_only_no_refill,R2_market_down
20260428,5bp_one_way_slippage,0.03841558013088986,True,1,S2_U3_filter_only_no_refill__R2_market_down,S2_U3_filter_only_no_refill,R2_market_down
20260429,5bp_one_way_slippage,0.0,False,0,S2_U3_filter_only_no_refill__R2_market_down,S2_U3_filter_only_no_refill,R2_market_down
20260430,5bp_one_way_slippage,0.0,False,0,S2_U3_filter_only_no_refill__R2_market_down,S2_U3_filter_only_no_refill,R2_market_down
20260506,5bp_one_way_slippage,0.0,False,0,S2_U3_filter_only_no_refill__R2_market_down,S2_U3_filter_only_no_refill,R2_market_down
20260507,5bp_one_way_slippage,0.0,False,0,S2_U3_filter_only_no_refill__R2_market_down,S2_U3_filter_only_no_refill,R2_market_down
20260508,5bp_one_way_slippage,0.0,False,0,S2_U3_filter_only_no_refill__R2_market_down,S2_U3_filter_only_no_refill,R2_market_down
20260511,5bp_one_way_slippage,0.0,False,0,S2_U3_filter_only_no_refill__R2_market_down,S2_U3_filter_only_no_refill,R2_market_down
20260512,5bp_one_way_slippage,-0.038352691823991036,True,2,S2_U3_filter_only_no_refill__R2_market_down,S2_U3_filter_only_no_refill,R2_market_down
20260513,5bp_one_way_slippage,0.0,False,0,S2_U3_filter_only_no_refill__R2_market_down,S2_U3_filter_only_no_refill,R2_market_down
20260514,5bp_one_way_slippage,0.007857723864381938,True,2,S2_U3_filter_only_no_refill__R2_market_down,S2_U3_filter_only_no_refill,R2_market_down
20260515,5bp_one_way_slippage,0.011351120060120706,True,4,S2_U3_filter_only_no_refill__R2_market_down,S2_U3_filter_only_no_refill,R2_market_down
20260518,5bp_one_way_slippage,-0.01225240001514416,True,3,S2_U3_filter_only_no_refill__R2_market_down,S2_U3_filter_only_no_refill,R2_market_down
20260519,5bp_one_way_slippage,0.0,False,0,S2_U3_filter_only_no_refill__R2_market_down,S2_U3_filter_only_no_refill,R2_market_down
20260520,5bp_one_way_slippage,0.024185877039761414,True,7,S2_U3_filter_only_no_refill__R2_market_down,S2_U3_filter_only_no_refill,R2_market_down
20260224,10bp_one_way_slippage,0.0,False,0,S2_U3_filter_only_no_refill__R2_market_down,S2_U3_filter_only_no_refill,R2_market_down
20260225,10bp_one_way_slippage,0.0,False,0,S2_U3_filter_only_no_refill__R2_market_down,S2_U3_filter_only_no_refill,R2_market_down
20260226,10bp_one_way_slippage,0.0011876101819841833,True,8,S2_U3_filter_only_no_refill__R2_market_down,S2_U3_filter_only_no_refill,R2_market_down
20260227,10bp_one_way_slippage,0.0,False,0,S2_U3_filter_only_no_refill__R2_market_down,S2_U3_filter_only_no_refill,R2_market_down
20260302,10bp_one_way_slippage,-0.009796243159957682,True,8,S2_U3_filter_only_no_refill__R2_market_down,S2_U3_filter_only_no_refill,R2_market_down
20260303,10bp_one_way_slippage,0.010637029167148926,True,2,S2_U3_filter_only_no_refill__R2_market_down,S2_U3_filter_only_no_refill,R2_market_down
20260304,10bp_one_way_slippage,0.023611564890919024,True,5,S2_U3_filter_only_no_refill__R2_market_down,S2_U3_filter_only_no_refill,R2_market_down
20260305,10bp_one_way_slippage,0.0,False,0,S2_U3_filter_only_no_refill__R2_market_down,S2_U3_filter_only_no_refill,R2_market_down
20260306,10bp_one_way_slippage,0.0,False,0,S2_U3_filter_only_no_refill__R2_market_down,S2_U3_filter_only_no_refill,R2_market_down
20260309,10bp_one_way_slippage,0.04037683558136895,True,2,S2_U3_filter_only_no_refill__R2_market_down,S2_U3_filter_only_no_refill,R2_market_down
20260310,10bp_one_way_slippage,0.0,False,0,S2_U3_filter_only_no_refill__R2_market_down,S2_U3_filter_only_no_refill,R2_market_down
20260311,10bp_one_way_slippage,-0.0048144879690965835,True,9,S2_U3_filter_only_no_refill__R2_market_down,S2_U3_filter_only_no_refill,R2_market_down
20260312,10bp_one_way_slippage,-0.0005931737134361089,True,6,S2_U3_filter_only_no_refill__R2_market_down,S2_U3_filter_only_no_refill,R2_market_down
20260313,10bp_one_way_slippage,-0.01377811171338389,True,2,S2_U3_filter_only_no_refill__R2_market_down,S2_U3_filter_only_no_refill,R2_market_down
20260316,10bp_one_way_slippage,0.0,False,0,S2_U3_filter_only_no_refill__R2_market_down,S2_U3_filter_only_no_refill,R2_market_down
20260317,10bp_one_way_slippage,0.0,True,0,S2_U3_filter_only_no_refill__R2_market_down,S2_U3_filter_only_no_refill,R2_market_down
20260318,10bp_one_way_slippage,0.0,False,0,S2_U3_filter_only_no_refill__R2_market_down,S2_U3_filter_only_no_refill,R2_market_down
20260319,10bp_one_way_slippage,-0.010916816726881717,True,1,S2_U3_filter_only_no_refill__R2_market_down,S2_U3_filter_only_no_refill,R2_market_down
20260320,10bp_one_way_slippage,0.0,True,0,S2_U3_filter_only_no_refill__R2_market_down,S2_U3_filter_only_no_refill,R2_market_down
20260323,10bp_one_way_slippage,0.0,True,0,S2_U3_filter_only_no_refill__R2_market_down,S2_U3_filter_only_no_refill,R2_market_down
20260324,10bp_one_way_slippage,0.0,False,0,S2_U3_filter_only_no_refill__R2_market_down,S2_U3_filter_only_no_refill,R2_market_down
20260325,10bp_one_way_slippage,0.0,False,0,S2_U3_filter_only_no_refill__R2_market_down,S2_U3_filter_only_no_refill,R2_market_down
20260326,10bp_one_way_slippage,-0.009554596851034602,True,2,S2_U3_filter_only_no_refill__R2_market_down,S2_U3_filter_only_no_refill,R2_market_down
20260327,10bp_one_way_slippage,0.0,False,0,S2_U3_filter_only_no_refill__R2_market_down,S2_U3_filter_only_no_refill,R2_market_down
20260330,10bp_one_way_slippage,0.0,False,0,S2_U3_filter_only_no_refill__R2_market_down,S2_U3_filter_only_no_refill,R2_market_down
20260331,10bp_one_way_slippage,0.020292024189810354,True,1,S2_U3_filter_only_no_refill__R2_market_down,S2_U3_filter_only_no_refill,R2_market_down
20260401,10bp_one_way_slippage,0.0,False,0,S2_U3_filter_only_no_refill__R2_market_down,S2_U3_filter_only_no_refill,R2_market_down
20260402,10bp_one_way_slippage,-0.053375297024288004,True,2,S2_U3_filter_only_no_refill__R2_market_down,S2_U3_filter_only_no_refill,R2_market_down
20260403,10bp_one_way_slippage,0.0,True,0,S2_U3_filter_only_no_refill__R2_market_down,S2_U3_filter_only_no_refill,R2_market_down
20260407,10bp_one_way_slippage,0.0,False,0,S2_U3_filter_only_no_refill__R2_market_down,S2_U3_filter_only_no_refill,R2_market_down
20260408,10bp_one_way_slippage,0.0,False,0,S2_U3_filter_only_no_refill__R2_market_down,S2_U3_filter_only_no_refill,R2_market_down
20260409,10bp_one_way_slippage,-0.002537912793066144,True,5,S2_U3_filter_only_no_refill__R2_market_down,S2_U3_filter_only_no_refill,R2_market_down
20260410,10bp_one_way_slippage,0.0,False,0,S2_U3_filter_only_no_refill__R2_market_down,S2_U3_filter_only_no_refill,R2_market_down
20260413,10bp_one_way_slippage,0.009897204796300038,True,6,S2_U3_filter_only_no_refill__R2_market_down,S2_U3_filter_only_no_refill,R2_market_down
20260414,10bp_one_way_slippage,0.0,False,0,S2_U3_filter_only_no_refill__R2_market_down,S2_U3_filter_only_no_refill,R2_market_down
20260415,10bp_one_way_slippage,0.0,True,0,S2_U3_filter_only_no_refill__R2_market_down,S2_U3_filter_only_no_refill,R2_market_down
20260416,10bp_one_way_slippage,0.0,False,0,S2_U3_filter_only_no_refill__R2_market_down,S2_U3_filter_only_no_refill,R2_market_down
20260417,10bp_one_way_slippage,0.024044516339119398,True,6,S2_U3_filter_only_no_refill__R2_market_down,S2_U3_filter_only_no_refill,R2_market_down
20260420,10bp_one_way_slippage,0.0,False,0,S2_U3_filter_only_no_refill__R2_market_down,S2_U3_filter_only_no_refill,R2_market_down
20260421,10bp_one_way_slippage,-0.004940834808840763,True,8,S2_U3_filter_only_no_refill__R2_market_down,S2_U3_filter_only_no_refill,R2_market_down
20260422,10bp_one_way_slippage,0.0,False,0,S2_U3_filter_only_no_refill__R2_market_down,S2_U3_filter_only_no_refill,R2_market_down
20260423,10bp_one_way_slippage,0.0,True,0,S2_U3_filter_only_no_refill__R2_market_down,S2_U3_filter_only_no_refill,R2_market_down
20260424,10bp_one_way_slippage,0.03119573492512373,True,1,S2_U3_filter_only_no_refill__R2_market_down,S2_U3_filter_only_no_refill,R2_market_down
20260427,10bp_one_way_slippage,0.0,False,0,S2_U3_filter_only_no_refill__R2_market_down,S2_U3_filter_only_no_refill,R2_market_down
20260428,10bp_one_way_slippage,0.037377422532532734,True,1,S2_U3_filter_only_no_refill__R2_market_down,S2_U3_filter_only_no_refill,R2_market_down
20260429,10bp_one_way_slippage,0.0,False,0,S2_U3_filter_only_no_refill__R2_market_down,S2_U3_filter_only_no_refill,R2_market_down
20260430,10bp_one_way_slippage,0.0,False,0,S2_U3_filter_only_no_refill__R2_market_down,S2_U3_filter_only_no_refill,R2_market_down
20260506,10bp_one_way_slippage,0.0,False,0,S2_U3_filter_only_no_refill__R2_market_down,S2_U3_filter_only_no_refill,R2_market_down
20260507,10bp_one_way_slippage,0.0,False,0,S2_U3_filter_only_no_refill__R2_market_down,S2_U3_filter_only_no_refill,R2_market_down
20260508,10bp_one_way_slippage,0.0,False,0,S2_U3_filter_only_no_refill__R2_market_down,S2_U3_filter_only_no_refill,R2_market_down
20260511,10bp_one_way_slippage,0.0,False,0,S2_U3_filter_only_no_refill__R2_market_down,S2_U3_filter_only_no_refill,R2_market_down
20260512,10bp_one_way_slippage,-0.039314100222540616,True,2,S2_U3_filter_only_no_refill__R2_market_down,S2_U3_filter_only_no_refill,R2_market_down
20260513,10bp_one_way_slippage,0.0,False,0,S2_U3_filter_only_no_refill__R2_market_down,S2_U3_filter_only_no_refill,R2_market_down
20260514,10bp_one_way_slippage,0.0068501165305621114,True,2,S2_U3_filter_only_no_refill__R2_market_down,S2_U3_filter_only_no_refill,R2_market_down
20260515,10bp_one_way_slippage,0.010340020197997069,True,4,S2_U3_filter_only_no_refill__R2_market_down,S2_U3_filter_only_no_refill,R2_market_down
20260518,10bp_one_way_slippage,-0.013239902221201194,True,3,S2_U3_filter_only_no_refill__R2_market_down,S2_U3_filter_only_no_refill,R2_market_down
20260519,10bp_one_way_slippage,0.0,False,0,S2_U3_filter_only_no_refill__R2_market_down,S2_U3_filter_only_no_refill,R2_market_down
20260520,10bp_one_way_slippage,0.023161945609297994,True,7,S2_U3_filter_only_no_refill__R2_market_down,S2_U3_filter_only_no_refill,R2_market_down
20260224,10bp_slippage_plus_impact,0.0,False,0,S2_U3_filter_only_no_refill__R2_market_down,S2_U3_filter_only_no_refill,R2_market_down
20260225,10bp_slippage_plus_impact,0.0,False,0,S2_U3_filter_only_no_refill__R2_market_down,S2_U3_filter_only_no_refill,R2_market_down
20260226,10bp_slippage_plus_impact,0.0010622141177435845,True,8,S2_U3_filter_only_no_refill__R2_market_down,S2_U3_filter_only_no_refill,R2_market_down
20260227,10bp_slippage_plus_impact,0.0,False,0,S2_U3_filter_only_no_refill__R2_market_down,S2_U3_filter_only_no_refill,R2_market_down
20260302,10bp_slippage_plus_impact,-0.009833298533389823,True,8,S2_U3_filter_only_no_refill__R2_market_down,S2_U3_filter_only_no_refill,R2_market_down
20260303,10bp_slippage_plus_impact,0.010523256859909291,True,2,S2_U3_filter_only_no_refill__R2_market_down,S2_U3_filter_only_no_refill,R2_market_down
20260304,10bp_slippage_plus_impact,0.023518405237966798,True,5,S2_U3_filter_only_no_refill__R2_market_down,S2_U3_filter_only_no_refill,R2_market_down
20260305,10bp_slippage_plus_impact,0.0,False,0,S2_U3_filter_only_no_refill__R2_market_down,S2_U3_filter_only_no_refill,R2_market_down
20260306,10bp_slippage_plus_impact,0.0,False,0,S2_U3_filter_only_no_refill__R2_market_down,S2_U3_filter_only_no_refill,R2_market_down
20260309,10bp_slippage_plus_impact,0.04027950261203017,True,2,S2_U3_filter_only_no_refill__R2_market_down,S2_U3_filter_only_no_refill,R2_market_down
20260310,10bp_slippage_plus_impact,0.0,False,0,S2_U3_filter_only_no_refill__R2_market_down,S2_U3_filter_only_no_refill,R2_market_down
20260311,10bp_slippage_plus_impact,-0.0048774800000107345,True,9,S2_U3_filter_only_no_refill__R2_market_down,S2_U3_filter_only_no_refill,R2_market_down
20260312,10bp_slippage_plus_impact,-0.0006789138199551811,True,6,S2_U3_filter_only_no_refill__R2_market_down,S2_U3_filter_only_no_refill,R2_market_down
20260313,10bp_slippage_plus_impact,-0.013994046056662157,True,2,S2_U3_filter_only_no_refill__R2_market_down,S2_U3_filter_only_no_refill,R2_market_down
20260316,10bp_slippage_plus_impact,0.0,False,0,S2_U3_filter_only_no_refill__R2_market_down,S2_U3_filter_only_no_refill,R2_market_down
20260317,10bp_slippage_plus_impact,0.0,True,0,S2_U3_filter_only_no_refill__R2_market_down,S2_U3_filter_only_no_refill,R2_market_down
20260318,10bp_slippage_plus_impact,0.0,False,0,S2_U3_filter_only_no_refill__R2_market_down,S2_U3_filter_only_no_refill,R2_market_down
20260319,10bp_slippage_plus_impact,-0.011196238010608206,True,1,S2_U3_filter_only_no_refill__R2_market_down,S2_U3_filter_only_no_refill,R2_market_down
20260320,10bp_slippage_plus_impact,0.0,True,0,S2_U3_filter_only_no_refill__R2_market_down,S2_U3_filter_only_no_refill,R2_market_down
20260323,10bp_slippage_plus_impact,0.0,True,0,S2_U3_filter_only_no_refill__R2_market_down,S2_U3_filter_only_no_refill,R2_market_down
20260324,10bp_slippage_plus_impact,0.0,False,0,S2_U3_filter_only_no_refill__R2_market_down,S2_U3_filter_only_no_refill,R2_market_down
20260325,10bp_slippage_plus_impact,0.0,False,0,S2_U3_filter_only_no_refill__R2_market_down,S2_U3_filter_only_no_refill,R2_market_down
20260326,10bp_slippage_plus_impact,-0.009763697126842497,True,2,S2_U3_filter_only_no_refill__R2_market_down,S2_U3_filter_only_no_refill,R2_market_down
20260327,10bp_slippage_plus_impact,0.0,False,0,S2_U3_filter_only_no_refill__R2_market_down,S2_U3_filter_only_no_refill,R2_market_down
20260330,10bp_slippage_plus_impact,0.0,False,0,S2_U3_filter_only_no_refill__R2_market_down,S2_U3_filter_only_no_refill,R2_market_down
20260331,10bp_slippage_plus_impact,0.020086146959470197,True,1,S2_U3_filter_only_no_refill__R2_market_down,S2_U3_filter_only_no_refill,R2_market_down
20260401,10bp_slippage_plus_impact,0.0,False,0,S2_U3_filter_only_no_refill__R2_market_down,S2_U3_filter_only_no_refill,R2_market_down
20260402,10bp_slippage_plus_impact,-0.053455811306316214,True,2,S2_U3_filter_only_no_refill__R2_market_down,S2_U3_filter_only_no_refill,R2_market_down
20260403,10bp_slippage_plus_impact,0.0,True,0,S2_U3_filter_only_no_refill__R2_market_down,S2_U3_filter_only_no_refill,R2_market_down
20260407,10bp_slippage_plus_impact,0.0,False,0,S2_U3_filter_only_no_refill__R2_market_down,S2_U3_filter_only_no_refill,R2_market_down
20260408,10bp_slippage_plus_impact,0.0,False,0,S2_U3_filter_only_no_refill__R2_market_down,S2_U3_filter_only_no_refill,R2_market_down
20260409,10bp_slippage_plus_impact,-0.002594477410286067,True,5,S2_U3_filter_only_no_refill__R2_market_down,S2_U3_filter_only_no_refill,R2_market_down
20260410,10bp_slippage_plus_impact,0.0,False,0,S2_U3_filter_only_no_refill__R2_market_down,S2_U3_filter_only_no_refill,R2_market_down
20260413,10bp_slippage_plus_impact,0.009812735146975246,True,6,S2_U3_filter_only_no_refill__R2_market_down,S2_U3_filter_only_no_refill,R2_market_down
20260414,10bp_slippage_plus_impact,0.0,False,0,S2_U3_filter_only_no_refill__R2_market_down,S2_U3_filter_only_no_refill,R2_market_down
20260415,10bp_slippage_plus_impact,0.0,True,0,S2_U3_filter_only_no_refill__R2_market_down,S2_U3_filter_only_no_refill,R2_market_down
20260416,10bp_slippage_plus_impact,0.0,False,0,S2_U3_filter_only_no_refill__R2_market_down,S2_U3_filter_only_no_refill,R2_market_down
20260417,10bp_slippage_plus_impact,0.023933136024314888,True,6,S2_U3_filter_only_no_refill__R2_market_down,S2_U3_filter_only_no_refill,R2_market_down
20260420,10bp_slippage_plus_impact,0.0,False,0,S2_U3_filter_only_no_refill__R2_market_down,S2_U3_filter_only_no_refill,R2_market_down
20260421,10bp_slippage_plus_impact,-0.00501130032999221,True,8,S2_U3_filter_only_no_refill__R2_market_down,S2_U3_filter_only_no_refill,R2_market_down
20260422,10bp_slippage_plus_impact,0.0,False,0,S2_U3_filter_only_no_refill__R2_market_down,S2_U3_filter_only_no_refill,R2_market_down
20260423,10bp_slippage_plus_impact,0.0,True,0,S2_U3_filter_only_no_refill__R2_market_down,S2_U3_filter_only_no_refill,R2_market_down
20260424,10bp_slippage_plus_impact,0.031155844798455012,True,1,S2_U3_filter_only_no_refill__R2_market_down,S2_U3_filter_only_no_refill,R2_market_down
20260427,10bp_slippage_plus_impact,0.0,False,0,S2_U3_filter_only_no_refill__R2_market_down,S2_U3_filter_only_no_refill,R2_market_down
20260428,10bp_slippage_plus_impact,0.03719316598331379,True,1,S2_U3_filter_only_no_refill__R2_market_down,S2_U3_filter_only_no_refill,R2_market_down
20260429,10bp_slippage_plus_impact,0.0,False,0,S2_U3_filter_only_no_refill__R2_market_down,S2_U3_filter_only_no_refill,R2_market_down
20260430,10bp_slippage_plus_impact,0.0,False,0,S2_U3_filter_only_no_refill__R2_market_down,S2_U3_filter_only_no_refill,R2_market_down
20260506,10bp_slippage_plus_impact,0.0,False,0,S2_U3_filter_only_no_refill__R2_market_down,S2_U3_filter_only_no_refill,R2_market_down
20260507,10bp_slippage_plus_impact,0.0,False,0,S2_U3_filter_only_no_refill__R2_market_down,S2_U3_filter_only_no_refill,R2_market_down
20260508,10bp_slippage_plus_impact,0.0,False,0,S2_U3_filter_only_no_refill__R2_market_down,S2_U3_filter_only_no_refill,R2_market_down
20260511,10bp_slippage_plus_impact,0.0,False,0,S2_U3_filter_only_no_refill__R2_market_down,S2_U3_filter_only_no_refill,R2_market_down
20260512,10bp_slippage_plus_impact,-0.039387509810122456,True,2,S2_U3_filter_only_no_refill__R2_market_down,S2_U3_filter_only_no_refill,R2_market_down
20260513,10bp_slippage_plus_impact,0.0,False,0,S2_U3_filter_only_no_refill__R2_market_down,S2_U3_filter_only_no_refill,R2_market_down
20260514,10bp_slippage_plus_impact,0.006775730207469299,True,2,S2_U3_filter_only_no_refill__R2_market_down,S2_U3_filter_only_no_refill,R2_market_down
20260515,10bp_slippage_plus_impact,0.010280365785848206,True,4,S2_U3_filter_only_no_refill__R2_market_down,S2_U3_filter_only_no_refill,R2_market_down
20260518,10bp_slippage_plus_impact,-0.01329695699231829,True,3,S2_U3_filter_only_no_refill__R2_market_down,S2_U3_filter_only_no_refill,R2_market_down
20260519,10bp_slippage_plus_impact,0.0,False,0,S2_U3_filter_only_no_refill__R2_market_down,S2_U3_filter_only_no_refill,R2_market_down
20260520,10bp_slippage_plus_impact,0.02309157990395064,True,7,S2_U3_filter_only_no_refill__R2_market_down,S2_U3_filter_only_no_refill,R2_market_down
20260224,5bp_one_way_slippage,0.004724795400576243,True,2,S2_U3_filter_only_no_refill__R3_low_tail_vol,S2_U3_filter_only_no_refill,R3_low_tail_vol
20260225,5bp_one_way_slippage,0.0,False,0,S2_U3_filter_only_no_refill__R3_low_tail_vol,S2_U3_filter_only_no_refill,R3_low_tail_vol
20260226,5bp_one_way_slippage,0.0021895507508795237,True,8,S2_U3_filter_only_no_refill__R3_low_tail_vol,S2_U3_filter_only_no_refill,R3_low_tail_vol
20260227,5bp_one_way_slippage,0.0,False,0,S2_U3_filter_only_no_refill__R3_low_tail_vol,S2_U3_filter_only_no_refill,R3_low_tail_vol
20260302,5bp_one_way_slippage,0.0,False,0,S2_U3_filter_only_no_refill__R3_low_tail_vol,S2_U3_filter_only_no_refill,R3_low_tail_vol
20260303,5bp_one_way_slippage,0.0,False,0,S2_U3_filter_only_no_refill__R3_low_tail_vol,S2_U3_filter_only_no_refill,R3_low_tail_vol
20260304,5bp_one_way_slippage,0.0,False,0,S2_U3_filter_only_no_refill__R3_low_tail_vol,S2_U3_filter_only_no_refill,R3_low_tail_vol
20260305,5bp_one_way_slippage,0.0,False,0,S2_U3_filter_only_no_refill__R3_low_tail_vol,S2_U3_filter_only_no_refill,R3_low_tail_vol
20260306,5bp_one_way_slippage,0.0,False,0,S2_U3_filter_only_no_refill__R3_low_tail_vol,S2_U3_filter_only_no_refill,R3_low_tail_vol
20260309,5bp_one_way_slippage,0.0,False,0,S2_U3_filter_only_no_refill__R3_low_tail_vol,S2_U3_filter_only_no_refill,R3_low_tail_vol
20260310,5bp_one_way_slippage,0.0034454656450217946,True,2,S2_U3_filter_only_no_refill__R3_low_tail_vol,S2_U3_filter_only_no_refill,R3_low_tail_vol
20260311,5bp_one_way_slippage,0.0,False,0,S2_U3_filter_only_no_refill__R3_low_tail_vol,S2_U3_filter_only_no_refill,R3_low_tail_vol
20260312,5bp_one_way_slippage,0.00040698473229753657,True,6,S2_U3_filter_only_no_refill__R3_low_tail_vol,S2_U3_filter_only_no_refill,R3_low_tail_vol
20260313,5bp_one_way_slippage,-0.012791148121587825,True,2,S2_U3_filter_only_no_refill__R3_low_tail_vol,S2_U3_filter_only_no_refill,R3_low_tail_vol
20260316,5bp_one_way_slippage,-0.0016155135594425765,True,7,S2_U3_filter_only_no_refill__R3_low_tail_vol,S2_U3_filter_only_no_refill,R3_low_tail_vol
20260317,5bp_one_way_slippage,0.0,False,0,S2_U3_filter_only_no_refill__R3_low_tail_vol,S2_U3_filter_only_no_refill,R3_low_tail_vol
20260318,5bp_one_way_slippage,-0.01565502959425676,True,3,S2_U3_filter_only_no_refill__R3_low_tail_vol,S2_U3_filter_only_no_refill,R3_low_tail_vol
20260319,5bp_one_way_slippage,-0.009926989688217702,True,1,S2_U3_filter_only_no_refill__R3_low_tail_vol,S2_U3_filter_only_no_refill,R3_low_tail_vol
20260320,5bp_one_way_slippage,0.0,False,0,S2_U3_filter_only_no_refill__R3_low_tail_vol,S2_U3_filter_only_no_refill,R3_low_tail_vol
20260323,5bp_one_way_slippage,0.0,False,0,S2_U3_filter_only_no_refill__R3_low_tail_vol,S2_U3_filter_only_no_refill,R3_low_tail_vol
20260324,5bp_one_way_slippage,0.0,False,0,S2_U3_filter_only_no_refill__R3_low_tail_vol,S2_U3_filter_only_no_refill,R3_low_tail_vol
20260325,5bp_one_way_slippage,-0.027609524998985058,True,1,S2_U3_filter_only_no_refill__R3_low_tail_vol,S2_U3_filter_only_no_refill,R3_low_tail_vol
20260326,5bp_one_way_slippage,-0.00856340656801613,True,2,S2_U3_filter_only_no_refill__R3_low_tail_vol,S2_U3_filter_only_no_refill,R3_low_tail_vol
20260327,5bp_one_way_slippage,-0.025303847362450615,True,1,S2_U3_filter_only_no_refill__R3_low_tail_vol,S2_U3_filter_only_no_refill,R3_low_tail_vol
20260330,5bp_one_way_slippage,0.01079902133263209,True,6,S2_U3_filter_only_no_refill__R3_low_tail_vol,S2_U3_filter_only_no_refill,R3_low_tail_vol
20260331,5bp_one_way_slippage,0.021313083540485334,True,1,S2_U3_filter_only_no_refill__R3_low_tail_vol,S2_U3_filter_only_no_refill,R3_low_tail_vol
20260401,5bp_one_way_slippage,0.0,False,0,S2_U3_filter_only_no_refill__R3_low_tail_vol,S2_U3_filter_only_no_refill,R3_low_tail_vol
20260402,5bp_one_way_slippage,-0.05242796039748193,True,2,S2_U3_filter_only_no_refill__R3_low_tail_vol,S2_U3_filter_only_no_refill,R3_low_tail_vol
20260403,5bp_one_way_slippage,0.0,True,0,S2_U3_filter_only_no_refill__R3_low_tail_vol,S2_U3_filter_only_no_refill,R3_low_tail_vol
20260407,5bp_one_way_slippage,0.029786433090066344,True,2,S2_U3_filter_only_no_refill__R3_low_tail_vol,S2_U3_filter_only_no_refill,R3_low_tail_vol
20260408,5bp_one_way_slippage,-0.018090424499673685,True,7,S2_U3_filter_only_no_refill__R3_low_tail_vol,S2_U3_filter_only_no_refill,R3_low_tail_vol
20260409,5bp_one_way_slippage,-0.0015397005489833139,True,5,S2_U3_filter_only_no_refill__R3_low_tail_vol,S2_U3_filter_only_no_refill,R3_low_tail_vol
20260410,5bp_one_way_slippage,0.012132084405439975,True,4,S2_U3_filter_only_no_refill__R3_low_tail_vol,S2_U3_filter_only_no_refill,R3_low_tail_vol
20260413,5bp_one_way_slippage,0.010907861509995731,True,6,S2_U3_filter_only_no_refill__R3_low_tail_vol,S2_U3_filter_only_no_refill,R3_low_tail_vol
20260414,5bp_one_way_slippage,0.0,False,0,S2_U3_filter_only_no_refill__R3_low_tail_vol,S2_U3_filter_only_no_refill,R3_low_tail_vol
20260415,5bp_one_way_slippage,0.0,True,0,S2_U3_filter_only_no_refill__R3_low_tail_vol,S2_U3_filter_only_no_refill,R3_low_tail_vol
20260416,5bp_one_way_slippage,-0.0019985011241565598,True,1,S2_U3_filter_only_no_refill__R3_low_tail_vol,S2_U3_filter_only_no_refill,R3_low_tail_vol
20260417,5bp_one_way_slippage,0.025069331004063593,True,6,S2_U3_filter_only_no_refill__R3_low_tail_vol,S2_U3_filter_only_no_refill,R3_low_tail_vol
20260420,5bp_one_way_slippage,0.010196770112061548,True,4,S2_U3_filter_only_no_refill__R3_low_tail_vol,S2_U3_filter_only_no_refill,R3_low_tail_vol
20260421,5bp_one_way_slippage,0.0,False,0,S2_U3_filter_only_no_refill__R3_low_tail_vol,S2_U3_filter_only_no_refill,R3_low_tail_vol
20260422,5bp_one_way_slippage,0.0074256977990293516,True,5,S2_U3_filter_only_no_refill__R3_low_tail_vol,S2_U3_filter_only_no_refill,R3_low_tail_vol
20260423,5bp_one_way_slippage,0.0,False,0,S2_U3_filter_only_no_refill__R3_low_tail_vol,S2_U3_filter_only_no_refill,R3_low_tail_vol
20260424,5bp_one_way_slippage,0.0,False,0,S2_U3_filter_only_no_refill__R3_low_tail_vol,S2_U3_filter_only_no_refill,R3_low_tail_vol
20260427,5bp_one_way_slippage,-0.01316089333629078,True,2,S2_U3_filter_only_no_refill__R3_low_tail_vol,S2_U3_filter_only_no_refill,R3_low_tail_vol
20260428,5bp_one_way_slippage,0.0,False,0,S2_U3_filter_only_no_refill__R3_low_tail_vol,S2_U3_filter_only_no_refill,R3_low_tail_vol
20260429,5bp_one_way_slippage,0.09511520030282283,True,1,S2_U3_filter_only_no_refill__R3_low_tail_vol,S2_U3_filter_only_no_refill,R3_low_tail_vol
20260430,5bp_one_way_slippage,0.0,False,0,S2_U3_filter_only_no_refill__R3_low_tail_vol,S2_U3_filter_only_no_refill,R3_low_tail_vol
20260506,5bp_one_way_slippage,-0.027876907472472623,True,1,S2_U3_filter_only_no_refill__R3_low_tail_vol,S2_U3_filter_only_no_refill,R3_low_tail_vol
20260507,5bp_one_way_slippage,0.026261499161081225,True,1,S2_U3_filter_only_no_refill__R3_low_tail_vol,S2_U3_filter_only_no_refill,R3_low_tail_vol
20260508,5bp_one_way_slippage,0.0,False,0,S2_U3_filter_only_no_refill__R3_low_tail_vol,S2_U3_filter_only_no_refill,R3_low_tail_vol
20260511,5bp_one_way_slippage,0.0,False,0,S2_U3_filter_only_no_refill__R3_low_tail_vol,S2_U3_filter_only_no_refill,R3_low_tail_vol
20260512,5bp_one_way_slippage,0.0,False,0,S2_U3_filter_only_no_refill__R3_low_tail_vol,S2_U3_filter_only_no_refill,R3_low_tail_vol
20260513,5bp_one_way_slippage,0.0,False,0,S2_U3_filter_only_no_refill__R3_low_tail_vol,S2_U3_filter_only_no_refill,R3_low_tail_vol
20260514,5bp_one_way_slippage,0.0,False,0,S2_U3_filter_only_no_refill__R3_low_tail_vol,S2_U3_filter_only_no_refill,R3_low_tail_vol
20260515,5bp_one_way_slippage,0.0,False,0,S2_U3_filter_only_no_refill__R3_low_tail_vol,S2_U3_filter_only_no_refill,R3_low_tail_vol
20260518,5bp_one_way_slippage,0.0,False,0,S2_U3_filter_only_no_refill__R3_low_tail_vol,S2_U3_filter_only_no_refill,R3_low_tail_vol
20260519,5bp_one_way_slippage,0.0,False,0,S2_U3_filter_only_no_refill__R3_low_tail_vol,S2_U3_filter_only_no_refill,R3_low_tail_vol
20260520,5bp_one_way_slippage,0.0,False,0,S2_U3_filter_only_no_refill__R3_low_tail_vol,S2_U3_filter_only_no_refill,R3_low_tail_vol
20260224,10bp_one_way_slippage,0.0037203202168819005,True,2,S2_U3_filter_only_no_refill__R3_low_tail_vol,S2_U3_filter_only_no_refill,R3_low_tail_vol
20260225,10bp_one_way_slippage,0.0,False,0,S2_U3_filter_only_no_refill__R3_low_tail_vol,S2_U3_filter_only_no_refill,R3_low_tail_vol
20260226,10bp_one_way_slippage,0.0011876101819841833,True,8,S2_U3_filter_only_no_refill__R3_low_tail_vol,S2_U3_filter_only_no_refill,R3_low_tail_vol
20260227,10bp_one_way_slippage,0.0,False,0,S2_U3_filter_only_no_refill__R3_low_tail_vol,S2_U3_filter_only_no_refill,R3_low_tail_vol
20260302,10bp_one_way_slippage,0.0,False,0,S2_U3_filter_only_no_refill__R3_low_tail_vol,S2_U3_filter_only_no_refill,R3_low_tail_vol
20260303,10bp_one_way_slippage,0.0,False,0,S2_U3_filter_only_no_refill__R3_low_tail_vol,S2_U3_filter_only_no_refill,R3_low_tail_vol
20260304,10bp_one_way_slippage,0.0,False,0,S2_U3_filter_only_no_refill__R3_low_tail_vol,S2_U3_filter_only_no_refill,R3_low_tail_vol
20260305,10bp_one_way_slippage,0.0,False,0,S2_U3_filter_only_no_refill__R3_low_tail_vol,S2_U3_filter_only_no_refill,R3_low_tail_vol
20260306,10bp_one_way_slippage,0.0,False,0,S2_U3_filter_only_no_refill__R3_low_tail_vol,S2_U3_filter_only_no_refill,R3_low_tail_vol
20260309,10bp_one_way_slippage,0.0,False,0,S2_U3_filter_only_no_refill__R3_low_tail_vol,S2_U3_filter_only_no_refill,R3_low_tail_vol
20260310,10bp_one_way_slippage,0.0024422694732491035,True,2,S2_U3_filter_only_no_refill__R3_low_tail_vol,S2_U3_filter_only_no_refill,R3_low_tail_vol
20260311,10bp_one_way_slippage,0.0,False,0,S2_U3_filter_only_no_refill__R3_low_tail_vol,S2_U3_filter_only_no_refill,R3_low_tail_vol
20260312,10bp_one_way_slippage,-0.0005931737134361089,True,6,S2_U3_filter_only_no_refill__R3_low_tail_vol,S2_U3_filter_only_no_refill,R3_low_tail_vol
20260313,10bp_one_way_slippage,-0.01377811171338389,True,2,S2_U3_filter_only_no_refill__R3_low_tail_vol,S2_U3_filter_only_no_refill,R3_low_tail_vol
20260316,10bp_one_way_slippage,-0.0026136500093497184,True,7,S2_U3_filter_only_no_refill__R3_low_tail_vol,S2_U3_filter_only_no_refill,R3_low_tail_vol
20260317,10bp_one_way_slippage,0.0,False,0,S2_U3_filter_only_no_refill__R3_low_tail_vol,S2_U3_filter_only_no_refill,R3_low_tail_vol
20260318,10bp_one_way_slippage,-0.01663913001607679,True,3,S2_U3_filter_only_no_refill__R3_low_tail_vol,S2_U3_filter_only_no_refill,R3_low_tail_vol
20260319,10bp_one_way_slippage,-0.010916816726881717,True,1,S2_U3_filter_only_no_refill__R3_low_tail_vol,S2_U3_filter_only_no_refill,R3_low_tail_vol
20260320,10bp_one_way_slippage,0.0,False,0,S2_U3_filter_only_no_refill__R3_low_tail_vol,S2_U3_filter_only_no_refill,R3_low_tail_vol
20260323,10bp_one_way_slippage,0.0,False,0,S2_U3_filter_only_no_refill__R3_low_tail_vol,S2_U3_filter_only_no_refill,R3_low_tail_vol
20260324,10bp_one_way_slippage,0.0,False,0,S2_U3_filter_only_no_refill__R3_low_tail_vol,S2_U3_filter_only_no_refill,R3_low_tail_vol
20260325,10bp_one_way_slippage,-0.028581673895349935,True,1,S2_U3_filter_only_no_refill__R3_low_tail_vol,S2_U3_filter_only_no_refill,R3_low_tail_vol
20260326,10bp_one_way_slippage,-0.009554596851034602,True,2,S2_U3_filter_only_no_refill__R3_low_tail_vol,S2_U3_filter_only_no_refill,R3_low_tail_vol
20260327,10bp_one_way_slippage,-0.026278301363634404,True,1,S2_U3_filter_only_no_refill__R3_low_tail_vol,S2_U3_filter_only_no_refill,R3_low_tail_vol
20260330,10bp_one_way_slippage,0.009788473432073804,True,6,S2_U3_filter_only_no_refill__R3_low_tail_vol,S2_U3_filter_only_no_refill,R3_low_tail_vol
20260331,10bp_one_way_slippage,0.020292024189810354,True,1,S2_U3_filter_only_no_refill__R3_low_tail_vol,S2_U3_filter_only_no_refill,R3_low_tail_vol
20260401,10bp_one_way_slippage,0.0,False,0,S2_U3_filter_only_no_refill__R3_low_tail_vol,S2_U3_filter_only_no_refill,R3_low_tail_vol
20260402,10bp_one_way_slippage,-0.053375297024288004,True,2,S2_U3_filter_only_no_refill__R3_low_tail_vol,S2_U3_filter_only_no_refill,R3_low_tail_vol
20260403,10bp_one_way_slippage,0.0,True,0,S2_U3_filter_only_no_refill__R3_low_tail_vol,S2_U3_filter_only_no_refill,R3_low_tail_vol
20260407,10bp_one_way_slippage,0.028756902494943115,True,2,S2_U3_filter_only_no_refill__R3_low_tail_vol,S2_U3_filter_only_no_refill,R3_low_tail_vol
20260408,10bp_one_way_slippage,-0.019072090131632673,True,7,S2_U3_filter_only_no_refill__R3_low_tail_vol,S2_U3_filter_only_no_refill,R3_low_tail_vol
20260409,10bp_one_way_slippage,-0.002537912793066144,True,5,S2_U3_filter_only_no_refill__R3_low_tail_vol,S2_U3_filter_only_no_refill,R3_low_tail_vol
20260410,10bp_one_way_slippage,0.011120203772992165,True,4,S2_U3_filter_only_no_refill__R3_low_tail_vol,S2_U3_filter_only_no_refill,R3_low_tail_vol
20260413,10bp_one_way_slippage,0.009897204796300038,True,6,S2_U3_filter_only_no_refill__R3_low_tail_vol,S2_U3_filter_only_no_refill,R3_low_tail_vol
20260414,10bp_one_way_slippage,0.0,False,0,S2_U3_filter_only_no_refill__R3_low_tail_vol,S2_U3_filter_only_no_refill,R3_low_tail_vol
20260415,10bp_one_way_slippage,0.0,True,0,S2_U3_filter_only_no_refill__R3_low_tail_vol,S2_U3_filter_only_no_refill,R3_low_tail_vol
20260416,10bp_one_way_slippage,-0.0029962546816476587,True,1,S2_U3_filter_only_no_refill__R3_low_tail_vol,S2_U3_filter_only_no_refill,R3_low_tail_vol
20260417,10bp_one_way_slippage,0.024044516339119398,True,6,S2_U3_filter_only_no_refill__R3_low_tail_vol,S2_U3_filter_only_no_refill,R3_low_tail_vol
20260420,10bp_one_way_slippage,0.009186824313101721,True,4,S2_U3_filter_only_no_refill__R3_low_tail_vol,S2_U3_filter_only_no_refill,R3_low_tail_vol
20260421,10bp_one_way_slippage,0.0,False,0,S2_U3_filter_only_no_refill__R3_low_tail_vol,S2_U3_filter_only_no_refill,R3_low_tail_vol
20260422,10bp_one_way_slippage,0.006418522383943248,True,5,S2_U3_filter_only_no_refill__R3_low_tail_vol,S2_U3_filter_only_no_refill,R3_low_tail_vol
20260423,10bp_one_way_slippage,0.0,False,0,S2_U3_filter_only_no_refill__R3_low_tail_vol,S2_U3_filter_only_no_refill,R3_low_tail_vol
20260424,10bp_one_way_slippage,0.0,False,0,S2_U3_filter_only_no_refill__R3_low_tail_vol,S2_U3_filter_only_no_refill,R3_low_tail_vol
20260427,10bp_one_way_slippage,-0.014147487274730808,True,2,S2_U3_filter_only_no_refill__R3_low_tail_vol,S2_U3_filter_only_no_refill,R3_low_tail_vol
20260428,10bp_one_way_slippage,0.0,False,0,S2_U3_filter_only_no_refill__R3_low_tail_vol,S2_U3_filter_only_no_refill,R3_low_tail_vol
20260429,10bp_one_way_slippage,0.09402035717062773,True,1,S2_U3_filter_only_no_refill__R3_low_tail_vol,S2_U3_filter_only_no_refill,R3_low_tail_vol
20260430,10bp_one_way_slippage,0.0,False,0,S2_U3_filter_only_no_refill__R3_low_tail_vol,S2_U3_filter_only_no_refill,R3_low_tail_vol
20260506,10bp_one_way_slippage,-0.02884878905279198,True,1,S2_U3_filter_only_no_refill__R3_low_tail_vol,S2_U3_filter_only_no_refill,R3_low_tail_vol
20260507,10bp_one_way_slippage,0.025235492624159805,True,1,S2_U3_filter_only_no_refill__R3_low_tail_vol,S2_U3_filter_only_no_refill,R3_low_tail_vol
20260508,10bp_one_way_slippage,0.0,False,0,S2_U3_filter_only_no_refill__R3_low_tail_vol,S2_U3_filter_only_no_refill,R3_low_tail_vol
20260511,10bp_one_way_slippage,0.0,False,0,S2_U3_filter_only_no_refill__R3_low_tail_vol,S2_U3_filter_only_no_refill,R3_low_tail_vol
20260512,10bp_one_way_slippage,0.0,False,0,S2_U3_filter_only_no_refill__R3_low_tail_vol,S2_U3_filter_only_no_refill,R3_low_tail_vol
20260513,10bp_one_way_slippage,0.0,False,0,S2_U3_filter_only_no_refill__R3_low_tail_vol,S2_U3_filter_only_no_refill,R3_low_tail_vol
20260514,10bp_one_way_slippage,0.0,False,0,S2_U3_filter_only_no_refill__R3_low_tail_vol,S2_U3_filter_only_no_refill,R3_low_tail_vol
20260515,10bp_one_way_slippage,0.0,False,0,S2_U3_filter_only_no_refill__R3_low_tail_vol,S2_U3_filter_only_no_refill,R3_low_tail_vol
20260518,10bp_one_way_slippage,0.0,False,0,S2_U3_filter_only_no_refill__R3_low_tail_vol,S2_U3_filter_only_no_refill,R3_low_tail_vol
20260519,10bp_one_way_slippage,0.0,False,0,S2_U3_filter_only_no_refill__R3_low_tail_vol,S2_U3_filter_only_no_refill,R3_low_tail_vol
20260520,10bp_one_way_slippage,0.0,False,0,S2_U3_filter_only_no_refill__R3_low_tail_vol,S2_U3_filter_only_no_refill,R3_low_tail_vol
20260224,10bp_slippage_plus_impact,0.003516717739339592,True,2,S2_U3_filter_only_no_refill__R3_low_tail_vol,S2_U3_filter_only_no_refill,R3_low_tail_vol
20260225,10bp_slippage_plus_impact,0.0,False,0,S2_U3_filter_only_no_refill__R3_low_tail_vol,S2_U3_filter_only_no_refill,R3_low_tail_vol
20260226,10bp_slippage_plus_impact,0.0010622141177435845,True,8,S2_U3_filter_only_no_refill__R3_low_tail_vol,S2_U3_filter_only_no_refill,R3_low_tail_vol
20260227,10bp_slippage_plus_impact,0.0,False,0,S2_U3_filter_only_no_refill__R3_low_tail_vol,S2_U3_filter_only_no_refill,R3_low_tail_vol
20260302,10bp_slippage_plus_impact,0.0,False,0,S2_U3_filter_only_no_refill__R3_low_tail_vol,S2_U3_filter_only_no_refill,R3_low_tail_vol
20260303,10bp_slippage_plus_impact,0.0,False,0,S2_U3_filter_only_no_refill__R3_low_tail_vol,S2_U3_filter_only_no_refill,R3_low_tail_vol
20260304,10bp_slippage_plus_impact,0.0,False,0,S2_U3_filter_only_no_refill__R3_low_tail_vol,S2_U3_filter_only_no_refill,R3_low_tail_vol
20260305,10bp_slippage_plus_impact,0.0,False,0,S2_U3_filter_only_no_refill__R3_low_tail_vol,S2_U3_filter_only_no_refill,R3_low_tail_vol
20260306,10bp_slippage_plus_impact,0.0,False,0,S2_U3_filter_only_no_refill__R3_low_tail_vol,S2_U3_filter_only_no_refill,R3_low_tail_vol
20260309,10bp_slippage_plus_impact,0.0,False,0,S2_U3_filter_only_no_refill__R3_low_tail_vol,S2_U3_filter_only_no_refill,R3_low_tail_vol
20260310,10bp_slippage_plus_impact,0.0022496210904366376,True,2,S2_U3_filter_only_no_refill__R3_low_tail_vol,S2_U3_filter_only_no_refill,R3_low_tail_vol
20260311,10bp_slippage_plus_impact,0.0,False,0,S2_U3_filter_only_no_refill__R3_low_tail_vol,S2_U3_filter_only_no_refill,R3_low_tail_vol
20260312,10bp_slippage_plus_impact,-0.0006789138199551811,True,6,S2_U3_filter_only_no_refill__R3_low_tail_vol,S2_U3_filter_only_no_refill,R3_low_tail_vol
20260313,10bp_slippage_plus_impact,-0.013994046056662157,True,2,S2_U3_filter_only_no_refill__R3_low_tail_vol,S2_U3_filter_only_no_refill,R3_low_tail_vol
20260316,10bp_slippage_plus_impact,-0.0026955348298064613,True,7,S2_U3_filter_only_no_refill__R3_low_tail_vol,S2_U3_filter_only_no_refill,R3_low_tail_vol
20260317,10bp_slippage_plus_impact,0.0,False,0,S2_U3_filter_only_no_refill__R3_low_tail_vol,S2_U3_filter_only_no_refill,R3_low_tail_vol
20260318,10bp_slippage_plus_impact,-0.016881202062253742,True,3,S2_U3_filter_only_no_refill__R3_low_tail_vol,S2_U3_filter_only_no_refill,R3_low_tail_vol
20260319,10bp_slippage_plus_impact,-0.011196238010608206,True,1,S2_U3_filter_only_no_refill__R3_low_tail_vol,S2_U3_filter_only_no_refill,R3_low_tail_vol
20260320,10bp_slippage_plus_impact,0.0,False,0,S2_U3_filter_only_no_refill__R3_low_tail_vol,S2_U3_filter_only_no_refill,R3_low_tail_vol
20260323,10bp_slippage_plus_impact,0.0,False,0,S2_U3_filter_only_no_refill__R3_low_tail_vol,S2_U3_filter_only_no_refill,R3_low_tail_vol
20260324,10bp_slippage_plus_impact,0.0,False,0,S2_U3_filter_only_no_refill__R3_low_tail_vol,S2_U3_filter_only_no_refill,R3_low_tail_vol
20260325,10bp_slippage_plus_impact,-0.028612429416778995,True,1,S2_U3_filter_only_no_refill__R3_low_tail_vol,S2_U3_filter_only_no_refill,R3_low_tail_vol
20260326,10bp_slippage_plus_impact,-0.009763697126842497,True,2,S2_U3_filter_only_no_refill__R3_low_tail_vol,S2_U3_filter_only_no_refill,R3_low_tail_vol
20260327,10bp_slippage_plus_impact,-0.02649804771833708,True,1,S2_U3_filter_only_no_refill__R3_low_tail_vol,S2_U3_filter_only_no_refill,R3_low_tail_vol
20260330,10bp_slippage_plus_impact,0.009676527348083275,True,6,S2_U3_filter_only_no_refill__R3_low_tail_vol,S2_U3_filter_only_no_refill,R3_low_tail_vol
20260331,10bp_slippage_plus_impact,0.020086146959470197,True,1,S2_U3_filter_only_no_refill__R3_low_tail_vol,S2_U3_filter_only_no_refill,R3_low_tail_vol
20260401,10bp_slippage_plus_impact,0.0,False,0,S2_U3_filter_only_no_refill__R3_low_tail_vol,S2_U3_filter_only_no_refill,R3_low_tail_vol
20260402,10bp_slippage_plus_impact,-0.053455811306316214,True,2,S2_U3_filter_only_no_refill__R3_low_tail_vol,S2_U3_filter_only_no_refill,R3_low_tail_vol
20260403,10bp_slippage_plus_impact,0.0,True,0,S2_U3_filter_only_no_refill__R3_low_tail_vol,S2_U3_filter_only_no_refill,R3_low_tail_vol
20260407,10bp_slippage_plus_impact,0.028591375203205316,True,2,S2_U3_filter_only_no_refill__R3_low_tail_vol,S2_U3_filter_only_no_refill,R3_low_tail_vol
20260408,10bp_slippage_plus_impact,-0.01920410461011863,True,7,S2_U3_filter_only_no_refill__R3_low_tail_vol,S2_U3_filter_only_no_refill,R3_low_tail_vol
20260409,10bp_slippage_plus_impact,-0.002594477410286067,True,5,S2_U3_filter_only_no_refill__R3_low_tail_vol,S2_U3_filter_only_no_refill,R3_low_tail_vol
20260410,10bp_slippage_plus_impact,0.011015230590305625,True,4,S2_U3_filter_only_no_refill__R3_low_tail_vol,S2_U3_filter_only_no_refill,R3_low_tail_vol
20260413,10bp_slippage_plus_impact,0.009812735146975246,True,6,S2_U3_filter_only_no_refill__R3_low_tail_vol,S2_U3_filter_only_no_refill,R3_low_tail_vol
20260414,10bp_slippage_plus_impact,0.0,False,0,S2_U3_filter_only_no_refill__R3_low_tail_vol,S2_U3_filter_only_no_refill,R3_low_tail_vol
20260415,10bp_slippage_plus_impact,0.0,True,0,S2_U3_filter_only_no_refill__R3_low_tail_vol,S2_U3_filter_only_no_refill,R3_low_tail_vol
20260416,10bp_slippage_plus_impact,-0.0032192318409106635,True,1,S2_U3_filter_only_no_refill__R3_low_tail_vol,S2_U3_filter_only_no_refill,R3_low_tail_vol
20260417,10bp_slippage_plus_impact,0.023933136024314888,True,6,S2_U3_filter_only_no_refill__R3_low_tail_vol,S2_U3_filter_only_no_refill,R3_low_tail_vol
20260420,10bp_slippage_plus_impact,0.00907372519498617,True,4,S2_U3_filter_only_no_refill__R3_low_tail_vol,S2_U3_filter_only_no_refill,R3_low_tail_vol
20260421,10bp_slippage_plus_impact,0.0,False,0,S2_U3_filter_only_no_refill__R3_low_tail_vol,S2_U3_filter_only_no_refill,R3_low_tail_vol
20260422,10bp_slippage_plus_impact,0.006316351101038542,True,5,S2_U3_filter_only_no_refill__R3_low_tail_vol,S2_U3_filter_only_no_refill,R3_low_tail_vol
20260423,10bp_slippage_plus_impact,0.0,False,0,S2_U3_filter_only_no_refill__R3_low_tail_vol,S2_U3_filter_only_no_refill,R3_low_tail_vol
20260424,10bp_slippage_plus_impact,0.0,False,0,S2_U3_filter_only_no_refill__R3_low_tail_vol,S2_U3_filter_only_no_refill,R3_low_tail_vol
20260427,10bp_slippage_plus_impact,-0.014302107752333149,True,2,S2_U3_filter_only_no_refill__R3_low_tail_vol,S2_U3_filter_only_no_refill,R3_low_tail_vol
20260428,10bp_slippage_plus_impact,0.0,False,0,S2_U3_filter_only_no_refill__R3_low_tail_vol,S2_U3_filter_only_no_refill,R3_low_tail_vol
20260429,10bp_slippage_plus_impact,0.09385402214144478,True,1,S2_U3_filter_only_no_refill__R3_low_tail_vol,S2_U3_filter_only_no_refill,R3_low_tail_vol
20260430,10bp_slippage_plus_impact,0.0,False,0,S2_U3_filter_only_no_refill__R3_low_tail_vol,S2_U3_filter_only_no_refill,R3_low_tail_vol
20260506,10bp_slippage_plus_impact,-0.028983784346924613,True,1,S2_U3_filter_only_no_refill__R3_low_tail_vol,S2_U3_filter_only_no_refill,R3_low_tail_vol
20260507,10bp_slippage_plus_impact,0.02512795531478118,True,1,S2_U3_filter_only_no_refill__R3_low_tail_vol,S2_U3_filter_only_no_refill,R3_low_tail_vol
20260508,10bp_slippage_plus_impact,0.0,False,0,S2_U3_filter_only_no_refill__R3_low_tail_vol,S2_U3_filter_only_no_refill,R3_low_tail_vol
20260511,10bp_slippage_plus_impact,0.0,False,0,S2_U3_filter_only_no_refill__R3_low_tail_vol,S2_U3_filter_only_no_refill,R3_low_tail_vol
20260512,10bp_slippage_plus_impact,0.0,False,0,S2_U3_filter_only_no_refill__R3_low_tail_vol,S2_U3_filter_only_no_refill,R3_low_tail_vol
20260513,10bp_slippage_plus_impact,0.0,False,0,S2_U3_filter_only_no_refill__R3_low_tail_vol,S2_U3_filter_only_no_refill,R3_low_tail_vol
20260514,10bp_slippage_plus_impact,0.0,False,0,S2_U3_filter_only_no_refill__R3_low_tail_vol,S2_U3_filter_only_no_refill,R3_low_tail_vol
20260515,10bp_slippage_plus_impact,0.0,False,0,S2_U3_filter_only_no_refill__R3_low_tail_vol,S2_U3_filter_only_no_refill,R3_low_tail_vol
20260518,10bp_slippage_plus_impact,0.0,False,0,S2_U3_filter_only_no_refill__R3_low_tail_vol,S2_U3_filter_only_no_refill,R3_low_tail_vol
20260519,10bp_slippage_plus_impact,0.0,False,0,S2_U3_filter_only_no_refill__R3_low_tail_vol,S2_U3_filter_only_no_refill,R3_low_tail_vol
20260520,10bp_slippage_plus_impact,0.0,False,0,S2_U3_filter_only_no_refill__R3_low_tail_vol,S2_U3_filter_only_no_refill,R3_low_tail_vol
20260224,5bp_one_way_slippage,0.004724795400576243,True,2,S2_U3_filter_only_no_refill__R4_tail_breadth_Q2,S2_U3_filter_only_no_refill,R4_tail_breadth_Q2
20260225,5bp_one_way_slippage,0.0,False,0,S2_U3_filter_only_no_refill__R4_tail_breadth_Q2,S2_U3_filter_only_no_refill,R4_tail_breadth_Q2
20260226,5bp_one_way_slippage,0.0,False,0,S2_U3_filter_only_no_refill__R4_tail_breadth_Q2,S2_U3_filter_only_no_refill,R4_tail_breadth_Q2
20260227,5bp_one_way_slippage,0.0,False,0,S2_U3_filter_only_no_refill__R4_tail_breadth_Q2,S2_U3_filter_only_no_refill,R4_tail_breadth_Q2
20260302,5bp_one_way_slippage,-0.008805294704982036,True,8,S2_U3_filter_only_no_refill__R4_tail_breadth_Q2,S2_U3_filter_only_no_refill,R4_tail_breadth_Q2
20260303,5bp_one_way_slippage,0.0,False,0,S2_U3_filter_only_no_refill__R4_tail_breadth_Q2,S2_U3_filter_only_no_refill,R4_tail_breadth_Q2
20260304,5bp_one_way_slippage,0.024635946278807185,True,5,S2_U3_filter_only_no_refill__R4_tail_breadth_Q2,S2_U3_filter_only_no_refill,R4_tail_breadth_Q2
20260305,5bp_one_way_slippage,0.0,False,0,S2_U3_filter_only_no_refill__R4_tail_breadth_Q2,S2_U3_filter_only_no_refill,R4_tail_breadth_Q2
20260306,5bp_one_way_slippage,0.0,False,0,S2_U3_filter_only_no_refill__R4_tail_breadth_Q2,S2_U3_filter_only_no_refill,R4_tail_breadth_Q2
20260309,5bp_one_way_slippage,0.04141799484853015,True,2,S2_U3_filter_only_no_refill__R4_tail_breadth_Q2,S2_U3_filter_only_no_refill,R4_tail_breadth_Q2
20260310,5bp_one_way_slippage,0.0,False,0,S2_U3_filter_only_no_refill__R4_tail_breadth_Q2,S2_U3_filter_only_no_refill,R4_tail_breadth_Q2
20260311,5bp_one_way_slippage,0.0,False,0,S2_U3_filter_only_no_refill__R4_tail_breadth_Q2,S2_U3_filter_only_no_refill,R4_tail_breadth_Q2
20260312,5bp_one_way_slippage,0.0,False,0,S2_U3_filter_only_no_refill__R4_tail_breadth_Q2,S2_U3_filter_only_no_refill,R4_tail_breadth_Q2
20260313,5bp_one_way_slippage,0.0,False,0,S2_U3_filter_only_no_refill__R4_tail_breadth_Q2,S2_U3_filter_only_no_refill,R4_tail_breadth_Q2
20260316,5bp_one_way_slippage,0.0,False,0,S2_U3_filter_only_no_refill__R4_tail_breadth_Q2,S2_U3_filter_only_no_refill,R4_tail_breadth_Q2
20260317,5bp_one_way_slippage,0.0,False,0,S2_U3_filter_only_no_refill__R4_tail_breadth_Q2,S2_U3_filter_only_no_refill,R4_tail_breadth_Q2
20260318,5bp_one_way_slippage,0.0,False,0,S2_U3_filter_only_no_refill__R4_tail_breadth_Q2,S2_U3_filter_only_no_refill,R4_tail_breadth_Q2
20260319,5bp_one_way_slippage,0.0,False,0,S2_U3_filter_only_no_refill__R4_tail_breadth_Q2,S2_U3_filter_only_no_refill,R4_tail_breadth_Q2
20260320,5bp_one_way_slippage,0.0,False,0,S2_U3_filter_only_no_refill__R4_tail_breadth_Q2,S2_U3_filter_only_no_refill,R4_tail_breadth_Q2
20260323,5bp_one_way_slippage,0.0,False,0,S2_U3_filter_only_no_refill__R4_tail_breadth_Q2,S2_U3_filter_only_no_refill,R4_tail_breadth_Q2
20260324,5bp_one_way_slippage,0.0,False,0,S2_U3_filter_only_no_refill__R4_tail_breadth_Q2,S2_U3_filter_only_no_refill,R4_tail_breadth_Q2
20260325,5bp_one_way_slippage,0.0,False,0,S2_U3_filter_only_no_refill__R4_tail_breadth_Q2,S2_U3_filter_only_no_refill,R4_tail_breadth_Q2
20260326,5bp_one_way_slippage,-0.00856340656801613,True,2,S2_U3_filter_only_no_refill__R4_tail_breadth_Q2,S2_U3_filter_only_no_refill,R4_tail_breadth_Q2
20260327,5bp_one_way_slippage,0.0,False,0,S2_U3_filter_only_no_refill__R4_tail_breadth_Q2,S2_U3_filter_only_no_refill,R4_tail_breadth_Q2
20260330,5bp_one_way_slippage,0.0,False,0,S2_U3_filter_only_no_refill__R4_tail_breadth_Q2,S2_U3_filter_only_no_refill,R4_tail_breadth_Q2
20260331,5bp_one_way_slippage,0.0,False,0,S2_U3_filter_only_no_refill__R4_tail_breadth_Q2,S2_U3_filter_only_no_refill,R4_tail_breadth_Q2
20260401,5bp_one_way_slippage,0.0,False,0,S2_U3_filter_only_no_refill__R4_tail_breadth_Q2,S2_U3_filter_only_no_refill,R4_tail_breadth_Q2
20260402,5bp_one_way_slippage,0.0,False,0,S2_U3_filter_only_no_refill__R4_tail_breadth_Q2,S2_U3_filter_only_no_refill,R4_tail_breadth_Q2
20260403,5bp_one_way_slippage,0.0,False,0,S2_U3_filter_only_no_refill__R4_tail_breadth_Q2,S2_U3_filter_only_no_refill,R4_tail_breadth_Q2
20260407,5bp_one_way_slippage,0.029786433090066344,True,2,S2_U3_filter_only_no_refill__R4_tail_breadth_Q2,S2_U3_filter_only_no_refill,R4_tail_breadth_Q2
20260408,5bp_one_way_slippage,0.0,False,0,S2_U3_filter_only_no_refill__R4_tail_breadth_Q2,S2_U3_filter_only_no_refill,R4_tail_breadth_Q2
20260409,5bp_one_way_slippage,-0.0015397005489833139,True,5,S2_U3_filter_only_no_refill__R4_tail_breadth_Q2,S2_U3_filter_only_no_refill,R4_tail_breadth_Q2
20260410,5bp_one_way_slippage,0.0,False,0,S2_U3_filter_only_no_refill__R4_tail_breadth_Q2,S2_U3_filter_only_no_refill,R4_tail_breadth_Q2
20260413,5bp_one_way_slippage,0.010907861509995731,True,6,S2_U3_filter_only_no_refill__R4_tail_breadth_Q2,S2_U3_filter_only_no_refill,R4_tail_breadth_Q2
20260414,5bp_one_way_slippage,0.0,False,0,S2_U3_filter_only_no_refill__R4_tail_breadth_Q2,S2_U3_filter_only_no_refill,R4_tail_breadth_Q2
20260415,5bp_one_way_slippage,0.0,False,0,S2_U3_filter_only_no_refill__R4_tail_breadth_Q2,S2_U3_filter_only_no_refill,R4_tail_breadth_Q2
20260416,5bp_one_way_slippage,0.0,False,0,S2_U3_filter_only_no_refill__R4_tail_breadth_Q2,S2_U3_filter_only_no_refill,R4_tail_breadth_Q2
20260417,5bp_one_way_slippage,0.0,False,0,S2_U3_filter_only_no_refill__R4_tail_breadth_Q2,S2_U3_filter_only_no_refill,R4_tail_breadth_Q2
20260420,5bp_one_way_slippage,0.0,False,0,S2_U3_filter_only_no_refill__R4_tail_breadth_Q2,S2_U3_filter_only_no_refill,R4_tail_breadth_Q2
20260421,5bp_one_way_slippage,0.0,False,0,S2_U3_filter_only_no_refill__R4_tail_breadth_Q2,S2_U3_filter_only_no_refill,R4_tail_breadth_Q2
20260422,5bp_one_way_slippage,0.0,False,0,S2_U3_filter_only_no_refill__R4_tail_breadth_Q2,S2_U3_filter_only_no_refill,R4_tail_breadth_Q2
20260423,5bp_one_way_slippage,0.0,False,0,S2_U3_filter_only_no_refill__R4_tail_breadth_Q2,S2_U3_filter_only_no_refill,R4_tail_breadth_Q2
20260424,5bp_one_way_slippage,0.03222770618683879,True,1,S2_U3_filter_only_no_refill__R4_tail_breadth_Q2,S2_U3_filter_only_no_refill,R4_tail_breadth_Q2
20260427,5bp_one_way_slippage,0.0,False,0,S2_U3_filter_only_no_refill__R4_tail_breadth_Q2,S2_U3_filter_only_no_refill,R4_tail_breadth_Q2
20260428,5bp_one_way_slippage,0.0,False,0,S2_U3_filter_only_no_refill__R4_tail_breadth_Q2,S2_U3_filter_only_no_refill,R4_tail_breadth_Q2
20260429,5bp_one_way_slippage,0.09511520030282283,True,1,S2_U3_filter_only_no_refill__R4_tail_breadth_Q2,S2_U3_filter_only_no_refill,R4_tail_breadth_Q2
20260430,5bp_one_way_slippage,0.0,False,0,S2_U3_filter_only_no_refill__R4_tail_breadth_Q2,S2_U3_filter_only_no_refill,R4_tail_breadth_Q2
20260506,5bp_one_way_slippage,0.0,False,0,S2_U3_filter_only_no_refill__R4_tail_breadth_Q2,S2_U3_filter_only_no_refill,R4_tail_breadth_Q2
20260507,5bp_one_way_slippage,0.0,False,0,S2_U3_filter_only_no_refill__R4_tail_breadth_Q2,S2_U3_filter_only_no_refill,R4_tail_breadth_Q2
20260508,5bp_one_way_slippage,0.0037320931411231172,True,9,S2_U3_filter_only_no_refill__R4_tail_breadth_Q2,S2_U3_filter_only_no_refill,R4_tail_breadth_Q2
20260511,5bp_one_way_slippage,0.0,False,0,S2_U3_filter_only_no_refill__R4_tail_breadth_Q2,S2_U3_filter_only_no_refill,R4_tail_breadth_Q2
20260512,5bp_one_way_slippage,0.0,False,0,S2_U3_filter_only_no_refill__R4_tail_breadth_Q2,S2_U3_filter_only_no_refill,R4_tail_breadth_Q2
20260513,5bp_one_way_slippage,0.0,False,0,S2_U3_filter_only_no_refill__R4_tail_breadth_Q2,S2_U3_filter_only_no_refill,R4_tail_breadth_Q2
20260514,5bp_one_way_slippage,0.0,False,0,S2_U3_filter_only_no_refill__R4_tail_breadth_Q2,S2_U3_filter_only_no_refill,R4_tail_breadth_Q2
20260515,5bp_one_way_slippage,0.0,False,0,S2_U3_filter_only_no_refill__R4_tail_breadth_Q2,S2_U3_filter_only_no_refill,R4_tail_breadth_Q2
20260518,5bp_one_way_slippage,0.0,False,0,S2_U3_filter_only_no_refill__R4_tail_breadth_Q2,S2_U3_filter_only_no_refill,R4_tail_breadth_Q2
20260519,5bp_one_way_slippage,0.0,False,0,S2_U3_filter_only_no_refill__R4_tail_breadth_Q2,S2_U3_filter_only_no_refill,R4_tail_breadth_Q2
20260520,5bp_one_way_slippage,0.0,False,0,S2_U3_filter_only_no_refill__R4_tail_breadth_Q2,S2_U3_filter_only_no_refill,R4_tail_breadth_Q2
20260224,10bp_one_way_slippage,0.0037203202168819005,True,2,S2_U3_filter_only_no_refill__R4_tail_breadth_Q2,S2_U3_filter_only_no_refill,R4_tail_breadth_Q2
20260225,10bp_one_way_slippage,0.0,False,0,S2_U3_filter_only_no_refill__R4_tail_breadth_Q2,S2_U3_filter_only_no_refill,R4_tail_breadth_Q2
20260226,10bp_one_way_slippage,0.0,False,0,S2_U3_filter_only_no_refill__R4_tail_breadth_Q2,S2_U3_filter_only_no_refill,R4_tail_breadth_Q2
20260227,10bp_one_way_slippage,0.0,False,0,S2_U3_filter_only_no_refill__R4_tail_breadth_Q2,S2_U3_filter_only_no_refill,R4_tail_breadth_Q2
20260302,10bp_one_way_slippage,-0.009796243159957682,True,8,S2_U3_filter_only_no_refill__R4_tail_breadth_Q2,S2_U3_filter_only_no_refill,R4_tail_breadth_Q2
20260303,10bp_one_way_slippage,0.0,False,0,S2_U3_filter_only_no_refill__R4_tail_breadth_Q2,S2_U3_filter_only_no_refill,R4_tail_breadth_Q2
20260304,10bp_one_way_slippage,0.023611564890919024,True,5,S2_U3_filter_only_no_refill__R4_tail_breadth_Q2,S2_U3_filter_only_no_refill,R4_tail_breadth_Q2
20260305,10bp_one_way_slippage,0.0,False,0,S2_U3_filter_only_no_refill__R4_tail_breadth_Q2,S2_U3_filter_only_no_refill,R4_tail_breadth_Q2
20260306,10bp_one_way_slippage,0.0,False,0,S2_U3_filter_only_no_refill__R4_tail_breadth_Q2,S2_U3_filter_only_no_refill,R4_tail_breadth_Q2
20260309,10bp_one_way_slippage,0.04037683558136895,True,2,S2_U3_filter_only_no_refill__R4_tail_breadth_Q2,S2_U3_filter_only_no_refill,R4_tail_breadth_Q2
20260310,10bp_one_way_slippage,0.0,False,0,S2_U3_filter_only_no_refill__R4_tail_breadth_Q2,S2_U3_filter_only_no_refill,R4_tail_breadth_Q2
20260311,10bp_one_way_slippage,0.0,False,0,S2_U3_filter_only_no_refill__R4_tail_breadth_Q2,S2_U3_filter_only_no_refill,R4_tail_breadth_Q2
20260312,10bp_one_way_slippage,0.0,False,0,S2_U3_filter_only_no_refill__R4_tail_breadth_Q2,S2_U3_filter_only_no_refill,R4_tail_breadth_Q2
20260313,10bp_one_way_slippage,0.0,False,0,S2_U3_filter_only_no_refill__R4_tail_breadth_Q2,S2_U3_filter_only_no_refill,R4_tail_breadth_Q2
20260316,10bp_one_way_slippage,0.0,False,0,S2_U3_filter_only_no_refill__R4_tail_breadth_Q2,S2_U3_filter_only_no_refill,R4_tail_breadth_Q2
20260317,10bp_one_way_slippage,0.0,False,0,S2_U3_filter_only_no_refill__R4_tail_breadth_Q2,S2_U3_filter_only_no_refill,R4_tail_breadth_Q2
20260318,10bp_one_way_slippage,0.0,False,0,S2_U3_filter_only_no_refill__R4_tail_breadth_Q2,S2_U3_filter_only_no_refill,R4_tail_breadth_Q2
20260319,10bp_one_way_slippage,0.0,False,0,S2_U3_filter_only_no_refill__R4_tail_breadth_Q2,S2_U3_filter_only_no_refill,R4_tail_breadth_Q2
20260320,10bp_one_way_slippage,0.0,False,0,S2_U3_filter_only_no_refill__R4_tail_breadth_Q2,S2_U3_filter_only_no_refill,R4_tail_breadth_Q2
20260323,10bp_one_way_slippage,0.0,False,0,S2_U3_filter_only_no_refill__R4_tail_breadth_Q2,S2_U3_filter_only_no_refill,R4_tail_breadth_Q2
20260324,10bp_one_way_slippage,0.0,False,0,S2_U3_filter_only_no_refill__R4_tail_breadth_Q2,S2_U3_filter_only_no_refill,R4_tail_breadth_Q2
20260325,10bp_one_way_slippage,0.0,False,0,S2_U3_filter_only_no_refill__R4_tail_breadth_Q2,S2_U3_filter_only_no_refill,R4_tail_breadth_Q2
20260326,10bp_one_way_slippage,-0.009554596851034602,True,2,S2_U3_filter_only_no_refill__R4_tail_breadth_Q2,S2_U3_filter_only_no_refill,R4_tail_breadth_Q2
20260327,10bp_one_way_slippage,0.0,False,0,S2_U3_filter_only_no_refill__R4_tail_breadth_Q2,S2_U3_filter_only_no_refill,R4_tail_breadth_Q2
20260330,10bp_one_way_slippage,0.0,False,0,S2_U3_filter_only_no_refill__R4_tail_breadth_Q2,S2_U3_filter_only_no_refill,R4_tail_breadth_Q2
20260331,10bp_one_way_slippage,0.0,False,0,S2_U3_filter_only_no_refill__R4_tail_breadth_Q2,S2_U3_filter_only_no_refill,R4_tail_breadth_Q2
20260401,10bp_one_way_slippage,0.0,False,0,S2_U3_filter_only_no_refill__R4_tail_breadth_Q2,S2_U3_filter_only_no_refill,R4_tail_breadth_Q2
20260402,10bp_one_way_slippage,0.0,False,0,S2_U3_filter_only_no_refill__R4_tail_breadth_Q2,S2_U3_filter_only_no_refill,R4_tail_breadth_Q2
20260403,10bp_one_way_slippage,0.0,False,0,S2_U3_filter_only_no_refill__R4_tail_breadth_Q2,S2_U3_filter_only_no_refill,R4_tail_breadth_Q2
20260407,10bp_one_way_slippage,0.028756902494943115,True,2,S2_U3_filter_only_no_refill__R4_tail_breadth_Q2,S2_U3_filter_only_no_refill,R4_tail_breadth_Q2
20260408,10bp_one_way_slippage,0.0,False,0,S2_U3_filter_only_no_refill__R4_tail_breadth_Q2,S2_U3_filter_only_no_refill,R4_tail_breadth_Q2
20260409,10bp_one_way_slippage,-0.002537912793066144,True,5,S2_U3_filter_only_no_refill__R4_tail_breadth_Q2,S2_U3_filter_only_no_refill,R4_tail_breadth_Q2
20260410,10bp_one_way_slippage,0.0,False,0,S2_U3_filter_only_no_refill__R4_tail_breadth_Q2,S2_U3_filter_only_no_refill,R4_tail_breadth_Q2
20260413,10bp_one_way_slippage,0.009897204796300038,True,6,S2_U3_filter_only_no_refill__R4_tail_breadth_Q2,S2_U3_filter_only_no_refill,R4_tail_breadth_Q2
20260414,10bp_one_way_slippage,0.0,False,0,S2_U3_filter_only_no_refill__R4_tail_breadth_Q2,S2_U3_filter_only_no_refill,R4_tail_breadth_Q2
20260415,10bp_one_way_slippage,0.0,False,0,S2_U3_filter_only_no_refill__R4_tail_breadth_Q2,S2_U3_filter_only_no_refill,R4_tail_breadth_Q2
20260416,10bp_one_way_slippage,0.0,False,0,S2_U3_filter_only_no_refill__R4_tail_breadth_Q2,S2_U3_filter_only_no_refill,R4_tail_breadth_Q2
20260417,10bp_one_way_slippage,0.0,False,0,S2_U3_filter_only_no_refill__R4_tail_breadth_Q2,S2_U3_filter_only_no_refill,R4_tail_breadth_Q2
20260420,10bp_one_way_slippage,0.0,False,0,S2_U3_filter_only_no_refill__R4_tail_breadth_Q2,S2_U3_filter_only_no_refill,R4_tail_breadth_Q2
20260421,10bp_one_way_slippage,0.0,False,0,S2_U3_filter_only_no_refill__R4_tail_breadth_Q2,S2_U3_filter_only_no_refill,R4_tail_breadth_Q2
20260422,10bp_one_way_slippage,0.0,False,0,S2_U3_filter_only_no_refill__R4_tail_breadth_Q2,S2_U3_filter_only_no_refill,R4_tail_breadth_Q2
20260423,10bp_one_way_slippage,0.0,False,0,S2_U3_filter_only_no_refill__R4_tail_breadth_Q2,S2_U3_filter_only_no_refill,R4_tail_breadth_Q2
20260424,10bp_one_way_slippage,0.03119573492512373,True,1,S2_U3_filter_only_no_refill__R4_tail_breadth_Q2,S2_U3_filter_only_no_refill,R4_tail_breadth_Q2
20260427,10bp_one_way_slippage,0.0,False,0,S2_U3_filter_only_no_refill__R4_tail_breadth_Q2,S2_U3_filter_only_no_refill,R4_tail_breadth_Q2
20260428,10bp_one_way_slippage,0.0,False,0,S2_U3_filter_only_no_refill__R4_tail_breadth_Q2,S2_U3_filter_only_no_refill,R4_tail_breadth_Q2
20260429,10bp_one_way_slippage,0.09402035717062773,True,1,S2_U3_filter_only_no_refill__R4_tail_breadth_Q2,S2_U3_filter_only_no_refill,R4_tail_breadth_Q2
20260430,10bp_one_way_slippage,0.0,False,0,S2_U3_filter_only_no_refill__R4_tail_breadth_Q2,S2_U3_filter_only_no_refill,R4_tail_breadth_Q2
20260506,10bp_one_way_slippage,0.0,False,0,S2_U3_filter_only_no_refill__R4_tail_breadth_Q2,S2_U3_filter_only_no_refill,R4_tail_breadth_Q2
20260507,10bp_one_way_slippage,0.0,False,0,S2_U3_filter_only_no_refill__R4_tail_breadth_Q2,S2_U3_filter_only_no_refill,R4_tail_breadth_Q2
20260508,10bp_one_way_slippage,0.002728610413063554,True,9,S2_U3_filter_only_no_refill__R4_tail_breadth_Q2,S2_U3_filter_only_no_refill,R4_tail_breadth_Q2
20260511,10bp_one_way_slippage,0.0,False,0,S2_U3_filter_only_no_refill__R4_tail_breadth_Q2,S2_U3_filter_only_no_refill,R4_tail_breadth_Q2
20260512,10bp_one_way_slippage,0.0,False,0,S2_U3_filter_only_no_refill__R4_tail_breadth_Q2,S2_U3_filter_only_no_refill,R4_tail_breadth_Q2
20260513,10bp_one_way_slippage,0.0,False,0,S2_U3_filter_only_no_refill__R4_tail_breadth_Q2,S2_U3_filter_only_no_refill,R4_tail_breadth_Q2
20260514,10bp_one_way_slippage,0.0,False,0,S2_U3_filter_only_no_refill__R4_tail_breadth_Q2,S2_U3_filter_only_no_refill,R4_tail_breadth_Q2
20260515,10bp_one_way_slippage,0.0,False,0,S2_U3_filter_only_no_refill__R4_tail_breadth_Q2,S2_U3_filter_only_no_refill,R4_tail_breadth_Q2
20260518,10bp_one_way_slippage,0.0,False,0,S2_U3_filter_only_no_refill__R4_tail_breadth_Q2,S2_U3_filter_only_no_refill,R4_tail_breadth_Q2
20260519,10bp_one_way_slippage,0.0,False,0,S2_U3_filter_only_no_refill__R4_tail_breadth_Q2,S2_U3_filter_only_no_refill,R4_tail_breadth_Q2
20260520,10bp_one_way_slippage,0.0,False,0,S2_U3_filter_only_no_refill__R4_tail_breadth_Q2,S2_U3_filter_only_no_refill,R4_tail_breadth_Q2
20260224,10bp_slippage_plus_impact,0.003516717739339592,True,2,S2_U3_filter_only_no_refill__R4_tail_breadth_Q2,S2_U3_filter_only_no_refill,R4_tail_breadth_Q2
20260225,10bp_slippage_plus_impact,0.0,False,0,S2_U3_filter_only_no_refill__R4_tail_breadth_Q2,S2_U3_filter_only_no_refill,R4_tail_breadth_Q2
20260226,10bp_slippage_plus_impact,0.0,False,0,S2_U3_filter_only_no_refill__R4_tail_breadth_Q2,S2_U3_filter_only_no_refill,R4_tail_breadth_Q2
20260227,10bp_slippage_plus_impact,0.0,False,0,S2_U3_filter_only_no_refill__R4_tail_breadth_Q2,S2_U3_filter_only_no_refill,R4_tail_breadth_Q2
20260302,10bp_slippage_plus_impact,-0.009833298533389823,True,8,S2_U3_filter_only_no_refill__R4_tail_breadth_Q2,S2_U3_filter_only_no_refill,R4_tail_breadth_Q2
20260303,10bp_slippage_plus_impact,0.0,False,0,S2_U3_filter_only_no_refill__R4_tail_breadth_Q2,S2_U3_filter_only_no_refill,R4_tail_breadth_Q2
20260304,10bp_slippage_plus_impact,0.023518405237966798,True,5,S2_U3_filter_only_no_refill__R4_tail_breadth_Q2,S2_U3_filter_only_no_refill,R4_tail_breadth_Q2
20260305,10bp_slippage_plus_impact,0.0,False,0,S2_U3_filter_only_no_refill__R4_tail_breadth_Q2,S2_U3_filter_only_no_refill,R4_tail_breadth_Q2
20260306,10bp_slippage_plus_impact,0.0,False,0,S2_U3_filter_only_no_refill__R4_tail_breadth_Q2,S2_U3_filter_only_no_refill,R4_tail_breadth_Q2
20260309,10bp_slippage_plus_impact,0.04027950261203017,True,2,S2_U3_filter_only_no_refill__R4_tail_breadth_Q2,S2_U3_filter_only_no_refill,R4_tail_breadth_Q2
20260310,10bp_slippage_plus_impact,0.0,False,0,S2_U3_filter_only_no_refill__R4_tail_breadth_Q2,S2_U3_filter_only_no_refill,R4_tail_breadth_Q2
20260311,10bp_slippage_plus_impact,0.0,False,0,S2_U3_filter_only_no_refill__R4_tail_breadth_Q2,S2_U3_filter_only_no_refill,R4_tail_breadth_Q2
20260312,10bp_slippage_plus_impact,0.0,False,0,S2_U3_filter_only_no_refill__R4_tail_breadth_Q2,S2_U3_filter_only_no_refill,R4_tail_breadth_Q2
20260313,10bp_slippage_plus_impact,0.0,False,0,S2_U3_filter_only_no_refill__R4_tail_breadth_Q2,S2_U3_filter_only_no_refill,R4_tail_breadth_Q2
20260316,10bp_slippage_plus_impact,0.0,False,0,S2_U3_filter_only_no_refill__R4_tail_breadth_Q2,S2_U3_filter_only_no_refill,R4_tail_breadth_Q2
20260317,10bp_slippage_plus_impact,0.0,False,0,S2_U3_filter_only_no_refill__R4_tail_breadth_Q2,S2_U3_filter_only_no_refill,R4_tail_breadth_Q2
20260318,10bp_slippage_plus_impact,0.0,False,0,S2_U3_filter_only_no_refill__R4_tail_breadth_Q2,S2_U3_filter_only_no_refill,R4_tail_breadth_Q2
20260319,10bp_slippage_plus_impact,0.0,False,0,S2_U3_filter_only_no_refill__R4_tail_breadth_Q2,S2_U3_filter_only_no_refill,R4_tail_breadth_Q2
20260320,10bp_slippage_plus_impact,0.0,False,0,S2_U3_filter_only_no_refill__R4_tail_breadth_Q2,S2_U3_filter_only_no_refill,R4_tail_breadth_Q2
20260323,10bp_slippage_plus_impact,0.0,False,0,S2_U3_filter_only_no_refill__R4_tail_breadth_Q2,S2_U3_filter_only_no_refill,R4_tail_breadth_Q2
20260324,10bp_slippage_plus_impact,0.0,False,0,S2_U3_filter_only_no_refill__R4_tail_breadth_Q2,S2_U3_filter_only_no_refill,R4_tail_breadth_Q2
20260325,10bp_slippage_plus_impact,0.0,False,0,S2_U3_filter_only_no_refill__R4_tail_breadth_Q2,S2_U3_filter_only_no_refill,R4_tail_breadth_Q2
20260326,10bp_slippage_plus_impact,-0.009763697126842497,True,2,S2_U3_filter_only_no_refill__R4_tail_breadth_Q2,S2_U3_filter_only_no_refill,R4_tail_breadth_Q2
20260327,10bp_slippage_plus_impact,0.0,False,0,S2_U3_filter_only_no_refill__R4_tail_breadth_Q2,S2_U3_filter_only_no_refill,R4_tail_breadth_Q2
20260330,10bp_slippage_plus_impact,0.0,False,0,S2_U3_filter_only_no_refill__R4_tail_breadth_Q2,S2_U3_filter_only_no_refill,R4_tail_breadth_Q2
20260331,10bp_slippage_plus_impact,0.0,False,0,S2_U3_filter_only_no_refill__R4_tail_breadth_Q2,S2_U3_filter_only_no_refill,R4_tail_breadth_Q2
20260401,10bp_slippage_plus_impact,0.0,False,0,S2_U3_filter_only_no_refill__R4_tail_breadth_Q2,S2_U3_filter_only_no_refill,R4_tail_breadth_Q2
20260402,10bp_slippage_plus_impact,0.0,False,0,S2_U3_filter_only_no_refill__R4_tail_breadth_Q2,S2_U3_filter_only_no_refill,R4_tail_breadth_Q2
20260403,10bp_slippage_plus_impact,0.0,False,0,S2_U3_filter_only_no_refill__R4_tail_breadth_Q2,S2_U3_filter_only_no_refill,R4_tail_breadth_Q2
20260407,10bp_slippage_plus_impact,0.028591375203205316,True,2,S2_U3_filter_only_no_refill__R4_tail_breadth_Q2,S2_U3_filter_only_no_refill,R4_tail_breadth_Q2
20260408,10bp_slippage_plus_impact,0.0,False,0,S2_U3_filter_only_no_refill__R4_tail_breadth_Q2,S2_U3_filter_only_no_refill,R4_tail_breadth_Q2
20260409,10bp_slippage_plus_impact,-0.002594477410286067,True,5,S2_U3_filter_only_no_refill__R4_tail_breadth_Q2,S2_U3_filter_only_no_refill,R4_tail_breadth_Q2
20260410,10bp_slippage_plus_impact,0.0,False,0,S2_U3_filter_only_no_refill__R4_tail_breadth_Q2,S2_U3_filter_only_no_refill,R4_tail_breadth_Q2
20260413,10bp_slippage_plus_impact,0.009812735146975246,True,6,S2_U3_filter_only_no_refill__R4_tail_breadth_Q2,S2_U3_filter_only_no_refill,R4_tail_breadth_Q2
20260414,10bp_slippage_plus_impact,0.0,False,0,S2_U3_filter_only_no_refill__R4_tail_breadth_Q2,S2_U3_filter_only_no_refill,R4_tail_breadth_Q2
20260415,10bp_slippage_plus_impact,0.0,False,0,S2_U3_filter_only_no_refill__R4_tail_breadth_Q2,S2_U3_filter_only_no_refill,R4_tail_breadth_Q2
20260416,10bp_slippage_plus_impact,0.0,False,0,S2_U3_filter_only_no_refill__R4_tail_breadth_Q2,S2_U3_filter_only_no_refill,R4_tail_breadth_Q2
20260417,10bp_slippage_plus_impact,0.0,False,0,S2_U3_filter_only_no_refill__R4_tail_breadth_Q2,S2_U3_filter_only_no_refill,R4_tail_breadth_Q2
20260420,10bp_slippage_plus_impact,0.0,False,0,S2_U3_filter_only_no_refill__R4_tail_breadth_Q2,S2_U3_filter_only_no_refill,R4_tail_breadth_Q2
20260421,10bp_slippage_plus_impact,0.0,False,0,S2_U3_filter_only_no_refill__R4_tail_breadth_Q2,S2_U3_filter_only_no_refill,R4_tail_breadth_Q2
20260422,10bp_slippage_plus_impact,0.0,False,0,S2_U3_filter_only_no_refill__R4_tail_breadth_Q2,S2_U3_filter_only_no_refill,R4_tail_breadth_Q2
20260423,10bp_slippage_plus_impact,0.0,False,0,S2_U3_filter_only_no_refill__R4_tail_breadth_Q2,S2_U3_filter_only_no_refill,R4_tail_breadth_Q2
20260424,10bp_slippage_plus_impact,0.031155844798455012,True,1,S2_U3_filter_only_no_refill__R4_tail_breadth_Q2,S2_U3_filter_only_no_refill,R4_tail_breadth_Q2
20260427,10bp_slippage_plus_impact,0.0,False,0,S2_U3_filter_only_no_refill__R4_tail_breadth_Q2,S2_U3_filter_only_no_refill,R4_tail_breadth_Q2
20260428,10bp_slippage_plus_impact,0.0,False,0,S2_U3_filter_only_no_refill__R4_tail_breadth_Q2,S2_U3_filter_only_no_refill,R4_tail_breadth_Q2
20260429,10bp_slippage_plus_impact,0.09385402214144478,True,1,S2_U3_filter_only_no_refill__R4_tail_breadth_Q2,S2_U3_filter_only_no_refill,R4_tail_breadth_Q2
20260430,10bp_slippage_plus_impact,0.0,False,0,S2_U3_filter_only_no_refill__R4_tail_breadth_Q2,S2_U3_filter_only_no_refill,R4_tail_breadth_Q2
20260506,10bp_slippage_plus_impact,0.0,False,0,S2_U3_filter_only_no_refill__R4_tail_breadth_Q2,S2_U3_filter_only_no_refill,R4_tail_breadth_Q2
20260507,10bp_slippage_plus_impact,0.0,False,0,S2_U3_filter_only_no_refill__R4_tail_breadth_Q2,S2_U3_filter_only_no_refill,R4_tail_breadth_Q2
20260508,10bp_slippage_plus_impact,0.0026533644640061274,True,9,S2_U3_filter_only_no_refill__R4_tail_breadth_Q2,S2_U3_filter_only_no_refill,R4_tail_breadth_Q2
20260511,10bp_slippage_plus_impact,0.0,False,0,S2_U3_filter_only_no_refill__R4_tail_breadth_Q2,S2_U3_filter_only_no_refill,R4_tail_breadth_Q2
20260512,10bp_slippage_plus_impact,0.0,False,0,S2_U3_filter_only_no_refill__R4_tail_breadth_Q2,S2_U3_filter_only_no_refill,R4_tail_breadth_Q2
20260513,10bp_slippage_plus_impact,0.0,False,0,S2_U3_filter_only_no_refill__R4_tail_breadth_Q2,S2_U3_filter_only_no_refill,R4_tail_breadth_Q2
20260514,10bp_slippage_plus_impact,0.0,False,0,S2_U3_filter_only_no_refill__R4_tail_breadth_Q2,S2_U3_filter_only_no_refill,R4_tail_breadth_Q2
20260515,10bp_slippage_plus_impact,0.0,False,0,S2_U3_filter_only_no_refill__R4_tail_breadth_Q2,S2_U3_filter_only_no_refill,R4_tail_breadth_Q2
20260518,10bp_slippage_plus_impact,0.0,False,0,S2_U3_filter_only_no_refill__R4_tail_breadth_Q2,S2_U3_filter_only_no_refill,R4_tail_breadth_Q2
20260519,10bp_slippage_plus_impact,0.0,False,0,S2_U3_filter_only_no_refill__R4_tail_breadth_Q2,S2_U3_filter_only_no_refill,R4_tail_breadth_Q2
20260520,10bp_slippage_plus_impact,0.0,False,0,S2_U3_filter_only_no_refill__R4_tail_breadth_Q2,S2_U3_filter_only_no_refill,R4_tail_breadth_Q2
20260224,5bp_one_way_slippage,0.004724795400576243,True,2,S2_U3_filter_only_no_refill__R5_tail_ret_median_Q2,S2_U3_filter_only_no_refill,R5_tail_ret_median_Q2
20260225,5bp_one_way_slippage,0.0,False,0,S2_U3_filter_only_no_refill__R5_tail_ret_median_Q2,S2_U3_filter_only_no_refill,R5_tail_ret_median_Q2
20260226,5bp_one_way_slippage,0.0,False,0,S2_U3_filter_only_no_refill__R5_tail_ret_median_Q2,S2_U3_filter_only_no_refill,R5_tail_ret_median_Q2
20260227,5bp_one_way_slippage,0.0,False,0,S2_U3_filter_only_no_refill__R5_tail_ret_median_Q2,S2_U3_filter_only_no_refill,R5_tail_ret_median_Q2
20260302,5bp_one_way_slippage,-0.008805294704982036,True,8,S2_U3_filter_only_no_refill__R5_tail_ret_median_Q2,S2_U3_filter_only_no_refill,R5_tail_ret_median_Q2
20260303,5bp_one_way_slippage,0.0,False,0,S2_U3_filter_only_no_refill__R5_tail_ret_median_Q2,S2_U3_filter_only_no_refill,R5_tail_ret_median_Q2
20260304,5bp_one_way_slippage,0.024635946278807185,True,5,S2_U3_filter_only_no_refill__R5_tail_ret_median_Q2,S2_U3_filter_only_no_refill,R5_tail_ret_median_Q2
20260305,5bp_one_way_slippage,0.0,False,0,S2_U3_filter_only_no_refill__R5_tail_ret_median_Q2,S2_U3_filter_only_no_refill,R5_tail_ret_median_Q2
20260306,5bp_one_way_slippage,0.0,False,0,S2_U3_filter_only_no_refill__R5_tail_ret_median_Q2,S2_U3_filter_only_no_refill,R5_tail_ret_median_Q2
20260309,5bp_one_way_slippage,0.04141799484853015,True,2,S2_U3_filter_only_no_refill__R5_tail_ret_median_Q2,S2_U3_filter_only_no_refill,R5_tail_ret_median_Q2
20260310,5bp_one_way_slippage,0.0,False,0,S2_U3_filter_only_no_refill__R5_tail_ret_median_Q2,S2_U3_filter_only_no_refill,R5_tail_ret_median_Q2
20260311,5bp_one_way_slippage,0.0,False,0,S2_U3_filter_only_no_refill__R5_tail_ret_median_Q2,S2_U3_filter_only_no_refill,R5_tail_ret_median_Q2
20260312,5bp_one_way_slippage,0.0,False,0,S2_U3_filter_only_no_refill__R5_tail_ret_median_Q2,S2_U3_filter_only_no_refill,R5_tail_ret_median_Q2
20260313,5bp_one_way_slippage,0.0,False,0,S2_U3_filter_only_no_refill__R5_tail_ret_median_Q2,S2_U3_filter_only_no_refill,R5_tail_ret_median_Q2
20260316,5bp_one_way_slippage,0.0,False,0,S2_U3_filter_only_no_refill__R5_tail_ret_median_Q2,S2_U3_filter_only_no_refill,R5_tail_ret_median_Q2
20260317,5bp_one_way_slippage,0.0,False,0,S2_U3_filter_only_no_refill__R5_tail_ret_median_Q2,S2_U3_filter_only_no_refill,R5_tail_ret_median_Q2
20260318,5bp_one_way_slippage,0.0,False,0,S2_U3_filter_only_no_refill__R5_tail_ret_median_Q2,S2_U3_filter_only_no_refill,R5_tail_ret_median_Q2
20260319,5bp_one_way_slippage,0.0,False,0,S2_U3_filter_only_no_refill__R5_tail_ret_median_Q2,S2_U3_filter_only_no_refill,R5_tail_ret_median_Q2
20260320,5bp_one_way_slippage,0.0,False,0,S2_U3_filter_only_no_refill__R5_tail_ret_median_Q2,S2_U3_filter_only_no_refill,R5_tail_ret_median_Q2
20260323,5bp_one_way_slippage,0.0,False,0,S2_U3_filter_only_no_refill__R5_tail_ret_median_Q2,S2_U3_filter_only_no_refill,R5_tail_ret_median_Q2
20260324,5bp_one_way_slippage,0.0,False,0,S2_U3_filter_only_no_refill__R5_tail_ret_median_Q2,S2_U3_filter_only_no_refill,R5_tail_ret_median_Q2
20260325,5bp_one_way_slippage,0.0,False,0,S2_U3_filter_only_no_refill__R5_tail_ret_median_Q2,S2_U3_filter_only_no_refill,R5_tail_ret_median_Q2
20260326,5bp_one_way_slippage,-0.00856340656801613,True,2,S2_U3_filter_only_no_refill__R5_tail_ret_median_Q2,S2_U3_filter_only_no_refill,R5_tail_ret_median_Q2
20260327,5bp_one_way_slippage,0.0,False,0,S2_U3_filter_only_no_refill__R5_tail_ret_median_Q2,S2_U3_filter_only_no_refill,R5_tail_ret_median_Q2
20260330,5bp_one_way_slippage,0.0,False,0,S2_U3_filter_only_no_refill__R5_tail_ret_median_Q2,S2_U3_filter_only_no_refill,R5_tail_ret_median_Q2
20260331,5bp_one_way_slippage,0.0,False,0,S2_U3_filter_only_no_refill__R5_tail_ret_median_Q2,S2_U3_filter_only_no_refill,R5_tail_ret_median_Q2
20260401,5bp_one_way_slippage,0.0,False,0,S2_U3_filter_only_no_refill__R5_tail_ret_median_Q2,S2_U3_filter_only_no_refill,R5_tail_ret_median_Q2
20260402,5bp_one_way_slippage,-0.05242796039748193,True,2,S2_U3_filter_only_no_refill__R5_tail_ret_median_Q2,S2_U3_filter_only_no_refill,R5_tail_ret_median_Q2
20260403,5bp_one_way_slippage,0.0,False,0,S2_U3_filter_only_no_refill__R5_tail_ret_median_Q2,S2_U3_filter_only_no_refill,R5_tail_ret_median_Q2
20260407,5bp_one_way_slippage,0.029786433090066344,True,2,S2_U3_filter_only_no_refill__R5_tail_ret_median_Q2,S2_U3_filter_only_no_refill,R5_tail_ret_median_Q2
20260408,5bp_one_way_slippage,0.0,False,0,S2_U3_filter_only_no_refill__R5_tail_ret_median_Q2,S2_U3_filter_only_no_refill,R5_tail_ret_median_Q2
20260409,5bp_one_way_slippage,-0.0015397005489833139,True,5,S2_U3_filter_only_no_refill__R5_tail_ret_median_Q2,S2_U3_filter_only_no_refill,R5_tail_ret_median_Q2
20260410,5bp_one_way_slippage,0.012132084405439975,True,4,S2_U3_filter_only_no_refill__R5_tail_ret_median_Q2,S2_U3_filter_only_no_refill,R5_tail_ret_median_Q2
20260413,5bp_one_way_slippage,0.010907861509995731,True,6,S2_U3_filter_only_no_refill__R5_tail_ret_median_Q2,S2_U3_filter_only_no_refill,R5_tail_ret_median_Q2
20260414,5bp_one_way_slippage,0.0,False,0,S2_U3_filter_only_no_refill__R5_tail_ret_median_Q2,S2_U3_filter_only_no_refill,R5_tail_ret_median_Q2
20260415,5bp_one_way_slippage,0.0,False,0,S2_U3_filter_only_no_refill__R5_tail_ret_median_Q2,S2_U3_filter_only_no_refill,R5_tail_ret_median_Q2
20260416,5bp_one_way_slippage,0.0,False,0,S2_U3_filter_only_no_refill__R5_tail_ret_median_Q2,S2_U3_filter_only_no_refill,R5_tail_ret_median_Q2
20260417,5bp_one_way_slippage,0.0,False,0,S2_U3_filter_only_no_refill__R5_tail_ret_median_Q2,S2_U3_filter_only_no_refill,R5_tail_ret_median_Q2
20260420,5bp_one_way_slippage,0.0,False,0,S2_U3_filter_only_no_refill__R5_tail_ret_median_Q2,S2_U3_filter_only_no_refill,R5_tail_ret_median_Q2
20260421,5bp_one_way_slippage,0.0,False,0,S2_U3_filter_only_no_refill__R5_tail_ret_median_Q2,S2_U3_filter_only_no_refill,R5_tail_ret_median_Q2
20260422,5bp_one_way_slippage,0.0,False,0,S2_U3_filter_only_no_refill__R5_tail_ret_median_Q2,S2_U3_filter_only_no_refill,R5_tail_ret_median_Q2
20260423,5bp_one_way_slippage,0.0,False,0,S2_U3_filter_only_no_refill__R5_tail_ret_median_Q2,S2_U3_filter_only_no_refill,R5_tail_ret_median_Q2
20260424,5bp_one_way_slippage,0.0,False,0,S2_U3_filter_only_no_refill__R5_tail_ret_median_Q2,S2_U3_filter_only_no_refill,R5_tail_ret_median_Q2
20260427,5bp_one_way_slippage,0.0,False,0,S2_U3_filter_only_no_refill__R5_tail_ret_median_Q2,S2_U3_filter_only_no_refill,R5_tail_ret_median_Q2
20260428,5bp_one_way_slippage,0.0,False,0,S2_U3_filter_only_no_refill__R5_tail_ret_median_Q2,S2_U3_filter_only_no_refill,R5_tail_ret_median_Q2
20260429,5bp_one_way_slippage,0.0,False,0,S2_U3_filter_only_no_refill__R5_tail_ret_median_Q2,S2_U3_filter_only_no_refill,R5_tail_ret_median_Q2
20260430,5bp_one_way_slippage,0.0,False,0,S2_U3_filter_only_no_refill__R5_tail_ret_median_Q2,S2_U3_filter_only_no_refill,R5_tail_ret_median_Q2
20260506,5bp_one_way_slippage,0.0,False,0,S2_U3_filter_only_no_refill__R5_tail_ret_median_Q2,S2_U3_filter_only_no_refill,R5_tail_ret_median_Q2
20260507,5bp_one_way_slippage,0.0,False,0,S2_U3_filter_only_no_refill__R5_tail_ret_median_Q2,S2_U3_filter_only_no_refill,R5_tail_ret_median_Q2
20260508,5bp_one_way_slippage,0.0037320931411231172,True,9,S2_U3_filter_only_no_refill__R5_tail_ret_median_Q2,S2_U3_filter_only_no_refill,R5_tail_ret_median_Q2
20260511,5bp_one_way_slippage,0.0,False,0,S2_U3_filter_only_no_refill__R5_tail_ret_median_Q2,S2_U3_filter_only_no_refill,R5_tail_ret_median_Q2
20260512,5bp_one_way_slippage,0.0,False,0,S2_U3_filter_only_no_refill__R5_tail_ret_median_Q2,S2_U3_filter_only_no_refill,R5_tail_ret_median_Q2
20260513,5bp_one_way_slippage,0.0,False,0,S2_U3_filter_only_no_refill__R5_tail_ret_median_Q2,S2_U3_filter_only_no_refill,R5_tail_ret_median_Q2
20260514,5bp_one_way_slippage,0.0,False,0,S2_U3_filter_only_no_refill__R5_tail_ret_median_Q2,S2_U3_filter_only_no_refill,R5_tail_ret_median_Q2
20260515,5bp_one_way_slippage,0.0,False,0,S2_U3_filter_only_no_refill__R5_tail_ret_median_Q2,S2_U3_filter_only_no_refill,R5_tail_ret_median_Q2
20260518,5bp_one_way_slippage,0.0,False,0,S2_U3_filter_only_no_refill__R5_tail_ret_median_Q2,S2_U3_filter_only_no_refill,R5_tail_ret_median_Q2
20260519,5bp_one_way_slippage,0.0,False,0,S2_U3_filter_only_no_refill__R5_tail_ret_median_Q2,S2_U3_filter_only_no_refill,R5_tail_ret_median_Q2
20260520,5bp_one_way_slippage,0.0,False,0,S2_U3_filter_only_no_refill__R5_tail_ret_median_Q2,S2_U3_filter_only_no_refill,R5_tail_ret_median_Q2
20260224,10bp_one_way_slippage,0.0037203202168819005,True,2,S2_U3_filter_only_no_refill__R5_tail_ret_median_Q2,S2_U3_filter_only_no_refill,R5_tail_ret_median_Q2
20260225,10bp_one_way_slippage,0.0,False,0,S2_U3_filter_only_no_refill__R5_tail_ret_median_Q2,S2_U3_filter_only_no_refill,R5_tail_ret_median_Q2
20260226,10bp_one_way_slippage,0.0,False,0,S2_U3_filter_only_no_refill__R5_tail_ret_median_Q2,S2_U3_filter_only_no_refill,R5_tail_ret_median_Q2
20260227,10bp_one_way_slippage,0.0,False,0,S2_U3_filter_only_no_refill__R5_tail_ret_median_Q2,S2_U3_filter_only_no_refill,R5_tail_ret_median_Q2
20260302,10bp_one_way_slippage,-0.009796243159957682,True,8,S2_U3_filter_only_no_refill__R5_tail_ret_median_Q2,S2_U3_filter_only_no_refill,R5_tail_ret_median_Q2
20260303,10bp_one_way_slippage,0.0,False,0,S2_U3_filter_only_no_refill__R5_tail_ret_median_Q2,S2_U3_filter_only_no_refill,R5_tail_ret_median_Q2
20260304,10bp_one_way_slippage,0.023611564890919024,True,5,S2_U3_filter_only_no_refill__R5_tail_ret_median_Q2,S2_U3_filter_only_no_refill,R5_tail_ret_median_Q2
20260305,10bp_one_way_slippage,0.0,False,0,S2_U3_filter_only_no_refill__R5_tail_ret_median_Q2,S2_U3_filter_only_no_refill,R5_tail_ret_median_Q2
20260306,10bp_one_way_slippage,0.0,False,0,S2_U3_filter_only_no_refill__R5_tail_ret_median_Q2,S2_U3_filter_only_no_refill,R5_tail_ret_median_Q2
20260309,10bp_one_way_slippage,0.04037683558136895,True,2,S2_U3_filter_only_no_refill__R5_tail_ret_median_Q2,S2_U3_filter_only_no_refill,R5_tail_ret_median_Q2
20260310,10bp_one_way_slippage,0.0,False,0,S2_U3_filter_only_no_refill__R5_tail_ret_median_Q2,S2_U3_filter_only_no_refill,R5_tail_ret_median_Q2
20260311,10bp_one_way_slippage,0.0,False,0,S2_U3_filter_only_no_refill__R5_tail_ret_median_Q2,S2_U3_filter_only_no_refill,R5_tail_ret_median_Q2
20260312,10bp_one_way_slippage,0.0,False,0,S2_U3_filter_only_no_refill__R5_tail_ret_median_Q2,S2_U3_filter_only_no_refill,R5_tail_ret_median_Q2
20260313,10bp_one_way_slippage,0.0,False,0,S2_U3_filter_only_no_refill__R5_tail_ret_median_Q2,S2_U3_filter_only_no_refill,R5_tail_ret_median_Q2
20260316,10bp_one_way_slippage,0.0,False,0,S2_U3_filter_only_no_refill__R5_tail_ret_median_Q2,S2_U3_filter_only_no_refill,R5_tail_ret_median_Q2
20260317,10bp_one_way_slippage,0.0,False,0,S2_U3_filter_only_no_refill__R5_tail_ret_median_Q2,S2_U3_filter_only_no_refill,R5_tail_ret_median_Q2
20260318,10bp_one_way_slippage,0.0,False,0,S2_U3_filter_only_no_refill__R5_tail_ret_median_Q2,S2_U3_filter_only_no_refill,R5_tail_ret_median_Q2
20260319,10bp_one_way_slippage,0.0,False,0,S2_U3_filter_only_no_refill__R5_tail_ret_median_Q2,S2_U3_filter_only_no_refill,R5_tail_ret_median_Q2
20260320,10bp_one_way_slippage,0.0,False,0,S2_U3_filter_only_no_refill__R5_tail_ret_median_Q2,S2_U3_filter_only_no_refill,R5_tail_ret_median_Q2
20260323,10bp_one_way_slippage,0.0,False,0,S2_U3_filter_only_no_refill__R5_tail_ret_median_Q2,S2_U3_filter_only_no_refill,R5_tail_ret_median_Q2
20260324,10bp_one_way_slippage,0.0,False,0,S2_U3_filter_only_no_refill__R5_tail_ret_median_Q2,S2_U3_filter_only_no_refill,R5_tail_ret_median_Q2
20260325,10bp_one_way_slippage,0.0,False,0,S2_U3_filter_only_no_refill__R5_tail_ret_median_Q2,S2_U3_filter_only_no_refill,R5_tail_ret_median_Q2
20260326,10bp_one_way_slippage,-0.009554596851034602,True,2,S2_U3_filter_only_no_refill__R5_tail_ret_median_Q2,S2_U3_filter_only_no_refill,R5_tail_ret_median_Q2
20260327,10bp_one_way_slippage,0.0,False,0,S2_U3_filter_only_no_refill__R5_tail_ret_median_Q2,S2_U3_filter_only_no_refill,R5_tail_ret_median_Q2
20260330,10bp_one_way_slippage,0.0,False,0,S2_U3_filter_only_no_refill__R5_tail_ret_median_Q2,S2_U3_filter_only_no_refill,R5_tail_ret_median_Q2
20260331,10bp_one_way_slippage,0.0,False,0,S2_U3_filter_only_no_refill__R5_tail_ret_median_Q2,S2_U3_filter_only_no_refill,R5_tail_ret_median_Q2
20260401,10bp_one_way_slippage,0.0,False,0,S2_U3_filter_only_no_refill__R5_tail_ret_median_Q2,S2_U3_filter_only_no_refill,R5_tail_ret_median_Q2
20260402,10bp_one_way_slippage,-0.053375297024288004,True,2,S2_U3_filter_only_no_refill__R5_tail_ret_median_Q2,S2_U3_filter_only_no_refill,R5_tail_ret_median_Q2
20260403,10bp_one_way_slippage,0.0,False,0,S2_U3_filter_only_no_refill__R5_tail_ret_median_Q2,S2_U3_filter_only_no_refill,R5_tail_ret_median_Q2
20260407,10bp_one_way_slippage,0.028756902494943115,True,2,S2_U3_filter_only_no_refill__R5_tail_ret_median_Q2,S2_U3_filter_only_no_refill,R5_tail_ret_median_Q2
20260408,10bp_one_way_slippage,0.0,False,0,S2_U3_filter_only_no_refill__R5_tail_ret_median_Q2,S2_U3_filter_only_no_refill,R5_tail_ret_median_Q2
20260409,10bp_one_way_slippage,-0.002537912793066144,True,5,S2_U3_filter_only_no_refill__R5_tail_ret_median_Q2,S2_U3_filter_only_no_refill,R5_tail_ret_median_Q2
20260410,10bp_one_way_slippage,0.011120203772992165,True,4,S2_U3_filter_only_no_refill__R5_tail_ret_median_Q2,S2_U3_filter_only_no_refill,R5_tail_ret_median_Q2
20260413,10bp_one_way_slippage,0.009897204796300038,True,6,S2_U3_filter_only_no_refill__R5_tail_ret_median_Q2,S2_U3_filter_only_no_refill,R5_tail_ret_median_Q2
20260414,10bp_one_way_slippage,0.0,False,0,S2_U3_filter_only_no_refill__R5_tail_ret_median_Q2,S2_U3_filter_only_no_refill,R5_tail_ret_median_Q2
20260415,10bp_one_way_slippage,0.0,False,0,S2_U3_filter_only_no_refill__R5_tail_ret_median_Q2,S2_U3_filter_only_no_refill,R5_tail_ret_median_Q2
20260416,10bp_one_way_slippage,0.0,False,0,S2_U3_filter_only_no_refill__R5_tail_ret_median_Q2,S2_U3_filter_only_no_refill,R5_tail_ret_median_Q2
20260417,10bp_one_way_slippage,0.0,False,0,S2_U3_filter_only_no_refill__R5_tail_ret_median_Q2,S2_U3_filter_only_no_refill,R5_tail_ret_median_Q2
20260420,10bp_one_way_slippage,0.0,False,0,S2_U3_filter_only_no_refill__R5_tail_ret_median_Q2,S2_U3_filter_only_no_refill,R5_tail_ret_median_Q2
20260421,10bp_one_way_slippage,0.0,False,0,S2_U3_filter_only_no_refill__R5_tail_ret_median_Q2,S2_U3_filter_only_no_refill,R5_tail_ret_median_Q2
20260422,10bp_one_way_slippage,0.0,False,0,S2_U3_filter_only_no_refill__R5_tail_ret_median_Q2,S2_U3_filter_only_no_refill,R5_tail_ret_median_Q2
20260423,10bp_one_way_slippage,0.0,False,0,S2_U3_filter_only_no_refill__R5_tail_ret_median_Q2,S2_U3_filter_only_no_refill,R5_tail_ret_median_Q2
20260424,10bp_one_way_slippage,0.0,False,0,S2_U3_filter_only_no_refill__R5_tail_ret_median_Q2,S2_U3_filter_only_no_refill,R5_tail_ret_median_Q2
20260427,10bp_one_way_slippage,0.0,False,0,S2_U3_filter_only_no_refill__R5_tail_ret_median_Q2,S2_U3_filter_only_no_refill,R5_tail_ret_median_Q2
20260428,10bp_one_way_slippage,0.0,False,0,S2_U3_filter_only_no_refill__R5_tail_ret_median_Q2,S2_U3_filter_only_no_refill,R5_tail_ret_median_Q2
20260429,10bp_one_way_slippage,0.0,False,0,S2_U3_filter_only_no_refill__R5_tail_ret_median_Q2,S2_U3_filter_only_no_refill,R5_tail_ret_median_Q2
20260430,10bp_one_way_slippage,0.0,False,0,S2_U3_filter_only_no_refill__R5_tail_ret_median_Q2,S2_U3_filter_only_no_refill,R5_tail_ret_median_Q2
20260506,10bp_one_way_slippage,0.0,False,0,S2_U3_filter_only_no_refill__R5_tail_ret_median_Q2,S2_U3_filter_only_no_refill,R5_tail_ret_median_Q2
20260507,10bp_one_way_slippage,0.0,False,0,S2_U3_filter_only_no_refill__R5_tail_ret_median_Q2,S2_U3_filter_only_no_refill,R5_tail_ret_median_Q2
20260508,10bp_one_way_slippage,0.002728610413063554,True,9,S2_U3_filter_only_no_refill__R5_tail_ret_median_Q2,S2_U3_filter_only_no_refill,R5_tail_ret_median_Q2
20260511,10bp_one_way_slippage,0.0,False,0,S2_U3_filter_only_no_refill__R5_tail_ret_median_Q2,S2_U3_filter_only_no_refill,R5_tail_ret_median_Q2
20260512,10bp_one_way_slippage,0.0,False,0,S2_U3_filter_only_no_refill__R5_tail_ret_median_Q2,S2_U3_filter_only_no_refill,R5_tail_ret_median_Q2
20260513,10bp_one_way_slippage,0.0,False,0,S2_U3_filter_only_no_refill__R5_tail_ret_median_Q2,S2_U3_filter_only_no_refill,R5_tail_ret_median_Q2
20260514,10bp_one_way_slippage,0.0,False,0,S2_U3_filter_only_no_refill__R5_tail_ret_median_Q2,S2_U3_filter_only_no_refill,R5_tail_ret_median_Q2
20260515,10bp_one_way_slippage,0.0,False,0,S2_U3_filter_only_no_refill__R5_tail_ret_median_Q2,S2_U3_filter_only_no_refill,R5_tail_ret_median_Q2
20260518,10bp_one_way_slippage,0.0,False,0,S2_U3_filter_only_no_refill__R5_tail_ret_median_Q2,S2_U3_filter_only_no_refill,R5_tail_ret_median_Q2
20260519,10bp_one_way_slippage,0.0,False,0,S2_U3_filter_only_no_refill__R5_tail_ret_median_Q2,S2_U3_filter_only_no_refill,R5_tail_ret_median_Q2
20260520,10bp_one_way_slippage,0.0,False,0,S2_U3_filter_only_no_refill__R5_tail_ret_median_Q2,S2_U3_filter_only_no_refill,R5_tail_ret_median_Q2
20260224,10bp_slippage_plus_impact,0.003516717739339592,True,2,S2_U3_filter_only_no_refill__R5_tail_ret_median_Q2,S2_U3_filter_only_no_refill,R5_tail_ret_median_Q2
20260225,10bp_slippage_plus_impact,0.0,False,0,S2_U3_filter_only_no_refill__R5_tail_ret_median_Q2,S2_U3_filter_only_no_refill,R5_tail_ret_median_Q2
20260226,10bp_slippage_plus_impact,0.0,False,0,S2_U3_filter_only_no_refill__R5_tail_ret_median_Q2,S2_U3_filter_only_no_refill,R5_tail_ret_median_Q2
20260227,10bp_slippage_plus_impact,0.0,False,0,S2_U3_filter_only_no_refill__R5_tail_ret_median_Q2,S2_U3_filter_only_no_refill,R5_tail_ret_median_Q2
20260302,10bp_slippage_plus_impact,-0.009833298533389823,True,8,S2_U3_filter_only_no_refill__R5_tail_ret_median_Q2,S2_U3_filter_only_no_refill,R5_tail_ret_median_Q2
20260303,10bp_slippage_plus_impact,0.0,False,0,S2_U3_filter_only_no_refill__R5_tail_ret_median_Q2,S2_U3_filter_only_no_refill,R5_tail_ret_median_Q2
20260304,10bp_slippage_plus_impact,0.023518405237966798,True,5,S2_U3_filter_only_no_refill__R5_tail_ret_median_Q2,S2_U3_filter_only_no_refill,R5_tail_ret_median_Q2
20260305,10bp_slippage_plus_impact,0.0,False,0,S2_U3_filter_only_no_refill__R5_tail_ret_median_Q2,S2_U3_filter_only_no_refill,R5_tail_ret_median_Q2
20260306,10bp_slippage_plus_impact,0.0,False,0,S2_U3_filter_only_no_refill__R5_tail_ret_median_Q2,S2_U3_filter_only_no_refill,R5_tail_ret_median_Q2
20260309,10bp_slippage_plus_impact,0.04027950261203017,True,2,S2_U3_filter_only_no_refill__R5_tail_ret_median_Q2,S2_U3_filter_only_no_refill,R5_tail_ret_median_Q2
20260310,10bp_slippage_plus_impact,0.0,False,0,S2_U3_filter_only_no_refill__R5_tail_ret_median_Q2,S2_U3_filter_only_no_refill,R5_tail_ret_median_Q2
20260311,10bp_slippage_plus_impact,0.0,False,0,S2_U3_filter_only_no_refill__R5_tail_ret_median_Q2,S2_U3_filter_only_no_refill,R5_tail_ret_median_Q2
20260312,10bp_slippage_plus_impact,0.0,False,0,S2_U3_filter_only_no_refill__R5_tail_ret_median_Q2,S2_U3_filter_only_no_refill,R5_tail_ret_median_Q2
20260313,10bp_slippage_plus_impact,0.0,False,0,S2_U3_filter_only_no_refill__R5_tail_ret_median_Q2,S2_U3_filter_only_no_refill,R5_tail_ret_median_Q2
20260316,10bp_slippage_plus_impact,0.0,False,0,S2_U3_filter_only_no_refill__R5_tail_ret_median_Q2,S2_U3_filter_only_no_refill,R5_tail_ret_median_Q2
20260317,10bp_slippage_plus_impact,0.0,False,0,S2_U3_filter_only_no_refill__R5_tail_ret_median_Q2,S2_U3_filter_only_no_refill,R5_tail_ret_median_Q2
20260318,10bp_slippage_plus_impact,0.0,False,0,S2_U3_filter_only_no_refill__R5_tail_ret_median_Q2,S2_U3_filter_only_no_refill,R5_tail_ret_median_Q2
20260319,10bp_slippage_plus_impact,0.0,False,0,S2_U3_filter_only_no_refill__R5_tail_ret_median_Q2,S2_U3_filter_only_no_refill,R5_tail_ret_median_Q2
20260320,10bp_slippage_plus_impact,0.0,False,0,S2_U3_filter_only_no_refill__R5_tail_ret_median_Q2,S2_U3_filter_only_no_refill,R5_tail_ret_median_Q2
20260323,10bp_slippage_plus_impact,0.0,False,0,S2_U3_filter_only_no_refill__R5_tail_ret_median_Q2,S2_U3_filter_only_no_refill,R5_tail_ret_median_Q2
20260324,10bp_slippage_plus_impact,0.0,False,0,S2_U3_filter_only_no_refill__R5_tail_ret_median_Q2,S2_U3_filter_only_no_refill,R5_tail_ret_median_Q2
20260325,10bp_slippage_plus_impact,0.0,False,0,S2_U3_filter_only_no_refill__R5_tail_ret_median_Q2,S2_U3_filter_only_no_refill,R5_tail_ret_median_Q2
20260326,10bp_slippage_plus_impact,-0.009763697126842497,True,2,S2_U3_filter_only_no_refill__R5_tail_ret_median_Q2,S2_U3_filter_only_no_refill,R5_tail_ret_median_Q2
20260327,10bp_slippage_plus_impact,0.0,False,0,S2_U3_filter_only_no_refill__R5_tail_ret_median_Q2,S2_U3_filter_only_no_refill,R5_tail_ret_median_Q2
20260330,10bp_slippage_plus_impact,0.0,False,0,S2_U3_filter_only_no_refill__R5_tail_ret_median_Q2,S2_U3_filter_only_no_refill,R5_tail_ret_median_Q2
20260331,10bp_slippage_plus_impact,0.0,False,0,S2_U3_filter_only_no_refill__R5_tail_ret_median_Q2,S2_U3_filter_only_no_refill,R5_tail_ret_median_Q2
20260401,10bp_slippage_plus_impact,0.0,False,0,S2_U3_filter_only_no_refill__R5_tail_ret_median_Q2,S2_U3_filter_only_no_refill,R5_tail_ret_median_Q2
20260402,10bp_slippage_plus_impact,-0.053455811306316214,True,2,S2_U3_filter_only_no_refill__R5_tail_ret_median_Q2,S2_U3_filter_only_no_refill,R5_tail_ret_median_Q2
20260403,10bp_slippage_plus_impact,0.0,False,0,S2_U3_filter_only_no_refill__R5_tail_ret_median_Q2,S2_U3_filter_only_no_refill,R5_tail_ret_median_Q2
20260407,10bp_slippage_plus_impact,0.028591375203205316,True,2,S2_U3_filter_only_no_refill__R5_tail_ret_median_Q2,S2_U3_filter_only_no_refill,R5_tail_ret_median_Q2
20260408,10bp_slippage_plus_impact,0.0,False,0,S2_U3_filter_only_no_refill__R5_tail_ret_median_Q2,S2_U3_filter_only_no_refill,R5_tail_ret_median_Q2
20260409,10bp_slippage_plus_impact,-0.002594477410286067,True,5,S2_U3_filter_only_no_refill__R5_tail_ret_median_Q2,S2_U3_filter_only_no_refill,R5_tail_ret_median_Q2
20260410,10bp_slippage_plus_impact,0.011015230590305625,True,4,S2_U3_filter_only_no_refill__R5_tail_ret_median_Q2,S2_U3_filter_only_no_refill,R5_tail_ret_median_Q2
20260413,10bp_slippage_plus_impact,0.009812735146975246,True,6,S2_U3_filter_only_no_refill__R5_tail_ret_median_Q2,S2_U3_filter_only_no_refill,R5_tail_ret_median_Q2
20260414,10bp_slippage_plus_impact,0.0,False,0,S2_U3_filter_only_no_refill__R5_tail_ret_median_Q2,S2_U3_filter_only_no_refill,R5_tail_ret_median_Q2
20260415,10bp_slippage_plus_impact,0.0,False,0,S2_U3_filter_only_no_refill__R5_tail_ret_median_Q2,S2_U3_filter_only_no_refill,R5_tail_ret_median_Q2
20260416,10bp_slippage_plus_impact,0.0,False,0,S2_U3_filter_only_no_refill__R5_tail_ret_median_Q2,S2_U3_filter_only_no_refill,R5_tail_ret_median_Q2
20260417,10bp_slippage_plus_impact,0.0,False,0,S2_U3_filter_only_no_refill__R5_tail_ret_median_Q2,S2_U3_filter_only_no_refill,R5_tail_ret_median_Q2
20260420,10bp_slippage_plus_impact,0.0,False,0,S2_U3_filter_only_no_refill__R5_tail_ret_median_Q2,S2_U3_filter_only_no_refill,R5_tail_ret_median_Q2
20260421,10bp_slippage_plus_impact,0.0,False,0,S2_U3_filter_only_no_refill__R5_tail_ret_median_Q2,S2_U3_filter_only_no_refill,R5_tail_ret_median_Q2
20260422,10bp_slippage_plus_impact,0.0,False,0,S2_U3_filter_only_no_refill__R5_tail_ret_median_Q2,S2_U3_filter_only_no_refill,R5_tail_ret_median_Q2
20260423,10bp_slippage_plus_impact,0.0,False,0,S2_U3_filter_only_no_refill__R5_tail_ret_median_Q2,S2_U3_filter_only_no_refill,R5_tail_ret_median_Q2
20260424,10bp_slippage_plus_impact,0.0,False,0,S2_U3_filter_only_no_refill__R5_tail_ret_median_Q2,S2_U3_filter_only_no_refill,R5_tail_ret_median_Q2
20260427,10bp_slippage_plus_impact,0.0,False,0,S2_U3_filter_only_no_refill__R5_tail_ret_median_Q2,S2_U3_filter_only_no_refill,R5_tail_ret_median_Q2
20260428,10bp_slippage_plus_impact,0.0,False,0,S2_U3_filter_only_no_refill__R5_tail_ret_median_Q2,S2_U3_filter_only_no_refill,R5_tail_ret_median_Q2
20260429,10bp_slippage_plus_impact,0.0,False,0,S2_U3_filter_only_no_refill__R5_tail_ret_median_Q2,S2_U3_filter_only_no_refill,R5_tail_ret_median_Q2
20260430,10bp_slippage_plus_impact,0.0,False,0,S2_U3_filter_only_no_refill__R5_tail_ret_median_Q2,S2_U3_filter_only_no_refill,R5_tail_ret_median_Q2
20260506,10bp_slippage_plus_impact,0.0,False,0,S2_U3_filter_only_no_refill__R5_tail_ret_median_Q2,S2_U3_filter_only_no_refill,R5_tail_ret_median_Q2
20260507,10bp_slippage_plus_impact,0.0,False,0,S2_U3_filter_only_no_refill__R5_tail_ret_median_Q2,S2_U3_filter_only_no_refill,R5_tail_ret_median_Q2
20260508,10bp_slippage_plus_impact,0.0026533644640061274,True,9,S2_U3_filter_only_no_refill__R5_tail_ret_median_Q2,S2_U3_filter_only_no_refill,R5_tail_ret_median_Q2
20260511,10bp_slippage_plus_impact,0.0,False,0,S2_U3_filter_only_no_refill__R5_tail_ret_median_Q2,S2_U3_filter_only_no_refill,R5_tail_ret_median_Q2
20260512,10bp_slippage_plus_impact,0.0,False,0,S2_U3_filter_only_no_refill__R5_tail_ret_median_Q2,S2_U3_filter_only_no_refill,R5_tail_ret_median_Q2
20260513,10bp_slippage_plus_impact,0.0,False,0,S2_U3_filter_only_no_refill__R5_tail_ret_median_Q2,S2_U3_filter_only_no_refill,R5_tail_ret_median_Q2
20260514,10bp_slippage_plus_impact,0.0,False,0,S2_U3_filter_only_no_refill__R5_tail_ret_median_Q2,S2_U3_filter_only_no_refill,R5_tail_ret_median_Q2
20260515,10bp_slippage_plus_impact,0.0,False,0,S2_U3_filter_only_no_refill__R5_tail_ret_median_Q2,S2_U3_filter_only_no_refill,R5_tail_ret_median_Q2
20260518,10bp_slippage_plus_impact,0.0,False,0,S2_U3_filter_only_no_refill__R5_tail_ret_median_Q2,S2_U3_filter_only_no_refill,R5_tail_ret_median_Q2
20260519,10bp_slippage_plus_impact,0.0,False,0,S2_U3_filter_only_no_refill__R5_tail_ret_median_Q2,S2_U3_filter_only_no_refill,R5_tail_ret_median_Q2
20260520,10bp_slippage_plus_impact,0.0,False,0,S2_U3_filter_only_no_refill__R5_tail_ret_median_Q2,S2_U3_filter_only_no_refill,R5_tail_ret_median_Q2
20260224,5bp_one_way_slippage,0.0,False,0,S2_U3_filter_only_no_refill__R6_market_dispersion_Q1_low,S2_U3_filter_only_no_refill,R6_market_dispersion_Q1_low
20260225,5bp_one_way_slippage,0.0,False,0,S2_U3_filter_only_no_refill__R6_market_dispersion_Q1_low,S2_U3_filter_only_no_refill,R6_market_dispersion_Q1_low
20260226,5bp_one_way_slippage,0.0,False,0,S2_U3_filter_only_no_refill__R6_market_dispersion_Q1_low,S2_U3_filter_only_no_refill,R6_market_dispersion_Q1_low
20260227,5bp_one_way_slippage,0.0,False,0,S2_U3_filter_only_no_refill__R6_market_dispersion_Q1_low,S2_U3_filter_only_no_refill,R6_market_dispersion_Q1_low
20260302,5bp_one_way_slippage,0.0,False,0,S2_U3_filter_only_no_refill__R6_market_dispersion_Q1_low,S2_U3_filter_only_no_refill,R6_market_dispersion_Q1_low
20260303,5bp_one_way_slippage,0.0,False,0,S2_U3_filter_only_no_refill__R6_market_dispersion_Q1_low,S2_U3_filter_only_no_refill,R6_market_dispersion_Q1_low
20260304,5bp_one_way_slippage,0.0,False,0,S2_U3_filter_only_no_refill__R6_market_dispersion_Q1_low,S2_U3_filter_only_no_refill,R6_market_dispersion_Q1_low
20260305,5bp_one_way_slippage,0.0,False,0,S2_U3_filter_only_no_refill__R6_market_dispersion_Q1_low,S2_U3_filter_only_no_refill,R6_market_dispersion_Q1_low
20260306,5bp_one_way_slippage,0.0,False,0,S2_U3_filter_only_no_refill__R6_market_dispersion_Q1_low,S2_U3_filter_only_no_refill,R6_market_dispersion_Q1_low
20260309,5bp_one_way_slippage,0.0,False,0,S2_U3_filter_only_no_refill__R6_market_dispersion_Q1_low,S2_U3_filter_only_no_refill,R6_market_dispersion_Q1_low
20260310,5bp_one_way_slippage,0.0,False,0,S2_U3_filter_only_no_refill__R6_market_dispersion_Q1_low,S2_U3_filter_only_no_refill,R6_market_dispersion_Q1_low
20260311,5bp_one_way_slippage,0.0,False,0,S2_U3_filter_only_no_refill__R6_market_dispersion_Q1_low,S2_U3_filter_only_no_refill,R6_market_dispersion_Q1_low
20260312,5bp_one_way_slippage,0.0,False,0,S2_U3_filter_only_no_refill__R6_market_dispersion_Q1_low,S2_U3_filter_only_no_refill,R6_market_dispersion_Q1_low
20260313,5bp_one_way_slippage,0.0,False,0,S2_U3_filter_only_no_refill__R6_market_dispersion_Q1_low,S2_U3_filter_only_no_refill,R6_market_dispersion_Q1_low
20260316,5bp_one_way_slippage,0.0,False,0,S2_U3_filter_only_no_refill__R6_market_dispersion_Q1_low,S2_U3_filter_only_no_refill,R6_market_dispersion_Q1_low
20260317,5bp_one_way_slippage,0.0,False,0,S2_U3_filter_only_no_refill__R6_market_dispersion_Q1_low,S2_U3_filter_only_no_refill,R6_market_dispersion_Q1_low
20260318,5bp_one_way_slippage,0.0,False,0,S2_U3_filter_only_no_refill__R6_market_dispersion_Q1_low,S2_U3_filter_only_no_refill,R6_market_dispersion_Q1_low
20260319,5bp_one_way_slippage,0.0,False,0,S2_U3_filter_only_no_refill__R6_market_dispersion_Q1_low,S2_U3_filter_only_no_refill,R6_market_dispersion_Q1_low
20260320,5bp_one_way_slippage,0.0,False,0,S2_U3_filter_only_no_refill__R6_market_dispersion_Q1_low,S2_U3_filter_only_no_refill,R6_market_dispersion_Q1_low
20260323,5bp_one_way_slippage,0.0,False,0,S2_U3_filter_only_no_refill__R6_market_dispersion_Q1_low,S2_U3_filter_only_no_refill,R6_market_dispersion_Q1_low
20260324,5bp_one_way_slippage,0.02682234123927074,True,1,S2_U3_filter_only_no_refill__R6_market_dispersion_Q1_low,S2_U3_filter_only_no_refill,R6_market_dispersion_Q1_low
20260325,5bp_one_way_slippage,-0.027609524998985058,True,1,S2_U3_filter_only_no_refill__R6_market_dispersion_Q1_low,S2_U3_filter_only_no_refill,R6_market_dispersion_Q1_low
20260326,5bp_one_way_slippage,-0.00856340656801613,True,2,S2_U3_filter_only_no_refill__R6_market_dispersion_Q1_low,S2_U3_filter_only_no_refill,R6_market_dispersion_Q1_low
20260327,5bp_one_way_slippage,-0.025303847362450615,True,1,S2_U3_filter_only_no_refill__R6_market_dispersion_Q1_low,S2_U3_filter_only_no_refill,R6_market_dispersion_Q1_low
20260330,5bp_one_way_slippage,0.01079902133263209,True,6,S2_U3_filter_only_no_refill__R6_market_dispersion_Q1_low,S2_U3_filter_only_no_refill,R6_market_dispersion_Q1_low
20260331,5bp_one_way_slippage,0.021313083540485334,True,1,S2_U3_filter_only_no_refill__R6_market_dispersion_Q1_low,S2_U3_filter_only_no_refill,R6_market_dispersion_Q1_low
20260401,5bp_one_way_slippage,0.0,False,0,S2_U3_filter_only_no_refill__R6_market_dispersion_Q1_low,S2_U3_filter_only_no_refill,R6_market_dispersion_Q1_low
20260402,5bp_one_way_slippage,0.0,False,0,S2_U3_filter_only_no_refill__R6_market_dispersion_Q1_low,S2_U3_filter_only_no_refill,R6_market_dispersion_Q1_low
20260403,5bp_one_way_slippage,0.0,False,0,S2_U3_filter_only_no_refill__R6_market_dispersion_Q1_low,S2_U3_filter_only_no_refill,R6_market_dispersion_Q1_low
20260407,5bp_one_way_slippage,0.029786433090066344,True,2,S2_U3_filter_only_no_refill__R6_market_dispersion_Q1_low,S2_U3_filter_only_no_refill,R6_market_dispersion_Q1_low
20260408,5bp_one_way_slippage,0.0,False,0,S2_U3_filter_only_no_refill__R6_market_dispersion_Q1_low,S2_U3_filter_only_no_refill,R6_market_dispersion_Q1_low
20260409,5bp_one_way_slippage,0.0,False,0,S2_U3_filter_only_no_refill__R6_market_dispersion_Q1_low,S2_U3_filter_only_no_refill,R6_market_dispersion_Q1_low
20260410,5bp_one_way_slippage,0.012132084405439975,True,4,S2_U3_filter_only_no_refill__R6_market_dispersion_Q1_low,S2_U3_filter_only_no_refill,R6_market_dispersion_Q1_low
20260413,5bp_one_way_slippage,0.0,False,0,S2_U3_filter_only_no_refill__R6_market_dispersion_Q1_low,S2_U3_filter_only_no_refill,R6_market_dispersion_Q1_low
20260414,5bp_one_way_slippage,0.04790525403756751,True,1,S2_U3_filter_only_no_refill__R6_market_dispersion_Q1_low,S2_U3_filter_only_no_refill,R6_market_dispersion_Q1_low
20260415,5bp_one_way_slippage,0.0,True,0,S2_U3_filter_only_no_refill__R6_market_dispersion_Q1_low,S2_U3_filter_only_no_refill,R6_market_dispersion_Q1_low
20260416,5bp_one_way_slippage,-0.0019985011241565598,True,1,S2_U3_filter_only_no_refill__R6_market_dispersion_Q1_low,S2_U3_filter_only_no_refill,R6_market_dispersion_Q1_low
20260417,5bp_one_way_slippage,0.0,False,0,S2_U3_filter_only_no_refill__R6_market_dispersion_Q1_low,S2_U3_filter_only_no_refill,R6_market_dispersion_Q1_low
20260420,5bp_one_way_slippage,0.0,False,0,S2_U3_filter_only_no_refill__R6_market_dispersion_Q1_low,S2_U3_filter_only_no_refill,R6_market_dispersion_Q1_low
20260421,5bp_one_way_slippage,-0.003945027293928621,True,8,S2_U3_filter_only_no_refill__R6_market_dispersion_Q1_low,S2_U3_filter_only_no_refill,R6_market_dispersion_Q1_low
20260422,5bp_one_way_slippage,0.0,False,0,S2_U3_filter_only_no_refill__R6_market_dispersion_Q1_low,S2_U3_filter_only_no_refill,R6_market_dispersion_Q1_low
20260423,5bp_one_way_slippage,0.0,False,0,S2_U3_filter_only_no_refill__R6_market_dispersion_Q1_low,S2_U3_filter_only_no_refill,R6_market_dispersion_Q1_low
20260424,5bp_one_way_slippage,0.0,False,0,S2_U3_filter_only_no_refill__R6_market_dispersion_Q1_low,S2_U3_filter_only_no_refill,R6_market_dispersion_Q1_low
20260427,5bp_one_way_slippage,0.0,False,0,S2_U3_filter_only_no_refill__R6_market_dispersion_Q1_low,S2_U3_filter_only_no_refill,R6_market_dispersion_Q1_low
20260428,5bp_one_way_slippage,0.0,False,0,S2_U3_filter_only_no_refill__R6_market_dispersion_Q1_low,S2_U3_filter_only_no_refill,R6_market_dispersion_Q1_low
20260429,5bp_one_way_slippage,0.0,False,0,S2_U3_filter_only_no_refill__R6_market_dispersion_Q1_low,S2_U3_filter_only_no_refill,R6_market_dispersion_Q1_low
20260430,5bp_one_way_slippage,0.0,False,0,S2_U3_filter_only_no_refill__R6_market_dispersion_Q1_low,S2_U3_filter_only_no_refill,R6_market_dispersion_Q1_low
20260506,5bp_one_way_slippage,0.0,False,0,S2_U3_filter_only_no_refill__R6_market_dispersion_Q1_low,S2_U3_filter_only_no_refill,R6_market_dispersion_Q1_low
20260507,5bp_one_way_slippage,0.0,False,0,S2_U3_filter_only_no_refill__R6_market_dispersion_Q1_low,S2_U3_filter_only_no_refill,R6_market_dispersion_Q1_low
20260508,5bp_one_way_slippage,0.0,False,0,S2_U3_filter_only_no_refill__R6_market_dispersion_Q1_low,S2_U3_filter_only_no_refill,R6_market_dispersion_Q1_low
20260511,5bp_one_way_slippage,0.0,False,0,S2_U3_filter_only_no_refill__R6_market_dispersion_Q1_low,S2_U3_filter_only_no_refill,R6_market_dispersion_Q1_low
20260512,5bp_one_way_slippage,0.0,False,0,S2_U3_filter_only_no_refill__R6_market_dispersion_Q1_low,S2_U3_filter_only_no_refill,R6_market_dispersion_Q1_low
20260513,5bp_one_way_slippage,0.0,False,0,S2_U3_filter_only_no_refill__R6_market_dispersion_Q1_low,S2_U3_filter_only_no_refill,R6_market_dispersion_Q1_low
20260514,5bp_one_way_slippage,0.0,False,0,S2_U3_filter_only_no_refill__R6_market_dispersion_Q1_low,S2_U3_filter_only_no_refill,R6_market_dispersion_Q1_low
20260515,5bp_one_way_slippage,0.0,False,0,S2_U3_filter_only_no_refill__R6_market_dispersion_Q1_low,S2_U3_filter_only_no_refill,R6_market_dispersion_Q1_low
20260518,5bp_one_way_slippage,0.0,False,0,S2_U3_filter_only_no_refill__R6_market_dispersion_Q1_low,S2_U3_filter_only_no_refill,R6_market_dispersion_Q1_low
20260519,5bp_one_way_slippage,0.0,False,0,S2_U3_filter_only_no_refill__R6_market_dispersion_Q1_low,S2_U3_filter_only_no_refill,R6_market_dispersion_Q1_low
20260520,5bp_one_way_slippage,0.0,False,0,S2_U3_filter_only_no_refill__R6_market_dispersion_Q1_low,S2_U3_filter_only_no_refill,R6_market_dispersion_Q1_low
20260224,10bp_one_way_slippage,0.0,False,0,S2_U3_filter_only_no_refill__R6_market_dispersion_Q1_low,S2_U3_filter_only_no_refill,R6_market_dispersion_Q1_low
20260225,10bp_one_way_slippage,0.0,False,0,S2_U3_filter_only_no_refill__R6_market_dispersion_Q1_low,S2_U3_filter_only_no_refill,R6_market_dispersion_Q1_low
20260226,10bp_one_way_slippage,0.0,False,0,S2_U3_filter_only_no_refill__R6_market_dispersion_Q1_low,S2_U3_filter_only_no_refill,R6_market_dispersion_Q1_low
20260227,10bp_one_way_slippage,0.0,False,0,S2_U3_filter_only_no_refill__R6_market_dispersion_Q1_low,S2_U3_filter_only_no_refill,R6_market_dispersion_Q1_low
20260302,10bp_one_way_slippage,0.0,False,0,S2_U3_filter_only_no_refill__R6_market_dispersion_Q1_low,S2_U3_filter_only_no_refill,R6_market_dispersion_Q1_low
20260303,10bp_one_way_slippage,0.0,False,0,S2_U3_filter_only_no_refill__R6_market_dispersion_Q1_low,S2_U3_filter_only_no_refill,R6_market_dispersion_Q1_low
20260304,10bp_one_way_slippage,0.0,False,0,S2_U3_filter_only_no_refill__R6_market_dispersion_Q1_low,S2_U3_filter_only_no_refill,R6_market_dispersion_Q1_low
20260305,10bp_one_way_slippage,0.0,False,0,S2_U3_filter_only_no_refill__R6_market_dispersion_Q1_low,S2_U3_filter_only_no_refill,R6_market_dispersion_Q1_low
20260306,10bp_one_way_slippage,0.0,False,0,S2_U3_filter_only_no_refill__R6_market_dispersion_Q1_low,S2_U3_filter_only_no_refill,R6_market_dispersion_Q1_low
20260309,10bp_one_way_slippage,0.0,False,0,S2_U3_filter_only_no_refill__R6_market_dispersion_Q1_low,S2_U3_filter_only_no_refill,R6_market_dispersion_Q1_low
20260310,10bp_one_way_slippage,0.0,False,0,S2_U3_filter_only_no_refill__R6_market_dispersion_Q1_low,S2_U3_filter_only_no_refill,R6_market_dispersion_Q1_low
20260311,10bp_one_way_slippage,0.0,False,0,S2_U3_filter_only_no_refill__R6_market_dispersion_Q1_low,S2_U3_filter_only_no_refill,R6_market_dispersion_Q1_low
20260312,10bp_one_way_slippage,0.0,False,0,S2_U3_filter_only_no_refill__R6_market_dispersion_Q1_low,S2_U3_filter_only_no_refill,R6_market_dispersion_Q1_low
20260313,10bp_one_way_slippage,0.0,False,0,S2_U3_filter_only_no_refill__R6_market_dispersion_Q1_low,S2_U3_filter_only_no_refill,R6_market_dispersion_Q1_low
20260316,10bp_one_way_slippage,0.0,False,0,S2_U3_filter_only_no_refill__R6_market_dispersion_Q1_low,S2_U3_filter_only_no_refill,R6_market_dispersion_Q1_low
20260317,10bp_one_way_slippage,0.0,False,0,S2_U3_filter_only_no_refill__R6_market_dispersion_Q1_low,S2_U3_filter_only_no_refill,R6_market_dispersion_Q1_low
20260318,10bp_one_way_slippage,0.0,False,0,S2_U3_filter_only_no_refill__R6_market_dispersion_Q1_low,S2_U3_filter_only_no_refill,R6_market_dispersion_Q1_low
20260319,10bp_one_way_slippage,0.0,False,0,S2_U3_filter_only_no_refill__R6_market_dispersion_Q1_low,S2_U3_filter_only_no_refill,R6_market_dispersion_Q1_low
20260320,10bp_one_way_slippage,0.0,False,0,S2_U3_filter_only_no_refill__R6_market_dispersion_Q1_low,S2_U3_filter_only_no_refill,R6_market_dispersion_Q1_low
20260323,10bp_one_way_slippage,0.0,False,0,S2_U3_filter_only_no_refill__R6_market_dispersion_Q1_low,S2_U3_filter_only_no_refill,R6_market_dispersion_Q1_low
20260324,10bp_one_way_slippage,0.02579577399960553,True,1,S2_U3_filter_only_no_refill__R6_market_dispersion_Q1_low,S2_U3_filter_only_no_refill,R6_market_dispersion_Q1_low
20260325,10bp_one_way_slippage,-0.028581673895349935,True,1,S2_U3_filter_only_no_refill__R6_market_dispersion_Q1_low,S2_U3_filter_only_no_refill,R6_market_dispersion_Q1_low
20260326,10bp_one_way_slippage,-0.009554596851034602,True,2,S2_U3_filter_only_no_refill__R6_market_dispersion_Q1_low,S2_U3_filter_only_no_refill,R6_market_dispersion_Q1_low
20260327,10bp_one_way_slippage,-0.026278301363634404,True,1,S2_U3_filter_only_no_refill__R6_market_dispersion_Q1_low,S2_U3_filter_only_no_refill,R6_market_dispersion_Q1_low
20260330,10bp_one_way_slippage,0.009788473432073804,True,6,S2_U3_filter_only_no_refill__R6_market_dispersion_Q1_low,S2_U3_filter_only_no_refill,R6_market_dispersion_Q1_low
20260331,10bp_one_way_slippage,0.020292024189810354,True,1,S2_U3_filter_only_no_refill__R6_market_dispersion_Q1_low,S2_U3_filter_only_no_refill,R6_market_dispersion_Q1_low
20260401,10bp_one_way_slippage,0.0,False,0,S2_U3_filter_only_no_refill__R6_market_dispersion_Q1_low,S2_U3_filter_only_no_refill,R6_market_dispersion_Q1_low
20260402,10bp_one_way_slippage,0.0,False,0,S2_U3_filter_only_no_refill__R6_market_dispersion_Q1_low,S2_U3_filter_only_no_refill,R6_market_dispersion_Q1_low
20260403,10bp_one_way_slippage,0.0,False,0,S2_U3_filter_only_no_refill__R6_market_dispersion_Q1_low,S2_U3_filter_only_no_refill,R6_market_dispersion_Q1_low
20260407,10bp_one_way_slippage,0.028756902494943115,True,2,S2_U3_filter_only_no_refill__R6_market_dispersion_Q1_low,S2_U3_filter_only_no_refill,R6_market_dispersion_Q1_low
20260408,10bp_one_way_slippage,0.0,False,0,S2_U3_filter_only_no_refill__R6_market_dispersion_Q1_low,S2_U3_filter_only_no_refill,R6_market_dispersion_Q1_low
20260409,10bp_one_way_slippage,0.0,False,0,S2_U3_filter_only_no_refill__R6_market_dispersion_Q1_low,S2_U3_filter_only_no_refill,R6_market_dispersion_Q1_low
20260410,10bp_one_way_slippage,0.011120203772992165,True,4,S2_U3_filter_only_no_refill__R6_market_dispersion_Q1_low,S2_U3_filter_only_no_refill,R6_market_dispersion_Q1_low
20260413,10bp_one_way_slippage,0.0,False,0,S2_U3_filter_only_no_refill__R6_market_dispersion_Q1_low,S2_U3_filter_only_no_refill,R6_market_dispersion_Q1_low
20260414,10bp_one_way_slippage,0.04685760912289849,True,1,S2_U3_filter_only_no_refill__R6_market_dispersion_Q1_low,S2_U3_filter_only_no_refill,R6_market_dispersion_Q1_low
20260415,10bp_one_way_slippage,0.0,True,0,S2_U3_filter_only_no_refill__R6_market_dispersion_Q1_low,S2_U3_filter_only_no_refill,R6_market_dispersion_Q1_low
20260416,10bp_one_way_slippage,-0.0029962546816476587,True,1,S2_U3_filter_only_no_refill__R6_market_dispersion_Q1_low,S2_U3_filter_only_no_refill,R6_market_dispersion_Q1_low
20260417,10bp_one_way_slippage,0.0,False,0,S2_U3_filter_only_no_refill__R6_market_dispersion_Q1_low,S2_U3_filter_only_no_refill,R6_market_dispersion_Q1_low
20260420,10bp_one_way_slippage,0.0,False,0,S2_U3_filter_only_no_refill__R6_market_dispersion_Q1_low,S2_U3_filter_only_no_refill,R6_market_dispersion_Q1_low
20260421,10bp_one_way_slippage,-0.004940834808840763,True,8,S2_U3_filter_only_no_refill__R6_market_dispersion_Q1_low,S2_U3_filter_only_no_refill,R6_market_dispersion_Q1_low
20260422,10bp_one_way_slippage,0.0,False,0,S2_U3_filter_only_no_refill__R6_market_dispersion_Q1_low,S2_U3_filter_only_no_refill,R6_market_dispersion_Q1_low
20260423,10bp_one_way_slippage,0.0,False,0,S2_U3_filter_only_no_refill__R6_market_dispersion_Q1_low,S2_U3_filter_only_no_refill,R6_market_dispersion_Q1_low
20260424,10bp_one_way_slippage,0.0,False,0,S2_U3_filter_only_no_refill__R6_market_dispersion_Q1_low,S2_U3_filter_only_no_refill,R6_market_dispersion_Q1_low
20260427,10bp_one_way_slippage,0.0,False,0,S2_U3_filter_only_no_refill__R6_market_dispersion_Q1_low,S2_U3_filter_only_no_refill,R6_market_dispersion_Q1_low
20260428,10bp_one_way_slippage,0.0,False,0,S2_U3_filter_only_no_refill__R6_market_dispersion_Q1_low,S2_U3_filter_only_no_refill,R6_market_dispersion_Q1_low
20260429,10bp_one_way_slippage,0.0,False,0,S2_U3_filter_only_no_refill__R6_market_dispersion_Q1_low,S2_U3_filter_only_no_refill,R6_market_dispersion_Q1_low
20260430,10bp_one_way_slippage,0.0,False,0,S2_U3_filter_only_no_refill__R6_market_dispersion_Q1_low,S2_U3_filter_only_no_refill,R6_market_dispersion_Q1_low
20260506,10bp_one_way_slippage,0.0,False,0,S2_U3_filter_only_no_refill__R6_market_dispersion_Q1_low,S2_U3_filter_only_no_refill,R6_market_dispersion_Q1_low
20260507,10bp_one_way_slippage,0.0,False,0,S2_U3_filter_only_no_refill__R6_market_dispersion_Q1_low,S2_U3_filter_only_no_refill,R6_market_dispersion_Q1_low
20260508,10bp_one_way_slippage,0.0,False,0,S2_U3_filter_only_no_refill__R6_market_dispersion_Q1_low,S2_U3_filter_only_no_refill,R6_market_dispersion_Q1_low
20260511,10bp_one_way_slippage,0.0,False,0,S2_U3_filter_only_no_refill__R6_market_dispersion_Q1_low,S2_U3_filter_only_no_refill,R6_market_dispersion_Q1_low
20260512,10bp_one_way_slippage,0.0,False,0,S2_U3_filter_only_no_refill__R6_market_dispersion_Q1_low,S2_U3_filter_only_no_refill,R6_market_dispersion_Q1_low
20260513,10bp_one_way_slippage,0.0,False,0,S2_U3_filter_only_no_refill__R6_market_dispersion_Q1_low,S2_U3_filter_only_no_refill,R6_market_dispersion_Q1_low
20260514,10bp_one_way_slippage,0.0,False,0,S2_U3_filter_only_no_refill__R6_market_dispersion_Q1_low,S2_U3_filter_only_no_refill,R6_market_dispersion_Q1_low
20260515,10bp_one_way_slippage,0.0,False,0,S2_U3_filter_only_no_refill__R6_market_dispersion_Q1_low,S2_U3_filter_only_no_refill,R6_market_dispersion_Q1_low
20260518,10bp_one_way_slippage,0.0,False,0,S2_U3_filter_only_no_refill__R6_market_dispersion_Q1_low,S2_U3_filter_only_no_refill,R6_market_dispersion_Q1_low
20260519,10bp_one_way_slippage,0.0,False,0,S2_U3_filter_only_no_refill__R6_market_dispersion_Q1_low,S2_U3_filter_only_no_refill,R6_market_dispersion_Q1_low
20260520,10bp_one_way_slippage,0.0,False,0,S2_U3_filter_only_no_refill__R6_market_dispersion_Q1_low,S2_U3_filter_only_no_refill,R6_market_dispersion_Q1_low
20260224,10bp_slippage_plus_impact,0.0,False,0,S2_U3_filter_only_no_refill__R6_market_dispersion_Q1_low,S2_U3_filter_only_no_refill,R6_market_dispersion_Q1_low
20260225,10bp_slippage_plus_impact,0.0,False,0,S2_U3_filter_only_no_refill__R6_market_dispersion_Q1_low,S2_U3_filter_only_no_refill,R6_market_dispersion_Q1_low
20260226,10bp_slippage_plus_impact,0.0,False,0,S2_U3_filter_only_no_refill__R6_market_dispersion_Q1_low,S2_U3_filter_only_no_refill,R6_market_dispersion_Q1_low
20260227,10bp_slippage_plus_impact,0.0,False,0,S2_U3_filter_only_no_refill__R6_market_dispersion_Q1_low,S2_U3_filter_only_no_refill,R6_market_dispersion_Q1_low
20260302,10bp_slippage_plus_impact,0.0,False,0,S2_U3_filter_only_no_refill__R6_market_dispersion_Q1_low,S2_U3_filter_only_no_refill,R6_market_dispersion_Q1_low
20260303,10bp_slippage_plus_impact,0.0,False,0,S2_U3_filter_only_no_refill__R6_market_dispersion_Q1_low,S2_U3_filter_only_no_refill,R6_market_dispersion_Q1_low
20260304,10bp_slippage_plus_impact,0.0,False,0,S2_U3_filter_only_no_refill__R6_market_dispersion_Q1_low,S2_U3_filter_only_no_refill,R6_market_dispersion_Q1_low
20260305,10bp_slippage_plus_impact,0.0,False,0,S2_U3_filter_only_no_refill__R6_market_dispersion_Q1_low,S2_U3_filter_only_no_refill,R6_market_dispersion_Q1_low
20260306,10bp_slippage_plus_impact,0.0,False,0,S2_U3_filter_only_no_refill__R6_market_dispersion_Q1_low,S2_U3_filter_only_no_refill,R6_market_dispersion_Q1_low
20260309,10bp_slippage_plus_impact,0.0,False,0,S2_U3_filter_only_no_refill__R6_market_dispersion_Q1_low,S2_U3_filter_only_no_refill,R6_market_dispersion_Q1_low
20260310,10bp_slippage_plus_impact,0.0,False,0,S2_U3_filter_only_no_refill__R6_market_dispersion_Q1_low,S2_U3_filter_only_no_refill,R6_market_dispersion_Q1_low
20260311,10bp_slippage_plus_impact,0.0,False,0,S2_U3_filter_only_no_refill__R6_market_dispersion_Q1_low,S2_U3_filter_only_no_refill,R6_market_dispersion_Q1_low
20260312,10bp_slippage_plus_impact,0.0,False,0,S2_U3_filter_only_no_refill__R6_market_dispersion_Q1_low,S2_U3_filter_only_no_refill,R6_market_dispersion_Q1_low
20260313,10bp_slippage_plus_impact,0.0,False,0,S2_U3_filter_only_no_refill__R6_market_dispersion_Q1_low,S2_U3_filter_only_no_refill,R6_market_dispersion_Q1_low
20260316,10bp_slippage_plus_impact,0.0,False,0,S2_U3_filter_only_no_refill__R6_market_dispersion_Q1_low,S2_U3_filter_only_no_refill,R6_market_dispersion_Q1_low
20260317,10bp_slippage_plus_impact,0.0,False,0,S2_U3_filter_only_no_refill__R6_market_dispersion_Q1_low,S2_U3_filter_only_no_refill,R6_market_dispersion_Q1_low
20260318,10bp_slippage_plus_impact,0.0,False,0,S2_U3_filter_only_no_refill__R6_market_dispersion_Q1_low,S2_U3_filter_only_no_refill,R6_market_dispersion_Q1_low
20260319,10bp_slippage_plus_impact,0.0,False,0,S2_U3_filter_only_no_refill__R6_market_dispersion_Q1_low,S2_U3_filter_only_no_refill,R6_market_dispersion_Q1_low
20260320,10bp_slippage_plus_impact,0.0,False,0,S2_U3_filter_only_no_refill__R6_market_dispersion_Q1_low,S2_U3_filter_only_no_refill,R6_market_dispersion_Q1_low
20260323,10bp_slippage_plus_impact,0.0,False,0,S2_U3_filter_only_no_refill__R6_market_dispersion_Q1_low,S2_U3_filter_only_no_refill,R6_market_dispersion_Q1_low
20260324,10bp_slippage_plus_impact,0.025629565413185507,True,1,S2_U3_filter_only_no_refill__R6_market_dispersion_Q1_low,S2_U3_filter_only_no_refill,R6_market_dispersion_Q1_low
20260325,10bp_slippage_plus_impact,-0.028612429416778995,True,1,S2_U3_filter_only_no_refill__R6_market_dispersion_Q1_low,S2_U3_filter_only_no_refill,R6_market_dispersion_Q1_low
20260326,10bp_slippage_plus_impact,-0.009763697126842497,True,2,S2_U3_filter_only_no_refill__R6_market_dispersion_Q1_low,S2_U3_filter_only_no_refill,R6_market_dispersion_Q1_low
20260327,10bp_slippage_plus_impact,-0.02649804771833708,True,1,S2_U3_filter_only_no_refill__R6_market_dispersion_Q1_low,S2_U3_filter_only_no_refill,R6_market_dispersion_Q1_low
20260330,10bp_slippage_plus_impact,0.009676527348083275,True,6,S2_U3_filter_only_no_refill__R6_market_dispersion_Q1_low,S2_U3_filter_only_no_refill,R6_market_dispersion_Q1_low
20260331,10bp_slippage_plus_impact,0.020086146959470197,True,1,S2_U3_filter_only_no_refill__R6_market_dispersion_Q1_low,S2_U3_filter_only_no_refill,R6_market_dispersion_Q1_low
20260401,10bp_slippage_plus_impact,0.0,False,0,S2_U3_filter_only_no_refill__R6_market_dispersion_Q1_low,S2_U3_filter_only_no_refill,R6_market_dispersion_Q1_low
20260402,10bp_slippage_plus_impact,0.0,False,0,S2_U3_filter_only_no_refill__R6_market_dispersion_Q1_low,S2_U3_filter_only_no_refill,R6_market_dispersion_Q1_low
20260403,10bp_slippage_plus_impact,0.0,False,0,S2_U3_filter_only_no_refill__R6_market_dispersion_Q1_low,S2_U3_filter_only_no_refill,R6_market_dispersion_Q1_low
20260407,10bp_slippage_plus_impact,0.028591375203205316,True,2,S2_U3_filter_only_no_refill__R6_market_dispersion_Q1_low,S2_U3_filter_only_no_refill,R6_market_dispersion_Q1_low
20260408,10bp_slippage_plus_impact,0.0,False,0,S2_U3_filter_only_no_refill__R6_market_dispersion_Q1_low,S2_U3_filter_only_no_refill,R6_market_dispersion_Q1_low
20260409,10bp_slippage_plus_impact,0.0,False,0,S2_U3_filter_only_no_refill__R6_market_dispersion_Q1_low,S2_U3_filter_only_no_refill,R6_market_dispersion_Q1_low
20260410,10bp_slippage_plus_impact,0.011015230590305625,True,4,S2_U3_filter_only_no_refill__R6_market_dispersion_Q1_low,S2_U3_filter_only_no_refill,R6_market_dispersion_Q1_low
20260413,10bp_slippage_plus_impact,0.0,False,0,S2_U3_filter_only_no_refill__R6_market_dispersion_Q1_low,S2_U3_filter_only_no_refill,R6_market_dispersion_Q1_low
20260414,10bp_slippage_plus_impact,0.046568041140218064,True,1,S2_U3_filter_only_no_refill__R6_market_dispersion_Q1_low,S2_U3_filter_only_no_refill,R6_market_dispersion_Q1_low
20260415,10bp_slippage_plus_impact,0.0,True,0,S2_U3_filter_only_no_refill__R6_market_dispersion_Q1_low,S2_U3_filter_only_no_refill,R6_market_dispersion_Q1_low
20260416,10bp_slippage_plus_impact,-0.0032192318409106635,True,1,S2_U3_filter_only_no_refill__R6_market_dispersion_Q1_low,S2_U3_filter_only_no_refill,R6_market_dispersion_Q1_low
20260417,10bp_slippage_plus_impact,0.0,False,0,S2_U3_filter_only_no_refill__R6_market_dispersion_Q1_low,S2_U3_filter_only_no_refill,R6_market_dispersion_Q1_low
20260420,10bp_slippage_plus_impact,0.0,False,0,S2_U3_filter_only_no_refill__R6_market_dispersion_Q1_low,S2_U3_filter_only_no_refill,R6_market_dispersion_Q1_low
20260421,10bp_slippage_plus_impact,-0.00501130032999221,True,8,S2_U3_filter_only_no_refill__R6_market_dispersion_Q1_low,S2_U3_filter_only_no_refill,R6_market_dispersion_Q1_low
20260422,10bp_slippage_plus_impact,0.0,False,0,S2_U3_filter_only_no_refill__R6_market_dispersion_Q1_low,S2_U3_filter_only_no_refill,R6_market_dispersion_Q1_low
20260423,10bp_slippage_plus_impact,0.0,False,0,S2_U3_filter_only_no_refill__R6_market_dispersion_Q1_low,S2_U3_filter_only_no_refill,R6_market_dispersion_Q1_low
20260424,10bp_slippage_plus_impact,0.0,False,0,S2_U3_filter_only_no_refill__R6_market_dispersion_Q1_low,S2_U3_filter_only_no_refill,R6_market_dispersion_Q1_low
20260427,10bp_slippage_plus_impact,0.0,False,0,S2_U3_filter_only_no_refill__R6_market_dispersion_Q1_low,S2_U3_filter_only_no_refill,R6_market_dispersion_Q1_low
20260428,10bp_slippage_plus_impact,0.0,False,0,S2_U3_filter_only_no_refill__R6_market_dispersion_Q1_low,S2_U3_filter_only_no_refill,R6_market_dispersion_Q1_low
20260429,10bp_slippage_plus_impact,0.0,False,0,S2_U3_filter_only_no_refill__R6_market_dispersion_Q1_low,S2_U3_filter_only_no_refill,R6_market_dispersion_Q1_low
20260430,10bp_slippage_plus_impact,0.0,False,0,S2_U3_filter_only_no_refill__R6_market_dispersion_Q1_low,S2_U3_filter_only_no_refill,R6_market_dispersion_Q1_low
20260506,10bp_slippage_plus_impact,0.0,False,0,S2_U3_filter_only_no_refill__R6_market_dispersion_Q1_low,S2_U3_filter_only_no_refill,R6_market_dispersion_Q1_low
20260507,10bp_slippage_plus_impact,0.0,False,0,S2_U3_filter_only_no_refill__R6_market_dispersion_Q1_low,S2_U3_filter_only_no_refill,R6_market_dispersion_Q1_low
20260508,10bp_slippage_plus_impact,0.0,False,0,S2_U3_filter_only_no_refill__R6_market_dispersion_Q1_low,S2_U3_filter_only_no_refill,R6_market_dispersion_Q1_low
20260511,10bp_slippage_plus_impact,0.0,False,0,S2_U3_filter_only_no_refill__R6_market_dispersion_Q1_low,S2_U3_filter_only_no_refill,R6_market_dispersion_Q1_low
20260512,10bp_slippage_plus_impact,0.0,False,0,S2_U3_filter_only_no_refill__R6_market_dispersion_Q1_low,S2_U3_filter_only_no_refill,R6_market_dispersion_Q1_low
20260513,10bp_slippage_plus_impact,0.0,False,0,S2_U3_filter_only_no_refill__R6_market_dispersion_Q1_low,S2_U3_filter_only_no_refill,R6_market_dispersion_Q1_low
20260514,10bp_slippage_plus_impact,0.0,False,0,S2_U3_filter_only_no_refill__R6_market_dispersion_Q1_low,S2_U3_filter_only_no_refill,R6_market_dispersion_Q1_low
20260515,10bp_slippage_plus_impact,0.0,False,0,S2_U3_filter_only_no_refill__R6_market_dispersion_Q1_low,S2_U3_filter_only_no_refill,R6_market_dispersion_Q1_low
20260518,10bp_slippage_plus_impact,0.0,False,0,S2_U3_filter_only_no_refill__R6_market_dispersion_Q1_low,S2_U3_filter_only_no_refill,R6_market_dispersion_Q1_low
20260519,10bp_slippage_plus_impact,0.0,False,0,S2_U3_filter_only_no_refill__R6_market_dispersion_Q1_low,S2_U3_filter_only_no_refill,R6_market_dispersion_Q1_low
20260520,10bp_slippage_plus_impact,0.0,False,0,S2_U3_filter_only_no_refill__R6_market_dispersion_Q1_low,S2_U3_filter_only_no_refill,R6_market_dispersion_Q1_low
20260224,5bp_one_way_slippage,0.0,False,0,S2_U3_filter_only_no_refill__C1_tail_up,S2_U3_filter_only_no_refill,C1_tail_up
20260225,5bp_one_way_slippage,0.01195320737072438,True,6,S2_U3_filter_only_no_refill__C1_tail_up,S2_U3_filter_only_no_refill,C1_tail_up
20260226,5bp_one_way_slippage,0.0021895507508795237,True,8,S2_U3_filter_only_no_refill__C1_tail_up,S2_U3_filter_only_no_refill,C1_tail_up
20260227,5bp_one_way_slippage,-0.02124986349673944,True,7,S2_U3_filter_only_no_refill__C1_tail_up,S2_U3_filter_only_no_refill,C1_tail_up
20260302,5bp_one_way_slippage,0.0,False,0,S2_U3_filter_only_no_refill__C1_tail_up,S2_U3_filter_only_no_refill,C1_tail_up
20260303,5bp_one_way_slippage,0.0,False,0,S2_U3_filter_only_no_refill__C1_tail_up,S2_U3_filter_only_no_refill,C1_tail_up
20260304,5bp_one_way_slippage,0.0,False,0,S2_U3_filter_only_no_refill__C1_tail_up,S2_U3_filter_only_no_refill,C1_tail_up
20260305,5bp_one_way_slippage,0.0,True,0,S2_U3_filter_only_no_refill__C1_tail_up,S2_U3_filter_only_no_refill,C1_tail_up
20260306,5bp_one_way_slippage,-0.02583326916573799,True,3,S2_U3_filter_only_no_refill__C1_tail_up,S2_U3_filter_only_no_refill,C1_tail_up
20260309,5bp_one_way_slippage,0.0,False,0,S2_U3_filter_only_no_refill__C1_tail_up,S2_U3_filter_only_no_refill,C1_tail_up
20260310,5bp_one_way_slippage,0.0034454656450217946,True,2,S2_U3_filter_only_no_refill__C1_tail_up,S2_U3_filter_only_no_refill,C1_tail_up
20260311,5bp_one_way_slippage,-0.0038185540123235485,True,9,S2_U3_filter_only_no_refill__C1_tail_up,S2_U3_filter_only_no_refill,C1_tail_up
20260312,5bp_one_way_slippage,0.00040698473229753657,True,6,S2_U3_filter_only_no_refill__C1_tail_up,S2_U3_filter_only_no_refill,C1_tail_up
20260313,5bp_one_way_slippage,0.0,False,0,S2_U3_filter_only_no_refill__C1_tail_up,S2_U3_filter_only_no_refill,C1_tail_up
20260316,5bp_one_way_slippage,-0.0016155135594425765,True,7,S2_U3_filter_only_no_refill__C1_tail_up,S2_U3_filter_only_no_refill,C1_tail_up
20260317,5bp_one_way_slippage,0.0,False,0,S2_U3_filter_only_no_refill__C1_tail_up,S2_U3_filter_only_no_refill,C1_tail_up
20260318,5bp_one_way_slippage,-0.01565502959425676,True,3,S2_U3_filter_only_no_refill__C1_tail_up,S2_U3_filter_only_no_refill,C1_tail_up
20260319,5bp_one_way_slippage,0.0,False,0,S2_U3_filter_only_no_refill__C1_tail_up,S2_U3_filter_only_no_refill,C1_tail_up
20260320,5bp_one_way_slippage,0.0,False,0,S2_U3_filter_only_no_refill__C1_tail_up,S2_U3_filter_only_no_refill,C1_tail_up
20260323,5bp_one_way_slippage,0.0,False,0,S2_U3_filter_only_no_refill__C1_tail_up,S2_U3_filter_only_no_refill,C1_tail_up
20260324,5bp_one_way_slippage,0.02682234123927074,True,1,S2_U3_filter_only_no_refill__C1_tail_up,S2_U3_filter_only_no_refill,C1_tail_up
20260325,5bp_one_way_slippage,-0.027609524998985058,True,1,S2_U3_filter_only_no_refill__C1_tail_up,S2_U3_filter_only_no_refill,C1_tail_up
20260326,5bp_one_way_slippage,0.0,False,0,S2_U3_filter_only_no_refill__C1_tail_up,S2_U3_filter_only_no_refill,C1_tail_up
20260327,5bp_one_way_slippage,-0.025303847362450615,True,1,S2_U3_filter_only_no_refill__C1_tail_up,S2_U3_filter_only_no_refill,C1_tail_up
20260330,5bp_one_way_slippage,0.01079902133263209,True,6,S2_U3_filter_only_no_refill__C1_tail_up,S2_U3_filter_only_no_refill,C1_tail_up
20260331,5bp_one_way_slippage,0.0,False,0,S2_U3_filter_only_no_refill__C1_tail_up,S2_U3_filter_only_no_refill,C1_tail_up
20260401,5bp_one_way_slippage,0.009562123008252543,True,2,S2_U3_filter_only_no_refill__C1_tail_up,S2_U3_filter_only_no_refill,C1_tail_up
20260402,5bp_one_way_slippage,0.0,False,0,S2_U3_filter_only_no_refill__C1_tail_up,S2_U3_filter_only_no_refill,C1_tail_up
20260403,5bp_one_way_slippage,0.0,False,0,S2_U3_filter_only_no_refill__C1_tail_up,S2_U3_filter_only_no_refill,C1_tail_up
20260407,5bp_one_way_slippage,0.0,False,0,S2_U3_filter_only_no_refill__C1_tail_up,S2_U3_filter_only_no_refill,C1_tail_up
20260408,5bp_one_way_slippage,-0.018090424499673685,True,7,S2_U3_filter_only_no_refill__C1_tail_up,S2_U3_filter_only_no_refill,C1_tail_up
20260409,5bp_one_way_slippage,0.0,False,0,S2_U3_filter_only_no_refill__C1_tail_up,S2_U3_filter_only_no_refill,C1_tail_up
20260410,5bp_one_way_slippage,0.0,False,0,S2_U3_filter_only_no_refill__C1_tail_up,S2_U3_filter_only_no_refill,C1_tail_up
20260413,5bp_one_way_slippage,0.0,False,0,S2_U3_filter_only_no_refill__C1_tail_up,S2_U3_filter_only_no_refill,C1_tail_up
20260414,5bp_one_way_slippage,0.04790525403756751,True,1,S2_U3_filter_only_no_refill__C1_tail_up,S2_U3_filter_only_no_refill,C1_tail_up
20260415,5bp_one_way_slippage,0.0,False,0,S2_U3_filter_only_no_refill__C1_tail_up,S2_U3_filter_only_no_refill,C1_tail_up
20260416,5bp_one_way_slippage,-0.0019985011241565598,True,1,S2_U3_filter_only_no_refill__C1_tail_up,S2_U3_filter_only_no_refill,C1_tail_up
20260417,5bp_one_way_slippage,0.025069331004063593,True,6,S2_U3_filter_only_no_refill__C1_tail_up,S2_U3_filter_only_no_refill,C1_tail_up
20260420,5bp_one_way_slippage,0.010196770112061548,True,4,S2_U3_filter_only_no_refill__C1_tail_up,S2_U3_filter_only_no_refill,C1_tail_up
20260421,5bp_one_way_slippage,-0.003945027293928621,True,8,S2_U3_filter_only_no_refill__C1_tail_up,S2_U3_filter_only_no_refill,C1_tail_up
20260422,5bp_one_way_slippage,0.0074256977990293516,True,5,S2_U3_filter_only_no_refill__C1_tail_up,S2_U3_filter_only_no_refill,C1_tail_up
20260423,5bp_one_way_slippage,0.0,True,0,S2_U3_filter_only_no_refill__C1_tail_up,S2_U3_filter_only_no_refill,C1_tail_up
20260424,5bp_one_way_slippage,0.0,False,0,S2_U3_filter_only_no_refill__C1_tail_up,S2_U3_filter_only_no_refill,C1_tail_up
20260427,5bp_one_way_slippage,-0.01316089333629078,True,2,S2_U3_filter_only_no_refill__C1_tail_up,S2_U3_filter_only_no_refill,C1_tail_up
20260428,5bp_one_way_slippage,0.03841558013088986,True,1,S2_U3_filter_only_no_refill__C1_tail_up,S2_U3_filter_only_no_refill,C1_tail_up
20260429,5bp_one_way_slippage,0.0,False,0,S2_U3_filter_only_no_refill__C1_tail_up,S2_U3_filter_only_no_refill,C1_tail_up
20260430,5bp_one_way_slippage,0.04636913033459167,True,1,S2_U3_filter_only_no_refill__C1_tail_up,S2_U3_filter_only_no_refill,C1_tail_up
20260506,5bp_one_way_slippage,-0.027876907472472623,True,1,S2_U3_filter_only_no_refill__C1_tail_up,S2_U3_filter_only_no_refill,C1_tail_up
20260507,5bp_one_way_slippage,0.026261499161081225,True,1,S2_U3_filter_only_no_refill__C1_tail_up,S2_U3_filter_only_no_refill,C1_tail_up
20260508,5bp_one_way_slippage,0.0,False,0,S2_U3_filter_only_no_refill__C1_tail_up,S2_U3_filter_only_no_refill,C1_tail_up
20260511,5bp_one_way_slippage,-0.013214687454706811,True,6,S2_U3_filter_only_no_refill__C1_tail_up,S2_U3_filter_only_no_refill,C1_tail_up
20260512,5bp_one_way_slippage,-0.038352691823991036,True,2,S2_U3_filter_only_no_refill__C1_tail_up,S2_U3_filter_only_no_refill,C1_tail_up
20260513,5bp_one_way_slippage,0.029929466477680265,True,5,S2_U3_filter_only_no_refill__C1_tail_up,S2_U3_filter_only_no_refill,C1_tail_up
20260514,5bp_one_way_slippage,0.0,False,0,S2_U3_filter_only_no_refill__C1_tail_up,S2_U3_filter_only_no_refill,C1_tail_up
20260515,5bp_one_way_slippage,0.011351120060120706,True,4,S2_U3_filter_only_no_refill__C1_tail_up,S2_U3_filter_only_no_refill,C1_tail_up
20260518,5bp_one_way_slippage,-0.01225240001514416,True,3,S2_U3_filter_only_no_refill__C1_tail_up,S2_U3_filter_only_no_refill,C1_tail_up
20260519,5bp_one_way_slippage,-0.017688779734396833,True,7,S2_U3_filter_only_no_refill__C1_tail_up,S2_U3_filter_only_no_refill,C1_tail_up
20260520,5bp_one_way_slippage,0.024185877039761414,True,7,S2_U3_filter_only_no_refill__C1_tail_up,S2_U3_filter_only_no_refill,C1_tail_up
20260224,10bp_one_way_slippage,0.0,False,0,S2_U3_filter_only_no_refill__C1_tail_up,S2_U3_filter_only_no_refill,C1_tail_up
20260225,10bp_one_way_slippage,0.010941505570871424,True,6,S2_U3_filter_only_no_refill__C1_tail_up,S2_U3_filter_only_no_refill,C1_tail_up
20260226,10bp_one_way_slippage,0.0011876101819841833,True,8,S2_U3_filter_only_no_refill__C1_tail_up,S2_U3_filter_only_no_refill,C1_tail_up
20260227,10bp_one_way_slippage,-0.022228370474625687,True,7,S2_U3_filter_only_no_refill__C1_tail_up,S2_U3_filter_only_no_refill,C1_tail_up
20260302,10bp_one_way_slippage,0.0,False,0,S2_U3_filter_only_no_refill__C1_tail_up,S2_U3_filter_only_no_refill,C1_tail_up
20260303,10bp_one_way_slippage,0.0,False,0,S2_U3_filter_only_no_refill__C1_tail_up,S2_U3_filter_only_no_refill,C1_tail_up
20260304,10bp_one_way_slippage,0.0,False,0,S2_U3_filter_only_no_refill__C1_tail_up,S2_U3_filter_only_no_refill,C1_tail_up
20260305,10bp_one_way_slippage,0.0,True,0,S2_U3_filter_only_no_refill__C1_tail_up,S2_U3_filter_only_no_refill,C1_tail_up
20260306,10bp_one_way_slippage,-0.026807193876646873,True,3,S2_U3_filter_only_no_refill__C1_tail_up,S2_U3_filter_only_no_refill,C1_tail_up
20260309,10bp_one_way_slippage,0.0,False,0,S2_U3_filter_only_no_refill__C1_tail_up,S2_U3_filter_only_no_refill,C1_tail_up
20260310,10bp_one_way_slippage,0.0024422694732491035,True,2,S2_U3_filter_only_no_refill__C1_tail_up,S2_U3_filter_only_no_refill,C1_tail_up
20260311,10bp_one_way_slippage,-0.0048144879690965835,True,9,S2_U3_filter_only_no_refill__C1_tail_up,S2_U3_filter_only_no_refill,C1_tail_up
20260312,10bp_one_way_slippage,-0.0005931737134361089,True,6,S2_U3_filter_only_no_refill__C1_tail_up,S2_U3_filter_only_no_refill,C1_tail_up
20260313,10bp_one_way_slippage,0.0,False,0,S2_U3_filter_only_no_refill__C1_tail_up,S2_U3_filter_only_no_refill,C1_tail_up
20260316,10bp_one_way_slippage,-0.0026136500093497184,True,7,S2_U3_filter_only_no_refill__C1_tail_up,S2_U3_filter_only_no_refill,C1_tail_up
20260317,10bp_one_way_slippage,0.0,False,0,S2_U3_filter_only_no_refill__C1_tail_up,S2_U3_filter_only_no_refill,C1_tail_up
20260318,10bp_one_way_slippage,-0.01663913001607679,True,3,S2_U3_filter_only_no_refill__C1_tail_up,S2_U3_filter_only_no_refill,C1_tail_up
20260319,10bp_one_way_slippage,0.0,False,0,S2_U3_filter_only_no_refill__C1_tail_up,S2_U3_filter_only_no_refill,C1_tail_up
20260320,10bp_one_way_slippage,0.0,False,0,S2_U3_filter_only_no_refill__C1_tail_up,S2_U3_filter_only_no_refill,C1_tail_up
20260323,10bp_one_way_slippage,0.0,False,0,S2_U3_filter_only_no_refill__C1_tail_up,S2_U3_filter_only_no_refill,C1_tail_up
20260324,10bp_one_way_slippage,0.02579577399960553,True,1,S2_U3_filter_only_no_refill__C1_tail_up,S2_U3_filter_only_no_refill,C1_tail_up
20260325,10bp_one_way_slippage,-0.028581673895349935,True,1,S2_U3_filter_only_no_refill__C1_tail_up,S2_U3_filter_only_no_refill,C1_tail_up
20260326,10bp_one_way_slippage,0.0,False,0,S2_U3_filter_only_no_refill__C1_tail_up,S2_U3_filter_only_no_refill,C1_tail_up
20260327,10bp_one_way_slippage,-0.026278301363634404,True,1,S2_U3_filter_only_no_refill__C1_tail_up,S2_U3_filter_only_no_refill,C1_tail_up
20260330,10bp_one_way_slippage,0.009788473432073804,True,6,S2_U3_filter_only_no_refill__C1_tail_up,S2_U3_filter_only_no_refill,C1_tail_up
20260331,10bp_one_way_slippage,0.0,False,0,S2_U3_filter_only_no_refill__C1_tail_up,S2_U3_filter_only_no_refill,C1_tail_up
20260401,10bp_one_way_slippage,0.008552811698726126,True,2,S2_U3_filter_only_no_refill__C1_tail_up,S2_U3_filter_only_no_refill,C1_tail_up
20260402,10bp_one_way_slippage,0.0,False,0,S2_U3_filter_only_no_refill__C1_tail_up,S2_U3_filter_only_no_refill,C1_tail_up
20260403,10bp_one_way_slippage,0.0,False,0,S2_U3_filter_only_no_refill__C1_tail_up,S2_U3_filter_only_no_refill,C1_tail_up
20260407,10bp_one_way_slippage,0.0,False,0,S2_U3_filter_only_no_refill__C1_tail_up,S2_U3_filter_only_no_refill,C1_tail_up
20260408,10bp_one_way_slippage,-0.019072090131632673,True,7,S2_U3_filter_only_no_refill__C1_tail_up,S2_U3_filter_only_no_refill,C1_tail_up
20260409,10bp_one_way_slippage,0.0,False,0,S2_U3_filter_only_no_refill__C1_tail_up,S2_U3_filter_only_no_refill,C1_tail_up
20260410,10bp_one_way_slippage,0.0,False,0,S2_U3_filter_only_no_refill__C1_tail_up,S2_U3_filter_only_no_refill,C1_tail_up
20260413,10bp_one_way_slippage,0.0,False,0,S2_U3_filter_only_no_refill__C1_tail_up,S2_U3_filter_only_no_refill,C1_tail_up
20260414,10bp_one_way_slippage,0.04685760912289849,True,1,S2_U3_filter_only_no_refill__C1_tail_up,S2_U3_filter_only_no_refill,C1_tail_up
20260415,10bp_one_way_slippage,0.0,False,0,S2_U3_filter_only_no_refill__C1_tail_up,S2_U3_filter_only_no_refill,C1_tail_up
20260416,10bp_one_way_slippage,-0.0029962546816476587,True,1,S2_U3_filter_only_no_refill__C1_tail_up,S2_U3_filter_only_no_refill,C1_tail_up
20260417,10bp_one_way_slippage,0.024044516339119398,True,6,S2_U3_filter_only_no_refill__C1_tail_up,S2_U3_filter_only_no_refill,C1_tail_up
20260420,10bp_one_way_slippage,0.009186824313101721,True,4,S2_U3_filter_only_no_refill__C1_tail_up,S2_U3_filter_only_no_refill,C1_tail_up
20260421,10bp_one_way_slippage,-0.004940834808840763,True,8,S2_U3_filter_only_no_refill__C1_tail_up,S2_U3_filter_only_no_refill,C1_tail_up
20260422,10bp_one_way_slippage,0.006418522383943248,True,5,S2_U3_filter_only_no_refill__C1_tail_up,S2_U3_filter_only_no_refill,C1_tail_up
20260423,10bp_one_way_slippage,0.0,True,0,S2_U3_filter_only_no_refill__C1_tail_up,S2_U3_filter_only_no_refill,C1_tail_up
20260424,10bp_one_way_slippage,0.0,False,0,S2_U3_filter_only_no_refill__C1_tail_up,S2_U3_filter_only_no_refill,C1_tail_up
20260427,10bp_one_way_slippage,-0.014147487274730808,True,2,S2_U3_filter_only_no_refill__C1_tail_up,S2_U3_filter_only_no_refill,C1_tail_up
20260428,10bp_one_way_slippage,0.037377422532532734,True,1,S2_U3_filter_only_no_refill__C1_tail_up,S2_U3_filter_only_no_refill,C1_tail_up
20260429,10bp_one_way_slippage,0.0,False,0,S2_U3_filter_only_no_refill__C1_tail_up,S2_U3_filter_only_no_refill,C1_tail_up
20260430,10bp_one_way_slippage,0.04532302116199394,True,1,S2_U3_filter_only_no_refill__C1_tail_up,S2_U3_filter_only_no_refill,C1_tail_up
20260506,10bp_one_way_slippage,-0.02884878905279198,True,1,S2_U3_filter_only_no_refill__C1_tail_up,S2_U3_filter_only_no_refill,C1_tail_up
20260507,10bp_one_way_slippage,0.025235492624159805,True,1,S2_U3_filter_only_no_refill__C1_tail_up,S2_U3_filter_only_no_refill,C1_tail_up
20260508,10bp_one_way_slippage,0.0,False,0,S2_U3_filter_only_no_refill__C1_tail_up,S2_U3_filter_only_no_refill,C1_tail_up
20260511,10bp_one_way_slippage,-0.014201227612392953,True,6,S2_U3_filter_only_no_refill__C1_tail_up,S2_U3_filter_only_no_refill,C1_tail_up
20260512,10bp_one_way_slippage,-0.039314100222540616,True,2,S2_U3_filter_only_no_refill__C1_tail_up,S2_U3_filter_only_no_refill,C1_tail_up
20260513,10bp_one_way_slippage,0.028899792884704168,True,5,S2_U3_filter_only_no_refill__C1_tail_up,S2_U3_filter_only_no_refill,C1_tail_up
20260514,10bp_one_way_slippage,0.0,False,0,S2_U3_filter_only_no_refill__C1_tail_up,S2_U3_filter_only_no_refill,C1_tail_up
20260515,10bp_one_way_slippage,0.010340020197997069,True,4,S2_U3_filter_only_no_refill__C1_tail_up,S2_U3_filter_only_no_refill,C1_tail_up
20260518,10bp_one_way_slippage,-0.013239902221201194,True,3,S2_U3_filter_only_no_refill__C1_tail_up,S2_U3_filter_only_no_refill,C1_tail_up
20260519,10bp_one_way_slippage,-0.018670846911337278,True,7,S2_U3_filter_only_no_refill__C1_tail_up,S2_U3_filter_only_no_refill,C1_tail_up
20260520,10bp_one_way_slippage,0.023161945609297994,True,7,S2_U3_filter_only_no_refill__C1_tail_up,S2_U3_filter_only_no_refill,C1_tail_up
20260224,10bp_slippage_plus_impact,0.0,False,0,S2_U3_filter_only_no_refill__C1_tail_up,S2_U3_filter_only_no_refill,C1_tail_up
20260225,10bp_slippage_plus_impact,0.010837139517104522,True,6,S2_U3_filter_only_no_refill__C1_tail_up,S2_U3_filter_only_no_refill,C1_tail_up
20260226,10bp_slippage_plus_impact,0.0010622141177435845,True,8,S2_U3_filter_only_no_refill__C1_tail_up,S2_U3_filter_only_no_refill,C1_tail_up
20260227,10bp_slippage_plus_impact,-0.02230390012265071,True,7,S2_U3_filter_only_no_refill__C1_tail_up,S2_U3_filter_only_no_refill,C1_tail_up
20260302,10bp_slippage_plus_impact,0.0,False,0,S2_U3_filter_only_no_refill__C1_tail_up,S2_U3_filter_only_no_refill,C1_tail_up
20260303,10bp_slippage_plus_impact,0.0,False,0,S2_U3_filter_only_no_refill__C1_tail_up,S2_U3_filter_only_no_refill,C1_tail_up
20260304,10bp_slippage_plus_impact,0.0,False,0,S2_U3_filter_only_no_refill__C1_tail_up,S2_U3_filter_only_no_refill,C1_tail_up
20260305,10bp_slippage_plus_impact,0.0,True,0,S2_U3_filter_only_no_refill__C1_tail_up,S2_U3_filter_only_no_refill,C1_tail_up
20260306,10bp_slippage_plus_impact,-0.026962095220935327,True,3,S2_U3_filter_only_no_refill__C1_tail_up,S2_U3_filter_only_no_refill,C1_tail_up
20260309,10bp_slippage_plus_impact,0.0,False,0,S2_U3_filter_only_no_refill__C1_tail_up,S2_U3_filter_only_no_refill,C1_tail_up
20260310,10bp_slippage_plus_impact,0.0022496210904366376,True,2,S2_U3_filter_only_no_refill__C1_tail_up,S2_U3_filter_only_no_refill,C1_tail_up
20260311,10bp_slippage_plus_impact,-0.0048774800000107345,True,9,S2_U3_filter_only_no_refill__C1_tail_up,S2_U3_filter_only_no_refill,C1_tail_up
20260312,10bp_slippage_plus_impact,-0.0006789138199551811,True,6,S2_U3_filter_only_no_refill__C1_tail_up,S2_U3_filter_only_no_refill,C1_tail_up
20260313,10bp_slippage_plus_impact,0.0,False,0,S2_U3_filter_only_no_refill__C1_tail_up,S2_U3_filter_only_no_refill,C1_tail_up
20260316,10bp_slippage_plus_impact,-0.0026955348298064613,True,7,S2_U3_filter_only_no_refill__C1_tail_up,S2_U3_filter_only_no_refill,C1_tail_up
20260317,10bp_slippage_plus_impact,0.0,False,0,S2_U3_filter_only_no_refill__C1_tail_up,S2_U3_filter_only_no_refill,C1_tail_up
20260318,10bp_slippage_plus_impact,-0.016881202062253742,True,3,S2_U3_filter_only_no_refill__C1_tail_up,S2_U3_filter_only_no_refill,C1_tail_up
20260319,10bp_slippage_plus_impact,0.0,False,0,S2_U3_filter_only_no_refill__C1_tail_up,S2_U3_filter_only_no_refill,C1_tail_up
20260320,10bp_slippage_plus_impact,0.0,False,0,S2_U3_filter_only_no_refill__C1_tail_up,S2_U3_filter_only_no_refill,C1_tail_up
20260323,10bp_slippage_plus_impact,0.0,False,0,S2_U3_filter_only_no_refill__C1_tail_up,S2_U3_filter_only_no_refill,C1_tail_up
20260324,10bp_slippage_plus_impact,0.025629565413185507,True,1,S2_U3_filter_only_no_refill__C1_tail_up,S2_U3_filter_only_no_refill,C1_tail_up
20260325,10bp_slippage_plus_impact,-0.028612429416778995,True,1,S2_U3_filter_only_no_refill__C1_tail_up,S2_U3_filter_only_no_refill,C1_tail_up
20260326,10bp_slippage_plus_impact,0.0,False,0,S2_U3_filter_only_no_refill__C1_tail_up,S2_U3_filter_only_no_refill,C1_tail_up
20260327,10bp_slippage_plus_impact,-0.02649804771833708,True,1,S2_U3_filter_only_no_refill__C1_tail_up,S2_U3_filter_only_no_refill,C1_tail_up
20260330,10bp_slippage_plus_impact,0.009676527348083275,True,6,S2_U3_filter_only_no_refill__C1_tail_up,S2_U3_filter_only_no_refill,C1_tail_up
20260331,10bp_slippage_plus_impact,0.0,False,0,S2_U3_filter_only_no_refill__C1_tail_up,S2_U3_filter_only_no_refill,C1_tail_up
20260401,10bp_slippage_plus_impact,0.008461115337810077,True,2,S2_U3_filter_only_no_refill__C1_tail_up,S2_U3_filter_only_no_refill,C1_tail_up
20260402,10bp_slippage_plus_impact,0.0,False,0,S2_U3_filter_only_no_refill__C1_tail_up,S2_U3_filter_only_no_refill,C1_tail_up
20260403,10bp_slippage_plus_impact,0.0,False,0,S2_U3_filter_only_no_refill__C1_tail_up,S2_U3_filter_only_no_refill,C1_tail_up
20260407,10bp_slippage_plus_impact,0.0,False,0,S2_U3_filter_only_no_refill__C1_tail_up,S2_U3_filter_only_no_refill,C1_tail_up
20260408,10bp_slippage_plus_impact,-0.01920410461011863,True,7,S2_U3_filter_only_no_refill__C1_tail_up,S2_U3_filter_only_no_refill,C1_tail_up
20260409,10bp_slippage_plus_impact,0.0,False,0,S2_U3_filter_only_no_refill__C1_tail_up,S2_U3_filter_only_no_refill,C1_tail_up
20260410,10bp_slippage_plus_impact,0.0,False,0,S2_U3_filter_only_no_refill__C1_tail_up,S2_U3_filter_only_no_refill,C1_tail_up
20260413,10bp_slippage_plus_impact,0.0,False,0,S2_U3_filter_only_no_refill__C1_tail_up,S2_U3_filter_only_no_refill,C1_tail_up
20260414,10bp_slippage_plus_impact,0.046568041140218064,True,1,S2_U3_filter_only_no_refill__C1_tail_up,S2_U3_filter_only_no_refill,C1_tail_up
20260415,10bp_slippage_plus_impact,0.0,False,0,S2_U3_filter_only_no_refill__C1_tail_up,S2_U3_filter_only_no_refill,C1_tail_up
20260416,10bp_slippage_plus_impact,-0.0032192318409106635,True,1,S2_U3_filter_only_no_refill__C1_tail_up,S2_U3_filter_only_no_refill,C1_tail_up
20260417,10bp_slippage_plus_impact,0.023933136024314888,True,6,S2_U3_filter_only_no_refill__C1_tail_up,S2_U3_filter_only_no_refill,C1_tail_up
20260420,10bp_slippage_plus_impact,0.00907372519498617,True,4,S2_U3_filter_only_no_refill__C1_tail_up,S2_U3_filter_only_no_refill,C1_tail_up
20260421,10bp_slippage_plus_impact,-0.00501130032999221,True,8,S2_U3_filter_only_no_refill__C1_tail_up,S2_U3_filter_only_no_refill,C1_tail_up
20260422,10bp_slippage_plus_impact,0.006316351101038542,True,5,S2_U3_filter_only_no_refill__C1_tail_up,S2_U3_filter_only_no_refill,C1_tail_up
20260423,10bp_slippage_plus_impact,0.0,True,0,S2_U3_filter_only_no_refill__C1_tail_up,S2_U3_filter_only_no_refill,C1_tail_up
20260424,10bp_slippage_plus_impact,0.0,False,0,S2_U3_filter_only_no_refill__C1_tail_up,S2_U3_filter_only_no_refill,C1_tail_up
20260427,10bp_slippage_plus_impact,-0.014302107752333149,True,2,S2_U3_filter_only_no_refill__C1_tail_up,S2_U3_filter_only_no_refill,C1_tail_up
20260428,10bp_slippage_plus_impact,0.03719316598331379,True,1,S2_U3_filter_only_no_refill__C1_tail_up,S2_U3_filter_only_no_refill,C1_tail_up
20260429,10bp_slippage_plus_impact,0.0,False,0,S2_U3_filter_only_no_refill__C1_tail_up,S2_U3_filter_only_no_refill,C1_tail_up
20260430,10bp_slippage_plus_impact,0.04515546573842277,True,1,S2_U3_filter_only_no_refill__C1_tail_up,S2_U3_filter_only_no_refill,C1_tail_up
20260506,10bp_slippage_plus_impact,-0.028983784346924613,True,1,S2_U3_filter_only_no_refill__C1_tail_up,S2_U3_filter_only_no_refill,C1_tail_up
20260507,10bp_slippage_plus_impact,0.02512795531478118,True,1,S2_U3_filter_only_no_refill__C1_tail_up,S2_U3_filter_only_no_refill,C1_tail_up
20260508,10bp_slippage_plus_impact,0.0,False,0,S2_U3_filter_only_no_refill__C1_tail_up,S2_U3_filter_only_no_refill,C1_tail_up
20260511,10bp_slippage_plus_impact,-0.01430093811548581,True,6,S2_U3_filter_only_no_refill__C1_tail_up,S2_U3_filter_only_no_refill,C1_tail_up
20260512,10bp_slippage_plus_impact,-0.039387509810122456,True,2,S2_U3_filter_only_no_refill__C1_tail_up,S2_U3_filter_only_no_refill,C1_tail_up
20260513,10bp_slippage_plus_impact,0.028835784885735904,True,5,S2_U3_filter_only_no_refill__C1_tail_up,S2_U3_filter_only_no_refill,C1_tail_up
20260514,10bp_slippage_plus_impact,0.0,False,0,S2_U3_filter_only_no_refill__C1_tail_up,S2_U3_filter_only_no_refill,C1_tail_up
20260515,10bp_slippage_plus_impact,0.010280365785848206,True,4,S2_U3_filter_only_no_refill__C1_tail_up,S2_U3_filter_only_no_refill,C1_tail_up
20260518,10bp_slippage_plus_impact,-0.01329695699231829,True,3,S2_U3_filter_only_no_refill__C1_tail_up,S2_U3_filter_only_no_refill,C1_tail_up
20260519,10bp_slippage_plus_impact,-0.018729952353845874,True,7,S2_U3_filter_only_no_refill__C1_tail_up,S2_U3_filter_only_no_refill,C1_tail_up
20260520,10bp_slippage_plus_impact,0.02309157990395064,True,7,S2_U3_filter_only_no_refill__C1_tail_up,S2_U3_filter_only_no_refill,C1_tail_up
20260224,5bp_one_way_slippage,0.004724795400576243,True,2,S2_U3_filter_only_no_refill__C2_market_up,S2_U3_filter_only_no_refill,C2_market_up
20260225,5bp_one_way_slippage,0.01195320737072438,True,6,S2_U3_filter_only_no_refill__C2_market_up,S2_U3_filter_only_no_refill,C2_market_up
20260226,5bp_one_way_slippage,0.0,False,0,S2_U3_filter_only_no_refill__C2_market_up,S2_U3_filter_only_no_refill,C2_market_up
20260227,5bp_one_way_slippage,-0.02124986349673944,True,7,S2_U3_filter_only_no_refill__C2_market_up,S2_U3_filter_only_no_refill,C2_market_up
20260302,5bp_one_way_slippage,0.0,False,0,S2_U3_filter_only_no_refill__C2_market_up,S2_U3_filter_only_no_refill,C2_market_up
20260303,5bp_one_way_slippage,0.0,False,0,S2_U3_filter_only_no_refill__C2_market_up,S2_U3_filter_only_no_refill,C2_market_up
20260304,5bp_one_way_slippage,0.0,False,0,S2_U3_filter_only_no_refill__C2_market_up,S2_U3_filter_only_no_refill,C2_market_up
20260305,5bp_one_way_slippage,0.0,True,0,S2_U3_filter_only_no_refill__C2_market_up,S2_U3_filter_only_no_refill,C2_market_up
20260306,5bp_one_way_slippage,-0.02583326916573799,True,3,S2_U3_filter_only_no_refill__C2_market_up,S2_U3_filter_only_no_refill,C2_market_up
20260309,5bp_one_way_slippage,0.0,False,0,S2_U3_filter_only_no_refill__C2_market_up,S2_U3_filter_only_no_refill,C2_market_up
20260310,5bp_one_way_slippage,0.0034454656450217946,True,2,S2_U3_filter_only_no_refill__C2_market_up,S2_U3_filter_only_no_refill,C2_market_up
20260311,5bp_one_way_slippage,0.0,False,0,S2_U3_filter_only_no_refill__C2_market_up,S2_U3_filter_only_no_refill,C2_market_up
20260312,5bp_one_way_slippage,0.0,False,0,S2_U3_filter_only_no_refill__C2_market_up,S2_U3_filter_only_no_refill,C2_market_up
20260313,5bp_one_way_slippage,0.0,False,0,S2_U3_filter_only_no_refill__C2_market_up,S2_U3_filter_only_no_refill,C2_market_up
20260316,5bp_one_way_slippage,-0.0016155135594425765,True,7,S2_U3_filter_only_no_refill__C2_market_up,S2_U3_filter_only_no_refill,C2_market_up
20260317,5bp_one_way_slippage,0.0,False,0,S2_U3_filter_only_no_refill__C2_market_up,S2_U3_filter_only_no_refill,C2_market_up
20260318,5bp_one_way_slippage,-0.01565502959425676,True,3,S2_U3_filter_only_no_refill__C2_market_up,S2_U3_filter_only_no_refill,C2_market_up
20260319,5bp_one_way_slippage,0.0,False,0,S2_U3_filter_only_no_refill__C2_market_up,S2_U3_filter_only_no_refill,C2_market_up
20260320,5bp_one_way_slippage,0.0,False,0,S2_U3_filter_only_no_refill__C2_market_up,S2_U3_filter_only_no_refill,C2_market_up
20260323,5bp_one_way_slippage,0.0,False,0,S2_U3_filter_only_no_refill__C2_market_up,S2_U3_filter_only_no_refill,C2_market_up
20260324,5bp_one_way_slippage,0.02682234123927074,True,1,S2_U3_filter_only_no_refill__C2_market_up,S2_U3_filter_only_no_refill,C2_market_up
20260325,5bp_one_way_slippage,-0.027609524998985058,True,1,S2_U3_filter_only_no_refill__C2_market_up,S2_U3_filter_only_no_refill,C2_market_up
20260326,5bp_one_way_slippage,0.0,False,0,S2_U3_filter_only_no_refill__C2_market_up,S2_U3_filter_only_no_refill,C2_market_up
20260327,5bp_one_way_slippage,-0.025303847362450615,True,1,S2_U3_filter_only_no_refill__C2_market_up,S2_U3_filter_only_no_refill,C2_market_up
20260330,5bp_one_way_slippage,0.01079902133263209,True,6,S2_U3_filter_only_no_refill__C2_market_up,S2_U3_filter_only_no_refill,C2_market_up
20260331,5bp_one_way_slippage,0.0,False,0,S2_U3_filter_only_no_refill__C2_market_up,S2_U3_filter_only_no_refill,C2_market_up
20260401,5bp_one_way_slippage,0.009562123008252543,True,2,S2_U3_filter_only_no_refill__C2_market_up,S2_U3_filter_only_no_refill,C2_market_up
20260402,5bp_one_way_slippage,0.0,False,0,S2_U3_filter_only_no_refill__C2_market_up,S2_U3_filter_only_no_refill,C2_market_up
20260403,5bp_one_way_slippage,0.0,False,0,S2_U3_filter_only_no_refill__C2_market_up,S2_U3_filter_only_no_refill,C2_market_up
20260407,5bp_one_way_slippage,0.029786433090066344,True,2,S2_U3_filter_only_no_refill__C2_market_up,S2_U3_filter_only_no_refill,C2_market_up
20260408,5bp_one_way_slippage,-0.018090424499673685,True,7,S2_U3_filter_only_no_refill__C2_market_up,S2_U3_filter_only_no_refill,C2_market_up
20260409,5bp_one_way_slippage,0.0,False,0,S2_U3_filter_only_no_refill__C2_market_up,S2_U3_filter_only_no_refill,C2_market_up
20260410,5bp_one_way_slippage,0.012132084405439975,True,4,S2_U3_filter_only_no_refill__C2_market_up,S2_U3_filter_only_no_refill,C2_market_up
20260413,5bp_one_way_slippage,0.0,False,0,S2_U3_filter_only_no_refill__C2_market_up,S2_U3_filter_only_no_refill,C2_market_up
20260414,5bp_one_way_slippage,0.04790525403756751,True,1,S2_U3_filter_only_no_refill__C2_market_up,S2_U3_filter_only_no_refill,C2_market_up
20260415,5bp_one_way_slippage,0.0,False,0,S2_U3_filter_only_no_refill__C2_market_up,S2_U3_filter_only_no_refill,C2_market_up
20260416,5bp_one_way_slippage,-0.0019985011241565598,True,1,S2_U3_filter_only_no_refill__C2_market_up,S2_U3_filter_only_no_refill,C2_market_up
20260417,5bp_one_way_slippage,0.0,False,0,S2_U3_filter_only_no_refill__C2_market_up,S2_U3_filter_only_no_refill,C2_market_up
20260420,5bp_one_way_slippage,0.010196770112061548,True,4,S2_U3_filter_only_no_refill__C2_market_up,S2_U3_filter_only_no_refill,C2_market_up
20260421,5bp_one_way_slippage,0.0,False,0,S2_U3_filter_only_no_refill__C2_market_up,S2_U3_filter_only_no_refill,C2_market_up
20260422,5bp_one_way_slippage,0.0074256977990293516,True,5,S2_U3_filter_only_no_refill__C2_market_up,S2_U3_filter_only_no_refill,C2_market_up
20260423,5bp_one_way_slippage,0.0,False,0,S2_U3_filter_only_no_refill__C2_market_up,S2_U3_filter_only_no_refill,C2_market_up
20260424,5bp_one_way_slippage,0.0,False,0,S2_U3_filter_only_no_refill__C2_market_up,S2_U3_filter_only_no_refill,C2_market_up
20260427,5bp_one_way_slippage,-0.01316089333629078,True,2,S2_U3_filter_only_no_refill__C2_market_up,S2_U3_filter_only_no_refill,C2_market_up
20260428,5bp_one_way_slippage,0.0,False,0,S2_U3_filter_only_no_refill__C2_market_up,S2_U3_filter_only_no_refill,C2_market_up
20260429,5bp_one_way_slippage,0.09511520030282283,True,1,S2_U3_filter_only_no_refill__C2_market_up,S2_U3_filter_only_no_refill,C2_market_up
20260430,5bp_one_way_slippage,0.04636913033459167,True,1,S2_U3_filter_only_no_refill__C2_market_up,S2_U3_filter_only_no_refill,C2_market_up
20260506,5bp_one_way_slippage,-0.027876907472472623,True,1,S2_U3_filter_only_no_refill__C2_market_up,S2_U3_filter_only_no_refill,C2_market_up
20260507,5bp_one_way_slippage,0.026261499161081225,True,1,S2_U3_filter_only_no_refill__C2_market_up,S2_U3_filter_only_no_refill,C2_market_up
20260508,5bp_one_way_slippage,0.0037320931411231172,True,9,S2_U3_filter_only_no_refill__C2_market_up,S2_U3_filter_only_no_refill,C2_market_up
20260511,5bp_one_way_slippage,-0.013214687454706811,True,6,S2_U3_filter_only_no_refill__C2_market_up,S2_U3_filter_only_no_refill,C2_market_up
20260512,5bp_one_way_slippage,0.0,False,0,S2_U3_filter_only_no_refill__C2_market_up,S2_U3_filter_only_no_refill,C2_market_up
20260513,5bp_one_way_slippage,0.029929466477680265,True,5,S2_U3_filter_only_no_refill__C2_market_up,S2_U3_filter_only_no_refill,C2_market_up
20260514,5bp_one_way_slippage,0.0,False,0,S2_U3_filter_only_no_refill__C2_market_up,S2_U3_filter_only_no_refill,C2_market_up
20260515,5bp_one_way_slippage,0.0,False,0,S2_U3_filter_only_no_refill__C2_market_up,S2_U3_filter_only_no_refill,C2_market_up
20260518,5bp_one_way_slippage,0.0,False,0,S2_U3_filter_only_no_refill__C2_market_up,S2_U3_filter_only_no_refill,C2_market_up
20260519,5bp_one_way_slippage,-0.017688779734396833,True,7,S2_U3_filter_only_no_refill__C2_market_up,S2_U3_filter_only_no_refill,C2_market_up
20260520,5bp_one_way_slippage,0.0,False,0,S2_U3_filter_only_no_refill__C2_market_up,S2_U3_filter_only_no_refill,C2_market_up
20260224,10bp_one_way_slippage,0.0037203202168819005,True,2,S2_U3_filter_only_no_refill__C2_market_up,S2_U3_filter_only_no_refill,C2_market_up
20260225,10bp_one_way_slippage,0.010941505570871424,True,6,S2_U3_filter_only_no_refill__C2_market_up,S2_U3_filter_only_no_refill,C2_market_up
20260226,10bp_one_way_slippage,0.0,False,0,S2_U3_filter_only_no_refill__C2_market_up,S2_U3_filter_only_no_refill,C2_market_up
20260227,10bp_one_way_slippage,-0.022228370474625687,True,7,S2_U3_filter_only_no_refill__C2_market_up,S2_U3_filter_only_no_refill,C2_market_up
20260302,10bp_one_way_slippage,0.0,False,0,S2_U3_filter_only_no_refill__C2_market_up,S2_U3_filter_only_no_refill,C2_market_up
20260303,10bp_one_way_slippage,0.0,False,0,S2_U3_filter_only_no_refill__C2_market_up,S2_U3_filter_only_no_refill,C2_market_up
20260304,10bp_one_way_slippage,0.0,False,0,S2_U3_filter_only_no_refill__C2_market_up,S2_U3_filter_only_no_refill,C2_market_up
20260305,10bp_one_way_slippage,0.0,True,0,S2_U3_filter_only_no_refill__C2_market_up,S2_U3_filter_only_no_refill,C2_market_up
20260306,10bp_one_way_slippage,-0.026807193876646873,True,3,S2_U3_filter_only_no_refill__C2_market_up,S2_U3_filter_only_no_refill,C2_market_up
20260309,10bp_one_way_slippage,0.0,False,0,S2_U3_filter_only_no_refill__C2_market_up,S2_U3_filter_only_no_refill,C2_market_up
20260310,10bp_one_way_slippage,0.0024422694732491035,True,2,S2_U3_filter_only_no_refill__C2_market_up,S2_U3_filter_only_no_refill,C2_market_up
20260311,10bp_one_way_slippage,0.0,False,0,S2_U3_filter_only_no_refill__C2_market_up,S2_U3_filter_only_no_refill,C2_market_up
20260312,10bp_one_way_slippage,0.0,False,0,S2_U3_filter_only_no_refill__C2_market_up,S2_U3_filter_only_no_refill,C2_market_up
20260313,10bp_one_way_slippage,0.0,False,0,S2_U3_filter_only_no_refill__C2_market_up,S2_U3_filter_only_no_refill,C2_market_up
20260316,10bp_one_way_slippage,-0.0026136500093497184,True,7,S2_U3_filter_only_no_refill__C2_market_up,S2_U3_filter_only_no_refill,C2_market_up
20260317,10bp_one_way_slippage,0.0,False,0,S2_U3_filter_only_no_refill__C2_market_up,S2_U3_filter_only_no_refill,C2_market_up
20260318,10bp_one_way_slippage,-0.01663913001607679,True,3,S2_U3_filter_only_no_refill__C2_market_up,S2_U3_filter_only_no_refill,C2_market_up
20260319,10bp_one_way_slippage,0.0,False,0,S2_U3_filter_only_no_refill__C2_market_up,S2_U3_filter_only_no_refill,C2_market_up
20260320,10bp_one_way_slippage,0.0,False,0,S2_U3_filter_only_no_refill__C2_market_up,S2_U3_filter_only_no_refill,C2_market_up
20260323,10bp_one_way_slippage,0.0,False,0,S2_U3_filter_only_no_refill__C2_market_up,S2_U3_filter_only_no_refill,C2_market_up
20260324,10bp_one_way_slippage,0.02579577399960553,True,1,S2_U3_filter_only_no_refill__C2_market_up,S2_U3_filter_only_no_refill,C2_market_up
20260325,10bp_one_way_slippage,-0.028581673895349935,True,1,S2_U3_filter_only_no_refill__C2_market_up,S2_U3_filter_only_no_refill,C2_market_up
20260326,10bp_one_way_slippage,0.0,False,0,S2_U3_filter_only_no_refill__C2_market_up,S2_U3_filter_only_no_refill,C2_market_up
20260327,10bp_one_way_slippage,-0.026278301363634404,True,1,S2_U3_filter_only_no_refill__C2_market_up,S2_U3_filter_only_no_refill,C2_market_up
20260330,10bp_one_way_slippage,0.009788473432073804,True,6,S2_U3_filter_only_no_refill__C2_market_up,S2_U3_filter_only_no_refill,C2_market_up
20260331,10bp_one_way_slippage,0.0,False,0,S2_U3_filter_only_no_refill__C2_market_up,S2_U3_filter_only_no_refill,C2_market_up
20260401,10bp_one_way_slippage,0.008552811698726126,True,2,S2_U3_filter_only_no_refill__C2_market_up,S2_U3_filter_only_no_refill,C2_market_up
20260402,10bp_one_way_slippage,0.0,False,0,S2_U3_filter_only_no_refill__C2_market_up,S2_U3_filter_only_no_refill,C2_market_up
20260403,10bp_one_way_slippage,0.0,False,0,S2_U3_filter_only_no_refill__C2_market_up,S2_U3_filter_only_no_refill,C2_market_up
20260407,10bp_one_way_slippage,0.028756902494943115,True,2,S2_U3_filter_only_no_refill__C2_market_up,S2_U3_filter_only_no_refill,C2_market_up
20260408,10bp_one_way_slippage,-0.019072090131632673,True,7,S2_U3_filter_only_no_refill__C2_market_up,S2_U3_filter_only_no_refill,C2_market_up
20260409,10bp_one_way_slippage,0.0,False,0,S2_U3_filter_only_no_refill__C2_market_up,S2_U3_filter_only_no_refill,C2_market_up
20260410,10bp_one_way_slippage,0.011120203772992165,True,4,S2_U3_filter_only_no_refill__C2_market_up,S2_U3_filter_only_no_refill,C2_market_up
20260413,10bp_one_way_slippage,0.0,False,0,S2_U3_filter_only_no_refill__C2_market_up,S2_U3_filter_only_no_refill,C2_market_up
20260414,10bp_one_way_slippage,0.04685760912289849,True,1,S2_U3_filter_only_no_refill__C2_market_up,S2_U3_filter_only_no_refill,C2_market_up
20260415,10bp_one_way_slippage,0.0,False,0,S2_U3_filter_only_no_refill__C2_market_up,S2_U3_filter_only_no_refill,C2_market_up
20260416,10bp_one_way_slippage,-0.0029962546816476587,True,1,S2_U3_filter_only_no_refill__C2_market_up,S2_U3_filter_only_no_refill,C2_market_up
20260417,10bp_one_way_slippage,0.0,False,0,S2_U3_filter_only_no_refill__C2_market_up,S2_U3_filter_only_no_refill,C2_market_up
20260420,10bp_one_way_slippage,0.009186824313101721,True,4,S2_U3_filter_only_no_refill__C2_market_up,S2_U3_filter_only_no_refill,C2_market_up
20260421,10bp_one_way_slippage,0.0,False,0,S2_U3_filter_only_no_refill__C2_market_up,S2_U3_filter_only_no_refill,C2_market_up
20260422,10bp_one_way_slippage,0.006418522383943248,True,5,S2_U3_filter_only_no_refill__C2_market_up,S2_U3_filter_only_no_refill,C2_market_up
20260423,10bp_one_way_slippage,0.0,False,0,S2_U3_filter_only_no_refill__C2_market_up,S2_U3_filter_only_no_refill,C2_market_up
20260424,10bp_one_way_slippage,0.0,False,0,S2_U3_filter_only_no_refill__C2_market_up,S2_U3_filter_only_no_refill,C2_market_up
20260427,10bp_one_way_slippage,-0.014147487274730808,True,2,S2_U3_filter_only_no_refill__C2_market_up,S2_U3_filter_only_no_refill,C2_market_up
20260428,10bp_one_way_slippage,0.0,False,0,S2_U3_filter_only_no_refill__C2_market_up,S2_U3_filter_only_no_refill,C2_market_up
20260429,10bp_one_way_slippage,0.09402035717062773,True,1,S2_U3_filter_only_no_refill__C2_market_up,S2_U3_filter_only_no_refill,C2_market_up
20260430,10bp_one_way_slippage,0.04532302116199394,True,1,S2_U3_filter_only_no_refill__C2_market_up,S2_U3_filter_only_no_refill,C2_market_up
20260506,10bp_one_way_slippage,-0.02884878905279198,True,1,S2_U3_filter_only_no_refill__C2_market_up,S2_U3_filter_only_no_refill,C2_market_up
20260507,10bp_one_way_slippage,0.025235492624159805,True,1,S2_U3_filter_only_no_refill__C2_market_up,S2_U3_filter_only_no_refill,C2_market_up
20260508,10bp_one_way_slippage,0.002728610413063554,True,9,S2_U3_filter_only_no_refill__C2_market_up,S2_U3_filter_only_no_refill,C2_market_up
20260511,10bp_one_way_slippage,-0.014201227612392953,True,6,S2_U3_filter_only_no_refill__C2_market_up,S2_U3_filter_only_no_refill,C2_market_up
20260512,10bp_one_way_slippage,0.0,False,0,S2_U3_filter_only_no_refill__C2_market_up,S2_U3_filter_only_no_refill,C2_market_up
20260513,10bp_one_way_slippage,0.028899792884704168,True,5,S2_U3_filter_only_no_refill__C2_market_up,S2_U3_filter_only_no_refill,C2_market_up
20260514,10bp_one_way_slippage,0.0,False,0,S2_U3_filter_only_no_refill__C2_market_up,S2_U3_filter_only_no_refill,C2_market_up
20260515,10bp_one_way_slippage,0.0,False,0,S2_U3_filter_only_no_refill__C2_market_up,S2_U3_filter_only_no_refill,C2_market_up
20260518,10bp_one_way_slippage,0.0,False,0,S2_U3_filter_only_no_refill__C2_market_up,S2_U3_filter_only_no_refill,C2_market_up
20260519,10bp_one_way_slippage,-0.018670846911337278,True,7,S2_U3_filter_only_no_refill__C2_market_up,S2_U3_filter_only_no_refill,C2_market_up
20260520,10bp_one_way_slippage,0.0,False,0,S2_U3_filter_only_no_refill__C2_market_up,S2_U3_filter_only_no_refill,C2_market_up
20260224,10bp_slippage_plus_impact,0.003516717739339592,True,2,S2_U3_filter_only_no_refill__C2_market_up,S2_U3_filter_only_no_refill,C2_market_up
20260225,10bp_slippage_plus_impact,0.010837139517104522,True,6,S2_U3_filter_only_no_refill__C2_market_up,S2_U3_filter_only_no_refill,C2_market_up
20260226,10bp_slippage_plus_impact,0.0,False,0,S2_U3_filter_only_no_refill__C2_market_up,S2_U3_filter_only_no_refill,C2_market_up
20260227,10bp_slippage_plus_impact,-0.02230390012265071,True,7,S2_U3_filter_only_no_refill__C2_market_up,S2_U3_filter_only_no_refill,C2_market_up
20260302,10bp_slippage_plus_impact,0.0,False,0,S2_U3_filter_only_no_refill__C2_market_up,S2_U3_filter_only_no_refill,C2_market_up
20260303,10bp_slippage_plus_impact,0.0,False,0,S2_U3_filter_only_no_refill__C2_market_up,S2_U3_filter_only_no_refill,C2_market_up
20260304,10bp_slippage_plus_impact,0.0,False,0,S2_U3_filter_only_no_refill__C2_market_up,S2_U3_filter_only_no_refill,C2_market_up
20260305,10bp_slippage_plus_impact,0.0,True,0,S2_U3_filter_only_no_refill__C2_market_up,S2_U3_filter_only_no_refill,C2_market_up
20260306,10bp_slippage_plus_impact,-0.026962095220935327,True,3,S2_U3_filter_only_no_refill__C2_market_up,S2_U3_filter_only_no_refill,C2_market_up
20260309,10bp_slippage_plus_impact,0.0,False,0,S2_U3_filter_only_no_refill__C2_market_up,S2_U3_filter_only_no_refill,C2_market_up
20260310,10bp_slippage_plus_impact,0.0022496210904366376,True,2,S2_U3_filter_only_no_refill__C2_market_up,S2_U3_filter_only_no_refill,C2_market_up
20260311,10bp_slippage_plus_impact,0.0,False,0,S2_U3_filter_only_no_refill__C2_market_up,S2_U3_filter_only_no_refill,C2_market_up
20260312,10bp_slippage_plus_impact,0.0,False,0,S2_U3_filter_only_no_refill__C2_market_up,S2_U3_filter_only_no_refill,C2_market_up
20260313,10bp_slippage_plus_impact,0.0,False,0,S2_U3_filter_only_no_refill__C2_market_up,S2_U3_filter_only_no_refill,C2_market_up
20260316,10bp_slippage_plus_impact,-0.0026955348298064613,True,7,S2_U3_filter_only_no_refill__C2_market_up,S2_U3_filter_only_no_refill,C2_market_up
20260317,10bp_slippage_plus_impact,0.0,False,0,S2_U3_filter_only_no_refill__C2_market_up,S2_U3_filter_only_no_refill,C2_market_up
20260318,10bp_slippage_plus_impact,-0.016881202062253742,True,3,S2_U3_filter_only_no_refill__C2_market_up,S2_U3_filter_only_no_refill,C2_market_up
20260319,10bp_slippage_plus_impact,0.0,False,0,S2_U3_filter_only_no_refill__C2_market_up,S2_U3_filter_only_no_refill,C2_market_up
20260320,10bp_slippage_plus_impact,0.0,False,0,S2_U3_filter_only_no_refill__C2_market_up,S2_U3_filter_only_no_refill,C2_market_up
20260323,10bp_slippage_plus_impact,0.0,False,0,S2_U3_filter_only_no_refill__C2_market_up,S2_U3_filter_only_no_refill,C2_market_up
20260324,10bp_slippage_plus_impact,0.025629565413185507,True,1,S2_U3_filter_only_no_refill__C2_market_up,S2_U3_filter_only_no_refill,C2_market_up
20260325,10bp_slippage_plus_impact,-0.028612429416778995,True,1,S2_U3_filter_only_no_refill__C2_market_up,S2_U3_filter_only_no_refill,C2_market_up
20260326,10bp_slippage_plus_impact,0.0,False,0,S2_U3_filter_only_no_refill__C2_market_up,S2_U3_filter_only_no_refill,C2_market_up
20260327,10bp_slippage_plus_impact,-0.02649804771833708,True,1,S2_U3_filter_only_no_refill__C2_market_up,S2_U3_filter_only_no_refill,C2_market_up
20260330,10bp_slippage_plus_impact,0.009676527348083275,True,6,S2_U3_filter_only_no_refill__C2_market_up,S2_U3_filter_only_no_refill,C2_market_up
20260331,10bp_slippage_plus_impact,0.0,False,0,S2_U3_filter_only_no_refill__C2_market_up,S2_U3_filter_only_no_refill,C2_market_up
20260401,10bp_slippage_plus_impact,0.008461115337810077,True,2,S2_U3_filter_only_no_refill__C2_market_up,S2_U3_filter_only_no_refill,C2_market_up
20260402,10bp_slippage_plus_impact,0.0,False,0,S2_U3_filter_only_no_refill__C2_market_up,S2_U3_filter_only_no_refill,C2_market_up
20260403,10bp_slippage_plus_impact,0.0,False,0,S2_U3_filter_only_no_refill__C2_market_up,S2_U3_filter_only_no_refill,C2_market_up
20260407,10bp_slippage_plus_impact,0.028591375203205316,True,2,S2_U3_filter_only_no_refill__C2_market_up,S2_U3_filter_only_no_refill,C2_market_up
20260408,10bp_slippage_plus_impact,-0.01920410461011863,True,7,S2_U3_filter_only_no_refill__C2_market_up,S2_U3_filter_only_no_refill,C2_market_up
20260409,10bp_slippage_plus_impact,0.0,False,0,S2_U3_filter_only_no_refill__C2_market_up,S2_U3_filter_only_no_refill,C2_market_up
20260410,10bp_slippage_plus_impact,0.011015230590305625,True,4,S2_U3_filter_only_no_refill__C2_market_up,S2_U3_filter_only_no_refill,C2_market_up
20260413,10bp_slippage_plus_impact,0.0,False,0,S2_U3_filter_only_no_refill__C2_market_up,S2_U3_filter_only_no_refill,C2_market_up
20260414,10bp_slippage_plus_impact,0.046568041140218064,True,1,S2_U3_filter_only_no_refill__C2_market_up,S2_U3_filter_only_no_refill,C2_market_up
20260415,10bp_slippage_plus_impact,0.0,False,0,S2_U3_filter_only_no_refill__C2_market_up,S2_U3_filter_only_no_refill,C2_market_up
20260416,10bp_slippage_plus_impact,-0.0032192318409106635,True,1,S2_U3_filter_only_no_refill__C2_market_up,S2_U3_filter_only_no_refill,C2_market_up
20260417,10bp_slippage_plus_impact,0.0,False,0,S2_U3_filter_only_no_refill__C2_market_up,S2_U3_filter_only_no_refill,C2_market_up
20260420,10bp_slippage_plus_impact,0.00907372519498617,True,4,S2_U3_filter_only_no_refill__C2_market_up,S2_U3_filter_only_no_refill,C2_market_up
20260421,10bp_slippage_plus_impact,0.0,False,0,S2_U3_filter_only_no_refill__C2_market_up,S2_U3_filter_only_no_refill,C2_market_up
20260422,10bp_slippage_plus_impact,0.006316351101038542,True,5,S2_U3_filter_only_no_refill__C2_market_up,S2_U3_filter_only_no_refill,C2_market_up
20260423,10bp_slippage_plus_impact,0.0,False,0,S2_U3_filter_only_no_refill__C2_market_up,S2_U3_filter_only_no_refill,C2_market_up
20260424,10bp_slippage_plus_impact,0.0,False,0,S2_U3_filter_only_no_refill__C2_market_up,S2_U3_filter_only_no_refill,C2_market_up
20260427,10bp_slippage_plus_impact,-0.014302107752333149,True,2,S2_U3_filter_only_no_refill__C2_market_up,S2_U3_filter_only_no_refill,C2_market_up
20260428,10bp_slippage_plus_impact,0.0,False,0,S2_U3_filter_only_no_refill__C2_market_up,S2_U3_filter_only_no_refill,C2_market_up
20260429,10bp_slippage_plus_impact,0.09385402214144478,True,1,S2_U3_filter_only_no_refill__C2_market_up,S2_U3_filter_only_no_refill,C2_market_up
20260430,10bp_slippage_plus_impact,0.04515546573842277,True,1,S2_U3_filter_only_no_refill__C2_market_up,S2_U3_filter_only_no_refill,C2_market_up
20260506,10bp_slippage_plus_impact,-0.028983784346924613,True,1,S2_U3_filter_only_no_refill__C2_market_up,S2_U3_filter_only_no_refill,C2_market_up
20260507,10bp_slippage_plus_impact,0.02512795531478118,True,1,S2_U3_filter_only_no_refill__C2_market_up,S2_U3_filter_only_no_refill,C2_market_up
20260508,10bp_slippage_plus_impact,0.0026533644640061274,True,9,S2_U3_filter_only_no_refill__C2_market_up,S2_U3_filter_only_no_refill,C2_market_up
20260511,10bp_slippage_plus_impact,-0.01430093811548581,True,6,S2_U3_filter_only_no_refill__C2_market_up,S2_U3_filter_only_no_refill,C2_market_up
20260512,10bp_slippage_plus_impact,0.0,False,0,S2_U3_filter_only_no_refill__C2_market_up,S2_U3_filter_only_no_refill,C2_market_up
20260513,10bp_slippage_plus_impact,0.028835784885735904,True,5,S2_U3_filter_only_no_refill__C2_market_up,S2_U3_filter_only_no_refill,C2_market_up
20260514,10bp_slippage_plus_impact,0.0,False,0,S2_U3_filter_only_no_refill__C2_market_up,S2_U3_filter_only_no_refill,C2_market_up
20260515,10bp_slippage_plus_impact,0.0,False,0,S2_U3_filter_only_no_refill__C2_market_up,S2_U3_filter_only_no_refill,C2_market_up
20260518,10bp_slippage_plus_impact,0.0,False,0,S2_U3_filter_only_no_refill__C2_market_up,S2_U3_filter_only_no_refill,C2_market_up
20260519,10bp_slippage_plus_impact,-0.018729952353845874,True,7,S2_U3_filter_only_no_refill__C2_market_up,S2_U3_filter_only_no_refill,C2_market_up
20260520,10bp_slippage_plus_impact,0.0,False,0,S2_U3_filter_only_no_refill__C2_market_up,S2_U3_filter_only_no_refill,C2_market_up
20260224,5bp_one_way_slippage,0.0,False,0,S2_U3_filter_only_no_refill__C3_tail_breadth_Q5_high,S2_U3_filter_only_no_refill,C3_tail_breadth_Q5_high
20260225,5bp_one_way_slippage,0.0,False,0,S2_U3_filter_only_no_refill__C3_tail_breadth_Q5_high,S2_U3_filter_only_no_refill,C3_tail_breadth_Q5_high
20260226,5bp_one_way_slippage,0.0021895507508795237,True,8,S2_U3_filter_only_no_refill__C3_tail_breadth_Q5_high,S2_U3_filter_only_no_refill,C3_tail_breadth_Q5_high
20260227,5bp_one_way_slippage,0.0,False,0,S2_U3_filter_only_no_refill__C3_tail_breadth_Q5_high,S2_U3_filter_only_no_refill,C3_tail_breadth_Q5_high
20260302,5bp_one_way_slippage,0.0,False,0,S2_U3_filter_only_no_refill__C3_tail_breadth_Q5_high,S2_U3_filter_only_no_refill,C3_tail_breadth_Q5_high
20260303,5bp_one_way_slippage,0.0,False,0,S2_U3_filter_only_no_refill__C3_tail_breadth_Q5_high,S2_U3_filter_only_no_refill,C3_tail_breadth_Q5_high
20260304,5bp_one_way_slippage,0.0,False,0,S2_U3_filter_only_no_refill__C3_tail_breadth_Q5_high,S2_U3_filter_only_no_refill,C3_tail_breadth_Q5_high
20260305,5bp_one_way_slippage,0.0,False,0,S2_U3_filter_only_no_refill__C3_tail_breadth_Q5_high,S2_U3_filter_only_no_refill,C3_tail_breadth_Q5_high
20260306,5bp_one_way_slippage,0.0,False,0,S2_U3_filter_only_no_refill__C3_tail_breadth_Q5_high,S2_U3_filter_only_no_refill,C3_tail_breadth_Q5_high
20260309,5bp_one_way_slippage,0.0,False,0,S2_U3_filter_only_no_refill__C3_tail_breadth_Q5_high,S2_U3_filter_only_no_refill,C3_tail_breadth_Q5_high
20260310,5bp_one_way_slippage,0.0034454656450217946,True,2,S2_U3_filter_only_no_refill__C3_tail_breadth_Q5_high,S2_U3_filter_only_no_refill,C3_tail_breadth_Q5_high
20260311,5bp_one_way_slippage,0.0,False,0,S2_U3_filter_only_no_refill__C3_tail_breadth_Q5_high,S2_U3_filter_only_no_refill,C3_tail_breadth_Q5_high
20260312,5bp_one_way_slippage,0.0,False,0,S2_U3_filter_only_no_refill__C3_tail_breadth_Q5_high,S2_U3_filter_only_no_refill,C3_tail_breadth_Q5_high
20260313,5bp_one_way_slippage,0.0,False,0,S2_U3_filter_only_no_refill__C3_tail_breadth_Q5_high,S2_U3_filter_only_no_refill,C3_tail_breadth_Q5_high
20260316,5bp_one_way_slippage,0.0,False,0,S2_U3_filter_only_no_refill__C3_tail_breadth_Q5_high,S2_U3_filter_only_no_refill,C3_tail_breadth_Q5_high
20260317,5bp_one_way_slippage,0.0,False,0,S2_U3_filter_only_no_refill__C3_tail_breadth_Q5_high,S2_U3_filter_only_no_refill,C3_tail_breadth_Q5_high
20260318,5bp_one_way_slippage,-0.01565502959425676,True,3,S2_U3_filter_only_no_refill__C3_tail_breadth_Q5_high,S2_U3_filter_only_no_refill,C3_tail_breadth_Q5_high
20260319,5bp_one_way_slippage,0.0,False,0,S2_U3_filter_only_no_refill__C3_tail_breadth_Q5_high,S2_U3_filter_only_no_refill,C3_tail_breadth_Q5_high
20260320,5bp_one_way_slippage,0.0,False,0,S2_U3_filter_only_no_refill__C3_tail_breadth_Q5_high,S2_U3_filter_only_no_refill,C3_tail_breadth_Q5_high
20260323,5bp_one_way_slippage,0.0,False,0,S2_U3_filter_only_no_refill__C3_tail_breadth_Q5_high,S2_U3_filter_only_no_refill,C3_tail_breadth_Q5_high
20260324,5bp_one_way_slippage,0.02682234123927074,True,1,S2_U3_filter_only_no_refill__C3_tail_breadth_Q5_high,S2_U3_filter_only_no_refill,C3_tail_breadth_Q5_high
20260325,5bp_one_way_slippage,-0.027609524998985058,True,1,S2_U3_filter_only_no_refill__C3_tail_breadth_Q5_high,S2_U3_filter_only_no_refill,C3_tail_breadth_Q5_high
20260326,5bp_one_way_slippage,0.0,False,0,S2_U3_filter_only_no_refill__C3_tail_breadth_Q5_high,S2_U3_filter_only_no_refill,C3_tail_breadth_Q5_high
20260327,5bp_one_way_slippage,0.0,False,0,S2_U3_filter_only_no_refill__C3_tail_breadth_Q5_high,S2_U3_filter_only_no_refill,C3_tail_breadth_Q5_high
20260330,5bp_one_way_slippage,0.0,False,0,S2_U3_filter_only_no_refill__C3_tail_breadth_Q5_high,S2_U3_filter_only_no_refill,C3_tail_breadth_Q5_high
20260331,5bp_one_way_slippage,0.0,False,0,S2_U3_filter_only_no_refill__C3_tail_breadth_Q5_high,S2_U3_filter_only_no_refill,C3_tail_breadth_Q5_high
20260401,5bp_one_way_slippage,0.009562123008252543,True,2,S2_U3_filter_only_no_refill__C3_tail_breadth_Q5_high,S2_U3_filter_only_no_refill,C3_tail_breadth_Q5_high
20260402,5bp_one_way_slippage,0.0,False,0,S2_U3_filter_only_no_refill__C3_tail_breadth_Q5_high,S2_U3_filter_only_no_refill,C3_tail_breadth_Q5_high
20260403,5bp_one_way_slippage,0.0,False,0,S2_U3_filter_only_no_refill__C3_tail_breadth_Q5_high,S2_U3_filter_only_no_refill,C3_tail_breadth_Q5_high
20260407,5bp_one_way_slippage,0.0,False,0,S2_U3_filter_only_no_refill__C3_tail_breadth_Q5_high,S2_U3_filter_only_no_refill,C3_tail_breadth_Q5_high
20260408,5bp_one_way_slippage,-0.018090424499673685,True,7,S2_U3_filter_only_no_refill__C3_tail_breadth_Q5_high,S2_U3_filter_only_no_refill,C3_tail_breadth_Q5_high
20260409,5bp_one_way_slippage,0.0,False,0,S2_U3_filter_only_no_refill__C3_tail_breadth_Q5_high,S2_U3_filter_only_no_refill,C3_tail_breadth_Q5_high
20260410,5bp_one_way_slippage,0.0,False,0,S2_U3_filter_only_no_refill__C3_tail_breadth_Q5_high,S2_U3_filter_only_no_refill,C3_tail_breadth_Q5_high
20260413,5bp_one_way_slippage,0.0,False,0,S2_U3_filter_only_no_refill__C3_tail_breadth_Q5_high,S2_U3_filter_only_no_refill,C3_tail_breadth_Q5_high
20260414,5bp_one_way_slippage,0.04790525403756751,True,1,S2_U3_filter_only_no_refill__C3_tail_breadth_Q5_high,S2_U3_filter_only_no_refill,C3_tail_breadth_Q5_high
20260415,5bp_one_way_slippage,0.0,False,0,S2_U3_filter_only_no_refill__C3_tail_breadth_Q5_high,S2_U3_filter_only_no_refill,C3_tail_breadth_Q5_high
20260416,5bp_one_way_slippage,0.0,False,0,S2_U3_filter_only_no_refill__C3_tail_breadth_Q5_high,S2_U3_filter_only_no_refill,C3_tail_breadth_Q5_high
20260417,5bp_one_way_slippage,0.0,False,0,S2_U3_filter_only_no_refill__C3_tail_breadth_Q5_high,S2_U3_filter_only_no_refill,C3_tail_breadth_Q5_high
20260420,5bp_one_way_slippage,0.0,False,0,S2_U3_filter_only_no_refill__C3_tail_breadth_Q5_high,S2_U3_filter_only_no_refill,C3_tail_breadth_Q5_high
20260421,5bp_one_way_slippage,-0.003945027293928621,True,8,S2_U3_filter_only_no_refill__C3_tail_breadth_Q5_high,S2_U3_filter_only_no_refill,C3_tail_breadth_Q5_high
20260422,5bp_one_way_slippage,0.0074256977990293516,True,5,S2_U3_filter_only_no_refill__C3_tail_breadth_Q5_high,S2_U3_filter_only_no_refill,C3_tail_breadth_Q5_high
20260423,5bp_one_way_slippage,0.0,False,0,S2_U3_filter_only_no_refill__C3_tail_breadth_Q5_high,S2_U3_filter_only_no_refill,C3_tail_breadth_Q5_high
20260424,5bp_one_way_slippage,0.0,False,0,S2_U3_filter_only_no_refill__C3_tail_breadth_Q5_high,S2_U3_filter_only_no_refill,C3_tail_breadth_Q5_high
20260427,5bp_one_way_slippage,0.0,False,0,S2_U3_filter_only_no_refill__C3_tail_breadth_Q5_high,S2_U3_filter_only_no_refill,C3_tail_breadth_Q5_high
20260428,5bp_one_way_slippage,0.0,False,0,S2_U3_filter_only_no_refill__C3_tail_breadth_Q5_high,S2_U3_filter_only_no_refill,C3_tail_breadth_Q5_high
20260429,5bp_one_way_slippage,0.0,False,0,S2_U3_filter_only_no_refill__C3_tail_breadth_Q5_high,S2_U3_filter_only_no_refill,C3_tail_breadth_Q5_high
20260430,5bp_one_way_slippage,0.0,False,0,S2_U3_filter_only_no_refill__C3_tail_breadth_Q5_high,S2_U3_filter_only_no_refill,C3_tail_breadth_Q5_high
20260506,5bp_one_way_slippage,-0.027876907472472623,True,1,S2_U3_filter_only_no_refill__C3_tail_breadth_Q5_high,S2_U3_filter_only_no_refill,C3_tail_breadth_Q5_high
20260507,5bp_one_way_slippage,0.0,False,0,S2_U3_filter_only_no_refill__C3_tail_breadth_Q5_high,S2_U3_filter_only_no_refill,C3_tail_breadth_Q5_high
20260508,5bp_one_way_slippage,0.0,False,0,S2_U3_filter_only_no_refill__C3_tail_breadth_Q5_high,S2_U3_filter_only_no_refill,C3_tail_breadth_Q5_high
20260511,5bp_one_way_slippage,0.0,False,0,S2_U3_filter_only_no_refill__C3_tail_breadth_Q5_high,S2_U3_filter_only_no_refill,C3_tail_breadth_Q5_high
20260512,5bp_one_way_slippage,0.0,False,0,S2_U3_filter_only_no_refill__C3_tail_breadth_Q5_high,S2_U3_filter_only_no_refill,C3_tail_breadth_Q5_high
20260513,5bp_one_way_slippage,0.0,False,0,S2_U3_filter_only_no_refill__C3_tail_breadth_Q5_high,S2_U3_filter_only_no_refill,C3_tail_breadth_Q5_high
20260514,5bp_one_way_slippage,0.0,False,0,S2_U3_filter_only_no_refill__C3_tail_breadth_Q5_high,S2_U3_filter_only_no_refill,C3_tail_breadth_Q5_high
20260515,5bp_one_way_slippage,0.0,False,0,S2_U3_filter_only_no_refill__C3_tail_breadth_Q5_high,S2_U3_filter_only_no_refill,C3_tail_breadth_Q5_high
20260518,5bp_one_way_slippage,0.0,False,0,S2_U3_filter_only_no_refill__C3_tail_breadth_Q5_high,S2_U3_filter_only_no_refill,C3_tail_breadth_Q5_high
20260519,5bp_one_way_slippage,-0.017688779734396833,True,7,S2_U3_filter_only_no_refill__C3_tail_breadth_Q5_high,S2_U3_filter_only_no_refill,C3_tail_breadth_Q5_high
20260520,5bp_one_way_slippage,0.0,False,0,S2_U3_filter_only_no_refill__C3_tail_breadth_Q5_high,S2_U3_filter_only_no_refill,C3_tail_breadth_Q5_high
20260224,10bp_one_way_slippage,0.0,False,0,S2_U3_filter_only_no_refill__C3_tail_breadth_Q5_high,S2_U3_filter_only_no_refill,C3_tail_breadth_Q5_high
20260225,10bp_one_way_slippage,0.0,False,0,S2_U3_filter_only_no_refill__C3_tail_breadth_Q5_high,S2_U3_filter_only_no_refill,C3_tail_breadth_Q5_high
20260226,10bp_one_way_slippage,0.0011876101819841833,True,8,S2_U3_filter_only_no_refill__C3_tail_breadth_Q5_high,S2_U3_filter_only_no_refill,C3_tail_breadth_Q5_high
20260227,10bp_one_way_slippage,0.0,False,0,S2_U3_filter_only_no_refill__C3_tail_breadth_Q5_high,S2_U3_filter_only_no_refill,C3_tail_breadth_Q5_high
20260302,10bp_one_way_slippage,0.0,False,0,S2_U3_filter_only_no_refill__C3_tail_breadth_Q5_high,S2_U3_filter_only_no_refill,C3_tail_breadth_Q5_high
20260303,10bp_one_way_slippage,0.0,False,0,S2_U3_filter_only_no_refill__C3_tail_breadth_Q5_high,S2_U3_filter_only_no_refill,C3_tail_breadth_Q5_high
20260304,10bp_one_way_slippage,0.0,False,0,S2_U3_filter_only_no_refill__C3_tail_breadth_Q5_high,S2_U3_filter_only_no_refill,C3_tail_breadth_Q5_high
20260305,10bp_one_way_slippage,0.0,False,0,S2_U3_filter_only_no_refill__C3_tail_breadth_Q5_high,S2_U3_filter_only_no_refill,C3_tail_breadth_Q5_high
20260306,10bp_one_way_slippage,0.0,False,0,S2_U3_filter_only_no_refill__C3_tail_breadth_Q5_high,S2_U3_filter_only_no_refill,C3_tail_breadth_Q5_high
20260309,10bp_one_way_slippage,0.0,False,0,S2_U3_filter_only_no_refill__C3_tail_breadth_Q5_high,S2_U3_filter_only_no_refill,C3_tail_breadth_Q5_high
20260310,10bp_one_way_slippage,0.0024422694732491035,True,2,S2_U3_filter_only_no_refill__C3_tail_breadth_Q5_high,S2_U3_filter_only_no_refill,C3_tail_breadth_Q5_high
20260311,10bp_one_way_slippage,0.0,False,0,S2_U3_filter_only_no_refill__C3_tail_breadth_Q5_high,S2_U3_filter_only_no_refill,C3_tail_breadth_Q5_high
20260312,10bp_one_way_slippage,0.0,False,0,S2_U3_filter_only_no_refill__C3_tail_breadth_Q5_high,S2_U3_filter_only_no_refill,C3_tail_breadth_Q5_high
20260313,10bp_one_way_slippage,0.0,False,0,S2_U3_filter_only_no_refill__C3_tail_breadth_Q5_high,S2_U3_filter_only_no_refill,C3_tail_breadth_Q5_high
20260316,10bp_one_way_slippage,0.0,False,0,S2_U3_filter_only_no_refill__C3_tail_breadth_Q5_high,S2_U3_filter_only_no_refill,C3_tail_breadth_Q5_high
20260317,10bp_one_way_slippage,0.0,False,0,S2_U3_filter_only_no_refill__C3_tail_breadth_Q5_high,S2_U3_filter_only_no_refill,C3_tail_breadth_Q5_high
20260318,10bp_one_way_slippage,-0.01663913001607679,True,3,S2_U3_filter_only_no_refill__C3_tail_breadth_Q5_high,S2_U3_filter_only_no_refill,C3_tail_breadth_Q5_high
20260319,10bp_one_way_slippage,0.0,False,0,S2_U3_filter_only_no_refill__C3_tail_breadth_Q5_high,S2_U3_filter_only_no_refill,C3_tail_breadth_Q5_high
20260320,10bp_one_way_slippage,0.0,False,0,S2_U3_filter_only_no_refill__C3_tail_breadth_Q5_high,S2_U3_filter_only_no_refill,C3_tail_breadth_Q5_high
20260323,10bp_one_way_slippage,0.0,False,0,S2_U3_filter_only_no_refill__C3_tail_breadth_Q5_high,S2_U3_filter_only_no_refill,C3_tail_breadth_Q5_high
20260324,10bp_one_way_slippage,0.02579577399960553,True,1,S2_U3_filter_only_no_refill__C3_tail_breadth_Q5_high,S2_U3_filter_only_no_refill,C3_tail_breadth_Q5_high
20260325,10bp_one_way_slippage,-0.028581673895349935,True,1,S2_U3_filter_only_no_refill__C3_tail_breadth_Q5_high,S2_U3_filter_only_no_refill,C3_tail_breadth_Q5_high
20260326,10bp_one_way_slippage,0.0,False,0,S2_U3_filter_only_no_refill__C3_tail_breadth_Q5_high,S2_U3_filter_only_no_refill,C3_tail_breadth_Q5_high
20260327,10bp_one_way_slippage,0.0,False,0,S2_U3_filter_only_no_refill__C3_tail_breadth_Q5_high,S2_U3_filter_only_no_refill,C3_tail_breadth_Q5_high
20260330,10bp_one_way_slippage,0.0,False,0,S2_U3_filter_only_no_refill__C3_tail_breadth_Q5_high,S2_U3_filter_only_no_refill,C3_tail_breadth_Q5_high
20260331,10bp_one_way_slippage,0.0,False,0,S2_U3_filter_only_no_refill__C3_tail_breadth_Q5_high,S2_U3_filter_only_no_refill,C3_tail_breadth_Q5_high
20260401,10bp_one_way_slippage,0.008552811698726126,True,2,S2_U3_filter_only_no_refill__C3_tail_breadth_Q5_high,S2_U3_filter_only_no_refill,C3_tail_breadth_Q5_high
20260402,10bp_one_way_slippage,0.0,False,0,S2_U3_filter_only_no_refill__C3_tail_breadth_Q5_high,S2_U3_filter_only_no_refill,C3_tail_breadth_Q5_high
20260403,10bp_one_way_slippage,0.0,False,0,S2_U3_filter_only_no_refill__C3_tail_breadth_Q5_high,S2_U3_filter_only_no_refill,C3_tail_breadth_Q5_high
20260407,10bp_one_way_slippage,0.0,False,0,S2_U3_filter_only_no_refill__C3_tail_breadth_Q5_high,S2_U3_filter_only_no_refill,C3_tail_breadth_Q5_high
20260408,10bp_one_way_slippage,-0.019072090131632673,True,7,S2_U3_filter_only_no_refill__C3_tail_breadth_Q5_high,S2_U3_filter_only_no_refill,C3_tail_breadth_Q5_high
20260409,10bp_one_way_slippage,0.0,False,0,S2_U3_filter_only_no_refill__C3_tail_breadth_Q5_high,S2_U3_filter_only_no_refill,C3_tail_breadth_Q5_high
20260410,10bp_one_way_slippage,0.0,False,0,S2_U3_filter_only_no_refill__C3_tail_breadth_Q5_high,S2_U3_filter_only_no_refill,C3_tail_breadth_Q5_high
20260413,10bp_one_way_slippage,0.0,False,0,S2_U3_filter_only_no_refill__C3_tail_breadth_Q5_high,S2_U3_filter_only_no_refill,C3_tail_breadth_Q5_high
20260414,10bp_one_way_slippage,0.04685760912289849,True,1,S2_U3_filter_only_no_refill__C3_tail_breadth_Q5_high,S2_U3_filter_only_no_refill,C3_tail_breadth_Q5_high
20260415,10bp_one_way_slippage,0.0,False,0,S2_U3_filter_only_no_refill__C3_tail_breadth_Q5_high,S2_U3_filter_only_no_refill,C3_tail_breadth_Q5_high
20260416,10bp_one_way_slippage,0.0,False,0,S2_U3_filter_only_no_refill__C3_tail_breadth_Q5_high,S2_U3_filter_only_no_refill,C3_tail_breadth_Q5_high
20260417,10bp_one_way_slippage,0.0,False,0,S2_U3_filter_only_no_refill__C3_tail_breadth_Q5_high,S2_U3_filter_only_no_refill,C3_tail_breadth_Q5_high
20260420,10bp_one_way_slippage,0.0,False,0,S2_U3_filter_only_no_refill__C3_tail_breadth_Q5_high,S2_U3_filter_only_no_refill,C3_tail_breadth_Q5_high
20260421,10bp_one_way_slippage,-0.004940834808840763,True,8,S2_U3_filter_only_no_refill__C3_tail_breadth_Q5_high,S2_U3_filter_only_no_refill,C3_tail_breadth_Q5_high
20260422,10bp_one_way_slippage,0.006418522383943248,True,5,S2_U3_filter_only_no_refill__C3_tail_breadth_Q5_high,S2_U3_filter_only_no_refill,C3_tail_breadth_Q5_high
20260423,10bp_one_way_slippage,0.0,False,0,S2_U3_filter_only_no_refill__C3_tail_breadth_Q5_high,S2_U3_filter_only_no_refill,C3_tail_breadth_Q5_high
20260424,10bp_one_way_slippage,0.0,False,0,S2_U3_filter_only_no_refill__C3_tail_breadth_Q5_high,S2_U3_filter_only_no_refill,C3_tail_breadth_Q5_high
20260427,10bp_one_way_slippage,0.0,False,0,S2_U3_filter_only_no_refill__C3_tail_breadth_Q5_high,S2_U3_filter_only_no_refill,C3_tail_breadth_Q5_high
20260428,10bp_one_way_slippage,0.0,False,0,S2_U3_filter_only_no_refill__C3_tail_breadth_Q5_high,S2_U3_filter_only_no_refill,C3_tail_breadth_Q5_high
20260429,10bp_one_way_slippage,0.0,False,0,S2_U3_filter_only_no_refill__C3_tail_breadth_Q5_high,S2_U3_filter_only_no_refill,C3_tail_breadth_Q5_high
20260430,10bp_one_way_slippage,0.0,False,0,S2_U3_filter_only_no_refill__C3_tail_breadth_Q5_high,S2_U3_filter_only_no_refill,C3_tail_breadth_Q5_high
20260506,10bp_one_way_slippage,-0.02884878905279198,True,1,S2_U3_filter_only_no_refill__C3_tail_breadth_Q5_high,S2_U3_filter_only_no_refill,C3_tail_breadth_Q5_high
20260507,10bp_one_way_slippage,0.0,False,0,S2_U3_filter_only_no_refill__C3_tail_breadth_Q5_high,S2_U3_filter_only_no_refill,C3_tail_breadth_Q5_high
20260508,10bp_one_way_slippage,0.0,False,0,S2_U3_filter_only_no_refill__C3_tail_breadth_Q5_high,S2_U3_filter_only_no_refill,C3_tail_breadth_Q5_high
20260511,10bp_one_way_slippage,0.0,False,0,S2_U3_filter_only_no_refill__C3_tail_breadth_Q5_high,S2_U3_filter_only_no_refill,C3_tail_breadth_Q5_high
20260512,10bp_one_way_slippage,0.0,False,0,S2_U3_filter_only_no_refill__C3_tail_breadth_Q5_high,S2_U3_filter_only_no_refill,C3_tail_breadth_Q5_high
20260513,10bp_one_way_slippage,0.0,False,0,S2_U3_filter_only_no_refill__C3_tail_breadth_Q5_high,S2_U3_filter_only_no_refill,C3_tail_breadth_Q5_high
20260514,10bp_one_way_slippage,0.0,False,0,S2_U3_filter_only_no_refill__C3_tail_breadth_Q5_high,S2_U3_filter_only_no_refill,C3_tail_breadth_Q5_high
20260515,10bp_one_way_slippage,0.0,False,0,S2_U3_filter_only_no_refill__C3_tail_breadth_Q5_high,S2_U3_filter_only_no_refill,C3_tail_breadth_Q5_high
20260518,10bp_one_way_slippage,0.0,False,0,S2_U3_filter_only_no_refill__C3_tail_breadth_Q5_high,S2_U3_filter_only_no_refill,C3_tail_breadth_Q5_high
20260519,10bp_one_way_slippage,-0.018670846911337278,True,7,S2_U3_filter_only_no_refill__C3_tail_breadth_Q5_high,S2_U3_filter_only_no_refill,C3_tail_breadth_Q5_high
20260520,10bp_one_way_slippage,0.0,False,0,S2_U3_filter_only_no_refill__C3_tail_breadth_Q5_high,S2_U3_filter_only_no_refill,C3_tail_breadth_Q5_high
20260224,10bp_slippage_plus_impact,0.0,False,0,S2_U3_filter_only_no_refill__C3_tail_breadth_Q5_high,S2_U3_filter_only_no_refill,C3_tail_breadth_Q5_high
20260225,10bp_slippage_plus_impact,0.0,False,0,S2_U3_filter_only_no_refill__C3_tail_breadth_Q5_high,S2_U3_filter_only_no_refill,C3_tail_breadth_Q5_high
20260226,10bp_slippage_plus_impact,0.0010622141177435845,True,8,S2_U3_filter_only_no_refill__C3_tail_breadth_Q5_high,S2_U3_filter_only_no_refill,C3_tail_breadth_Q5_high
20260227,10bp_slippage_plus_impact,0.0,False,0,S2_U3_filter_only_no_refill__C3_tail_breadth_Q5_high,S2_U3_filter_only_no_refill,C3_tail_breadth_Q5_high
20260302,10bp_slippage_plus_impact,0.0,False,0,S2_U3_filter_only_no_refill__C3_tail_breadth_Q5_high,S2_U3_filter_only_no_refill,C3_tail_breadth_Q5_high
20260303,10bp_slippage_plus_impact,0.0,False,0,S2_U3_filter_only_no_refill__C3_tail_breadth_Q5_high,S2_U3_filter_only_no_refill,C3_tail_breadth_Q5_high
20260304,10bp_slippage_plus_impact,0.0,False,0,S2_U3_filter_only_no_refill__C3_tail_breadth_Q5_high,S2_U3_filter_only_no_refill,C3_tail_breadth_Q5_high
20260305,10bp_slippage_plus_impact,0.0,False,0,S2_U3_filter_only_no_refill__C3_tail_breadth_Q5_high,S2_U3_filter_only_no_refill,C3_tail_breadth_Q5_high
20260306,10bp_slippage_plus_impact,0.0,False,0,S2_U3_filter_only_no_refill__C3_tail_breadth_Q5_high,S2_U3_filter_only_no_refill,C3_tail_breadth_Q5_high
20260309,10bp_slippage_plus_impact,0.0,False,0,S2_U3_filter_only_no_refill__C3_tail_breadth_Q5_high,S2_U3_filter_only_no_refill,C3_tail_breadth_Q5_high
20260310,10bp_slippage_plus_impact,0.0022496210904366376,True,2,S2_U3_filter_only_no_refill__C3_tail_breadth_Q5_high,S2_U3_filter_only_no_refill,C3_tail_breadth_Q5_high
20260311,10bp_slippage_plus_impact,0.0,False,0,S2_U3_filter_only_no_refill__C3_tail_breadth_Q5_high,S2_U3_filter_only_no_refill,C3_tail_breadth_Q5_high
20260312,10bp_slippage_plus_impact,0.0,False,0,S2_U3_filter_only_no_refill__C3_tail_breadth_Q5_high,S2_U3_filter_only_no_refill,C3_tail_breadth_Q5_high
20260313,10bp_slippage_plus_impact,0.0,False,0,S2_U3_filter_only_no_refill__C3_tail_breadth_Q5_high,S2_U3_filter_only_no_refill,C3_tail_breadth_Q5_high
20260316,10bp_slippage_plus_impact,0.0,False,0,S2_U3_filter_only_no_refill__C3_tail_breadth_Q5_high,S2_U3_filter_only_no_refill,C3_tail_breadth_Q5_high
20260317,10bp_slippage_plus_impact,0.0,False,0,S2_U3_filter_only_no_refill__C3_tail_breadth_Q5_high,S2_U3_filter_only_no_refill,C3_tail_breadth_Q5_high
20260318,10bp_slippage_plus_impact,-0.016881202062253742,True,3,S2_U3_filter_only_no_refill__C3_tail_breadth_Q5_high,S2_U3_filter_only_no_refill,C3_tail_breadth_Q5_high
20260319,10bp_slippage_plus_impact,0.0,False,0,S2_U3_filter_only_no_refill__C3_tail_breadth_Q5_high,S2_U3_filter_only_no_refill,C3_tail_breadth_Q5_high
20260320,10bp_slippage_plus_impact,0.0,False,0,S2_U3_filter_only_no_refill__C3_tail_breadth_Q5_high,S2_U3_filter_only_no_refill,C3_tail_breadth_Q5_high
20260323,10bp_slippage_plus_impact,0.0,False,0,S2_U3_filter_only_no_refill__C3_tail_breadth_Q5_high,S2_U3_filter_only_no_refill,C3_tail_breadth_Q5_high
20260324,10bp_slippage_plus_impact,0.025629565413185507,True,1,S2_U3_filter_only_no_refill__C3_tail_breadth_Q5_high,S2_U3_filter_only_no_refill,C3_tail_breadth_Q5_high
20260325,10bp_slippage_plus_impact,-0.028612429416778995,True,1,S2_U3_filter_only_no_refill__C3_tail_breadth_Q5_high,S2_U3_filter_only_no_refill,C3_tail_breadth_Q5_high
20260326,10bp_slippage_plus_impact,0.0,False,0,S2_U3_filter_only_no_refill__C3_tail_breadth_Q5_high,S2_U3_filter_only_no_refill,C3_tail_breadth_Q5_high
20260327,10bp_slippage_plus_impact,0.0,False,0,S2_U3_filter_only_no_refill__C3_tail_breadth_Q5_high,S2_U3_filter_only_no_refill,C3_tail_breadth_Q5_high
20260330,10bp_slippage_plus_impact,0.0,False,0,S2_U3_filter_only_no_refill__C3_tail_breadth_Q5_high,S2_U3_filter_only_no_refill,C3_tail_breadth_Q5_high
20260331,10bp_slippage_plus_impact,0.0,False,0,S2_U3_filter_only_no_refill__C3_tail_breadth_Q5_high,S2_U3_filter_only_no_refill,C3_tail_breadth_Q5_high
20260401,10bp_slippage_plus_impact,0.008461115337810077,True,2,S2_U3_filter_only_no_refill__C3_tail_breadth_Q5_high,S2_U3_filter_only_no_refill,C3_tail_breadth_Q5_high
20260402,10bp_slippage_plus_impact,0.0,False,0,S2_U3_filter_only_no_refill__C3_tail_breadth_Q5_high,S2_U3_filter_only_no_refill,C3_tail_breadth_Q5_high
20260403,10bp_slippage_plus_impact,0.0,False,0,S2_U3_filter_only_no_refill__C3_tail_breadth_Q5_high,S2_U3_filter_only_no_refill,C3_tail_breadth_Q5_high
20260407,10bp_slippage_plus_impact,0.0,False,0,S2_U3_filter_only_no_refill__C3_tail_breadth_Q5_high,S2_U3_filter_only_no_refill,C3_tail_breadth_Q5_high
20260408,10bp_slippage_plus_impact,-0.01920410461011863,True,7,S2_U3_filter_only_no_refill__C3_tail_breadth_Q5_high,S2_U3_filter_only_no_refill,C3_tail_breadth_Q5_high
20260409,10bp_slippage_plus_impact,0.0,False,0,S2_U3_filter_only_no_refill__C3_tail_breadth_Q5_high,S2_U3_filter_only_no_refill,C3_tail_breadth_Q5_high
20260410,10bp_slippage_plus_impact,0.0,False,0,S2_U3_filter_only_no_refill__C3_tail_breadth_Q5_high,S2_U3_filter_only_no_refill,C3_tail_breadth_Q5_high
20260413,10bp_slippage_plus_impact,0.0,False,0,S2_U3_filter_only_no_refill__C3_tail_breadth_Q5_high,S2_U3_filter_only_no_refill,C3_tail_breadth_Q5_high
20260414,10bp_slippage_plus_impact,0.046568041140218064,True,1,S2_U3_filter_only_no_refill__C3_tail_breadth_Q5_high,S2_U3_filter_only_no_refill,C3_tail_breadth_Q5_high
20260415,10bp_slippage_plus_impact,0.0,False,0,S2_U3_filter_only_no_refill__C3_tail_breadth_Q5_high,S2_U3_filter_only_no_refill,C3_tail_breadth_Q5_high
20260416,10bp_slippage_plus_impact,0.0,False,0,S2_U3_filter_only_no_refill__C3_tail_breadth_Q5_high,S2_U3_filter_only_no_refill,C3_tail_breadth_Q5_high
20260417,10bp_slippage_plus_impact,0.0,False,0,S2_U3_filter_only_no_refill__C3_tail_breadth_Q5_high,S2_U3_filter_only_no_refill,C3_tail_breadth_Q5_high
20260420,10bp_slippage_plus_impact,0.0,False,0,S2_U3_filter_only_no_refill__C3_tail_breadth_Q5_high,S2_U3_filter_only_no_refill,C3_tail_breadth_Q5_high
20260421,10bp_slippage_plus_impact,-0.00501130032999221,True,8,S2_U3_filter_only_no_refill__C3_tail_breadth_Q5_high,S2_U3_filter_only_no_refill,C3_tail_breadth_Q5_high
20260422,10bp_slippage_plus_impact,0.006316351101038542,True,5,S2_U3_filter_only_no_refill__C3_tail_breadth_Q5_high,S2_U3_filter_only_no_refill,C3_tail_breadth_Q5_high
20260423,10bp_slippage_plus_impact,0.0,False,0,S2_U3_filter_only_no_refill__C3_tail_breadth_Q5_high,S2_U3_filter_only_no_refill,C3_tail_breadth_Q5_high
20260424,10bp_slippage_plus_impact,0.0,False,0,S2_U3_filter_only_no_refill__C3_tail_breadth_Q5_high,S2_U3_filter_only_no_refill,C3_tail_breadth_Q5_high
20260427,10bp_slippage_plus_impact,0.0,False,0,S2_U3_filter_only_no_refill__C3_tail_breadth_Q5_high,S2_U3_filter_only_no_refill,C3_tail_breadth_Q5_high
20260428,10bp_slippage_plus_impact,0.0,False,0,S2_U3_filter_only_no_refill__C3_tail_breadth_Q5_high,S2_U3_filter_only_no_refill,C3_tail_breadth_Q5_high
20260429,10bp_slippage_plus_impact,0.0,False,0,S2_U3_filter_only_no_refill__C3_tail_breadth_Q5_high,S2_U3_filter_only_no_refill,C3_tail_breadth_Q5_high
20260430,10bp_slippage_plus_impact,0.0,False,0,S2_U3_filter_only_no_refill__C3_tail_breadth_Q5_high,S2_U3_filter_only_no_refill,C3_tail_breadth_Q5_high
20260506,10bp_slippage_plus_impact,-0.028983784346924613,True,1,S2_U3_filter_only_no_refill__C3_tail_breadth_Q5_high,S2_U3_filter_only_no_refill,C3_tail_breadth_Q5_high
20260507,10bp_slippage_plus_impact,0.0,False,0,S2_U3_filter_only_no_refill__C3_tail_breadth_Q5_high,S2_U3_filter_only_no_refill,C3_tail_breadth_Q5_high
20260508,10bp_slippage_plus_impact,0.0,False,0,S2_U3_filter_only_no_refill__C3_tail_breadth_Q5_high,S2_U3_filter_only_no_refill,C3_tail_breadth_Q5_high
20260511,10bp_slippage_plus_impact,0.0,False,0,S2_U3_filter_only_no_refill__C3_tail_breadth_Q5_high,S2_U3_filter_only_no_refill,C3_tail_breadth_Q5_high
20260512,10bp_slippage_plus_impact,0.0,False,0,S2_U3_filter_only_no_refill__C3_tail_breadth_Q5_high,S2_U3_filter_only_no_refill,C3_tail_breadth_Q5_high
20260513,10bp_slippage_plus_impact,0.0,False,0,S2_U3_filter_only_no_refill__C3_tail_breadth_Q5_high,S2_U3_filter_only_no_refill,C3_tail_breadth_Q5_high
20260514,10bp_slippage_plus_impact,0.0,False,0,S2_U3_filter_only_no_refill__C3_tail_breadth_Q5_high,S2_U3_filter_only_no_refill,C3_tail_breadth_Q5_high
20260515,10bp_slippage_plus_impact,0.0,False,0,S2_U3_filter_only_no_refill__C3_tail_breadth_Q5_high,S2_U3_filter_only_no_refill,C3_tail_breadth_Q5_high
20260518,10bp_slippage_plus_impact,0.0,False,0,S2_U3_filter_only_no_refill__C3_tail_breadth_Q5_high,S2_U3_filter_only_no_refill,C3_tail_breadth_Q5_high
20260519,10bp_slippage_plus_impact,-0.018729952353845874,True,7,S2_U3_filter_only_no_refill__C3_tail_breadth_Q5_high,S2_U3_filter_only_no_refill,C3_tail_breadth_Q5_high
20260520,10bp_slippage_plus_impact,0.0,False,0,S2_U3_filter_only_no_refill__C3_tail_breadth_Q5_high,S2_U3_filter_only_no_refill,C3_tail_breadth_Q5_high
20260224,5bp_one_way_slippage,0.0,False,0,S2_U3_filter_only_no_refill__C4_tail_ret_median_Q5_high,S2_U3_filter_only_no_refill,C4_tail_ret_median_Q5_high
20260225,5bp_one_way_slippage,0.0,False,0,S2_U3_filter_only_no_refill__C4_tail_ret_median_Q5_high,S2_U3_filter_only_no_refill,C4_tail_ret_median_Q5_high
20260226,5bp_one_way_slippage,0.0021895507508795237,True,8,S2_U3_filter_only_no_refill__C4_tail_ret_median_Q5_high,S2_U3_filter_only_no_refill,C4_tail_ret_median_Q5_high
20260227,5bp_one_way_slippage,0.0,False,0,S2_U3_filter_only_no_refill__C4_tail_ret_median_Q5_high,S2_U3_filter_only_no_refill,C4_tail_ret_median_Q5_high
20260302,5bp_one_way_slippage,0.0,False,0,S2_U3_filter_only_no_refill__C4_tail_ret_median_Q5_high,S2_U3_filter_only_no_refill,C4_tail_ret_median_Q5_high
20260303,5bp_one_way_slippage,0.0,False,0,S2_U3_filter_only_no_refill__C4_tail_ret_median_Q5_high,S2_U3_filter_only_no_refill,C4_tail_ret_median_Q5_high
20260304,5bp_one_way_slippage,0.0,False,0,S2_U3_filter_only_no_refill__C4_tail_ret_median_Q5_high,S2_U3_filter_only_no_refill,C4_tail_ret_median_Q5_high
20260305,5bp_one_way_slippage,0.0,False,0,S2_U3_filter_only_no_refill__C4_tail_ret_median_Q5_high,S2_U3_filter_only_no_refill,C4_tail_ret_median_Q5_high
20260306,5bp_one_way_slippage,0.0,False,0,S2_U3_filter_only_no_refill__C4_tail_ret_median_Q5_high,S2_U3_filter_only_no_refill,C4_tail_ret_median_Q5_high
20260309,5bp_one_way_slippage,0.0,False,0,S2_U3_filter_only_no_refill__C4_tail_ret_median_Q5_high,S2_U3_filter_only_no_refill,C4_tail_ret_median_Q5_high
20260310,5bp_one_way_slippage,0.0034454656450217946,True,2,S2_U3_filter_only_no_refill__C4_tail_ret_median_Q5_high,S2_U3_filter_only_no_refill,C4_tail_ret_median_Q5_high
20260311,5bp_one_way_slippage,0.0,False,0,S2_U3_filter_only_no_refill__C4_tail_ret_median_Q5_high,S2_U3_filter_only_no_refill,C4_tail_ret_median_Q5_high
20260312,5bp_one_way_slippage,0.0,False,0,S2_U3_filter_only_no_refill__C4_tail_ret_median_Q5_high,S2_U3_filter_only_no_refill,C4_tail_ret_median_Q5_high
20260313,5bp_one_way_slippage,0.0,False,0,S2_U3_filter_only_no_refill__C4_tail_ret_median_Q5_high,S2_U3_filter_only_no_refill,C4_tail_ret_median_Q5_high
20260316,5bp_one_way_slippage,0.0,False,0,S2_U3_filter_only_no_refill__C4_tail_ret_median_Q5_high,S2_U3_filter_only_no_refill,C4_tail_ret_median_Q5_high
20260317,5bp_one_way_slippage,0.0,False,0,S2_U3_filter_only_no_refill__C4_tail_ret_median_Q5_high,S2_U3_filter_only_no_refill,C4_tail_ret_median_Q5_high
20260318,5bp_one_way_slippage,-0.01565502959425676,True,3,S2_U3_filter_only_no_refill__C4_tail_ret_median_Q5_high,S2_U3_filter_only_no_refill,C4_tail_ret_median_Q5_high
20260319,5bp_one_way_slippage,0.0,False,0,S2_U3_filter_only_no_refill__C4_tail_ret_median_Q5_high,S2_U3_filter_only_no_refill,C4_tail_ret_median_Q5_high
20260320,5bp_one_way_slippage,0.0,False,0,S2_U3_filter_only_no_refill__C4_tail_ret_median_Q5_high,S2_U3_filter_only_no_refill,C4_tail_ret_median_Q5_high
20260323,5bp_one_way_slippage,0.0,False,0,S2_U3_filter_only_no_refill__C4_tail_ret_median_Q5_high,S2_U3_filter_only_no_refill,C4_tail_ret_median_Q5_high
20260324,5bp_one_way_slippage,0.02682234123927074,True,1,S2_U3_filter_only_no_refill__C4_tail_ret_median_Q5_high,S2_U3_filter_only_no_refill,C4_tail_ret_median_Q5_high
20260325,5bp_one_way_slippage,-0.027609524998985058,True,1,S2_U3_filter_only_no_refill__C4_tail_ret_median_Q5_high,S2_U3_filter_only_no_refill,C4_tail_ret_median_Q5_high
20260326,5bp_one_way_slippage,0.0,False,0,S2_U3_filter_only_no_refill__C4_tail_ret_median_Q5_high,S2_U3_filter_only_no_refill,C4_tail_ret_median_Q5_high
20260327,5bp_one_way_slippage,0.0,False,0,S2_U3_filter_only_no_refill__C4_tail_ret_median_Q5_high,S2_U3_filter_only_no_refill,C4_tail_ret_median_Q5_high
20260330,5bp_one_way_slippage,0.0,False,0,S2_U3_filter_only_no_refill__C4_tail_ret_median_Q5_high,S2_U3_filter_only_no_refill,C4_tail_ret_median_Q5_high
20260331,5bp_one_way_slippage,0.0,False,0,S2_U3_filter_only_no_refill__C4_tail_ret_median_Q5_high,S2_U3_filter_only_no_refill,C4_tail_ret_median_Q5_high
20260401,5bp_one_way_slippage,0.009562123008252543,True,2,S2_U3_filter_only_no_refill__C4_tail_ret_median_Q5_high,S2_U3_filter_only_no_refill,C4_tail_ret_median_Q5_high
20260402,5bp_one_way_slippage,0.0,False,0,S2_U3_filter_only_no_refill__C4_tail_ret_median_Q5_high,S2_U3_filter_only_no_refill,C4_tail_ret_median_Q5_high
20260403,5bp_one_way_slippage,0.0,False,0,S2_U3_filter_only_no_refill__C4_tail_ret_median_Q5_high,S2_U3_filter_only_no_refill,C4_tail_ret_median_Q5_high
20260407,5bp_one_way_slippage,0.0,False,0,S2_U3_filter_only_no_refill__C4_tail_ret_median_Q5_high,S2_U3_filter_only_no_refill,C4_tail_ret_median_Q5_high
20260408,5bp_one_way_slippage,-0.018090424499673685,True,7,S2_U3_filter_only_no_refill__C4_tail_ret_median_Q5_high,S2_U3_filter_only_no_refill,C4_tail_ret_median_Q5_high
20260409,5bp_one_way_slippage,0.0,False,0,S2_U3_filter_only_no_refill__C4_tail_ret_median_Q5_high,S2_U3_filter_only_no_refill,C4_tail_ret_median_Q5_high
20260410,5bp_one_way_slippage,0.0,False,0,S2_U3_filter_only_no_refill__C4_tail_ret_median_Q5_high,S2_U3_filter_only_no_refill,C4_tail_ret_median_Q5_high
20260413,5bp_one_way_slippage,0.0,False,0,S2_U3_filter_only_no_refill__C4_tail_ret_median_Q5_high,S2_U3_filter_only_no_refill,C4_tail_ret_median_Q5_high
20260414,5bp_one_way_slippage,0.04790525403756751,True,1,S2_U3_filter_only_no_refill__C4_tail_ret_median_Q5_high,S2_U3_filter_only_no_refill,C4_tail_ret_median_Q5_high
20260415,5bp_one_way_slippage,0.0,False,0,S2_U3_filter_only_no_refill__C4_tail_ret_median_Q5_high,S2_U3_filter_only_no_refill,C4_tail_ret_median_Q5_high
20260416,5bp_one_way_slippage,0.0,False,0,S2_U3_filter_only_no_refill__C4_tail_ret_median_Q5_high,S2_U3_filter_only_no_refill,C4_tail_ret_median_Q5_high
20260417,5bp_one_way_slippage,0.0,False,0,S2_U3_filter_only_no_refill__C4_tail_ret_median_Q5_high,S2_U3_filter_only_no_refill,C4_tail_ret_median_Q5_high
20260420,5bp_one_way_slippage,0.0,False,0,S2_U3_filter_only_no_refill__C4_tail_ret_median_Q5_high,S2_U3_filter_only_no_refill,C4_tail_ret_median_Q5_high
20260421,5bp_one_way_slippage,-0.003945027293928621,True,8,S2_U3_filter_only_no_refill__C4_tail_ret_median_Q5_high,S2_U3_filter_only_no_refill,C4_tail_ret_median_Q5_high
20260422,5bp_one_way_slippage,0.0074256977990293516,True,5,S2_U3_filter_only_no_refill__C4_tail_ret_median_Q5_high,S2_U3_filter_only_no_refill,C4_tail_ret_median_Q5_high
20260423,5bp_one_way_slippage,0.0,False,0,S2_U3_filter_only_no_refill__C4_tail_ret_median_Q5_high,S2_U3_filter_only_no_refill,C4_tail_ret_median_Q5_high
20260424,5bp_one_way_slippage,0.0,False,0,S2_U3_filter_only_no_refill__C4_tail_ret_median_Q5_high,S2_U3_filter_only_no_refill,C4_tail_ret_median_Q5_high
20260427,5bp_one_way_slippage,0.0,False,0,S2_U3_filter_only_no_refill__C4_tail_ret_median_Q5_high,S2_U3_filter_only_no_refill,C4_tail_ret_median_Q5_high
20260428,5bp_one_way_slippage,0.0,False,0,S2_U3_filter_only_no_refill__C4_tail_ret_median_Q5_high,S2_U3_filter_only_no_refill,C4_tail_ret_median_Q5_high
20260429,5bp_one_way_slippage,0.0,False,0,S2_U3_filter_only_no_refill__C4_tail_ret_median_Q5_high,S2_U3_filter_only_no_refill,C4_tail_ret_median_Q5_high
20260430,5bp_one_way_slippage,0.0,False,0,S2_U3_filter_only_no_refill__C4_tail_ret_median_Q5_high,S2_U3_filter_only_no_refill,C4_tail_ret_median_Q5_high
20260506,5bp_one_way_slippage,0.0,False,0,S2_U3_filter_only_no_refill__C4_tail_ret_median_Q5_high,S2_U3_filter_only_no_refill,C4_tail_ret_median_Q5_high
20260507,5bp_one_way_slippage,0.0,False,0,S2_U3_filter_only_no_refill__C4_tail_ret_median_Q5_high,S2_U3_filter_only_no_refill,C4_tail_ret_median_Q5_high
20260508,5bp_one_way_slippage,0.0,False,0,S2_U3_filter_only_no_refill__C4_tail_ret_median_Q5_high,S2_U3_filter_only_no_refill,C4_tail_ret_median_Q5_high
20260511,5bp_one_way_slippage,0.0,False,0,S2_U3_filter_only_no_refill__C4_tail_ret_median_Q5_high,S2_U3_filter_only_no_refill,C4_tail_ret_median_Q5_high
20260512,5bp_one_way_slippage,0.0,False,0,S2_U3_filter_only_no_refill__C4_tail_ret_median_Q5_high,S2_U3_filter_only_no_refill,C4_tail_ret_median_Q5_high
20260513,5bp_one_way_slippage,0.0,False,0,S2_U3_filter_only_no_refill__C4_tail_ret_median_Q5_high,S2_U3_filter_only_no_refill,C4_tail_ret_median_Q5_high
20260514,5bp_one_way_slippage,0.0,False,0,S2_U3_filter_only_no_refill__C4_tail_ret_median_Q5_high,S2_U3_filter_only_no_refill,C4_tail_ret_median_Q5_high
20260515,5bp_one_way_slippage,0.0,False,0,S2_U3_filter_only_no_refill__C4_tail_ret_median_Q5_high,S2_U3_filter_only_no_refill,C4_tail_ret_median_Q5_high
20260518,5bp_one_way_slippage,0.0,False,0,S2_U3_filter_only_no_refill__C4_tail_ret_median_Q5_high,S2_U3_filter_only_no_refill,C4_tail_ret_median_Q5_high
20260519,5bp_one_way_slippage,-0.017688779734396833,True,7,S2_U3_filter_only_no_refill__C4_tail_ret_median_Q5_high,S2_U3_filter_only_no_refill,C4_tail_ret_median_Q5_high
20260520,5bp_one_way_slippage,0.024185877039761414,True,7,S2_U3_filter_only_no_refill__C4_tail_ret_median_Q5_high,S2_U3_filter_only_no_refill,C4_tail_ret_median_Q5_high
20260224,10bp_one_way_slippage,0.0,False,0,S2_U3_filter_only_no_refill__C4_tail_ret_median_Q5_high,S2_U3_filter_only_no_refill,C4_tail_ret_median_Q5_high
20260225,10bp_one_way_slippage,0.0,False,0,S2_U3_filter_only_no_refill__C4_tail_ret_median_Q5_high,S2_U3_filter_only_no_refill,C4_tail_ret_median_Q5_high
20260226,10bp_one_way_slippage,0.0011876101819841833,True,8,S2_U3_filter_only_no_refill__C4_tail_ret_median_Q5_high,S2_U3_filter_only_no_refill,C4_tail_ret_median_Q5_high
20260227,10bp_one_way_slippage,0.0,False,0,S2_U3_filter_only_no_refill__C4_tail_ret_median_Q5_high,S2_U3_filter_only_no_refill,C4_tail_ret_median_Q5_high
20260302,10bp_one_way_slippage,0.0,False,0,S2_U3_filter_only_no_refill__C4_tail_ret_median_Q5_high,S2_U3_filter_only_no_refill,C4_tail_ret_median_Q5_high
20260303,10bp_one_way_slippage,0.0,False,0,S2_U3_filter_only_no_refill__C4_tail_ret_median_Q5_high,S2_U3_filter_only_no_refill,C4_tail_ret_median_Q5_high
20260304,10bp_one_way_slippage,0.0,False,0,S2_U3_filter_only_no_refill__C4_tail_ret_median_Q5_high,S2_U3_filter_only_no_refill,C4_tail_ret_median_Q5_high
20260305,10bp_one_way_slippage,0.0,False,0,S2_U3_filter_only_no_refill__C4_tail_ret_median_Q5_high,S2_U3_filter_only_no_refill,C4_tail_ret_median_Q5_high
20260306,10bp_one_way_slippage,0.0,False,0,S2_U3_filter_only_no_refill__C4_tail_ret_median_Q5_high,S2_U3_filter_only_no_refill,C4_tail_ret_median_Q5_high
20260309,10bp_one_way_slippage,0.0,False,0,S2_U3_filter_only_no_refill__C4_tail_ret_median_Q5_high,S2_U3_filter_only_no_refill,C4_tail_ret_median_Q5_high
20260310,10bp_one_way_slippage,0.0024422694732491035,True,2,S2_U3_filter_only_no_refill__C4_tail_ret_median_Q5_high,S2_U3_filter_only_no_refill,C4_tail_ret_median_Q5_high
20260311,10bp_one_way_slippage,0.0,False,0,S2_U3_filter_only_no_refill__C4_tail_ret_median_Q5_high,S2_U3_filter_only_no_refill,C4_tail_ret_median_Q5_high
20260312,10bp_one_way_slippage,0.0,False,0,S2_U3_filter_only_no_refill__C4_tail_ret_median_Q5_high,S2_U3_filter_only_no_refill,C4_tail_ret_median_Q5_high
20260313,10bp_one_way_slippage,0.0,False,0,S2_U3_filter_only_no_refill__C4_tail_ret_median_Q5_high,S2_U3_filter_only_no_refill,C4_tail_ret_median_Q5_high
20260316,10bp_one_way_slippage,0.0,False,0,S2_U3_filter_only_no_refill__C4_tail_ret_median_Q5_high,S2_U3_filter_only_no_refill,C4_tail_ret_median_Q5_high
20260317,10bp_one_way_slippage,0.0,False,0,S2_U3_filter_only_no_refill__C4_tail_ret_median_Q5_high,S2_U3_filter_only_no_refill,C4_tail_ret_median_Q5_high
20260318,10bp_one_way_slippage,-0.01663913001607679,True,3,S2_U3_filter_only_no_refill__C4_tail_ret_median_Q5_high,S2_U3_filter_only_no_refill,C4_tail_ret_median_Q5_high
20260319,10bp_one_way_slippage,0.0,False,0,S2_U3_filter_only_no_refill__C4_tail_ret_median_Q5_high,S2_U3_filter_only_no_refill,C4_tail_ret_median_Q5_high
20260320,10bp_one_way_slippage,0.0,False,0,S2_U3_filter_only_no_refill__C4_tail_ret_median_Q5_high,S2_U3_filter_only_no_refill,C4_tail_ret_median_Q5_high
20260323,10bp_one_way_slippage,0.0,False,0,S2_U3_filter_only_no_refill__C4_tail_ret_median_Q5_high,S2_U3_filter_only_no_refill,C4_tail_ret_median_Q5_high
20260324,10bp_one_way_slippage,0.02579577399960553,True,1,S2_U3_filter_only_no_refill__C4_tail_ret_median_Q5_high,S2_U3_filter_only_no_refill,C4_tail_ret_median_Q5_high
20260325,10bp_one_way_slippage,-0.028581673895349935,True,1,S2_U3_filter_only_no_refill__C4_tail_ret_median_Q5_high,S2_U3_filter_only_no_refill,C4_tail_ret_median_Q5_high
20260326,10bp_one_way_slippage,0.0,False,0,S2_U3_filter_only_no_refill__C4_tail_ret_median_Q5_high,S2_U3_filter_only_no_refill,C4_tail_ret_median_Q5_high
20260327,10bp_one_way_slippage,0.0,False,0,S2_U3_filter_only_no_refill__C4_tail_ret_median_Q5_high,S2_U3_filter_only_no_refill,C4_tail_ret_median_Q5_high
20260330,10bp_one_way_slippage,0.0,False,0,S2_U3_filter_only_no_refill__C4_tail_ret_median_Q5_high,S2_U3_filter_only_no_refill,C4_tail_ret_median_Q5_high
20260331,10bp_one_way_slippage,0.0,False,0,S2_U3_filter_only_no_refill__C4_tail_ret_median_Q5_high,S2_U3_filter_only_no_refill,C4_tail_ret_median_Q5_high
20260401,10bp_one_way_slippage,0.008552811698726126,True,2,S2_U3_filter_only_no_refill__C4_tail_ret_median_Q5_high,S2_U3_filter_only_no_refill,C4_tail_ret_median_Q5_high
20260402,10bp_one_way_slippage,0.0,False,0,S2_U3_filter_only_no_refill__C4_tail_ret_median_Q5_high,S2_U3_filter_only_no_refill,C4_tail_ret_median_Q5_high
20260403,10bp_one_way_slippage,0.0,False,0,S2_U3_filter_only_no_refill__C4_tail_ret_median_Q5_high,S2_U3_filter_only_no_refill,C4_tail_ret_median_Q5_high
20260407,10bp_one_way_slippage,0.0,False,0,S2_U3_filter_only_no_refill__C4_tail_ret_median_Q5_high,S2_U3_filter_only_no_refill,C4_tail_ret_median_Q5_high
20260408,10bp_one_way_slippage,-0.019072090131632673,True,7,S2_U3_filter_only_no_refill__C4_tail_ret_median_Q5_high,S2_U3_filter_only_no_refill,C4_tail_ret_median_Q5_high
20260409,10bp_one_way_slippage,0.0,False,0,S2_U3_filter_only_no_refill__C4_tail_ret_median_Q5_high,S2_U3_filter_only_no_refill,C4_tail_ret_median_Q5_high
20260410,10bp_one_way_slippage,0.0,False,0,S2_U3_filter_only_no_refill__C4_tail_ret_median_Q5_high,S2_U3_filter_only_no_refill,C4_tail_ret_median_Q5_high
20260413,10bp_one_way_slippage,0.0,False,0,S2_U3_filter_only_no_refill__C4_tail_ret_median_Q5_high,S2_U3_filter_only_no_refill,C4_tail_ret_median_Q5_high
20260414,10bp_one_way_slippage,0.04685760912289849,True,1,S2_U3_filter_only_no_refill__C4_tail_ret_median_Q5_high,S2_U3_filter_only_no_refill,C4_tail_ret_median_Q5_high
20260415,10bp_one_way_slippage,0.0,False,0,S2_U3_filter_only_no_refill__C4_tail_ret_median_Q5_high,S2_U3_filter_only_no_refill,C4_tail_ret_median_Q5_high
20260416,10bp_one_way_slippage,0.0,False,0,S2_U3_filter_only_no_refill__C4_tail_ret_median_Q5_high,S2_U3_filter_only_no_refill,C4_tail_ret_median_Q5_high
20260417,10bp_one_way_slippage,0.0,False,0,S2_U3_filter_only_no_refill__C4_tail_ret_median_Q5_high,S2_U3_filter_only_no_refill,C4_tail_ret_median_Q5_high
20260420,10bp_one_way_slippage,0.0,False,0,S2_U3_filter_only_no_refill__C4_tail_ret_median_Q5_high,S2_U3_filter_only_no_refill,C4_tail_ret_median_Q5_high
20260421,10bp_one_way_slippage,-0.004940834808840763,True,8,S2_U3_filter_only_no_refill__C4_tail_ret_median_Q5_high,S2_U3_filter_only_no_refill,C4_tail_ret_median_Q5_high
20260422,10bp_one_way_slippage,0.006418522383943248,True,5,S2_U3_filter_only_no_refill__C4_tail_ret_median_Q5_high,S2_U3_filter_only_no_refill,C4_tail_ret_median_Q5_high
20260423,10bp_one_way_slippage,0.0,False,0,S2_U3_filter_only_no_refill__C4_tail_ret_median_Q5_high,S2_U3_filter_only_no_refill,C4_tail_ret_median_Q5_high
20260424,10bp_one_way_slippage,0.0,False,0,S2_U3_filter_only_no_refill__C4_tail_ret_median_Q5_high,S2_U3_filter_only_no_refill,C4_tail_ret_median_Q5_high
20260427,10bp_one_way_slippage,0.0,False,0,S2_U3_filter_only_no_refill__C4_tail_ret_median_Q5_high,S2_U3_filter_only_no_refill,C4_tail_ret_median_Q5_high
20260428,10bp_one_way_slippage,0.0,False,0,S2_U3_filter_only_no_refill__C4_tail_ret_median_Q5_high,S2_U3_filter_only_no_refill,C4_tail_ret_median_Q5_high
20260429,10bp_one_way_slippage,0.0,False,0,S2_U3_filter_only_no_refill__C4_tail_ret_median_Q5_high,S2_U3_filter_only_no_refill,C4_tail_ret_median_Q5_high
20260430,10bp_one_way_slippage,0.0,False,0,S2_U3_filter_only_no_refill__C4_tail_ret_median_Q5_high,S2_U3_filter_only_no_refill,C4_tail_ret_median_Q5_high
20260506,10bp_one_way_slippage,0.0,False,0,S2_U3_filter_only_no_refill__C4_tail_ret_median_Q5_high,S2_U3_filter_only_no_refill,C4_tail_ret_median_Q5_high
20260507,10bp_one_way_slippage,0.0,False,0,S2_U3_filter_only_no_refill__C4_tail_ret_median_Q5_high,S2_U3_filter_only_no_refill,C4_tail_ret_median_Q5_high
20260508,10bp_one_way_slippage,0.0,False,0,S2_U3_filter_only_no_refill__C4_tail_ret_median_Q5_high,S2_U3_filter_only_no_refill,C4_tail_ret_median_Q5_high
20260511,10bp_one_way_slippage,0.0,False,0,S2_U3_filter_only_no_refill__C4_tail_ret_median_Q5_high,S2_U3_filter_only_no_refill,C4_tail_ret_median_Q5_high
20260512,10bp_one_way_slippage,0.0,False,0,S2_U3_filter_only_no_refill__C4_tail_ret_median_Q5_high,S2_U3_filter_only_no_refill,C4_tail_ret_median_Q5_high
20260513,10bp_one_way_slippage,0.0,False,0,S2_U3_filter_only_no_refill__C4_tail_ret_median_Q5_high,S2_U3_filter_only_no_refill,C4_tail_ret_median_Q5_high
20260514,10bp_one_way_slippage,0.0,False,0,S2_U3_filter_only_no_refill__C4_tail_ret_median_Q5_high,S2_U3_filter_only_no_refill,C4_tail_ret_median_Q5_high
20260515,10bp_one_way_slippage,0.0,False,0,S2_U3_filter_only_no_refill__C4_tail_ret_median_Q5_high,S2_U3_filter_only_no_refill,C4_tail_ret_median_Q5_high
20260518,10bp_one_way_slippage,0.0,False,0,S2_U3_filter_only_no_refill__C4_tail_ret_median_Q5_high,S2_U3_filter_only_no_refill,C4_tail_ret_median_Q5_high
20260519,10bp_one_way_slippage,-0.018670846911337278,True,7,S2_U3_filter_only_no_refill__C4_tail_ret_median_Q5_high,S2_U3_filter_only_no_refill,C4_tail_ret_median_Q5_high
20260520,10bp_one_way_slippage,0.023161945609297994,True,7,S2_U3_filter_only_no_refill__C4_tail_ret_median_Q5_high,S2_U3_filter_only_no_refill,C4_tail_ret_median_Q5_high
20260224,10bp_slippage_plus_impact,0.0,False,0,S2_U3_filter_only_no_refill__C4_tail_ret_median_Q5_high,S2_U3_filter_only_no_refill,C4_tail_ret_median_Q5_high
20260225,10bp_slippage_plus_impact,0.0,False,0,S2_U3_filter_only_no_refill__C4_tail_ret_median_Q5_high,S2_U3_filter_only_no_refill,C4_tail_ret_median_Q5_high
20260226,10bp_slippage_plus_impact,0.0010622141177435845,True,8,S2_U3_filter_only_no_refill__C4_tail_ret_median_Q5_high,S2_U3_filter_only_no_refill,C4_tail_ret_median_Q5_high
20260227,10bp_slippage_plus_impact,0.0,False,0,S2_U3_filter_only_no_refill__C4_tail_ret_median_Q5_high,S2_U3_filter_only_no_refill,C4_tail_ret_median_Q5_high
20260302,10bp_slippage_plus_impact,0.0,False,0,S2_U3_filter_only_no_refill__C4_tail_ret_median_Q5_high,S2_U3_filter_only_no_refill,C4_tail_ret_median_Q5_high
20260303,10bp_slippage_plus_impact,0.0,False,0,S2_U3_filter_only_no_refill__C4_tail_ret_median_Q5_high,S2_U3_filter_only_no_refill,C4_tail_ret_median_Q5_high
20260304,10bp_slippage_plus_impact,0.0,False,0,S2_U3_filter_only_no_refill__C4_tail_ret_median_Q5_high,S2_U3_filter_only_no_refill,C4_tail_ret_median_Q5_high
20260305,10bp_slippage_plus_impact,0.0,False,0,S2_U3_filter_only_no_refill__C4_tail_ret_median_Q5_high,S2_U3_filter_only_no_refill,C4_tail_ret_median_Q5_high
20260306,10bp_slippage_plus_impact,0.0,False,0,S2_U3_filter_only_no_refill__C4_tail_ret_median_Q5_high,S2_U3_filter_only_no_refill,C4_tail_ret_median_Q5_high
20260309,10bp_slippage_plus_impact,0.0,False,0,S2_U3_filter_only_no_refill__C4_tail_ret_median_Q5_high,S2_U3_filter_only_no_refill,C4_tail_ret_median_Q5_high
20260310,10bp_slippage_plus_impact,0.0022496210904366376,True,2,S2_U3_filter_only_no_refill__C4_tail_ret_median_Q5_high,S2_U3_filter_only_no_refill,C4_tail_ret_median_Q5_high
20260311,10bp_slippage_plus_impact,0.0,False,0,S2_U3_filter_only_no_refill__C4_tail_ret_median_Q5_high,S2_U3_filter_only_no_refill,C4_tail_ret_median_Q5_high
20260312,10bp_slippage_plus_impact,0.0,False,0,S2_U3_filter_only_no_refill__C4_tail_ret_median_Q5_high,S2_U3_filter_only_no_refill,C4_tail_ret_median_Q5_high
20260313,10bp_slippage_plus_impact,0.0,False,0,S2_U3_filter_only_no_refill__C4_tail_ret_median_Q5_high,S2_U3_filter_only_no_refill,C4_tail_ret_median_Q5_high
20260316,10bp_slippage_plus_impact,0.0,False,0,S2_U3_filter_only_no_refill__C4_tail_ret_median_Q5_high,S2_U3_filter_only_no_refill,C4_tail_ret_median_Q5_high
20260317,10bp_slippage_plus_impact,0.0,False,0,S2_U3_filter_only_no_refill__C4_tail_ret_median_Q5_high,S2_U3_filter_only_no_refill,C4_tail_ret_median_Q5_high
20260318,10bp_slippage_plus_impact,-0.016881202062253742,True,3,S2_U3_filter_only_no_refill__C4_tail_ret_median_Q5_high,S2_U3_filter_only_no_refill,C4_tail_ret_median_Q5_high
20260319,10bp_slippage_plus_impact,0.0,False,0,S2_U3_filter_only_no_refill__C4_tail_ret_median_Q5_high,S2_U3_filter_only_no_refill,C4_tail_ret_median_Q5_high
20260320,10bp_slippage_plus_impact,0.0,False,0,S2_U3_filter_only_no_refill__C4_tail_ret_median_Q5_high,S2_U3_filter_only_no_refill,C4_tail_ret_median_Q5_high
20260323,10bp_slippage_plus_impact,0.0,False,0,S2_U3_filter_only_no_refill__C4_tail_ret_median_Q5_high,S2_U3_filter_only_no_refill,C4_tail_ret_median_Q5_high
20260324,10bp_slippage_plus_impact,0.025629565413185507,True,1,S2_U3_filter_only_no_refill__C4_tail_ret_median_Q5_high,S2_U3_filter_only_no_refill,C4_tail_ret_median_Q5_high
20260325,10bp_slippage_plus_impact,-0.028612429416778995,True,1,S2_U3_filter_only_no_refill__C4_tail_ret_median_Q5_high,S2_U3_filter_only_no_refill,C4_tail_ret_median_Q5_high
20260326,10bp_slippage_plus_impact,0.0,False,0,S2_U3_filter_only_no_refill__C4_tail_ret_median_Q5_high,S2_U3_filter_only_no_refill,C4_tail_ret_median_Q5_high
20260327,10bp_slippage_plus_impact,0.0,False,0,S2_U3_filter_only_no_refill__C4_tail_ret_median_Q5_high,S2_U3_filter_only_no_refill,C4_tail_ret_median_Q5_high
20260330,10bp_slippage_plus_impact,0.0,False,0,S2_U3_filter_only_no_refill__C4_tail_ret_median_Q5_high,S2_U3_filter_only_no_refill,C4_tail_ret_median_Q5_high
20260331,10bp_slippage_plus_impact,0.0,False,0,S2_U3_filter_only_no_refill__C4_tail_ret_median_Q5_high,S2_U3_filter_only_no_refill,C4_tail_ret_median_Q5_high
20260401,10bp_slippage_plus_impact,0.008461115337810077,True,2,S2_U3_filter_only_no_refill__C4_tail_ret_median_Q5_high,S2_U3_filter_only_no_refill,C4_tail_ret_median_Q5_high
20260402,10bp_slippage_plus_impact,0.0,False,0,S2_U3_filter_only_no_refill__C4_tail_ret_median_Q5_high,S2_U3_filter_only_no_refill,C4_tail_ret_median_Q5_high
20260403,10bp_slippage_plus_impact,0.0,False,0,S2_U3_filter_only_no_refill__C4_tail_ret_median_Q5_high,S2_U3_filter_only_no_refill,C4_tail_ret_median_Q5_high
20260407,10bp_slippage_plus_impact,0.0,False,0,S2_U3_filter_only_no_refill__C4_tail_ret_median_Q5_high,S2_U3_filter_only_no_refill,C4_tail_ret_median_Q5_high
20260408,10bp_slippage_plus_impact,-0.01920410461011863,True,7,S2_U3_filter_only_no_refill__C4_tail_ret_median_Q5_high,S2_U3_filter_only_no_refill,C4_tail_ret_median_Q5_high
20260409,10bp_slippage_plus_impact,0.0,False,0,S2_U3_filter_only_no_refill__C4_tail_ret_median_Q5_high,S2_U3_filter_only_no_refill,C4_tail_ret_median_Q5_high
20260410,10bp_slippage_plus_impact,0.0,False,0,S2_U3_filter_only_no_refill__C4_tail_ret_median_Q5_high,S2_U3_filter_only_no_refill,C4_tail_ret_median_Q5_high
20260413,10bp_slippage_plus_impact,0.0,False,0,S2_U3_filter_only_no_refill__C4_tail_ret_median_Q5_high,S2_U3_filter_only_no_refill,C4_tail_ret_median_Q5_high
20260414,10bp_slippage_plus_impact,0.046568041140218064,True,1,S2_U3_filter_only_no_refill__C4_tail_ret_median_Q5_high,S2_U3_filter_only_no_refill,C4_tail_ret_median_Q5_high
20260415,10bp_slippage_plus_impact,0.0,False,0,S2_U3_filter_only_no_refill__C4_tail_ret_median_Q5_high,S2_U3_filter_only_no_refill,C4_tail_ret_median_Q5_high
20260416,10bp_slippage_plus_impact,0.0,False,0,S2_U3_filter_only_no_refill__C4_tail_ret_median_Q5_high,S2_U3_filter_only_no_refill,C4_tail_ret_median_Q5_high
20260417,10bp_slippage_plus_impact,0.0,False,0,S2_U3_filter_only_no_refill__C4_tail_ret_median_Q5_high,S2_U3_filter_only_no_refill,C4_tail_ret_median_Q5_high
20260420,10bp_slippage_plus_impact,0.0,False,0,S2_U3_filter_only_no_refill__C4_tail_ret_median_Q5_high,S2_U3_filter_only_no_refill,C4_tail_ret_median_Q5_high
20260421,10bp_slippage_plus_impact,-0.00501130032999221,True,8,S2_U3_filter_only_no_refill__C4_tail_ret_median_Q5_high,S2_U3_filter_only_no_refill,C4_tail_ret_median_Q5_high
20260422,10bp_slippage_plus_impact,0.006316351101038542,True,5,S2_U3_filter_only_no_refill__C4_tail_ret_median_Q5_high,S2_U3_filter_only_no_refill,C4_tail_ret_median_Q5_high
20260423,10bp_slippage_plus_impact,0.0,False,0,S2_U3_filter_only_no_refill__C4_tail_ret_median_Q5_high,S2_U3_filter_only_no_refill,C4_tail_ret_median_Q5_high
20260424,10bp_slippage_plus_impact,0.0,False,0,S2_U3_filter_only_no_refill__C4_tail_ret_median_Q5_high,S2_U3_filter_only_no_refill,C4_tail_ret_median_Q5_high
20260427,10bp_slippage_plus_impact,0.0,False,0,S2_U3_filter_only_no_refill__C4_tail_ret_median_Q5_high,S2_U3_filter_only_no_refill,C4_tail_ret_median_Q5_high
20260428,10bp_slippage_plus_impact,0.0,False,0,S2_U3_filter_only_no_refill__C4_tail_ret_median_Q5_high,S2_U3_filter_only_no_refill,C4_tail_ret_median_Q5_high
20260429,10bp_slippage_plus_impact,0.0,False,0,S2_U3_filter_only_no_refill__C4_tail_ret_median_Q5_high,S2_U3_filter_only_no_refill,C4_tail_ret_median_Q5_high
20260430,10bp_slippage_plus_impact,0.0,False,0,S2_U3_filter_only_no_refill__C4_tail_ret_median_Q5_high,S2_U3_filter_only_no_refill,C4_tail_ret_median_Q5_high
20260506,10bp_slippage_plus_impact,0.0,False,0,S2_U3_filter_only_no_refill__C4_tail_ret_median_Q5_high,S2_U3_filter_only_no_refill,C4_tail_ret_median_Q5_high
20260507,10bp_slippage_plus_impact,0.0,False,0,S2_U3_filter_only_no_refill__C4_tail_ret_median_Q5_high,S2_U3_filter_only_no_refill,C4_tail_ret_median_Q5_high
20260508,10bp_slippage_plus_impact,0.0,False,0,S2_U3_filter_only_no_refill__C4_tail_ret_median_Q5_high,S2_U3_filter_only_no_refill,C4_tail_ret_median_Q5_high
20260511,10bp_slippage_plus_impact,0.0,False,0,S2_U3_filter_only_no_refill__C4_tail_ret_median_Q5_high,S2_U3_filter_only_no_refill,C4_tail_ret_median_Q5_high
20260512,10bp_slippage_plus_impact,0.0,False,0,S2_U3_filter_only_no_refill__C4_tail_ret_median_Q5_high,S2_U3_filter_only_no_refill,C4_tail_ret_median_Q5_high
20260513,10bp_slippage_plus_impact,0.0,False,0,S2_U3_filter_only_no_refill__C4_tail_ret_median_Q5_high,S2_U3_filter_only_no_refill,C4_tail_ret_median_Q5_high
20260514,10bp_slippage_plus_impact,0.0,False,0,S2_U3_filter_only_no_refill__C4_tail_ret_median_Q5_high,S2_U3_filter_only_no_refill,C4_tail_ret_median_Q5_high
20260515,10bp_slippage_plus_impact,0.0,False,0,S2_U3_filter_only_no_refill__C4_tail_ret_median_Q5_high,S2_U3_filter_only_no_refill,C4_tail_ret_median_Q5_high
20260518,10bp_slippage_plus_impact,0.0,False,0,S2_U3_filter_only_no_refill__C4_tail_ret_median_Q5_high,S2_U3_filter_only_no_refill,C4_tail_ret_median_Q5_high
20260519,10bp_slippage_plus_impact,-0.018729952353845874,True,7,S2_U3_filter_only_no_refill__C4_tail_ret_median_Q5_high,S2_U3_filter_only_no_refill,C4_tail_ret_median_Q5_high
20260520,10bp_slippage_plus_impact,0.02309157990395064,True,7,S2_U3_filter_only_no_refill__C4_tail_ret_median_Q5_high,S2_U3_filter_only_no_refill,C4_tail_ret_median_Q5_high
