model_id,split,trade_date,selected_count,daily_return,trade_return_sum,win_count,loss_count,positive_trade_return_sum,negative_trade_return_sum,avg_score,unique_industries
ridge_primary_alpha1,train,20180102,20,0.000572933658895658,0.011458673177913159,10,10,0.16283595634640302,-0.15137728316848986,0.0052601583,15
ridge_primary_alpha1,train,20180103,20,-0.01316013174503532,-0.2632026349007064,5,15,0.04579045495711598,-0.30899308985782237,0.005278533,14
ridge_primary_alpha1,train,20180104,20,-0.013949250449268308,-0.27898500898536616,6,14,0.10776762447862365,-0.3867526334639898,0.0052624485,17
ridge_primary_alpha1,train,20180105,20,-0.023828364846422846,-0.4765672969284569,1,19,0.007654320987654506,-0.4842216179161114,0.0052967886,16
ridge_primary_alpha1,train,20180108,20,-0.04713290906085462,-0.9426581812170924,1,19,0.046215429403202224,-0.9888736106202947,0.0053184205,18
ridge_primary_alpha1,train,20180109,20,-0.03875993737943828,-0.7751987475887656,1,19,0.04988247584225669,-0.8250812234310223,0.00554463,15
ridge_primary_alpha1,train,20180110,20,-0.022177433933934832,-0.44354867867869663,3,17,0.09186404827703365,-0.5354127269557303,0.0054362854,15
ridge_primary_alpha1,train,20180111,20,-0.008941318382666147,-0.17882636765332294,4,16,0.31220460678980877,-0.4910309744431317,0.0055255503,17
ridge_primary_alpha1,train,20180112,20,0.004256275878446647,0.08512551756893294,5,15,0.5152303407519887,-0.43010482318305576,0.005554115,15
ridge_primary_alpha1,train,20180115,20,0.027783554604729904,0.5556710920945981,12,8,0.6456461328182996,-0.08997504072370155,0.0054234127,16
ridge_primary_alpha1,train,20180116,20,0.02834162260303987,0.5668324520607974,14,6,0.6317376409856166,-0.06490518892481922,0.0054669576,15
ridge_primary_alpha1,train,20180117,20,0.0168458622260707,0.336917244521414,14,6,0.47357770594618387,-0.13666046142476984,0.00547011,17
ridge_primary_alpha1,train,20180118,20,0.005031021391386903,0.10062042782773806,12,8,0.22790652978934167,-0.12728610196160361,0.00543341,18
ridge_primary_alpha1,train,20180119,20,0.01498547155232589,0.2997094310465178,14,6,0.4105102796398059,-0.11080084859328809,0.005447503,16
ridge_primary_alpha1,train,20180122,20,-0.006365206039500531,-0.12730412079001063,8,12,0.19329669447075903,-0.32060081526076967,0.005520232,13
ridge_primary_alpha1,train,20180123,20,-0.007143136000691924,-0.14286272001383848,8,12,0.2341334222051219,-0.3769961422189604,0.0055208732,16
ridge_primary_alpha1,train,20180124,20,-0.03359382205264242,-0.6718764410528484,2,18,0.07782260571271915,-0.7496990467655675,0.005582412,15
ridge_primary_alpha1,train,20180125,20,-0.08973667228496138,-1.7947334456992277,0,20,0.0,-1.7947334456992277,0.0055810777,14
ridge_primary_alpha1,train,20180126,20,-0.11464871944413475,-2.292974388882695,0,20,0.0,-2.292974388882695,0.005572056,16
ridge_primary_alpha1,train,20180129,20,-0.1255989173705805,-2.5119783474116097,0,20,0.0,-2.5119783474116093,0.005503276,14
ridge_primary_alpha1,train,20180130,20,-0.1534155538046274,-3.068311076092548,1,19,0.01033210332103307,-3.0786431794135805,0.005479043,16
ridge_primary_alpha1,train,20180131,20,-0.12326744858935099,-2.46534897178702,1,19,0.04080389768574899,-2.506152869472769,0.0053726966,16
ridge_primary_alpha1,train,20180201,20,-0.06959601727363703,-1.3919203454727405,1,19,0.017892644135188984,-1.4098129896079294,0.005439512,14
ridge_primary_alpha1,train,20180202,20,-0.07027825797641926,-1.4055651595283853,0,20,0.0,-1.4055651595283853,0.00548568,14
ridge_primary_alpha1,train,20180205,20,-0.019806464008984587,-0.39612928017969173,6,14,0.135642066624726,-0.5317713468044177,0.005575947,14
ridge_primary_alpha1,train,20180206,20,0.017528517141171047,0.3505703428234209,14,6,0.44412745976410295,-0.09355711694068203,0.005564069,13
ridge_primary_alpha1,train,20180207,20,0.05259866376122413,1.0519732752244826,18,2,1.058183570982726,-0.0062102957582435,0.0055377656,12
ridge_primary_alpha1,train,20180208,20,0.06132395388500735,1.226479077700147,19,1,1.2274486963168245,-0.0009696186166773257,0.005561953,13
ridge_primary_alpha1,train,20180209,20,0.07096123905879212,1.4192247811758423,20,0,1.4192247811758423,0.0,0.0055296486,16
ridge_primary_alpha1,train,20180212,20,0.0630986977295077,1.261973954590154,20,0,1.261973954590154,0.0,0.0054363515,17
ridge_primary_alpha1,train,20180213,20,0.06549863166968625,1.3099726333937252,20,0,1.3099726333937252,0.0,0.0053323796,17
ridge_primary_alpha1,train,20180214,20,0.05099106826414512,1.0198213652829025,19,1,1.0408222589379514,-0.02100089365504909,0.0053164056,14
ridge_primary_alpha1,train,20180222,20,0.05101723450727711,1.0203446901455422,19,1,1.0360451732373295,-0.015700483091787176,0.0053982055,13
ridge_primary_alpha1,train,20180223,20,0.04035984542318177,0.8071969084636355,19,1,0.8302030434329606,-0.02300613496932513,0.005488198,15
ridge_primary_alpha1,train,20180226,20,0.025974989312898135,0.5194997862579627,15,5,0.5926021856408854,-0.07310239938292273,0.0054624816,14
ridge_primary_alpha1,train,20180227,20,0.03022241818895966,0.6044483637791932,18,2,0.6703375928099125,-0.06588922903071925,0.005456053,13
ridge_primary_alpha1,train,20180228,20,0.03828534055477869,0.7657068110955738,17,3,0.8250819844783976,-0.05937517338282383,0.0054636993,17
ridge_primary_alpha1,train,20180301,20,0.02152188703054291,0.43043774061085815,16,4,0.5030293738388458,-0.07259163322798767,0.0054141,18
ridge_primary_alpha1,train,20180302,20,0.03291468131952206,0.6582936263904413,19,1,0.6590754872192137,-0.0007818608287724071,0.0054296814,17
ridge_primary_alpha1,train,20180305,20,0.041387648044857575,0.8277529608971516,19,1,0.839483166175744,-0.011730205278592476,0.0054568085,17
ridge_primary_alpha1,train,20180306,20,0.05833617896277806,1.1667235792555612,20,0,1.1667235792555612,0.0,0.0054738717,16
ridge_primary_alpha1,train,20180307,20,0.04461780578202445,0.892356115640489,17,3,0.9093515322338728,-0.016995416593383772,0.0054733916,14
ridge_primary_alpha1,train,20180308,20,0.006959158489396805,0.1391831697879361,11,9,0.2819780916429824,-0.14279492185504628,0.005480085,16
ridge_primary_alpha1,train,20180309,20,0.01199468429085212,0.2398936858170424,11,9,0.39265968105327875,-0.15276599523623635,0.0055413316,16
ridge_primary_alpha1,train,20180312,20,-0.013155103460125873,-0.26310206920251744,6,14,0.08705722531862214,-0.3501592945211396,0.0054855305,15
ridge_primary_alpha1,train,20180313,20,0.005716956994453454,0.11433913988906907,11,9,0.3234819035150598,-0.2091427636259907,0.005409967,16
ridge_primary_alpha1,train,20180314,20,0.026940470495180686,0.5388094099036137,15,5,0.6432891071985902,-0.10447969729497653,0.005449996,15
ridge_primary_alpha1,train,20180315,20,0.016248086243719467,0.32496172487438935,14,6,0.5130663645075426,-0.18810463963315327,0.005398254,16
ridge_primary_alpha1,train,20180316,20,-0.04252011398132855,-0.850402279626571,1,19,0.032786885245901676,-0.8831891648724727,0.005405184,16
ridge_primary_alpha1,train,20180319,20,-0.037220776781672515,-0.7444155356334503,2,18,0.10841464983369176,-0.8528301854671421,0.0053891744,17
ridge_primary_alpha1,train,20180320,20,-0.03265444962759974,-0.6530889925519947,3,17,0.016741885405808565,-0.6698308779578033,0.005424901,16
ridge_primary_alpha1,train,20180321,20,-0.03211662568240313,-0.6423325136480625,4,16,0.04746139772256974,-0.6897939113706323,0.0054333215,17
ridge_primary_alpha1,train,20180322,20,-0.004252674683826163,-0.08505349367652326,8,12,0.21643011160821124,-0.3014836052847345,0.0054252082,17
ridge_primary_alpha1,train,20180323,20,0.06306637800366821,1.2613275600733642,20,0,1.2613275600733642,0.0,0.005380861,14
ridge_primary_alpha1,train,20180326,20,0.06888677561359333,1.3777355122718666,19,1,1.4356505701869247,-0.05791505791505791,0.005331458,16
ridge_primary_alpha1,train,20180327,20,0.027205602758974073,0.5441120551794815,15,5,0.6062578262853482,-0.06214577110586672,0.005392932,16
ridge_primary_alpha1,train,20180328,20,0.011065916559235518,0.22131833118471034,11,9,0.33750640506702845,-0.11618807388231811,0.0054753344,13
ridge_primary_alpha1,train,20180329,20,-0.0053900622912943395,-0.1078012458258868,7,13,0.17953183499825864,-0.28733308082414544,0.005508447,16
ridge_primary_alpha1,train,20180330,20,0.000589678072059796,0.011793561441195921,8,12,0.2886249613432552,-0.2768313999020593,0.005472666,16
ridge_primary_alpha1,train,20180402,20,0.011556300864823704,0.23112601729647408,14,6,0.2826775314365215,-0.05155151414004744,0.005478968,16
ridge_primary_alpha1,train,20180403,20,0.0013673480991263586,0.027346961982527174,10,10,0.1934321654521669,-0.16608520346963973,0.0058432566,13
ridge_primary_alpha1,train,20180404,20,0.010678007736254819,0.21356015472509637,13,7,0.3135470013797732,-0.09998684665467683,0.0059646745,13
ridge_primary_alpha1,train,20180409,20,-0.011848909159441595,-0.2369781831888319,4,16,0.09381935918727868,-0.3307975423761106,0.0059391223,13
ridge_primary_alpha1,train,20180410,20,-0.03291721325821148,-0.6583442651642296,1,19,0.03130755064456725,-0.6896518158087969,0.00593943,15
ridge_primary_alpha1,train,20180411,20,-0.04178701244704105,-0.835740248940821,1,19,0.044961240310077644,-0.8807014892508986,0.00594813,14
ridge_primary_alpha1,train,20180412,20,-0.03961242411716351,-0.7922484823432702,1,19,0.024556616643929052,-0.8168050989871992,0.0058159973,13
ridge_primary_alpha1,train,20180413,20,-0.03859359617192421,-0.7718719234384842,2,18,0.06847158646868401,-0.8403435099071682,0.005837498,17
ridge_primary_alpha1,train,20180416,20,-0.04747149614228981,-0.9494299228457962,2,18,0.03611111111111098,-0.9855410339569072,0.0057889046,16
ridge_primary_alpha1,train,20180417,20,-0.00526970653567666,-0.10539413071353321,6,14,0.1558302748794429,-0.2612244055929761,0.005843623,17
ridge_primary_alpha1,train,20180418,20,-0.01895012107857108,-0.3790024215714216,4,16,0.0939488236308419,-0.4729512452022635,0.0058923033,16
ridge_primary_alpha1,train,20180419,20,-0.03790307375196074,-0.7580614750392148,4,16,0.07907509887523845,-0.8371365739144533,0.005958543,14
ridge_primary_alpha1,train,20180420,20,0.004926719162751414,0.09853438325502828,10,10,0.3990182870860972,-0.30048390383106893,0.005937281,14
ridge_primary_alpha1,train,20180423,20,0.0075732318495463245,0.1514646369909265,8,12,0.3069969992169099,-0.15553236222598343,0.0058950908,14
ridge_primary_alpha1,train,20180424,20,-0.0012498650613615102,-0.024997301227230206,7,13,0.21621082830510407,-0.24120812953233428,0.0059062177,16
ridge_primary_alpha1,train,20180425,20,-0.012810125736481714,-0.2562025147296343,7,13,0.1556561978495279,-0.4118587125791622,0.0058686347,15
ridge_primary_alpha1,train,20180426,20,0.02431940414510157,0.4863880829020314,16,4,0.5747018576161742,-0.08831377471414281,0.0058173398,17
ridge_primary_alpha1,train,20180427,20,0.03764551076468982,0.7529102152937963,20,0,0.7529102152937963,0.0,0.0058159577,17
ridge_primary_alpha1,train,20180502,20,0.04681714835896694,0.9363429671793388,20,0,0.9363429671793388,0.0,0.0058120126,17
ridge_primary_alpha1,train,20180503,20,0.05987425554492835,1.197485110898567,20,0,1.197485110898567,0.0,0.0057993894,15
ridge_primary_alpha1,train,20180504,20,0.02450928906165214,0.4901857812330428,18,2,0.4901857812330428,0.0,0.0058176154,17
ridge_primary_alpha1,train,20180507,20,0.004170099745439621,0.08340199490879241,7,13,0.2399326341816419,-0.1565306392728495,0.005819834,17
ridge_primary_alpha1,train,20180508,20,0.007224131461241767,0.14448262922483535,8,12,0.2980611872966703,-0.15357855807183496,0.0059112334,17
ridge_primary_alpha1,train,20180509,20,0.010072342532829954,0.20144685065659906,8,12,0.3616778746128433,-0.16023102395624422,0.0057770526,16
ridge_primary_alpha1,train,20180510,20,-0.025049058286034237,-0.5009811657206847,5,15,0.05215855633228772,-0.5531397220529725,0.005709554,17
ridge_primary_alpha1,train,20180511,20,-0.010074807730616248,-0.20149615461232495,9,11,0.11846894776734129,-0.31996510237966624,0.0057196678,18
ridge_primary_alpha1,train,20180514,20,0.015072627152671398,0.30145254305342795,16,4,0.3539234236775295,-0.052470880624101546,0.0057362,19
ridge_primary_alpha1,train,20180515,20,0.016762019856236054,0.3352403971247211,17,3,0.39033503881326914,-0.05509464168854805,0.0056737475,18
ridge_primary_alpha1,train,20180516,20,0.02134259506527326,0.42685190130546524,18,2,0.4514978257162472,-0.02464592441078195,0.005787155,15
ridge_primary_alpha1,train,20180517,20,0.016634152089385797,0.3326830417877159,17,3,0.4028326805906053,-0.07014963880288938,0.0058046477,17
ridge_primary_alpha1,train,20180518,20,-0.015722548164057597,-0.31445096328115196,5,15,0.09482930621040664,-0.4092802694915586,0.005808544,17
ridge_primary_alpha1,train,20180521,20,-0.019114548781575876,-0.3822909756315175,6,14,0.13364537844765523,-0.5159363540791727,0.0057717147,16
ridge_primary_alpha1,train,20180522,20,-0.035466336748968035,-0.7093267349793607,3,17,0.0974692514177804,-0.8067959863971411,0.005766893,17
ridge_primary_alpha1,train,20180523,20,-0.06102958984672988,-1.2205917969345976,1,19,0.04022988505747138,-1.260821681992069,0.005734639,17
ridge_primary_alpha1,train,20180524,20,-0.05302901902587696,-1.0605803805175391,1,19,0.0517241379310347,-1.1123045184485738,0.0057630716,20
ridge_primary_alpha1,train,20180525,20,-0.057147069709990714,-1.1429413941998143,2,18,0.02591308587137542,-1.1688544800711895,0.005791324,19
ridge_primary_alpha1,train,20180528,20,-0.03796378332538015,-0.7592756665076029,2,18,0.04304304579351448,-0.8023187123011174,0.005760391,16
ridge_primary_alpha1,train,20180529,20,-0.020916829478995397,-0.41833658957990794,5,15,0.12250043716818171,-0.5408370267480896,0.0058695213,16
ridge_primary_alpha1,train,20180530,20,0.008355955841700268,0.16711911683400538,15,5,0.3724594058832429,-0.2053402890492375,0.0057699927,17
ridge_primary_alpha1,train,20180531,20,-0.0069237421198745045,-0.13847484239749008,10,10,0.19886076236135208,-0.33733560475884217,0.005843761,16
ridge_primary_alpha1,train,20180601,20,-0.037704141997834964,-0.7540828399566992,4,16,0.04147542134329618,-0.7955582612999954,0.005852935,15
ridge_primary_alpha1,train,20180604,20,-0.030016323391733823,-0.6003264678346765,3,17,0.05515471991955123,-0.6554811877542277,0.0057708886,17
ridge_primary_alpha1,train,20180605,20,-0.02918351944257432,-0.5836703888514864,3,17,0.022066642936683367,-0.6057370317881697,0.005886936,18
ridge_primary_alpha1,train,20180606,20,-0.05128829348326858,-1.0257658696653715,0,20,0.0,-1.0257658696653715,0.005898788,17
ridge_primary_alpha1,train,20180607,20,-0.044328990737603054,-0.886579814752061,1,19,0.11932773109243677,-1.0059075458444977,0.005910778,16
ridge_primary_alpha1,train,20180608,20,-0.03897123718450661,-0.7794247436901321,3,17,0.16992492786850044,-0.9493496715586326,0.0059064114,16
ridge_primary_alpha1,train,20180611,20,-0.12169521455832644,-2.4339042911665287,0,20,0.0,-2.4339042911665287,0.0060138693,16
ridge_primary_alpha1,train,20180612,20,-0.1291377599013152,-2.5827551980263044,0,20,0.0,-2.582755198026304,0.0059595136,15
ridge_primary_alpha1,train,20180613,20,-0.12722690008261245,-2.544538001652249,0,20,0.0,-2.544538001652249,0.0058803926,16
ridge_primary_alpha1,train,20180614,20,-0.1138562557683324,-2.277125115366648,0,20,0.0,-2.2771251153666476,0.0059518595,14
ridge_primary_alpha1,train,20180615,20,-0.07857456534289828,-1.5714913068579657,0,20,0.0,-1.5714913068579657,0.0058936463,13
ridge_primary_alpha1,train,20180619,20,0.04373910488027155,0.874782097605431,20,0,0.874782097605431,0.0,0.0059683016,17
ridge_primary_alpha1,train,20180620,20,0.019455668840009665,0.3891133768001933,13,7,0.7078760849444341,-0.3187627081442408,0.005828286,16
ridge_primary_alpha1,train,20180621,20,0.04910575265716714,0.9821150531433429,20,0,0.9821150531433429,0.0,0.005847945,16
ridge_primary_alpha1,train,20180622,20,0.04710353492937757,0.9420706985875514,18,2,0.9518609083777614,-0.009790209790209947,0.00590171,18
ridge_primary_alpha1,train,20180625,20,0.04605577836669422,0.9211155673338844,17,3,1.0039956784942503,-0.08288011116036587,0.005828969,20
ridge_primary_alpha1,train,20180626,20,0.02482076813717483,0.4964153627434966,15,5,0.6138518985303678,-0.11743653578687119,0.005837933,18
ridge_primary_alpha1,train,20180627,20,0.030850512077242646,0.617010241544853,12,8,0.7034853380157133,-0.08647509647086038,0.005729621,15
ridge_primary_alpha1,train,20180628,20,-0.01956352336629335,-0.391270467325867,3,17,0.11617359034489194,-0.507444057670759,0.005626171,15
ridge_primary_alpha1,train,20180629,20,-0.041247890799040544,-0.8249578159808109,0,20,0.0,-0.8249578159808109,0.00566574,17
ridge_primary_alpha1,train,20180702,20,-0.014866440179798612,-0.29732880359597225,4,16,0.11348345218146916,-0.4108122557774414,0.005695097,19
ridge_primary_alpha1,train,20180703,20,-0.023029903165385935,-0.4605980633077187,3,17,0.037468288790012405,-0.4980663520977311,0.0057561407,18
ridge_primary_alpha1,train,20180704,20,-0.021896713329545632,-0.4379342665909126,5,15,0.23269508529289773,-0.6706293518838103,0.0057565155,16
ridge_primary_alpha1,train,20180705,20,0.021673330220559554,0.4334666044111911,17,3,0.452221935170003,-0.01875533075881186,0.005793925,17
ridge_primary_alpha1,train,20180706,20,0.017697354622863058,0.3539470924572612,15,5,0.5015866604546821,-0.14763956799742095,0.005804792,19
ridge_primary_alpha1,train,20180709,20,0.0028483969048535562,0.056967938097071125,11,9,0.37485454098805393,-0.3178866028909828,0.0058263484,19
ridge_primary_alpha1,train,20180710,20,0.011870296591013813,0.23740593182027625,11,9,0.3382185178183241,-0.10081258599804788,0.005857006,18
ridge_primary_alpha1,train,20180711,20,0.06510495955092589,1.3020991910185178,20,0,1.3020991910185178,0.0,0.0058346177,17
ridge_primary_alpha1,train,20180712,20,0.030377072393897992,0.6075414478779598,11,9,0.7095429191413904,-0.10200147126343062,0.0058906423,19
ridge_primary_alpha1,train,20180713,20,0.018789676580187438,0.37579353160374873,13,7,0.4524428935611311,-0.07664936195738237,0.005876855,16
ridge_primary_alpha1,train,20180716,20,0.029789387492103463,0.5957877498420693,16,4,0.7156425996449676,-0.11985484980289829,0.0058695287,17
ridge_primary_alpha1,train,20180717,20,0.02820157731756113,0.5640315463512225,17,3,0.6252232211873328,-0.06119167483611021,0.0058214124,19
ridge_primary_alpha1,train,20180718,20,0.059524438567346946,1.190488771346939,20,0,1.190488771346939,0.0,0.005638033,19
ridge_primary_alpha1,train,20180719,20,0.08544094908794661,1.7088189817589323,20,0,1.7088189817589323,0.0,0.005598658,17
ridge_primary_alpha1,train,20180720,20,0.09146299405486084,1.829259881097217,20,0,1.829259881097217,0.0,0.0056728367,18
ridge_primary_alpha1,train,20180723,20,0.04200966973240544,0.8401933946481088,14,6,0.8981950531791332,-0.05800165853102435,0.0057702116,15
ridge_primary_alpha1,train,20180724,20,0.037032714458059654,0.740654289161193,15,5,0.8222657210058135,-0.0816114318446205,0.0057989126,14
ridge_primary_alpha1,train,20180725,20,-0.006796489028475261,-0.13592978056950522,4,16,0.2543742926139676,-0.3903040731834728,0.005726116,14
ridge_primary_alpha1,train,20180726,20,-0.044188353579961585,-0.8837670715992317,4,16,0.22822594362500048,-1.111993015224232,0.005617831,17
ridge_primary_alpha1,train,20180727,20,-0.050707981461358444,-1.0141596292271688,2,18,0.39037722524373386,-1.4045368544709027,0.0055758157,15
ridge_primary_alpha1,train,20180730,20,-0.05251281933504211,-1.050256386700842,2,18,0.3311430919292073,-1.3813994786300494,0.0055864207,17
ridge_primary_alpha1,train,20180731,20,-0.06059014555487363,-1.2118029110974726,1,19,0.061493411420205035,-1.2732963225176774,0.005562083,15
ridge_primary_alpha1,train,20180801,20,-0.047077752642438464,-0.9415550528487693,2,18,0.02708794673180992,-0.9686429995805792,0.005573568,16
ridge_primary_alpha1,train,20180802,20,0.0038668274817213687,0.07733654963442738,10,10,0.37252917852196,-0.2951926288875326,0.0056994846,16
ridge_primary_alpha1,train,20180803,20,0.027348449030883647,0.546968980617673,17,3,0.6401022245366157,-0.09313324391894273,0.0056742993,17
ridge_primary_alpha1,train,20180806,20,0.042914247951457304,0.8582849590291461,20,0,0.8582849590291461,0.0,0.00565591,14
ridge_primary_alpha1,train,20180807,20,0.03304662159256198,0.6609324318512395,18,2,0.663822605261644,-0.0028901734104045396,0.005756409,14
ridge_primary_alpha1,train,20180808,20,0.03585315903875626,0.7170631807751251,17,3,0.8083467989292348,-0.09128361815410968,0.00576232,14
ridge_primary_alpha1,train,20180809,20,0.001656478882556317,0.03312957765112634,8,12,0.26839109550140483,-0.2352615178502785,0.005764907,16
ridge_primary_alpha1,train,20180810,20,-0.020525855914957834,-0.4105171182991567,3,17,0.11840575285879407,-0.5289228711579508,0.005740883,14
ridge_primary_alpha1,train,20180813,20,-0.02671669330271702,-0.5343338660543404,1,19,0.07967032967032983,-0.6140041957246702,0.0056979507,15
ridge_primary_alpha1,train,20180814,20,-0.027163423503852525,-0.5432684700770505,2,18,0.1672688593878935,-0.710537329464944,0.005580149,13
ridge_primary_alpha1,train,20180815,20,-0.009312374409258379,-0.18624748818516756,5,15,0.13562717631931331,-0.3218746645044809,0.005548754,15
ridge_primary_alpha1,train,20180816,20,-0.015194886076919689,-0.3038977215383938,4,16,0.08736875910614073,-0.3912664806445345,0.005540616,17
ridge_primary_alpha1,train,20180817,20,0.03646980852871805,0.729396170574361,16,4,0.7966793272941419,-0.06728315671978091,0.0055213976,17
ridge_primary_alpha1,train,20180820,20,0.031558162715626205,0.6311632543125241,18,2,0.635942226833432,-0.004778972520907976,0.0055914456,11
ridge_primary_alpha1,train,20180821,20,0.035348836555226734,0.7069767311045347,18,2,0.7404986395160595,-0.0335219084115248,0.0056849113,14
ridge_primary_alpha1,train,20180822,20,0.032553781420161874,0.6510756284032375,19,1,0.6566129752040599,-0.005537346800822407,0.0057050786,15
ridge_primary_alpha1,train,20180823,20,0.0017800019354613505,0.03560003870922701,10,10,0.21677394133482952,-0.1811739026256025,0.0056935456,16
ridge_primary_alpha1,train,20180824,20,-0.009781386932203224,-0.19562773864406446,5,15,0.10634088261469699,-0.30196862125876145,0.0056215543,16
ridge_primary_alpha1,train,20180827,20,-0.028577884796028345,-0.5715576959205669,3,17,0.15884535807661093,-0.7304030539971779,0.005663579,15
ridge_primary_alpha1,train,20180828,20,-0.02152159639150463,-0.43043192783009265,3,17,0.059508566028950494,-0.48994049385904315,0.0056763813,16
ridge_primary_alpha1,train,20180829,20,-0.022641418837843468,-0.4528283767568694,3,17,0.08034756148354338,-0.5331759382404128,0.005695292,15
ridge_primary_alpha1,train,20180830,20,-0.006768454452588751,-0.13536908905177503,7,13,0.12293456650260404,-0.25830365555437906,0.005591548,14
ridge_primary_alpha1,train,20180831,20,0.012629069567061913,0.25258139134123825,14,6,0.32143107391801284,-0.0688496825767746,0.0055547347,13
ridge_primary_alpha1,train,20180903,20,-0.010040478909295858,-0.20080957818591716,6,14,0.12262876287545987,-0.32343834106137703,0.0055944365,13
ridge_primary_alpha1,train,20180904,20,-0.01879794406507468,-0.3759588813014936,4,16,0.08417053478974124,-0.4601294160912348,0.0056648576,16
ridge_primary_alpha1,train,20180905,20,-0.0050348396241990554,-0.10069679248398111,8,12,0.24058349034550774,-0.34128028282948886,0.005460945,15
ridge_primary_alpha1,train,20180906,20,-0.008790610072981602,-0.17581220145963206,5,15,0.08621726901411986,-0.2620294704737519,0.0056057433,16
ridge_primary_alpha1,train,20180907,20,-0.014205214736150001,-0.28410429472300003,4,16,0.1066323048880431,-0.3907365996110431,0.005528127,17
ridge_primary_alpha1,train,20180910,20,-0.005577659891568693,-0.11155319783137385,9,11,0.2212625177186569,-0.33281571555003076,0.0054554003,18
ridge_primary_alpha1,train,20180911,20,0.006341711075092649,0.12683422150185297,11,9,0.25691620928047976,-0.13008198777862678,0.0054790257,17
ridge_primary_alpha1,train,20180912,20,0.005531532261602107,0.11063064523204214,11,9,0.274056302321257,-0.16342565708921486,0.0055668745,16
ridge_primary_alpha1,train,20180913,20,0.007744904469833419,0.15489808939666838,10,10,0.3089649690708638,-0.1540668796741954,0.005594999,19
ridge_primary_alpha1,train,20180914,20,0.023506539980428915,0.4701307996085783,17,3,0.4784951003641833,-0.008364300755605014,0.0055472218,16
ridge_primary_alpha1,train,20180917,20,0.04359125904360166,0.8718251808720331,18,2,0.9003400323571815,-0.02851485148514843,0.005500154,17
ridge_primary_alpha1,train,20180918,20,0.02845665540635618,0.5691331081271236,19,1,0.581264823898354,-0.0121317157712304,0.005507582,17
ridge_primary_alpha1,train,20180919,20,-0.0027903316614434235,-0.055806633228868474,8,12,0.12268821590617418,-0.17849484913504265,0.00563666,16
ridge_primary_alpha1,train,20180920,20,0.022688625739202717,0.45377251478405434,11,9,0.5480256936835923,-0.09425317889953799,0.0056076264,15
ridge_primary_alpha1,train,20180921,20,-0.030130360616995942,-0.6026072123399189,3,17,0.1304201954492583,-0.7330274077891772,0.005680412,14
ridge_primary_alpha1,train,20180925,20,-0.03789007050216745,-0.757801410043349,2,18,0.031816081992077194,-0.7896174920354262,0.0056358767,14
ridge_primary_alpha1,train,20180926,20,-0.03351269129646761,-0.6702538259293522,4,16,0.12986446694641107,-0.8001182928757633,0.005639182,14
ridge_primary_alpha1,train,20180927,20,-0.06670730249893328,-1.3341460499786655,3,17,0.2849635864359288,-1.6191096364145943,0.0055021336,16
ridge_primary_alpha1,train,20180928,20,-0.12431189638477054,-2.4862379276954107,0,20,0.0,-2.4862379276954107,0.005617509,16
ridge_primary_alpha1,train,20181008,20,-0.07106391196501415,-1.421278239300283,3,17,0.2670439089473424,-1.6883221482476254,0.0056070993,14
ridge_primary_alpha1,train,20181009,20,-0.10931874265076566,-2.1863748530153133,1,19,0.06159999999999988,-2.2479748530153127,0.0055985195,13
ridge_primary_alpha1,train,20181010,20,-0.0968684524084598,-1.937369048169196,0,20,0.0,-1.9373690481691963,0.0055749053,16
ridge_primary_alpha1,train,20181011,20,-0.04277582418324318,-0.8555164836648637,3,17,0.12900841157406973,-0.9845248952389334,0.005646733,15
ridge_primary_alpha1,train,20181012,20,-0.029030816227431738,-0.5806163245486348,5,15,0.07165590873744665,-0.6522722332860814,0.0055885576,18
ridge_primary_alpha1,train,20181015,20,0.044668316994329216,0.8933663398865843,20,0,0.8933663398865843,0.0,0.00557324,18
ridge_primary_alpha1,train,20181016,20,0.06199893245980217,1.2399786491960434,19,1,1.2849884339318558,-0.0450097847358123,0.0055726655,16
ridge_primary_alpha1,train,20181017,20,0.09197709805805579,1.8395419611611157,20,0,1.8395419611611157,0.0,0.0056363596,17
ridge_primary_alpha1,train,20181018,20,0.12586145274028815,2.517229054805763,20,0,2.517229054805763,0.0,0.005631932,16
ridge_primary_alpha1,train,20181019,20,0.08784082021341957,1.7568164042683914,19,1,1.7782449756969627,-0.021428571428571352,0.00559564,18
ridge_primary_alpha1,train,20181022,20,0.010244383646623967,0.20488767293247934,12,8,0.3409549865357624,-0.13606731360328306,0.0055574486,14
ridge_primary_alpha1,train,20181023,20,0.01978018263807623,0.39560365276152465,16,4,0.4494327006364487,-0.05382904787492404,0.0054840455,15
ridge_primary_alpha1,train,20181024,20,0.06547005051447574,1.3094010102895148,20,0,1.3094010102895148,0.0,0.0053740377,16
ridge_primary_alpha1,train,20181025,20,0.06413589373182121,1.2827178746364243,19,1,1.2883996928182424,-0.005681818181818121,0.0053325994,17
ridge_primary_alpha1,train,20181026,20,0.06412645439710994,1.2825290879421989,20,0,1.2825290879421989,0.0,0.005258261,13
ridge_primary_alpha1,train,20181029,20,0.09861481602281538,1.9722963204563078,20,0,1.9722963204563078,0.0,0.0052885152,15
ridge_primary_alpha1,train,20181030,20,0.06581605272264104,1.3163210544528208,19,1,1.328575956413605,-0.01225490196078416,0.0053869286,13
ridge_primary_alpha1,train,20181031,20,0.03093145809202439,0.6186291618404878,17,3,0.6546751193774181,-0.036045957536930295,0.005482811,12
ridge_primary_alpha1,train,20181101,20,0.0413680535570756,0.827361071141512,18,2,0.8419366613435424,-0.014575590202030364,0.00545179,14
ridge_primary_alpha1,train,20181102,20,0.03718430815176166,0.7436861630352332,17,3,0.7719295035508467,-0.028243340515613502,0.00554611,18
ridge_primary_alpha1,train,20181105,20,0.03826276069076541,0.7652552138153083,18,2,0.7872681355885338,-0.022012921773225558,0.00542313,14
ridge_primary_alpha1,train,20181106,20,0.07441350083773726,1.4882700167547451,19,1,1.491488037671881,-0.0032180209171358554,0.0054285815,16
ridge_primary_alpha1,train,20181107,20,0.07208003487988848,1.4416006975977698,19,1,1.4416006975977698,0.0,0.005464332,15
ridge_primary_alpha1,train,20181108,20,0.07068651685944316,1.4137303371888632,20,0,1.4137303371888632,0.0,0.0052959574,12
ridge_primary_alpha1,train,20181109,20,0.10218705654076829,2.043741130815366,20,0,2.043741130815366,0.0,0.0052223527,16
ridge_primary_alpha1,train,20181112,20,0.08964807653757836,1.7929615307515674,20,0,1.7929615307515674,0.0,0.0053285533,16
ridge_primary_alpha1,train,20181113,20,0.029160833564365145,0.5832166712873029,13,7,0.6806856964367227,-0.0974690251494198,0.0053250664,15
ridge_primary_alpha1,train,20181114,20,0.03209345017444869,0.6418690034889737,16,4,0.7394045417032329,-0.0975355382142592,0.005280801,12
ridge_primary_alpha1,train,20181115,20,0.008502588666852984,0.17005177333705968,9,11,0.252649442158587,-0.0825976688215273,0.0052751284,15
ridge_primary_alpha1,train,20181116,20,-0.030620915088439032,-0.6124183017687806,4,16,0.19487622967688112,-0.8072945314456618,0.0053462875,13
ridge_primary_alpha1,train,20181119,20,-0.047411125520124095,-0.9482225104024818,2,18,0.05906179273252676,-1.0072843031350085,0.0053314804,14
ridge_primary_alpha1,train,20181120,20,0.003702059959625381,0.07404119919250762,11,9,0.25162850474219245,-0.17758730554968483,0.005459453,16
ridge_primary_alpha1,train,20181121,20,-0.018550747538350808,-0.3710149507670162,3,17,0.1621647177497758,-0.533179668516792,0.0053718463,16
ridge_primary_alpha1,train,20181122,20,-0.03390392187719994,-0.6780784375439989,4,16,0.21781817285008853,-0.8958966103940874,0.0053102067,16
ridge_primary_alpha1,train,20181123,20,0.027626731311161945,0.5525346262232389,15,5,0.621869734548878,-0.06933510832563905,0.005269595,14
ridge_primary_alpha1,train,20181126,20,0.058497785761235585,1.1699557152247118,19,1,1.183739619182026,-0.013783903957314214,0.005331433,17
ridge_primary_alpha1,train,20181127,20,0.05445046694019921,1.0890093388039843,20,0,1.0890093388039843,0.0,0.005295542,14
ridge_primary_alpha1,train,20181128,20,0.030828638883326827,0.6165727776665365,14,6,0.6705313324245925,-0.053958554758056,0.0054064346,15
ridge_primary_alpha1,train,20181129,20,0.05385799640463558,1.0771599280927115,20,0,1.0771599280927115,0.0,0.0054390277,14
ridge_primary_alpha1,train,20181130,20,0.009505642143397702,0.19011284286795405,11,9,0.3655323513882469,-0.17541950852029287,0.0054240087,16
ridge_primary_alpha1,train,20181203,20,-0.018030711832805864,-0.36061423665611725,4,16,0.18796604412910134,-0.5485802807852186,0.0054259608,18
ridge_primary_alpha1,train,20181204,20,-0.017519489289070832,-0.35038978578141666,3,17,0.09288841288900196,-0.4432781986704186,0.005397517,17
ridge_primary_alpha1,train,20181205,20,-0.019695846653511605,-0.3939169330702321,2,18,0.08342307486949507,-0.4773400079397272,0.0053896,16
ridge_primary_alpha1,train,20181206,20,0.009181886727220645,0.1836377345444129,14,6,0.32052066911807353,-0.13688293457366063,0.005367728,17
ridge_primary_alpha1,train,20181207,20,-0.003688292359587131,-0.07376584719174262,6,14,0.3189557412647621,-0.39272158845650473,0.0053853416,16
ridge_primary_alpha1,train,20181210,20,0.00011079840290366683,0.0022159680580733365,9,11,0.2656624665589651,-0.26344649850089175,0.0053998483,17
ridge_primary_alpha1,train,20181211,20,-0.029248165665526082,-0.5849633133105216,2,18,0.03295304633655616,-0.6179163596470778,0.005400083,14
ridge_primary_alpha1,train,20181212,20,-0.042319118318809544,-0.8463823663761909,1,19,0.009501187648456089,-0.855883554024647,0.005522488,15
ridge_primary_alpha1,train,20181213,20,-0.041936464263340315,-0.8387292852668063,0,20,0.0,-0.8387292852668063,0.0055325557,16
ridge_primary_alpha1,train,20181214,20,-0.013904562129558078,-0.2780912425911616,6,14,0.1592063586740553,-0.4372976012652169,0.00544603,15
ridge_primary_alpha1,train,20181217,20,-0.00010956984649321822,-0.0021913969298643643,11,9,0.21340385404798012,-0.2155952509778445,0.005516271,16
ridge_primary_alpha1,train,20181218,20,-0.009605934807925525,-0.19211869615851052,6,14,0.14403445060684716,-0.3361531467653577,0.0056479876,17
ridge_primary_alpha1,train,20181219,20,0.015098660641938655,0.3019732128387731,10,10,0.5333373069493472,-0.23136409411057413,0.0055296635,14
ridge_primary_alpha1,train,20181220,20,-0.013115774110938044,-0.2623154822187609,4,16,0.1393124635471723,-0.4016279457659332,0.0055133877,17
ridge_primary_alpha1,train,20181221,20,-0.0040355305027200365,-0.08071061005440072,4,16,0.35060106283147685,-0.4313116728858776,0.005560656,17
ridge_primary_alpha1,train,20181224,20,-0.02030505770693509,-0.40610115413870185,3,17,0.040244556212091,-0.44634571035079285,0.0054720608,18
ridge_primary_alpha1,train,20181225,20,0.00016473558253148334,0.003294711650629667,8,12,0.13278218548164955,-0.12948747383101988,0.005484001,16
ridge_primary_alpha1,train,20181226,20,0.00789474722785748,0.15789494455714959,12,8,0.23273791598692006,-0.07484297142977048,0.005538608,15
ridge_primary_alpha1,train,20181227,20,0.06525327485093607,1.3050654970187214,20,0,1.3050654970187214,0.0,0.005563245,16
ridge_primary_alpha1,train,20181228,20,0.05744064909656382,1.1488129819312765,20,0,1.1488129819312765,0.0,0.0055180723,13
ridge_primary_alpha1,train,20190102,20,0.060449948224601945,1.208998964492039,20,0,1.208998964492039,0.0,0.0054215454,17
ridge_primary_alpha1,train,20190103,20,0.06091990997517473,1.2183981995034945,20,0,1.2183981995034945,0.0,0.005424273,17
ridge_primary_alpha1,train,20190104,20,0.023755811162874407,0.47511622325748815,18,2,0.4904903926388442,-0.015374169381356051,0.0053929156,18
ridge_primary_alpha1,train,20190107,20,0.007058400065618792,0.14116800131237583,12,8,0.21413096759059647,-0.07296296627822063,0.005430049,17
ridge_primary_alpha1,train,20190108,20,0.019033075859504416,0.38066151719008834,17,3,0.40243594894087864,-0.021774431750790302,0.005420171,16
ridge_primary_alpha1,train,20190109,20,0.013839220026628619,0.27678440053257236,16,4,0.298649605097949,-0.02186520456537666,0.0054528965,13
ridge_primary_alpha1,train,20190110,20,0.01091175001063029,0.21823500021260578,11,9,0.3068455144422242,-0.08861051422961841,0.0054982337,15
ridge_primary_alpha1,train,20190111,20,-0.0007296030391318487,-0.014592060782636973,7,13,0.13769725125646026,-0.15228931203909724,0.0054732845,12
ridge_primary_alpha1,train,20190114,20,0.01890216837971152,0.3780433675942304,18,2,0.394022062667466,-0.01597869507323557,0.005397751,16
ridge_primary_alpha1,train,20190115,20,-0.006496873421789057,-0.12993746843578113,4,16,0.18115764705094817,-0.3110951154867293,0.005425551,15
ridge_primary_alpha1,train,20190116,20,-0.015283029190954889,-0.3056605838190978,5,15,0.07359548165433116,-0.37925606547342894,0.0054260693,14
ridge_primary_alpha1,train,20190117,20,0.006312709087953422,0.12625418175906844,10,10,0.25130650956328626,-0.12505232780421782,0.0054886197,15
ridge_primary_alpha1,train,20190118,20,-0.0047413537063600904,-0.09482707412720182,8,12,0.0986674450610241,-0.1934945191882259,0.00548968,15
ridge_primary_alpha1,train,20190121,20,-0.02974194015997374,-0.5948388031994748,2,18,0.017139836907278605,-0.6119786401067534,0.005610442,15
ridge_primary_alpha1,train,20190122,20,-0.046250754718344514,-0.9250150943668902,2,18,0.09172757562836553,-1.0167426699952558,0.0055233305,13
ridge_primary_alpha1,train,20190123,20,-0.06442534660399894,-1.288506932079979,0,20,0.0,-1.288506932079979,0.0056117093,15
ridge_primary_alpha1,train,20190124,20,-0.10388015742175813,-2.0776031484351627,0,20,0.0,-2.0776031484351627,0.0055923117,12
ridge_primary_alpha1,train,20190125,20,-0.05913469495446324,-1.1826938990892648,1,19,0.041353383458646586,-1.224047282547911,0.005540301,14
ridge_primary_alpha1,train,20190128,20,-0.007730050053571557,-0.15460100107143115,8,12,0.2337371374815822,-0.38833813855301336,0.0055846595,16
ridge_primary_alpha1,train,20190129,20,0.036706689692579175,0.7341337938515835,19,1,0.7341337938515835,0.0,0.0056707636,18
ridge_primary_alpha1,train,20190130,20,0.07047346526540992,1.4094693053081984,20,0,1.4094693053081984,0.0,0.0057064397,14
ridge_primary_alpha1,train,20190131,20,0.09516026328970496,1.9032052657940992,20,0,1.9032052657940992,0.0,0.005596912,17
ridge_primary_alpha1,train,20190201,20,0.06474514452537364,1.2949028905074729,20,0,1.2949028905074729,0.0,0.0057405373,16
ridge_primary_alpha1,train,20190211,20,0.0772778998403308,1.545557996806616,20,0,1.545557996806616,0.0,0.0058375793,15
ridge_primary_alpha1,train,20190212,20,0.05374313890800096,1.0748627781600193,20,0,1.0748627781600193,0.0,0.005818936,16
ridge_primary_alpha1,train,20190213,20,0.05270416996954095,1.054083399390819,20,0,1.054083399390819,0.0,0.005888135,14
ridge_primary_alpha1,train,20190214,20,0.0395473224430278,0.790946448860556,20,0,0.790946448860556,0.0,0.005745097,16
ridge_primary_alpha1,train,20190215,20,0.04988657329628824,0.9977314659257648,20,0,0.9977314659257648,0.0,0.005698124,16
ridge_primary_alpha1,train,20190218,20,0.05413080235796114,1.0826160471592228,20,0,1.0826160471592228,0.0,0.0056845015,15
ridge_primary_alpha1,train,20190219,20,0.06268305107057018,1.2536610214114037,20,0,1.2536610214114037,0.0,0.005708038,16
ridge_primary_alpha1,train,20190220,20,0.04781866744174969,0.9563733488349937,20,0,0.9563733488349937,0.0,0.005620815,16
ridge_primary_alpha1,train,20190221,20,0.060345306427467674,1.2069061285493534,20,0,1.2069061285493534,0.0,0.005586086,15
ridge_primary_alpha1,train,20190222,20,0.052114316180299124,1.0422863236059825,20,0,1.0422863236059825,0.0,0.005688737,18
ridge_primary_alpha1,train,20190225,20,0.032393994486240876,0.6478798897248176,17,3,0.6570980069933301,-0.009218117268512516,0.0058009666,16
ridge_primary_alpha1,train,20190226,20,0.055252350216048206,1.1050470043209641,19,1,1.1064263146657918,-0.0013793103448276334,0.00589469,17
ridge_primary_alpha1,train,20190227,20,0.07105716512695333,1.4211433025390665,20,0,1.4211433025390665,0.0,0.005891891,15
ridge_primary_alpha1,train,20190228,20,0.07598923095529526,1.5197846191059052,20,0,1.5197846191059052,0.0,0.00582725,16
ridge_primary_alpha1,train,20190301,20,0.016273832149601285,0.3254766429920257,12,8,0.4766887880922519,-0.15121214510022618,0.005745231,16
ridge_primary_alpha1,train,20190304,20,0.05696745697090405,1.139349139418081,19,1,1.1412685252146262,-0.0019193857965451588,0.0058410075,14
ridge_primary_alpha1,train,20190305,20,0.049002891629742105,0.9800578325948421,20,0,0.9800578325948421,0.0,0.0058425767,11
ridge_primary_alpha1,train,20190306,20,0.013086447267578604,0.2617289453515721,14,6,0.28899218450948627,-0.027263239157914176,0.0057573738,15
ridge_primary_alpha1,train,20190307,20,-0.015208022207550858,-0.3041604441510172,6,14,0.12786910867101953,-0.4320295528220367,0.0057285316,16
ridge_primary_alpha1,train,20190308,20,0.04633137298254776,0.9266274596509552,19,1,0.9441005779305252,-0.017473118279569988,0.0057590613,13
ridge_primary_alpha1,train,20190311,20,0.020191458273099018,0.40382916546198033,15,5,0.4656114029234315,-0.06178223746145117,0.005809112,17
ridge_primary_alpha1,train,20190312,20,0.024547719547432578,0.49095439094865156,16,4,0.6031541989080753,-0.11219980795942375,0.005732898,15
ridge_primary_alpha1,train,20190313,20,0.03390518304100459,0.6781036608200918,17,3,0.7226387274008501,-0.04453506658075834,0.0057765837,16
ridge_primary_alpha1,train,20190314,20,0.06918980687486387,1.3837961374972774,20,0,1.3837961374972774,0.0,0.0057948004,17
ridge_primary_alpha1,train,20190315,20,0.05859227317970885,1.171845463594177,20,0,1.171845463594177,0.0,0.0057638795,17
ridge_primary_alpha1,train,20190318,20,0.03248028220187837,0.6496056440375674,16,4,0.6986739852743842,-0.049068341236816804,0.0057589,15
ridge_primary_alpha1,train,20190319,20,0.014825725357734298,0.29651450715468597,6,14,0.6800116947599155,-0.38349718760522955,0.0056848694,15
ridge_primary_alpha1,train,20190320,20,0.011571752728317859,0.23143505456635716,8,12,0.6158591374645666,-0.3844240828982094,0.0056754956,15
ridge_primary_alpha1,train,20190321,20,-0.01713969773555542,-0.3427939547111084,5,15,0.31969801808828247,-0.6624919727993909,0.005644603,16
ridge_primary_alpha1,train,20190322,20,0.007977769918183608,0.15955539836367216,9,11,0.4563769266498816,-0.29682152828620945,0.005756217,16
ridge_primary_alpha1,train,20190325,20,0.022640065941207564,0.4528013188241513,16,4,0.5397682960648027,-0.08696697724065139,0.005714389,15
ridge_primary_alpha1,train,20190326,20,0.05059858758421683,1.0119717516843365,18,2,1.0376131027521267,-0.025641351067790197,0.0056758365,12
ridge_primary_alpha1,train,20190327,20,0.059083785844049955,1.181675716880999,20,0,1.181675716880999,0.0,0.005672316,13
ridge_primary_alpha1,train,20190328,20,0.09844263842595277,1.9688527685190553,20,0,1.9688527685190553,0.0,0.005651658,14
ridge_primary_alpha1,train,20190329,20,0.05654264648782553,1.1308529297565106,20,0,1.1308529297565106,0.0,0.005762103,16
ridge_primary_alpha1,train,20190401,20,0.04052769828968465,0.8105539657936931,19,1,0.8119034934590101,-0.0013495276653170407,0.0057857297,15
ridge_primary_alpha1,train,20190402,20,0.034010477559722814,0.6802095511944563,17,3,0.7281298543547077,-0.04792030316025142,0.0057814894,16
ridge_primary_alpha1,train,20190403,20,0.012903600649402009,0.25807201298804017,11,9,0.5461516466021306,-0.2880796336140904,0.0057358043,14
ridge_primary_alpha1,train,20190404,20,0.0013853031230774472,0.02770606246154894,10,10,0.28483349931339985,-0.2571274368518509,0.005774549,15
ridge_primary_alpha1,train,20190408,20,0.022233193254731803,0.44466386509463607,9,11,0.7049148062290032,-0.2602509411343671,0.005700128,14
ridge_primary_alpha1,train,20190409,20,0.034789219240540944,0.6957843848108188,11,9,0.8357340985187907,-0.13994971370797182,0.005617954,14
ridge_primary_alpha1,train,20190410,20,0.02357590011775427,0.47151800235508534,10,10,0.5733816220858674,-0.10186361973078206,0.005590242,16
ridge_primary_alpha1,train,20190411,20,0.020785326864677055,0.4157065372935411,13,7,0.4618855208619561,-0.04617898356841499,0.00563855,17
ridge_primary_alpha1,train,20190412,20,0.02032525533941746,0.40650510678834917,15,5,0.4342177656053694,-0.02771265881702023,0.005589702,17
ridge_primary_alpha1,train,20190415,20,0.018456402287959695,0.3691280457591939,15,5,0.4416556697226588,-0.0725276239634649,0.0056333304,18
ridge_primary_alpha1,train,20190416,20,-0.029617758706455815,-0.5923551741291163,3,17,0.11699361686575016,-0.7093487909948665,0.0056750914,18
ridge_primary_alpha1,train,20190417,20,-0.024716169265584204,-0.49432338531168407,2,18,0.03213911899279287,-0.5264625043044769,0.0056295767,17
ridge_primary_alpha1,train,20190418,20,-0.06166718030009257,-1.2333436060018514,0,20,0.0,-1.2333436060018517,0.0056293295,17
ridge_primary_alpha1,train,20190419,20,-0.07028132390876553,-1.4056264781753105,2,18,0.0930573890502362,-1.4986838672255467,0.005699693,15
ridge_primary_alpha1,train,20190422,20,-0.08946493384462677,-1.7892986768925354,1,19,0.06587712805329393,-1.8551758049458291,0.005685287,16
ridge_primary_alpha1,train,20190423,20,-0.06649152052446276,-1.3298304104892553,1,19,0.07761437908496727,-1.4074447895742228,0.00566029,17
ridge_primary_alpha1,train,20190424,20,-0.12953924732971167,-2.5907849465942334,0,20,0.0,-2.5907849465942334,0.005708541,18
ridge_primary_alpha1,train,20190425,20,-0.07503107580604873,-1.5006215161209746,1,19,0.06692307692307686,-1.5675445930440512,0.005696736,17
ridge_primary_alpha1,train,20190426,20,-0.06534299325355855,-1.306859865071171,0,20,0.0,-1.306859865071171,0.005756146,16
ridge_primary_alpha1,train,20190429,20,-0.028204095366026104,-0.5640819073205221,2,18,0.024530165869716347,-0.5886120731902384,0.0057467315,16
ridge_primary_alpha1,train,20190430,20,0.019597630216099105,0.3919526043219821,13,7,0.49881558046103125,-0.10686297613904916,0.005769287,18
ridge_primary_alpha1,train,20190506,20,0.05491585761882074,1.0983171523764148,19,1,1.1256395567479995,-0.02732240437158473,0.0056642964,15
ridge_primary_alpha1,train,20190507,20,0.04290061307527053,0.8580122615054105,18,2,0.8705805675163396,-0.012568306010929065,0.005668861,16
ridge_primary_alpha1,train,20190508,20,0.06594874012718499,1.3189748025436998,19,1,1.346247529816427,-0.027272727272727226,0.0056187967,15
ridge_primary_alpha1,train,20190509,20,0.05389395200552273,1.0778790401104545,19,1,1.1129491803910156,-0.0350701402805611,0.0056447163,15
ridge_primary_alpha1,train,20190510,20,-0.017699176094420586,-0.35398352188841176,4,16,0.1753226591996475,-0.5293061810880593,0.005581782,13
ridge_primary_alpha1,train,20190513,20,-0.01245387460656724,-0.24907749213134478,6,14,0.1910262607955837,-0.4401037529269285,0.0055454946,18
ridge_primary_alpha1,train,20190514,20,0.0035150179122743373,0.07030035824548675,8,12,0.20606393532964384,-0.1357635770841571,0.005586229,17
ridge_primary_alpha1,train,20190515,20,-0.024846610311222234,-0.4969322062244447,3,17,0.08986256717798558,-0.5867947734024302,0.0056020617,16
ridge_primary_alpha1,train,20190516,20,-0.05405171306210373,-1.0810342612420747,1,19,0.031016042780748876,-1.1120503040228236,0.0057069487,18
ridge_primary_alpha1,train,20190517,20,-0.015271102990513064,-0.30542205981026127,6,14,0.07569395171977233,-0.3811160115300336,0.00554788,16
ridge_primary_alpha1,train,20190520,20,0.02340042913287683,0.46800858265753664,18,2,0.4740733644216859,-0.006064781764149263,0.005568097,14
ridge_primary_alpha1,train,20190521,20,0.0005523496554741935,0.011046993109483871,11,9,0.20511568153256077,-0.1940686884230769,0.005640957,15
ridge_primary_alpha1,train,20190522,20,0.014752105275325389,0.2950421055065078,15,5,0.39079149389744616,-0.09574938839093838,0.0057126116,16
ridge_primary_alpha1,train,20190523,20,0.030203416362986513,0.6040683272597303,16,4,0.6686586478368008,-0.06459032057707059,0.005591683,15
ridge_primary_alpha1,train,20190524,20,0.04097899908986231,0.8195799817972461,18,2,0.8470784997555034,-0.027498517958257307,0.005594894,15
ridge_primary_alpha1,train,20190527,20,-0.01837855643604928,-0.36757112872098563,2,18,0.04632400824421112,-0.41389513696519675,0.0055297543,15
ridge_primary_alpha1,train,20190528,20,-0.030722576641760847,-0.6144515328352169,0,20,0.0,-0.6144515328352169,0.0055579846,12
ridge_primary_alpha1,train,20190529,20,-0.031810176933240605,-0.636203538664812,0,20,0.0,-0.636203538664812,0.0054873973,14
ridge_primary_alpha1,train,20190530,20,-0.056547435497852905,-1.130948709957058,1,19,0.006568144499178974,-1.137516854456237,0.005523729,15
ridge_primary_alpha1,train,20190531,20,-0.04879387053242816,-0.9758774106485633,0,20,0.0,-0.9758774106485633,0.0055050133,16
ridge_primary_alpha1,train,20190603,20,0.0063224150765092465,0.12644830153018494,14,6,0.2231816758689118,-0.09673337433872686,0.0054873168,15
ridge_primary_alpha1,train,20190604,20,0.0166875925695734,0.333751851391468,14,6,0.36838999406483053,-0.034638142673362515,0.0055314815,16
ridge_primary_alpha1,train,20190605,20,0.028746899491468268,0.5749379898293654,18,2,0.5861352335847485,-0.011197243755383113,0.005563245,18
ridge_primary_alpha1,train,20190606,20,0.0440987391628316,0.881974783256632,19,1,0.8841115353933842,-0.002136752136752129,0.005508421,17
ridge_primary_alpha1,train,20190610,20,0.029761843084336555,0.5952368616867311,19,1,0.5996421480303433,-0.004405286343612258,0.0056182314,18
ridge_primary_alpha1,train,20190611,20,-0.007574810173020469,-0.15149620346040937,6,14,0.13232645040204472,-0.2838226538624541,0.0055559366,17
ridge_primary_alpha1,train,20190612,20,0.004265115820904097,0.08530231641808195,11,9,0.19746137567700361,-0.11215905925892167,0.005520626,16
ridge_primary_alpha1,train,20190613,20,0.0075381244820192485,0.15076248964038497,13,7,0.24216521480893416,-0.09140272516854919,0.005524473,20
ridge_primary_alpha1,train,20190614,20,0.06672529195079127,1.3345058390158253,20,0,1.3345058390158253,0.0,0.0055315583,17
ridge_primary_alpha1,train,20190617,20,0.05027570415408418,1.0055140830816836,20,0,1.0055140830816836,0.0,0.0055136797,17
ridge_primary_alpha1,train,20190618,20,0.03793274185855865,0.758654837171173,18,2,0.7644019636079546,-0.005747126436781658,0.005519365,19
ridge_primary_alpha1,train,20190619,20,0.03512574846926026,0.7025149693852052,19,1,0.7041278726110116,-0.001612903225806428,0.0055973786,18
ridge_primary_alpha1,train,20190620,20,0.011167920408658372,0.22335840817316743,12,8,0.3719170769364346,-0.14855866876326718,0.005619082,17
ridge_primary_alpha1,train,20190621,20,-0.016263146639929622,-0.3252629327985924,2,18,0.040174979988243376,-0.3654379127868358,0.00558108,15
ridge_primary_alpha1,train,20190624,20,0.0028274061949160544,0.05654812389832109,8,12,0.16481379367784665,-0.10826566977952556,0.0055372277,19
ridge_primary_alpha1,train,20190625,20,0.019395438191362295,0.38790876382724593,17,3,0.430410124717749,-0.04250136089050305,0.005524573,19
ridge_primary_alpha1,train,20190626,20,0.007601963093818253,0.15203926187636507,11,9,0.23001630176618137,-0.0779770398898163,0.0054886444,16
ridge_primary_alpha1,train,20190627,20,0.01151685271341037,0.2303370542682074,13,7,0.32852614564449234,-0.09818909137628495,0.005600847,15
ridge_primary_alpha1,train,20190628,20,0.018607293779405475,0.3721458755881095,16,4,0.39878330759091773,-0.026637432002808215,0.0055661844,15
ridge_primary_alpha1,train,20190701,20,-0.029970636383094912,-0.5994127276618982,1,19,0.0006868131868131844,-0.6000995408487114,0.0056256517,18
ridge_primary_alpha1,train,20190702,20,-0.03154724335560793,-0.6309448671121586,1,19,0.004950495049504955,-0.6358953621616635,0.0056647505,17
ridge_primary_alpha1,train,20190703,20,-0.0419051260508154,-0.838102521016308,1,19,0.005728835136855404,-0.8438313561531634,0.005634156,20
ridge_primary_alpha1,train,20190704,20,-0.035328751640880174,-0.7065750328176035,0,20,0.0,-0.7065750328176035,0.005618979,16
ridge_primary_alpha1,train,20190705,20,-0.034876252668304894,-0.6975250533660979,0,20,0.0,-0.6975250533660979,0.005662529,16
ridge_primary_alpha1,train,20190708,20,0.015315347511611777,0.30630695023223553,10,10,0.3677615076065526,-0.06145455737431704,0.00546916,17
ridge_primary_alpha1,train,20190709,20,0.0162338543028688,0.324677086057376,15,5,0.37402020965493743,-0.049343123597561434,0.005587104,16
ridge_primary_alpha1,train,20190710,20,0.022959415352685354,0.45918830705370706,16,4,0.49484950905402636,-0.0356612020003193,0.005635905,17
ridge_primary_alpha1,train,20190711,20,0.006418373527403603,0.12836747054807207,10,10,0.27829858652691275,-0.14993111597884068,0.0056267628,16
ridge_primary_alpha1,train,20190712,20,0.006061329746673244,0.12122659493346488,12,8,0.25401346645850587,-0.13278687152504098,0.0056626834,15
ridge_primary_alpha1,train,20190715,20,-0.04329520008034532,-0.8659040016069064,1,19,0.026726057906458767,-0.8926300595133652,0.0056463503,17
ridge_primary_alpha1,train,20190716,20,-0.02686165991012183,-0.5372331982024366,2,18,0.11635576179427698,-0.6535889599967136,0.005612346,16
ridge_primary_alpha1,train,20190717,20,0.002506064010184972,0.050121280203699436,2,18,0.5079601508849987,-0.45783887068129925,0.005614255,18
ridge_primary_alpha1,train,20190718,20,-0.005835949435278603,-0.11671898870557207,7,13,0.14384860659254461,-0.2605675952981167,0.005528304,17
ridge_primary_alpha1,train,20190719,20,-0.004217253760736212,-0.08434507521472423,8,12,0.17440613471728272,-0.25875120993200695,0.005604661,17
ridge_primary_alpha1,train,20190722,20,0.025080027901200015,0.5016005580240003,19,1,0.5096262402069858,-0.008025682182985494,0.0055270707,16
ridge_primary_alpha1,train,20190723,20,0.022797833785589795,0.4559566757117959,17,3,0.4679690883448404,-0.012012412633044534,0.005612514,18
ridge_primary_alpha1,train,20190724,20,-0.0005384407896452282,-0.010768815792904562,9,11,0.1886343880956316,-0.19940320388853616,0.0056559993,18
ridge_primary_alpha1,train,20190725,20,-0.0032930503137170108,-0.06586100627434022,6,14,0.2441483480580282,-0.3100093543323684,0.0056956494,16
ridge_primary_alpha1,train,20190726,20,-0.026606226787640512,-0.5321245357528103,2,18,0.10183287795992757,-0.6339574137127378,0.0057047596,17
ridge_primary_alpha1,train,20190729,20,-0.038078966417790454,-0.7615793283558091,3,17,0.052334049204677324,-0.8139133775604864,0.0056435456,15
ridge_primary_alpha1,train,20190730,20,-0.07458561583205668,-1.4917123166411337,1,19,0.03221083455344087,-1.5239231511945746,0.0057111173,16
ridge_primary_alpha1,train,20190731,20,-0.05913645780498078,-1.1827291560996156,1,19,0.023210831721470093,-1.2059399878210855,0.005668792,15
ridge_primary_alpha1,train,20190801,20,-0.039055016339082975,-0.7811003267816595,2,18,0.01574165677351247,-0.796841983555172,0.005761246,16
ridge_primary_alpha1,train,20190802,20,-0.050801066351978896,-1.016021327039578,0,20,0.0,-1.016021327039578,0.005761542,13
ridge_primary_alpha1,train,20190805,20,-0.008222165384624096,-0.16444330769248194,5,15,0.1076651930600192,-0.27210850075250115,0.0056037204,15
ridge_primary_alpha1,train,20190806,20,0.0013381655746101339,0.02676331149220268,9,11,0.13192807775516324,-0.10516476626296056,0.005660751,17
ridge_primary_alpha1,train,20190807,20,0.012966953241176509,0.2593390648235302,13,7,0.2918470501549364,-0.0325079853314062,0.005596614,16
ridge_primary_alpha1,train,20190808,20,0.010642703798583914,0.21285407597167827,13,7,0.2939838340197245,-0.08112975804804623,0.005635961,17
ridge_primary_alpha1,train,20190809,20,0.023743297058542622,0.47486594117085246,17,3,0.4837351207717395,-0.008869179600887067,0.005575412,18
ridge_primary_alpha1,train,20190812,20,0.03934643189307864,0.7869286378615727,19,1,0.8025536378615727,-0.015625,0.0056940443,16
ridge_primary_alpha1,train,20190813,20,0.03186640917624053,0.6373281835248106,20,0,0.6373281835248106,0.0,0.0055402815,14
ridge_primary_alpha1,train,20190814,20,0.04902776523576245,0.9805553047152491,20,0,0.9805553047152491,0.0,0.0055897003,16
ridge_primary_alpha1,train,20190815,20,0.047283402448668584,0.9456680489733716,19,1,0.9542394775448002,-0.008571428571428563,0.0055818562,15
ridge_primary_alpha1,train,20190816,20,0.0306944557604135,0.6138891152082699,18,2,0.6319118160307824,-0.01802270082251245,0.005661725,15
ridge_primary_alpha1,train,20190819,20,-0.008515946136553283,-0.17031892273106564,6,14,0.06141157921677709,-0.23173050194784273,0.005752049,18
ridge_primary_alpha1,train,20190820,20,0.008384495189017776,0.16768990378035553,15,5,0.22478621632675977,-0.05709631254640424,0.0057339603,16
ridge_primary_alpha1,train,20190821,20,0.02835821790051421,0.5671643580102842,18,2,0.5838413787875325,-0.016677020777248308,0.005714017,17
ridge_primary_alpha1,train,20190822,20,0.00927165164199754,0.18543303283995083,12,8,0.2572658066615625,-0.07183277382161168,0.005645224,16
ridge_primary_alpha1,train,20190823,20,0.015954280423593724,0.3190856084718745,17,3,0.3433840738319571,-0.02429846536008262,0.0056366767,15
ridge_primary_alpha1,train,20190826,20,0.023015482860684743,0.4603096572136949,18,2,0.4788801306812991,-0.01857047346760421,0.0056791943,16
ridge_primary_alpha1,train,20190827,20,0.015900048099637826,0.3180009619927565,17,3,0.3446732414144087,-0.02667227942165218,0.0057403804,18
ridge_primary_alpha1,train,20190828,20,0.012962798907864332,0.2592559781572866,16,4,0.2991480610864019,-0.03989208292911528,0.0057318103,15
ridge_primary_alpha1,train,20190829,20,0.02649524735480018,0.5299049470960036,20,0,0.5299049470960036,0.0,0.0056811487,19
ridge_primary_alpha1,train,20190830,20,0.04993784999241248,0.9987569998482495,20,0,0.9987569998482495,0.0,0.0056669586,19
ridge_primary_alpha1,train,20190902,20,0.03460519437995233,0.6921038875990466,20,0,0.6921038875990466,0.0,0.0056428085,20
ridge_primary_alpha1,train,20190903,20,0.049433747689890714,0.9886749537978143,20,0,0.9886749537978143,0.0,0.005634892,16
ridge_primary_alpha1,train,20190904,20,0.02862357875040879,0.5724715750081758,17,3,0.6336384807948805,-0.061166905786704695,0.005780478,16
ridge_primary_alpha1,train,20190905,20,0.023744338552957628,0.47488677105915256,17,3,0.49983138816779604,-0.024944617108643485,0.0057389773,15
ridge_primary_alpha1,train,20190906,20,0.013408067309276494,0.2681613461855299,16,4,0.30055046703231936,-0.032389120846789465,0.0057614488,15
ridge_primary_alpha1,train,20190909,20,-0.016591603157814844,-0.3318320631562969,5,15,0.06062941744198769,-0.39246148059828456,0.005796806,15
ridge_primary_alpha1,train,20190910,20,-0.011517815325485087,-0.23035630650970174,7,13,0.14150911604767202,-0.37186542255737376,0.005849126,17
ridge_primary_alpha1,train,20190911,20,0.014851837946404706,0.2970367589280941,10,10,0.39706347469947545,-0.10002671577138134,0.0057958965,14
ridge_primary_alpha1,train,20190912,20,-0.0007149794840195234,-0.014299589680390468,10,10,0.19239186149642507,-0.20669145117681553,0.0057379184,15
ridge_primary_alpha1,train,20190916,20,-0.01019838236828976,-0.2039676473657952,6,14,0.13774111690487456,-0.34170876427066976,0.0057507707,14
ridge_primary_alpha1,train,20190917,20,0.029950820614609536,0.5990164122921907,12,8,0.6674544704538474,-0.06843805816165671,0.0056657875,18
ridge_primary_alpha1,train,20190918,20,-0.018729454064500745,-0.3745890812900149,3,17,0.06454111787081707,-0.43913019916083196,0.0056777718,17
ridge_primary_alpha1,train,20190919,20,-0.06072600867706757,-1.2145201735413513,0,20,0.0,-1.2145201735413513,0.0056646257,15
ridge_primary_alpha1,train,20190920,20,-0.037447762595129684,-0.7489552519025937,2,18,0.035898957362041184,-0.7848542092646349,0.005776382,16
ridge_primary_alpha1,train,20190923,20,-0.040309648359883474,-0.8061929671976695,1,19,0.00203252032520318,-0.8082254875228727,0.0057281656,20
ridge_primary_alpha1,train,20190924,20,-0.0347693438330967,-0.695386876661934,1,19,0.061135371179039444,-0.7565222478409734,0.005690199,18
ridge_primary_alpha1,train,20190925,20,-0.004826234076716363,-0.09652468153432725,8,12,0.0901031535040373,-0.18662783503836455,0.0056511746,17
ridge_primary_alpha1,train,20190926,20,0.02336098932148692,0.4672197864297384,19,1,0.5541763081688689,-0.08695652173913049,0.0056025744,16
ridge_primary_alpha1,train,20190927,20,0.01564337694068817,0.3128675388137634,16,4,0.46263066283058496,-0.14976312401682157,0.005530829,18
ridge_primary_alpha1,train,20190930,20,0.04278067215245455,0.8556134430490909,18,2,1.0020780895137373,-0.1464646464646464,0.00556525,14
ridge_primary_alpha1,train,20191008,20,0.029402978011329732,0.5880595602265947,17,3,0.8101661193684024,-0.22210655914180777,0.0056598606,14
ridge_primary_alpha1,train,20191009,20,-0.000723267153639523,-0.01446534307279046,10,10,0.09442215466897474,-0.1088874977417652,0.0055857887,17
ridge_primary_alpha1,train,20191010,20,-0.0026380667882025923,-0.05276133576405184,5,15,0.1496540086918916,-0.20241534445594345,0.005716436,16
ridge_primary_alpha1,train,20191011,20,-0.028339265629790604,-0.5667853125958121,4,16,0.06918744444189673,-0.6359727570377088,0.0057731364,15
ridge_primary_alpha1,train,20191014,20,-0.026238820534104163,-0.5247764106820832,4,16,0.07130743187625388,-0.5960838425583371,0.005821116,17
ridge_primary_alpha1,train,20191015,20,-0.0038085362058098093,-0.07617072411619619,6,14,0.15064201842290093,-0.2268127425390971,0.0057477606,18
ridge_primary_alpha1,train,20191016,20,-0.0014531088293056494,-0.029062176586112987,4,16,0.18778179825396468,-0.21684397484007767,0.005710964,14
ridge_primary_alpha1,train,20191017,20,0.0032248880621897126,0.06449776124379425,5,15,0.26125353137657115,-0.1967557701327769,0.005692952,15
ridge_primary_alpha1,train,20191018,20,0.018055030411798262,0.36110060823596524,16,4,0.4677785703481474,-0.10667796211218217,0.005757885,16
ridge_primary_alpha1,train,20191021,20,0.03244520361485699,0.6489040722971398,19,1,0.6561900467962289,-0.007285974499089187,0.005741994,16
ridge_primary_alpha1,train,20191022,20,0.008563611036109808,0.17127222072219617,10,10,0.2853391667406664,-0.11406694601847023,0.005553368,16
ridge_primary_alpha1,train,20191023,20,-0.015399075566548182,-0.30798151133096363,5,15,0.12405656338831461,-0.43203807471927824,0.0056176437,14
ridge_primary_alpha1,train,20191024,20,-0.011653985954008633,-0.23307971908017266,4,16,0.1750654804013454,-0.40814519948151806,0.005575812,16
ridge_primary_alpha1,train,20191025,20,-0.010293743938066046,-0.20587487876132093,3,17,0.23977701390357464,-0.4456518926648956,0.0056682494,15
ridge_primary_alpha1,train,20191028,20,-0.011710304226737911,-0.23420608453475822,4,16,0.33106133952036787,-0.5652674240551261,0.0056547993,15
ridge_primary_alpha1,train,20191029,20,-0.028278185378988168,-0.5655637075797634,1,19,0.003898635477582957,-0.5694623430573463,0.005746456,15
ridge_primary_alpha1,train,20191030,20,-0.021410197829457172,-0.42820395658914345,2,18,0.010313506935033745,-0.4385174635241772,0.0057083108,15
ridge_primary_alpha1,train,20191031,20,-0.0005173828218461906,-0.010347656436923813,8,12,0.14573828882195428,-0.1560859452588781,0.005733353,16
ridge_primary_alpha1,train,20191101,20,-0.01108873068010654,-0.2217746136021308,3,17,0.16960724008319517,-0.39138185368532596,0.005727714,14
ridge_primary_alpha1,train,20191104,20,-0.035521789858882616,-0.7104357971776524,2,18,0.24347445592080752,-0.9539102530984599,0.005739499,15
ridge_primary_alpha1,train,20191105,20,-0.022621901540001717,-0.4524380308000343,2,18,0.2751390820584143,-0.7275771128584486,0.005781108,16
ridge_primary_alpha1,train,20191106,20,-0.01606395814239543,-0.3212791628479086,2,18,0.2276028100086831,-0.5488819728565917,0.0057512578,17
ridge_primary_alpha1,train,20191107,20,-0.034005621088225045,-0.6801124217645009,1,19,0.09234234234234218,-0.7724547641068431,0.005809012,16
ridge_primary_alpha1,train,20191108,20,-0.0414125434290183,-0.8282508685803661,0,20,0.0,-0.8282508685803661,0.0059044147,16
ridge_primary_alpha1,train,20191111,20,-0.015043012113938197,-0.30086024227876396,6,14,0.027694840096260664,-0.3285550823750246,0.0058402144,16
ridge_primary_alpha1,train,20191112,20,0.006046352388005882,0.12092704776011765,12,8,0.15905023426744824,-0.0381231865073306,0.005790379,17
ridge_primary_alpha1,train,20191113,20,0.009415126693255654,0.1883025338651131,10,10,0.2839545361719851,-0.09565200230687199,0.0057121743,17
ridge_primary_alpha1,train,20191114,20,0.007712504363699418,0.15425008727398837,11,9,0.2464211284553115,-0.09217104118132313,0.005799628,16
ridge_primary_alpha1,train,20191115,20,0.04178599704770924,0.8357199409541848,17,3,0.8569511203832763,-0.021231179429091473,0.0058220364,16
ridge_primary_alpha1,train,20191118,20,0.022114254194980327,0.4422850838996065,14,6,0.497709079723637,-0.05542399582403046,0.005798019,16
ridge_primary_alpha1,train,20191119,20,0.01584160863025123,0.3168321726050246,11,9,0.4213366128310392,-0.10450444022601457,0.0057479744,13
ridge_primary_alpha1,train,20191120,20,0.010447593638141345,0.2089518727628269,13,7,0.30223211984128673,-0.09328024707845983,0.005776804,17
ridge_primary_alpha1,train,20191121,20,0.014449144279696447,0.28898288559392893,10,10,0.4409702927605901,-0.15198740716666115,0.005735659,14
ridge_primary_alpha1,train,20191122,20,0.0004940715848103406,0.00988143169620681,8,12,0.15174861057996614,-0.14186717888375933,0.0056497985,16
ridge_primary_alpha1,train,20191125,20,0.00012359963442964972,0.0024719926885929944,9,11,0.10889844623196554,-0.10642645354337255,0.0056808693,15
ridge_primary_alpha1,train,20191126,20,0.009396670330715295,0.1879334066143059,14,6,0.2644396588996061,-0.07650625228530017,0.0056802467,15
ridge_primary_alpha1,train,20191127,20,0.017202631549414527,0.34405263098829053,19,1,0.35455683266896276,-0.010504201680672232,0.005629035,14
ridge_primary_alpha1,train,20191128,20,0.02736326612324097,0.5472653224648194,20,0,0.5472653224648194,0.0,0.0055983113,13
ridge_primary_alpha1,train,20191129,20,0.041030642115838,0.82061284231676,19,1,0.82061284231676,0.0,0.005628367,12
ridge_primary_alpha1,train,20191202,20,0.030362974522730707,0.6072594904546141,19,1,0.6736231268182504,-0.06636363636363629,0.005546269,16
ridge_primary_alpha1,train,20191203,20,0.02826357290414272,0.5652714580828544,20,0,0.5652714580828544,0.0,0.0055871005,14
ridge_primary_alpha1,train,20191204,20,0.01421519749552096,0.2843039499104192,16,4,0.29968817638935286,-0.015384226478933671,0.0055037527,18
ridge_primary_alpha1,train,20191205,20,0.007847846689860832,0.15695693379721665,13,7,0.215739616847066,-0.05878268304984935,0.0055807764,17
ridge_primary_alpha1,train,20191206,20,0.006130247480718226,0.12260494961436452,14,6,0.213736652289217,-0.09113170267485249,0.005538805,18
ridge_primary_alpha1,train,20191209,20,0.02131470784596303,0.42629415691926065,19,1,0.42629415691926065,0.0,0.0056677447,16
ridge_primary_alpha1,train,20191210,20,0.03885190353890886,0.7770380707781772,20,0,0.7770380707781772,0.0,0.005605189,15
ridge_primary_alpha1,train,20191211,20,0.05045370953443564,1.0090741906887128,19,1,1.0098094848063597,-0.0007352941176469452,0.005733116,16
ridge_primary_alpha1,train,20191212,20,0.06397529962725099,1.2795059925450198,20,0,1.2795059925450198,0.0,0.00568311,14
ridge_primary_alpha1,train,20191213,20,0.04313565355517855,0.8627130711035711,20,0,0.8627130711035711,0.0,0.005711288,17
ridge_primary_alpha1,train,20191216,20,0.0016176364462362647,0.032352728924725294,8,12,0.14332216377403406,-0.11096943484930877,0.0056902226,13
ridge_primary_alpha1,train,20191217,20,0.01538836121417933,0.3077672242835866,14,6,0.3457077683546901,-0.03794054407110348,0.005712432,14
ridge_primary_alpha1,train,20191218,20,0.012346243277341707,0.24692486554683413,12,8,0.3411862029790267,-0.09426133743219256,0.005672413,18
ridge_primary_alpha1,train,20191219,20,0.0008475403840984608,0.016950807681969216,9,11,0.1536296604744274,-0.13667885279245817,0.0056299167,15
ridge_primary_alpha1,train,20191220,20,0.011951787106200967,0.23903574212401935,9,11,0.3762113405992198,-0.13717559847520044,0.005512438,18
ridge_primary_alpha1,train,20191223,20,0.030190480999159785,0.6038096199831957,18,2,0.60679226640402,-0.002982646420824242,0.0055334507,14
ridge_primary_alpha1,train,20191224,20,0.011415558920554802,0.22831117841109605,16,4,0.3041836534000537,-0.07587247498895766,0.0054815663,15
ridge_primary_alpha1,train,20191225,20,0.029198883820000972,0.5839776764000194,18,2,0.6244213331269828,-0.04044365672696337,0.0055339243,17
ridge_primary_alpha1,train,20191226,20,0.02650831128388741,0.5301662256777482,18,2,0.5475338746696738,-0.017367648991925666,0.005631231,19
ridge_primary_alpha1,train,20191227,20,0.0328310427520696,0.656620855041392,19,1,0.673650353180667,-0.017029498139275012,0.0056938366,17
ridge_primary_alpha1,train,20191230,20,0.0398813519313105,0.7976270386262101,20,0,0.7976270386262101,0.0,0.005730479,16
ridge_primary_alpha1,train,20191231,20,0.027350607651837756,0.5470121530367551,17,3,0.5470121530367551,0.0,0.0058318293,15
ridge_primary_alpha1,train,20200102,20,0.014859165865672468,0.2971833173134494,15,5,0.35997453049779526,-0.06279121318434588,0.005845137,17
ridge_primary_alpha1,train,20200103,20,0.013201174744014943,0.26402349488029886,16,4,0.29493113772546553,-0.030907642845166672,0.00577604,14
ridge_primary_alpha1,train,20200106,20,0.009564995588821823,0.19129991177643646,13,7,0.28907435693509576,-0.0977744451586593,0.0058580013,16
ridge_primary_alpha1,train,20200107,20,0.009618120454037992,0.19236240908075986,11,9,0.32183159790458693,-0.12946918882382707,0.005792002,12
ridge_primary_alpha1,train,20200108,20,0.008027996430243916,0.16055992860487833,14,6,0.2508967507578197,-0.09033682215294137,0.005775393,14
ridge_primary_alpha1,train,20200109,20,-0.003242957010518277,-0.06485914021036554,4,16,0.33048828139165654,-0.3953474216020221,0.0057631494,16
ridge_primary_alpha1,train,20200110,20,-0.02002653479413911,-0.40053069588278223,4,16,0.061768476057448396,-0.4622991719402306,0.0057722297,18
ridge_primary_alpha1,train,20200113,20,-0.011825719728197015,-0.2365143945639403,7,13,0.11941691435603885,-0.35593130891997915,0.0058148364,17
ridge_primary_alpha1,train,20200114,20,-0.021091750686128,-0.42183501372256005,6,14,0.10686927915279654,-0.5287042928753566,0.005827953,16
ridge_primary_alpha1,train,20200115,20,-0.031218986904743645,-0.6243797380948729,1,19,0.005357142857142838,-0.6297368809520157,0.005824654,17
ridge_primary_alpha1,train,20200116,20,-0.0615208183794448,-1.230416367588896,0,20,0.0,-1.2304163675888962,0.0058961976,19
ridge_primary_alpha1,train,20200117,20,-0.1389333957898194,-2.778667915796388,0,20,0.0,-2.778667915796388,0.0058848625,15
ridge_primary_alpha1,train,20200120,20,-0.17612940932083027,-3.5225881864166055,0,20,0.0,-3.5225881864166055,0.005918389,16
ridge_primary_alpha1,train,20200121,20,-0.13920362426849475,-2.784072485369895,0,20,0.0,-2.7840724853698955,0.0059088552,17
ridge_primary_alpha1,train,20200122,20,-0.11248568820991915,-2.249713764198383,0,20,0.0,-2.2497137641983826,0.0059020175,17
ridge_primary_alpha1,train,20200123,20,0.02169925486428546,0.4339850972857092,14,6,0.5616226591145994,-0.1276375618288902,0.0058436575,16
ridge_primary_alpha1,train,20200203,20,0.14098288432460532,2.819657686492106,20,0,2.819657686492107,0.0,0.005263901,14
ridge_primary_alpha1,train,20200204,20,0.07680194270592708,1.5360388541185415,20,0,1.5360388541185415,0.0,0.005891849,17
ridge_primary_alpha1,train,20200205,20,0.060857382866431595,1.217147657328632,20,0,1.217147657328632,0.0,0.0059424257,18
ridge_primary_alpha1,train,20200206,20,0.03821723471234769,0.7643446942469538,19,1,0.7643446942469538,0.0,0.005976092,17
ridge_primary_alpha1,train,20200207,20,0.028191652935180785,0.5638330587036157,18,2,0.5780903950467307,-0.01425733634311499,0.0060003903,16
ridge_primary_alpha1,train,20200210,20,0.04422022301364937,0.8844044602729874,18,2,0.9070701833208759,-0.022665723047888497,0.0059933322,16
ridge_primary_alpha1,train,20200211,20,0.051162123252264546,1.023242465045291,19,1,1.026151555954382,-0.002909090909090861,0.0058327783,18
ridge_primary_alpha1,train,20200212,20,0.025952883091461633,0.5190576618292326,16,4,0.5353561376536085,-0.016298475824375824,0.0058320826,17
ridge_primary_alpha1,train,20200213,20,0.06880312786914004,1.376062557382801,20,0,1.376062557382801,0.0,0.005836389,15
ridge_primary_alpha1,train,20200214,20,0.05624183199770703,1.1248366399541405,19,1,1.1481699732874737,-0.023333333333333317,0.0057767136,17
ridge_primary_alpha1,train,20200217,20,0.03153863482497203,0.6307726964994407,19,1,0.6307726964994407,0.0,0.005901737,16
ridge_primary_alpha1,train,20200218,20,-0.0024524879261174416,-0.04904975852234883,10,10,0.12828470187502838,-0.1773344603973772,0.0059015774,18
ridge_primary_alpha1,train,20200219,20,0.0034740460891343806,0.06948092178268761,11,9,0.1878240368647559,-0.1183431150820683,0.0058724103,16
ridge_primary_alpha1,train,20200220,20,-0.01213503020807587,-0.2427006041615174,4,16,0.1426156099835405,-0.3853162141450579,0.0058316505,17
ridge_primary_alpha1,train,20200221,20,-0.0636500594925055,-1.2730011898501101,1,19,0.028011204481792618,-1.3010123943319027,0.0058528287,18
ridge_primary_alpha1,train,20200224,20,-0.016637668586800342,-0.33275337173600683,4,16,0.049109457882948515,-0.38186282961895535,0.0058708517,15
ridge_primary_alpha1,train,20200225,20,0.007198432351791651,0.143968647035833,11,9,0.2805059522712683,-0.13653730523543528,0.0059604207,17
ridge_primary_alpha1,train,20200226,20,0.020597309362344246,0.4119461872468849,11,9,0.5225436360342075,-0.11059744878732258,0.005966049,17
ridge_primary_alpha1,train,20200227,20,0.05671314829916263,1.1342629659832526,19,1,1.1388441178157132,-0.0045811518324606615,0.00597898,18
ridge_primary_alpha1,train,20200228,20,0.10339221664288005,2.067844332857601,20,0,2.067844332857601,0.0,0.0058467994,17
ridge_primary_alpha1,train,20200302,20,0.02526013931108274,0.5052027862216548,14,6,0.5547942245447983,-0.0495914383231435,0.0058420924,18
ridge_primary_alpha1,train,20200303,20,0.06585200103092947,1.3170400206185895,18,2,1.318539270993402,-0.0014992503748124664,0.0058224564,18
ridge_primary_alpha1,train,20200304,20,0.043346619974673,0.8669323994934599,16,4,0.9188235104814932,-0.05189111098803334,0.005906086,15
ridge_primary_alpha1,train,20200305,20,-0.01892702344698599,-0.3785404689397198,3,17,0.06812251051685858,-0.4466629794565784,0.0057649817,16
ridge_primary_alpha1,train,20200306,20,-0.01416745853024512,-0.2833491706049024,7,13,0.16923354992236206,-0.45258272052726445,0.0057463655,19
ridge_primary_alpha1,train,20200309,20,-0.025936665510437044,-0.5187333102087409,4,16,0.04803491882070188,-0.5667682290294428,0.0056153354,14
ridge_primary_alpha1,train,20200310,20,-0.047126903973532586,-0.9425380794706517,4,16,0.08946042874440963,-1.0319985082150613,0.00565725,16
ridge_primary_alpha1,train,20200311,20,-0.03919168939351238,-0.7838337878702475,2,18,0.2184959349593496,-1.002329722829597,0.0056329435,14
ridge_primary_alpha1,train,20200312,20,0.0017084197239815913,0.034168394479631825,8,12,0.44189734422403926,-0.40772894974440743,0.0056313877,17
ridge_primary_alpha1,train,20200313,20,-0.010749900370511978,-0.21499800741023956,3,17,0.448501611885483,-0.6634996192957225,0.0056813257,16
ridge_primary_alpha1,train,20200316,20,0.0002809508999688959,0.005619017999377918,6,14,0.48044425350138664,-0.4748252355020087,0.0056644483,16
ridge_primary_alpha1,train,20200317,20,0.005066150763116423,0.10132301526232845,8,12,0.42030680769345263,-0.3189837924311242,0.005632096,15
ridge_primary_alpha1,train,20200318,20,0.03678785351501758,0.7357570703003516,19,1,0.7413750478284415,-0.005617977528089901,0.0056696897,14
ridge_primary_alpha1,train,20200319,20,0.007569087134683844,0.15138174269367688,12,8,0.29560496780526346,-0.14422322511158658,0.005691196,14
ridge_primary_alpha1,train,20200320,20,0.02372042647861795,0.474408529572359,14,6,0.6027135820516423,-0.12830505247928325,0.0056430222,16
ridge_primary_alpha1,train,20200323,20,0.014784636882200991,0.2956927376440198,8,12,0.6044247567084404,-0.3087320190644206,0.0056917933,17
ridge_primary_alpha1,train,20200324,20,-0.006358633509760842,-0.12717267019521683,6,14,0.38142518575585527,-0.5085978559510721,0.00572309,18
ridge_primary_alpha1,train,20200325,20,-0.025173824562455073,-0.5034764912491014,6,14,0.26066797303603817,-0.7641444642851396,0.0057843262,15
ridge_primary_alpha1,train,20200326,20,-0.017047690913363184,-0.3409538182672637,5,15,0.3276090453401612,-0.6685628636074249,0.0057002325,15
ridge_primary_alpha1,train,20200327,20,-0.013854430390318972,-0.27708860780637945,7,13,0.3518300509424548,-0.6289186587488342,0.005693826,13
ridge_primary_alpha1,train,20200330,20,0.02457285245640073,0.4914570491280146,17,3,0.5625777749637282,-0.0711207258357136,0.0057131913,15
ridge_primary_alpha1,train,20200331,20,0.057859457616609336,1.1571891523321867,19,1,1.1593869545299886,-0.002197802197802079,0.00573567,12
ridge_primary_alpha1,train,20200401,20,0.062285853367067254,1.2457170673413451,20,0,1.2457170673413451,0.0,0.005692602,15
ridge_primary_alpha1,train,20200402,20,0.01827364879228116,0.3654729758456232,19,1,0.3654729758456232,0.0,0.005731896,15
ridge_primary_alpha1,train,20200403,20,0.005494282810044776,0.10988565620089552,9,11,0.2541180867320576,-0.14423243053116208,0.0058235894,12
ridge_primary_alpha1,train,20200407,20,0.018263426058405696,0.3652685211681139,14,6,0.42063644877895134,-0.05536792761083742,0.0058369786,15
ridge_primary_alpha1,train,20200408,20,-0.005303301718825326,-0.10606603437650652,7,13,0.289056100542773,-0.3951221349192795,0.005740307,14
ridge_primary_alpha1,train,20200409,20,-0.014658587954748536,-0.29317175909497073,6,14,0.10066385927835486,-0.3938356183733256,0.005712701,12
ridge_primary_alpha1,train,20200410,20,0.007899974604904141,0.15799949209808284,9,11,0.3794703831628081,-0.22147089106472528,0.0056341207,13
ridge_primary_alpha1,train,20200413,20,0.02357665913149155,0.471533182629831,12,8,0.669396666095206,-0.19786348346537497,0.005677842,15
ridge_primary_alpha1,train,20200414,20,-0.021864119796331967,-0.4372823959266393,3,17,0.27364576860195444,-0.7109281645285938,0.005784171,15
ridge_primary_alpha1,train,20200415,20,0.013979474391041784,0.2795894878208357,10,10,0.6766399342586089,-0.3970504464377732,0.0057757883,14
ridge_primary_alpha1,train,20200416,20,-0.009196315948715344,-0.1839263189743069,8,12,0.5806613412835866,-0.7645876602578935,0.005837629,14
ridge_primary_alpha1,train,20200417,20,-0.0078066945587724704,-0.1561338911754494,8,12,0.5381787954078407,-0.6943126865832902,0.0058648703,13
ridge_primary_alpha1,train,20200420,20,-0.029764227835904444,-0.5952845567180889,6,14,0.2418598649789847,-0.8371444216970736,0.005831605,14
ridge_primary_alpha1,train,20200421,20,-0.0531014506266162,-1.062029012532324,2,18,0.11115100892289442,-1.1731800214552184,0.00585441,15
ridge_primary_alpha1,train,20200422,20,-0.0646033409688853,-1.292066819377706,3,17,0.08350657102199333,-1.3755733903996994,0.0058268504,15
ridge_primary_alpha1,train,20200423,20,-0.06251669809946955,-1.2503339619893912,3,17,0.03915086365830711,-1.2894848256476983,0.0058094794,17
ridge_primary_alpha1,train,20200424,20,-0.028040571822768763,-0.5608114364553752,7,13,0.27543016917495944,-0.8362416056303347,0.0057760095,15
ridge_primary_alpha1,train,20200427,20,-0.00913858702013578,-0.1827717404027156,8,12,0.23609179032365324,-0.41886353072636884,0.0057606255,16
ridge_primary_alpha1,train,20200428,20,0.03115528151310586,0.6231056302621172,17,3,0.8708990585319258,-0.24779342826980866,0.0057911417,14
ridge_primary_alpha1,train,20200429,20,0.043036434115737474,0.8607286823147495,20,0,0.8607286823147495,0.0,0.005708928,16
ridge_primary_alpha1,train,20200430,20,0.02028043471931314,0.4056086943862628,16,4,0.4673826745773264,-0.061773980191063615,0.0057955943,17
ridge_primary_alpha1,train,20200506,20,0.009064954467416387,0.18129908934832772,10,10,0.3140001676106079,-0.13270107826228017,0.0058502434,14
ridge_primary_alpha1,train,20200507,20,0.0024744188845248092,0.04948837769049619,7,13,0.19055871923170598,-0.1410703415412098,0.0058233077,18
ridge_primary_alpha1,train,20200508,20,-0.008918160060770858,-0.17836320121541716,6,14,0.2206969543191848,-0.39906015553460195,0.005859678,17
ridge_primary_alpha1,train,20200511,20,-0.01681210697358937,-0.3362421394717874,4,16,0.08262941269699686,-0.41887155216878424,0.005792003,15
ridge_primary_alpha1,train,20200512,20,0.004485305572834225,0.0897061114566845,9,11,0.18987022426494105,-0.10016411280825654,0.0058183535,16
ridge_primary_alpha1,train,20200513,20,0.006173643944144408,0.12347287888288816,10,10,0.3167242899421516,-0.19325141105926347,0.005818541,16
ridge_primary_alpha1,train,20200514,20,-0.004987338270294112,-0.09974676540588223,8,12,0.18960987879171043,-0.28935664419759266,0.0058159484,18
ridge_primary_alpha1,train,20200515,20,-0.004905026115057237,-0.09810052230114474,7,13,0.3028206732970453,-0.40092119559819006,0.005787772,17
ridge_primary_alpha1,train,20200518,20,-0.00916589276611977,-0.18331785532239542,8,12,0.1469351438464923,-0.33025299916888773,0.0056968303,16
ridge_primary_alpha1,train,20200519,20,0.00973255417603972,0.1946510835207944,11,9,0.4350117662322268,-0.2403606827114324,0.0057138167,15
ridge_primary_alpha1,train,20200520,20,0.011669546814598591,0.23339093629197183,11,9,0.3113993862789377,-0.07800844998696588,0.005682018,17
ridge_primary_alpha1,train,20200521,20,0.017396623743373252,0.34793247486746504,13,7,0.3935727737428947,-0.04564029887542964,0.005617619,16
ridge_primary_alpha1,train,20200522,20,0.04590328708150774,0.9180657416301548,20,0,0.9180657416301548,0.0,0.005545259,15
ridge_primary_alpha1,train,20200525,20,0.06389809707902694,1.2779619415805388,20,0,1.2779619415805388,0.0,0.005475224,16
ridge_primary_alpha1,train,20200526,20,0.04507236555747286,0.9014473111494572,20,0,0.9014473111494572,0.0,0.005451744,18
ridge_primary_alpha1,train,20200527,20,0.05356952469002545,1.071390493800509,20,0,1.071390493800509,0.0,0.005539089,17
ridge_primary_alpha1,train,20200528,20,0.052593462403034405,1.0518692480606882,20,0,1.0518692480606882,0.0,0.0055386946,17
ridge_primary_alpha1,train,20200529,20,0.0403318119702708,0.8066362394054161,19,1,0.8118175865556752,-0.005181347150259086,0.0055634826,14
ridge_primary_alpha1,train,20200601,20,0.011574266674348816,0.2314853334869763,14,6,0.3160484459253723,-0.08456311243839598,0.0056091323,13
ridge_primary_alpha1,train,20200602,20,0.0024396028530113576,0.048792057060227156,10,10,0.1280283552258057,-0.07923629816557853,0.005597029,14
ridge_primary_alpha1,train,20200603,20,0.002016755964429423,0.04033511928858846,12,8,0.1373474641308945,-0.09701234484230603,0.005614258,18
ridge_primary_alpha1,train,20200604,20,-0.0076984538320666596,-0.1539690766413332,5,15,0.10751315806971995,-0.26148223471105314,0.0055809477,16
ridge_primary_alpha1,train,20200605,20,-0.0040812443788676486,-0.08162488757735298,5,15,0.1759615557261749,-0.25758644330352787,0.005649561,16
ridge_primary_alpha1,train,20200608,20,-0.0011035181544433615,-0.02207036308886723,8,12,0.18411066814704258,-0.2061810312359098,0.00563245,15
ridge_primary_alpha1,train,20200609,20,0.01547635995746321,0.3095271991492642,10,10,0.4255123996399641,-0.11598520049069994,0.0056861853,17
ridge_primary_alpha1,train,20200610,20,0.0018448242500452906,0.03689648500090581,11,9,0.3095130015320371,-0.2726165165311313,0.0057523036,15
ridge_primary_alpha1,train,20200611,20,0.03260071051822548,0.6520142103645096,17,3,0.6735730826696504,-0.021558872305140864,0.0057853186,13
ridge_primary_alpha1,train,20200612,20,0.02304775207428921,0.46095504148578426,14,6,0.508822019482289,-0.047866977996504745,0.0057803616,16
ridge_primary_alpha1,train,20200615,20,0.015680635529302222,0.31361271058604445,13,7,0.3731127937393295,-0.05950008315328503,0.0057163043,17
ridge_primary_alpha1,train,20200616,20,0.004187668862721261,0.08375337725442522,8,12,0.2629996639347989,-0.17924628668037368,0.005805489,17
ridge_primary_alpha1,train,20200617,20,-0.00746161927385724,-0.1492323854771448,5,15,0.06560464492210705,-0.21483703039925184,0.00583683,17
ridge_primary_alpha1,train,20200618,20,-0.021929476203277058,-0.4385895240655412,2,18,0.04806211685406292,-0.4866516409196041,0.0059317504,15
ridge_primary_alpha1,train,20200619,20,-0.002245053104811978,-0.04490106209623956,6,14,0.24871643956817335,-0.2936175016644129,0.0059097903,13
ridge_primary_alpha1,train,20200622,20,0.0007175849540139945,0.01435169908027989,9,11,0.22552860168201194,-0.21117690260173205,0.0058876695,13
ridge_primary_alpha1,train,20200623,20,0.013890312974148406,0.2778062594829681,16,4,0.3369037275769964,-0.05909746809402827,0.005855201,14
ridge_primary_alpha1,train,20200624,20,0.07503118937753255,1.500623787550651,19,1,1.5373326483101444,-0.03670886075949353,0.0058267834,14
ridge_primary_alpha1,train,20200629,20,0.09611901950485771,1.9223803900971543,20,0,1.9223803900971543,0.0,0.005903138,17
ridge_primary_alpha1,train,20200630,20,0.09066641365564869,1.8133282731129738,20,0,1.8133282731129738,0.0,0.005925403,13
ridge_primary_alpha1,train,20200701,20,0.07704713713205254,1.5409427426410507,19,1,1.6462059005357874,-0.10526315789473673,0.005978022,14
ridge_primary_alpha1,train,20200702,20,0.07904472099509048,1.5808944199018096,18,2,1.6680087574698677,-0.08711433756805798,0.006020685,14
ridge_primary_alpha1,train,20200703,20,0.05112027371370455,1.022405474274091,19,1,1.022405474274091,0.0,0.0060237497,16
ridge_primary_alpha1,train,20200706,20,0.03328675728775908,0.6657351457551816,17,3,0.8063380898971455,-0.14060294414196395,0.005969942,16
ridge_primary_alpha1,train,20200707,20,0.045684562095825984,0.9136912419165196,16,4,1.0804537186789964,-0.1667624767624768,0.0060628937,13
ridge_primary_alpha1,train,20200708,20,0.005878039421909803,0.11756078843819606,13,7,0.3216285581376843,-0.20406776969948826,0.0060080257,15
ridge_primary_alpha1,train,20200709,20,-0.028319956523466555,-0.5663991304693311,3,17,0.07004671483297109,-0.6364458453023022,0.006060852,13
ridge_primary_alpha1,train,20200710,20,-0.011296862933824214,-0.2259372586764843,7,13,0.19754885835234548,-0.42348611702882977,0.0060606212,13
ridge_primary_alpha1,train,20200713,20,-0.013049022865264437,-0.26098045730528874,8,12,0.23775581449335226,-0.498736271798641,0.0060641887,12
ridge_primary_alpha1,train,20200714,20,-0.010023788068927236,-0.20047576137854473,7,13,0.22336638783796947,-0.4238421492165142,0.006008175,14
ridge_primary_alpha1,train,20200715,20,0.00581952627382667,0.11639052547653339,12,8,0.4510970287043119,-0.3347065032277785,0.005834419,15
ridge_primary_alpha1,train,20200716,20,0.04061543799520422,0.8123087599040845,17,3,0.9962115465372465,-0.18390278663316206,0.005681312,17
ridge_primary_alpha1,train,20200717,20,-0.006571482488317587,-0.13142964976635174,7,13,0.31251148528975325,-0.443941135056105,0.0056324685,15
ridge_primary_alpha1,train,20200720,20,-0.03111072789449463,-0.6222145578898925,2,18,0.07164408866995076,-0.6938586465598433,0.005749895,14
ridge_primary_alpha1,train,20200721,20,-0.03826193517262813,-0.7652387034525626,2,18,0.04927136254249587,-0.8145100659950585,0.0057458836,16
ridge_primary_alpha1,train,20200722,20,-0.023662954610663985,-0.47325909221327966,6,14,0.04670688863449324,-0.5199659808477729,0.005850012,15
ridge_primary_alpha1,train,20200723,20,-0.008290948302958595,-0.1658189660591719,7,13,0.2857224030708141,-0.451541369129986,0.0059857713,16
ridge_primary_alpha1,train,20200724,20,0.02272923900091293,0.45458478001825864,15,5,0.5601492091514322,-0.10556442913317354,0.005904743,15
ridge_primary_alpha1,train,20200727,20,0.06479081600396247,1.2958163200792494,18,2,1.3004459497088792,-0.004629629629629761,0.005792753,18
ridge_primary_alpha1,train,20200728,20,0.05289316593426844,1.0578633186853688,18,2,1.0578633186853688,0.0,0.00580213,14
ridge_primary_alpha1,train,20200729,20,0.06086602384870228,1.2173204769740456,20,0,1.2173204769740456,0.0,0.0058824373,14
ridge_primary_alpha1,train,20200730,20,0.055419579666540875,1.1083915933308175,18,2,1.1335488260352198,-0.0251572327044024,0.005882091,12
ridge_primary_alpha1,train,20200731,20,0.009943697311632332,0.19887394623264665,10,10,0.27019731091989474,-0.07132336468724809,0.0059262477,15
ridge_primary_alpha1,train,20200803,20,-0.0040430886072487845,-0.0808617721449757,5,15,0.17792033652833283,-0.25878210867330853,0.005919998,15
ridge_primary_alpha1,train,20200804,20,-0.005940667929286292,-0.11881335858572584,5,15,0.1301158459763636,-0.24892920456208945,0.0059447386,13
ridge_primary_alpha1,train,20200805,20,-0.010923370490346262,-0.21846740980692525,5,15,0.21947208589034606,-0.4379394956972713,0.005801792,16
ridge_primary_alpha1,train,20200806,20,0.005628426564961797,0.11256853129923594,9,11,0.42968022241110004,-0.3171116911118641,0.0058258222,15
ridge_primary_alpha1,train,20200807,20,0.02285408086025236,0.45708161720504725,11,9,0.6407198595481955,-0.1836382423431483,0.005740804,16
ridge_primary_alpha1,train,20200810,20,0.026292942800755892,0.5258588560151178,15,5,0.5719588282271928,-0.04609997221207496,0.005763345,12
ridge_primary_alpha1,train,20200811,20,0.052513907708417594,1.050278154168352,19,1,1.0716727658957685,-0.021394611727416746,0.005676708,12
ridge_primary_alpha1,train,20200812,20,0.055540423011711526,1.1108084602342305,20,0,1.1108084602342305,0.0,0.0057133962,13
ridge_primary_alpha1,train,20200813,20,0.025456351924232366,0.5091270384846474,13,7,0.5641798563872022,-0.055052817902554896,0.005727499,13
ridge_primary_alpha1,train,20200814,20,-0.004149755721424747,-0.08299511442849494,9,11,0.19738600451117305,-0.280381118939668,0.005781234,14
ridge_primary_alpha1,train,20200817,20,-0.007576577989447902,-0.15153155978895805,7,13,0.10169303633265159,-0.25322459612160964,0.0058094403,16
ridge_primary_alpha1,train,20200818,20,0.006464540131221569,0.12929080262443138,9,11,0.2682015501437325,-0.1389107475193011,0.0058604283,18
ridge_primary_alpha1,train,20200819,20,0.018062104490169255,0.3612420898033851,13,7,0.4577465259065534,-0.09650443610316828,0.005765981,18
ridge_primary_alpha1,train,20200820,20,0.027678544158517455,0.5535708831703491,12,8,0.6544794560876297,-0.10090857291728061,0.0057638143,15
ridge_primary_alpha1,train,20200821,20,0.007400549829279723,0.14801099658559447,12,8,0.28491308882407607,-0.1369020922384816,0.00573562,19
ridge_primary_alpha1,train,20200824,20,-0.0035859837162675267,-0.07171967432535054,7,13,0.08734294828192724,-0.15906262260727777,0.0057690023,18
ridge_primary_alpha1,train,20200825,20,0.0064284023573318305,0.1285680471466366,12,8,0.22300363444576332,-0.09443558729912671,0.0057493187,17
ridge_primary_alpha1,train,20200826,20,0.023800882784975035,0.4760176556995007,19,1,0.4765638053445034,-0.0005461496450026582,0.0057314667,17
ridge_primary_alpha1,train,20200827,20,-0.0016187025144122735,-0.03237405028824547,10,10,0.1841196127978324,-0.21649366308607787,0.0056790533,17
ridge_primary_alpha1,train,20200828,20,0.004062929540874944,0.08125859081749887,12,8,0.2428513514650663,-0.16159276064756745,0.0057486496,19
ridge_primary_alpha1,train,20200831,20,-0.008579651760671065,-0.17159303521342129,8,12,0.07978905158472038,-0.25138208679814167,0.005742875,18
ridge_primary_alpha1,train,20200901,20,0.01266639379544185,0.253327875908837,12,8,0.4555867520643724,-0.2022588761555354,0.005705122,20
ridge_primary_alpha1,train,20200902,20,-0.007161125628490023,-0.14322251256980045,9,11,0.15653639157615395,-0.2997589041459544,0.0058120033,20
ridge_primary_alpha1,train,20200903,20,-0.02273825782193444,-0.45476515643868876,2,18,0.041368183539510106,-0.49613333997819886,0.0057689324,17
ridge_primary_alpha1,train,20200904,20,-0.019808622418170434,-0.3961724483634087,6,14,0.24546054893485203,-0.6416329972982607,0.0056678928,13
ridge_primary_alpha1,train,20200907,20,-0.004367454942358845,-0.0873490988471769,8,12,0.31642503905537134,-0.40377413790254824,0.0056981547,16
ridge_primary_alpha1,train,20200908,20,-0.026554545693440724,-0.5310909138688145,3,17,0.06974931783441374,-0.6008402317032282,0.0056153997,17
ridge_primary_alpha1,train,20200909,20,-0.02127112816670578,-0.42542256333411566,5,15,0.17959240385804498,-0.6050149671921606,0.0056021567,17
ridge_primary_alpha1,train,20200910,20,0.03759010063777576,0.7518020127555152,18,2,0.7816527590241718,-0.02985074626865658,0.0055403947,15
ridge_primary_alpha1,train,20200911,20,0.015207458754016833,0.3041491750803367,15,5,0.38199766986539485,-0.07784849478505818,0.0055622593,15
ridge_primary_alpha1,train,20200914,20,0.006020192081978304,0.12040384163956608,9,11,0.22746200738833777,-0.1070581657487717,0.0056453613,19
ridge_primary_alpha1,train,20200915,20,-0.007411487711307086,-0.1482297542261417,6,14,0.14035539177218537,-0.2885851459983271,0.0057056947,16
ridge_primary_alpha1,train,20200916,20,0.013942794878136594,0.2788558975627319,12,8,0.33011307627577513,-0.05125717871304325,0.0058007212,16
ridge_primary_alpha1,train,20200917,20,-0.020390677278165875,-0.4078135455633175,4,16,0.08766392698128733,-0.49547747254460484,0.0057411073,19
ridge_primary_alpha1,train,20200918,20,-0.037779469487603905,-0.7555893897520781,3,17,0.12416450390610567,-0.8797538936581838,0.0058146915,20
ridge_primary_alpha1,train,20200921,20,-0.04093643672073683,-0.8187287344147366,3,17,0.07053332258863909,-0.8892620570033757,0.005749765,19
ridge_primary_alpha1,train,20200922,20,-0.0437625031624911,-0.875250063249822,1,19,0.0028288543140027045,-0.8780789175638247,0.0056829443,17
ridge_primary_alpha1,train,20200923,20,-0.0416508118404836,-0.8330162368096721,2,18,0.025014401316691748,-0.8580306381263638,0.0057632066,17
ridge_primary_alpha1,train,20200924,20,-0.00012491995129988996,-0.0024983990259977995,10,10,0.18393406287128067,-0.18643246189727847,0.00571509,18
ridge_primary_alpha1,train,20200925,20,0.022568646533811264,0.4513729306762253,16,4,0.5649806964232256,-0.11360776574700027,0.005727294,15
ridge_primary_alpha1,train,20200928,20,0.049841215931832175,0.9968243186366436,19,1,1.0374147245407026,-0.040590405904059046,0.0056873653,17
ridge_primary_alpha1,train,20200929,20,0.038686867572820756,0.7737373514564151,19,1,0.7861404522316091,-0.01240310077519402,0.005616651,17
ridge_primary_alpha1,train,20200930,20,0.03397706690145974,0.6795413380291948,17,3,0.7281528081190831,-0.04861147008988831,0.0056475583,16
ridge_primary_alpha1,train,20201009,20,0.021158598467322497,0.42317196934644996,14,6,0.529679969638374,-0.10650800029192409,0.00567398,15
ridge_primary_alpha1,train,20201012,20,-0.012469711368467511,-0.24939422736935024,7,13,0.1491252531720284,-0.39851948054137865,0.005788146,17
ridge_primary_alpha1,train,20201013,20,-0.006410960197027716,-0.1282192039405543,7,13,0.11901014795907638,-0.2472293518996307,0.0057840385,15
ridge_primary_alpha1,train,20201014,20,-0.0050441336610399954,-0.10088267322079991,6,14,0.125112796087141,-0.2259954693079409,0.005801994,19
ridge_primary_alpha1,train,20201015,20,-0.0023638070965705804,-0.04727614193141161,6,14,0.12935439681069894,-0.17663053874211054,0.005875293,16
ridge_primary_alpha1,train,20201016,20,-0.02012111172101134,-0.40242223442022684,4,16,0.02423539782451356,-0.4266576322447404,0.005829374,19
ridge_primary_alpha1,train,20201019,20,-0.011497693264916781,-0.2299538652983356,3,17,0.21878516287584038,-0.448739028174176,0.0057612853,17
ridge_primary_alpha1,train,20201020,20,-0.035690764715437175,-0.7138152943087435,2,18,0.015873015873015817,-0.7296883101817593,0.0057234126,17
ridge_primary_alpha1,train,20201021,20,-0.015859551982188504,-0.31719103964377005,5,15,0.11150487551188881,-0.42869591515565886,0.0056444774,17
ridge_primary_alpha1,train,20201022,20,-0.017103383774805865,-0.3420676754961173,5,15,0.06973664650674638,-0.41180432200286365,0.005661299,16
ridge_primary_alpha1,train,20201023,20,-0.039078638380731105,-0.7815727676146221,1,19,0.028880866425992746,-0.8104536340406149,0.0056999954,18
ridge_primary_alpha1,train,20201026,20,-0.036995757939462734,-0.7399151587892547,2,18,0.10608465608465623,-0.845999814873911,0.0057848445,18
ridge_primary_alpha1,train,20201027,20,-0.02091531481387348,-0.4183062962774696,2,18,0.04508700649541586,-0.4633933027728855,0.005851156,14
ridge_primary_alpha1,train,20201028,20,-0.015286929975936003,-0.30573859951872007,4,16,0.06376631926832621,-0.3695049187870463,0.005786486,15
ridge_primary_alpha1,train,20201029,20,-0.006854249601192563,-0.13708499202385127,7,13,0.11561310512254908,-0.25269809714640035,0.00579246,14
ridge_primary_alpha1,train,20201030,20,0.023229534467533213,0.4645906893506643,16,4,0.5319956004833488,-0.06740491113268454,0.005805548,15
ridge_primary_alpha1,train,20201102,20,0.05569878739645677,1.1139757479291355,20,0,1.1139757479291355,0.0,0.005820775,17
ridge_primary_alpha1,train,20201103,20,0.015258766075975266,0.3051753215195053,15,5,0.4053879437254784,-0.10021262220597305,0.005774159,18
ridge_primary_alpha1,train,20201104,20,0.01355346884830665,0.271069376966133,16,4,0.361366531363593,-0.09029715439746,0.0058288104,16
ridge_primary_alpha1,train,20201105,20,0.00990346113023961,0.1980692226047922,13,7,0.3245017890146338,-0.12643256640984157,0.0059082294,17
ridge_primary_alpha1,train,20201106,20,0.03237772136687746,0.6475544273375492,15,5,0.7238386492375506,-0.07628422190000139,0.0058961725,19
ridge_primary_alpha1,train,20201109,20,0.010889444841002387,0.21778889682004776,9,11,0.41907252675980233,-0.20128362993975457,0.005801346,16
ridge_primary_alpha1,train,20201110,20,0.01558489318429362,0.3116978636858724,12,8,0.4462845282519692,-0.1345866645660968,0.005813818,17
ridge_primary_alpha1,train,20201111,20,0.01159470781911745,0.231894156382349,14,6,0.3421501415889465,-0.11025598520659752,0.005674001,14
ridge_primary_alpha1,train,20201112,20,0.013067255206500488,0.2613451041300098,14,6,0.36393616515720284,-0.10259106102719306,0.0056900945,18
ridge_primary_alpha1,train,20201113,20,0.022030722603864582,0.44061445207729166,16,4,0.5181284355436166,-0.07751398346632499,0.005656907,17
ridge_primary_alpha1,train,20201116,20,0.01261764436819986,0.2523528873639972,15,5,0.37071835030864597,-0.11836546294464878,0.0056911386,15
ridge_primary_alpha1,train,20201117,20,0.023156294844680663,0.4631258968936133,15,5,0.48821243794208136,-0.02508654104846808,0.005649022,16
ridge_primary_alpha1,train,20201118,20,-0.0017176620933000819,-0.03435324186600164,6,14,0.19778542901800922,-0.23213867088401086,0.0056498777,15
ridge_primary_alpha1,train,20201119,20,-0.0017976149916708484,-0.03595229983341697,6,14,0.2255917258707072,-0.26154402570412416,0.0057521905,16
ridge_primary_alpha1,train,20201120,20,0.0011343609384864284,0.022687218769728568,6,14,0.21951429035049452,-0.19682707158076596,0.0057578892,15
ridge_primary_alpha1,train,20201123,20,0.002936929470609517,0.058738589412190345,7,13,0.2757371630006773,-0.21699857358848695,0.00578905,16
ridge_primary_alpha1,train,20201124,20,0.01134396583931655,0.226879316786331,13,7,0.3223573003588076,-0.09547798357247661,0.0057541933,16
ridge_primary_alpha1,train,20201125,20,0.04637587119055626,0.9275174238111251,16,4,0.9938167228358101,-0.06629929902468501,0.00581223,14
ridge_primary_alpha1,train,20201126,20,0.015882997743818593,0.3176599548763719,16,4,0.3721656246849545,-0.054505669808582624,0.005753866,16
ridge_primary_alpha1,train,20201127,20,0.008154356548345298,0.16308713096690597,13,7,0.19910615812114618,-0.03601902715424021,0.0056872675,16
ridge_primary_alpha1,train,20201130,20,0.023365522261490447,0.4673104452298089,14,6,0.5419937753026594,-0.07468333007285044,0.005682869,15
ridge_primary_alpha1,train,20201201,20,-0.0027231953626565943,-0.05446390725313188,6,14,0.10773121205883585,-0.16219511931196773,0.0056544347,15
ridge_primary_alpha1,train,20201202,20,-0.015781257548694673,-0.31562515097389343,5,15,0.13367524247481355,-0.449300393448707,0.005711352,14
ridge_primary_alpha1,train,20201203,20,-0.016487333192455305,-0.3297466638491061,4,16,0.06788169084642659,-0.3976283546955327,0.0057199355,13
ridge_primary_alpha1,train,20201204,20,-0.04129498904881742,-0.8258997809763484,4,16,0.039789919458837364,-0.8656897004351858,0.0057580313,15
ridge_primary_alpha1,train,20201207,20,-0.03321457384406562,-0.6642914768813124,2,18,0.031087018418463952,-0.6953784952997764,0.0057597365,17
ridge_primary_alpha1,train,20201208,20,-0.040344323883673,-0.80688647767346,2,18,0.015701384708007193,-0.8225878623814672,0.005705972,17
ridge_primary_alpha1,train,20201209,20,-0.043469709304042876,-0.8693941860808575,3,17,0.11732259620910424,-0.9867167822899617,0.005652503,16
ridge_primary_alpha1,train,20201210,20,-0.04320056594864168,-0.8640113189728337,2,18,0.06507760532150786,-0.9290889242943415,0.0057317587,16
ridge_primary_alpha1,train,20201211,20,-0.03799660904676258,-0.7599321809352516,5,15,0.11360591125369601,-0.8735380921889476,0.005738431,17
ridge_primary_alpha1,train,20201214,20,-0.02083424324277136,-0.4166848648554272,6,14,0.1199761665802217,-0.5366610314356489,0.005800518,17
ridge_primary_alpha1,train,20201215,20,-0.028986738636626614,-0.5797347727325323,3,17,0.13823028690907413,-0.7179650596416064,0.005861846,17
ridge_primary_alpha1,train,20201216,20,-0.027891795054707607,-0.5578359010941522,4,16,0.12718511928476017,-0.6850210203789123,0.005797169,17
ridge_primary_alpha1,train,20201217,20,-0.05226048091029047,-1.0452096182058095,2,18,0.16425255824430418,-1.209462176450114,0.005832243,16
ridge_primary_alpha1,train,20201218,20,-0.043446617080442215,-0.8689323416088442,1,19,0.07196969696969702,-0.9409020385785413,0.0059015374,17
ridge_primary_alpha1,train,20201221,20,-0.05782738697620351,-1.1565477395240702,0,20,0.0,-1.1565477395240702,0.00597797,13
ridge_primary_alpha1,train,20201222,20,-0.015625199414620254,-0.3125039882924051,5,15,0.11909239940868677,-0.4315963877010919,0.005930372,17
ridge_primary_alpha1,train,20201223,20,-0.02756045220697581,-0.5512090441395162,3,17,0.05946409704088507,-0.6106731411804013,0.005965409,14
ridge_primary_alpha1,train,20201224,20,0.007120977119732491,0.14241954239464982,14,6,0.3613181349017407,-0.21889859250709087,0.005899205,14
ridge_primary_alpha1,train,20201225,20,0.0013588376146758618,0.027176752293517237,11,9,0.20363245500096894,-0.1764557027074517,0.00583555,15
ridge_primary_alpha1,train,20201228,20,0.009149074613592285,0.18298149227184568,16,4,0.31141087354213504,-0.12842938127028936,0.005868164,14
ridge_primary_alpha1,train,20201229,20,-0.011621790631074314,-0.23243581262148627,7,13,0.11116761900064187,-0.34360343162212814,0.0059012934,16
ridge_primary_alpha1,train,20201230,20,-0.059778088920606764,-1.1955617784121353,2,18,0.03006999030554458,-1.2256317687176796,0.005924358,16
ridge_primary_alpha1,train,20201231,20,-0.06992386241038293,-1.3984772482076584,2,18,0.03726892279521277,-1.4357461710028714,0.00593378,17
ridge_primary_alpha1,train,20210104,20,-0.09578701162359296,-1.915740232471859,2,18,0.1270364615524584,-2.042776694024317,0.005962433,15
ridge_primary_alpha1,train,20210105,20,-0.08700781157675308,-1.7401562315350616,2,18,0.22244244759863618,-1.9625986791336978,0.0059436895,14
ridge_primary_alpha1,train,20210106,20,-0.07076620121576682,-1.4153240243153364,2,18,0.384612185485548,-1.7999362098008844,0.0058990447,15
ridge_primary_alpha1,train,20210107,20,-0.03861923044536193,-0.7723846089072386,2,18,0.19290937996820334,-0.9652939888754419,0.00590925,15
ridge_primary_alpha1,train,20210108,20,-0.02500425208477408,-0.5000850416954816,3,17,0.04447560821157559,-0.5445606499070572,0.0059581324,12
ridge_primary_alpha1,train,20210111,20,0.03447997154704561,0.6895994309409121,19,1,0.7062002214547463,-0.01660079051383412,0.0059388657,16
ridge_primary_alpha1,train,20210112,20,0.04203141319031302,0.8406282638062603,20,0,0.8406282638062603,0.0,0.00596561,13
ridge_primary_alpha1,train,20210113,20,0.08860403326187308,1.7720806652374614,20,0,1.7720806652374614,0.0,0.0059316787,15
ridge_primary_alpha1,train,20210114,20,0.09525360952963348,1.9050721905926695,20,0,1.9050721905926695,0.0,0.0059508537,16
ridge_primary_alpha1,train,20210115,20,0.01384756182613669,0.2769512365227338,13,7,0.40487584773273055,-0.12792461120999676,0.0058618756,17
ridge_primary_alpha1,train,20210118,20,-0.014323047903878405,-0.2864609580775681,5,15,0.25704774605570857,-0.5435087041332767,0.0057669296,13
ridge_primary_alpha1,train,20210119,20,-0.013430085794089941,-0.2686017158817988,3,17,0.469873064631545,-0.7384747805133438,0.0057598697,13
ridge_primary_alpha1,train,20210120,20,-0.008564899300591105,-0.1712979860118221,4,16,0.48694758747014766,-0.6582455734819698,0.005724385,12
ridge_primary_alpha1,train,20210121,20,-0.04978237688401304,-0.9956475376802608,0,20,0.0,-0.9956475376802608,0.0057467693,13
ridge_primary_alpha1,train,20210122,20,-0.0485447688281497,-0.970895376562994,2,18,0.07942096180545022,-1.0503163383684442,0.005882078,16
ridge_primary_alpha1,train,20210125,20,-0.021229469226572047,-0.4245893845314409,6,14,0.19809511020992998,-0.6226844947413709,0.0059158383,13
ridge_primary_alpha1,train,20210126,20,-0.02175240450638265,-0.435048090127653,4,16,0.19320861139791656,-0.6282567015255696,0.0059448285,14
ridge_primary_alpha1,train,20210127,20,-0.04500340102534576,-0.9000680205069151,1,19,0.01836734693877551,-0.9184353674456907,0.005881344,16
ridge_primary_alpha1,train,20210128,20,-0.0646742444333711,-1.293484888667422,0,20,0.0,-1.2934848886674222,0.0057834573,15
ridge_primary_alpha1,train,20210129,20,-0.04663649990675,-0.932729998135,2,18,0.021374069795767614,-0.9541040679307676,0.0057878606,14
ridge_primary_alpha1,train,20210201,20,-0.020100912057694553,-0.40201824115389106,4,16,0.24640869038581492,-0.648426931539706,0.0058058817,16
ridge_primary_alpha1,train,20210202,20,-0.01593790118684497,-0.31875802373689943,4,16,0.1708884631967511,-0.48964648693365054,0.005884516,17
ridge_primary_alpha1,train,20210203,20,-0.0035398960905312304,-0.07079792181062461,7,13,0.24262299442145063,-0.31342091623207524,0.0058994223,16
ridge_primary_alpha1,train,20210204,20,0.05206218334603271,1.0412436669206542,19,1,1.043032575686307,-0.0017889087656528524,0.0059819063,16
ridge_primary_alpha1,train,20210205,20,0.09485238986913928,1.8970477973827857,20,0,1.8970477973827857,0.0,0.0059437477,15
ridge_primary_alpha1,train,20210208,20,0.13389553296393006,2.6779106592786013,20,0,2.6779106592786013,0.0,0.005933189,16
ridge_primary_alpha1,train,20210209,20,0.10981533287503065,2.196306657500613,20,0,2.196306657500613,0.0,0.0059344787,12
ridge_primary_alpha1,train,20210210,20,0.09547327755600504,1.9094655511201009,20,0,1.9094655511201009,0.0,0.0059018126,13
ridge_primary_alpha1,train,20210218,20,0.054308140574628315,1.0861628114925663,20,0,1.0861628114925663,0.0,0.005921966,12
ridge_primary_alpha1,train,20210219,20,0.008724862646454995,0.1744972529290999,11,9,0.30276017393276944,-0.12826292100366954,0.0058518443,12
ridge_primary_alpha1,train,20210222,20,0.008761002981972637,0.17522005963945275,14,6,0.3434989784017817,-0.16827891876232892,0.0056757983,13
ridge_primary_alpha1,train,20210223,20,0.021859156223754794,0.4371831244750959,15,5,0.5161424009927091,-0.07895927651761325,0.0057040327,14
ridge_primary_alpha1,train,20210224,20,0.030314593831002407,0.6062918766200481,19,1,0.6197189865944728,-0.013427109974424645,0.0056586033,17
ridge_primary_alpha1,train,20210225,20,0.05616002432923887,1.1232004865847773,19,1,1.1232004865847773,0.0,0.005695203,16
ridge_primary_alpha1,train,20210226,20,0.04532787913791028,0.9065575827582056,17,3,0.999008588431233,-0.09245100567302733,0.005668118,15
ridge_primary_alpha1,train,20210301,20,0.018997961904347316,0.3799592380869463,15,5,0.47154820072747183,-0.09158896264052552,0.0057777786,16
ridge_primary_alpha1,train,20210302,20,0.036671862191401415,0.7334372438280283,9,11,0.9545816079265905,-0.2211443640985622,0.0057780803,14
ridge_primary_alpha1,train,20210303,20,-0.009208942223852195,-0.1841788444770439,4,16,0.41684218863854516,-0.6010210331155891,0.0058595287,14
ridge_primary_alpha1,train,20210304,20,-0.014656707821620502,-0.29313415643241003,3,17,0.09495969017025918,-0.3880938466026692,0.0057548485,16
ridge_primary_alpha1,train,20210305,20,-0.015043627590898534,-0.3008725518179707,3,17,0.3811456638742343,-0.682018215692205,0.0058396175,14
ridge_primary_alpha1,train,20210308,20,-0.016749073241237,-0.33498146482474,4,16,0.27438900596971205,-0.6093704707944521,0.0056903237,12
ridge_primary_alpha1,train,20210309,20,0.024732207178159733,0.49464414356319464,16,4,0.6910936410333022,-0.19644949747010754,0.0056534405,13
ridge_primary_alpha1,train,20210310,20,0.06328154503643686,1.2656309007287372,19,1,1.3920045271023636,-0.12637362637362648,0.005586818,12
ridge_primary_alpha1,train,20210311,20,0.04583939631093657,0.9167879262187314,17,3,1.080555893753908,-0.16376796753517653,0.0056895697,13
ridge_primary_alpha1,train,20210312,20,0.05039661826548627,1.0079323653097254,19,1,1.081969877649311,-0.07403751233958544,0.005857752,11
ridge_primary_alpha1,train,20210315,20,0.06991866409019873,1.3983732818039745,20,0,1.3983732818039745,0.0,0.005840024,14
ridge_primary_alpha1,train,20210316,20,0.03329022548906953,0.6658045097813905,14,6,0.714518011565632,-0.0487135017842415,0.005687929,17
ridge_primary_alpha1,train,20210317,20,-0.001077800374647625,-0.0215560074929525,11,9,0.1836920592049982,-0.2052480666979507,0.0056411945,15
ridge_primary_alpha1,train,20210318,20,0.0060794325959662885,0.12158865191932577,8,12,0.39369169463150233,-0.27210304271217656,0.005695352,15
ridge_primary_alpha1,train,20210319,20,0.018156554154898745,0.3631310830979749,10,10,0.6217728629253392,-0.25864177982736425,0.005692069,14
ridge_primary_alpha1,train,20210322,20,0.008580843726656812,0.17161687453313623,7,13,0.5347361109515301,-0.36311923641839383,0.0057121916,15
ridge_primary_alpha1,train,20210323,20,-0.025500837076524972,-0.5100167415304995,4,16,0.0973644169910437,-0.6073811585215432,0.005756985,17
ridge_primary_alpha1,train,20210324,20,-6.408791185554264e-05,-0.0012817582371108527,8,12,0.18400799421576486,-0.1852897524528757,0.0056946417,18
ridge_primary_alpha1,train,20210325,20,-0.00027959142200193463,-0.005591828440038693,7,13,0.2921003858725968,-0.2976922143126355,0.005591832,15
ridge_primary_alpha1,train,20210326,20,0.00949607518962079,0.1899215037924158,10,10,0.3275507670630202,-0.13762926327060443,0.005733292,16
ridge_primary_alpha1,train,20210329,20,0.034418293512901786,0.6883658702580358,15,5,0.7806081259832403,-0.0922422557252045,0.0057086637,15
ridge_primary_alpha1,train,20210330,20,0.07383116293217015,1.476623258643403,20,0,1.476623258643403,0.0,0.005810502,13
ridge_primary_alpha1,train,20210331,20,0.027441516491273098,0.548830329825462,16,4,0.6092607386578983,-0.06043040883243633,0.0057984977,14
ridge_primary_alpha1,train,20210401,20,0.030399819622225998,0.60799639244452,18,2,0.6191495019698137,-0.011153109525293692,0.005839438,16
ridge_primary_alpha1,train,20210402,20,0.02084784213336962,0.4169568426673924,16,4,0.5315404285364613,-0.11458358586906892,0.0058123684,17
ridge_primary_alpha1,train,20210406,20,0.007450400384655215,0.1490080076931043,6,14,0.5541165616941586,-0.4051085540010543,0.005644513,16
ridge_primary_alpha1,train,20210407,20,-3.254684398140695e-05,-0.000650936879628139,9,11,0.33170295840132735,-0.3323538952809555,0.0056421566,15
ridge_primary_alpha1,train,20210408,20,0.003198083096644916,0.06396166193289832,11,9,0.21359558252922706,-0.14963392059632874,0.0056414786,16
ridge_primary_alpha1,train,20210409,20,0.032574963600036144,0.6514992720007229,16,4,0.6953382879428385,-0.04383901594211559,0.005582367,18
ridge_primary_alpha1,train,20210412,20,0.0719890568768485,1.4397811375369702,20,0,1.4397811375369702,0.0,0.005601488,16
ridge_primary_alpha1,train,20210413,20,0.06082896137799021,1.2165792275598042,19,1,1.2308423020447485,-0.01426307448494446,0.0056262603,15
ridge_primary_alpha1,train,20210414,20,0.03229981709975219,0.6459963419950437,18,2,0.6873434057006582,-0.04134706370561447,0.0056644734,15
ridge_primary_alpha1,train,20210415,20,0.0397612871673373,0.795225743346746,17,3,0.8471956820662883,-0.05196993871954225,0.005488503,12
ridge_primary_alpha1,train,20210416,20,0.01633646160809043,0.3267292321618086,5,15,0.7212717175759416,-0.39454248541413295,0.0055262237,12
ridge_primary_alpha1,train,20210419,20,0.010823582593899117,0.21647165187798234,5,15,0.6979241637713336,-0.48145251189335125,0.005592494,15
ridge_primary_alpha1,train,20210420,20,-0.017068052345262597,-0.34136104690525193,5,15,0.21892429967519678,-0.5602853465804487,0.005502019,14
ridge_primary_alpha1,train,20210421,20,-0.03305917252030781,-0.6611834504061562,4,16,0.1497683573306845,-0.8109518077368407,0.0056298617,13
ridge_primary_alpha1,train,20210422,20,-0.02122370233709712,-0.42447404674194245,5,15,0.12899162733196246,-0.5534656740739049,0.005690311,16
ridge_primary_alpha1,train,20210423,20,-0.021989254097962003,-0.43978508195924004,4,16,0.13839076012898754,-0.5781758420882276,0.0056768446,17
ridge_primary_alpha1,train,20210426,20,-0.021250249652414337,-0.42500499304828676,8,12,0.19173305201549562,-0.6167380450637824,0.005710764,18
ridge_primary_alpha1,train,20210427,20,-0.0067206776228383395,-0.13441355245676678,10,10,0.2242116350143717,-0.3586251874711385,0.0057094605,16
ridge_primary_alpha1,train,20210428,20,-0.002102251232528579,-0.04204502465057158,10,10,0.26153620329498395,-0.30358122794555553,0.00578782,14
ridge_primary_alpha1,train,20210429,20,-0.0010228868504988276,-0.02045773700997655,7,13,0.2776441910099938,-0.2981019280199704,0.005695204,14
ridge_primary_alpha1,train,20210430,20,0.024774007775081874,0.4954801555016375,17,3,0.5257547959983497,-0.030274640496712246,0.0057275114,16
ridge_primary_alpha1,train,20210506,20,0.018497103537170982,0.36994207074341967,13,7,0.4608310278785377,-0.09088895713511802,0.005767041,15
ridge_primary_alpha1,train,20210507,20,0.040254960086784974,0.8050992017356995,20,0,0.8050992017356995,0.0,0.0057703876,12
ridge_primary_alpha1,train,20210510,20,0.007871891491299793,0.15743782982599586,15,5,0.2996841022746417,-0.14224627244864585,0.005687796,16
ridge_primary_alpha1,train,20210511,20,0.007733401347537955,0.1546680269507591,10,10,0.2143257806759351,-0.05965775372517601,0.0057012113,17
ridge_primary_alpha1,train,20210512,20,-0.0012479905288944992,-0.024959810577889985,8,12,0.2215531187959885,-0.24651292937387848,0.005633182,16
ridge_primary_alpha1,train,20210513,20,-0.011091649245306862,-0.22183298490613723,3,17,0.09644519279685682,-0.31827817770299405,0.005590423,16
ridge_primary_alpha1,train,20210514,20,-0.008668660235267689,-0.17337320470535378,2,18,0.20046768216104582,-0.3738408868663996,0.0055840546,14
ridge_primary_alpha1,train,20210517,20,0.011181928223321758,0.22363856446643515,15,5,0.2848369463421305,-0.06119838187569537,0.0055838493,15
ridge_primary_alpha1,train,20210518,20,0.005270295270960118,0.10540590541920236,14,6,0.2337797221008131,-0.12837381668161074,0.005696947,16
ridge_primary_alpha1,train,20210519,20,0.013049176727342838,0.26098353454685674,17,3,0.3489466598189892,-0.08796312527213246,0.005668147,13
ridge_primary_alpha1,train,20210520,20,0.02581370765812835,0.516274153162567,18,2,0.5598889996332943,-0.04361484647072733,0.005754876,14
ridge_primary_alpha1,train,20210521,20,0.021454782044751774,0.4290956408950355,18,2,0.4538211862056294,-0.0247255453105939,0.005727488,17
ridge_primary_alpha1,train,20210524,20,0.02075877589647774,0.41517551792955476,14,6,0.4813719791166269,-0.06619646118707212,0.0056863157,18
ridge_primary_alpha1,train,20210525,20,0.027154205023572596,0.543084100471452,20,0,0.543084100471452,0.0,0.005740621,15
ridge_primary_alpha1,train,20210526,20,0.011816403418355026,0.23632806836710052,13,7,0.3009894732872358,-0.06466140492013528,0.0057853214,16
ridge_primary_alpha1,train,20210527,20,0.013927191573921449,0.278543831478429,14,6,0.34746678776365925,-0.06892295628523026,0.0057604476,15
ridge_primary_alpha1,train,20210528,20,0.009625724384044548,0.19251448768089097,14,6,0.26450282508250167,-0.0719883374016107,0.005753343,14
ridge_primary_alpha1,train,20210531,20,0.01349916447675975,0.269983289535195,11,9,0.3625363446046983,-0.09255305506950329,0.005805679,15
ridge_primary_alpha1,train,20210601,20,0.017479572433407687,0.3495914486681537,12,8,0.42298104723604535,-0.07338959856789162,0.0057303896,15
ridge_primary_alpha1,train,20210602,20,0.018284492797493883,0.3656898559498777,15,5,0.4078004449432262,-0.04211058899334852,0.005695975,14
ridge_primary_alpha1,train,20210603,20,0.011967099597798642,0.23934199195597283,16,4,0.2754557283304404,-0.036113736374467575,0.005708118,15
ridge_primary_alpha1,train,20210604,20,0.016763372254255848,0.33526744508511697,13,7,0.4150510621855661,-0.07978361710044912,0.0057102162,15
ridge_primary_alpha1,train,20210607,20,0.02128489454564279,0.4256978909128558,8,12,0.6624893172888944,-0.23679142637603856,0.005741236,13
ridge_primary_alpha1,train,20210608,20,-0.0007809024216546446,-0.01561804843309289,6,14,0.29445281307546267,-0.31007086150855556,0.0056835576,17
ridge_primary_alpha1,train,20210609,20,-0.010367382574228307,-0.20734765148456613,3,17,0.17613817774335216,-0.3834858292279183,0.0056434073,13
ridge_primary_alpha1,train,20210610,20,-0.011744531821270892,-0.23489063642541785,4,16,0.21368457264656793,-0.4485752090719858,0.0057577183,17
ridge_primary_alpha1,train,20210611,20,-0.01525396230200456,-0.3050792460400912,3,17,0.07746239241676678,-0.38254163845685796,0.005733851,17
ridge_primary_alpha1,train,20210615,20,0.01248587384121964,0.24971747682439283,14,6,0.3048101139685264,-0.055092637144133594,0.0056427727,16
ridge_primary_alpha1,train,20210616,20,0.019273732840791164,0.38547465681582327,16,4,0.40694503890644107,-0.0214703820906178,0.0056447913,17
ridge_primary_alpha1,train,20210617,20,0.012335523434952178,0.24671046869904356,15,5,0.3247130916686629,-0.07800262296961935,0.0057689124,18
ridge_primary_alpha1,train,20210618,20,0.017867163394415752,0.35734326788831505,15,5,0.46747887960051626,-0.11013561171220121,0.0058239084,18
ridge_primary_alpha1,train,20210621,20,0.005870812330830216,0.11741624661660433,12,8,0.23878723471692598,-0.12137098810032165,0.0058392794,18
ridge_primary_alpha1,train,20210622,20,-0.0004167435426710886,-0.008334870853421772,6,14,0.20796733695651293,-0.2163022078099347,0.005806418,17
ridge_primary_alpha1,train,20210623,20,-0.00553037004560068,-0.1106074009120136,4,16,0.18777257601835928,-0.2983799769303729,0.00589252,15
ridge_primary_alpha1,train,20210624,20,-0.013004180769397583,-0.26008361538795166,3,17,0.19710934012043846,-0.4571929555083901,0.005771485,17
ridge_primary_alpha1,train,20210625,20,-0.016730806965519967,-0.33461613931039935,3,17,0.11809539970204774,-0.4527115390124471,0.0057911994,14
ridge_primary_alpha1,train,20210628,20,-0.004458142485390104,-0.08916284970780208,7,13,0.10488987785987769,-0.19405272756767977,0.005802072,14
ridge_primary_alpha1,train,20210629,20,0.007229965414727385,0.1445993082945477,12,8,0.30236501713708996,-0.15776570884254226,0.005736655,18
ridge_primary_alpha1,train,20210630,20,0.006054287374403311,0.12108574748806622,12,8,0.17840937912640675,-0.05732363163834053,0.005794666,17
ridge_primary_alpha1,train,20210701,20,0.003111710026669062,0.062234200533381245,13,7,0.18986682638368868,-0.12763262585030744,0.0057733073,15
ridge_primary_alpha1,train,20210702,20,0.019471517955079492,0.38943035910158985,19,1,0.40776604316364895,-0.0183356840620591,0.0057472996,16
ridge_primary_alpha1,train,20210705,20,0.033922765618952355,0.6784553123790471,16,4,0.7337805734490832,-0.0553252610700361,0.0056912946,15
ridge_primary_alpha1,train,20210706,20,0.030539697590101188,0.6107939518020238,14,6,0.702836400537584,-0.09204244873556022,0.0057575395,14
ridge_primary_alpha1,train,20210707,20,0.018612432445066072,0.3722486489013215,9,11,0.536968038300119,-0.1647193893987975,0.0056953114,16
ridge_primary_alpha1,train,20210708,20,0.009207727347869715,0.1841545469573943,9,11,0.4002850392424615,-0.2161304922850672,0.0057190536,17
ridge_primary_alpha1,train,20210709,20,-0.01759256102434229,-0.3518512204868458,5,15,0.1548791812468302,-0.506730401733676,0.0057751006,18
ridge_primary_alpha1,train,20210712,20,-0.02492622290515914,-0.4985244581031828,2,18,0.11817317779551129,-0.6166976358986941,0.005827082,20
ridge_primary_alpha1,train,20210713,20,-0.03300089634905525,-0.6600179269811051,2,18,0.04214117029651021,-0.7021590972776153,0.005869328,18
ridge_primary_alpha1,train,20210714,20,-0.015931877103587545,-0.3186375420717509,2,18,0.009157712795528017,-0.3277952548672789,0.005886695,18
ridge_primary_alpha1,train,20210715,20,-0.004386731299822056,-0.0877346259964411,8,12,0.050243901274381386,-0.1379785272708225,0.0058019473,16
ridge_primary_alpha1,train,20210716,20,0.008107203605584857,0.16214407211169712,4,16,0.4731593221322261,-0.311015250020529,0.005900706,19
ridge_primary_alpha1,train,20210719,20,0.0007355298504505114,0.014710597009010229,5,15,0.4756408396291558,-0.4609302426201456,0.0059228567,16
ridge_primary_alpha1,train,20210720,20,-0.0021049389311241897,-0.04209877862248379,4,16,0.5783988668818627,-0.6204976455043465,0.005922937,18
ridge_primary_alpha1,train,20210721,20,-0.06017813733214532,-1.2035627466429064,1,19,0.046481601032924535,-1.2500443476758307,0.005971064,17
ridge_primary_alpha1,train,20210722,20,-0.04077772633796236,-0.8155545267592472,4,16,0.2005606138308702,-1.0161151405901174,0.0059048934,17
ridge_primary_alpha1,train,20210723,20,-0.030197907933791505,-0.6039581586758301,5,15,0.07154172142542681,-0.6754998801012569,0.005871495,16
ridge_primary_alpha1,train,20210726,20,0.0015269772804010595,0.03053954560802119,12,8,0.2289720001142579,-0.1984324545062367,0.005866629,18
ridge_primary_alpha1,train,20210727,20,0.016206435593773487,0.32412871187546977,14,6,0.3962821482579737,-0.07215343638250393,0.005821396,15
ridge_primary_alpha1,train,20210728,20,0.030219511987317933,0.6043902397463586,18,2,0.688861839744402,-0.08447159999804332,0.005799298,17
ridge_primary_alpha1,train,20210729,20,0.022774219461889518,0.45548438923779033,16,4,0.5052917186911374,-0.04980732945334709,0.005824571,16
ridge_primary_alpha1,train,20210730,20,0.01555535931185606,0.3111071862371212,17,3,0.32150854782095406,-0.010401361583832869,0.0058070943,15
ridge_primary_alpha1,train,20210802,20,0.017816094601674742,0.35632189203349485,16,4,0.3839521233652552,-0.027630231331760347,0.005904362,19
ridge_primary_alpha1,train,20210803,20,0.017609787492189527,0.35219574984379054,18,2,0.3747480562944021,-0.02255230645061157,0.0058986894,14
ridge_primary_alpha1,train,20210804,20,0.01899115931783161,0.37982318635663215,17,3,0.4137275521777606,-0.033904365821128435,0.0059420606,17
ridge_primary_alpha1,train,20210805,20,0.03093160734050509,0.6186321468101018,19,1,0.6204771652602863,-0.0018450184501844769,0.0058798105,16
ridge_primary_alpha1,train,20210806,20,0.03284519096757844,0.6569038193515687,19,1,0.6760994317830129,-0.019195612431444187,0.005908002,15
ridge_primary_alpha1,train,20210809,20,0.025300630938841745,0.5060126187768349,19,1,0.515697848801048,-0.009685230024213065,0.0058540846,15
ridge_primary_alpha1,train,20210810,20,-0.012809832158432188,-0.25619664316864377,3,17,0.015250720691065478,-0.27144736385970925,0.0058086785,15
ridge_primary_alpha1,train,20210811,20,-0.00708294057533379,-0.1416588115066758,7,13,0.12085458731720822,-0.262513398823884,0.005754787,13
ridge_primary_alpha1,train,20210812,20,0.013264962858953334,0.26529925717906666,5,15,0.6085222570554625,-0.3432229998763958,0.0057929466,16
ridge_primary_alpha1,train,20210813,20,0.013282656722686786,0.26565313445373573,6,14,0.6568462642337132,-0.39119312977997744,0.0057557393,16
ridge_primary_alpha1,train,20210816,20,-0.0016704819331501252,-0.033409638663002506,9,11,0.14609232455495236,-0.17950196321795486,0.0057712095,17
ridge_primary_alpha1,train,20210817,20,0.03646953645314795,0.7293907290629589,19,1,0.7420356184201771,-0.012644889357218192,0.005752484,19
ridge_primary_alpha1,train,20210818,20,0.03808590996340906,0.7617181992681812,17,3,0.777690861748134,-0.01597266247995277,0.005723196,18
ridge_primary_alpha1,train,20210819,20,0.04322500606311071,0.8645001212622142,15,5,0.8985912347737262,-0.03409111351151195,0.0057310313,16
ridge_primary_alpha1,train,20210820,20,0.030725084114613315,0.6145016822922663,16,4,0.6523764828592509,-0.03787480056698456,0.005694935,17
ridge_primary_alpha1,train,20210823,20,0.002093815569738716,0.041876311394774324,10,10,0.2182638951781284,-0.17638758378335406,0.0057498934,16
ridge_primary_alpha1,train,20210824,20,0.0070924805603984785,0.14184961120796957,9,11,0.3667649105711046,-0.22491529936313504,0.0058053723,17
ridge_primary_alpha1,train,20210825,20,-0.006212905709446981,-0.12425811418893962,8,12,0.13263835186363626,-0.2568964660525759,0.0057995487,14
ridge_primary_alpha1,train,20210826,20,0.05650510362457689,1.1301020724915378,13,7,1.3380565509306532,-0.2079544784391154,0.0059246514,16
ridge_primary_alpha1,train,20210827,20,0.012464899437847754,0.24929798875695508,15,5,0.3897318779074581,-0.14043388915050303,0.0057580965,16
ridge_primary_alpha1,train,20210830,20,0.021133873009247843,0.4226774601849569,18,2,0.45046501122309435,-0.02778755103813746,0.0058067245,17
ridge_primary_alpha1,train,20210831,20,0.04113132079984888,0.8226264159969776,19,1,0.8276737346089651,-0.0050473186119874835,0.0058360104,18
ridge_primary_alpha1,train,20210901,20,0.04994329382044582,0.9988658764089164,18,2,1.0272926040677959,-0.028426727658879436,0.0058452934,16
ridge_primary_alpha1,train,20210902,20,0.04003619611200513,0.8007239222401026,17,3,0.8474522193835372,-0.04672829714343463,0.005905963,16
ridge_primary_alpha1,train,20210903,20,0.014532647187037695,0.2906529437407539,16,4,0.383085096698514,-0.09243215295776008,0.0058427183,18
ridge_primary_alpha1,train,20210906,20,0.019240023201392113,0.3848004640278423,16,4,0.4754963402229191,-0.0906958761950768,0.0057980623,16
ridge_primary_alpha1,train,20210907,20,-0.0008153227563182708,-0.016306455126365416,7,13,0.13343691051566675,-0.14974336564203217,0.005782018,14
ridge_primary_alpha1,train,20210908,20,-0.003014095743500983,-0.06028191487001966,6,14,0.14696013562259314,-0.2072420504926128,0.0058157947,16
ridge_primary_alpha1,train,20210909,20,-0.005714717663428631,-0.11429435326857262,4,16,0.2770641285333766,-0.3913584818019492,0.005771379,14
ridge_primary_alpha1,train,20210910,20,-0.008033750868665234,-0.1606750173733047,3,17,0.24018613146421353,-0.4008611488375182,0.005825863,15
ridge_primary_alpha1,train,20210913,20,-0.02307496865544098,-0.4614993731088196,3,17,0.0848189922837721,-0.5463183653925917,0.005785894,17
ridge_primary_alpha1,train,20210914,20,-0.002238658813591665,-0.044773176271833304,11,9,0.17382814137846303,-0.21860131765029633,0.0057774507,16
ridge_primary_alpha1,train,20210915,20,-0.0258119564322619,-0.516239128645238,2,18,0.07623019885406146,-0.5924693274992995,0.005746356,15
ridge_primary_alpha1,train,20210916,20,-0.024442684752649862,-0.48885369505299725,2,18,0.3621494116027244,-0.8510031066557217,0.005605488,16
ridge_primary_alpha1,train,20210917,20,-0.028200922289098256,-0.5640184457819651,2,18,0.024450859953417226,-0.5884693057353824,0.0055741332,15
ridge_primary_alpha1,train,20210922,20,-0.04950154603862887,-0.9900309207725775,2,18,0.020184688185919786,-1.0102156089584973,0.00575851,15
ridge_primary_alpha1,train,20210923,20,-0.03254807906837244,-0.6509615813674487,2,18,0.033180593708799444,-0.6841421750762482,0.0057821833,13
ridge_primary_alpha1,train,20210924,20,0.006706693248320933,0.13413386496641866,13,7,0.2753100793147447,-0.14117621434832606,0.005705395,13
ridge_primary_alpha1,train,20210927,20,0.05157087598909338,1.0314175197818676,19,1,1.0422097126636125,-0.010792192881745044,0.005786716,16
ridge_primary_alpha1,train,20210928,20,0.03431395527479692,0.6862791054959384,16,4,0.7458992428496432,-0.05962013735370475,0.0058422415,16
ridge_primary_alpha1,train,20210929,20,0.05221541396648303,1.0443082793296605,18,2,1.1176871504239514,-0.07337887109429087,0.0057416507,17
ridge_primary_alpha1,train,20210930,20,0.013776810014877511,0.2755362002975502,16,4,0.31264504883631017,-0.03710884853875995,0.0057321177,13
ridge_primary_alpha1,train,20211008,20,-0.019945031570425535,-0.39890063140851073,3,17,0.03864850366803263,-0.43754913507654336,0.005706705,12
ridge_primary_alpha1,train,20211011,20,-0.013677178766076947,-0.27354357532153895,3,17,0.046549231761884746,-0.3200928070834237,0.0055740783,16
ridge_primary_alpha1,train,20211012,20,-0.00964984629329015,-0.19299692586580297,10,10,0.08584675160985467,-0.27884367747565764,0.005569361,15
ridge_primary_alpha1,train,20211013,20,-0.009570082032579025,-0.1914016406515805,5,15,0.0450217251765328,-0.2364233658281133,0.0056214943,14
ridge_primary_alpha1,train,20211014,20,-0.03484448345579986,-0.6968896691159971,1,19,0.028186274509804043,-0.7250759436258012,0.0055642263,16
ridge_primary_alpha1,train,20211015,20,-0.038614923756785643,-0.7722984751357128,1,19,0.020602218700475516,-0.7929006938361883,0.0056680497,16
ridge_primary_alpha1,train,20211018,20,-0.029762203863103198,-0.595244077262064,1,19,0.0029239766081869956,-0.598168053870251,0.0056903036,15
ridge_primary_alpha1,train,20211019,20,-0.03073954968247795,-0.614790993649559,2,18,0.024128001815628686,-0.6389189954651877,0.0058015077,15
ridge_primary_alpha1,train,20211020,20,-0.04839549492011917,-0.9679098984023834,3,17,0.1549793965535109,-1.1228892949558942,0.0058336947,13
ridge_primary_alpha1,train,20211021,20,-0.05863728981601879,-1.1727457963203758,1,19,0.042105263157894646,-1.2148510594782702,0.0058856653,15
ridge_primary_alpha1,train,20211022,20,-0.030471497181852873,-0.6094299436370575,1,19,0.0007142857142856673,-0.6101442293513432,0.005887083,15
ridge_primary_alpha1,train,20211025,20,-0.013732478540570936,-0.2746495708114187,6,14,0.10896808883327647,-0.3836176596446952,0.005901394,18
ridge_primary_alpha1,train,20211026,20,-0.031705484781609124,-0.6341096956321824,3,17,0.016969631046427125,-0.6510793266786096,0.005855392,14
ridge_primary_alpha1,train,20211027,20,0.02468173905026975,0.49363478100539504,17,3,0.5714192882016669,-0.07778450719627183,0.005859167,15
ridge_primary_alpha1,train,20211028,20,0.035690756271821514,0.7138151254364303,17,3,0.7783450758135331,-0.06452995037710274,0.0058476324,13
ridge_primary_alpha1,train,20211029,20,0.024310115833104034,0.4862023166620807,16,4,0.5590010411371578,-0.07279872447507707,0.0058178413,13
ridge_primary_alpha1,train,20211101,20,0.01432504848335055,0.286500969667011,14,6,0.33721099136000543,-0.050710021692994434,0.0058448007,14
ridge_primary_alpha1,train,20211102,20,0.04309696027954356,0.8619392055908712,20,0,0.8619392055908712,0.0,0.005836797,14
ridge_primary_alpha1,train,20211103,20,0.028670620786901746,0.5734124157380349,20,0,0.5734124157380349,0.0,0.0057814987,14
ridge_primary_alpha1,train,20211104,20,0.04345392032342714,0.8690784064685428,20,0,0.8690784064685428,0.0,0.0058471174,15
ridge_primary_alpha1,train,20211105,20,0.04287061569823554,0.8574123139647107,19,1,0.8574123139647107,0.0,0.005826386,13
ridge_primary_alpha1,train,20211108,20,0.04889459302810041,0.9778918605620082,20,0,0.9778918605620082,0.0,0.0057111667,15
ridge_primary_alpha1,train,20211109,20,0.03877975881405513,0.7755951762811026,19,1,0.7930832525927083,-0.01748807631160565,0.0057374374,16
ridge_primary_alpha1,train,20211110,20,0.043762405349886804,0.875248106997736,19,1,0.875248106997736,0.0,0.0057578534,16
ridge_primary_alpha1,train,20211111,20,0.011936401884353853,0.23872803768707707,13,7,0.32207534843035135,-0.08334731074327428,0.0057124337,18
ridge_primary_alpha1,train,20211112,20,0.017440607081856373,0.3488121416371275,17,3,0.37645371836208663,-0.02764157672495915,0.0057673054,14
ridge_primary_alpha1,train,20211115,20,0.007726329521860703,0.15452659043721406,13,7,0.2539615345356556,-0.09943494409844156,0.0056861406,17
ridge_primary_alpha1,train,20211116,20,0.01351118957077308,0.2702237914154616,15,5,0.3065394801070338,-0.0363156886915722,0.005657243,16
ridge_primary_alpha1,train,20211117,20,0.003104606849695474,0.062092136993909475,10,10,0.26704311840940353,-0.20495098141549406,0.0057775434,18
ridge_primary_alpha1,train,20211118,20,0.018479953548762446,0.3695990709752489,14,6,0.4478758497501807,-0.07827677877493178,0.0058533484,18
ridge_primary_alpha1,train,20211119,20,-0.005916917575268544,-0.11833835150537086,8,12,0.10736883582396928,-0.22570718732934014,0.005840942,17
ridge_primary_alpha1,train,20211122,20,-0.007729190140330478,-0.15458380280660955,7,13,0.2343956583414113,-0.38897946114802084,0.0059549334,15
ridge_primary_alpha1,train,20211123,20,0.010358848152193656,0.20717696304387312,8,12,0.4011763125329131,-0.19399934948903996,0.005897091,16
ridge_primary_alpha1,train,20211124,20,0.007986896394477,0.15973792788954,15,5,0.3413392346773241,-0.18160130678778408,0.005840736,16
ridge_primary_alpha1,train,20211125,20,0.0008106375580131164,0.01621275116026233,11,9,0.2354784427699339,-0.21926569160967158,0.005841298,16
ridge_primary_alpha1,train,20211126,20,0.02341443514408667,0.4682887028817334,17,3,0.5656046200372429,-0.09731591715550947,0.00575928,19
ridge_primary_alpha1,train,20211129,20,0.012011303487271596,0.24022606974543192,13,7,0.40724459862058615,-0.16701852887515423,0.0058166683,19
ridge_primary_alpha1,train,20211130,20,0.010595170472926112,0.21190340945852226,9,11,0.5634239224713358,-0.3515205130128135,0.005847366,16
ridge_primary_alpha1,train,20211201,20,-0.016395729652230913,-0.32791459304461823,6,14,0.04988124465165522,-0.37779583769627345,0.0058257673,16
ridge_primary_alpha1,train,20211202,20,-0.009739770643294083,-0.19479541286588165,8,12,0.17680519019472363,-0.3716006030606053,0.005783709,18
ridge_primary_alpha1,train,20211203,20,0.00013242046084273041,0.002648409216854608,10,10,0.2696368029910161,-0.2669883937741615,0.0058419863,17
ridge_primary_alpha1,train,20211206,20,0.014215781308455194,0.2843156261691039,15,5,0.36741385864961895,-0.08309823248051507,0.005757826,16
ridge_primary_alpha1,train,20211207,20,0.040247287174407835,0.8049457434881567,18,2,0.8094011603290221,-0.004455416840865367,0.005885255,15
ridge_primary_alpha1,train,20211208,20,0.030442759327777173,0.6088551865555435,18,2,0.6359835094961408,-0.027128322940597305,0.0060711647,13
ridge_primary_alpha1,train,20211209,20,0.02715755491232554,0.5431510982465108,16,4,0.6147618888934994,-0.07161079064698861,0.0061476547,16
ridge_primary_alpha1,train,20211210,20,0.039560974532090405,0.7912194906418081,15,5,0.8388773235928859,-0.04765783295107784,0.006190727,16
ridge_primary_alpha1,train,20211213,20,0.0025238050441313887,0.05047610088262777,9,11,0.37539997829904737,-0.3249238774164196,0.0060496805,12
ridge_primary_alpha1,train,20211214,20,0.019859156706988144,0.3971831341397629,11,9,0.7434598479371108,-0.3462767137973479,0.0058197877,15
ridge_primary_alpha1,train,20211215,20,-0.01837264491629369,-0.3674528983258738,5,15,0.10545502637735504,-0.47290792470322884,0.005837702,14
ridge_primary_alpha1,train,20211216,20,-0.02588198408597343,-0.5176396817194686,2,18,0.05794530321046376,-0.5755849849299324,0.0058995713,15
ridge_primary_alpha1,train,20211217,20,-0.019881236778476148,-0.39762473556952294,6,14,0.15927689244333476,-0.5569016280128577,0.00587922,16
ridge_primary_alpha1,train,20211220,20,-0.0055471415357856765,-0.11094283071571354,7,13,0.23897416615519496,-0.3499169968709085,0.0058695804,15
ridge_primary_alpha1,train,20211221,20,0.020200391205648194,0.4040078241129639,10,10,0.5316971694918233,-0.12768934537885945,0.0061986316,17
ridge_primary_alpha1,train,20211222,20,0.03458228228720724,0.6916456457441449,12,8,0.7833864102560653,-0.09174076451192037,0.006254277,14
ridge_primary_alpha1,train,20211223,20,0.11962340617883657,2.3924681235767316,20,0,2.392468123576732,0.0,0.0062139356,15
ridge_primary_alpha1,train,20211224,20,0.14223042038518935,2.844608407703787,20,0,2.8446084077037868,0.0,0.006155074,15
ridge_primary_alpha1,train,20211227,20,0.08692516515957935,1.7385033031915869,20,0,1.7385033031915869,0.0,0.006120826,13
ridge_primary_alpha1,train,20211228,20,0.06483879430225668,1.2967758860451337,19,1,1.3260184555561596,-0.029242569511025884,0.0059314766,14
ridge_primary_alpha1,train,20211229,20,0.051810266905657064,1.0362053381131413,19,1,1.0812717517753805,-0.04506641366223907,0.00583586,15
ridge_primary_alpha1,train,20211230,20,0.02576871692725678,0.5153743385451356,17,3,0.6467932375214664,-0.13141889897633086,0.005682193,15
ridge_primary_alpha1,train,20211231,20,0.020439302000716492,0.40878604001432983,17,3,0.47211336224956146,-0.06332732223523163,0.00564514,13
ridge_primary_alpha1,train,20220104,20,-0.010697298359610119,-0.21394596719220238,5,15,0.30063119251654125,-0.5145771597087436,0.0055749454,11
ridge_primary_alpha1,train,20220105,20,0.003650328200568076,0.07300656401136152,10,10,0.3965719189831989,-0.32356535497183736,0.0056301663,15
ridge_primary_alpha1,train,20220106,20,-0.004371751457250056,-0.08743502914500112,8,12,0.27551526657251935,-0.36295029571752047,0.0057249214,15
ridge_primary_alpha1,train,20220107,20,-0.018169636550225278,-0.36339273100450553,5,15,0.08873426304964571,-0.45212699405415124,0.005875281,15
ridge_primary_alpha1,train,20220110,20,-0.013703992771987939,-0.27407985543975877,7,13,0.07230951920781137,-0.34638937464757014,0.0060699955,15
ridge_primary_alpha1,train,20220111,20,0.009452187944690531,0.18904375889381064,11,9,0.30939826543996496,-0.12035450654615432,0.0060089817,14
ridge_primary_alpha1,train,20220112,20,-0.0030106075088015493,-0.06021215017603099,9,11,0.20274514621615491,-0.2629572963921859,0.0061807884,13
ridge_primary_alpha1,train,20220113,20,0.01840882721790782,0.3681765443581564,14,6,0.4182296477541343,-0.050053103395977905,0.006068255,15
ridge_primary_alpha1,train,20220114,20,0.028438755596811083,0.5687751119362217,18,2,0.5759073250804587,-0.007132213144237065,0.005992244,15
ridge_primary_alpha1,train,20220117,20,-0.0175089508128032,-0.35017901625606396,7,13,0.10359055613801726,-0.4537695723940812,0.005923364,16
ridge_primary_alpha1,train,20220118,20,-0.04627488847066384,-0.9254977694132769,1,19,0.009615384615384581,-0.9351131540286615,0.0058252783,15
ridge_primary_alpha1,train,20220119,20,-0.032710637803008216,-0.6542127560601644,3,17,0.20182227295648913,-0.8560350290166535,0.005799403,13
ridge_primary_alpha1,train,20220120,20,-0.07049625389870158,-1.4099250779740315,2,18,0.07231162369862587,-1.4822367016726576,0.005565638,12
ridge_primary_alpha1,train,20220121,20,-0.04310563502636079,-0.8621127005272158,2,18,0.08411977682811012,-0.9462324773553259,0.0054951445,14
ridge_primary_alpha1,train,20220124,20,-0.02302375018368985,-0.460475003673797,5,15,0.11448514183925651,-0.5749601455130535,0.0055532185,15
ridge_primary_alpha1,train,20220125,20,0.016146864258181858,0.3229372851636372,13,7,0.5622049041734225,-0.23926761900978533,0.0055560926,16
ridge_primary_alpha1,train,20220126,20,0.01472134360561867,0.2944268721123734,16,4,0.3372340629320567,-0.042807190819683316,0.0056321677,15
ridge_primary_alpha1,train,20220127,20,0.028170471006927343,0.5634094201385469,18,2,0.5693484704574696,-0.005939050318922723,0.005869936,15
ridge_primary_alpha1,train,20220128,20,-0.03259900391801789,-0.6519800783603579,3,17,0.036226432044126344,-0.6882065104044842,0.0060564475,17
ridge_primary_alpha1,train,20220207,20,-0.0445562676744374,-0.891125353488748,0,20,0.0,-0.891125353488748,0.0059892214,17
ridge_primary_alpha1,train,20220208,20,-0.05846822166746737,-1.1693644333493474,0,20,0.0,-1.1693644333493474,0.006106672,16
ridge_primary_alpha1,train,20220209,20,-0.05382572739120419,-1.0765145478240838,1,19,0.004032258064516014,-1.0805468058885999,0.006119962,15
ridge_primary_alpha1,train,20220210,20,-0.04781431946395669,-0.9562863892791339,0,20,0.0,-0.9562863892791339,0.006175127,13
ridge_primary_alpha1,train,20220211,20,-0.02183841303320852,-0.4367682606641704,3,17,0.02509030154953562,-0.461858562213706,0.006065256,15
ridge_primary_alpha1,train,20220214,20,-0.011263466525113374,-0.2252693305022675,6,14,0.0465319797696746,-0.2718013102719421,0.0062345774,14
ridge_primary_alpha1,train,20220215,20,-0.028297733592854472,-0.5659546718570895,1,19,0.04423191870890597,-0.6101865905659954,0.0062278244,16
ridge_primary_alpha1,train,20220216,20,-0.011748483910165275,-0.2349696782033055,6,14,0.14518254017006438,-0.3801522183733699,0.006222848,15
ridge_primary_alpha1,train,20220217,20,-0.016428183897815994,-0.3285636779563199,3,17,0.29658737435029936,-0.6251510523066193,0.0062488345,14
ridge_primary_alpha1,train,20220218,20,-0.018821613481458017,-0.3764322696291603,4,16,0.13177266940656218,-0.5082049390357225,0.006241937,15
ridge_primary_alpha1,train,20220221,20,-0.05092493942615435,-1.018498788523087,1,19,0.024390243902438824,-1.0428890324255258,0.0062545063,16
ridge_primary_alpha1,train,20220222,20,-0.048694546241404006,-0.9738909248280802,1,19,0.03383458646616533,-1.0077255112942454,0.0061738333,15
ridge_primary_alpha1,train,20220223,20,-0.05443592824406822,-1.0887185648813644,1,19,0.016541353383458635,-1.105259918264823,0.0062675374,16
ridge_primary_alpha1,train,20220224,20,-0.030636876048213975,-0.6127375209642795,3,17,0.10371469698274538,-0.7164522179470248,0.006226678,16
ridge_primary_alpha1,train,20220225,20,-0.029652570632591586,-0.5930514126518317,2,18,0.05038992274427856,-0.6434413353961103,0.0062568365,15
ridge_primary_alpha1,train,20220228,20,-0.02013839187110546,-0.4027678374221092,6,14,0.09904989828105593,-0.5018177357031651,0.0061934507,14
ridge_primary_alpha1,train,20220301,20,-0.049229730187869254,-0.9845946037573851,0,20,0.0,-0.9845946037573851,0.0063118227,13
ridge_primary_alpha1,train,20220302,20,-0.07530882042773061,-1.5061764085546123,0,20,0.0,-1.5061764085546123,0.0063279173,14
ridge_primary_alpha1,train,20220303,20,-0.0726308863308797,-1.4526177266175941,0,20,0.0,-1.4526177266175941,0.0062971814,13
ridge_primary_alpha1,train,20220304,20,-0.07748625925008853,-1.5497251850017708,0,20,0.0,-1.5497251850017708,0.006253056,13
ridge_primary_alpha1,train,20220307,20,-0.07947168883280549,-1.5894337766561097,0,20,0.0,-1.5894337766561097,0.00603922,13
ridge_primary_alpha1,train,20220308,20,-0.10999220392019585,-2.199844078403917,0,20,0.0,-2.1998440784039164,0.0059511927,17
ridge_primary_alpha1,train,20220309,20,-0.06527412304892102,-1.3054824609784204,1,19,0.01617647058823546,-1.3216589315666556,0.0060117873,17
ridge_primary_alpha1,train,20220310,20,-0.023128342273559015,-0.4625668454711803,4,16,0.09168823909501733,-0.5542550845661977,0.0060832514,15
ridge_primary_alpha1,train,20220311,20,-0.013500883252338548,-0.27001766504677094,5,15,0.22378239267531375,-0.4938000577220847,0.006240837,15
ridge_primary_alpha1,train,20220314,20,0.008426998047830054,0.16853996095660106,11,9,0.32681138770605056,-0.1582714267494495,0.0062009655,15
ridge_primary_alpha1,train,20220315,20,0.061933199471360535,1.2386639894272107,20,0,1.2386639894272107,0.0,0.0061942465,14
ridge_primary_alpha1,train,20220316,20,0.044776727684100515,0.8955345536820103,20,0,0.8955345536820103,0.0,0.0062345974,14
ridge_primary_alpha1,train,20220317,20,0.009394859618837053,0.18789719237674107,10,10,0.37923856200165607,-0.191341369624915,0.0058875103,13
ridge_primary_alpha1,train,20220318,20,-0.01666246534435207,-0.33324930688704135,5,15,0.15957056251152935,-0.4928198693985707,0.0059907166,14
ridge_primary_alpha1,train,20220321,20,-0.01983512076925374,-0.3967024153850748,3,17,0.03577783361455622,-0.432480248999631,0.0061074654,15
ridge_primary_alpha1,train,20220322,20,-0.021537227585291356,-0.43074455170582715,2,18,0.012245091465685976,-0.4429896431715131,0.006113883,15
ridge_primary_alpha1,train,20220323,20,-0.01277852983649585,-0.255570596729917,7,13,0.05439394151909793,-0.30996453824901493,0.0059968536,17
ridge_primary_alpha1,train,20220324,20,-0.005999959555385464,-0.11999919110770929,8,12,0.10981673577196593,-0.22981592687967523,0.00621679,16
ridge_primary_alpha1,train,20220325,20,0.043251333180950785,0.8650266636190157,12,8,0.9168261288886796,-0.05179946526966395,0.00617305,17
ridge_primary_alpha1,train,20220328,20,0.033004572091824814,0.6600914418364963,18,2,0.6903447481819283,-0.030253306345431996,0.006103076,17
ridge_primary_alpha1,train,20220329,20,0.013714011047713975,0.2742802209542795,13,7,0.34119925621122404,-0.06691903525694454,0.005928855,16
ridge_primary_alpha1,train,20220330,20,0.002052305964281742,0.04104611928563484,9,11,0.16187079628445722,-0.12082467699882238,0.0060766637,15
ridge_primary_alpha1,train,20220331,20,-0.025852277641636844,-0.5170455528327369,0,20,0.0,-0.5170455528327369,0.0060977763,15
ridge_primary_alpha1,train,20220401,20,-0.04379789046410104,-0.8759578092820208,2,18,0.02218692166947145,-0.8981447309514923,0.0059171226,15
ridge_primary_alpha1,train,20220406,20,-0.05457084275699153,-1.0914168551398307,1,19,0.0333170014698676,-1.1247338566096985,0.0059846756,16
ridge_primary_alpha1,train,20220407,20,-0.057240275308624446,-1.1448055061724889,0,20,0.0,-1.144805506172489,0.0058870995,17
ridge_primary_alpha1,train,20220408,20,-0.05369254865996622,-1.0738509731993244,0,20,0.0,-1.0738509731993244,0.0058495845,17
ridge_primary_alpha1,train,20220411,20,-0.023301744357704473,-0.46603488715408947,4,16,0.12385042433039484,-0.5898853114844843,0.005822409,15
ridge_primary_alpha1,train,20220412,20,-0.04401500912997576,-0.8803001825995153,2,18,0.013367442184536005,-0.8936676247840513,0.006030876,15
ridge_primary_alpha1,train,20220413,20,-0.03589768248642284,-0.7179536497284568,3,17,0.06119282759604072,-0.7791464773244975,0.005917688,15
ridge_primary_alpha1,train,20220414,20,-0.04910086421783731,-0.9820172843567462,0,20,0.0,-0.9820172843567462,0.0060403463,15
ridge_primary_alpha1,train,20220415,20,-0.04556722480302952,-0.9113444960605904,2,18,0.08506994533664347,-0.9964144413972339,0.0060329083,16
ridge_primary_alpha1,train,20220418,20,-0.09962460063497404,-1.9924920126994807,1,19,0.0612582781456954,-2.0537502908451764,0.006195805,17
ridge_primary_alpha1,train,20220419,20,-0.13385025510463458,-2.6770051020926915,1,19,0.02680067001675046,-2.703805772109442,0.0061767953,13
ridge_primary_alpha1,train,20220420,20,-0.09567210650176931,-1.9134421300353863,1,19,0.12070410729253966,-2.034146237327926,0.006205235,15
ridge_primary_alpha1,train,20220421,20,-0.08815356426687142,-1.7630712853374284,2,18,0.1159719053089312,-1.8790431906463596,0.0060666534,15
ridge_primary_alpha1,train,20220422,20,-0.05612443449737862,-1.1224886899475723,6,14,0.2778818226209294,-1.4003705125685015,0.006129342,15
ridge_primary_alpha1,train,20220425,20,-0.005969854694491567,-0.11939709388983133,9,11,0.5866872431961832,-0.7060843370860145,0.0060343635,13
ridge_primary_alpha1,train,20220426,20,0.01819038657614458,0.3638077315228916,11,9,1.1305248691439007,-0.7667171376210091,0.0059656603,13
ridge_primary_alpha1,train,20220427,20,0.04074894519660416,0.8149789039320832,16,4,0.9258294449561038,-0.11085054102402059,0.0060644625,15
ridge_primary_alpha1,train,20220428,20,0.05555613370402011,1.111122674080402,17,3,1.1204427235042054,-0.009320049423803156,0.0061379923,17
ridge_primary_alpha1,train,20220429,20,0.02897071742997323,0.5794143485994646,18,2,0.6090626235356975,-0.0296482749362329,0.006257537,17
ridge_primary_alpha1,train,20220505,20,0.041287297383673024,0.8257459476734604,19,1,0.8398000017275145,-0.014054054054054022,0.006313782,17
ridge_primary_alpha1,train,20220506,20,0.09685833521919451,1.9371667043838903,20,0,1.9371667043838903,0.0,0.006367547,17
ridge_primary_alpha1,train,20220509,20,0.1050935969075328,2.101871938150656,20,0,2.1018719381506563,0.0,0.0063347137,17
ridge_primary_alpha1,train,20220510,20,0.08417649913902055,1.6835299827804109,20,0,1.6835299827804109,0.0,0.0063526267,16
ridge_primary_alpha1,train,20220511,20,0.07014354035986091,1.4028708071972182,20,0,1.4028708071972182,0.0,0.006211654,16
ridge_primary_alpha1,train,20220512,20,0.06141231130731539,1.2282462261463079,18,2,1.232198795316268,-0.0039525691699603405,0.006305336,17
ridge_primary_alpha1,train,20220513,20,0.006404370723242886,0.12808741446485772,10,10,0.3464846817799385,-0.2183972673150808,0.005861316,14
ridge_primary_alpha1,train,20220516,20,0.01861799848415031,0.3723599696830062,13,7,0.4433537027572676,-0.07099373307426138,0.005876213,15
ridge_primary_alpha1,train,20220517,20,-0.022317005832332638,-0.44634011664665274,3,17,0.0597580052664477,-0.5060981219131004,0.0058865924,14
ridge_primary_alpha1,train,20220518,20,-0.013017804085742357,-0.26035608171484714,7,13,0.08306216629682228,-0.3434182480116694,0.005954217,13
ridge_primary_alpha1,train,20220519,20,-0.018853185673007394,-0.3770637134601479,5,15,0.07580249909012493,-0.4528662125502728,0.0059326896,14
ridge_primary_alpha1,train,20220520,20,-0.01349702310773378,-0.2699404621546756,6,14,0.1066682449549905,-0.3766087071096661,0.0062434888,13
ridge_primary_alpha1,train,20220523,20,-0.028126585276047326,-0.5625317055209466,2,18,0.022637378129195307,-0.5851690836501419,0.006317906,12
ridge_primary_alpha1,train,20220524,20,0.006722992893587165,0.1344598578717433,13,7,0.39479700008462326,-0.26033714221287996,0.006143717,15
ridge_primary_alpha1,train,20220525,20,0.0016415757396115171,0.03283151479223034,10,10,0.29826049188546677,-0.26542897709323643,0.006238843,14
ridge_primary_alpha1,train,20220526,20,0.03573886010990686,0.7147772021981371,16,4,0.8708223846899878,-0.15604518249185073,0.006222767,14
ridge_primary_alpha1,train,20220527,20,0.06434416517394319,1.2868833034788638,17,3,1.379797675340604,-0.09291437186174023,0.0061698286,15
ridge_primary_alpha1,train,20220530,20,0.08258552992387624,1.6517105984775249,19,1,1.656596591962867,-0.004885993485342022,0.0061797486,15
ridge_primary_alpha1,train,20220531,20,0.035821001566480416,0.7164200313296083,19,1,0.7414200313296082,-0.02499999999999991,0.0063113547,15
ridge_primary_alpha1,train,20220601,20,0.027775099382637235,0.5555019876527447,14,6,0.5917047750469564,-0.03620278739421168,0.0062308367,16
ridge_primary_alpha1,train,20220602,20,0.013466416717440127,0.26932833434880254,10,10,0.3951787836314187,-0.12585044928261613,0.0061569046,15
ridge_primary_alpha1,train,20220606,20,-0.011992231891765603,-0.23984463783531207,3,17,0.07660739460970456,-0.31645203244501663,0.006160078,13
ridge_primary_alpha1,train,20220607,20,-0.00660660639692034,-0.13213212793840678,6,14,0.22409109760807344,-0.3562232255464802,0.0061668153,13
ridge_primary_alpha1,train,20220608,20,0.0036044547263882564,0.07208909452776513,6,14,0.4202219935259197,-0.3481328989981546,0.006114104,13
ridge_primary_alpha1,train,20220609,20,0.04767329893199533,0.9534659786399067,11,9,1.088126750054864,-0.13466077141495725,0.0059715966,13
ridge_primary_alpha1,train,20220610,20,0.015501886906878893,0.31003773813757785,8,12,0.5107447660588265,-0.20070702792124862,0.005997847,14
ridge_primary_alpha1,train,20220613,20,0.011997177726424451,0.23994355452848903,9,11,0.41320131019833695,-0.1732577556698479,0.0061069187,14
ridge_primary_alpha1,train,20220614,20,0.0006160894080269985,0.01232178816053997,9,11,0.18537818392490713,-0.17305639576436715,0.006137057,13
ridge_primary_alpha1,train,20220615,20,0.0014214897788299152,0.028429795576598305,5,15,0.24906275199587635,-0.22063295641927805,0.006157647,17
ridge_primary_alpha1,train,20220616,20,-0.006052371648172961,-0.12104743296345921,5,15,0.0756948947716869,-0.1967423277351461,0.0062612966,13
ridge_primary_alpha1,train,20220617,20,0.010754506856089535,0.2150901371217907,10,10,0.3434750625844629,-0.12838492546267222,0.006269147,15
ridge_primary_alpha1,train,20220620,20,0.017023026670465596,0.3404605334093119,10,10,0.46987243333253903,-0.1294118999232271,0.006306766,15
ridge_primary_alpha1,train,20220621,20,0.05288250183333869,1.0576500366667738,19,1,1.0921327952874635,-0.03448275862068961,0.0061827665,14
ridge_primary_alpha1,train,20220622,20,0.033358489015113825,0.6671697803022765,18,2,0.6795627146960297,-0.012392934393753219,0.0061031757,16
ridge_primary_alpha1,train,20220623,20,0.05241419127679958,1.0482838255359916,20,0,1.0482838255359916,0.0,0.0061755013,13
ridge_primary_alpha1,train,20220624,20,0.0292679268399741,0.585358536799482,18,2,0.5994430438417355,-0.014084507042253502,0.006232673,16
ridge_primary_alpha1,train,20220627,20,0.024839931173217467,0.49679862346434933,16,4,0.5444221709358656,-0.047623547471516314,0.0061445422,12
ridge_primary_alpha1,train,20220628,20,-0.02006936272384256,-0.4013872544768512,1,19,0.0934065934065933,-0.4947938478834445,0.005942178,14
ridge_primary_alpha1,train,20220629,20,-0.0173815683061103,-0.347631366122206,4,16,0.014912784600635609,-0.36254415072284163,0.0059506698,15
ridge_primary_alpha1,train,20220630,20,-0.007117958496138799,-0.14235916992277597,4,16,0.18700397813305059,-0.32936314805582656,0.005929417,16
ridge_primary_alpha1,train,20220701,20,0.0028029108791003563,0.05605821758200713,7,13,0.2794787676194208,-0.22342055003741368,0.0059375325,14
ridge_primary_alpha1,train,20220704,20,-0.00829846368406766,-0.16596927368135317,4,16,0.0713957853754279,-0.23736505905678107,0.006044016,17
ridge_primary_alpha1,train,20220705,20,-0.019150692411684607,-0.3830138482336921,4,16,0.03819207316149109,-0.4212059213951832,0.0061224718,14
ridge_primary_alpha1,train,20220706,20,-0.0144551445981221,-0.289102891962442,6,14,0.06173624471726824,-0.35083913667971023,0.006180709,16
ridge_primary_alpha1,train,20220707,20,-0.015121258496230017,-0.30242516992460033,5,15,0.05604500737884255,-0.3584701773034429,0.0061283223,15
ridge_primary_alpha1,train,20220708,20,-0.026691882126510257,-0.5338376425302052,2,18,0.023222206978552373,-0.5570598495087575,0.0061211986,14
ridge_primary_alpha1,train,20220711,20,-0.025554760881884374,-0.5110952176376875,2,18,0.01719943031214144,-0.5282946479498289,0.0059774895,13
ridge_primary_alpha1,train,20220712,20,-0.01874670816805384,-0.37493416336107677,6,14,0.06731503461150212,-0.4422491979725789,0.0059060147,15
ridge_primary_alpha1,train,20220713,20,-0.007772955462480474,-0.15545910924960948,7,13,0.14789125388697566,-0.30335036313658514,0.0060642194,14
ridge_primary_alpha1,train,20220714,20,-0.018575618450091026,-0.3715123690018205,3,17,0.014748224515950259,-0.38626059351777076,0.0061282385,16
ridge_primary_alpha1,train,20220715,20,0.001309114758619756,0.02618229517239512,6,14,0.26582023091767537,-0.23963793574528025,0.0060116807,17
ridge_primary_alpha1,train,20220718,20,-0.016677413048882102,-0.333548260977642,5,15,0.06662364072438631,-0.4001719017020283,0.0062243463,16
ridge_primary_alpha1,train,20220719,20,-0.0057116396464719724,-0.11423279292943944,10,10,0.13698470854030909,-0.2512175014697485,0.0063365577,15
ridge_primary_alpha1,train,20220720,20,0.009276867260171962,0.18553734520343923,14,6,0.2876970019194376,-0.10215965671599836,0.006336367,14
ridge_primary_alpha1,train,20220721,20,0.009296215881811249,0.18592431763622497,14,6,0.31227710231182204,-0.12635278467559707,0.006325108,15
ridge_primary_alpha1,train,20220722,20,0.0058322854008252935,0.11664570801650587,14,6,0.21185457621730275,-0.09520886820079688,0.0063452153,14
ridge_primary_alpha1,train,20220725,20,0.025957162463208467,0.5191432492641693,15,5,0.6480398903670472,-0.1288966411028779,0.006240664,15
ridge_primary_alpha1,train,20220726,20,-0.015304959375328853,-0.30609918750657705,2,18,0.2888513945343454,-0.5949505820409224,0.006201276,15
ridge_primary_alpha1,train,20220727,20,-0.03676585526417555,-0.735317105283511,0,20,0.0,-0.735317105283511,0.0060375044,13
ridge_primary_alpha1,train,20220728,20,-0.04433172996058158,-0.8866345992116316,1,19,0.023457862728062606,-0.9100924619396942,0.006122717,15
ridge_primary_alpha1,train,20220729,20,-0.03399579853245877,-0.6799159706491754,1,19,0.04723707664884125,-0.7271530472980167,0.0061465935,14
ridge_primary_alpha1,train,20220801,20,-0.031207068295486806,-0.6241413659097361,1,19,0.02008733624454151,-0.6442287021542776,0.0061898506,14
ridge_primary_alpha1,train,20220802,20,-0.0002601503280116435,-0.00520300656023287,10,10,0.19267587762432714,-0.19787888418456,0.006030159,16
ridge_primary_alpha1,train,20220803,20,0.0033619878994366305,0.0672397579887326,12,8,0.18825843551658528,-0.12101867752785267,0.006107794,15
ridge_primary_alpha1,train,20220804,20,0.03533278042405895,0.706655608481179,17,3,0.764009606066274,-0.05735399758509496,0.006152825,14
ridge_primary_alpha1,train,20220805,20,0.03274035895273294,0.6548071790546588,16,4,0.6871512713914203,-0.0323440923367615,0.0061877603,13
ridge_primary_alpha1,train,20220808,20,0.031134072141439463,0.6226814428287892,19,1,0.6226814428287892,0.0,0.0062941946,13
ridge_primary_alpha1,train,20220809,20,0.03560430404445205,0.712086080889041,19,1,0.7130421038335917,-0.0009560229445506607,0.006356147,14
ridge_primary_alpha1,train,20220810,20,0.02530833371115778,0.5061666742231556,15,5,0.5103978510515446,-0.004231176828388916,0.0063266093,11
ridge_primary_alpha1,train,20220811,20,-0.003685960598866367,-0.07371921197732734,7,13,0.09784666467817726,-0.1715658766555046,0.0061639016,11
ridge_primary_alpha1,train,20220812,20,-0.01586654167716725,-0.317330833543345,2,18,0.012831645895086119,-0.33016247943843113,0.0061835116,11
ridge_primary_alpha1,train,20220815,20,-0.01127936174799254,-0.22558723495985078,5,15,0.1799030408392468,-0.4054902757990976,0.0060806144,11
ridge_primary_alpha1,train,20220816,20,-0.019854371386014518,-0.3970874277202904,2,18,0.05484800064452022,-0.4519354283648106,0.006110317,10
ridge_primary_alpha1,train,20220817,20,-0.020307731482616064,-0.4061546296523213,4,16,0.0951563215764093,-0.5013109512287306,0.006092335,11
ridge_primary_alpha1,train,20220818,20,-0.029292461461549436,-0.5858492292309887,3,17,0.06360101834498777,-0.6494502475759765,0.006176752,15
ridge_primary_alpha1,train,20220819,20,-0.01428453886419911,-0.2856907772839822,4,16,0.1821762835119478,-0.46786706079593,0.0061407397,12
ridge_primary_alpha1,train,20220822,20,-0.01914809307390483,-0.38296186147809663,3,17,0.09667703730890698,-0.4796388987870036,0.0062389355,13
ridge_primary_alpha1,train,20220823,20,-0.024853042247611895,-0.4970608449522379,1,19,0.005141388174807249,-0.5022022331270452,0.006173865,14
ridge_primary_alpha1,train,20220824,20,-0.017923499649901347,-0.35846999299802695,3,17,0.01982349489921864,-0.3782934878972456,0.0060961368,14
ridge_primary_alpha1,train,20220825,20,-0.017337884479972344,-0.34675768959944686,3,17,0.028042831540314284,-0.37480052113976114,0.006057747,14
ridge_primary_alpha1,train,20220826,20,-0.0012714212078594688,-0.025428424157189378,11,9,0.2020348092758344,-0.22746323343302377,0.006103005,12
ridge_primary_alpha1,train,20220829,20,-0.009347845866624026,-0.18695691733248054,6,14,0.06750837881028726,-0.2544652961427678,0.006103225,15
ridge_primary_alpha1,train,20220830,20,-0.0055610936861881285,-0.11122187372376258,9,11,0.11931373089193986,-0.23053560461570244,0.0060808253,11
ridge_primary_alpha1,train,20220831,20,-0.0021303542350482154,-0.042607084700964304,9,11,0.10776525749460775,-0.15037234219557205,0.006032297,13
ridge_primary_alpha1,train,20220901,20,0.005311881741976837,0.10623763483953674,14,6,0.18538662180454013,-0.07914898696500339,0.005987239,14
ridge_primary_alpha1,train,20220902,20,-0.011367772903845913,-0.22735545807691826,6,14,0.08650719769843707,-0.3138626557753553,0.0060661966,15
ridge_primary_alpha1,train,20220905,20,-0.009171879293403457,-0.18343758586806913,3,17,0.018406399772204374,-0.2018439856402735,0.0059514,14
ridge_primary_alpha1,train,20220906,20,-0.01545868775322809,-0.3091737550645618,2,18,0.013498146008625866,-0.32267190107318766,0.00603963,12
ridge_primary_alpha1,train,20220907,20,-0.026704257670181343,-0.5340851534036268,0,20,0.0,-0.5340851534036268,0.006232074,15
ridge_primary_alpha1,train,20220908,20,0.0012672733906412214,0.02534546781282443,11,9,0.18152493657546054,-0.1561794687626361,0.006180386,12
ridge_primary_alpha1,train,20220909,20,-0.016789730605567117,-0.3357946121113423,8,12,0.1313004760655545,-0.4670950881768968,0.0061113695,11
ridge_primary_alpha1,train,20220913,20,0.01199223874688174,0.23984477493763479,14,6,0.5260445599291013,-0.2861997849914665,0.006153454,15
ridge_primary_alpha1,train,20220914,20,0.09129524592724783,1.8259049185449565,18,2,1.9057083343072763,-0.07980341576231986,0.006017561,15
ridge_primary_alpha1,train,20220915,20,0.08845598890577841,1.7691197781155683,18,2,1.8494633488423284,-0.08034357072676002,0.0059187496,13
ridge_primary_alpha1,train,20220916,20,-0.007985394175744459,-0.15970788351488918,5,15,0.16963403245077813,-0.3293419159656673,0.005674829,12
ridge_primary_alpha1,train,20220919,20,-0.021251274857519365,-0.4250254971503873,5,15,0.20844304433882366,-0.633468541489211,0.0056486675,14
ridge_primary_alpha1,train,20220920,20,-0.018157474815130442,-0.36314949630260884,4,16,0.022249271022828587,-0.38539876732543743,0.005693921,16
ridge_primary_alpha1,train,20220921,20,-0.04410879013828057,-0.8821758027656114,1,19,0.00918403391027911,-0.8913598366758905,0.005693929,13
ridge_primary_alpha1,train,20220922,20,-0.028362541127398368,-0.5672508225479673,4,16,0.12604173923958784,-0.6932925617875552,0.0056855506,12
ridge_primary_alpha1,train,20220923,20,-0.02888850245143642,-0.5777700490287284,2,18,0.016522501293177783,-0.5942925503219062,0.0057123825,14
ridge_primary_alpha1,train,20220926,20,-0.03496021073543327,-0.6992042147086653,1,19,0.018232819074333717,-0.7174370337829991,0.005723074,16
ridge_primary_alpha1,train,20220927,20,-0.04877275408391039,-0.9754550816782077,3,17,0.08239514719049312,-1.0578502288687008,0.0058964947,13
ridge_primary_alpha1,train,20220928,20,-0.033969619825141434,-0.6793923965028287,5,15,0.039473494208533744,-0.7188658907113624,0.006014475,14
ridge_primary_alpha1,train,20220929,20,-0.012864348880256855,-0.2572869776051371,7,13,0.16354561966665737,-0.42083259727179445,0.006033185,15
ridge_primary_alpha1,train,20220930,20,0.010855510379599281,0.21711020759198563,11,9,0.4747936961922308,-0.25768348860024515,0.0059648696,14
ridge_primary_alpha1,train,20221010,20,0.06936229219298955,1.387245843859791,18,2,1.422193454388797,-0.03494761052900608,0.0059138276,12
ridge_primary_alpha1,train,20221011,20,0.0792880326560365,1.58576065312073,19,1,1.6024505001304659,-0.016689847009735748,0.0058940495,14
ridge_primary_alpha1,train,20221012,20,0.02357661760791106,0.4715323521582212,17,3,0.48794540056800284,-0.01641304840978164,0.006091658,16
ridge_primary_alpha1,train,20221013,20,0.012054447716309036,0.24108895432618072,14,6,0.3342996140361423,-0.09321065970996156,0.0060680276,15
ridge_primary_alpha1,train,20221014,20,-0.0010498985732765754,-0.020997971465531506,9,11,0.1040928067637239,-0.1250907782292554,0.006102614,15
ridge_primary_alpha1,train,20221017,20,-0.02152642851717637,-0.43052857034352743,1,19,0.004092769440654953,-0.4346213397841824,0.0061635994,13
ridge_primary_alpha1,train,20221018,20,-0.01783878519193304,-0.35677570383866075,2,18,0.08169401668565524,-0.438469720524316,0.006068457,14
ridge_primary_alpha1,train,20221019,20,-0.0021659940150972725,-0.043319880301945446,7,13,0.14890064565166128,-0.19222052595360672,0.0059359646,15
ridge_primary_alpha1,train,20221020,20,-0.010136807857047587,-0.20273615714095172,3,17,0.1535122529805879,-0.3562484101215396,0.00595409,15
ridge_primary_alpha1,train,20221021,20,-0.040299178526541336,-0.8059835705308267,1,19,0.0024630541871921707,-0.8084466247180189,0.0059996196,15
ridge_primary_alpha1,train,20221024,20,-0.014172160224746178,-0.28344320449492355,7,13,0.1586354421312548,-0.44207864662617835,0.005856461,16
ridge_primary_alpha1,train,20221025,20,-0.0020266401516502277,-0.04053280303300455,11,9,0.20839295692704174,-0.2489257599600463,0.005890316,17
ridge_primary_alpha1,train,20221026,20,0.000312420537552055,0.0062484107510411,11,9,0.36136540269820827,-0.35511699194716717,0.006012749,16
ridge_primary_alpha1,train,20221027,20,0.0001406421319442741,0.002812842638885482,11,9,0.32423335056324554,-0.32142050792436005,0.006032188,16
ridge_primary_alpha1,train,20221028,20,0.03526793687493267,0.7053587374986533,17,3,0.769494267442576,-0.06413552994392269,0.005836253,17
ridge_primary_alpha1,train,20221031,20,0.05624367035305146,1.1248734070610291,18,2,1.127831986942686,-0.002958579881656931,0.0059327553,15
ridge_primary_alpha1,train,20221101,20,0.0391649603871193,0.783299207742386,17,3,0.7904735527829865,-0.007174345040600438,0.006097027,14
ridge_primary_alpha1,train,20221102,20,0.035490192969839705,0.7098038593967941,16,4,0.7346311643603756,-0.02482730496358143,0.00608682,14
ridge_primary_alpha1,train,20221103,20,0.02012685677013152,0.40253713540263036,16,4,0.42779329507031627,-0.025256159667685907,0.0061541535,14
ridge_primary_alpha1,train,20221104,20,0.005020762366229154,0.10041524732458307,8,12,0.20329713246347625,-0.10288188513889318,0.0061692554,13
ridge_primary_alpha1,train,20221107,20,0.00014449523161885747,0.0028899046323771493,7,13,0.11401547215777796,-0.11112556752540081,0.0060213376,14
ridge_primary_alpha1,train,20221108,20,0.005948938031451167,0.11897876062902335,12,8,0.1925264338259327,-0.07354767319690936,0.005977006,14
ridge_primary_alpha1,train,20221109,20,0.01622194952637181,0.3244389905274362,15,5,0.3425128184158428,-0.018073827888406613,0.0059989127,14
ridge_primary_alpha1,train,20221110,20,0.011716186283245045,0.2343237256649009,9,11,0.3478151585363367,-0.11349143287143582,0.005915362,11
ridge_primary_alpha1,train,20221111,20,0.01228531963293179,0.2457063926586358,7,13,0.39239592875551255,-0.14668953609687674,0.005854074,12
ridge_primary_alpha1,train,20221114,20,0.022832304234338463,0.45664608468676926,18,2,0.4655348116680631,-0.008888726981293837,0.005925257,13
ridge_primary_alpha1,train,20221115,20,-0.005581912755841656,-0.11163825511683312,7,13,0.05858270134518939,-0.1702209564620225,0.0059948443,13
ridge_primary_alpha1,train,20221116,20,-0.004906686429409923,-0.09813372858819847,4,16,0.04134443681119726,-0.13947816539939573,0.00595808,11
ridge_primary_alpha1,train,20221117,20,-0.005953482104242752,-0.11906964208485504,4,16,0.03972676937501163,-0.15879641145986667,0.0059991586,13
ridge_primary_alpha1,train,20221118,20,-0.019219215504838016,-0.38438431009676033,1,19,0.007692307692307665,-0.392076617789068,0.0059741475,12
ridge_primary_alpha1,train,20221121,20,-0.018478357030480314,-0.36956714060960627,1,19,0.0011376564277592038,-0.3707047970373655,0.0057732547,11
ridge_primary_alpha1,train,20221122,20,0.0063936227342399395,0.1278724546847988,12,8,0.2964554397689465,-0.1685829850841477,0.0056995573,12
ridge_primary_alpha1,train,20221123,20,-0.011950993448051183,-0.23901986896102367,7,13,0.10375161807228928,-0.34277148703331295,0.0056559397,13
ridge_primary_alpha1,train,20221124,20,0.0017547146544779457,0.035094293089558914,8,12,0.2056374247477435,-0.17054313165818458,0.0057522813,13
ridge_primary_alpha1,train,20221125,20,0.017437160341003777,0.34874320682007554,13,7,0.40674452586325005,-0.058001319043174515,0.0057497798,12
ridge_primary_alpha1,train,20221128,20,0.01815864913978455,0.363172982795691,16,4,0.3941258208693079,-0.03095283807361693,0.005785139,11
ridge_primary_alpha1,train,20221129,20,0.012060159690242146,0.2412031938048429,13,7,0.3368693316407245,-0.09566613783588163,0.005901401,11
ridge_primary_alpha1,train,20221130,20,-0.0038169032498735324,-0.07633806499747064,8,12,0.07150932956677747,-0.1478473945642481,0.005929636,10
ridge_primary_alpha1,train,20221201,20,-0.0011454018769138986,-0.02290803753827797,10,10,0.1077225351270854,-0.13063057266536338,0.0059988583,9
ridge_primary_alpha1,train,20221202,20,-0.012904880512372046,-0.25809761024744093,5,15,0.020461044532120942,-0.2785586547795619,0.0061176866,10
ridge_primary_alpha1,train,20221205,20,-0.012808436498293791,-0.2561687299658758,3,17,0.04752379122462713,-0.30369252119050294,0.00613135,13
ridge_primary_alpha1,train,20221206,20,-0.012168056731821414,-0.24336113463642828,2,18,0.008455318718433968,-0.25181645335486225,0.00602731,12
ridge_primary_alpha1,train,20221207,20,-0.014168935607851324,-0.2833787121570265,1,19,0.0060240963855420215,-0.2894028085425685,0.006020738,11
ridge_primary_alpha1,train,20221208,20,-0.008444694710310573,-0.16889389420621148,5,15,0.053855287721604306,-0.2227491819278158,0.0059235645,13
ridge_primary_alpha1,train,20221209,20,-0.02045245755584929,-0.4090491511169858,3,17,0.03341751040376573,-0.44246666152075154,0.005914896,13
ridge_primary_alpha1,train,20221212,20,-0.032225183785094716,-0.6445036757018943,1,19,0.016181229773462924,-0.6606849054753572,0.005919873,17
ridge_primary_alpha1,train,20221213,20,-0.024044366387458084,-0.48088732774916165,2,18,0.020009620009620477,-0.5008969477587821,0.005918978,15
ridge_primary_alpha1,train,20221214,20,-0.03088958123011995,-0.617791624602399,2,18,0.019728949842751975,-0.637520574445151,0.005901432,12
ridge_primary_alpha1,train,20221215,20,-0.03671919773414626,-0.7343839546829252,0,20,0.0,-0.7343839546829252,0.006004357,15
ridge_primary_alpha1,train,20221216,20,-0.035417251114063394,-0.7083450222812679,1,19,0.0027816411682892728,-0.7111266634495572,0.005982585,15
ridge_primary_alpha1,train,20221219,20,-0.02042322629308586,-0.4084645258617172,6,14,0.06141487588391059,-0.4698794017456278,0.0058539687,12
ridge_primary_alpha1,train,20221220,20,-0.017616487680727527,-0.35232975361455054,5,15,0.025050955202576164,-0.3773807088171267,0.005907879,14
ridge_primary_alpha1,train,20221221,20,-0.030237836564041352,-0.6047567312808271,2,18,0.022669374457305658,-0.6274261057381327,0.005919589,12
ridge_primary_alpha1,train,20221222,20,-0.008557861044386545,-0.1711572208877309,9,11,0.14427461426893617,-0.31543183515666706,0.0059139333,12
ridge_primary_alpha1,train,20221223,20,0.009731293663290197,0.19462587326580394,13,7,0.26186819323508725,-0.06724231996928332,0.005987092,13
ridge_primary_alpha1,train,20221226,20,-0.006174570563007337,-0.12349141126014673,7,13,0.08538049668773318,-0.2088719079478799,0.0062577883,11
ridge_primary_alpha1,train,20221227,20,-0.0023956098050682217,-0.047912196101364435,10,10,0.14056710067532108,-0.1884792967766855,0.00628166,10
ridge_primary_alpha1,train,20221228,20,0.012222199492673707,0.24444398985347415,14,6,0.3171225667433155,-0.07267857688984136,0.006204682,11
ridge_primary_alpha1,train,20221229,20,0.008218998073993655,0.1643799614798731,11,9,0.2480563302597738,-0.0836763687799007,0.0062105763,12
ridge_primary_alpha1,train,20221230,20,0.02006801647405419,0.4013603294810838,16,4,0.42612155689033226,-0.024761227409248465,0.0062134564,12
ridge_primary_alpha1,validation,20230103,20,0.00732835694621059,0.1465671389242118,12,8,0.22512081558524355,-0.07855367666103175,0.0062869117,14
ridge_primary_alpha1,validation,20230104,20,-0.0006635857320558269,-0.013271714641116539,10,10,0.0888505398844579,-0.10212225452557444,0.0062539587,13
ridge_primary_alpha1,validation,20230105,20,-0.006257362696778429,-0.12514725393556858,5,15,0.07368031668541919,-0.19882757062098777,0.006333001,13
ridge_primary_alpha1,validation,20230106,20,-0.0005555688643806955,-0.01111137728761391,11,9,0.0925835872551708,-0.1036949645427847,0.006310706,12
ridge_primary_alpha1,validation,20230109,20,0.0028004882169386015,0.05600976433877203,12,8,0.1435588390894904,-0.08754907475071838,0.00630038,12
ridge_primary_alpha1,validation,20230110,20,0.009133050948995563,0.18266101897991127,11,9,0.2278312974064305,-0.04517027842651922,0.006158746,13
ridge_primary_alpha1,validation,20230111,20,0.020396401864915214,0.4079280372983043,16,4,0.42139216614164243,-0.013464128843338141,0.0060432917,14
ridge_primary_alpha1,validation,20230112,20,0.027627095892246923,0.5525419178449384,16,4,0.57511848181329,-0.022576563968351504,0.00605725,10
ridge_primary_alpha1,validation,20230113,20,0.029063109511645528,0.5812621902329106,17,3,0.6005831407755806,-0.019320950542670023,0.006114149,12
ridge_primary_alpha1,validation,20230116,20,0.027776550153005765,0.5555310030601153,20,0,0.5555310030601153,0.0,0.006161906,11
ridge_primary_alpha1,validation,20230117,20,0.09714265736044272,1.9428531472088544,20,0,1.9428531472088544,0.0,0.0061424905,11
ridge_primary_alpha1,validation,20230118,20,0.09214782690681114,1.8429565381362227,20,0,1.8429565381362227,0.0,0.006219332,11
ridge_primary_alpha1,validation,20230119,20,0.06538847022103007,1.3077694044206014,20,0,1.3077694044206014,0.0,0.0062479055,12
ridge_primary_alpha1,validation,20230120,20,0.04880285423438824,0.9760570846877648,20,0,0.9760570846877648,0.0,0.006217037,12
ridge_primary_alpha1,validation,20230130,20,0.032024519102475044,0.6404903820495009,20,0,0.6404903820495009,0.0,0.0062580607,13
ridge_primary_alpha1,validation,20230131,20,0.03212379691586263,0.6424759383172527,10,10,0.7439966362954831,-0.10152069797823038,0.005583696,11
ridge_primary_alpha1,validation,20230201,20,-0.006777010231360725,-0.1355402046272145,4,16,0.05815772986129941,-0.1936979344885139,0.005754574,16
ridge_primary_alpha1,validation,20230202,20,-0.0019188533175158173,-0.03837706635031635,6,14,0.07794810756863124,-0.11632517391894759,0.005905326,16
ridge_primary_alpha1,validation,20230203,20,8.091863147060562e-05,0.0016183726294121126,10,10,0.09942713531274605,-0.09780876268333394,0.0058611794,15
ridge_primary_alpha1,validation,20230206,20,0.011319595279120848,0.22639190558241695,11,9,0.2772268786963539,-0.05083497311393692,0.005840848,15
ridge_primary_alpha1,validation,20230207,20,0.003659934597433101,0.07319869194866202,11,9,0.15052995430299698,-0.07733126235433496,0.0062460033,15
ridge_primary_alpha1,validation,20230208,20,0.009739723870504025,0.1947944774100805,16,4,0.20902675848741947,-0.014232281077338982,0.0062135807,16
ridge_primary_alpha1,validation,20230209,20,-0.007603765312157501,-0.15207530624315002,7,13,0.039115874379579196,-0.19119118062272922,0.006159457,15
ridge_primary_alpha1,validation,20230210,20,-0.012800716055444089,-0.2560143211088818,4,16,0.02801670603825146,-0.28403102714713324,0.006194728,14
ridge_primary_alpha1,validation,20230213,20,-0.00791968483389498,-0.1583936966778996,6,14,0.02893150645595255,-0.18732520313385215,0.006202534,11
ridge_primary_alpha1,validation,20230214,20,-0.007768524769942891,-0.15537049539885783,5,15,0.0339851965849407,-0.18935569198379854,0.00615869,11
ridge_primary_alpha1,validation,20230215,20,-0.00239678018147057,-0.047935603629411405,6,14,0.10153462335696206,-0.14947022698637347,0.0061595207,12
ridge_primary_alpha1,validation,20230216,20,-0.002317651522704539,-0.04635303045409078,7,13,0.08463419998848809,-0.13098723044257887,0.00588898,14
ridge_primary_alpha1,validation,20230217,20,-0.0012120169438858352,-0.024240338877716705,7,13,0.16655079044265486,-0.19079112932037157,0.0057988386,14
ridge_primary_alpha1,validation,20230220,20,-0.019937513290919206,-0.39875026581838413,3,17,0.028892028901848166,-0.4276422947202323,0.0059511075,14
ridge_primary_alpha1,validation,20230221,20,-0.020146002608920167,-0.4029200521784033,4,16,0.027845843812623006,-0.4307658959910263,0.0060331547,14
ridge_primary_alpha1,validation,20230222,20,-0.012416571746880873,-0.24833143493761745,3,17,0.022021991088780002,-0.27035342602639745,0.0060465485,14
ridge_primary_alpha1,validation,20230223,20,-0.009542568199507311,-0.19085136399014624,5,15,0.031140193543566452,-0.2219915575337127,0.0061912495,15
ridge_primary_alpha1,validation,20230224,20,0.0017102833733875999,0.034205667467752,8,12,0.14204182391772702,-0.10783615644997502,0.0062352186,13
ridge_primary_alpha1,validation,20230227,20,-0.005359493013917571,-0.10718986027835142,4,16,0.02398170934700672,-0.13117156962535814,0.0061860206,14
ridge_primary_alpha1,validation,20230228,20,-0.01176567580115584,-0.2353135160231168,3,17,0.030285138948781265,-0.26559865497189805,0.006325581,13
ridge_primary_alpha1,validation,20230301,20,-0.015702554905355083,-0.31405109810710163,4,16,0.0232731945185638,-0.33732429262566543,0.006322437,12
ridge_primary_alpha1,validation,20230302,20,-0.018391074516412177,-0.3678214903282435,3,17,0.014464275953893324,-0.38228576628213684,0.0062404135,13
ridge_primary_alpha1,validation,20230303,20,-0.018787725023632053,-0.37575450047264103,1,19,0.025147928994082802,-0.40090242946672383,0.0062269224,13
ridge_primary_alpha1,validation,20230306,20,-0.02242848557997617,-0.4485697115995234,1,19,0.013341419041843716,-0.46191113064136713,0.006231666,14
ridge_primary_alpha1,validation,20230307,20,-0.023786902957218924,-0.4757380591443785,2,18,0.05186718921126965,-0.5276052483556481,0.0060105114,16
ridge_primary_alpha1,validation,20230308,20,-0.02398783625593076,-0.4797567251186152,0,20,0.0,-0.4797567251186152,0.0060708276,14
ridge_primary_alpha1,validation,20230309,20,-0.02661593696277904,-0.5323187392555808,1,19,0.01101591187270512,-0.5433346511282859,0.006110927,13
ridge_primary_alpha1,validation,20230310,20,-0.026173355643025857,-0.5234671128605172,2,18,0.033242555873151725,-0.5567096687336689,0.005976443,13
ridge_primary_alpha1,validation,20230313,20,-0.027987430520226474,-0.5597486104045295,2,18,0.004407603243872904,-0.5641562136484024,0.0060706194,14
ridge_primary_alpha1,validation,20230314,20,-0.0059279989270416555,-0.11855997854083311,7,13,0.12631744333688344,-0.24487742187771655,0.0060856994,15
ridge_primary_alpha1,validation,20230315,20,-0.0017037051121480185,-0.03407410224296037,10,10,0.17211804017817922,-0.2061921424211396,0.0061300267,13
ridge_primary_alpha1,validation,20230316,20,-0.006730711165236852,-0.13461422330473705,10,10,0.13538168847642496,-0.269995911781162,0.0060447296,13
ridge_primary_alpha1,validation,20230317,20,0.012014137935059909,0.2402827587011982,13,7,0.34419471886621,-0.10391196016501181,0.006151646,13
ridge_primary_alpha1,validation,20230320,20,0.017210807811465785,0.3442161562293157,13,7,0.4067004310617468,-0.06248427483243113,0.0061115725,13
ridge_primary_alpha1,validation,20230321,20,0.0039174036754925316,0.07834807350985062,11,9,0.1615265732440323,-0.08317849973418168,0.0062313722,15
ridge_primary_alpha1,validation,20230322,20,-0.0031448760900336047,-0.0628975218006721,5,15,0.10726115104612499,-0.1701586728467971,0.0061689494,15
ridge_primary_alpha1,validation,20230323,20,-0.011015157828467514,-0.2203031565693503,5,15,0.05214336753643711,-0.2724465241057874,0.006158617,16
ridge_primary_alpha1,validation,20230324,20,-0.015103226756735455,-0.3020645351347091,4,16,0.02399578048826667,-0.32606031562297577,0.006060441,16
ridge_primary_alpha1,validation,20230327,20,-0.015028593553448094,-0.3005718710689619,4,16,0.01540242556362692,-0.3159742966325888,0.0060580745,17
ridge_primary_alpha1,validation,20230328,20,-0.017929531699234048,-0.35859063398468094,2,18,0.014492753623188692,-0.37308338760786963,0.005942273,17
ridge_primary_alpha1,validation,20230329,20,-0.01841908358010213,-0.3683816716020426,4,16,0.04113597832394622,-0.4095176499259888,0.005908031,17
ridge_primary_alpha1,validation,20230330,20,-0.00045302828833198585,-0.009060565766639717,8,12,0.1504907347344917,-0.15955130050113142,0.0058756005,15
ridge_primary_alpha1,validation,20230331,20,-0.009421086088865539,-0.18842172177731076,5,15,0.11144168849025338,-0.29986341026756413,0.0060698884,17
ridge_primary_alpha1,validation,20230403,20,-0.003722629560595192,-0.07445259121190384,10,10,0.10101303221655744,-0.17546562342846128,0.006147096,16
ridge_primary_alpha1,validation,20230404,20,0.0038990258012393253,0.0779805160247865,11,9,0.21255595118272752,-0.13457543515794101,0.006060148,18
ridge_primary_alpha1,validation,20230406,20,-0.004358668850733582,-0.08717337701467165,6,14,0.14593071255361978,-0.23310408956829143,0.006082924,16
ridge_primary_alpha1,validation,20230407,20,-0.0039111377228921666,-0.07822275445784332,7,13,0.12285685704949878,-0.2010796115073421,0.006151145,16
ridge_primary_alpha1,validation,20230410,20,-0.002354028945666259,-0.04708057891332518,8,12,0.1388802467672141,-0.1859608256805393,0.00598737,16
ridge_primary_alpha1,validation,20230411,20,0.0016411331831641784,0.03282266366328357,7,13,0.22405862595292403,-0.19123596228964046,0.005936331,18
ridge_primary_alpha1,validation,20230412,20,-0.0009155786507472729,-0.01831157301494546,9,11,0.13272957558187426,-0.15104114859681972,0.006022251,16
ridge_primary_alpha1,validation,20230413,20,-0.02140005945079692,-0.4280011890159384,1,19,0.0026595744680852906,-0.4306607634840237,0.005950638,15
ridge_primary_alpha1,validation,20230414,20,-0.03431960678006386,-0.6863921356012773,1,19,0.018011527377521652,-0.704403662978799,0.005978446,15
ridge_primary_alpha1,validation,20230417,20,-0.033403731709953075,-0.6680746341990614,1,19,0.052032520325203224,-0.7201071545242647,0.0060857437,14
ridge_primary_alpha1,validation,20230418,20,-0.030156751911450418,-0.6031350382290084,3,17,0.20187035679581466,-0.805005395024823,0.0060266783,16
ridge_primary_alpha1,validation,20230419,20,-0.009120627750732946,-0.18241255501465892,4,16,0.3353467585939609,-0.5177593136086198,0.0059689656,14
ridge_primary_alpha1,validation,20230420,20,0.00020902672821145884,0.004180534564229177,7,13,0.36243958836277046,-0.3582590537985413,0.005937884,13
ridge_primary_alpha1,validation,20230421,20,0.023092272799110008,0.46184545598220017,14,6,0.7221998968041003,-0.2603544408219002,0.0058428617,13
ridge_primary_alpha1,validation,20230424,20,0.008521266894003154,0.1704253378800631,13,7,0.52776292780053,-0.35733758992046694,0.005872264,16
ridge_primary_alpha1,validation,20230425,20,0.05021113666135206,1.0042227332270413,18,2,1.16503139265813,-0.16080865943108857,0.0057708365,15
ridge_primary_alpha1,validation,20230426,20,0.08152667039657199,1.63053340793144,19,1,1.6507808769978065,-0.020247469066366652,0.0059343646,16
ridge_primary_alpha1,validation,20230427,20,0.04029956794719326,0.8059913589438652,17,3,0.8284072991680245,-0.02241594022415927,0.006017597,16
ridge_primary_alpha1,validation,20230428,20,0.03302669107354564,0.6605338214709128,17,3,0.7064043177068262,-0.04587049623591344,0.006126021,14
ridge_primary_alpha1,validation,20230504,20,0.04066570031278361,0.8133140062556722,19,1,0.8308140062556721,-0.01749999999999996,0.006180978,12
ridge_primary_alpha1,validation,20230505,20,0.009297384580136837,0.18594769160273672,13,7,0.31220444045279083,-0.1262567488500541,0.0060138665,14
ridge_primary_alpha1,validation,20230508,20,-0.0035880752357610457,-0.07176150471522091,9,11,0.10105592992971557,-0.17281743464493649,0.005882977,14
ridge_primary_alpha1,validation,20230509,20,0.005329945759809368,0.10659891519618736,12,8,0.20918167057977244,-0.10258275538358508,0.0058400393,13
ridge_primary_alpha1,validation,20230510,20,0.021830797657113717,0.4366159531422743,14,6,0.4851448178373541,-0.048528864695079776,0.005742983,13
ridge_primary_alpha1,validation,20230511,20,0.008096022518598322,0.16192045037196645,11,9,0.3047861817804616,-0.14286573140849512,0.0056201285,15
ridge_primary_alpha1,validation,20230512,20,0.02207102625140391,0.44142052502807816,14,6,0.5355349730821817,-0.09411444805410352,0.0057022762,14
ridge_primary_alpha1,validation,20230515,20,0.014910055902181935,0.2982011180436387,10,10,0.4012146825277625,-0.1030135644841238,0.0059776665,14
ridge_primary_alpha1,validation,20230516,20,0.015467194837193143,0.30934389674386287,16,4,0.33700083400035563,-0.027656937256492764,0.0059230514,15
ridge_primary_alpha1,validation,20230517,20,0.05352284016878397,1.0704568033756794,14,6,1.1121377817676068,-0.041680978391927415,0.005967909,14
ridge_primary_alpha1,validation,20230518,20,0.014113214658657369,0.2822642931731474,11,9,0.39693299874480625,-0.11466870557165887,0.0060067074,15
ridge_primary_alpha1,validation,20230519,20,0.002417782448221467,0.04835564896442934,7,13,0.23674388978984373,-0.1883882408254144,0.0060053556,11
ridge_primary_alpha1,validation,20230522,20,-0.00531782638432588,-0.1063565276865176,6,14,0.12994439226192744,-0.23630091994844504,0.005977284,12
ridge_primary_alpha1,validation,20230523,20,-0.01082073710463099,-0.2164147420926198,4,16,0.06914080538159673,-0.2855555474742165,0.005849645,12
ridge_primary_alpha1,validation,20230524,20,-0.015276156221090242,-0.30552312442180485,3,17,0.03552103294549336,-0.3410441573672982,0.0058071082,11
ridge_primary_alpha1,validation,20230525,20,-0.01571152311071915,-0.314230462214383,5,15,0.032365607547047315,-0.3465960697614303,0.0058258474,12
ridge_primary_alpha1,validation,20230526,20,-0.011984801554392266,-0.23969603108784532,2,18,0.024905729789386655,-0.264601760877232,0.005849838,12
ridge_primary_alpha1,validation,20230529,20,-0.008486916261417527,-0.16973832522835053,9,11,0.12989524940928288,-0.2996335746376334,0.005824008,15
ridge_primary_alpha1,validation,20230530,20,-0.00891027467518768,-0.1782054935037536,4,16,0.05213226999158649,-0.23033776349534008,0.0059561264,13
ridge_primary_alpha1,validation,20230531,20,-0.012012213553754031,-0.24024427107508062,4,16,0.07007676102346094,-0.31032103209854156,0.005935976,13
ridge_primary_alpha1,validation,20230601,20,-0.020312267257309224,-0.4062453451461845,4,16,0.07326433393263976,-0.47950967907882425,0.00598986,15
ridge_primary_alpha1,validation,20230602,20,-0.02943309638685111,-0.5886619277370222,4,16,0.029042058138846416,-0.6177039858758686,0.006053827,16
ridge_primary_alpha1,validation,20230605,20,-0.03702904558546331,-0.7405809117092663,2,18,0.022175030150490382,-0.7627559418597567,0.0061012316,15
ridge_primary_alpha1,validation,20230606,20,-0.037610148927382035,-0.7522029785476407,5,15,0.05066735173225001,-0.8028703302798907,0.0058961366,17
ridge_primary_alpha1,validation,20230607,20,-0.02269933428899202,-0.45398668577984036,7,13,0.06579271977634127,-0.5197794055561816,0.00592097,15
ridge_primary_alpha1,validation,20230608,20,-0.018307643513028632,-0.36615287026057264,6,14,0.1046019288073805,-0.47075479906795314,0.005944419,14
ridge_primary_alpha1,validation,20230609,20,0.002059967469741636,0.04119934939483272,11,9,0.18857145109803475,-0.14737210170320203,0.0059980974,13
ridge_primary_alpha1,validation,20230612,20,-0.00014528562398906651,-0.0029057124797813305,8,12,0.1484031984577967,-0.15130891093757803,0.0061614476,15
ridge_primary_alpha1,validation,20230613,20,-0.004628544394980644,-0.09257088789961287,6,14,0.12199788785221544,-0.2145687757518283,0.006207847,16
ridge_primary_alpha1,validation,20230614,20,0.009197133595370787,0.18394267190741576,11,9,0.36723820350443814,-0.1832955315970224,0.006200463,17
ridge_primary_alpha1,validation,20230615,20,-0.01944468543233615,-0.388893708646723,4,16,0.1209988447764907,-0.5098925534232137,0.0062409486,16
ridge_primary_alpha1,validation,20230616,20,-0.00829784760614754,-0.1659569521229508,6,14,0.11737041632653278,-0.2833273684494836,0.0061916756,14
ridge_primary_alpha1,validation,20230619,20,0.015791232455820342,0.31582464911640684,10,10,0.505565117800234,-0.1897404686838272,0.006069082,16
ridge_primary_alpha1,validation,20230620,20,0.015901572174343202,0.3180314434868641,13,7,0.4417601510422611,-0.123728707555397,0.0060302494,13
ridge_primary_alpha1,validation,20230621,20,0.038530236924296676,0.7706047384859336,17,3,0.858748509696879,-0.08814377121094541,0.0059375414,12
ridge_primary_alpha1,validation,20230626,20,0.05421723156468441,1.0843446312936882,18,2,1.0926433864804102,-0.008298755186721962,0.0058672563,15
ridge_primary_alpha1,validation,20230627,20,0.016799806280408957,0.33599612560817915,14,6,0.479844921635701,-0.14384879602752187,0.0059954915,16
ridge_primary_alpha1,validation,20230628,20,0.03280229460221859,0.6560458920443718,17,3,0.6736769895948278,-0.017631097550456,0.005998754,17
ridge_primary_alpha1,validation,20230629,20,0.010535723694873012,0.21071447389746023,15,5,0.312461897420679,-0.10174742352321875,0.005971761,15
ridge_primary_alpha1,validation,20230630,20,0.01037128083648466,0.20742561672969317,11,9,0.27126076457784065,-0.06383514784814748,0.0061265174,15
ridge_primary_alpha1,validation,20230703,20,0.00593334459545517,0.1186668919091034,14,6,0.19978568207359504,-0.08111879016449164,0.0062115453,14
ridge_primary_alpha1,validation,20230704,20,0.004252671565827482,0.08505343131654963,13,7,0.14090945920371145,-0.05585602788716182,0.006100858,13
ridge_primary_alpha1,validation,20230705,20,-0.010277435919978956,-0.2055487183995791,3,17,0.02107887460434843,-0.22662759300392754,0.006028474,14
ridge_primary_alpha1,validation,20230706,20,-0.0011087131327732868,-0.022174262655465737,11,9,0.08565460513873435,-0.10782886779420009,0.006009733,14
ridge_primary_alpha1,validation,20230707,20,-0.0025200657321513553,-0.050401314643027106,9,11,0.11630409693360777,-0.16670541157663488,0.0058667874,13
ridge_primary_alpha1,validation,20230710,20,0.008437815211211641,0.16875630422423282,12,8,0.22684882519160143,-0.05809252096736861,0.0058694994,11
ridge_primary_alpha1,validation,20230711,20,0.0035251697055011686,0.07050339411002338,10,10,0.17965201102140038,-0.109148616911377,0.005979077,13
ridge_primary_alpha1,validation,20230712,20,0.003047360071012484,0.060947201420249675,12,8,0.16013467880611776,-0.09918747738586808,0.005961835,12
ridge_primary_alpha1,validation,20230713,20,-0.00914721636011891,-0.1829443272023782,5,15,0.04279028398053164,-0.22573461118290983,0.006003793,12
ridge_primary_alpha1,validation,20230714,20,-0.00640702065904718,-0.1281404131809436,5,15,0.044893601887541656,-0.17303401506848526,0.0060104304,13
ridge_primary_alpha1,validation,20230717,20,-0.009640939066229292,-0.19281878132458585,7,13,0.05018264504556047,-0.24300142637014632,0.005998286,12
ridge_primary_alpha1,validation,20230718,20,-0.001418998685323075,-0.028379973706461503,8,12,0.1392349867367706,-0.1676149604432321,0.0059062345,14
ridge_primary_alpha1,validation,20230719,20,0.0038178803322991674,0.07635760664598334,10,10,0.18350228907276445,-0.1071446824267811,0.005947913,14
ridge_primary_alpha1,validation,20230720,20,0.001910615321704351,0.03821230643408702,11,9,0.15253602150456747,-0.11432371507048045,0.005822351,12
ridge_primary_alpha1,validation,20230721,20,0.005796568257504414,0.11593136515008828,14,6,0.21983212079874925,-0.10390075564866097,0.0059120995,15
ridge_primary_alpha1,validation,20230724,20,0.012095698725542286,0.24191397451084573,14,6,0.29205182780117744,-0.05013785329033171,0.005978723,13
ridge_primary_alpha1,validation,20230725,20,0.01584304466187118,0.3168608932374236,15,5,0.3723999887486684,-0.05553909551124481,0.0060817664,14
ridge_primary_alpha1,validation,20230726,20,0.00468311474059332,0.09366229481186639,10,10,0.16804243197731372,-0.07438013716544734,0.0059998087,14
ridge_primary_alpha1,validation,20230727,20,0.012032239947408752,0.24064479894817503,14,6,0.27593571333448796,-0.03529091438631293,0.0059563364,16
ridge_primary_alpha1,validation,20230728,20,0.004467678478046672,0.08935356956093343,8,12,0.18349691912589106,-0.09414334956495762,0.0059634466,15
ridge_primary_alpha1,validation,20230731,20,-0.0003643864675033637,-0.0072877293500672735,4,16,0.13346669373195774,-0.14075442308202502,0.005998443,15
ridge_primary_alpha1,validation,20230801,20,-0.006289230813240931,-0.12578461626481863,5,15,0.1203030276290542,-0.24608764389387283,0.0059326473,15
ridge_primary_alpha1,validation,20230802,20,-0.00964072045377889,-0.1928144090755778,7,13,0.11618824862469501,-0.3090026577002728,0.00603142,14
ridge_primary_alpha1,validation,20230803,20,-0.00951237473435661,-0.1902474946871322,5,15,0.05030843972172838,-0.24055593440886058,0.006041536,16
ridge_primary_alpha1,validation,20230804,20,-0.014150561871228184,-0.2830112374245637,2,18,0.015686679427813432,-0.2986979168523771,0.0060333395,14
ridge_primary_alpha1,validation,20230807,20,-0.015545355421896428,-0.31090710843792857,4,16,0.0223171999045102,-0.33322430834243877,0.005938743,16
ridge_primary_alpha1,validation,20230808,20,-0.008557907501652851,-0.171158150033057,4,16,0.05471463002027832,-0.22587278005333533,0.006002873,14
ridge_primary_alpha1,validation,20230809,20,-0.012885617235238673,-0.25771234470477344,4,16,0.05438343280496416,-0.3120957775097376,0.005926496,13
ridge_primary_alpha1,validation,20230810,20,-0.019758333824923636,-0.3951666764984727,5,15,0.03304290381942754,-0.42820958031790024,0.005972727,12
ridge_primary_alpha1,validation,20230811,20,-0.011399809921986493,-0.22799619843972985,3,17,0.08927616963853069,-0.31727236807826054,0.0058209687,13
ridge_primary_alpha1,validation,20230814,20,-0.026772554644680552,-0.535451092893611,1,19,0.013615733736762392,-0.5490668266303734,0.005910919,15
ridge_primary_alpha1,validation,20230815,20,-0.025868955398144766,-0.5173791079628953,3,17,0.08926085053387944,-0.6066399584967748,0.005897316,17
ridge_primary_alpha1,validation,20230816,20,-0.03528186003008131,-0.7056372006016263,3,17,0.06397776577663072,-0.769614966378257,0.005886648,14
ridge_primary_alpha1,validation,20230817,20,-0.03440536184852603,-0.6881072369705206,4,16,0.10645198908880982,-0.7945592260593304,0.006041565,15
ridge_primary_alpha1,validation,20230818,20,-0.04420844262585717,-0.8841688525171435,3,17,0.05264919917290389,-0.9368180516900474,0.006087419,12
ridge_primary_alpha1,validation,20230821,20,-0.042714548858909886,-0.8542909771781977,1,19,0.0231741573033708,-0.8774651344815685,0.0060476176,13
ridge_primary_alpha1,validation,20230822,20,-0.02482843496695289,-0.4965686993390578,6,14,0.16171333618527117,-0.658282035524329,0.0061447364,14
ridge_primary_alpha1,validation,20230823,20,-0.01948540384254239,-0.38970807685084774,7,13,0.27196675837977,-0.6616748352306178,0.0061175986,12
ridge_primary_alpha1,validation,20230824,20,-0.008767158626722876,-0.17534317253445753,10,10,0.3706341726042388,-0.5459773451386963,0.006155708,10
ridge_primary_alpha1,validation,20230825,20,-0.008131300104621176,-0.1626260020924235,9,11,0.37787124911701997,-0.5404972512094435,0.006192305,10
ridge_primary_alpha1,validation,20230828,20,0.13017553451677505,2.6035106903355008,20,0,2.6035106903355,0.0,0.006196205,11
ridge_primary_alpha1,validation,20230829,20,0.06831645364720146,1.3663290729440292,20,0,1.3663290729440292,0.0,0.006235103,12
ridge_primary_alpha1,validation,20230830,20,0.049569276467832595,0.9913855293566519,18,2,1.0130237704519067,-0.021638241095254807,0.006280724,9
ridge_primary_alpha1,validation,20230831,20,0.035759066039236446,0.715181320784729,17,3,0.7666136311182945,-0.051432310333565545,0.006264551,11
ridge_primary_alpha1,validation,20230901,20,-0.007269008868462689,-0.1453801773692538,4,16,0.30338394637828614,-0.44876412374753993,0.006103323,12
ridge_primary_alpha1,validation,20230904,20,-0.024501154579218067,-0.4900230915843613,3,17,0.06819721208127039,-0.5582203036656317,0.0056758556,12
ridge_primary_alpha1,validation,20230905,20,-0.010316246572097714,-0.2063249314419543,7,13,0.040211463124423474,-0.24653639456637777,0.0056507215,14
ridge_primary_alpha1,validation,20230906,20,-0.020159601291682695,-0.4031920258336539,2,18,0.029141310531487497,-0.4323333363651414,0.0057391264,12
ridge_primary_alpha1,validation,20230907,20,-0.013053215415231962,-0.2610643083046392,5,15,0.05494744434772758,-0.3160117526523668,0.0057023973,14
ridge_primary_alpha1,validation,20230908,20,-0.011442565166492058,-0.22885130332984116,3,17,0.032008091763477076,-0.26085939509331824,0.0058840886,13
ridge_primary_alpha1,validation,20230911,20,-0.014347903697533054,-0.2869580739506611,2,18,0.01805442238804411,-0.3050124963387052,0.006240827,12
ridge_primary_alpha1,validation,20230912,20,-0.01721089185087348,-0.34421783701746955,1,19,0.0015748031496063408,-0.3457926401670759,0.0061431224,12
ridge_primary_alpha1,validation,20230913,20,-0.014849285458668699,-0.29698570917337397,4,16,0.03272126502944328,-0.32970697420281725,0.005995499,10
ridge_primary_alpha1,validation,20230914,20,-0.014429343596899846,-0.2885868719379969,3,17,0.01334820065626574,-0.30193507259426267,0.0059704566,12
ridge_primary_alpha1,validation,20230915,20,-0.008394938056977098,-0.16789876113954194,6,14,0.07853971682426919,-0.24643847796381113,0.0059828022,13
ridge_primary_alpha1,validation,20230918,20,-0.016367094300250507,-0.32734188600501013,6,14,0.08382933732169606,-0.4111712233267062,0.006077173,12
ridge_primary_alpha1,validation,20230919,20,-0.008022882450140151,-0.16045764900280302,5,15,0.08069446504313049,-0.2411521140459335,0.0059593758,12
ridge_primary_alpha1,validation,20230920,20,-0.0076823073534771245,-0.1536461470695425,5,15,0.05428965208855474,-0.20793579915809723,0.005944932,13
ridge_primary_alpha1,validation,20230921,20,0.00794048993003369,0.1588097986006738,15,5,0.23305210878920501,-0.07424231018853122,0.0060298806,14
ridge_primary_alpha1,validation,20230922,20,-0.01580745928714289,-0.3161491857428578,4,16,0.03507031526801696,-0.35121950101087474,0.0060890084,14
ridge_primary_alpha1,validation,20230925,20,-0.006011741370930368,-0.12023482741860736,5,15,0.16311548576037072,-0.2833503131789781,0.0060076597,13
ridge_primary_alpha1,validation,20230926,20,0.0011673791299305902,0.023347582598611805,9,11,0.2051613763180704,-0.1818137937194586,0.006060146,14
ridge_primary_alpha1,validation,20230927,20,-0.011136325047114348,-0.22272650094228696,6,14,0.11790961632823493,-0.3406361172705219,0.006086549,13
ridge_primary_alpha1,validation,20230928,20,-0.02274553824657245,-0.454910764931449,5,15,0.08189555833609452,-0.5368063232675435,0.006173884,11
ridge_primary_alpha1,validation,20231009,20,-0.0347070273321923,-0.6941405466438461,4,16,0.06762252616181241,-0.7617630728056585,0.006133018,16
ridge_primary_alpha1,validation,20231010,20,-0.033995731584822234,-0.6799146316964446,1,19,0.003350083752094113,-0.6832647154485387,0.006184186,13
ridge_primary_alpha1,validation,20231011,20,-0.04813506199842956,-0.9627012399685912,2,18,0.012127646718629759,-0.974828886687221,0.006164339,9
ridge_primary_alpha1,validation,20231012,20,-0.05997763715729878,-1.1995527431459756,0,20,0.0,-1.1995527431459756,0.006140491,11
ridge_primary_alpha1,validation,20231013,20,-0.0496835234775619,-0.9936704695512381,1,19,0.0016339869281045694,-0.9953044564793426,0.006079975,12
ridge_primary_alpha1,validation,20231016,20,-0.06888436741180484,-1.3776873482360967,0,20,0.0,-1.3776873482360967,0.006160482,12
ridge_primary_alpha1,validation,20231017,20,-0.05654517244097077,-1.1309034488194154,0,20,0.0,-1.1309034488194154,0.0061535425,12
ridge_primary_alpha1,validation,20231018,20,-0.02900683924934509,-0.5801367849869018,5,15,0.1300837833986912,-0.710220568385593,0.0061486415,13
ridge_primary_alpha1,validation,20231019,20,-0.017459748611798893,-0.34919497223597784,8,12,0.2021593951332108,-0.5513543673691886,0.0062117074,11
ridge_primary_alpha1,validation,20231020,20,0.04125516128518773,0.8251032257037546,16,4,0.9910054224734743,-0.16590219676971973,0.006171773,12
ridge_primary_alpha1,validation,20231023,20,0.04410497466401226,0.8820994932802452,17,3,0.957545709067962,-0.07544621578771682,0.0061190967,12
ridge_primary_alpha1,validation,20231024,20,0.03410369915286328,0.6820739830572656,15,5,0.744275925906172,-0.062201942848906344,0.006218582,14
ridge_primary_alpha1,validation,20231025,20,0.026874165500740944,0.5374833100148189,14,6,0.6846800926210346,-0.14719678260621571,0.0062585995,13
ridge_primary_alpha1,validation,20231026,20,0.014986562220278676,0.2997312444055735,13,7,0.4786932917651605,-0.17896204735958698,0.00629595,12
ridge_primary_alpha1,validation,20231027,20,0.020589848631532813,0.4117969726306563,12,8,0.5158475834788447,-0.10405061084818845,0.0062370887,13
ridge_primary_alpha1,validation,20231030,20,0.02219955917646399,0.4439911835292798,15,5,0.485101756505133,-0.04111057297585319,0.0062543238,13
ridge_primary_alpha1,validation,20231031,20,0.030696047751651117,0.6139209550330224,16,4,0.6370770667546042,-0.02315611172158183,0.0061877924,15
ridge_primary_alpha1,validation,20231101,20,0.06433045172205125,1.286609034441025,19,1,1.338111180363772,-0.05150214592274682,0.006230735,12
ridge_primary_alpha1,validation,20231102,20,0.07455240603535304,1.491048120707061,20,0,1.491048120707061,0.0,0.0061789686,14
ridge_primary_alpha1,validation,20231103,20,0.04871248203139482,0.9742496406278963,18,2,0.9926084387569218,-0.018358798129025522,0.006230884,13
ridge_primary_alpha1,validation,20231106,20,0.043804854418152774,0.8760970883630554,19,1,0.883672845938813,-0.007575757575757569,0.006214175,14
ridge_primary_alpha1,validation,20231107,20,0.049338463461292704,0.9867692692258541,20,0,0.9867692692258541,0.0,0.006170284,16
ridge_primary_alpha1,validation,20231108,20,0.022048816068429355,0.4409763213685871,18,2,0.4708461912384567,-0.029869869869869614,0.005723724,17
ridge_primary_alpha1,validation,20231109,20,0.008748587291176469,0.17497174582352937,13,7,0.21455600597545255,-0.03958426015192318,0.0057193553,14
ridge_primary_alpha1,validation,20231110,20,0.016093662239331685,0.3218732447866337,15,5,0.35798880391028143,-0.03611555912364772,0.0057286504,16
ridge_primary_alpha1,validation,20231113,20,0.04488899439606879,0.8977798879213759,20,0,0.8977798879213759,0.0,0.0057757604,15
ridge_primary_alpha1,validation,20231114,20,0.091667686046213,1.83335372092426,20,0,1.83335372092426,0.0,0.0057639186,15
ridge_primary_alpha1,validation,20231115,20,0.23322440390553584,4.6644880781107165,20,0,4.6644880781107165,0.0,0.0058889617,15
ridge_primary_alpha1,validation,20231116,20,0.25240099193948434,5.048019838789687,20,0,5.048019838789687,0.0,0.005997454,15
ridge_primary_alpha1,validation,20231117,20,0.3682278653762948,7.364557307525896,20,0,7.364557307525897,0.0,0.0060407026,13
ridge_primary_alpha1,validation,20231120,20,0.4095817789885642,8.191635579771283,19,1,8.206760134931427,-0.015124555160142328,0.0056798323,14
ridge_primary_alpha1,validation,20231121,20,0.0061785982903695465,0.12357196580739094,14,6,0.17320698491714892,-0.04963501910975798,0.0054317606,11
ridge_primary_alpha1,validation,20231122,20,0.007198621038120101,0.14397242076240202,12,8,0.24198625339929225,-0.09801383263689023,0.005364722,11
ridge_primary_alpha1,validation,20231123,20,-0.013412196548890299,-0.26824393097780597,3,17,0.03579701270851565,-0.3040409436863216,0.005418075,10
ridge_primary_alpha1,validation,20231124,20,-0.0007934932981903842,-0.015869865963807683,8,12,0.13426821964555602,-0.1501380856093637,0.0053547285,11
ridge_primary_alpha1,validation,20231127,20,-0.0070855770019552285,-0.14171154003910458,4,16,0.04285208972046095,-0.18456362975956553,0.005415936,12
ridge_primary_alpha1,validation,20231128,20,-0.025973306211441134,-0.5194661242288227,3,17,0.03196183142537645,-0.5514279556541991,0.005290901,12
ridge_primary_alpha1,validation,20231129,20,-0.017884522374107443,-0.35769044748214884,3,17,0.052849998657230834,-0.4105404461393797,0.0053761797,11
ridge_primary_alpha1,validation,20231130,20,-0.0033104927426287623,-0.06620985485257525,6,14,0.19485079593857968,-0.2610606507911549,0.0053919554,12
ridge_primary_alpha1,validation,20231201,20,-0.03284042619091001,-0.6568085238182002,2,18,0.12385084254782708,-0.7806593663660273,0.0054196683,10
ridge_primary_alpha1,validation,20231204,20,-0.004687134028647016,-0.09374268057294033,5,15,0.42749884895145174,-0.5212415295243921,0.005416849,14
ridge_primary_alpha1,validation,20231205,20,-0.02745444374627699,-0.5490888749255398,2,18,0.05275793141297713,-0.601846806338517,0.005462854,11
ridge_primary_alpha1,validation,20231206,20,-0.019958225446671973,-0.39916450893343947,4,16,0.1474841220039107,-0.5466486309373502,0.0054378193,11
ridge_primary_alpha1,validation,20231207,20,-0.02783872684557804,-0.5567745369115608,1,19,0.04951100244498785,-0.6062855393565486,0.0054786885,12
ridge_primary_alpha1,validation,20231208,20,-0.004978090208830816,-0.09956180417661631,7,13,0.11854724509440051,-0.21810904927101682,0.00554889,14
ridge_primary_alpha1,validation,20231211,20,-0.01914120306590955,-0.382824061318191,2,18,0.02712044150298265,-0.4099445028211737,0.005635497,14
ridge_primary_alpha1,validation,20231212,20,-0.01150903269919567,-0.2301806539839134,2,18,0.0292344530214228,-0.2594151070053362,0.0056678345,11
ridge_primary_alpha1,validation,20231213,20,-0.012210107839778411,-0.24420215679556823,2,18,0.029437753448248838,-0.27363991024381706,0.0057493593,15
ridge_primary_alpha1,validation,20231214,20,-0.006324632656981211,-0.1264926531396242,7,13,0.05901287948284972,-0.18550553262247393,0.0057155155,13
ridge_primary_alpha1,validation,20231215,20,-0.02051421045629,-0.4102842091258,3,17,0.012124364564697565,-0.42240857369049756,0.005576983,13
ridge_primary_alpha1,validation,20231218,20,-0.016538342828401203,-0.33076685656802407,3,17,0.05466457329909935,-0.3854314298671234,0.0054435516,12
ridge_primary_alpha1,validation,20231219,20,-0.03623751504491449,-0.7247503008982897,1,19,0.002636783124588149,-0.7273870840228779,0.0053414153,12
ridge_primary_alpha1,validation,20231220,20,-0.034823465745160494,-0.6964693149032098,0,20,0.0,-0.6964693149032098,0.0052047917,16
ridge_primary_alpha1,validation,20231221,20,-0.011999258335840163,-0.23998516671680326,4,16,0.0843135870118743,-0.32429875372867756,0.005209389,14
ridge_primary_alpha1,validation,20231222,20,0.034560204750719546,0.691204095014391,18,2,0.7134439400829273,-0.02223984506853638,0.0053521553,14
ridge_primary_alpha1,validation,20231225,20,0.06149022699853697,1.2298045399707394,19,1,1.2331504203555157,-0.003345880384776345,0.0053818934,15
ridge_primary_alpha1,validation,20231226,20,0.060864883023079554,1.217297660461591,20,0,1.217297660461591,0.0,0.0055030813,12
ridge_primary_alpha1,validation,20231227,20,0.05360799192775306,1.0721598385550613,20,0,1.0721598385550613,0.0,0.0056447955,13
ridge_primary_alpha1,validation,20231228,20,0.023705554796665872,0.47411109593331746,17,3,0.5105607866426654,-0.03644969070934789,0.0056392946,12
ridge_primary_alpha1,validation,20231229,20,-0.0157010663474658,-0.31402132694931595,5,15,0.12396299936965671,-0.43798432631897266,0.005553323,16
ridge_primary_alpha1,validation,20240102,20,-0.04060689130141197,-0.8121378260282395,0,20,0.0,-0.8121378260282395,0.0052979803,14
ridge_primary_alpha1,validation,20240103,20,-0.0367798861450063,-0.735597722900126,0,20,0.0,-0.735597722900126,0.0052771526,15
ridge_primary_alpha1,validation,20240104,20,-0.03426743481263373,-0.6853486962526746,0,20,0.0,-0.6853486962526746,0.0052805347,12
ridge_primary_alpha1,validation,20240105,20,-0.018474739850045174,-0.3694947970009035,3,17,0.11968616942140065,-0.48918096642230413,0.005307029,13
ridge_primary_alpha1,validation,20240108,20,-0.0037339723593945496,-0.07467944718789099,4,16,0.16694376172595904,-0.24162320891385003,0.005260992,11
ridge_primary_alpha1,validation,20240109,20,-0.019836503364397757,-0.3967300672879551,2,18,0.10854280234201474,-0.5052728696299699,0.0052365228,12
ridge_primary_alpha1,validation,20240110,20,-0.040769860861863925,-0.8153972172372785,2,18,0.02735415808092978,-0.8427513753182083,0.005237199,12
ridge_primary_alpha1,validation,20240111,20,-0.06854004258622882,-1.3708008517245764,0,20,0.0,-1.3708008517245767,0.00534683,13
ridge_primary_alpha1,validation,20240112,20,-0.07584346138389797,-1.5168692276779594,0,20,0.0,-1.5168692276779594,0.0054071066,11
ridge_primary_alpha1,validation,20240115,20,-0.11822915688709121,-2.3645831377418243,0,20,0.0,-2.3645831377418243,0.0053726356,14
ridge_primary_alpha1,validation,20240116,20,-0.13762013596563238,-2.7524027193126477,0,20,0.0,-2.7524027193126486,0.005432997,12
ridge_primary_alpha1,validation,20240117,20,-0.11138523438247358,-2.2277046876494717,0,20,0.0,-2.2277046876494717,0.005548506,12
ridge_primary_alpha1,validation,20240118,20,-0.03710550572671951,-0.7421101145343901,1,19,0.0048569886670262186,-0.7469671032014163,0.005596934,12
ridge_primary_alpha1,validation,20240119,20,-0.03535753843714116,-0.7071507687428231,2,18,0.05761609479273,-0.7647668635355531,0.0056580473,11
ridge_primary_alpha1,validation,20240122,20,-0.001828159620052433,-0.03656319240104866,9,11,0.16382958521425572,-0.20039277761530438,0.0056489375,11
ridge_primary_alpha1,validation,20240123,20,-0.03341291753387323,-0.6682583506774646,1,19,0.006723716381417999,-0.6749820670588826,0.0056067007,12
ridge_primary_alpha1,validation,20240124,20,-0.10074152707396992,-2.0148305414793986,0,20,0.0,-2.0148305414793986,0.005743346,12
ridge_primary_alpha1,validation,20240125,20,-0.16813691852541365,-3.362738370508273,0,20,0.0,-3.3627383705082736,0.0056039775,11
ridge_primary_alpha1,validation,20240126,20,-0.20889492941662774,-4.177898588332555,0,20,0.0,-4.177898588332555,0.0056296596,13
ridge_primary_alpha1,validation,20240129,20,-0.2782411699919512,-5.564823399839024,0,20,0.0,-5.564823399839025,0.005580923,13
ridge_primary_alpha1,validation,20240130,20,-0.24642891740319048,-4.92857834806381,0,20,0.0,-4.92857834806381,0.0055516665,12
ridge_primary_alpha1,validation,20240131,20,-0.2739210722306878,-5.478421444613756,0,20,0.0,-5.478421444613756,0.0055280062,9
ridge_primary_alpha1,validation,20240201,20,-0.1670833900605903,-3.341667801211806,0,20,0.0,-3.3416678012118064,0.0056862575,12
ridge_primary_alpha1,validation,20240202,20,-0.05178960917044455,-1.035792183408891,5,15,0.13061360360144425,-1.166405787010335,0.005747506,9
ridge_primary_alpha1,validation,20240205,20,0.13897384208063052,2.7794768416126105,20,0,2.7794768416126105,0.0,0.0056190016,12
ridge_primary_alpha1,validation,20240206,20,0.15637224616325024,3.1274449232650046,20,0,3.1274449232650046,0.0,0.0057604574,10
ridge_primary_alpha1,validation,20240207,20,0.33160431887121244,6.632086377424249,20,0,6.63208637742425,0.0,0.0058005597,11
ridge_primary_alpha1,validation,20240208,20,0.2296837079297954,4.593674158595908,20,0,4.593674158595908,0.0,0.005661239,13
ridge_primary_alpha1,validation,20240219,20,0.20350613733534656,4.070122746706931,20,0,4.070122746706931,0.0,0.00570619,14
ridge_primary_alpha1,validation,20240220,20,0.21965589984420059,4.393117996884012,20,0,4.393117996884012,0.0,0.005689213,11
ridge_primary_alpha1,validation,20240221,20,0.03246543214703298,0.6493086429406596,19,1,0.6504160626527302,-0.001107419712070623,0.005518022,13
ridge_primary_alpha1,validation,20240222,20,0.030420912327931416,0.6084182465586283,18,2,0.6452586493230854,-0.0368404027644571,0.005277609,11
ridge_primary_alpha1,validation,20240223,20,0.012439026262987646,0.24878052525975292,10,10,0.5403258675765676,-0.2915453423168147,0.005445148,9
ridge_primary_alpha1,validation,20240226,20,0.010381950050219057,0.20763900100438115,10,10,0.5231240673873803,-0.3154850663829991,0.0054233195,10
ridge_primary_alpha1,validation,20240227,20,-0.0697718184508713,-1.395436369017426,3,17,0.08980404600295899,-1.4852404150203848,0.0053946306,10
ridge_primary_alpha1,validation,20240228,20,0.017063620028227172,0.34127240056454344,11,9,0.7077761612162368,-0.3665037606516933,0.0056647263,13
ridge_primary_alpha1,validation,20240229,20,-0.02011571445639701,-0.4023142891279402,4,16,0.23173608485981223,-0.6340503739877524,0.0056805788,13
ridge_primary_alpha1,validation,20240301,20,-0.01582538988765208,-0.3165077977530416,2,18,0.23220410980725337,-0.548711907560295,0.00586532,13
ridge_primary_alpha1,validation,20240304,20,0.012159538660452756,0.24319077320905513,14,6,0.32115622876969496,-0.07796545556063983,0.0059787654,12
ridge_primary_alpha1,validation,20240305,20,0.07482101015144234,1.4964202030288467,20,0,1.4964202030288467,0.0,0.0059601157,12
ridge_primary_alpha1,validation,20240306,20,0.04799260587420019,0.9598521174840039,18,2,1.0004014035738797,-0.04054928608987585,0.005773522,12
ridge_primary_alpha1,validation,20240307,20,0.04159144858381643,0.8318289716763286,18,2,0.8474971744413056,-0.015668202764976935,0.005902462,8
ridge_primary_alpha1,validation,20240308,20,0.06441882143934173,1.2883764287868347,20,0,1.2883764287868347,0.0,0.0059282966,9
ridge_primary_alpha1,validation,20240311,20,0.0661800113607415,1.32360022721483,20,0,1.32360022721483,0.0,0.005882862,11
ridge_primary_alpha1,validation,20240312,20,0.037788936024372055,0.7557787204874411,17,3,0.7759210477478313,-0.020142327260390225,0.005881987,12
ridge_primary_alpha1,validation,20240313,20,0.045941768056524196,0.9188353611304839,18,2,0.9471610136651476,-0.02832565253466368,0.005841407,12
ridge_primary_alpha1,validation,20240314,20,0.04552212090185634,0.9104424180371268,18,2,0.9572209875952638,-0.04677856955813697,0.005846315,13
ridge_primary_alpha1,validation,20240315,20,-0.0031515533207766566,-0.06303106641553313,11,9,0.2256208377118072,-0.2886519041273403,0.005374854,15
ridge_primary_alpha1,validation,20240318,20,-0.055936961213294875,-1.1187392242658976,2,18,0.10790896159317209,-1.2266481858590697,0.0056711873,14
ridge_primary_alpha1,validation,20240319,20,-0.06024887366814676,-1.2049774733629353,2,18,0.07114968173764669,-1.276127155100582,0.0058055,16
ridge_primary_alpha1,validation,20240320,20,-0.040888008287691444,-0.8177601657538288,3,17,0.20691500683934128,-1.0246751725931702,0.005865955,13
ridge_primary_alpha1,validation,20240321,20,-0.03927824331507669,-0.7855648663015339,1,19,0.07894736842105265,-0.8645122347225865,0.0059038275,11
ridge_primary_alpha1,validation,20240322,20,-0.02190614645180903,-0.43812292903618055,2,18,0.04854819494084728,-0.48667112397702783,0.006152005,11
ridge_primary_alpha1,validation,20240325,20,0.00825726178541239,0.1651452357082478,11,9,0.2960156051803591,-0.13087036947211128,0.005898745,13
ridge_primary_alpha1,validation,20240326,20,0.021339076632335075,0.4267815326467015,14,6,0.5506364868583313,-0.12385495421162984,0.0060208803,13
ridge_primary_alpha1,validation,20240327,20,0.04269685261770008,0.8539370523540016,17,3,0.9698061453017701,-0.11586909294776848,0.0057515446,11
ridge_primary_alpha1,validation,20240328,20,-0.03786228656553194,-0.7572457313106389,3,17,0.044386876139392184,-0.8016326074500311,0.0058864187,12
ridge_primary_alpha1,validation,20240329,20,-0.015536403089563371,-0.31072806179126744,5,15,0.2564957372128578,-0.5672237990041252,0.0060154097,13
ridge_primary_alpha1,validation,20240401,20,-0.0034471182115245525,-0.06894236423049105,6,14,0.3019184244337947,-0.37086078866428573,0.0062392955,12
ridge_primary_alpha1,validation,20240402,20,0.01185814716479261,0.2371629432958522,6,14,0.7052577424368016,-0.4680947991409494,0.0060891756,11
ridge_primary_alpha1,validation,20240403,20,-0.0028329244637958937,-0.05665848927591788,7,13,0.3833669308596206,-0.44002542013553847,0.0062889373,13
ridge_primary_alpha1,validation,20240408,20,-0.0005436002936158313,-0.010872005872316626,4,16,0.4090877820583847,-0.4199597879307013,0.0061920113,16
ridge_primary_alpha1,validation,20240409,20,-0.07147348660100782,-1.4294697320201564,2,18,0.13107618243891195,-1.5605459144590683,0.0062158904,13
ridge_primary_alpha1,validation,20240410,20,-0.09736813988186661,-1.9473627976373322,0,20,0.0,-1.9473627976373327,0.005864602,8
ridge_primary_alpha1,validation,20240411,20,-0.10149500543262491,-2.029900108652498,0,20,0.0,-2.029900108652498,0.005887087,13
ridge_primary_alpha1,validation,20240412,20,-0.0803507698911574,-1.607015397823148,0,20,0.0,-1.6070153978231478,0.005929881,13
ridge_primary_alpha1,validation,20240415,20,-0.004305832048413877,-0.08611664096827754,8,12,0.27193103347835024,-0.3580476744466278,0.005894014,12
ridge_primary_alpha1,validation,20240416,20,0.07178744987047728,1.4357489974095456,20,0,1.4357489974095456,0.0,0.005888732,11
ridge_primary_alpha1,validation,20240417,20,0.019971362617389403,0.3994272523477881,14,6,0.5017525730666021,-0.10232532071881406,0.005930473,11
ridge_primary_alpha1,validation,20240418,20,0.03409329106655524,0.6818658213311047,17,3,0.7356506818888735,-0.053784860557768766,0.0059599285,10
ridge_primary_alpha1,validation,20240419,20,0.07640313600376669,1.5280627200753338,19,1,1.5413517566201842,-0.013289036544850363,0.006007498,10
ridge_primary_alpha1,validation,20240422,20,0.06790903187852819,1.3581806375705638,18,2,1.3839543497195974,-0.025773712149033567,0.005948889,12
ridge_primary_alpha1,validation,20240423,20,0.061198113541854914,1.2239622708370983,18,2,1.356231507841711,-0.1322692370046128,0.005876931,12
ridge_primary_alpha1,validation,20240424,20,0.044094785986516304,0.8818957197303261,17,3,1.0313772138995965,-0.14948149416927037,0.0060324455,11
ridge_primary_alpha1,validation,20240425,20,0.04251624675830596,0.8503249351661192,17,3,0.9814127890042259,-0.13108785383810673,0.0060943067,15
ridge_primary_alpha1,validation,20240426,20,0.03656791950366292,0.7313583900732584,19,1,0.7342909413929066,-0.0029325513196482023,0.0061766594,14
ridge_primary_alpha1,validation,20240429,20,0.028240997062913796,0.564819941258276,16,4,0.586313113228593,-0.021493171970317082,0.0061664665,16
ridge_primary_alpha1,validation,20240430,20,-0.010941840589502882,-0.21883681179005765,7,13,0.05448904425437773,-0.2733258560444354,0.006081,14
ridge_primary_alpha1,validation,20240506,20,-0.03266188408642126,-0.6532376817284252,1,19,0.012722646310432406,-0.6659603280388576,0.0061443923,12
ridge_primary_alpha1,validation,20240507,20,-0.024591032422947034,-0.4918206484589407,5,15,0.11386054956989544,-0.6056811980288361,0.006131419,12
ridge_primary_alpha1,validation,20240508,20,-0.03352713434452022,-0.6705426868904043,1,19,0.04553734061930803,-0.7160800275097123,0.006053966,15
ridge_primary_alpha1,validation,20240509,20,-0.040517929217522244,-0.8103585843504449,2,18,0.016167846213606785,-0.8265264305640517,0.006096249,13
ridge_primary_alpha1,validation,20240510,20,-0.01142823016703931,-0.2285646033407862,4,16,0.18745512416174415,-0.41601972750253036,0.0061018225,14
ridge_primary_alpha1,validation,20240513,20,-0.0025824475182498695,-0.05164895036499739,7,13,0.3113859057370374,-0.3630348561020348,0.006118779,11
ridge_primary_alpha1,validation,20240514,20,-0.014553170880934963,-0.29106341761869925,4,16,0.19636024719706757,-0.4874236648157668,0.0061643273,15
ridge_primary_alpha1,validation,20240515,20,-0.005122611628819318,-0.10245223257638636,6,14,0.2278396293479219,-0.33029186192430826,0.006242462,12
ridge_primary_alpha1,validation,20240516,20,0.05059787554063542,1.0119575108127083,19,1,1.020061238527457,-0.008103727714748765,0.0062875873,13
ridge_primary_alpha1,validation,20240517,20,0.01769249443738121,0.35384988874762424,13,7,0.4992709360732652,-0.14542104732564098,0.006316086,10
ridge_primary_alpha1,validation,20240520,20,0.02271979438732847,0.45439588774656936,13,7,0.5039764835491738,-0.04958059580260443,0.006366526,11
ridge_primary_alpha1,validation,20240521,20,0.029972591737871833,0.5994518347574367,17,3,0.6889315425633149,-0.08947970780587822,0.006302081,12
ridge_primary_alpha1,validation,20240522,20,0.00936077394605504,0.1872154789211008,12,8,0.36104683440625096,-0.17383135548515016,0.006294313,16
ridge_primary_alpha1,validation,20240523,20,-0.018615602055756558,-0.37231204111513116,4,16,0.13599006387209012,-0.5083021049872213,0.005614498,14
ridge_primary_alpha1,validation,20240524,20,-0.019216059558027,-0.38432119116054,4,16,0.059632389127432406,-0.4439535802879724,0.0057536787,14
ridge_primary_alpha1,validation,20240527,20,-0.04113532583565136,-0.8227065167130272,1,19,0.0012987012987013546,-0.8240052180117285,0.005860321,11
ridge_primary_alpha1,validation,20240528,20,-0.04782658776949539,-0.9565317553899078,3,17,0.052275218452426664,-1.0088069738423344,0.005773646,10
ridge_primary_alpha1,validation,20240529,20,-0.05458547568367413,-1.0917095136734827,1,19,0.00592592592592589,-1.0976354395994088,0.005759085,11
ridge_primary_alpha1,validation,20240530,20,-0.08777065914292824,-1.7554131828585648,0,20,0.0,-1.7554131828585648,0.0061461967,14
ridge_primary_alpha1,validation,20240531,20,-0.06442540900063298,-1.2885081800126597,1,19,0.04444444444444451,-1.332952624457104,0.006263154,13
ridge_primary_alpha1,validation,20240603,20,-0.029655085068832427,-0.5931017013766485,2,18,0.14392769446975429,-0.7370293958464028,0.006141671,13
ridge_primary_alpha1,validation,20240604,20,-0.03538321795306068,-0.7076643590612136,1,19,0.02829354553492469,-0.7359579045961383,0.006145113,13
ridge_primary_alpha1,validation,20240605,20,-0.024863863836859117,-0.49727727673718236,5,15,0.04908913259718006,-0.5463664093343624,0.0060724923,12
ridge_primary_alpha1,validation,20240606,20,0.011574080601674553,0.23148161203349105,12,8,0.5211898893786762,-0.2897082773451851,0.0059993705,12
ridge_primary_alpha1,validation,20240607,20,-0.009975809280382313,-0.19951618560764628,10,10,0.14773317682600884,-0.3472493624336551,0.006076253,12
ridge_primary_alpha1,validation,20240611,20,-0.008524642478989968,-0.17049284957979938,8,12,0.16744770244964946,-0.33794055202944884,0.006117747,11
ridge_primary_alpha1,validation,20240612,20,0.014763096871135944,0.2952619374227189,8,12,0.5718498885135037,-0.2765879510907848,0.0062543056,14
ridge_primary_alpha1,validation,20240613,20,0.0292605844079381,0.585211688158762,13,7,0.8070669554589407,-0.22185526730017868,0.0061740675,12
ridge_primary_alpha1,validation,20240614,20,0.04989700883010825,0.997940176602165,17,3,1.0811443108106118,-0.08320413420844675,0.0060590478,12
ridge_primary_alpha1,validation,20240617,20,0.02813564570829391,0.5627129141658782,13,7,0.6256866860828585,-0.06297377191698028,0.006082001,12
ridge_primary_alpha1,validation,20240618,20,0.029140680197479098,0.5828136039495819,12,8,0.7357474327389213,-0.15293382878933937,0.0061761113,15
ridge_primary_alpha1,validation,20240619,20,-0.0028034923468808646,-0.056069846937617296,3,17,0.2066982468267362,-0.2627680937643535,0.005860516,14
ridge_primary_alpha1,validation,20240620,20,0.0036845705093835777,0.07369141018767156,6,14,0.4083536993038752,-0.33466228911620366,0.0058270954,15
ridge_primary_alpha1,validation,20240621,20,-0.02148577728030493,-0.4297155456060986,5,15,0.11466193764823496,-0.5443774832543335,0.0057233847,13
ridge_primary_alpha1,validation,20240624,20,0.036052098242487465,0.7210419648497493,15,5,0.8053917417968961,-0.08434977694714685,0.00562,13
ridge_primary_alpha1,validation,20240625,20,0.03504709868821084,0.7009419737642169,15,5,0.7727913864683358,-0.07184941270411893,0.0055536553,13
ridge_primary_alpha1,validation,20240626,20,-0.004871001089086402,-0.09742002178172804,8,12,0.2994465950612002,-0.39686661684292823,0.005702459,16
ridge_primary_alpha1,validation,20240627,20,-0.01207969985956323,-0.24159399719126462,7,13,0.27287942324473247,-0.5144734204359971,0.005807575,12
ridge_primary_alpha1,validation,20240628,20,-0.0034158686764543646,-0.06831737352908729,8,12,0.42792129650399646,-0.49623867003308375,0.005939653,12
ridge_primary_alpha1,validation,20240701,20,-0.024076858405109647,-0.48153716810219294,3,17,0.35186307016033624,-0.8334002382625292,0.0059766755,14
ridge_primary_alpha1,validation,20240702,20,-0.019172211808625845,-0.3834442361725169,7,13,0.2826722799307566,-0.6661165161032735,0.005975903,13
ridge_primary_alpha1,validation,20240703,20,-0.028777612336979525,-0.5755522467395905,3,17,0.3287728423344458,-0.9043250890740363,0.005863331,11
ridge_primary_alpha1,validation,20240704,20,0.036830232473195605,0.7366046494639121,11,9,0.9208838923766125,-0.18427924291270037,0.005831755,12
ridge_primary_alpha1,validation,20240705,20,0.013081346126102988,0.26162692252205977,13,7,0.43850642718395827,-0.1768795046618985,0.005787761,13
ridge_primary_alpha1,validation,20240708,20,0.007863563795892342,0.15727127591784684,12,8,0.34757279736552427,-0.19030152144767742,0.005794307,13
ridge_primary_alpha1,validation,20240709,20,0.11673683094231695,2.334736618846339,18,2,2.3525757070408124,-0.01783908819447355,0.0059818607,12
ridge_primary_alpha1,validation,20240710,20,0.12799843837444796,2.5599687674889595,16,4,2.647980463777824,-0.08801169628886452,0.0059701223,12
ridge_primary_alpha1,validation,20240711,20,0.08573209025642169,1.7146418051284338,17,3,1.8248874331794447,-0.1102456280510109,0.0060367025,15
ridge_primary_alpha1,validation,20240712,20,0.10800983893978597,2.1601967787957195,19,1,2.200668954175146,-0.04047217537942649,0.0059807138,12
ridge_primary_alpha1,validation,20240715,20,0.06652426408768061,1.3304852817536124,19,1,1.3304852817536124,0.0,0.0058973758,13
ridge_primary_alpha1,validation,20240716,20,-0.010872072307847392,-0.21744144615694783,5,15,0.14328197035496193,-0.36072341651190976,0.005755241,12
ridge_primary_alpha1,validation,20240717,20,-0.02740146194202963,-0.5480292388405926,5,15,0.0856523613811333,-0.6336816002217259,0.0056914603,14
ridge_primary_alpha1,validation,20240718,20,0.009532259252965369,0.1906451850593074,12,8,0.3559911405402083,-0.16534595548090092,0.0056904713,12
ridge_primary_alpha1,validation,20240719,20,0.010470268262133198,0.20940536524266395,13,7,0.3181629236082013,-0.10875755836553735,0.0056341137,13
ridge_primary_alpha1,validation,20240722,20,0.007338897379151244,0.14677794758302487,13,7,0.34849935777920904,-0.20172141019618417,0.005577393,12
ridge_primary_alpha1,validation,20240723,20,0.019378839733961862,0.3875767946792372,13,7,0.466458720714767,-0.07888192603552979,0.005605448,13
ridge_primary_alpha1,validation,20240724,20,0.0649658758016718,1.299317516033436,20,0,1.299317516033436,0.0,0.005824532,12
ridge_primary_alpha1,validation,20240725,20,0.03813577617362943,0.7627155234725886,19,1,0.7673702946130077,-0.004654771140419012,0.0056988774,14
ridge_primary_alpha1,validation,20240726,20,0.029730583494197594,0.5946116698839519,16,4,0.6783010448182247,-0.08368937493427286,0.005730361,15
ridge_primary_alpha1,validation,20240729,20,0.011205225929905777,0.22410451859811553,11,9,0.3871849003742056,-0.16308038177609008,0.0057348227,17
ridge_primary_alpha1,validation,20240730,20,0.014471450195900775,0.2894290039180155,11,9,0.47930282238918265,-0.18987381847116713,0.005714333,14
ridge_primary_alpha1,validation,20240731,20,-0.03247995524328336,-0.6495991048656672,1,19,0.010981468771448233,-0.6605805736371154,0.005734528,14
ridge_primary_alpha1,validation,20240801,20,-0.020716690733412552,-0.41433381466825103,6,14,0.08158621629615848,-0.4959200309644095,0.005781447,14
ridge_primary_alpha1,validation,20240802,20,-0.02579650295676214,-0.5159300591352428,4,16,0.03240798906538522,-0.548338048200628,0.0057165585,12
ridge_primary_alpha1,validation,20240805,20,0.004687183959353608,0.09374367918707216,8,12,0.2894016663075796,-0.19565798712050742,0.005665213,12
ridge_primary_alpha1,validation,20240806,20,0.01708112669593117,0.3416225339186234,11,9,0.47673818207661234,-0.13511564815798893,0.0058096116,13
ridge_primary_alpha1,validation,20240807,20,0.001500341559245133,0.03000683118490266,8,12,0.2899127466897635,-0.25990591550486086,0.005753516,13
ridge_primary_alpha1,validation,20240808,20,-0.007599070567037025,-0.1519814113407405,9,11,0.09912743059864004,-0.25110884193938054,0.0057161557,14
ridge_primary_alpha1,validation,20240809,20,-0.0095821116802921,-0.19164223360584198,7,13,0.1472961253041445,-0.33893835890998647,0.0057095042,14
ridge_primary_alpha1,validation,20240812,20,-0.015205812829140441,-0.30411625658280883,7,13,0.1651170672504092,-0.46923332383321803,0.005624665,16
ridge_primary_alpha1,validation,20240813,20,-0.02131806960738769,-0.4263613921477538,5,15,0.1906874696855918,-0.6170488618333456,0.0056179627,16
ridge_primary_alpha1,validation,20240814,20,-0.01864106146730298,-0.37282122934605966,4,16,0.1154209306791345,-0.48824216002519416,0.005684304,14
ridge_primary_alpha1,validation,20240815,20,-0.037835301459964554,-0.7567060291992911,2,18,0.06525769373377854,-0.8219637229330696,0.0056681307,14
ridge_primary_alpha1,validation,20240816,20,-0.04877278579760152,-0.9754557159520304,1,19,0.056918547595681934,-1.0323742635477124,0.0058380743,14
ridge_primary_alpha1,validation,20240819,20,-0.028258946440635157,-0.5651789288127032,0,20,0.0,-0.5651789288127032,0.0058439337,12
ridge_primary_alpha1,validation,20240820,20,-0.01880875624911697,-0.3761751249823394,3,17,0.054298451173308226,-0.43047357615564763,0.005792636,13
ridge_primary_alpha1,validation,20240821,20,-0.011442303060950187,-0.22884606121900375,7,13,0.10349460638317631,-0.33234066760218006,0.0058132177,11
ridge_primary_alpha1,validation,20240822,20,0.03193078950990984,0.6386157901981968,18,2,0.728168029004167,-0.08955223880597019,0.0057325787,12
ridge_primary_alpha1,validation,20240823,20,0.052353670228303326,1.0470734045660666,19,1,1.1200987398864837,-0.07302533532041722,0.0057460982,11
ridge_primary_alpha1,validation,20240826,20,0.020212435951015205,0.4042487190203041,15,5,0.6505234910627811,-0.24627477204247694,0.005740596,16
ridge_primary_alpha1,validation,20240827,20,0.03997498006926031,0.7994996013852063,17,3,0.8566808756869544,-0.05718127430174813,0.0056823744,14
ridge_primary_alpha1,validation,20240828,20,0.012863949085153897,0.25727898170307795,12,8,0.39021852840889437,-0.13293954670581642,0.0057118437,13
ridge_primary_alpha1,validation,20240829,20,8.340424185935835e-05,0.001668084837187167,9,11,0.20472907288204167,-0.2030609880448545,0.0057750903,16
ridge_primary_alpha1,validation,20240830,20,-0.044382361563140627,-0.8876472312628125,0,20,0.0,-0.8876472312628125,0.0058179316,15
ridge_primary_alpha1,validation,20240902,20,-0.03907504235431817,-0.7815008470863634,0,20,0.0,-0.7815008470863634,0.005903253,14
ridge_primary_alpha1,validation,20240903,20,-0.03616837495861549,-0.7233674991723098,0,20,0.0,-0.7233674991723098,0.005942422,13
ridge_primary_alpha1,validation,20240904,20,-0.033373923929936176,-0.6674784785987236,0,20,0.0,-0.6674784785987236,0.005939846,16
ridge_primary_alpha1,validation,20240905,20,-0.03620666156958158,-0.7241332313916315,0,20,0.0,-0.7241332313916315,0.005989097,15
ridge_primary_alpha1,validation,20240906,20,-0.00859935088126862,-0.17198701762537238,8,12,0.12851639030647166,-0.30050340793184405,0.005919197,13
ridge_primary_alpha1,validation,20240909,20,-0.01954879895792015,-0.390975979158403,4,16,0.028896135471212503,-0.4198721146296155,0.0059346566,13
ridge_primary_alpha1,validation,20240910,20,0.002249478982013731,0.04498957964027461,9,11,0.2093903835689419,-0.1644008039286673,0.005931329,15
ridge_primary_alpha1,validation,20240911,20,-0.0037719655596234634,-0.07543931119246927,10,10,0.154712133318742,-0.23015144451121128,0.0059752585,13
ridge_primary_alpha1,validation,20240912,20,0.0011807690366005153,0.023615380732010305,12,8,0.21772415092279274,-0.19410877019078243,0.005937349,14
ridge_primary_alpha1,validation,20240913,20,0.036326861822125335,0.7265372364425067,20,0,0.7265372364425067,0.0,0.005657525,10
ridge_primary_alpha1,validation,20240918,20,0.06611007693371763,1.3222015386743526,17,3,1.3317300947526463,-0.009528556078293615,0.005744045,13
ridge_primary_alpha1,validation,20240919,20,0.0772847965211213,1.545695930422426,19,1,1.553094204158554,-0.007398273736128114,0.0059181266,13
ridge_primary_alpha1,validation,20240920,20,0.18664632887702104,3.732926577540421,20,0,3.7329265775404212,0.0,0.0058893454,13
ridge_primary_alpha1,validation,20240923,20,0.3523954920935733,7.047909841871466,20,0,7.0479098418714665,0.0,0.0058641634,12
ridge_primary_alpha1,validation,20240924,20,0.5879358423781728,11.758716847563456,20,0,11.758716847563454,0.0,0.006034299,13
ridge_primary_alpha1,validation,20240925,20,0.39773466607929986,7.954693321585998,20,0,7.954693321585998,0.0,0.006002726,14
ridge_primary_alpha1,validation,20240926,20,0.32895525063156195,6.5791050126312385,20,0,6.579105012631238,0.0,0.0060465494,16
ridge_primary_alpha1,validation,20240927,20,0.027920801417333573,0.5584160283466715,14,6,0.7219631191427884,-0.16354709079611696,0.0057463017,13
ridge_primary_alpha1,validation,20240930,20,-0.11745117774799763,-2.3490235549599525,0,20,0.0,-2.349023554959953,0.005635469,15
ridge_primary_alpha1,validation,20241008,20,-0.07268679107730966,-1.4537358215461933,1,19,0.05029239766081872,-1.5040282192070122,0.005713002,14
ridge_primary_alpha1,validation,20241009,20,0.0021807435334253557,0.04361487066850711,8,12,0.23050409411302542,-0.1868892234445183,0.005735771,14
ridge_primary_alpha1,validation,20241010,20,-0.027239710148236774,-0.5447942029647355,2,18,0.016931201451162448,-0.5617254044158979,0.005710588,15
ridge_primary_alpha1,validation,20241011,20,0.04576039030482285,0.915207806096457,18,2,0.9369797374402182,-0.02177193134376121,0.0056613083,15
ridge_primary_alpha1,validation,20241014,20,0.05351059620020417,1.0702119240040835,17,3,1.1080725579231143,-0.03786063391903094,0.0057272823,17
ridge_primary_alpha1,validation,20241015,20,0.11672199196468433,2.3344398392936867,20,0,2.3344398392936876,0.0,0.005661156,13
ridge_primary_alpha1,validation,20241016,20,0.1016812389069488,2.033624778138976,19,1,2.043358015341572,-0.009733237202595557,0.0056086686,10
ridge_primary_alpha1,validation,20241017,20,0.07059718013393664,1.4119436026787326,19,1,1.4152342790955517,-0.003290676416819127,0.0056130975,14
ridge_primary_alpha1,validation,20241018,20,0.06506725293470977,1.3013450586941955,20,0,1.3013450586941955,0.0,0.005648031,13
ridge_primary_alpha1,validation,20241021,20,0.09721900356119757,1.9443800712239514,20,0,1.9443800712239514,0.0,0.0057175895,14
ridge_primary_alpha1,validation,20241022,20,0.044256722627593136,0.8851344525518627,20,0,0.8851344525518627,0.0,0.005718409,14
ridge_primary_alpha1,validation,20241023,20,0.037448103992682405,0.748962079853648,18,2,0.7795631727498231,-0.030601092896175075,0.0057235667,14
ridge_primary_alpha1,validation,20241024,20,0.025167829338763457,0.5033565867752692,17,3,0.554637760694862,-0.05128117391959286,0.005728095,13
ridge_primary_alpha1,validation,20241025,20,-0.021714474057035433,-0.43428948114070864,2,18,0.02300513887575306,-0.4572946200164617,0.0056035803,13
ridge_primary_alpha1,validation,20241028,20,-0.0240792645212231,-0.48158529042446196,5,15,0.112792316109116,-0.594377606533578,0.00547837,12
ridge_primary_alpha1,validation,20241029,20,0.010754096234758176,0.21508192469516352,14,6,0.29489383346050624,-0.07981190876534272,0.0055114757,13
ridge_primary_alpha1,validation,20241030,20,0.023652230624002547,0.4730446124800509,18,2,0.49165246913063676,-0.01860785665058584,0.0055342503,16
ridge_primary_alpha1,validation,20241031,20,0.05755113448237219,1.1510226896474438,20,0,1.1510226896474438,0.0,0.0056457734,14
ridge_primary_alpha1,validation,20241101,20,0.10440546290699675,2.088109258139935,20,0,2.088109258139935,0.0,0.0056516333,13
ridge_primary_alpha1,validation,20241104,20,0.1134786054361788,2.269572108723576,20,0,2.269572108723576,0.0,0.0057339324,14
ridge_primary_alpha1,validation,20241105,20,0.06699308691387354,1.3398617382774707,19,1,1.352841089309919,-0.012979351032448183,0.0057732584,16
ridge_primary_alpha1,validation,20241106,20,0.07189290756790598,1.4378581513581195,20,0,1.4378581513581195,0.0,0.005768707,15
ridge_primary_alpha1,validation,20241107,20,0.016961214039364392,0.33922428078728784,10,10,0.5705046643260372,-0.23128038353874936,0.00571682,15
ridge_primary_alpha1,validation,20241108,20,0.018105497155014545,0.3621099431002909,8,12,0.7025212601246442,-0.34041131702435334,0.005700832,12
ridge_primary_alpha1,validation,20241111,20,-0.04189470072244535,-0.8378940144489069,0,20,0.0,-0.8378940144489069,0.005737177,16
ridge_primary_alpha1,validation,20241112,20,-0.014700117788574718,-0.29400235577149436,3,17,0.21112259778286635,-0.5051249535543607,0.005580059,16
ridge_primary_alpha1,validation,20241113,20,0.011896785367872847,0.23793570735745695,9,11,0.3798972878893623,-0.14196158053190533,0.005546127,19
ridge_primary_alpha1,validation,20241114,20,0.026515258191680786,0.5303051638336157,16,4,0.5643322400818815,-0.03402707624826584,0.005564377,15
ridge_primary_alpha1,validation,20241115,20,-0.010135542277424215,-0.2027108455484843,7,13,0.20801381789223683,-0.4107246634407211,0.0055033253,14
ridge_primary_alpha1,validation,20241118,20,0.03720452140182965,0.744090428036593,17,3,0.7829585847866727,-0.03886815675007971,0.0055210856,9
ridge_primary_alpha1,validation,20241119,20,0.006665027727062523,0.13330055454125045,13,7,0.2763605456755629,-0.14305999113431245,0.00560085,13
ridge_primary_alpha1,validation,20241120,20,-0.013190173453597447,-0.26380346907194896,6,14,0.1175380061865392,-0.38134147525848816,0.005542769,15
ridge_primary_alpha1,validation,20241121,20,-0.005507499167854641,-0.1101499833570928,6,14,0.2239726056632816,-0.3341225890203744,0.0055558616,18
ridge_primary_alpha1,validation,20241122,20,0.05121556564211913,1.0243113128423826,18,2,1.0628156435233207,-0.03850433068093806,0.0056216004,18
ridge_primary_alpha1,validation,20241125,20,0.04538570767645638,0.9077141535291277,17,3,0.9246107498077805,-0.01689659627865281,0.005403769,16
ridge_primary_alpha1,validation,20241126,20,0.05104529936167655,1.020905987233531,19,1,1.0332800986538333,-0.012374111420302203,0.0054067597,13
ridge_primary_alpha1,validation,20241127,20,0.02690558231340292,0.5381116462680584,17,3,0.6065731137210739,-0.06846146745301551,0.0054603913,11
ridge_primary_alpha1,validation,20241128,20,0.042322481473848116,0.8464496294769623,19,1,0.8531978369843431,-0.00674820750738081,0.005481217,12
ridge_primary_alpha1,validation,20241129,20,0.039614670532116626,0.7922934106423325,18,2,0.8324194610625006,-0.04012605042016815,0.005439571,12
ridge_primary_alpha1,validation,20241202,20,0.035775996867397894,0.7155199373479578,18,2,0.7616463421319561,-0.04612640478399832,0.0056365533,12
ridge_primary_alpha1,validation,20241203,20,0.031422632514537384,0.6284526502907477,18,2,0.6597123582745936,-0.03125970798384592,0.0056224326,13
ridge_primary_alpha1,validation,20241204,20,0.05629030064937712,1.1258060129875425,19,1,1.1281343016953422,-0.002328288707799664,0.0055884146,11
ridge_primary_alpha1,validation,20241205,20,0.043924822324241844,0.8784964464848368,20,0,0.8784964464848368,0.0,0.005556778,12
ridge_primary_alpha1,validation,20241206,20,0.005587364487116375,0.1117472897423275,11,9,0.24578236643270857,-0.13403507669038106,0.0055477894,10
ridge_primary_alpha1,validation,20241209,20,-0.015511210152840193,-0.31022420305680387,5,15,0.07659129764733041,-0.3868155007041343,0.005474058,15
ridge_primary_alpha1,validation,20241210,20,-0.037421206681726486,-0.7484241336345298,2,18,0.0939525882922112,-0.842376721926741,0.005507936,15
ridge_primary_alpha1,validation,20241211,20,-0.04408997309052277,-0.8817994618104553,2,18,0.17989171287570938,-1.0616911746861648,0.0055513447,15
ridge_primary_alpha1,validation,20241212,20,-0.05549299772309045,-1.109859954461809,2,18,0.14272241910427752,-1.2525823735660868,0.0055396263,10
ridge_primary_alpha1,validation,20241213,20,-0.04030878613705584,-0.8061757227411168,2,18,0.045526042439530956,-0.8517017651806478,0.0055535464,14
ridge_primary_alpha1,validation,20241216,20,-0.07054106944875194,-1.4108213889750387,0,20,0.0,-1.4108213889750392,0.005492787,12
ridge_primary_alpha1,validation,20241217,20,-0.023912981334206766,-0.47825962668413535,4,16,0.05904799795466342,-0.5373076246387988,0.0055128015,10
ridge_primary_alpha1,validation,20241218,20,-0.03481060622185493,-0.6962121244370986,2,18,0.019970501474926294,-0.7161826259120249,0.005597785,12
ridge_primary_alpha1,validation,20241219,20,-0.046103223762425274,-0.9220644752485055,1,19,0.007241379310344742,-0.9293058545588503,0.005716023,14
ridge_primary_alpha1,validation,20241220,20,-0.04740798692093712,-0.9481597384187423,0,20,0.0,-0.9481597384187423,0.0056535895,13
ridge_primary_alpha1,validation,20241223,20,-0.01492776826519655,-0.298555365303931,7,13,0.14587634671644878,-0.4444317120203798,0.0056702793,14
ridge_primary_alpha1,validation,20241224,20,-0.03394875006292468,-0.6789750012584935,1,19,0.010518407212622094,-0.6894934084711156,0.0057078702,16
ridge_primary_alpha1,validation,20241225,20,0.0011024848588772173,0.022049697177544347,7,13,0.3606065783504535,-0.33855688117290916,0.005681866,15
ridge_primary_alpha1,validation,20241226,20,-0.08141959191541578,-1.6283918383083158,0,20,0.0,-1.628391838308316,0.005665913,15
ridge_primary_alpha1,validation,20241227,20,-0.09319092661662894,-1.8638185323325787,0,20,0.0,-1.8638185323325782,0.00580489,12
ridge_primary_alpha1,validation,20241230,20,-0.03648643271909336,-0.7297286543818672,3,17,0.11849902500177834,-0.8482276793836455,0.005764953,11
ridge_primary_alpha1,validation,20241231,20,-0.010874781724330197,-0.21749563448660392,6,14,0.2790628852654271,-0.496558519752031,0.005851305,13
ridge_primary_alpha1,research_holdout,20250102,20,0.003901954890771042,0.07803909781542084,8,12,0.4026919080904543,-0.32465281027503345,0.005711585,13
ridge_primary_alpha1,research_holdout,20250103,20,-0.0076258253338924165,-0.15251650667784833,4,16,0.09966528665544172,-0.25218179333329005,0.0057476223,12
ridge_primary_alpha1,research_holdout,20250106,20,0.0011401499572120054,0.02280299914424011,8,12,0.16419572146527361,-0.1413927223210335,0.005702144,10
ridge_primary_alpha1,research_holdout,20250107,20,0.03658954539831599,0.7317909079663198,20,0,0.7317909079663198,0.0,0.005584871,14
ridge_primary_alpha1,research_holdout,20250108,20,0.04457996118407312,0.8915992236814624,19,1,0.8966548354104817,-0.00505561172901936,0.0056747673,11
ridge_primary_alpha1,research_holdout,20250109,20,0.039632436945654194,0.7926487389130839,18,2,0.8090651695079847,-0.016416430594900833,0.0057596266,13
ridge_primary_alpha1,research_holdout,20250110,20,0.06592397483665838,1.3184794967331674,19,1,1.3184794967331674,0.0,0.005667601,12
ridge_primary_alpha1,research_holdout,20250113,20,0.061310627576575835,1.2262125515315168,20,0,1.2262125515315168,0.0,0.0057009608,12
ridge_primary_alpha1,research_holdout,20250114,20,0.006522023659199483,0.13044047318398966,9,11,0.3230901916913267,-0.19264971850733703,0.005613423,11
ridge_primary_alpha1,research_holdout,20250115,20,-0.010511491795658957,-0.21022983591317912,4,16,0.17436584976676572,-0.38459568567994484,0.0056130677,14
ridge_primary_alpha1,research_holdout,20250116,20,-0.000510600407761852,-0.01021200815523704,6,14,0.3067739965431098,-0.3169860046983468,0.005694506,13
ridge_primary_alpha1,research_holdout,20250117,20,0.0190491248669792,0.380982497339584,15,5,0.530733500153517,-0.14975100281393294,0.005743191,13
ridge_primary_alpha1,research_holdout,20250120,20,-0.00757672952626749,-0.1515345905253498,8,12,0.16912255623250028,-0.32065714675785006,0.005674209,14
ridge_primary_alpha1,research_holdout,20250121,20,0.01805376221042574,0.3610752442085148,13,7,0.6641471287602116,-0.30307188455169687,0.0058756685,12
ridge_primary_alpha1,research_holdout,20250122,20,0.030340233532088902,0.606804670641778,16,4,0.6889258874151014,-0.0821212167733234,0.0059452765,12
ridge_primary_alpha1,research_holdout,20250123,20,0.09371620002392077,1.8743240004784154,20,0,1.8743240004784154,0.0,0.00592421,11
ridge_primary_alpha1,research_holdout,20250124,20,0.11273793690722841,2.2547587381445684,20,0,2.254758738144568,0.0,0.0058603142,13
ridge_primary_alpha1,research_holdout,20250127,20,0.18785184547509165,3.7570369095018328,20,0,3.7570369095018323,0.0,0.005862891,14
ridge_primary_alpha1,research_holdout,20250205,20,0.19686135949871159,3.937227189974232,20,0,3.9372271899742315,0.0,0.00589688,13
ridge_primary_alpha1,research_holdout,20250206,20,0.09429929807690345,1.885985961538069,19,1,1.8936112338692237,-0.00762527233115462,0.0056120534,13
ridge_primary_alpha1,research_holdout,20250207,20,0.0064842595742681365,0.12968519148536273,8,12,0.3620688777368708,-0.23238368625150807,0.005532968,16
ridge_primary_alpha1,research_holdout,20250210,20,0.008086062763355611,0.16172125526711223,10,10,0.25961011281642166,-0.09788885754930943,0.0054468904,15
ridge_primary_alpha1,research_holdout,20250211,20,-0.012640412994344713,-0.25280825988689426,5,15,0.13257461511329205,-0.3853828750001863,0.0054579237,14
ridge_primary_alpha1,research_holdout,20250212,20,0.0113783455383346,0.227566910766692,11,9,0.3526992572641259,-0.12513234649743388,0.0056176702,13
ridge_primary_alpha1,research_holdout,20250213,20,0.04964112136192932,0.9928224272385865,19,1,1.0009305353466946,-0.008108108108108136,0.0057348576,13
ridge_primary_alpha1,research_holdout,20250214,20,0.04922726837783904,0.9845453675567808,20,0,0.9845453675567808,0.0,0.005749655,10
ridge_primary_alpha1,research_holdout,20250217,20,0.02678120132396718,0.5356240264793436,16,4,0.5703296814818561,-0.03470565500251255,0.0056407233,14
ridge_primary_alpha1,research_holdout,20250218,20,0.07560880050790261,1.5121760101580521,19,1,1.5121760101580521,0.0,0.005771981,12
ridge_primary_alpha1,research_holdout,20250219,20,0.06707621400190782,1.3415242800381564,17,3,1.3887135875106642,-0.04718930747250771,0.0057603177,15
ridge_primary_alpha1,research_holdout,20250220,20,0.02604497662830212,0.5208995325660424,16,4,0.6021827828899946,-0.08128325032395223,0.005556808,14
ridge_primary_alpha1,research_holdout,20250221,20,-0.0024705444344483908,-0.04941088868896781,9,11,0.2099496603019264,-0.2593605489908942,0.0056109475,12
ridge_primary_alpha1,research_holdout,20250224,20,0.010615353954448143,0.21230707908896285,8,12,0.4194158971830415,-0.20710881809407866,0.0056146854,14
ridge_primary_alpha1,research_holdout,20250225,20,0.06213148064917255,1.242629612983451,13,7,1.3740739460392042,-0.1314443330557531,0.005674562,13
ridge_primary_alpha1,research_holdout,20250226,20,0.03719431279474158,0.7438862558948316,9,11,0.9767514246312741,-0.23286516873644247,0.005827541,15
ridge_primary_alpha1,research_holdout,20250227,20,0.025034126631689812,0.5006825326337963,13,7,0.5920990817819132,-0.09141654914811692,0.0058099874,16
ridge_primary_alpha1,research_holdout,20250228,20,0.08174889252262266,1.6349778504524533,17,3,1.6961934386010928,-0.06121558814863959,0.005661762,15
ridge_primary_alpha1,research_holdout,20250303,20,0.06476578516840072,1.2953157033680143,18,2,1.3021016011803765,-0.006785897812362274,0.005636894,14
ridge_primary_alpha1,research_holdout,20250304,20,0.028700549432929368,0.5740109886585874,17,3,0.6172560123870807,-0.04324502372849337,0.0055794385,16
ridge_primary_alpha1,research_holdout,20250305,20,0.03183079053151418,0.6366158106302835,19,1,0.6544874596960837,-0.017871649065800188,0.0056345733,13
ridge_primary_alpha1,research_holdout,20250306,20,0.016128705395603814,0.3225741079120763,12,8,0.48562076939047794,-0.16304666147840163,0.0057221022,17
ridge_primary_alpha1,research_holdout,20250307,20,0.05115422828648518,1.0230845657297036,20,0,1.0230845657297036,0.0,0.0058237007,15
ridge_primary_alpha1,research_holdout,20250310,20,0.04304913688265731,0.8609827376531463,19,1,0.8749297390478463,-0.013947001394700065,0.0057521635,16
ridge_primary_alpha1,research_holdout,20250311,20,0.029103225353744287,0.5820645070748858,14,6,0.6377642037036502,-0.055699696628764395,0.0057432945,19
ridge_primary_alpha1,research_holdout,20250312,20,0.012820142313015231,0.25640284626030463,17,3,0.3183610999210067,-0.06195825366070207,0.0056792907,18
ridge_primary_alpha1,research_holdout,20250313,20,0.032616099638986255,0.6523219927797251,18,2,0.6627068320056819,-0.010384839225956788,0.0056821466,15
ridge_primary_alpha1,research_holdout,20250314,20,-0.03290533134034396,-0.6581066268068791,2,18,0.017335079250967222,-0.6754417060578464,0.0056659123,15
ridge_primary_alpha1,research_holdout,20250317,20,-0.05812843295109069,-1.1625686590218138,1,19,0.040601503759398305,-1.2031701627812121,0.0056809485,14
ridge_primary_alpha1,research_holdout,20250318,20,-0.07813186205966813,-1.5626372411933627,1,19,0.11212121212121207,-1.674758453314575,0.0056917607,17
ridge_primary_alpha1,research_holdout,20250319,20,-0.035318580310264316,-0.7063716062052864,3,17,0.13257883897754597,-0.8389504451828323,0.005659709,17
ridge_primary_alpha1,research_holdout,20250320,20,-0.035978433337159485,-0.7195686667431898,3,17,0.2253109077854678,-0.9448795745286576,0.0056703016,16
ridge_primary_alpha1,research_holdout,20250321,20,-0.04772847521297431,-0.9545695042594862,2,18,0.21431740228444585,-1.168886906543932,0.005651687,17
ridge_primary_alpha1,research_holdout,20250324,20,-0.022730045861258992,-0.4546009172251798,2,18,0.020703708949000088,-0.4753046261741799,0.0057376237,16
ridge_primary_alpha1,research_holdout,20250325,20,0.012036080277659771,0.24072160555319544,9,11,0.3978756922097588,-0.15715408665656339,0.0058375783,17
ridge_primary_alpha1,research_holdout,20250326,20,0.003995398380883708,0.07990796761767416,9,11,0.37251097183088167,-0.2926030042132075,0.0057176277,16
ridge_primary_alpha1,research_holdout,20250327,20,0.012420025234795445,0.2484005046959089,8,12,0.43342459042629433,-0.18502408573038542,0.005833886,16
ridge_primary_alpha1,research_holdout,20250328,20,-0.0999439983634248,-1.998879967268496,2,18,0.2507752889520971,-2.249655256220593,0.005859905,15
ridge_primary_alpha1,research_holdout,20250331,20,-0.10184733767423522,-2.0369467534847043,1,19,0.15861513687600648,-2.1955618903607106,0.005731456,18
ridge_primary_alpha1,research_holdout,20250401,20,-0.061218326812299106,-1.2243665362459821,4,16,0.3698705872827377,-1.5942371235287198,0.0056654844,13
ridge_primary_alpha1,research_holdout,20250402,20,-0.022016317076631858,-0.44032634153263717,5,15,0.5792056497180262,-1.0195319912506635,0.005660165,15
ridge_primary_alpha1,research_holdout,20250403,20,0.005489162489683136,0.10978324979366272,9,11,0.48110867780545785,-0.37132542801179513,0.005610508,17
ridge_primary_alpha1,research_holdout,20250407,20,0.20247053780820568,4.0494107561641135,20,0,4.0494107561641135,0.0,0.0055399006,13
ridge_primary_alpha1,research_holdout,20250408,20,0.19423233994841574,3.8846467989683147,20,0,3.8846467989683147,0.0,0.0056098336,13
ridge_primary_alpha1,research_holdout,20250409,20,0.03637351400284165,0.727470280056833,16,4,0.7511605102374554,-0.02369023018062244,0.0055750078,18
ridge_primary_alpha1,research_holdout,20250410,20,0.03583738565929094,0.7167477131858189,15,5,0.7504589405557855,-0.03371122736996668,0.0055813566,15
ridge_primary_alpha1,research_holdout,20250411,20,0.01968499546875812,0.3936999093751624,11,9,0.5226259230126495,-0.12892601363748712,0.0056753443,16
ridge_primary_alpha1,research_holdout,20250414,20,0.012143861432101982,0.24287722864203964,14,6,0.36200238430128207,-0.11912515565924242,0.0055796616,16
ridge_primary_alpha1,research_holdout,20250415,20,0.017729006475460128,0.3545801295092026,14,6,0.48474570823212226,-0.13016557872291967,0.0054883426,12
ridge_primary_alpha1,research_holdout,20250416,20,0.04291715543555812,0.8583431087111625,17,3,0.978236553872504,-0.11989344516134148,0.0055683027,14
ridge_primary_alpha1,research_holdout,20250417,20,0.013517088033231383,0.2703417606646277,15,5,0.5216774932944273,-0.2513357326297996,0.0055601113,14
ridge_primary_alpha1,research_holdout,20250418,20,0.013512850214218348,0.27025700428436694,13,7,0.4763151154606875,-0.20605811117632056,0.005512409,12
ridge_primary_alpha1,research_holdout,20250421,20,-0.020807250314901403,-0.4161450062980281,5,15,0.14017653176598377,-0.5563215380640119,0.005632449,14
ridge_primary_alpha1,research_holdout,20250422,20,0.00932056166218253,0.1864112332436506,11,9,0.4391141921093533,-0.2527029588657027,0.005640816,15
ridge_primary_alpha1,research_holdout,20250423,20,0.007516295906420977,0.15032591812841956,14,6,0.5794256447368649,-0.4290997266084453,0.005603325,17
ridge_primary_alpha1,research_holdout,20250424,20,0.045886761213153715,0.9177352242630743,15,5,1.299390049422325,-0.38165482515925064,0.0056057153,19
ridge_primary_alpha1,research_holdout,20250425,20,0.0751151911324268,1.5023038226485361,18,2,1.7828744465184125,-0.2805706238698764,0.0057168333,14
ridge_primary_alpha1,research_holdout,20250428,20,0.15677398681555593,3.135479736311119,19,1,3.300130899101817,-0.1646511627906977,0.0056392667,16
ridge_primary_alpha1,research_holdout,20250429,20,0.09120124015864048,1.8240248031728097,20,0,1.8240248031728097,0.0,0.005533114,15
ridge_primary_alpha1,research_holdout,20250430,20,0.07985381704667963,1.5970763409335924,20,0,1.5970763409335924,0.0,0.0054564374,13
ridge_primary_alpha1,research_holdout,20250506,20,0.028667611876546317,0.5733522375309263,14,6,0.6016046493435219,-0.028252411812595524,0.0054918737,15
ridge_primary_alpha1,research_holdout,20250507,20,0.02036426046396651,0.4072852092793302,13,7,0.4502331123775345,-0.04294790309820429,0.005435936,13
ridge_primary_alpha1,research_holdout,20250508,20,-0.011256000138061406,-0.22512000276122812,4,16,0.12066864397702837,-0.3457886467382565,0.00532539,14
ridge_primary_alpha1,research_holdout,20250509,20,0.0019332759599932857,0.03866551919986572,8,12,0.15086947663236283,-0.11220395743249711,0.0053839497,14
ridge_primary_alpha1,research_holdout,20250512,20,-0.002687164418717347,-0.05374328837434694,10,10,0.1099354714556382,-0.16367875982998514,0.0054975324,13
ridge_primary_alpha1,research_holdout,20250513,20,0.01767082679585827,0.3534165359171654,14,6,0.41250734880088236,-0.05909081288371698,0.005540364,14
ridge_primary_alpha1,research_holdout,20250514,20,0.020026497270470324,0.40052994540940645,16,4,0.46732958799553814,-0.06679964258613169,0.0055839224,15
ridge_primary_alpha1,research_holdout,20250515,20,-0.000857810061310138,-0.01715620122620276,9,11,0.108626410740426,-0.12578261196662877,0.005635065,11
ridge_primary_alpha1,research_holdout,20250516,20,-0.01202407233714542,-0.2404814467429084,4,16,0.15403906714235216,-0.39452051388526055,0.005539399,15
ridge_primary_alpha1,research_holdout,20250519,20,-0.020487968768669963,-0.40975937537339924,3,17,0.017682414467437013,-0.42744178984083625,0.0054965075,12
ridge_primary_alpha1,research_holdout,20250520,20,-0.03473152639239857,-0.6946305278479714,0,20,0.0,-0.6946305278479714,0.0054484685,11
ridge_primary_alpha1,research_holdout,20250521,20,-0.028365111658886548,-0.567302233177731,1,19,0.03389830508474567,-0.6012005382624767,0.005441879,11
ridge_primary_alpha1,research_holdout,20250522,20,0.011294755604197649,0.22589511208395296,15,5,0.3138919421441895,-0.08799683006023651,0.005467705,12
ridge_primary_alpha1,research_holdout,20250523,20,0.016004292241825098,0.32008584483650193,16,4,0.3760973266214651,-0.05601148178496318,0.0054837996,10
ridge_primary_alpha1,research_holdout,20250526,20,0.008408547885482376,0.16817095770964752,10,10,0.24280770966295417,-0.07463675195330666,0.0055344366,11
ridge_primary_alpha1,research_holdout,20250527,20,0.01286747372610993,0.2573494745221986,18,2,0.27896633935323734,-0.02161686483103875,0.0056096506,11
ridge_primary_alpha1,research_holdout,20250528,20,0.04197684676813989,0.8395369353627978,19,1,0.8509070320086194,-0.011370096645821559,0.0056201667,12
ridge_primary_alpha1,research_holdout,20250529,20,0.02357969249398595,0.471593849879719,18,2,0.4984583794557258,-0.026864529576006824,0.005421725,15
ridge_primary_alpha1,research_holdout,20250530,20,0.059880415791103134,1.1976083158220627,20,0,1.1976083158220627,0.0,0.005515332,13
ridge_primary_alpha1,research_holdout,20250603,20,0.03800774288829406,0.7601548577658812,18,2,0.779598815208602,-0.01944395744272076,0.005550948,10
ridge_primary_alpha1,research_holdout,20250604,20,0.02480664175562543,0.4961328351125086,19,1,0.5066591509019824,-0.010526315789473828,0.005595251,12
ridge_primary_alpha1,research_holdout,20250605,20,0.01669160891645798,0.33383217832915957,18,2,0.36581380332279134,-0.031981624993631774,0.0054203076,12
ridge_primary_alpha1,research_holdout,20250606,20,-0.014518016620045121,-0.2903603324009024,3,17,0.04081870242277219,-0.3311790348236746,0.005506851,11
ridge_primary_alpha1,research_holdout,20250609,20,-0.004239264580491958,-0.08478529160983916,6,14,0.2246853063867087,-0.30947059799654786,0.0055349204,12
ridge_primary_alpha1,research_holdout,20250610,20,-9.394770545853581e-05,-0.0018789541091707163,12,8,0.22517433977768042,-0.22705329388685114,0.0055781216,12
ridge_primary_alpha1,research_holdout,20250611,20,-0.012555065400667736,-0.25110130801335473,8,12,0.3933225109008873,-0.644423818914242,0.0055485144,12
ridge_primary_alpha1,research_holdout,20250612,20,-0.03920944935085141,-0.7841889870170282,2,18,0.2571868485602713,-1.0413758355772993,0.0055691614,9
ridge_primary_alpha1,research_holdout,20250613,20,-0.022964869800584365,-0.4592973960116873,5,15,0.1578706732001829,-0.6171680692118702,0.005643769,10
ridge_primary_alpha1,research_holdout,20250616,20,-0.0038054385770603496,-0.07610877154120699,8,12,0.3579546361194288,-0.4340634076606358,0.00556966,13
ridge_primary_alpha1,research_holdout,20250617,20,0.0009373411681177224,0.018746823362354448,10,10,0.25999616793806757,-0.24124934457571312,0.0056103403,13
ridge_primary_alpha1,research_holdout,20250618,20,0.013557259812446798,0.27114519624893596,16,4,0.548465272869068,-0.27732007662013203,0.0056359367,11
ridge_primary_alpha1,research_holdout,20250619,20,0.03443424502080463,0.6886849004160926,18,2,0.8229986259062889,-0.13431372549019627,0.0056317775,12
ridge_primary_alpha1,research_holdout,20250620,20,0.06098134388100298,1.2196268776200596,18,2,1.3372739364435893,-0.11764705882352955,0.0056595406,12
ridge_primary_alpha1,research_holdout,20250623,20,0.03267951343849325,0.6535902687698649,18,2,0.9298665450461412,-0.27627627627627627,0.005597094,13
ridge_primary_alpha1,research_holdout,20250624,20,0.03335095444592327,0.6670190889184655,16,4,0.7013163845574728,-0.0342972956390073,0.005559233,14
ridge_primary_alpha1,research_holdout,20250625,20,0.030445380086329292,0.6089076017265859,18,2,0.6424751745891717,-0.033567572862585826,0.005569707,12
ridge_primary_alpha1,research_holdout,20250626,20,0.032645847818355986,0.6529169563671198,20,0,0.6529169563671198,0.0,0.0053956104,12
ridge_primary_alpha1,research_holdout,20250627,20,0.01831028738792966,0.36620574775859316,15,5,0.40616976545358097,-0.03996401769498781,0.005446769,13
ridge_primary_alpha1,research_holdout,20250630,20,0.01910857188209525,0.382171437641905,14,6,0.5811733466522584,-0.19900190901035342,0.005479572,14
ridge_primary_alpha1,research_holdout,20250701,20,0.004368015299646849,0.08736030599293698,11,9,0.32286842838342045,-0.23550812239048347,0.0055404943,16
ridge_primary_alpha1,research_holdout,20250702,20,0.019742505424357088,0.39485010848714175,12,8,0.6178775563420209,-0.22302744785487916,0.005626181,11
ridge_primary_alpha1,research_holdout,20250703,20,0.003574306204364913,0.07148612408729826,11,9,0.28180506836415,-0.21031894427685172,0.0056773145,10
ridge_primary_alpha1,research_holdout,20250704,20,0.03577197292784468,0.7154394585568936,15,5,0.7379510453301117,-0.022511586773218073,0.005541121,14
ridge_primary_alpha1,research_holdout,20250707,20,0.03215151799672644,0.6430303599345288,18,2,0.6844082701544096,-0.0413779102198808,0.0057602124,13
ridge_primary_alpha1,research_holdout,20250708,20,0.007589295421511283,0.15178590843022566,7,13,0.3574172865059091,-0.20563137807568344,0.00587596,15
ridge_primary_alpha1,research_holdout,20250709,20,0.017170987236812513,0.34341974473625025,12,8,0.411431568626341,-0.06801182389009075,0.0059713805,13
ridge_primary_alpha1,research_holdout,20250710,20,0.01086733075094098,0.21734661501881958,10,10,0.3297807847758554,-0.1124341697570358,0.0057860026,14
ridge_primary_alpha1,research_holdout,20250711,20,0.017271574584195686,0.34543149168391374,10,10,0.520369843033758,-0.17493835134984426,0.0058305156,13
ridge_primary_alpha1,research_holdout,20250714,20,0.005033809618112517,0.10067619236225034,8,12,0.3008506021984445,-0.20017440983619417,0.0057619414,15
ridge_primary_alpha1,research_holdout,20250715,20,0.03637079524180763,0.7274159048361525,18,2,0.7330370465956033,-0.005621141759450832,0.005774843,15
ridge_primary_alpha1,research_holdout,20250716,20,0.02174586117717131,0.4349172235434262,13,7,0.4834333155046908,-0.04851609196126461,0.005801294,13
ridge_primary_alpha1,research_holdout,20250717,20,0.045883349512409674,0.9176669902481935,18,2,0.936797148288371,-0.01913015804017748,0.005909442,13
ridge_primary_alpha1,research_holdout,20250718,20,0.03757427043967489,0.7514854087934977,18,2,0.7738268241511683,-0.022341415357670646,0.005943261,14
ridge_primary_alpha1,research_holdout,20250721,20,0.009020296189611365,0.1804059237922273,12,8,0.29507758854548327,-0.11467166475325596,0.005844054,13
ridge_primary_alpha1,research_holdout,20250722,20,-0.013898434320596276,-0.2779686864119255,5,15,0.03410926785072532,-0.31207795426265084,0.0056656594,12
ridge_primary_alpha1,research_holdout,20250723,20,-0.00039081314576466797,-0.00781626291529336,8,12,0.24614937998856523,-0.2539656429038586,0.005746717,14
ridge_primary_alpha1,research_holdout,20250724,20,-0.03370062872991815,-0.6740125745983631,1,19,0.026750590086546122,-0.7007631646849092,0.005735298,15
ridge_primary_alpha1,research_holdout,20250725,20,-0.02533550933061269,-0.5067101866122538,3,17,0.0937117618849439,-0.6004219484971977,0.005720042,11
ridge_primary_alpha1,research_holdout,20250728,20,-0.017766242841371453,-0.3553248568274291,3,17,0.05126305117289598,-0.40658790800032507,0.0057717636,10
ridge_primary_alpha1,research_holdout,20250729,20,-0.018242854387066722,-0.3648570877413344,4,16,0.029745461629120395,-0.3946025493704548,0.005877446,11
ridge_primary_alpha1,research_holdout,20250730,20,0.005242673979169288,0.10485347958338576,11,9,0.24585075079709817,-0.14099727121371242,0.005891072,10
ridge_primary_alpha1,research_holdout,20250731,20,0.01277852640046106,0.2555705280092212,14,6,0.3413182623707929,-0.08574773436157168,0.0059393253,13
ridge_primary_alpha1,research_holdout,20250801,20,0.0024936981441024964,0.04987396288204993,10,10,0.138988960742793,-0.08911499786074306,0.005921761,13
ridge_primary_alpha1,research_holdout,20250804,20,0.006318529370357195,0.1263705874071439,12,8,0.24660875108221036,-0.12023816367506646,0.0059640137,15
ridge_primary_alpha1,research_holdout,20250805,20,0.0019486250937238824,0.03897250187447765,7,13,0.26340566709589663,-0.22443316522141898,0.0060463483,13
ridge_primary_alpha1,research_holdout,20250806,20,-0.013355225198248633,-0.26710450396497265,6,14,0.08245290934531724,-0.3495574133102899,0.0058851987,11
ridge_primary_alpha1,research_holdout,20250807,20,-0.04856208761708962,-0.9712417523417923,0,20,0.0,-0.9712417523417923,0.0058841174,14
ridge_primary_alpha1,research_holdout,20250808,20,-0.017612092335569658,-0.35224184671139314,3,17,0.10065258650334408,-0.4528944332147372,0.006037273,13
ridge_primary_alpha1,research_holdout,20250811,20,0.02680765704028486,0.5361531408056972,17,3,0.5470295477600295,-0.01087640695433234,0.00614708,13
ridge_primary_alpha1,research_holdout,20250812,20,0.04284823738906024,0.8569647477812048,18,2,0.8967940671288457,-0.03982931934764089,0.006067834,9
ridge_primary_alpha1,research_holdout,20250813,20,0.058035446183431295,1.1607089236686259,20,0,1.1607089236686259,0.0,0.0061322195,10
ridge_primary_alpha1,research_holdout,20250814,20,0.08593763554484772,1.7187527108969545,20,0,1.7187527108969545,0.0,0.006112029,11
ridge_primary_alpha1,research_holdout,20250815,20,0.04290525782764275,0.858105156552855,20,0,0.858105156552855,0.0,0.006058934,12
ridge_primary_alpha1,research_holdout,20250818,20,0.026314286811840736,0.5262857362368147,19,1,0.5287857362368147,-0.0024999999999999467,0.005833143,16
ridge_primary_alpha1,research_holdout,20250819,20,0.01983091419570341,0.39661828391406817,18,2,0.417735742780613,-0.021117458866544814,0.0057283374,14
ridge_primary_alpha1,research_holdout,20250820,20,-0.024408641062733317,-0.4881728212546663,2,18,0.07323266522210181,-0.5614054864767681,0.005749259,16
ridge_primary_alpha1,research_holdout,20250821,20,-0.018854335403817025,-0.3770867080763405,3,17,0.2630232733464031,-0.6401099814227436,0.005603132,15
ridge_primary_alpha1,research_holdout,20250822,20,-0.007343978621259561,-0.14687957242519123,3,17,0.31893162190557134,-0.46581119433076257,0.0056852764,14
ridge_primary_alpha1,research_holdout,20250825,20,0.018681237850207526,0.37362475700415054,8,12,0.6068511472897973,-0.23322639028564673,0.005992987,11
ridge_primary_alpha1,research_holdout,20250826,20,0.051959695937840646,1.0391939187568129,15,5,1.1382039552371834,-0.09901003648037066,0.0060743475,11
ridge_primary_alpha1,research_holdout,20250827,20,0.04842626786763347,0.9685253573526693,14,6,1.092917019146974,-0.12439166179430461,0.0061386907,12
ridge_primary_alpha1,research_holdout,20250828,20,0.09777034985212549,1.9554069970425099,19,1,1.9663960080315208,-0.010989010989011061,0.0060254256,12
ridge_primary_alpha1,research_holdout,20250829,20,0.06942174596839229,1.3884349193678458,18,2,1.4324381694035093,-0.04400325003566352,0.0059830626,13
ridge_primary_alpha1,research_holdout,20250901,20,0.03369308189301302,0.6738616378602603,18,2,0.7042562355773296,-0.030394597717069316,0.0059091058,16
ridge_primary_alpha1,research_holdout,20250902,20,0.021294746877693636,0.42589493755387275,15,5,0.4941393481508316,-0.06824441059695885,0.0058090696,14
ridge_primary_alpha1,research_holdout,20250903,20,0.051432023829436194,1.0286404765887238,19,1,1.0418110515967547,-0.013170575008030871,0.0057997783,14
ridge_primary_alpha1,research_holdout,20250904,20,0.04033193504201189,0.8066387008402378,20,0,0.8066387008402378,0.0,0.0055599594,13
ridge_primary_alpha1,research_holdout,20250905,20,0.00960221813974398,0.19204436279487958,12,8,0.3020192411889997,-0.10997487839412012,0.005575988,17
ridge_primary_alpha1,research_holdout,20250908,20,-0.006369383541916485,-0.1273876708383297,4,16,0.15313246746812492,-0.2805201383064546,0.005601999,15
ridge_primary_alpha1,research_holdout,20250909,20,0.0067134938094258415,0.13426987618851682,12,8,0.23269015673781523,-0.09842028054929841,0.00558214,16
ridge_primary_alpha1,research_holdout,20250910,20,-0.0020485143726258646,-0.040970287452517296,8,12,0.156664558439495,-0.1976348458920123,0.005557418,16
ridge_primary_alpha1,research_holdout,20250911,20,-0.02502016309737811,-0.5004032619475622,3,17,0.03620823663320327,-0.5366114985807655,0.0058446266,15
ridge_primary_alpha1,research_holdout,20250912,20,-0.01747779879111407,-0.3495559758222814,4,16,0.12112934601845193,-0.4706853218407333,0.005910459,15
ridge_primary_alpha1,research_holdout,20250915,20,-0.029792460520868414,-0.5958492104173683,5,15,0.054991636533135546,-0.6508408469505038,0.0059360126,15
ridge_primary_alpha1,research_holdout,20250916,20,-0.05468786148493151,-1.0937572296986302,1,19,0.06698153714040367,-1.1607387668390339,0.005932455,16
ridge_primary_alpha1,research_holdout,20250917,20,-0.05482504729131517,-1.0965009458263033,1,19,0.024827586206896513,-1.1213285320331998,0.005935251,16
ridge_primary_alpha1,research_holdout,20250918,20,-0.03691491609304321,-0.7382983218608642,3,17,0.04423074517109393,-0.7825290670319581,0.0058512115,16
ridge_primary_alpha1,research_holdout,20250919,20,-0.027355868157491015,-0.5471173631498203,4,16,0.07373148625161541,-0.6208488494014357,0.0057721185,15
ridge_primary_alpha1,research_holdout,20250922,20,-0.010812055489810462,-0.21624110979620925,7,13,0.30296229607981773,-0.519203405876027,0.005834385,15
ridge_primary_alpha1,research_holdout,20250923,20,-0.000841673090411238,-0.01683346180822476,7,13,0.22105310127095334,-0.2378865630791781,0.0058594616,16
ridge_primary_alpha1,research_holdout,20250924,20,-0.02107070536283978,-0.4214141072567956,5,15,0.07653976473942015,-0.49795387199621577,0.005986777,17
ridge_primary_alpha1,research_holdout,20250925,20,-0.0021112437973025366,-0.04222487594605073,9,11,0.18547026097663633,-0.22769513692268706,0.006047898,16
ridge_primary_alpha1,research_holdout,20250926,20,-0.014443970317455734,-0.2888794063491147,5,15,0.03660901665134797,-0.32548842300046266,0.0060144677,16
ridge_primary_alpha1,research_holdout,20250929,20,-0.009430043790445847,-0.18860087580891693,7,13,0.1185842229508638,-0.30718509875978073,0.0060706004,15
ridge_primary_alpha1,research_holdout,20250930,20,0.012613301952879291,0.2522660390575858,13,7,0.322835134281229,-0.07056909522364319,0.006047571,16
ridge_primary_alpha1,research_holdout,20251009,20,-0.006208217691895601,-0.12416435383791202,7,13,0.10591494175604366,-0.23007929559395568,0.0060661156,15
ridge_primary_alpha1,research_holdout,20251010,20,-0.006325047511264348,-0.12650095022528696,5,15,0.10627981339344217,-0.23278076361872913,0.0060080513,13
ridge_primary_alpha1,research_holdout,20251013,20,-0.016073119936372015,-0.3214623987274403,6,14,0.08991199903818003,-0.41137439776562035,0.0060299295,12
ridge_primary_alpha1,research_holdout,20251014,20,0.015312440408945183,0.30624880817890365,15,5,0.3586571492500428,-0.05240834107113912,0.0060011474,13
ridge_primary_alpha1,research_holdout,20251015,20,0.0028571076062179957,0.05714215212435991,11,9,0.21323501925558608,-0.15609286713122617,0.0059524174,13
ridge_primary_alpha1,research_holdout,20251016,20,0.019215057939856773,0.38430115879713544,15,5,0.443015261981353,-0.05871410318421755,0.0058145123,15
ridge_primary_alpha1,research_holdout,20251017,20,0.035630970310952935,0.7126194062190587,19,1,0.7153357430448251,-0.00271633682576633,0.0058346423,10
ridge_primary_alpha1,research_holdout,20251020,20,0.03142188905323118,0.6284377810646236,20,0,0.6284377810646236,0.0,0.005905455,13
ridge_primary_alpha1,research_holdout,20251021,20,0.0060872018611215165,0.12174403722243032,8,12,0.31587123569799536,-0.19412719847556503,0.005807639,17
ridge_primary_alpha1,research_holdout,20251022,20,0.017809623533260165,0.3561924706652033,17,3,0.4971800406440945,-0.14098756997889117,0.0056470525,15
ridge_primary_alpha1,research_holdout,20251023,20,0.016912845298998135,0.3382569059799627,17,3,0.416552899933639,-0.07829599395367626,0.005866509,14
ridge_primary_alpha1,research_holdout,20251024,20,0.023178267847045398,0.46356535694090795,19,1,0.49011402950727967,-0.026548672566371723,0.0059169447,15
ridge_primary_alpha1,research_holdout,20251027,20,0.030552835150116496,0.61105670300233,19,1,0.6122629756199416,-0.0012062726176116367,0.0059852726,10
ridge_primary_alpha1,research_holdout,20251028,20,0.023446842707215004,0.4689368541443001,19,1,0.472792275831047,-0.003855421686746907,0.0061072847,12
ridge_primary_alpha1,research_holdout,20251029,20,0.041351444038118454,0.827028880762369,18,2,0.8597183309852519,-0.03268945022288283,0.0056872047,16
ridge_primary_alpha1,research_holdout,20251030,20,0.04877258844994159,0.9754517689988318,20,0,0.9754517689988318,0.0,0.005768693,16
ridge_primary_alpha1,research_holdout,20251031,20,0.002677385990175624,0.05354771980351247,11,9,0.28437757324435187,-0.2308298534408394,0.0055989963,14
ridge_primary_alpha1,research_holdout,20251103,20,0.008332111005049292,0.16664222010098584,14,6,0.28094193771875875,-0.11429971761777291,0.005668056,13
ridge_primary_alpha1,research_holdout,20251104,20,0.021375506718221304,0.4275101343644261,16,4,0.5499471048996325,-0.12243697053520641,0.0056826603,15
ridge_primary_alpha1,research_holdout,20251105,20,-0.012725672533354942,-0.25451345066709885,6,14,0.19778258804491444,-0.4522960387120133,0.0057634525,14
ridge_primary_alpha1,research_holdout,20251106,20,0.01025139176680705,0.205027835336141,11,9,0.32974924840671216,-0.12472141307057116,0.0058554215,14
ridge_primary_alpha1,research_holdout,20251107,20,0.0015373561757243358,0.03074712351448672,10,10,0.2717861902320393,-0.2410390667175526,0.0059557906,15
ridge_primary_alpha1,research_holdout,20251110,20,-0.01787016831237191,-0.3574033662474382,3,17,0.08601666738712588,-0.44342003363456406,0.006023991,14
ridge_primary_alpha1,research_holdout,20251111,20,-0.014601721729055338,-0.2920344345811068,4,16,0.43432690036570043,-0.7263613349468072,0.005986385,12
ridge_primary_alpha1,research_holdout,20251112,20,-0.03853476487068083,-0.7706952974136166,3,17,0.2506674459551681,-1.0213627433687846,0.0059495536,12
ridge_primary_alpha1,research_holdout,20251113,20,-0.05328092567223952,-1.0656185134447904,1,19,0.002446982055464897,-1.0680654955002553,0.0058479803,12
ridge_primary_alpha1,research_holdout,20251114,20,-0.10546865710797279,-2.109373142159456,0,20,0.0,-2.1093731421594564,0.0058238734,10
ridge_primary_alpha1,research_holdout,20251117,20,-0.07813210006588933,-1.5626420013177866,0,20,0.0,-1.5626420013177866,0.0058883624,14
ridge_primary_alpha1,research_holdout,20251118,20,-0.0521314199136817,-1.042628398273634,1,19,0.028455284552845628,-1.0710836828264796,0.0059889546,12
ridge_primary_alpha1,research_holdout,20251119,20,-0.04704407519560887,-0.9408815039121773,2,18,0.03317184383015115,-0.9740533477423284,0.0060335947,13
ridge_primary_alpha1,research_holdout,20251120,20,-0.030128170919113566,-0.6025634183822713,2,18,0.12129300795925602,-0.7238564263415274,0.006069517,12
ridge_primary_alpha1,research_holdout,20251121,20,0.0010969715792532309,0.021939431585064617,8,12,0.27353163731320307,-0.25159220572813845,0.0060279365,13
ridge_primary_alpha1,research_holdout,20251124,20,0.02902726617945505,0.580545323589101,18,2,0.6186857192951374,-0.038140395706036334,0.0060399636,12
ridge_primary_alpha1,research_holdout,20251125,20,-0.006892670772805659,-0.13785341545611318,7,13,0.07175015467385282,-0.209603570129966,0.0060315905,14
ridge_primary_alpha1,research_holdout,20251126,20,0.002998659100826656,0.05997318201653312,6,14,0.2708741880311596,-0.21090100601462647,0.0060609323,13
ridge_primary_alpha1,research_holdout,20251127,20,-0.028719503927766826,-0.5743900785553365,2,18,0.028092604251544584,-0.6024826828068811,0.006107545,17
ridge_primary_alpha1,research_holdout,20251128,20,-0.006972574240433793,-0.13945148480867586,6,14,0.17100030300655122,-0.3104517878152271,0.006146796,16
ridge_primary_alpha1,research_holdout,20251201,20,-0.03236778647355984,-0.6473557294711968,1,19,0.020331106593087567,-0.6676868360642844,0.0059490586,15
ridge_primary_alpha1,research_holdout,20251202,20,-0.029290078293429323,-0.5858015658685864,1,19,0.07118141374196751,-0.656982979610554,0.005992121,15
ridge_primary_alpha1,research_holdout,20251203,20,-0.028478043177981506,-0.5695608635596301,2,18,0.030423665340094663,-0.5999845288997248,0.006053749,15
ridge_primary_alpha1,research_holdout,20251204,20,0.025487290963904834,0.5097458192780967,19,1,0.5153637968061866,-0.005617977528089901,0.006051746,18
ridge_primary_alpha1,research_holdout,20251205,20,-0.008694800045299123,-0.17389600090598245,6,14,0.1219686968252307,-0.29586469773121316,0.0059612715,14
ridge_primary_alpha1,research_holdout,20251208,20,0.005099454260266511,0.10198908520533023,11,9,0.17788195100333515,-0.07589286579800492,0.006213381,15
ridge_primary_alpha1,research_holdout,20251209,20,0.042750794043118955,0.8550158808623791,19,1,0.8567050700515682,-0.0016891891891890332,0.006147013,14
ridge_primary_alpha1,research_holdout,20251210,20,0.03513893728675338,0.7027787457350676,18,2,0.8127916978851337,-0.11001295215006612,0.0061875647,13
ridge_primary_alpha1,research_holdout,20251211,20,-0.0019373918824863445,-0.03874783764972689,7,13,0.21433560236391136,-0.25308344001363825,0.005727158,14
ridge_primary_alpha1,research_holdout,20251212,20,0.02193365505443225,0.438673101088645,17,3,0.5027189189973311,-0.06404581790868613,0.005847473,16
ridge_primary_alpha1,research_holdout,20251215,20,0.029511623232452832,0.5902324646490567,18,2,0.5930665034762534,-0.0028340388271967942,0.0057502175,14
ridge_primary_alpha1,research_holdout,20251216,20,0.02879309347593544,0.5758618695187088,20,0,0.5758618695187088,0.0,0.005843568,12
ridge_primary_alpha1,research_holdout,20251217,20,0.036433561249810995,0.7286712249962198,19,1,0.7580829897021022,-0.02941176470588236,0.005770671,14
ridge_primary_alpha1,research_holdout,20251218,20,0.01582718742557936,0.3165437485115872,16,4,0.4794085688655061,-0.16286482035391892,0.005682955,13
ridge_primary_alpha1,research_holdout,20251219,20,-0.017150253537980054,-0.34300507075960107,8,12,0.06924571871997776,-0.4122507894795788,0.005644226,15
ridge_primary_alpha1,research_holdout,20251222,20,-0.018215544415650937,-0.3643108883130187,6,14,0.11133811438973429,-0.475649002702753,0.0056476234,14
ridge_primary_alpha1,research_holdout,20251223,20,-0.0004808486469972173,-0.009616972939944346,5,15,0.43921700669012065,-0.448833979630065,0.0059028,11
ridge_primary_alpha1,research_holdout,20251224,20,0.01822653850005254,0.36453077000105083,4,16,0.9403414010098379,-0.575810631008787,0.006044808,14
ridge_primary_alpha1,research_holdout,20251225,20,0.0026219534382092733,0.05243906876418547,4,16,0.3920119817332184,-0.3395729129690329,0.0060252924,16
ridge_primary_alpha1,research_holdout,20251226,20,0.04069248756051024,0.8138497512102049,13,7,0.8830124822872802,-0.06916273107707538,0.006025332,16
ridge_primary_alpha1,research_holdout,20251229,20,0.02972273656118986,0.5944547312237972,17,3,0.6303319318135119,-0.035877200589714664,0.006104716,16
ridge_primary_alpha1,research_holdout,20251230,20,0.029397630022983644,0.5879526004596729,18,2,0.5989045391641075,-0.01095193870443456,0.0060774893,14
ridge_primary_alpha1,research_holdout,20251231,20,0.041394610874415504,0.8278922174883101,19,1,0.838500132624989,-0.010607915136678914,0.006062241,15
ridge_primary_alpha1,research_holdout,20260105,20,0.04967345477274604,0.9934690954549208,20,0,0.9934690954549208,0.0,0.0060242107,14
ridge_primary_alpha1,research_holdout,20260106,20,0.03782847216747105,0.756569443349421,20,0,0.756569443349421,0.0,0.00596458,9
ridge_primary_alpha1,research_holdout,20260107,20,0.06394519196358775,1.2789038392717549,20,0,1.2789038392717549,0.0,0.005966914,11
ridge_primary_alpha1,research_holdout,20260108,20,0.022205747036096325,0.4441149407219265,18,2,0.5602772018209772,-0.1161622610990507,0.0058827745,11
ridge_primary_alpha1,research_holdout,20260109,20,0.01955448671296004,0.3910897342592008,15,5,0.42091204264214066,-0.029822308382939866,0.0058693006,16
ridge_primary_alpha1,research_holdout,20260112,20,0.024669601995560543,0.49339203991121083,14,6,0.6162500465734542,-0.12285800666224334,0.005833065,14
ridge_primary_alpha1,research_holdout,20260113,20,0.031361183016084884,0.6272236603216977,15,5,0.703661181586114,-0.07643752126441627,0.00569181,17
ridge_primary_alpha1,research_holdout,20260114,20,0.05635360362508699,1.1270720725017398,16,4,1.171457047450955,-0.04438497494921523,0.0056673093,16
ridge_primary_alpha1,research_holdout,20260115,20,0.040567156597766225,0.8113431319553245,18,2,0.8252836924312712,-0.013940560475946717,0.005792932,15
ridge_primary_alpha1,research_holdout,20260116,20,0.05100602716805843,1.0201205433611686,19,1,1.0305114389574082,-0.010390895596239513,0.0058434377,13
ridge_primary_alpha1,research_holdout,20260119,20,0.038196902210766014,0.7639380442153203,16,4,0.8025684093527121,-0.03863036513739182,0.0059993663,9
ridge_primary_alpha1,research_holdout,20260120,20,0.014198547526859423,0.28397095053718846,14,6,0.3545880690110228,-0.07061711847383434,0.006036988,10
ridge_primary_alpha1,research_holdout,20260121,20,0.004354514158808276,0.08709028317616552,10,10,0.28499752137330603,-0.1979072381971405,0.0060273083,15
ridge_primary_alpha1,research_holdout,20260122,20,-0.017264524689441924,-0.34529049378883847,7,13,0.14802843294953028,-0.49331892673836875,0.0059176083,14
ridge_primary_alpha1,research_holdout,20260123,20,-0.0347669905872385,-0.69533981174477,2,18,0.1203261179731765,-0.8156659297179465,0.0058931853,12
ridge_primary_alpha1,research_holdout,20260126,20,-0.049531174863063354,-0.9906234972612671,1,19,0.00920810313075493,-0.999831600392022,0.00590897,12
ridge_primary_alpha1,research_holdout,20260127,20,-0.029784363634951138,-0.5956872726990228,1,19,0.05150214592274671,-0.6471894186217695,0.0059764083,15
ridge_primary_alpha1,research_holdout,20260128,20,-0.03356344228245963,-0.6712688456491926,2,18,0.0579472288039562,-0.7292160744531488,0.0059595983,12
ridge_primary_alpha1,research_holdout,20260129,20,-0.03081301186836765,-0.616260237367353,1,19,0.016789087093389554,-0.6330493244607426,0.006055662,11
ridge_primary_alpha1,research_holdout,20260130,20,-0.02253969644765046,-0.4507939289530092,2,18,0.025538130277298343,-0.4763320592303075,0.0060256766,10
ridge_primary_alpha1,research_holdout,20260202,20,0.006346477217997337,0.12692954435994674,13,7,0.24143936917519548,-0.11450982481524874,0.0060613547,14
ridge_primary_alpha1,research_holdout,20260203,20,-0.014916722634154533,-0.29833445268309067,4,16,0.04009050207010545,-0.3384249547531961,0.0059951833,14
ridge_primary_alpha1,research_holdout,20260204,20,-0.005693146709922203,-0.11386293419844407,4,16,0.09416912368774932,-0.2080320578861934,0.0060455487,13
ridge_primary_alpha1,research_holdout,20260205,20,0.0015969707200238325,0.03193941440047665,11,9,0.18738340762390182,-0.15544399322342517,0.0061057936,14
ridge_primary_alpha1,research_holdout,20260206,20,-0.015911082961233104,-0.31822165922466206,1,19,0.0053050397877982824,-0.32352669901246034,0.0061185407,12
ridge_primary_alpha1,research_holdout,20260209,20,-0.006396759847605671,-0.12793519695211342,6,14,0.048264521146443196,-0.1761997180985566,0.0061919102,15
ridge_primary_alpha1,research_holdout,20260210,20,0.010404249506881274,0.2080849901376255,15,5,0.2660607139121063,-0.05797572377448079,0.0061772997,15
ridge_primary_alpha1,research_holdout,20260211,20,0.02168470264725984,0.4336940529451968,15,5,0.46796958844131087,-0.03427553549611406,0.0061184806,14
ridge_primary_alpha1,research_holdout,20260212,20,0.009858099899981054,0.19716199799962109,12,8,0.30441563148631756,-0.10725363348669648,0.0060205488,14
ridge_primary_alpha1,research_holdout,20260213,20,-0.032292840226557984,-0.6458568045311597,1,19,0.004566210045662045,-0.6504230145768217,0.006022309,16
ridge_primary_alpha1,research_holdout,20260224,20,-0.05053784136113535,-1.010756827222707,2,18,0.06928311627361228,-1.0800399434963195,0.005998324,15
ridge_primary_alpha1,research_holdout,20260225,20,-0.05382457973395973,-1.0764915946791946,2,18,0.04593366212165173,-1.1224252568008461,0.005985479,16
ridge_primary_alpha1,research_holdout,20260226,20,-0.028881127747157148,-0.577622554943143,4,16,0.14689075342782076,-0.7245133083709637,0.0059806565,17
ridge_primary_alpha1,research_holdout,20260227,20,-0.006074797255348541,-0.12149594510697082,4,16,0.16873024791692814,-0.29022619302389896,0.0060378304,15
ridge_primary_alpha1,research_holdout,20260302,20,-0.016794128213351606,-0.3358825642670321,2,18,0.05495060015647413,-0.39083316442350624,0.0060342383,14
ridge_primary_alpha1,research_holdout,20260303,20,0.025387331313309936,0.5077466262661987,16,4,0.5822744246734639,-0.0745277984072652,0.0059538176,13
ridge_primary_alpha1,research_holdout,20260304,20,0.01600244296797789,0.32004885935955785,13,7,0.3710394096064036,-0.050990550246845734,0.005968425,13
ridge_primary_alpha1,research_holdout,20260305,20,0.005120252780948331,0.10240505561896662,9,11,0.3226783942142999,-0.22027333859533327,0.0059539108,15
ridge_primary_alpha1,research_holdout,20260306,20,-0.011662914567887223,-0.23325829135774445,5,15,0.11054022015779541,-0.34379851151553986,0.0059796916,15
ridge_primary_alpha1,research_holdout,20260309,20,-0.019733720833217328,-0.39467441666434655,3,17,0.08699590549823943,-0.481670322162586,0.0058951313,15
ridge_primary_alpha1,research_holdout,20260310,20,-0.04857786993635507,-0.9715573987271015,1,19,0.0038910505836575737,-0.975448449310759,0.0061084894,14
ridge_primary_alpha1,research_holdout,20260311,20,-0.053246579081405024,-1.0649315816281004,1,19,0.025179856115107757,-1.0901114377432082,0.006004409,12
ridge_primary_alpha1,research_holdout,20260312,20,-0.07304751303517938,-1.4609502607035876,0,20,0.0,-1.4609502607035876,0.006100201,13
ridge_primary_alpha1,research_holdout,20260313,20,-0.07910866317716396,-1.5821732635432793,0,20,0.0,-1.5821732635432793,0.0060355063,11
ridge_primary_alpha1,research_holdout,20260316,20,-0.12737512789185884,-2.547502557837177,0,20,0.0,-2.547502557837177,0.006074964,16
ridge_primary_alpha1,research_holdout,20260317,20,-0.0865501535330132,-1.731003070660264,0,20,0.0,-1.731003070660264,0.0060427254,14
ridge_primary_alpha1,research_holdout,20260318,20,-0.06292985525705903,-1.2585971051411806,0,20,0.0,-1.2585971051411806,0.0061014676,13
ridge_primary_alpha1,research_holdout,20260319,20,-0.046372266682858,-0.92744533365716,0,20,0.0,-0.92744533365716,0.00612538,12
ridge_primary_alpha1,research_holdout,20260320,20,-0.01627615056394725,-0.325523011278945,3,17,0.026153283895967716,-0.3516762951749127,0.006179708,15
ridge_primary_alpha1,research_holdout,20260323,20,0.003371426324117932,0.06742852648235864,12,8,0.18805704876684048,-0.12062852228448184,0.006120228,15
ridge_primary_alpha1,research_holdout,20260324,20,0.0036517551443187523,0.07303510288637505,4,16,0.34757095332096966,-0.2745358504345946,0.0062110494,14
ridge_primary_alpha1,research_holdout,20260325,20,0.010312568460279036,0.20625136920558074,11,9,0.36205647296001087,-0.15580510375443013,0.00620183,13
ridge_primary_alpha1,research_holdout,20260326,20,0.025102498480252394,0.5020499696050479,16,4,0.5480389613652861,-0.045988991760238185,0.0060081733,18
ridge_primary_alpha1,research_holdout,20260327,20,-0.010957977273235192,-0.21915954546470384,6,14,0.09311266397801865,-0.3122722094427225,0.0062031904,13
ridge_primary_alpha1,research_holdout,20260330,20,0.003992321008947591,0.07984642017895183,12,8,0.1976159061521119,-0.11776948597316006,0.0062285364,12
ridge_primary_alpha1,research_holdout,20260331,20,0.028213239715590276,0.5642647943118055,19,1,0.5784977937846574,-0.014232999472851837,0.006130501,15
ridge_primary_alpha1,research_holdout,20260401,20,0.007852675036641171,0.15705350073282343,14,6,0.2303704913780884,-0.07331699064526498,0.006158948,15
ridge_primary_alpha1,research_holdout,20260402,20,0.04480219229535969,0.8960438459071939,17,3,0.9458719372551643,-0.049828091347970394,0.005840944,15
ridge_primary_alpha1,research_holdout,20260403,20,0.056003586478966805,1.120071729579336,20,0,1.120071729579336,0.0,0.005843671,13
ridge_primary_alpha1,research_holdout,20260407,20,0.0323615040637476,0.647230081274952,18,2,0.6768427144762479,-0.029612633201295924,0.0059052645,12
ridge_primary_alpha1,research_holdout,20260408,20,-0.00583108547239527,-0.1166217094479054,7,13,0.20957462199344512,-0.3261963314413505,0.0059253382,15
ridge_primary_alpha1,research_holdout,20260409,20,0.018855843601513482,0.37711687203026967,13,7,0.4267749725082699,-0.04965810047800023,0.005915347,13
ridge_primary_alpha1,research_holdout,20260410,20,0.045969301393262954,0.919386027865259,20,0,0.919386027865259,0.0,0.0060338,12
ridge_primary_alpha1,research_holdout,20260413,20,0.05403127218339079,1.0806254436678158,20,0,1.0806254436678158,0.0,0.0061075753,15
ridge_primary_alpha1,research_holdout,20260414,20,0.033622678443670374,0.6724535688734075,20,0,0.6724535688734075,0.0,0.0060919793,14
ridge_primary_alpha1,research_holdout,20260415,20,0.04808598223558321,0.9617196447116643,20,0,0.9617196447116643,0.0,0.006098868,12
ridge_primary_alpha1,research_holdout,20260416,20,0.023271083981668383,0.46542167963336767,17,3,0.47107778823065294,-0.00565610859728527,0.0061154338,12
ridge_primary_alpha1,research_holdout,20260417,20,-0.012778149507455056,-0.2555629901491011,4,16,0.11533269772769406,-0.37089568787679517,0.0056062588,14
ridge_primary_alpha1,research_holdout,20260420,20,-0.006652527494411154,-0.13305054988822307,13,7,0.44654236729651986,-0.5795929171847429,0.0056185042,15
ridge_primary_alpha1,research_holdout,20260421,20,-0.03367292693265172,-0.6734585386530344,5,15,0.22247844472645917,-0.8959369833794936,0.0056863055,14
ridge_primary_alpha1,research_holdout,20260422,20,-0.005160633556067845,-0.1032126711213569,10,10,0.6298381086312357,-0.7330507797525926,0.0057253507,15
ridge_primary_alpha1,research_holdout,20260423,20,0.0026881986092069598,0.0537639721841392,11,9,0.6848795722918355,-0.6311156001076963,0.0057835975,16
ridge_primary_alpha1,research_holdout,20260424,20,0.012627000404044386,0.2525400080808877,12,8,0.5666057281728709,-0.3140657200919832,0.0060925744,16
ridge_primary_alpha1,research_holdout,20260427,20,0.016281092695312367,0.3256218539062473,16,4,0.5717996849648876,-0.24617783105864033,0.0061424337,15
ridge_primary_alpha1,research_holdout,20260428,20,0.09078448504817105,1.815689700963421,20,0,1.815689700963421,0.0,0.00614713,15
ridge_primary_alpha1,research_holdout,20260429,20,0.04107555113260053,0.8215110226520106,17,3,0.9231387250150069,-0.10162770236299634,0.0061787227,16
ridge_primary_alpha1,research_holdout,20260430,20,0.019252204844949695,0.3850440968989939,14,6,0.48563139584999204,-0.10058729895099816,0.0061495407,14
ridge_primary_alpha1,research_holdout,20260506,20,0.013515292980086408,0.27030585960172815,12,8,0.3553083397262682,-0.08500248012454004,0.006195061,13
ridge_primary_alpha1,research_holdout,20260507,20,-0.015119193128132768,-0.30238386256265537,4,16,0.18175741168770077,-0.48414127425035614,0.0060382816,15
ridge_primary_alpha1,research_holdout,20260508,20,-0.04598835439581802,-0.9197670879163604,1,19,0.020933977455716457,-0.9407010653720769,0.005953442,18
ridge_primary_alpha1,research_holdout,20260511,20,-0.059990676585696526,-1.1998135317139305,1,19,0.0016246953696181787,-1.2014382270835486,0.006069009,15
ridge_primary_alpha1,research_holdout,20260512,20,-0.024103168282568838,-0.48206336565137675,2,18,0.031125067730654044,-0.5131884333820308,0.0060184454,15
ridge_primary_alpha1,research_holdout,20260513,20,-0.05587795433093856,-1.1175590866187712,0,20,0.0,-1.1175590866187717,0.0059876246,14
ridge_primary_alpha1,research_holdout,20260514,20,-0.05484019961516995,-1.096803992303399,2,18,0.07559523809523827,-1.1723992303986372,0.0060331277,14
ridge_primary_alpha1,research_holdout,20260515,20,-0.06582896457451999,-1.3165792914903998,0,20,0.0,-1.3165792914903998,0.0060657347,15
logistic_primary_sgd_l2,train,20180102,20,-0.004937201697147536,-0.09874403394295073,8,12,0.10507221703762215,-0.20381625098057288,0.08049571,17
logistic_primary_sgd_l2,train,20180103,20,-0.013657478207482166,-0.2731495641496433,3,17,0.0686594343670035,-0.3418089985166468,0.080788,17
logistic_primary_sgd_l2,train,20180104,20,-0.015320733304972611,-0.3064146660994522,7,13,0.12282610856761833,-0.42924077466707056,0.079805896,15
logistic_primary_sgd_l2,train,20180105,20,-0.023326774384734034,-0.4665354876946807,1,19,0.025974025974025983,-0.49250951366870666,0.082223035,16
logistic_primary_sgd_l2,train,20180108,20,-0.03798999683684259,-0.7597999367368519,2,18,0.06905082426523834,-0.8288507610020902,0.08352367,18
logistic_primary_sgd_l2,train,20180109,20,-0.03574993059904583,-0.7149986119809166,2,18,0.057650273224044035,-0.7726488852049607,0.08042196,18
logistic_primary_sgd_l2,train,20180110,20,-0.024589346569701707,-0.4917869313940342,2,18,0.03184235493857979,-0.523629286332614,0.08046322,16
logistic_primary_sgd_l2,train,20180111,20,-0.024382982956381076,-0.48765965912762155,2,18,0.024048765252603577,-0.5117084243802251,0.077617034,15
logistic_primary_sgd_l2,train,20180112,20,-0.017928505508252018,-0.35857011016504037,5,15,0.07772402862048322,-0.4362941387855236,0.079272196,15
logistic_primary_sgd_l2,train,20180115,20,0.024907988911593577,0.4981597782318715,13,7,0.6671592612569357,-0.16899948302506418,0.08292229,17
logistic_primary_sgd_l2,train,20180116,20,0.008654341454451858,0.17308682908903716,12,8,0.42202936108016553,-0.24894253199112837,0.08423989,16
logistic_primary_sgd_l2,train,20180117,20,-0.0021342098427809654,-0.042684196855619305,11,9,0.1858745999736222,-0.22855879682924152,0.08542413,17
logistic_primary_sgd_l2,train,20180118,20,0.0009315878805827183,0.018631757611654365,10,10,0.2218013022838825,-0.20316954467222814,0.08373156,15
logistic_primary_sgd_l2,train,20180119,20,0.0023826184023627906,0.04765236804725581,11,9,0.23359967106857904,-0.18594730302132323,0.083644055,15
logistic_primary_sgd_l2,train,20180122,20,-0.01805043421381989,-0.36100868427639776,3,17,0.040448621797394724,-0.4014573060737925,0.08282672,17
logistic_primary_sgd_l2,train,20180123,20,-0.014994481919497255,-0.2998896383899451,5,15,0.09161362538412154,-0.39150326377406663,0.080685444,17
logistic_primary_sgd_l2,train,20180124,20,-0.05076511486058176,-1.0153022972116352,3,17,0.11137529575304206,-1.1266775929646773,0.08218001,15
logistic_primary_sgd_l2,train,20180125,20,-0.07466784349294171,-1.4933568698588342,3,17,0.05372186118520261,-1.5470787310440368,0.08112323,16
logistic_primary_sgd_l2,train,20180126,20,-0.10351112002040663,-2.0702224004081327,0,20,0.0,-2.0702224004081327,0.07951283,19
logistic_primary_sgd_l2,train,20180129,20,-0.10021782304069926,-2.004356460813985,1,19,0.02663706992230863,-2.030993530736294,0.0857426,18
logistic_primary_sgd_l2,train,20180130,20,-0.1681699068463701,-3.363398136927402,0,20,0.0,-3.363398136927402,0.104466096,13
logistic_primary_sgd_l2,train,20180131,20,-0.1250155816012431,-2.5003116320248617,1,19,0.001680672268907557,-2.5019923042937693,0.09846862,15
logistic_primary_sgd_l2,train,20180201,20,-0.05832919768049816,-1.1665839536099631,3,17,0.15290720203304198,-1.319491155643005,0.09258353,14
logistic_primary_sgd_l2,train,20180202,20,-0.060687050725771685,-1.2137410145154337,2,18,0.05255845932478498,-1.2662994738402187,0.09007017,16
logistic_primary_sgd_l2,train,20180205,20,-0.013242415991644196,-0.2648483198328839,6,14,0.22206673075267735,-0.4869150505855613,0.09554534,14
logistic_primary_sgd_l2,train,20180206,20,0.023055739648483637,0.4611147929696727,16,4,0.5288890395095147,-0.06777424653984199,0.09036465,14
logistic_primary_sgd_l2,train,20180207,20,0.050243656678592805,1.0048731335718561,19,1,1.00893404727744,-0.004060913705583702,0.095239535,16
logistic_primary_sgd_l2,train,20180208,20,0.05839304078836893,1.1678608157673787,19,1,1.1704381353550073,-0.002577319587628746,0.097132735,15
logistic_primary_sgd_l2,train,20180209,20,0.04839645626729111,0.9679291253458222,20,0,0.9679291253458222,0.0,0.105342135,15
logistic_primary_sgd_l2,train,20180212,20,0.04516980867604907,0.9033961735209814,20,0,0.9033961735209814,0.0,0.10470436,13
logistic_primary_sgd_l2,train,20180213,20,0.04626071144640007,0.9252142289280014,20,0,0.9252142289280014,0.0,0.102184534,15
logistic_primary_sgd_l2,train,20180214,20,0.03761417516689527,0.7522835033379054,20,0,0.7522835033379054,0.0,0.100098945,15
logistic_primary_sgd_l2,train,20180222,20,0.04715209495843731,0.9430418991687461,20,0,0.9430418991687461,0.0,0.10130237,13
logistic_primary_sgd_l2,train,20180223,20,0.04054644842881908,0.8109289685763816,20,0,0.8109289685763816,0.0,0.104058884,17
logistic_primary_sgd_l2,train,20180226,20,0.025018136173354622,0.5003627234670924,15,5,0.5339172601613045,-0.033554536694212045,0.10440896,16
logistic_primary_sgd_l2,train,20180227,20,0.05524271343327589,1.1048542686655178,18,2,1.1607934034400558,-0.055939134774537935,0.10768609,18
logistic_primary_sgd_l2,train,20180228,20,0.045470535457344176,0.9094107091468835,18,2,0.9385258311476918,-0.029115122000808347,0.09963298,16
logistic_primary_sgd_l2,train,20180301,20,0.08084290754774878,1.6168581509549758,18,2,1.6351755169934012,-0.018317366038425598,0.10071854,18
logistic_primary_sgd_l2,train,20180302,20,0.044134386420907536,0.8826877284181507,20,0,0.8826877284181507,0.0,0.102821335,16
logistic_primary_sgd_l2,train,20180305,20,0.051289485637030466,1.0257897127406093,19,1,1.0375199180192016,-0.011730205278592476,0.1027166,16
logistic_primary_sgd_l2,train,20180306,20,0.05223683845167212,1.0447367690334424,20,0,1.0447367690334424,0.0,0.10834479,18
logistic_primary_sgd_l2,train,20180307,20,0.03980213954834957,0.7960427909669914,19,1,0.8094725430331069,-0.013429752066115519,0.105482504,17
logistic_primary_sgd_l2,train,20180308,20,0.010296151581668933,0.20592303163337866,10,10,0.46753272993905837,-0.2616096983056797,0.10266296,17
logistic_primary_sgd_l2,train,20180309,20,0.003204655956450497,0.06409311912900995,10,10,0.24679763861136506,-0.1827045194823551,0.09832157,17
logistic_primary_sgd_l2,train,20180312,20,0.008056311632300561,0.16112623264601122,9,11,0.3780328804307058,-0.2169066477846946,0.09704531,16
logistic_primary_sgd_l2,train,20180313,20,-0.0030453736737219407,-0.06090747347443881,9,11,0.17362311401752129,-0.2345305874919601,0.09465462,14
logistic_primary_sgd_l2,train,20180314,20,-0.00044984769080139706,-0.008996953816027942,8,12,0.16888831751979594,-0.17788527133582388,0.092690274,15
logistic_primary_sgd_l2,train,20180315,20,0.007658721770776334,0.15317443541552667,10,10,0.2557862244657383,-0.10261178905021162,0.09647937,17
logistic_primary_sgd_l2,train,20180316,20,-0.02003203939701385,-0.400640787940277,6,14,0.15507562513901307,-0.5557164130792901,0.10025922,18
logistic_primary_sgd_l2,train,20180319,20,-0.031602755901607986,-0.6320551180321597,2,18,0.018626846560595656,-0.6506819645927554,0.102214895,17
logistic_primary_sgd_l2,train,20180320,20,-0.010018790546212002,-0.20037581092424006,7,13,0.22272952483856168,-0.42310533576280174,0.100869074,17
logistic_primary_sgd_l2,train,20180321,20,-0.01571723274816674,-0.31434465496333486,5,15,0.1399451402793963,-0.45428979524273116,0.10399324,18
logistic_primary_sgd_l2,train,20180322,20,0.01350821839031019,0.2701643678062038,11,9,0.40521456596734695,-0.13505019816114316,0.10176585,16
logistic_primary_sgd_l2,train,20180323,20,0.038000881661539934,0.7600176332307987,18,2,0.7976793312738377,-0.03766169804303898,0.09702613,17
logistic_primary_sgd_l2,train,20180326,20,0.01863631989035383,0.3727263978070766,14,6,0.5042161666886753,-0.1314897688815987,0.09710523,17
logistic_primary_sgd_l2,train,20180327,20,0.0018477688523760472,0.03695537704752094,11,9,0.2414340305562257,-0.20447865350870476,0.097816244,19
logistic_primary_sgd_l2,train,20180328,20,0.005135256355163537,0.10270512710327073,9,11,0.28441395940076974,-0.181708832297499,0.095598176,19
logistic_primary_sgd_l2,train,20180329,20,0.0035420882950076616,0.07084176590015323,10,10,0.2565152751772377,-0.18567350927708448,0.096232876,17
logistic_primary_sgd_l2,train,20180330,20,0.003718804516723273,0.07437609033446546,8,12,0.3100290506705601,-0.23565296033609462,0.09380962,17
logistic_primary_sgd_l2,train,20180402,20,0.001546559651298174,0.030931193025963477,10,10,0.2003294638565738,-0.16939827083061032,0.097973846,14
logistic_primary_sgd_l2,train,20180403,20,0.011051912728098046,0.2210382545619609,10,10,0.3407122048426736,-0.1196739502807127,0.10523667,16
logistic_primary_sgd_l2,train,20180404,20,0.02115116146159505,0.42302322923190094,16,4,0.482141546777213,-0.05911831754531205,0.10571222,16
logistic_primary_sgd_l2,train,20180409,20,-0.008617481307520625,-0.1723496261504125,5,15,0.08702245802552278,-0.25937208417593527,0.10312329,15
logistic_primary_sgd_l2,train,20180410,20,-0.029086088550491117,-0.5817217710098224,1,19,0.016075388026607573,-0.5977971590364299,0.10682386,16
logistic_primary_sgd_l2,train,20180411,20,-0.03456618841974788,-0.6913237683949576,1,19,0.011627906976744207,-0.7029516753717018,0.10984969,14
logistic_primary_sgd_l2,train,20180412,20,-0.02671156921877512,-0.5342313843755024,2,18,0.030421719283225235,-0.5646531036587277,0.108541526,14
logistic_primary_sgd_l2,train,20180413,20,-0.042033257509545695,-0.8406651501909139,2,18,0.053034913960051,-0.8937000641509649,0.10730257,15
logistic_primary_sgd_l2,train,20180416,20,-0.03898415626949121,-0.7796831253898243,4,16,0.025827456307400132,-0.8055105816972244,0.10666492,18
logistic_primary_sgd_l2,train,20180417,20,-0.005394034414681353,-0.10788068829362707,9,11,0.19251109235326958,-0.30039178064689664,0.109879635,17
logistic_primary_sgd_l2,train,20180418,20,0.009087837218336175,0.1817567443667235,10,10,0.41987254077439906,-0.23811579640767555,0.108463444,12
logistic_primary_sgd_l2,train,20180419,20,-0.01947066712544247,-0.3894133425088494,4,16,0.07425062557289785,-0.46366396808174726,0.11122997,15
logistic_primary_sgd_l2,train,20180420,20,0.0055206974851071565,0.11041394970214313,12,8,0.35912691880529746,-0.24871296910315432,0.11097048,16
logistic_primary_sgd_l2,train,20180423,20,0.012648438524755773,0.25296877049511546,10,10,0.4019927620448078,-0.14902399154969237,0.112219706,15
logistic_primary_sgd_l2,train,20180424,20,-0.003669141401136605,-0.0733828280227321,8,12,0.16264022645673148,-0.2360230544794636,0.1146763,18
logistic_primary_sgd_l2,train,20180425,20,0.002275366678918983,0.04550733357837966,8,12,0.38740310595960814,-0.3418957723812285,0.11061531,18
logistic_primary_sgd_l2,train,20180426,20,0.028899500862657912,0.5779900172531582,16,4,0.6250768994694875,-0.047086882216329284,0.11549163,15
logistic_primary_sgd_l2,train,20180427,20,0.03579464682303425,0.715892936460685,18,2,0.7346027972165816,-0.018709860755896646,0.11413343,18
logistic_primary_sgd_l2,train,20180502,20,0.04372249037074154,0.8744498074148308,20,0,0.8744498074148308,0.0,0.11058547,16
logistic_primary_sgd_l2,train,20180503,20,0.06460138538771773,1.2920277077543545,20,0,1.2920277077543545,0.0,0.11055623,15
logistic_primary_sgd_l2,train,20180504,20,0.01990996539820757,0.39819930796415137,17,3,0.4453101003911646,-0.047110792427013215,0.10795367,18
logistic_primary_sgd_l2,train,20180507,20,-0.005688505180382647,-0.11377010360765294,5,15,0.17279449547719739,-0.2865645990848503,0.10972266,19
logistic_primary_sgd_l2,train,20180508,20,-0.0004893067197279999,-0.009786134394559998,5,15,0.25835104194305103,-0.268137176337611,0.108519055,18
logistic_primary_sgd_l2,train,20180509,20,-0.010614372732114102,-0.21228745464228205,6,14,0.09448505305743704,-0.3067725076997191,0.107908174,17
logistic_primary_sgd_l2,train,20180510,20,-0.028689808783726935,-0.5737961756745387,3,17,0.02913056279585713,-0.6029267384703958,0.10672599,16
logistic_primary_sgd_l2,train,20180511,20,0.0064044979981858876,0.12808995996371775,8,12,0.28001930602459413,-0.15192934606087638,0.10750693,19
logistic_primary_sgd_l2,train,20180514,20,0.03011781648661589,0.6023563297323178,18,2,0.6173839423066594,-0.015027612574341598,0.10846063,17
logistic_primary_sgd_l2,train,20180515,20,0.01937467726534825,0.387493545306965,17,3,0.4349734846579576,-0.047479939350992595,0.10746014,17
logistic_primary_sgd_l2,train,20180516,20,0.008097193197432222,0.16194386394864446,14,6,0.27066687569183756,-0.1087230117431931,0.1099873,17
logistic_primary_sgd_l2,train,20180517,20,0.011549156111851939,0.23098312223703876,15,5,0.31045352957722816,-0.0794704073401894,0.11217729,18
logistic_primary_sgd_l2,train,20180518,20,-0.014997282083561098,-0.29994564167122195,4,16,0.08621558216463643,-0.3861612238358584,0.10665669,17
logistic_primary_sgd_l2,train,20180521,20,-0.04482812540830082,-0.8965625081660165,1,19,0.0009940357852882276,-0.8975565439513047,0.10928192,16
logistic_primary_sgd_l2,train,20180522,20,-0.051116979749100476,-1.0223395949820095,1,19,0.029462738301559988,-1.0518023332835695,0.10932954,16
logistic_primary_sgd_l2,train,20180523,20,-0.05577515351207722,-1.1155030702415445,2,18,0.03879789203817108,-1.1543009622797156,0.1088022,14
logistic_primary_sgd_l2,train,20180524,20,-0.04749255179994625,-0.949851035998925,2,18,0.027151022032567695,-0.9770020580314926,0.10741111,17
logistic_primary_sgd_l2,train,20180525,20,-0.05628479747524697,-1.1256959495049395,2,18,0.02065350040392544,-1.146349449908865,0.10358367,16
logistic_primary_sgd_l2,train,20180528,20,-0.04296620336475347,-0.8593240672950695,1,19,0.028268551236749095,-0.8875926185318186,0.10180275,17
logistic_primary_sgd_l2,train,20180529,20,-0.015655514986576836,-0.3131102997315367,5,15,0.10003785771309937,-0.41314815744463607,0.10812094,16
logistic_primary_sgd_l2,train,20180530,20,0.0033302797141950835,0.06660559428390167,13,7,0.3469171316497892,-0.28031153736588754,0.100957096,17
logistic_primary_sgd_l2,train,20180531,20,0.0060121571063951555,0.1202431421279031,9,11,0.36255735440434833,-0.24231421227644523,0.1060706,15
logistic_primary_sgd_l2,train,20180601,20,-0.028610060947345178,-0.5722012189469036,5,15,0.153862023203029,-0.7260632421499326,0.10629805,16
logistic_primary_sgd_l2,train,20180604,20,-0.03626396770097215,-0.725279354019443,3,17,0.13304412801923982,-0.8583234820386828,0.10820129,14
logistic_primary_sgd_l2,train,20180605,20,-0.03329661386784948,-0.6659322773569897,2,18,0.13546111395573734,-0.801393391312727,0.107655086,14
logistic_primary_sgd_l2,train,20180606,20,-0.04038142978395738,-0.8076285956791476,1,19,0.07883817427385886,-0.8864667699530064,0.10873306,16
logistic_primary_sgd_l2,train,20180607,20,-0.04109232472999502,-0.8218464945999004,2,18,0.08007100430122183,-0.9019174989011223,0.11076532,13
logistic_primary_sgd_l2,train,20180608,20,-0.04623899448430106,-0.9247798896860212,2,18,0.09974941525346814,-1.0245293049394895,0.10681051,15
logistic_primary_sgd_l2,train,20180611,20,-0.11472318474276197,-2.2944636948552395,1,19,0.024767801857585203,-2.3192314967128245,0.10955846,16
logistic_primary_sgd_l2,train,20180612,20,-0.12726558932151832,-2.5453117864303665,0,20,0.0,-2.545311786430367,0.106790446,16
logistic_primary_sgd_l2,train,20180613,20,-0.13450819849826487,-2.6901639699652975,0,20,0.0,-2.6901639699652975,0.10741524,17
logistic_primary_sgd_l2,train,20180614,20,-0.12187624928665586,-2.437524985733117,0,20,0.0,-2.4375249857331167,0.108700015,17
logistic_primary_sgd_l2,train,20180615,20,-0.08180594203724412,-1.6361188407448823,0,20,0.0,-1.636118840744882,0.109068856,17
logistic_primary_sgd_l2,train,20180619,20,0.014909692885164656,0.2981938577032931,15,5,0.42739665570550844,-0.12920279800221535,0.10654958,16
logistic_primary_sgd_l2,train,20180620,20,0.0035760808585353853,0.07152161717070771,11,9,0.334381818341313,-0.26286020117060527,0.10042316,17
logistic_primary_sgd_l2,train,20180621,20,0.0363057885395079,0.726115770790158,17,3,0.7725362797117925,-0.04642050892163452,0.10112293,14
logistic_primary_sgd_l2,train,20180622,20,0.03434298388741281,0.6868596777482562,15,5,0.7639637198659195,-0.07710404211766331,0.1015743,19
logistic_primary_sgd_l2,train,20180625,20,0.04529198499137062,0.9058396998274123,20,0,0.9058396998274123,0.0,0.102700174,17
logistic_primary_sgd_l2,train,20180626,20,0.030420554635528917,0.6084110927105784,16,4,0.7578659249683164,-0.14945483225773804,0.10473858,16
logistic_primary_sgd_l2,train,20180627,20,0.010235498876360678,0.20470997752721354,12,8,0.39350729386724503,-0.1887973163400315,0.10672046,18
logistic_primary_sgd_l2,train,20180628,20,-0.001771619239521688,-0.03543238479043376,8,12,0.29579338174485414,-0.3312257665352879,0.1039089,15
logistic_primary_sgd_l2,train,20180629,20,-0.03506845794037757,-0.7013691588075515,4,16,0.030824403556469537,-0.732193562364021,0.10780281,15
logistic_primary_sgd_l2,train,20180702,20,0.00533925942431992,0.1067851884863984,8,12,0.4656364757399283,-0.3588512872535299,0.11080394,15
logistic_primary_sgd_l2,train,20180703,20,-0.01696944960533951,-0.3393889921067902,4,16,0.07022161529973614,-0.40961060740652633,0.11367104,15
logistic_primary_sgd_l2,train,20180704,20,-0.030523620525541407,-0.6104724105108281,2,18,0.05330611169652277,-0.6637785222073509,0.10768785,17
logistic_primary_sgd_l2,train,20180705,20,0.031834024456547164,0.6366804891309433,14,6,0.7630097471688229,-0.12632925803787953,0.10358026,14
logistic_primary_sgd_l2,train,20180706,20,0.026638515562645588,0.5327703112529117,17,3,0.6242570325236987,-0.09148672127078694,0.107835636,16
logistic_primary_sgd_l2,train,20180709,20,0.020816234637547965,0.4163246927509593,13,7,0.5266673665901902,-0.11034267383923091,0.10596261,15
logistic_primary_sgd_l2,train,20180710,20,0.02741193620667267,0.5482387241334534,14,6,0.6108045998296423,-0.06256587569618888,0.10735355,18
logistic_primary_sgd_l2,train,20180711,20,0.04189516945520716,0.8379033891041432,20,0,0.8379033891041432,0.0,0.10396755,17
logistic_primary_sgd_l2,train,20180712,20,0.03286205197679847,0.6572410395359695,11,9,0.780823180417543,-0.12358214088157349,0.109958604,17
logistic_primary_sgd_l2,train,20180713,20,0.014455903695184397,0.28911807390368793,12,8,0.38724029957612705,-0.09812222567243911,0.10896178,16
logistic_primary_sgd_l2,train,20180716,20,0.02029269402357255,0.405853880471451,15,5,0.44832062247317905,-0.042466742001728064,0.10549365,16
logistic_primary_sgd_l2,train,20180717,20,0.04480218431153858,0.8960436862307716,19,1,0.9150370385574573,-0.018993352326685753,0.10765258,18
logistic_primary_sgd_l2,train,20180718,20,0.03960048508661008,0.7920097017322015,18,2,0.8352403273157682,-0.04323062558356672,0.10593873,16
logistic_primary_sgd_l2,train,20180719,20,0.08511323810211201,1.7022647620422402,20,0,1.7022647620422402,0.0,0.10514104,17
logistic_primary_sgd_l2,train,20180720,20,0.04682162775487392,0.9364325550974784,20,0,0.9364325550974784,0.0,0.10879908,19
logistic_primary_sgd_l2,train,20180723,20,0.04592251474560667,0.9184502949121334,18,2,0.9184502949121334,0.0,0.10948273,19
logistic_primary_sgd_l2,train,20180724,20,0.022971458783707443,0.45942917567414887,13,7,0.5801977403468763,-0.12076856467272745,0.11165992,17
logistic_primary_sgd_l2,train,20180725,20,-0.00908619787645582,-0.1817239575291164,4,16,0.18937773604538033,-0.37110169357449674,0.10786935,16
logistic_primary_sgd_l2,train,20180726,20,-0.04267725806995309,-0.8535451613990618,4,16,0.04088136747744886,-0.8944265288765106,0.1010918,18
logistic_primary_sgd_l2,train,20180727,20,-0.044640981150594804,-0.8928196230118961,4,16,0.15904179866987378,-1.0518614216817699,0.102169015,16
logistic_primary_sgd_l2,train,20180730,20,-0.040861053638884474,-0.8172210727776895,5,15,0.1687943877352831,-0.9860154605129726,0.10383304,14
logistic_primary_sgd_l2,train,20180731,20,-0.043191844057335754,-0.8638368811467151,4,16,0.12511643997536037,-0.9889533211220755,0.1046317,14
logistic_primary_sgd_l2,train,20180801,20,-0.04759652264689086,-0.9519304529378172,4,16,0.06536940405335212,-1.0172998569911693,0.106015205,15
logistic_primary_sgd_l2,train,20180802,20,0.008955063715134538,0.17910127430269074,14,6,0.367111634638176,-0.18801036033548524,0.0971943,17
logistic_primary_sgd_l2,train,20180803,20,0.01746809839290045,0.349361967858009,13,7,0.5130045052587171,-0.1636425374007081,0.09731744,18
logistic_primary_sgd_l2,train,20180806,20,0.05389240202074226,1.0778480404148452,20,0,1.0778480404148452,0.0,0.0927911,16
logistic_primary_sgd_l2,train,20180807,20,0.02460068647763138,0.49201372955262757,18,2,0.5087652891016459,-0.016751559549018302,0.093850486,14
logistic_primary_sgd_l2,train,20180808,20,0.016799043780422913,0.33598087560845824,15,5,0.4453496001455466,-0.10936872453708835,0.090957195,15
logistic_primary_sgd_l2,train,20180809,20,0.00491283818005408,0.0982567636010816,9,11,0.2876110837946182,-0.1893543201935366,0.0964873,16
logistic_primary_sgd_l2,train,20180810,20,-0.023936750673567618,-0.4787350134713524,1,19,0.00866431477649443,-0.4873993282478468,0.0928015,15
logistic_primary_sgd_l2,train,20180813,20,-0.037146361974584,-0.74292723949168,1,19,0.009214212405819433,-0.7521414518974995,0.09782522,13
logistic_primary_sgd_l2,train,20180814,20,-0.023521977295913765,-0.4704395459182753,4,16,0.1550314570399831,-0.6254710029582584,0.098238625,14
logistic_primary_sgd_l2,train,20180815,20,-0.018530704389463398,-0.37061408778926797,5,15,0.10817059459415956,-0.47878468238342753,0.10120561,15
logistic_primary_sgd_l2,train,20180816,20,-0.012902268231206809,-0.2580453646241362,4,16,0.061621025120098594,-0.3196663897442348,0.09990644,15
logistic_primary_sgd_l2,train,20180817,20,0.021267178283449695,0.4253435656689939,15,5,0.5044665883506143,-0.07912302268162041,0.096459135,14
logistic_primary_sgd_l2,train,20180820,20,0.03855401282221916,0.7710802564443832,18,2,0.790020449008864,-0.018940192564480873,0.09154438,12
logistic_primary_sgd_l2,train,20180821,20,0.029190264470620907,0.5838052894124182,16,4,0.6321663759468721,-0.04836108653445392,0.08897772,14
logistic_primary_sgd_l2,train,20180822,20,0.02523236067265111,0.5046472134530222,16,4,0.5442288660859127,-0.039581652632890485,0.089510985,14
logistic_primary_sgd_l2,train,20180823,20,0.0076277808884047445,0.1525556177680949,9,11,0.31074950553221137,-0.15819388776411647,0.09440573,14
logistic_primary_sgd_l2,train,20180824,20,-0.013530038092587227,-0.27060076185174453,2,18,0.09284849196555833,-0.36344925381730286,0.093785204,17
logistic_primary_sgd_l2,train,20180827,20,-0.023040427216278893,-0.46080854432557783,4,16,0.11731406345118289,-0.5781226077767607,0.103112556,17
logistic_primary_sgd_l2,train,20180828,20,-0.018288514042810428,-0.36577028085620855,5,15,0.12683527314076537,-0.4926055539969739,0.105221234,16
logistic_primary_sgd_l2,train,20180829,20,-0.01677043643006566,-0.3354087286013132,3,17,0.13234231346730851,-0.4677510420686217,0.10078869,17
logistic_primary_sgd_l2,train,20180830,20,-0.011910317150946193,-0.23820634301892385,7,13,0.12069054185547778,-0.35889688487440163,0.10123317,15
logistic_primary_sgd_l2,train,20180831,20,0.0055657982857479915,0.11131596571495983,13,7,0.22148510673550792,-0.11016914102054809,0.10079116,15
logistic_primary_sgd_l2,train,20180903,20,-0.003920056812109341,-0.07840113624218681,5,15,0.1201725795946853,-0.1985737158368721,0.099932775,14
logistic_primary_sgd_l2,train,20180904,20,-0.01421163042507569,-0.2842326085015138,4,16,0.06499156961084607,-0.34922417811235984,0.09937369,15
logistic_primary_sgd_l2,train,20180905,20,0.0032333543946262864,0.06466708789252573,11,9,0.2661909019615052,-0.20152381406897946,0.102710165,17
logistic_primary_sgd_l2,train,20180906,20,-0.0011030071966299459,-0.02206014393259892,8,12,0.1477251404365647,-0.16978528436916362,0.10459621,15
logistic_primary_sgd_l2,train,20180907,20,-0.002303734770187399,-0.04607469540374798,8,12,0.2764960373203442,-0.3225707327240922,0.10139485,14
logistic_primary_sgd_l2,train,20180910,20,-0.01933509748148395,-0.38670194962967896,3,17,0.09773602827798533,-0.4844379779076643,0.10071506,15
logistic_primary_sgd_l2,train,20180911,20,0.010072038496654362,0.20144076993308724,15,5,0.36749768763615154,-0.1660569177030643,0.0988733,14
logistic_primary_sgd_l2,train,20180912,20,0.01874990608583098,0.3749981217166196,14,6,0.43782740178037205,-0.06282928006375244,0.097026914,16
logistic_primary_sgd_l2,train,20180913,20,0.004646105547426888,0.09292211094853775,10,10,0.3015258313890268,-0.20860372044048903,0.10002601,13
logistic_primary_sgd_l2,train,20180914,20,0.023855268140717683,0.4771053628143537,19,1,0.49528718099617186,-0.018181818181818188,0.098769285,15
logistic_primary_sgd_l2,train,20180917,20,0.03686417326545443,0.7372834653090886,18,2,0.765798316794237,-0.02851485148514843,0.09812466,19
logistic_primary_sgd_l2,train,20180918,20,0.02197613633158611,0.4395227266317222,17,3,0.4587227266317222,-0.019199999999999995,0.09470852,15
logistic_primary_sgd_l2,train,20180919,20,-0.0036389792508382925,-0.07277958501676585,6,14,0.2521467244583777,-0.32492630947514356,0.099653974,14
logistic_primary_sgd_l2,train,20180920,20,0.010990884105369908,0.21981768210739816,11,9,0.35616440468556054,-0.13634672257816238,0.095291,15
logistic_primary_sgd_l2,train,20180921,20,-0.024285593321029596,-0.48571186642059194,4,16,0.16172359603743058,-0.6474354624580225,0.098035716,17
logistic_primary_sgd_l2,train,20180925,20,-0.02401885563767353,-0.4803771127534706,3,17,0.11999561988267504,-0.6003727326361457,0.10001874,18
logistic_primary_sgd_l2,train,20180926,20,-0.02880486783142682,-0.5760973566285364,4,16,0.12550577927097395,-0.7016031358995104,0.09801604,18
logistic_primary_sgd_l2,train,20180927,20,-0.05771262215168754,-1.1542524430337509,2,18,0.0905598466574078,-1.2448122896911586,0.092993185,15
logistic_primary_sgd_l2,train,20180928,20,-0.09594616077161133,-1.9189232154322267,1,19,0.02411347517730489,-1.9430366906095315,0.10119079,16
logistic_primary_sgd_l2,train,20181008,20,-0.08619877439860144,-1.7239754879720286,0,20,0.0,-1.7239754879720288,0.09936619,17
logistic_primary_sgd_l2,train,20181009,20,-0.10210235872394513,-2.0420471744789026,1,19,0.03187546330615265,-2.0739226377850546,0.10030818,18
logistic_primary_sgd_l2,train,20181010,20,-0.09229902701457422,-1.8459805402914844,1,19,0.05462653288740249,-1.9006070731788867,0.09803213,14
logistic_primary_sgd_l2,train,20181011,20,-0.05314034302719972,-1.0628068605439944,2,18,0.1268927557207551,-1.1896996162647495,0.09196009,15
logistic_primary_sgd_l2,train,20181012,20,-0.02999586971625857,-0.5999173943251714,2,18,0.30913527527832807,-0.9090526696034995,0.094431646,15
logistic_primary_sgd_l2,train,20181015,20,0.02438726743322676,0.4877453486645352,16,4,0.5747324225619868,-0.08698707389745153,0.09182292,18
logistic_primary_sgd_l2,train,20181016,20,0.03493450994713872,0.6986901989427743,18,2,0.7516960467507776,-0.053005847808003326,0.09032943,15
logistic_primary_sgd_l2,train,20181017,20,0.06305018833412708,1.2610037666825415,19,1,1.3215364543338732,-0.060532687651331685,0.093792185,13
logistic_primary_sgd_l2,train,20181018,20,0.09624702225007849,1.9249404450015697,19,1,1.9997870707684409,-0.07484662576687118,0.09438882,16
logistic_primary_sgd_l2,train,20181019,20,0.049746338259722106,0.9949267651944421,19,1,1.0861589926825939,-0.09123222748815174,0.10036876,15
logistic_primary_sgd_l2,train,20181022,20,0.002669916923778648,0.05339833847557296,9,11,0.27706547443872265,-0.2236671359631497,0.097062916,17
logistic_primary_sgd_l2,train,20181023,20,0.028269691582067324,0.5653938316413465,18,2,0.5781643944119095,-0.012770562770562988,0.096966766,14
logistic_primary_sgd_l2,train,20181024,20,0.05479404258944339,1.0958808517888678,19,1,1.102956323486981,-0.007075471698113178,0.098242305,13
logistic_primary_sgd_l2,train,20181025,20,0.03779475123044472,0.7558950246088945,19,1,0.758259090802748,-0.0023640661938535423,0.09416498,15
logistic_primary_sgd_l2,train,20181026,20,0.0627360052497863,1.254720104995726,20,0,1.254720104995726,0.0,0.09671457,17
logistic_primary_sgd_l2,train,20181029,20,0.09519186033178609,1.9038372066357216,20,0,1.9038372066357216,0.0,0.10135654,15
logistic_primary_sgd_l2,train,20181030,20,0.05837706360432828,1.1675412720865657,20,0,1.1675412720865657,0.0,0.09775749,18
logistic_primary_sgd_l2,train,20181031,20,0.041177951729708326,0.8235590345941665,18,2,0.8355350824983581,-0.0119760479041916,0.09923048,18
logistic_primary_sgd_l2,train,20181101,20,0.04821601489026676,0.9643202978053351,19,1,0.9687255841489473,-0.004405286343612147,0.09783384,17
logistic_primary_sgd_l2,train,20181102,20,0.047889603230240975,0.9577920646048195,18,2,0.9780455841516251,-0.020253519546805654,0.09713219,16
logistic_primary_sgd_l2,train,20181105,20,0.04929528101743906,0.9859056203487813,20,0,0.9859056203487813,0.0,0.09467411,16
logistic_primary_sgd_l2,train,20181106,20,0.07639705784698808,1.5279411569397616,20,0,1.5279411569397616,0.0,0.09524213,17
logistic_primary_sgd_l2,train,20181107,20,0.07259648543726051,1.45192970874521,20,0,1.45192970874521,0.0,0.094679154,19
logistic_primary_sgd_l2,train,20181108,20,0.07130887249363002,1.4261774498726005,20,0,1.4261774498726005,0.0,0.09377655,17
logistic_primary_sgd_l2,train,20181109,20,0.0831276126025218,1.662552252050436,19,1,1.6751705485804045,-0.012618296529968376,0.09492912,14
logistic_primary_sgd_l2,train,20181112,20,0.08210656328367287,1.6421312656734575,20,0,1.6421312656734575,0.0,0.089848675,15
logistic_primary_sgd_l2,train,20181113,20,0.006638646257506209,0.13277292515012418,8,12,0.3608613409472967,-0.22808841579717254,0.09061165,12
logistic_primary_sgd_l2,train,20181114,20,0.020803794532022586,0.4160758906404517,14,6,0.5381503898607598,-0.12207449922030811,0.085407816,16
logistic_primary_sgd_l2,train,20181115,20,0.012020479139903006,0.24040958279806013,12,8,0.31433585594133473,-0.0739262731432746,0.08478148,17
logistic_primary_sgd_l2,train,20181116,20,-0.026362774642543697,-0.5272554928508739,4,16,0.12978160813474893,-0.6570371009856228,0.08322608,17
logistic_primary_sgd_l2,train,20181119,20,-0.03808842449366685,-0.7617684898733371,2,18,0.08505697218494257,-0.8468254620582797,0.08502497,15
logistic_primary_sgd_l2,train,20181120,20,0.004178357150433037,0.08356714300866075,7,13,0.28360400215964643,-0.20003685915098568,0.08333762,13
logistic_primary_sgd_l2,train,20181121,20,-0.012643594029794614,-0.2528718805958923,5,15,0.21287106026018154,-0.4657429408560738,0.08668618,13
logistic_primary_sgd_l2,train,20181122,20,-0.01790983412220304,-0.3581966824440608,5,15,0.2507715459429565,-0.6089682283870173,0.08946148,14
logistic_primary_sgd_l2,train,20181123,20,0.0367645231626742,0.735290463253484,16,4,0.8392941628242843,-0.10400369957080025,0.08709049,15
logistic_primary_sgd_l2,train,20181126,20,0.036450426935624364,0.7290085387124873,17,3,0.7522456649649036,-0.023237126252416362,0.09414083,15
logistic_primary_sgd_l2,train,20181127,20,0.029584939347166116,0.5916987869433223,19,1,0.6060725035757659,-0.014373716632443578,0.09156228,16
logistic_primary_sgd_l2,train,20181128,20,0.009306523715078207,0.18613047430156415,9,11,0.3305988904396844,-0.14446841613812023,0.09364535,15
logistic_primary_sgd_l2,train,20181129,20,0.028257376059981833,0.5651475211996366,18,2,0.5939155073421873,-0.028767986142550717,0.087635495,15
logistic_primary_sgd_l2,train,20181130,20,0.0024383751838858714,0.04876750367771743,10,10,0.23069964382821362,-0.1819321401504962,0.08586776,17
logistic_primary_sgd_l2,train,20181203,20,-0.02106594637836936,-0.4213189275673872,3,17,0.12123392413501977,-0.542552851702407,0.087487966,14
logistic_primary_sgd_l2,train,20181204,20,-0.013212948668957886,-0.2642589733791577,5,15,0.056820699411589404,-0.3210796727907471,0.08805384,16
logistic_primary_sgd_l2,train,20181205,20,-0.020584421627365686,-0.4116884325473137,1,19,0.0034305317324183626,-0.41511896427973205,0.088939436,16
logistic_primary_sgd_l2,train,20181206,20,0.004136105944386742,0.08272211888773484,10,10,0.19377285228352226,-0.11105073339578742,0.09442486,14
logistic_primary_sgd_l2,train,20181207,20,-0.004218244329778242,-0.08436488659556485,5,15,0.23110417916345027,-0.3154690657590151,0.0956864,16
logistic_primary_sgd_l2,train,20181210,20,-0.002434366617053174,-0.04868733234106348,8,12,0.13586522823456249,-0.18455256057562597,0.09486699,16
logistic_primary_sgd_l2,train,20181211,20,-0.03097695314959343,-0.6195390629918686,1,19,0.0009624639076033503,-0.6205015268994719,0.09349412,17
logistic_primary_sgd_l2,train,20181212,20,-0.028535909782859116,-0.5707181956571823,2,18,0.09697978907499905,-0.6676979847321813,0.096383,18
logistic_primary_sgd_l2,train,20181213,20,-0.016955668443008814,-0.3391133688601763,6,14,0.2538981824476747,-0.593011551307851,0.09250881,15
logistic_primary_sgd_l2,train,20181214,20,-0.013222206870284154,-0.26444413740568307,7,13,0.14321137145871665,-0.4076555088643997,0.08799244,14
logistic_primary_sgd_l2,train,20181217,20,-0.0019662490347371886,-0.03932498069474377,9,11,0.17397933647664643,-0.2133043171713902,0.090882726,16
logistic_primary_sgd_l2,train,20181218,20,-0.006883214704264201,-0.13766429408528402,8,12,0.20001843087268867,-0.3376827249579727,0.09416986,16
logistic_primary_sgd_l2,train,20181219,20,0.01597902284427601,0.31958045688552017,13,7,0.4977386797242842,-0.17815822283876404,0.093268834,15
logistic_primary_sgd_l2,train,20181220,20,-0.015463889957952458,-0.3092777991590492,3,17,0.11884840906620608,-0.42812620822525527,0.09823242,16
logistic_primary_sgd_l2,train,20181221,20,-0.0014030382242461558,-0.028060764484923117,5,15,0.32904890870782566,-0.3571096731927488,0.09734993,16
logistic_primary_sgd_l2,train,20181224,20,-0.008799041304969186,-0.1759808260993837,5,15,0.13809549170829882,-0.3140763178076825,0.0964335,19
logistic_primary_sgd_l2,train,20181225,20,-0.001537918391285653,-0.030758367825713062,8,12,0.12381185747912382,-0.15457022530483688,0.10111699,16
logistic_primary_sgd_l2,train,20181226,20,0.014349822385000866,0.2869964477000173,13,7,0.38940973750704044,-0.10241328980702313,0.10002985,17
logistic_primary_sgd_l2,train,20181227,20,0.052997647960632555,1.059952959212651,20,0,1.059952959212651,0.0,0.09945433,17
logistic_primary_sgd_l2,train,20181228,20,0.048247963529415905,0.9649592705883181,20,0,0.9649592705883181,0.0,0.099566065,14
logistic_primary_sgd_l2,train,20190102,20,0.049743693781916246,0.9948738756383249,17,3,1.0558896266687758,-0.06101575103045098,0.09948877,16
logistic_primary_sgd_l2,train,20190103,20,0.055742194406391644,1.1148438881278329,19,1,1.122343888127833,-0.007500000000000062,0.10117372,17
logistic_primary_sgd_l2,train,20190104,20,0.04073931659097639,0.8147863318195279,19,1,0.8200885587548405,-0.005302226935312682,0.09992267,17
logistic_primary_sgd_l2,train,20190107,20,0.02211293834468227,0.4422587668936454,17,3,0.4761984455977222,-0.03393967870407677,0.10157196,18
logistic_primary_sgd_l2,train,20190108,20,0.03572194387770197,0.7144388775540395,19,1,0.7242668873820495,-0.00982800982801002,0.09874363,14
logistic_primary_sgd_l2,train,20190109,20,0.03312041768917685,0.6624083537835369,15,5,0.7124891813989587,-0.050080827615421764,0.099644035,15
logistic_primary_sgd_l2,train,20190110,20,0.024098958361600854,0.48197916723201706,13,7,0.5144637646759764,-0.03248459744395937,0.09774651,16
logistic_primary_sgd_l2,train,20190111,20,0.008902706968146035,0.1780541393629207,13,7,0.25120824914565065,-0.07315410978272996,0.09693968,16
logistic_primary_sgd_l2,train,20190114,20,0.013551619308007728,0.27103238616015457,14,6,0.30897254583187594,-0.037940159671721374,0.09447272,16
logistic_primary_sgd_l2,train,20190115,20,-0.002257560327609237,-0.04515120655218474,8,12,0.1777279628001438,-0.22287916935232854,0.0969739,16
logistic_primary_sgd_l2,train,20190116,20,-0.013716476780357045,-0.2743295356071409,4,16,0.08617852326743103,-0.36050805887457193,0.0916046,16
logistic_primary_sgd_l2,train,20190117,20,-0.0016640848987936163,-0.033281697975872326,10,10,0.10427417510913917,-0.1375558730850115,0.09703433,16
logistic_primary_sgd_l2,train,20190118,20,-0.016966380267152838,-0.3393276053430567,4,16,0.09036043293829787,-0.4296880382813546,0.10021528,17
logistic_primary_sgd_l2,train,20190121,20,-0.02839658148103555,-0.567931629620711,1,19,0.004152823920265725,-0.5720844535409767,0.099174835,15
logistic_primary_sgd_l2,train,20190122,20,-0.033681176966836736,-0.6736235393367347,2,18,0.07899885330329126,-0.752622392640026,0.10067655,16
logistic_primary_sgd_l2,train,20190123,20,-0.04549805347395893,-0.9099610694791787,2,18,0.006830342740814066,-0.9167914122199927,0.099256605,17
logistic_primary_sgd_l2,train,20190124,20,-0.05944188166419595,-1.188837633283919,1,19,0.06368563685636852,-1.2525232701402875,0.09932798,17
logistic_primary_sgd_l2,train,20190125,20,-0.049012998316620184,-0.9802599663324036,2,18,0.03979769865366012,-1.0200576649860638,0.10385553,16
logistic_primary_sgd_l2,train,20190128,20,-0.008518459752459235,-0.17036919504918469,8,12,0.16641394190580772,-0.3367831369549924,0.101524614,16
logistic_primary_sgd_l2,train,20190129,20,0.029653099402688277,0.5930619880537655,18,2,0.67777121955848,-0.08470923150471443,0.09447276,18
logistic_primary_sgd_l2,train,20190130,20,0.047038992358888566,0.9407798471777713,20,0,0.9407798471777713,0.0,0.0961048,16
logistic_primary_sgd_l2,train,20190131,20,0.07173675088965226,1.4347350177930451,19,1,1.4360577691157965,-0.001322751322751281,0.09411492,15
logistic_primary_sgd_l2,train,20190201,20,0.05984153587230641,1.1968307174461281,19,1,1.2020458413053197,-0.005215123859191539,0.09503947,17
logistic_primary_sgd_l2,train,20190211,20,0.06677148456059222,1.3354296912118444,20,0,1.3354296912118444,0.0,0.1018883,17
logistic_primary_sgd_l2,train,20190212,20,0.05623555974120277,1.1247111948240553,20,0,1.1247111948240553,0.0,0.10722406,17
logistic_primary_sgd_l2,train,20190213,20,0.045825028906366236,0.9165005781273248,20,0,0.9165005781273248,0.0,0.10838564,16
logistic_primary_sgd_l2,train,20190214,20,0.05219231851043364,1.0438463702086729,19,1,1.044659378338754,-0.0008130081300813385,0.1152667,13
logistic_primary_sgd_l2,train,20190215,20,0.06695087115654175,1.339017423130835,20,0,1.339017423130835,0.0,0.11386919,15
logistic_primary_sgd_l2,train,20190218,20,0.06533667325535297,1.3067334651070595,20,0,1.3067334651070595,0.0,0.11108408,15
logistic_primary_sgd_l2,train,20190219,20,0.06289081781971513,1.2578163563943026,20,0,1.2578163563943026,0.0,0.11200031,15
logistic_primary_sgd_l2,train,20190220,20,0.06282344414817558,1.2564688829635116,20,0,1.2564688829635116,0.0,0.109714985,16
logistic_primary_sgd_l2,train,20190221,20,0.08265219992606429,1.6530439985212857,20,0,1.6530439985212857,0.0,0.11533775,15
logistic_primary_sgd_l2,train,20190222,20,0.05112467413887249,1.02249348277745,20,0,1.02249348277745,0.0,0.11224872,15
logistic_primary_sgd_l2,train,20190225,20,0.05581777159005846,1.1163554318011693,19,1,1.1177366472707824,-0.0013812154696131174,0.11399801,15
logistic_primary_sgd_l2,train,20190226,20,0.05780793654270735,1.156158730854147,19,1,1.1575380411989746,-0.0013793103448276334,0.113926455,15
logistic_primary_sgd_l2,train,20190227,20,0.07547406635327968,1.5094813270655936,20,0,1.5094813270655936,0.0,0.10950948,19
logistic_primary_sgd_l2,train,20190228,20,0.07406796560758117,1.4813593121516233,20,0,1.4813593121516233,0.0,0.109218076,17
logistic_primary_sgd_l2,train,20190301,20,0.018021099427890708,0.36042198855781415,16,4,0.41183107845857947,-0.051409089900765315,0.10733862,17
logistic_primary_sgd_l2,train,20190304,20,0.05310401084674684,1.0620802169349368,20,0,1.0620802169349368,0.0,0.11250313,16
logistic_primary_sgd_l2,train,20190305,20,0.0551592419604738,1.103184839209476,18,2,1.1345750194557853,-0.03139018024630924,0.10972737,16
logistic_primary_sgd_l2,train,20190306,20,0.02055126253505509,0.41102525070110185,13,7,0.5871777331566923,-0.17615248245559045,0.106026866,16
logistic_primary_sgd_l2,train,20190307,20,-0.013812650294890705,-0.2762530058978141,4,16,0.2308466490340395,-0.5070996549318536,0.10222112,16
logistic_primary_sgd_l2,train,20190308,20,0.05041296058260094,1.0082592116520188,17,3,1.0385747272759438,-0.03031551562392487,0.10065154,16
logistic_primary_sgd_l2,train,20190311,20,0.02499476773254842,0.49989535465096835,16,4,0.5650570523258052,-0.06516169767483682,0.1038178,17
logistic_primary_sgd_l2,train,20190312,20,0.04346408434079395,0.869281686815879,17,3,0.921380641038452,-0.052098954222572935,0.10405828,16
logistic_primary_sgd_l2,train,20190313,20,0.045110786689675705,0.902215733793514,17,3,0.9400260921911829,-0.037810358397668886,0.10475904,18
logistic_primary_sgd_l2,train,20190314,20,0.058861124124697004,1.1772224824939401,20,0,1.1772224824939401,0.0,0.108096525,17
logistic_primary_sgd_l2,train,20190315,20,0.07492320574301528,1.4984641148603055,18,2,1.5443457139390047,-0.045881599078699264,0.11138399,15
logistic_primary_sgd_l2,train,20190318,20,0.029505107983681785,0.5901021596736357,17,3,0.6812722413869532,-0.09117008171331753,0.11251272,16
logistic_primary_sgd_l2,train,20190319,20,0.021096643309470642,0.42193286618941284,11,9,0.7232757352883608,-0.3013428690989479,0.112313926,14
logistic_primary_sgd_l2,train,20190320,20,0.03300052517981869,0.6600105035963738,10,10,0.8747328314930394,-0.21472232789666557,0.10917423,16
logistic_primary_sgd_l2,train,20190321,20,-0.006969082338273658,-0.13938164676547316,4,16,0.46264959548927975,-0.6020312422547529,0.10852127,14
logistic_primary_sgd_l2,train,20190322,20,0.02259260298183142,0.45185205963662844,11,9,0.6314448813628997,-0.17959282172627122,0.101092264,14
logistic_primary_sgd_l2,train,20190325,20,0.03871856158982922,0.7743712317965844,17,3,0.7986380935950916,-0.024266861798507233,0.09648574,15
logistic_primary_sgd_l2,train,20190326,20,0.05207854436370287,1.0415708872740574,20,0,1.0415708872740574,0.0,0.097997166,15
logistic_primary_sgd_l2,train,20190327,20,0.06378550804963211,1.2757101609926422,20,0,1.2757101609926422,0.0,0.10003173,12
logistic_primary_sgd_l2,train,20190328,20,0.08525033297017136,1.7050066594034272,20,0,1.7050066594034272,0.0,0.09987213,14
logistic_primary_sgd_l2,train,20190329,20,0.0635464557953088,1.2709291159061762,19,1,1.2919623262382793,-0.021033210332103147,0.09888615,16
logistic_primary_sgd_l2,train,20190401,20,0.03981878426100789,0.7963756852201579,16,4,0.8713045196298725,-0.07492883440971465,0.10277005,16
logistic_primary_sgd_l2,train,20190402,20,0.030871230144713685,0.6174246028942737,18,2,0.6731155954428436,-0.055690992548569906,0.10351135,14
logistic_primary_sgd_l2,train,20190403,20,0.017101784915465594,0.3420356983093119,13,7,0.440640679117132,-0.0986049808078201,0.10354854,16
logistic_primary_sgd_l2,train,20190404,20,0.0013013597364986307,0.026027194729972614,9,11,0.28190730202757175,-0.25588010729759914,0.101349056,16
logistic_primary_sgd_l2,train,20190408,20,0.011485380129999978,0.22970760259999956,10,10,0.39872296273987207,-0.1690153601398725,0.101296924,14
logistic_primary_sgd_l2,train,20190409,20,0.01466498026999607,0.2932996053999214,13,7,0.3847353122375674,-0.09143570683764601,0.10035758,16
logistic_primary_sgd_l2,train,20190410,20,0.01502314794491777,0.3004629588983554,13,7,0.3985316678875259,-0.09806870898917053,0.099259146,16
logistic_primary_sgd_l2,train,20190411,20,0.0203121910901713,0.406243821803426,15,5,0.48413000917848437,-0.07788618737505837,0.10218267,18
logistic_primary_sgd_l2,train,20190412,20,0.013667305611092907,0.2733461122218581,14,6,0.38405113853303074,-0.11070502631117263,0.10206817,16
logistic_primary_sgd_l2,train,20190415,20,0.016959121475772925,0.3391824295154585,14,6,0.43991045483976277,-0.10072802532430425,0.106025696,17
logistic_primary_sgd_l2,train,20190416,20,-0.009133915189843416,-0.18267830379686834,6,14,0.2198699534887003,-0.40254825728556864,0.10490739,14
logistic_primary_sgd_l2,train,20190417,20,-0.01369714664337065,-0.273942932867413,3,17,0.2030904774677793,-0.4770334103351923,0.105966344,15
logistic_primary_sgd_l2,train,20190418,20,-0.043553291785469364,-0.8710658357093873,1,19,0.05306122448979611,-0.9241270601991834,0.10137667,19
logistic_primary_sgd_l2,train,20190419,20,-0.03941470561077975,-0.788294112215595,4,16,0.25757581076653935,-1.0458699229821344,0.1002996,16
logistic_primary_sgd_l2,train,20190422,20,-0.09012947789334866,-1.8025895578669733,2,18,0.08400382325942357,-1.886593381126397,0.09959625,18
logistic_primary_sgd_l2,train,20190423,20,-0.0693216031009293,-1.386432062018586,1,19,0.01821493624772308,-1.4046469982663092,0.10148971,18
logistic_primary_sgd_l2,train,20190424,20,-0.11582595749814015,-2.316519149962803,0,20,0.0,-2.3165191499628026,0.10747039,18
logistic_primary_sgd_l2,train,20190425,20,-0.06854065356934416,-1.3708130713868831,1,19,0.06692307692307686,-1.43773614830996,0.10421443,19
logistic_primary_sgd_l2,train,20190426,20,-0.061194141513526056,-1.2238828302705211,0,20,0.0,-1.2238828302705214,0.108473204,16
logistic_primary_sgd_l2,train,20190429,20,-0.025004483847048585,-0.5000896769409717,6,14,0.07230880350772217,-0.5723984804486939,0.09942761,18
logistic_primary_sgd_l2,train,20190430,20,0.0069153432273297896,0.1383068645465958,10,10,0.35824891587514895,-0.21994205132855316,0.10518213,17
logistic_primary_sgd_l2,train,20190506,20,0.06066692825853357,1.2133385651706714,19,1,1.2423127233539133,-0.028974158183241894,0.094400205,19
logistic_primary_sgd_l2,train,20190507,20,0.02629125482291898,0.5258250964583796,17,3,0.5874116349199181,-0.0615865384615385,0.09539873,19
logistic_primary_sgd_l2,train,20190508,20,0.04014411000122021,0.8028822000244041,19,1,0.8337463975552684,-0.030864197530864224,0.09436087,18
logistic_primary_sgd_l2,train,20190509,20,0.040732953801299474,0.8146590760259895,19,1,0.8841454808598264,-0.06948640483383683,0.09869603,14
logistic_primary_sgd_l2,train,20190510,20,-0.013686635019319904,-0.2737327003863981,3,17,0.10806938769818908,-0.38180208808458715,0.0992664,14
logistic_primary_sgd_l2,train,20190513,20,-0.018254631868293653,-0.36509263736587305,3,17,0.10752783548922307,-0.4726204728550961,0.10103872,15
logistic_primary_sgd_l2,train,20190514,20,-0.0035246274126899237,-0.07049254825379847,7,13,0.1438832829575616,-0.21437583121136006,0.10085094,13
logistic_primary_sgd_l2,train,20190515,20,-0.02013330090807145,-0.402666018161429,5,15,0.1067589143814589,-0.5094249325428879,0.10057344,16
logistic_primary_sgd_l2,train,20190516,20,-0.053744820934644055,-1.074896418692881,0,20,0.0,-1.0748964186928813,0.097883955,15
logistic_primary_sgd_l2,train,20190517,20,-0.01017227808099801,-0.2034455616199602,6,14,0.24898510585057276,-0.45243066747053295,0.09257834,14
logistic_primary_sgd_l2,train,20190520,20,0.011069094015810809,0.2213818803162162,14,6,0.2888866103382315,-0.06750473002201529,0.09525548,15
logistic_primary_sgd_l2,train,20190521,20,-7.746922056443561e-05,-0.0015493844112887123,9,11,0.2116273249474503,-0.213176709358739,0.09847358,18
logistic_primary_sgd_l2,train,20190522,20,0.008205917245826538,0.16411834491653077,14,6,0.24367443958933155,-0.07955609467280078,0.09981708,17
logistic_primary_sgd_l2,train,20190523,20,0.024334004417774092,0.4866800883554818,16,4,0.5220434968396335,-0.03536340848415165,0.09860323,15
logistic_primary_sgd_l2,train,20190524,20,0.050786466829592994,1.0157293365918598,18,2,1.0246252602104946,-0.008895923618634782,0.10122182,16
logistic_primary_sgd_l2,train,20190527,20,-0.017688590116678626,-0.3537718023335725,3,17,0.04171857961224945,-0.395490381945822,0.101822376,15
logistic_primary_sgd_l2,train,20190528,20,-0.0282681824363911,-0.565363648727822,1,19,0.10200803212851417,-0.6673716808563361,0.101111785,15
logistic_primary_sgd_l2,train,20190529,20,-0.025759119542110482,-0.5151823908422096,3,17,0.13817554319044056,-0.6533579340326502,0.10365126,15
logistic_primary_sgd_l2,train,20190530,20,-0.04541040639926795,-0.908208127985359,0,20,0.0,-0.908208127985359,0.09517144,15
logistic_primary_sgd_l2,train,20190531,20,-0.043741232938111184,-0.8748246587622237,0,20,0.0,-0.8748246587622237,0.096945465,15
logistic_primary_sgd_l2,train,20190603,20,0.006745602469594808,0.13491204939189616,13,7,0.2868255068262455,-0.15191345743434936,0.099061765,16
logistic_primary_sgd_l2,train,20190604,20,0.008170147025831038,0.16340294051662074,14,6,0.2393448490618426,-0.07594190854522187,0.09813403,16
logistic_primary_sgd_l2,train,20190605,20,0.020394758239445025,0.40789516478890053,18,2,0.47887210629013865,-0.07097694150123812,0.101916514,15
logistic_primary_sgd_l2,train,20190606,20,0.03133657935759312,0.6267315871518624,18,2,0.6702820505000597,-0.043550463348197344,0.09927056,16
logistic_primary_sgd_l2,train,20190610,20,0.030220308935347984,0.6044061787069597,14,6,0.6760093771599784,-0.07160319845301877,0.09773822,16
logistic_primary_sgd_l2,train,20190611,20,-0.0015633565136615845,-0.03126713027323169,4,16,0.27755598153890193,-0.3088231118121336,0.099121615,19
logistic_primary_sgd_l2,train,20190612,20,0.00846353055443203,0.1692706110886406,13,7,0.239964962244811,-0.0706943511561704,0.09824328,16
logistic_primary_sgd_l2,train,20190613,20,0.016725707199019463,0.33451414398038926,17,3,0.3632903856598566,-0.02877624167946735,0.09499414,17
logistic_primary_sgd_l2,train,20190614,20,0.059140780368683844,1.1828156073736769,20,0,1.1828156073736769,0.0,0.099447586,16
logistic_primary_sgd_l2,train,20190617,20,0.042967311117376575,0.8593462223475314,20,0,0.8593462223475314,0.0,0.10488027,17
logistic_primary_sgd_l2,train,20190618,20,0.027493384772580252,0.5498676954516051,16,4,0.595613117777583,-0.04574542232597789,0.1002959,16
logistic_primary_sgd_l2,train,20190619,20,0.025817274424309627,0.5163454884861925,17,3,0.5533872629482062,-0.03704177446201362,0.09984918,15
logistic_primary_sgd_l2,train,20190620,20,-0.00893932446158604,-0.1787864892317208,9,11,0.1517925512292304,-0.3305790404609512,0.09782808,18
logistic_primary_sgd_l2,train,20190621,20,-0.015021820663583634,-0.3004364132716727,3,17,0.07673409088578986,-0.37717050415746256,0.097712606,17
logistic_primary_sgd_l2,train,20190624,20,-0.0010127011874575154,-0.020254023749150307,9,11,0.11560255782082174,-0.13585658156997205,0.09982999,19
logistic_primary_sgd_l2,train,20190625,20,0.024567872721928896,0.4913574544385779,18,2,0.519832412688817,-0.028474958250239046,0.09821562,20
logistic_primary_sgd_l2,train,20190626,20,0.012750599186130196,0.2550119837226039,14,6,0.28582491039337654,-0.030812926670772622,0.09701295,18
logistic_primary_sgd_l2,train,20190627,20,0.005136933420061146,0.10273866840122292,14,6,0.27329917239558155,-0.17056050399435863,0.10518863,18
logistic_primary_sgd_l2,train,20190628,20,0.024121017853138076,0.48242035706276154,17,3,0.5148345060713708,-0.03241414900860928,0.101843834,15
logistic_primary_sgd_l2,train,20190701,20,-0.011731959683803972,-0.23463919367607944,3,17,0.2806249959094269,-0.5152641895855063,0.09886918,15
logistic_primary_sgd_l2,train,20190702,20,-0.03578688530223531,-0.7157377060447062,2,18,0.02481804471837923,-0.7405557507630854,0.09799448,16
logistic_primary_sgd_l2,train,20190703,20,-0.03904064595268468,-0.7808129190536935,2,18,0.027349297049588328,-0.8081622161032819,0.099923655,15
logistic_primary_sgd_l2,train,20190704,20,-0.03569562144725398,-0.7139124289450797,1,19,0.016096579476861272,-0.7300090084219409,0.102158025,16
logistic_primary_sgd_l2,train,20190705,20,-0.02470006034195792,-0.4940012068391584,1,19,0.016711229946523964,-0.5107124367856823,0.10249519,19
logistic_primary_sgd_l2,train,20190708,20,-0.002479115419538097,-0.04958230839076194,9,11,0.16790223097364998,-0.21748453936441192,0.10285594,15
logistic_primary_sgd_l2,train,20190709,20,0.004069518560715468,0.08139037121430936,11,9,0.1709146224689646,-0.08952425125465524,0.10275085,15
logistic_primary_sgd_l2,train,20190710,20,0.022518575416720282,0.45037150833440565,17,3,0.48252024065120547,-0.03214873231679982,0.09997632,15
logistic_primary_sgd_l2,train,20190711,20,0.0055331289847660335,0.11066257969532067,9,11,0.2798722086055001,-0.16920962891017943,0.09738619,16
logistic_primary_sgd_l2,train,20190712,20,0.008407341701780435,0.1681468340356087,10,10,0.28171511528873183,-0.11356828125312313,0.09987963,18
logistic_primary_sgd_l2,train,20190715,20,-0.044624134669180596,-0.8924826933836119,0,20,0.0,-0.8924826933836119,0.098798886,18
logistic_primary_sgd_l2,train,20190716,20,-0.026874078920041945,-0.5374815784008389,3,17,0.06280938852147333,-0.6002909669223122,0.10076524,18
logistic_primary_sgd_l2,train,20190717,20,-0.010409888310820547,-0.20819776621641095,6,14,0.1997210808610128,-0.40791884707742376,0.10253058,16
logistic_primary_sgd_l2,train,20190718,20,0.0011782453975165308,0.023564907950330616,8,12,0.18727752984807045,-0.16371262189773983,0.09954705,18
logistic_primary_sgd_l2,train,20190719,20,-0.0016088398234498035,-0.03217679646899607,8,12,0.2106458490991776,-0.24282264556817368,0.1019928,16
logistic_primary_sgd_l2,train,20190722,20,0.01829751532342435,0.36595030646848703,18,2,0.44065769434909785,-0.07470738788061082,0.09275676,18
logistic_primary_sgd_l2,train,20190723,20,0.01207305537864955,0.241461107572991,14,6,0.29140096500796053,-0.04993985743496954,0.097020105,17
logistic_primary_sgd_l2,train,20190724,20,-0.003589439006127876,-0.07178878012255752,6,14,0.10816384291702663,-0.17995262303958415,0.098295316,18
logistic_primary_sgd_l2,train,20190725,20,0.0010207586677008606,0.020415173354017213,7,13,0.2617332134291208,-0.2413180400751036,0.09680377,17
logistic_primary_sgd_l2,train,20190726,20,-0.01771493741618187,-0.3542987483236374,3,17,0.1285558034170302,-0.4828545517406676,0.10071319,16
logistic_primary_sgd_l2,train,20190729,20,-0.03582062612590635,-0.716412522518127,2,18,0.03495362418412906,-0.7513661467022561,0.10015994,17
logistic_primary_sgd_l2,train,20190730,20,-0.07322777253726824,-1.4645554507453649,0,20,0.0,-1.4645554507453649,0.09868774,16
logistic_primary_sgd_l2,train,20190731,20,-0.055794581587675696,-1.115891631753514,1,19,0.07643678160919554,-1.1923284133627097,0.10243025,16
logistic_primary_sgd_l2,train,20190801,20,-0.039709249417797056,-0.7941849883559411,1,19,0.028571428571428692,-0.8227564169273698,0.10245284,16
logistic_primary_sgd_l2,train,20190802,20,-0.043397557237368496,-0.8679511447473699,1,19,0.017974835230677,-0.8859259799780469,0.10303732,16
logistic_primary_sgd_l2,train,20190805,20,-0.010040714494023818,-0.20081428988047634,5,15,0.06631098585532058,-0.2671252757357969,0.1035922,17
logistic_primary_sgd_l2,train,20190806,20,0.002987574600234644,0.059751492004692874,13,7,0.16708682655204066,-0.10733533454734778,0.102647565,15
logistic_primary_sgd_l2,train,20190807,20,0.008331685690104873,0.16663371380209746,12,8,0.22856416179261863,-0.061930447990521165,0.104880944,16
logistic_primary_sgd_l2,train,20190808,20,0.013138927554511154,0.2627785510902231,15,5,0.3296428182989395,-0.06686426720871641,0.10591992,15
logistic_primary_sgd_l2,train,20190809,20,0.03570209712047437,0.7140419424094874,18,2,0.729136282032129,-0.015094339622641617,0.102180675,14
logistic_primary_sgd_l2,train,20190812,20,0.036871297538840234,0.7374259507768046,19,1,0.7530509507768046,-0.015625,0.1029616,16
logistic_primary_sgd_l2,train,20190813,20,0.030318360608287676,0.6063672121657535,20,0,0.6063672121657535,0.0,0.10325583,13
logistic_primary_sgd_l2,train,20190814,20,0.060623749701827254,1.2124749940365451,20,0,1.2124749940365451,0.0,0.101212956,16
logistic_primary_sgd_l2,train,20190815,20,0.03589004118453267,0.7178008236906535,19,1,0.7325937230989374,-0.014792899408283988,0.10321854,12
logistic_primary_sgd_l2,train,20190816,20,0.0267816447694309,0.535632895388618,18,2,0.5407541962470417,-0.005121300858423661,0.1032726,15
logistic_primary_sgd_l2,train,20190819,20,0.0011297249375830155,0.022594498751660308,7,13,0.1983962174264533,-0.175801718674793,0.106583215,12
logistic_primary_sgd_l2,train,20190820,20,0.020778842120311676,0.4155768424062335,16,4,0.46523435315293393,-0.04965751074670044,0.104739845,13
logistic_primary_sgd_l2,train,20190821,20,0.03591107942844027,0.7182215885688054,17,3,0.7327582596272155,-0.014536671058410167,0.10291133,13
logistic_primary_sgd_l2,train,20190822,20,0.03168404749521566,0.6336809499043132,15,5,0.6934337149707175,-0.059752765066404256,0.10011749,18
logistic_primary_sgd_l2,train,20190823,20,0.013693108830637063,0.27386217661274126,16,4,0.32061595561047307,-0.04675377899773181,0.103875756,15
logistic_primary_sgd_l2,train,20190826,20,0.02458572915245046,0.49171458304900917,17,3,0.5032241237669637,-0.011509540717954514,0.10343983,15
logistic_primary_sgd_l2,train,20190827,20,0.018096475075162766,0.3619295015032553,17,3,0.4173476995208518,-0.05541819801759651,0.1028615,16
logistic_primary_sgd_l2,train,20190828,20,0.028937033754917442,0.5787406750983488,16,4,0.6496910324675587,-0.07095035736920985,0.105442,15
logistic_primary_sgd_l2,train,20190829,20,0.028909986776238378,0.5781997355247676,18,2,0.6043627518241261,-0.026163016299358577,0.10416789,16
logistic_primary_sgd_l2,train,20190830,20,0.05267626782045136,1.0535253564090272,19,1,1.0613869916291532,-0.007861635220125951,0.110089555,17
logistic_primary_sgd_l2,train,20190902,20,0.04065958537860925,0.8131917075721851,19,1,0.8131917075721851,0.0,0.108468816,18
logistic_primary_sgd_l2,train,20190903,20,0.03694388629626363,0.7388777259252726,18,2,0.7555130746596597,-0.0166353487343871,0.10543795,19
logistic_primary_sgd_l2,train,20190904,20,0.026131480766843122,0.5226296153368625,17,3,0.5605545259718663,-0.037924910635003806,0.10527066,19
logistic_primary_sgd_l2,train,20190905,20,0.012864232917306938,0.2572846583461388,16,4,0.31783242587989724,-0.060547767533758456,0.10484203,18
logistic_primary_sgd_l2,train,20190906,20,0.013040943330213495,0.2608188666042699,17,3,0.2987367908888119,-0.03791792428454199,0.106173515,14
logistic_primary_sgd_l2,train,20190909,20,-0.01689142107796175,-0.337828421559235,3,17,0.11248059860823223,-0.4503090201674672,0.106247105,16
logistic_primary_sgd_l2,train,20190910,20,-0.009938844239390676,-0.19877688478781352,4,16,0.18584262892113546,-0.384619513708949,0.10971572,17
logistic_primary_sgd_l2,train,20190911,20,-0.0018400646645177598,-0.0368012932903552,7,13,0.11102317678821794,-0.14782447007857313,0.106276534,19
logistic_primary_sgd_l2,train,20190912,20,-0.005439318526057657,-0.10878637052115314,7,13,0.17404672341802607,-0.2828330939391792,0.105117835,17
logistic_primary_sgd_l2,train,20190916,20,-0.01707036914883734,-0.3414073829767468,2,18,0.08703235895585237,-0.42843974193259915,0.107906386,16
logistic_primary_sgd_l2,train,20190917,20,0.0059825781821163885,0.11965156364232776,10,10,0.2448541609274142,-0.12520259728508643,0.10692592,20
logistic_primary_sgd_l2,train,20190918,20,-0.014422078043281184,-0.28844156086562367,4,16,0.05974348036253074,-0.3481850412281544,0.11073761,18
logistic_primary_sgd_l2,train,20190919,20,-0.04219209409213413,-0.8438418818426827,1,19,0.01828793774319082,-0.8621298195858735,0.10901518,18
logistic_primary_sgd_l2,train,20190920,20,-0.030676064570448736,-0.6135212914089747,2,18,0.016936444697400965,-0.6304577361063757,0.111721195,17
logistic_primary_sgd_l2,train,20190923,20,-0.016665895555589165,-0.3333179111117833,4,16,0.07475796638285215,-0.4080758774946355,0.111651264,20
logistic_primary_sgd_l2,train,20190924,20,-0.0125698340315596,-0.251396680631192,5,15,0.13287268092960747,-0.3842693615607995,0.10834861,17
logistic_primary_sgd_l2,train,20190925,20,0.00889102090206707,0.1778204180413414,13,7,0.28713900085003785,-0.10931858280869644,0.1048096,19
logistic_primary_sgd_l2,train,20190926,20,0.02088395634736117,0.4176791269472234,15,5,0.4737603651120912,-0.056081238164867764,0.10788246,16
logistic_primary_sgd_l2,train,20190927,20,0.02616138028005416,0.5232276056010832,19,1,0.5285866624070852,-0.005359056806002016,0.10694466,19
logistic_primary_sgd_l2,train,20190930,20,0.0346049432524581,0.6920988650491621,19,1,0.6980512460015431,-0.005952380952381042,0.10677513,17
logistic_primary_sgd_l2,train,20191008,20,0.019207388755127015,0.3841477751025403,17,3,0.4237856954656516,-0.03963792036311131,0.105503455,19
logistic_primary_sgd_l2,train,20191009,20,0.004029216892290549,0.08058433784581098,12,8,0.21307450342621692,-0.13249016558040594,0.10369279,17
logistic_primary_sgd_l2,train,20191010,20,-0.0028697001930040713,-0.05739400386008142,8,12,0.21247465844505342,-0.26986866230513484,0.103180826,15
logistic_primary_sgd_l2,train,20191011,20,-0.026222643012062147,-0.5244528602412429,3,17,0.10877527788937935,-0.6332281381306223,0.1023381,15
logistic_primary_sgd_l2,train,20191014,20,-0.029352762872641984,-0.5870552574528397,3,17,0.05681649136285194,-0.6438717488156916,0.09749484,19
logistic_primary_sgd_l2,train,20191015,20,-0.007055827833300043,-0.14111655666600087,5,15,0.11017120045413265,-0.2512877571201335,0.09567969,16
logistic_primary_sgd_l2,train,20191016,20,-0.008386862129869842,-0.16773724259739686,4,16,0.09266334937892595,-0.2604005919763228,0.09448784,16
logistic_primary_sgd_l2,train,20191017,20,-0.00017020307625053576,-0.0034040615250107153,7,13,0.1918190953278902,-0.19522315685290093,0.094840005,16
logistic_primary_sgd_l2,train,20191018,20,0.013599731585656893,0.27199463171313787,13,7,0.4279933622852168,-0.15599873057207891,0.0948349,15
logistic_primary_sgd_l2,train,20191021,20,0.025473171331509704,0.5094634266301941,17,3,0.5874155435459381,-0.077952116915744,0.09807107,13
logistic_primary_sgd_l2,train,20191022,20,-0.002265416618504912,-0.04530833237009824,6,14,0.11926852767967722,-0.16457686004977545,0.09797108,13
logistic_primary_sgd_l2,train,20191023,20,-0.017243360379672223,-0.34486720759344447,2,18,0.0776397515527949,-0.42250695914623937,0.10236974,13
logistic_primary_sgd_l2,train,20191024,20,-0.01751613948442257,-0.35032278968845143,5,15,0.1562956186187796,-0.506618408307231,0.10581467,14
logistic_primary_sgd_l2,train,20191025,20,-0.021531196348311264,-0.4306239269662253,2,18,0.04305910041425154,-0.47368302738047685,0.1018763,14
logistic_primary_sgd_l2,train,20191028,20,-0.01024565008385222,-0.2049130016770444,2,18,0.35794489671994456,-0.562857898396989,0.103838906,13
logistic_primary_sgd_l2,train,20191029,20,-0.012739727215008895,-0.2547945443001779,1,19,0.09498480243161089,-0.3497793467317888,0.09945907,13
logistic_primary_sgd_l2,train,20191030,20,-0.005341527713300087,-0.10683055426600174,5,15,0.22690972373960117,-0.3337402780056029,0.09944711,14
logistic_primary_sgd_l2,train,20191031,20,0.005613249521862151,0.11226499043724303,13,7,0.24216335123085764,-0.1298983607936146,0.10311197,15
logistic_primary_sgd_l2,train,20191101,20,-0.008008914432166687,-0.16017828864333372,6,14,0.05199566924431154,-0.21217395788764526,0.102989435,16
logistic_primary_sgd_l2,train,20191104,20,-0.01968596406900227,-0.3937192813800454,3,17,0.20036034426278304,-0.5940796256428285,0.10702225,15
logistic_primary_sgd_l2,train,20191105,20,-0.022100030940607567,-0.44200061881215136,3,17,0.12625203757902326,-0.5682526563911746,0.10769653,15
logistic_primary_sgd_l2,train,20191106,20,-0.01934403393581279,-0.38688067871625575,6,14,0.09045558357203354,-0.4773362622882893,0.10432172,14
logistic_primary_sgd_l2,train,20191107,20,-0.024385979926233557,-0.48771959852467117,3,17,0.051007646650651495,-0.5387272451753227,0.10294465,14
logistic_primary_sgd_l2,train,20191108,20,-0.03669188781035178,-0.7338377562070355,2,18,0.02759642318465816,-0.7614341793916937,0.102839515,17
logistic_primary_sgd_l2,train,20191111,20,-0.011702882465623515,-0.2340576493124703,6,14,0.1502329213216964,-0.3842905706341667,0.10441271,16
logistic_primary_sgd_l2,train,20191112,20,0.006113075200415413,0.12226150400830826,14,6,0.19020641275919692,-0.06794490875088866,0.10122718,16
logistic_primary_sgd_l2,train,20191113,20,0.0355104168392521,0.710208336785042,15,5,0.7322963883296099,-0.022088051544567833,0.104150936,17
logistic_primary_sgd_l2,train,20191114,20,0.038708640381043796,0.7741728076208759,12,8,0.8697302617263556,-0.09555745410547967,0.10501508,15
logistic_primary_sgd_l2,train,20191115,20,0.03737885238841593,0.7475770477683186,16,4,0.7826504408962285,-0.03507339312790991,0.10731927,13
logistic_primary_sgd_l2,train,20191118,20,0.015120663389142603,0.30241326778285205,16,4,0.3761627401440515,-0.07374947236119944,0.10523589,18
logistic_primary_sgd_l2,train,20191119,20,0.011366030524547304,0.2273206104909461,10,10,0.3875191717626849,-0.16019856127173882,0.101648055,16
logistic_primary_sgd_l2,train,20191120,20,0.015238906449832518,0.30477812899665035,14,6,0.3690095319739888,-0.06423140297733843,0.10702131,17
logistic_primary_sgd_l2,train,20191121,20,0.009933873681590455,0.1986774736318091,10,10,0.35550436916396344,-0.15682689553215434,0.10938132,16
logistic_primary_sgd_l2,train,20191122,20,0.01891518399832165,0.378303679966433,9,11,0.493593303170631,-0.115289623204198,0.10723072,16
logistic_primary_sgd_l2,train,20191125,20,0.021354681921385073,0.4270936384277014,9,11,0.6122858545019783,-0.18519221607427683,0.108596005,16
logistic_primary_sgd_l2,train,20191126,20,0.011238524655835386,0.22477049311670771,14,6,0.29799855106588646,-0.07322805794917875,0.10774604,17
logistic_primary_sgd_l2,train,20191127,20,0.02279700647679857,0.4559401295359714,17,3,0.4634203643116568,-0.007480234775685379,0.1076256,16
logistic_primary_sgd_l2,train,20191128,20,0.023375885771518383,0.4675177154303677,18,2,0.5079698193396271,-0.04045210390925946,0.10741617,15
logistic_primary_sgd_l2,train,20191129,20,0.026409683143503827,0.5281936628700765,20,0,0.5281936628700765,0.0,0.10817306,17
logistic_primary_sgd_l2,train,20191202,20,0.027674373534094125,0.5534874706818825,19,1,0.6198511070455188,-0.06636363636363629,0.10533853,16
logistic_primary_sgd_l2,train,20191203,20,0.02242501421374163,0.4485002842748326,18,2,0.47337723259312625,-0.02487694831829368,0.10496535,19
logistic_primary_sgd_l2,train,20191204,20,0.015189581549917102,0.30379163099834205,14,6,0.3429891445322035,-0.03919751353386147,0.10387616,18
logistic_primary_sgd_l2,train,20191205,20,0.004346568930165867,0.08693137860331734,11,9,0.20945068076905926,-0.12251930216574192,0.09883491,17
logistic_primary_sgd_l2,train,20191206,20,0.004491917054178984,0.08983834108357969,13,7,0.1753009225651505,-0.08546258148157082,0.09661529,17
logistic_primary_sgd_l2,train,20191209,20,0.01587996437203138,0.3175992874406276,18,2,0.3399891341839225,-0.022389846743294917,0.100383915,15
logistic_primary_sgd_l2,train,20191210,20,0.03163310519015956,0.6326621038031912,20,0,0.6326621038031912,0.0,0.099786855,14
logistic_primary_sgd_l2,train,20191211,20,0.026498710094790497,0.5299742018958099,19,1,0.5307094960134568,-0.0007352941176469452,0.10370445,15
logistic_primary_sgd_l2,train,20191212,20,0.03620304476436533,0.7240608952873067,20,0,0.7240608952873067,0.0,0.09976901,13
logistic_primary_sgd_l2,train,20191213,20,0.02694154957262604,0.5388309914525208,19,1,0.5435815852767487,-0.004750593824227933,0.10003231,12
logistic_primary_sgd_l2,train,20191216,20,0.00046250201273362324,0.009250040254672465,6,14,0.1373368405516049,-0.12808680029693242,0.0971619,15
logistic_primary_sgd_l2,train,20191217,20,0.007696473799438569,0.15392947598877138,12,8,0.282681559563867,-0.1287520835750956,0.09644171,15
logistic_primary_sgd_l2,train,20191218,20,2.8771274986216787e-05,0.0005754254997243358,7,13,0.17661786503787313,-0.1760424395381488,0.10137063,16
logistic_primary_sgd_l2,train,20191219,20,-0.006720098572432454,-0.13440197144864907,5,15,0.09762747516051595,-0.23202944660916502,0.09898548,16
logistic_primary_sgd_l2,train,20191220,20,-0.007807012497215332,-0.15614024994430664,4,16,0.028498033767351938,-0.18463828371165858,0.1013997,17
logistic_primary_sgd_l2,train,20191223,20,0.016451287378301538,0.32902574756603076,15,5,0.3453248081348974,-0.016299060568866652,0.10341351,15
logistic_primary_sgd_l2,train,20191224,20,0.013711370901784158,0.2742274180356832,15,5,0.309444794578831,-0.03521737654314783,0.10220392,14
logistic_primary_sgd_l2,train,20191225,20,0.021689817035939772,0.43379634071879547,18,2,0.4623129876255716,-0.028516646906776133,0.104183756,18
logistic_primary_sgd_l2,train,20191226,20,0.0163962187081935,0.32792437416387,16,4,0.3626303882518773,-0.03470601408800733,0.10735063,16
logistic_primary_sgd_l2,train,20191227,20,0.02660211773401704,0.5320423546803408,18,2,0.5551376109772439,-0.02309525629690312,0.106469825,18
logistic_primary_sgd_l2,train,20191230,20,0.03049070061169424,0.6098140122338848,18,2,0.6269017853135503,-0.01708777307966558,0.10646939,17
logistic_primary_sgd_l2,train,20191231,20,0.014278344038351914,0.2855668807670383,15,5,0.33057517046169793,-0.04500828969465964,0.10645435,13
logistic_primary_sgd_l2,train,20200102,20,0.005936496040559286,0.11872992081118572,16,4,0.22489423469771186,-0.10616431388652614,0.10740753,18
logistic_primary_sgd_l2,train,20200103,20,0.010495036302962262,0.20990072605924526,15,5,0.29913397745680803,-0.08923325139756277,0.10757812,19
logistic_primary_sgd_l2,train,20200106,20,0.010500272153108175,0.2100054430621635,11,9,0.39551815113803634,-0.18551270807587283,0.10394184,18
logistic_primary_sgd_l2,train,20200107,20,0.008427181728274346,0.16854363456548693,10,10,0.30762591547047746,-0.13908228090499053,0.10626118,19
logistic_primary_sgd_l2,train,20200108,20,0.018130319629518055,0.3626063925903611,11,9,0.5048070775934428,-0.1422006850030817,0.10738454,18
logistic_primary_sgd_l2,train,20200109,20,-0.0062986928765903895,-0.1259738575318078,5,15,0.23587899539002177,-0.36185285292182956,0.10934168,16
logistic_primary_sgd_l2,train,20200110,20,-0.01915789784073075,-0.38315795681461495,4,16,0.08023994020749359,-0.46339789702210854,0.10834658,17
logistic_primary_sgd_l2,train,20200113,20,-0.01919256602839862,-0.38385132056797244,3,17,0.08671703127422292,-0.47056835184219536,0.10974139,18
logistic_primary_sgd_l2,train,20200114,20,-0.02067904376820447,-0.4135808753640894,6,14,0.07211105088043412,-0.4856919262445235,0.110326625,18
logistic_primary_sgd_l2,train,20200115,20,-0.018745726245255872,-0.37491452490511745,5,15,0.07686919606559894,-0.4517837209707164,0.10644355,17
logistic_primary_sgd_l2,train,20200116,20,-0.0330211809327182,-0.6604236186543639,3,17,0.1603844184489347,-0.8208080371032986,0.10656723,17
logistic_primary_sgd_l2,train,20200117,20,-0.11798059206260644,-2.359611841252129,0,20,0.0,-2.359611841252129,0.1060333,16
logistic_primary_sgd_l2,train,20200120,20,-0.15435664612507585,-3.087132922501517,0,20,0.0,-3.0871329225015174,0.10996479,17
logistic_primary_sgd_l2,train,20200121,20,-0.1313206276812026,-2.6264125536240517,0,20,0.0,-2.6264125536240526,0.113757096,18
logistic_primary_sgd_l2,train,20200122,20,-0.11046979299458733,-2.2093958598917465,0,20,0.0,-2.2093958598917465,0.113507845,17
logistic_primary_sgd_l2,train,20200123,20,0.003658968240814786,0.07317936481629572,11,9,0.341129383053719,-0.26795001823742326,0.109776355,17
logistic_primary_sgd_l2,train,20200203,20,0.09410649770112244,1.8821299540224488,20,0,1.8821299540224488,0.0,0.07429975,16
logistic_primary_sgd_l2,train,20200204,20,0.06786264649382387,1.3572529298764773,20,0,1.3572529298764773,0.0,0.1084487,15
logistic_primary_sgd_l2,train,20200205,20,0.06433334156272714,1.2866668312545428,20,0,1.2866668312545428,0.0,0.10779103,16
logistic_primary_sgd_l2,train,20200206,20,0.02754023815747083,0.5508047631494166,19,1,0.572562085325149,-0.02175732217573234,0.109034516,15
logistic_primary_sgd_l2,train,20200207,20,0.023152647701858542,0.46305295403717084,17,3,0.46984886829254013,-0.006795914255369295,0.107107356,15
logistic_primary_sgd_l2,train,20200210,20,0.0364675832669789,0.7293516653395781,19,1,0.7305969953520315,-0.0012453300124534161,0.10841884,19
logistic_primary_sgd_l2,train,20200211,20,0.05113621392426425,1.022724278485285,20,0,1.022724278485285,0.0,0.11989744,19
logistic_primary_sgd_l2,train,20200212,20,0.025949603639234063,0.5189920727846813,18,2,0.5223328300229888,-0.0033407572383075124,0.11416435,18
logistic_primary_sgd_l2,train,20200213,20,0.07369663070930157,1.4739326141860314,20,0,1.4739326141860314,0.0,0.11336081,14
logistic_primary_sgd_l2,train,20200214,20,0.07273354375212274,1.4546708750424546,20,0,1.4546708750424546,0.0,0.11243174,17
logistic_primary_sgd_l2,train,20200217,20,0.03292102898174613,0.6584205796349225,19,1,0.6584205796349225,0.0,0.1145983,15
logistic_primary_sgd_l2,train,20200218,20,0.0003810091857156139,0.007620183714312279,8,12,0.16048394141467615,-0.15286375770036387,0.11370587,15
logistic_primary_sgd_l2,train,20200219,20,-0.0032858112708646914,-0.06571622541729383,9,11,0.11215529439522975,-0.17787151981252358,0.113415755,16
logistic_primary_sgd_l2,train,20200220,20,-0.015498392780316006,-0.3099678556063201,3,17,0.07914182473667841,-0.38910968034299853,0.11618291,14
logistic_primary_sgd_l2,train,20200221,20,-0.07016377766306704,-1.4032755532613408,1,19,0.012793176972281328,-1.416068730233622,0.11741284,14
logistic_primary_sgd_l2,train,20200224,20,-0.0019628436529588846,-0.03925687305917769,4,16,0.3360719266179488,-0.3753287996771265,0.11435483,14
logistic_primary_sgd_l2,train,20200225,20,0.03108784798126844,0.6217569596253688,11,9,0.76317398109277,-0.1414170214674012,0.11257981,16
logistic_primary_sgd_l2,train,20200226,20,0.0014367987263451953,0.028735974526903907,8,12,0.19939999091089455,-0.17066401638399065,0.11546476,15
logistic_primary_sgd_l2,train,20200227,20,0.058417609695301034,1.1683521939060206,20,0,1.1683521939060206,0.0,0.11408719,14
logistic_primary_sgd_l2,train,20200228,20,0.07624732490490002,1.5249464980980005,20,0,1.5249464980980005,0.0,0.11387827,18
logistic_primary_sgd_l2,train,20200302,20,0.013989185263532511,0.2797837052706502,14,6,0.35371617482127293,-0.07393246955062271,0.12050525,17
logistic_primary_sgd_l2,train,20200303,20,0.04918393439048219,0.9836786878096437,17,3,1.0153672515981766,-0.03168856378853291,0.11813023,16
logistic_primary_sgd_l2,train,20200304,20,0.03797490927007377,0.7594981854014754,16,4,0.8515959563958624,-0.09209777099438698,0.11280602,18
logistic_primary_sgd_l2,train,20200305,20,0.011679937175830712,0.23359874351661425,4,16,0.5961878096652817,-0.3625890661486675,0.11059278,17
logistic_primary_sgd_l2,train,20200306,20,-0.03011053821047955,-0.602210764209591,2,18,0.017400700719159,-0.61961146492875,0.1053706,18
logistic_primary_sgd_l2,train,20200309,20,-0.007854177647238008,-0.15708355294476017,6,14,0.22500488160411636,-0.38208843454887653,0.10863519,19
logistic_primary_sgd_l2,train,20200310,20,-0.04680080860965265,-0.9360161721930529,2,18,0.03766446520526312,-0.973680637398316,0.11180165,18
logistic_primary_sgd_l2,train,20200311,20,-0.062291127016823614,-1.2458225403364722,1,19,0.0014005602240896309,-1.2472231005605616,0.108735405,19
logistic_primary_sgd_l2,train,20200312,20,0.004278272154039536,0.08556544308079073,10,10,0.3980540559352974,-0.3124886128545067,0.10672691,18
logistic_primary_sgd_l2,train,20200313,20,-0.01881739176691897,-0.37634783533837934,3,17,0.17382481430922758,-0.5501726496476069,0.10539293,18
logistic_primary_sgd_l2,train,20200316,20,-0.01443536679322901,-0.2887073358645802,7,13,0.20614576136068608,-0.49485309722526627,0.097520456,15
logistic_primary_sgd_l2,train,20200317,20,0.009994259726664146,0.1998851945332829,9,11,0.49302833384131417,-0.29314313930803126,0.09842508,16
logistic_primary_sgd_l2,train,20200318,20,0.03964236805032352,0.7928473610064704,18,2,0.846267536336758,-0.053420175330287645,0.09786011,14
logistic_primary_sgd_l2,train,20200319,20,0.018050612147259983,0.3610122429451996,14,6,0.42725721291200824,-0.06624496996680862,0.100358285,12
logistic_primary_sgd_l2,train,20200320,20,0.022647660852094503,0.45295321704189007,16,4,0.5006767366823044,-0.047723519640414325,0.09576615,16
logistic_primary_sgd_l2,train,20200323,20,0.00405284021743052,0.0810568043486104,11,9,0.29198947195078695,-0.21093266760217655,0.08500911,13
logistic_primary_sgd_l2,train,20200324,20,-0.009995330383337575,-0.1999066076667515,3,17,0.3811232073301041,-0.5810298149968556,0.08648347,14
logistic_primary_sgd_l2,train,20200325,20,-0.027930607416883857,-0.5586121483376771,3,17,0.06280613071750896,-0.6214182790551861,0.09130712,15
logistic_primary_sgd_l2,train,20200326,20,-0.01875826688473861,-0.3751653376947722,5,15,0.12562337168603155,-0.5007887093808038,0.09436085,14
logistic_primary_sgd_l2,train,20200327,20,-0.01112089640951468,-0.2224179281902936,10,10,0.23847359524381861,-0.4608915234341122,0.08928107,14
logistic_primary_sgd_l2,train,20200330,20,0.03459247146096746,0.6918494292193491,19,1,0.72261865998858,-0.030769230769230882,0.08664912,13
logistic_primary_sgd_l2,train,20200331,20,0.04476440678816668,0.8952881357633335,20,0,0.8952881357633335,0.0,0.091405615,14
logistic_primary_sgd_l2,train,20200401,20,0.05265183232575393,1.0530366465150787,20,0,1.0530366465150787,0.0,0.08859427,14
logistic_primary_sgd_l2,train,20200402,20,0.015070144618553572,0.30140289237107143,14,6,0.3413103362436216,-0.039907443872550186,0.08480336,16
logistic_primary_sgd_l2,train,20200403,20,-0.005409547655184227,-0.10819095310368454,7,13,0.1131557545968973,-0.22134670770058185,0.08697315,14
logistic_primary_sgd_l2,train,20200407,20,0.01011350677532063,0.2022701355064126,8,12,0.3199964442606331,-0.11772630875422052,0.095258154,15
logistic_primary_sgd_l2,train,20200408,20,-0.010521720052185357,-0.21043440104370714,6,14,0.17214142025763013,-0.38257582130133727,0.09571657,16
logistic_primary_sgd_l2,train,20200409,20,-0.0334702523067121,-0.669405046134242,3,17,0.051608264603533405,-0.7210133107377754,0.10284642,14
logistic_primary_sgd_l2,train,20200410,20,-0.010070408164015138,-0.20140816328030275,8,12,0.15552360713621782,-0.3569317704165206,0.1006908,17
logistic_primary_sgd_l2,train,20200413,20,0.015286303087530418,0.30572606175060835,9,11,0.47757078888546767,-0.17184472713485932,0.09745105,13
logistic_primary_sgd_l2,train,20200414,20,-0.02524737025515627,-0.5049474051031254,4,16,0.058720855354778,-0.5636682604579034,0.10683091,14
logistic_primary_sgd_l2,train,20200415,20,0.0016223440005621148,0.032446880011242296,9,11,0.22309718276953205,-0.19065030275828976,0.103347704,13
logistic_primary_sgd_l2,train,20200416,20,0.01148646019461344,0.2297292038922688,9,11,0.5582890716833957,-0.3285598677911269,0.10543354,14
logistic_primary_sgd_l2,train,20200417,20,-0.02009821276686318,-0.40196425533726365,6,14,0.08969779748457363,-0.4916620528218373,0.10444387,13
logistic_primary_sgd_l2,train,20200420,20,-0.02911654645353475,-0.5823309290706951,4,16,0.15859860441530582,-0.7409295334860009,0.10470538,11
logistic_primary_sgd_l2,train,20200421,20,-0.04187537386754958,-0.8375074773509916,4,16,0.1420512232596416,-0.9795587006106332,0.108760655,12
logistic_primary_sgd_l2,train,20200422,20,-0.057269512751177684,-1.1453902550235537,1,19,0.01353013530135283,-1.1589203903249066,0.10457947,15
logistic_primary_sgd_l2,train,20200423,20,-0.03487699555302472,-0.6975399110604944,5,15,0.049587108791163015,-0.7471270198516574,0.10773562,13
logistic_primary_sgd_l2,train,20200424,20,-0.010041243122139821,-0.2008248624427964,9,11,0.20091040225638346,-0.40173526469917986,0.10655595,14
logistic_primary_sgd_l2,train,20200427,20,0.00723319607077238,0.1446639214154476,11,9,0.3781582798739491,-0.23349435845850153,0.11069043,14
logistic_primary_sgd_l2,train,20200428,20,0.04550363473986994,0.9100726947973987,17,3,0.9822574215290965,-0.07218472673169773,0.106821276,16
logistic_primary_sgd_l2,train,20200429,20,0.027966611719002044,0.5593322343800409,20,0,0.5593322343800409,0.0,0.10567455,14
logistic_primary_sgd_l2,train,20200430,20,0.011796432828111186,0.23592865656222373,14,6,0.31667811452114725,-0.08074945795892352,0.10914662,15
logistic_primary_sgd_l2,train,20200506,20,0.009411995878734019,0.1882399175746804,12,8,0.28369244282624617,-0.09545252525156578,0.10703683,15
logistic_primary_sgd_l2,train,20200507,20,-0.004214286343432488,-0.08428572686864977,7,13,0.10880713371648598,-0.19309286058513575,0.10846951,17
logistic_primary_sgd_l2,train,20200508,20,-0.008238460248461105,-0.1647692049692221,6,14,0.1562542029168279,-0.32102340788605,0.109650865,16
logistic_primary_sgd_l2,train,20200511,20,0.008808694534174821,0.17617389068349643,8,12,0.3519228260108891,-0.17574893532739266,0.11144246,16
logistic_primary_sgd_l2,train,20200512,20,0.018686676704634708,0.37373353409269416,13,7,0.45325170761230793,-0.07951817351961377,0.10995762,16
logistic_primary_sgd_l2,train,20200513,20,-0.0024286961587893898,-0.04857392317578779,8,12,0.2791407995142239,-0.3277147226900117,0.11022822,13
logistic_primary_sgd_l2,train,20200514,20,-0.0009211594277457769,-0.018423188554915537,8,12,0.2052455449243562,-0.22366873347927174,0.1093695,18
logistic_primary_sgd_l2,train,20200515,20,-0.0019713718947766525,-0.039427437895533046,10,10,0.24730338895067905,-0.2867308268462121,0.10929928,15
logistic_primary_sgd_l2,train,20200518,20,-0.008969180826886964,-0.17938361653773927,6,14,0.22795125062978627,-0.40733486716752554,0.11445713,17
logistic_primary_sgd_l2,train,20200519,20,-0.00016143886369864857,-0.0032287772739729714,9,11,0.18063572874766165,-0.18386450602163462,0.112965904,18
logistic_primary_sgd_l2,train,20200520,20,0.02679561800741532,0.5359123601483063,14,6,0.5716200244798355,-0.035707664331529165,0.112319395,16
logistic_primary_sgd_l2,train,20200521,20,0.0031401029484836307,0.06280205896967261,8,12,0.24236859796439014,-0.17956653899471753,0.108968236,15
logistic_primary_sgd_l2,train,20200522,20,0.032272728210424186,0.6454545642084837,18,2,0.6611741816915462,-0.015719617483062498,0.105697095,19
logistic_primary_sgd_l2,train,20200525,20,0.042751882446104436,0.8550376489220888,18,2,0.8708705117114734,-0.015832862789384672,0.10850874,18
logistic_primary_sgd_l2,train,20200526,20,0.044933905873263805,0.898678117465276,20,0,0.898678117465276,0.0,0.10808109,17
logistic_primary_sgd_l2,train,20200527,20,0.028791377637763804,0.5758275527552761,20,0,0.5758275527552761,0.0,0.11229201,18
logistic_primary_sgd_l2,train,20200528,20,0.06504595100593093,1.3009190201186185,20,0,1.3009190201186185,0.0,0.11232257,16
logistic_primary_sgd_l2,train,20200529,20,0.03232994048517378,0.6465988097034755,18,2,0.6946414480686944,-0.04804263836521894,0.108661674,16
logistic_primary_sgd_l2,train,20200601,20,0.02569500085099514,0.5139000170199028,14,6,0.6026471341884059,-0.08874711716850303,0.10710905,16
logistic_primary_sgd_l2,train,20200602,20,0.008225779507381075,0.16451559014762152,14,6,0.22974024437867446,-0.06522465423105295,0.10663469,13
logistic_primary_sgd_l2,train,20200603,20,0.008827650725509973,0.17655301451019945,13,7,0.25666111902444233,-0.08010810451424288,0.100415826,14
logistic_primary_sgd_l2,train,20200604,20,-0.006828456775643898,-0.13656913551287797,6,14,0.12154039679335837,-0.25810953230623634,0.10034452,18
logistic_primary_sgd_l2,train,20200605,20,-0.0018068958015962032,-0.03613791603192407,6,14,0.27602535467130873,-0.3121632707032328,0.10219002,15
logistic_primary_sgd_l2,train,20200608,20,-0.0039032235908389944,-0.07806447181677989,7,13,0.24451465859338906,-0.32257913041016895,0.10145714,14
logistic_primary_sgd_l2,train,20200609,20,0.014267317198286522,0.28534634396573044,11,9,0.3999155122692859,-0.11456916830355546,0.10048332,16
logistic_primary_sgd_l2,train,20200610,20,0.005489681524681123,0.10979363049362245,11,9,0.1880477035786996,-0.07825407308507715,0.10189162,15
logistic_primary_sgd_l2,train,20200611,20,0.01806231882556767,0.3612463765113534,14,6,0.383729516963599,-0.022483140452245642,0.1007038,14
logistic_primary_sgd_l2,train,20200612,20,0.01890350477694034,0.37807009553880677,14,6,0.43824128634325943,-0.06017119080445266,0.09854022,17
logistic_primary_sgd_l2,train,20200615,20,0.021836711255757545,0.4367342251151509,13,7,0.4789990838294458,-0.04226485871429486,0.102101006,16
logistic_primary_sgd_l2,train,20200616,20,0.01271671584841429,0.2543343169682858,8,12,0.41802648555829736,-0.16369216859001157,0.10055707,16
logistic_primary_sgd_l2,train,20200617,20,-0.004669941987533899,-0.09339883975067798,7,13,0.15618681518042354,-0.24958565493110152,0.102696106,16
logistic_primary_sgd_l2,train,20200618,20,-0.018177411567344554,-0.36354823134689107,4,16,0.1346996179941362,-0.4982478493410273,0.107352376,15
logistic_primary_sgd_l2,train,20200619,20,-0.01685478712587666,-0.33709574251753316,2,18,0.050850866959005536,-0.3879466094765387,0.11070813,15
logistic_primary_sgd_l2,train,20200622,20,-0.005622973765043904,-0.11245947530087808,6,14,0.0977022864270487,-0.21016176172792678,0.10950078,14
logistic_primary_sgd_l2,train,20200623,20,0.009376736363458992,0.18753472726917986,16,4,0.21955601267710523,-0.03202128540792537,0.10968814,16
logistic_primary_sgd_l2,train,20200624,20,0.035960547155883586,0.7192109431176718,19,1,0.7297743233993619,-0.010563380281690127,0.11616224,16
logistic_primary_sgd_l2,train,20200629,20,0.08196255552959661,1.639251110591932,20,0,1.639251110591932,0.0,0.11786799,14
logistic_primary_sgd_l2,train,20200630,20,0.04628681380769365,0.925736276153873,20,0,0.925736276153873,0.0,0.11489835,16
logistic_primary_sgd_l2,train,20200701,20,0.07278366207313322,1.4556732414626643,20,0,1.4556732414626643,0.0,0.11603967,17
logistic_primary_sgd_l2,train,20200702,20,0.0791384124984594,1.5827682499691882,20,0,1.5827682499691882,0.0,0.11661714,18
logistic_primary_sgd_l2,train,20200703,20,0.0628222639004724,1.256445278009448,20,0,1.256445278009448,0.0,0.117153086,17
logistic_primary_sgd_l2,train,20200706,20,0.042893595837429965,0.8578719167485993,20,0,0.8578719167485993,0.0,0.11632677,18
logistic_primary_sgd_l2,train,20200707,20,0.05353748934178091,1.0707497868356182,19,1,1.0707497868356182,0.0,0.11631539,17
logistic_primary_sgd_l2,train,20200708,20,0.007364286706147272,0.14728573412294543,11,9,0.30754750007320175,-0.16026176595025632,0.11314267,18
logistic_primary_sgd_l2,train,20200709,20,-0.025705644112624566,-0.5141128822524913,2,18,0.0790232817623926,-0.5931361640148839,0.112060346,17
logistic_primary_sgd_l2,train,20200710,20,-0.00547271354321503,-0.1094542708643006,8,12,0.19569010131613807,-0.30514437218043866,0.1129087,16
logistic_primary_sgd_l2,train,20200713,20,0.00426063290690995,0.085212658138199,10,10,0.27976410625648485,-0.19455144811828584,0.113678955,15
logistic_primary_sgd_l2,train,20200714,20,-0.0004178291714603155,-0.00835658342920631,8,12,0.2434796388505902,-0.2518362222797965,0.116674624,15
logistic_primary_sgd_l2,train,20200715,20,0.005319528432571957,0.10639056865143914,13,7,0.4385397717337072,-0.33214920308226803,0.12271173,15
logistic_primary_sgd_l2,train,20200716,20,0.014416296975315717,0.28832593950631435,12,8,0.5789672340772258,-0.2906412945709115,0.11994495,14
logistic_primary_sgd_l2,train,20200717,20,-0.009980133223157966,-0.19960266446315933,8,12,0.14909461254004408,-0.3486972770032034,0.11994825,16
logistic_primary_sgd_l2,train,20200720,20,-0.04084398408588594,-0.8168796817177187,0,20,0.0,-0.8168796817177187,0.11905326,15
logistic_primary_sgd_l2,train,20200721,20,-0.03149126703063442,-0.6298253406126885,3,17,0.10604415705321157,-0.7358694976659,0.11965984,16
logistic_primary_sgd_l2,train,20200722,20,-0.015169767629512037,-0.30339535259024075,5,15,0.07798436494494565,-0.3813797175351864,0.11304782,17
logistic_primary_sgd_l2,train,20200723,20,-0.004991247719487469,-0.09982495438974937,5,15,0.26748731516013,-0.3673122695498794,0.111208834,14
logistic_primary_sgd_l2,train,20200724,20,0.017778712423799147,0.35557424847598296,16,4,0.44172120188100106,-0.0861469534050181,0.11206279,15
logistic_primary_sgd_l2,train,20200727,20,0.050303118324252084,1.0060623664850417,18,2,1.0106919961146714,-0.004629629629629761,0.11176588,17
logistic_primary_sgd_l2,train,20200728,20,0.0489282764784608,0.9785655295692159,20,0,0.9785655295692159,0.0,0.11261259,17
logistic_primary_sgd_l2,train,20200729,20,0.038404254926403925,0.7680850985280785,19,1,0.7729394674601173,-0.004854368932038833,0.11319115,17
logistic_primary_sgd_l2,train,20200730,20,0.03419763477282327,0.6839526954564654,20,0,0.6839526954564654,0.0,0.11547818,15
logistic_primary_sgd_l2,train,20200731,20,0.007523533495157719,0.15047066990315439,9,11,0.29207507957132695,-0.14160440966817256,0.1099419,15
logistic_primary_sgd_l2,train,20200803,20,-0.0018473006779040012,-0.036946013558080026,7,13,0.23144049112186504,-0.26838650467994507,0.10960926,13
logistic_primary_sgd_l2,train,20200804,20,0.008155777934059005,0.1631155586811801,8,12,0.4102117384894357,-0.2470961798082556,0.107502624,15
logistic_primary_sgd_l2,train,20200805,20,-0.013640513029355966,-0.2728102605871193,4,16,0.2846556218755767,-0.557465882462696,0.10406659,15
logistic_primary_sgd_l2,train,20200806,20,0.0028618654695634514,0.05723730939126903,8,12,0.4025452555359641,-0.34530794614469507,0.10548476,17
logistic_primary_sgd_l2,train,20200807,20,0.014603304137322104,0.2920660827464421,11,9,0.3954342282612795,-0.10336814551483742,0.10248096,12
logistic_primary_sgd_l2,train,20200810,20,0.026303062636791875,0.5260612527358375,15,5,0.5720107494453242,-0.04594949670948667,0.10404857,13
logistic_primary_sgd_l2,train,20200811,20,0.05628887264818272,1.1257774529636544,18,2,1.1346705716355026,-0.008893118671848166,0.10897305,15
logistic_primary_sgd_l2,train,20200812,20,0.046935303463177695,0.9387060692635539,19,1,0.9600735906310751,-0.02136752136752118,0.112162374,17
logistic_primary_sgd_l2,train,20200813,20,0.03860243619733063,0.7720487239466126,15,5,0.824478418920388,-0.052429694973775365,0.110894516,16
logistic_primary_sgd_l2,train,20200814,20,0.0018838245972588763,0.037676491945177526,10,10,0.27417197832449935,-0.23649548637932183,0.11685513,13
logistic_primary_sgd_l2,train,20200817,20,0.004308913167918577,0.08617826335837153,11,9,0.21576783867601224,-0.1295895753176407,0.11302163,14
logistic_primary_sgd_l2,train,20200818,20,0.00943500628984364,0.1887001257968728,10,10,0.3496404313078585,-0.1609403055109857,0.11153884,14
logistic_primary_sgd_l2,train,20200819,20,0.019340500844952417,0.38681001689904837,13,7,0.6269899201877849,-0.2401799032887365,0.11069939,13
logistic_primary_sgd_l2,train,20200820,20,0.030174474349123164,0.6034894869824633,14,6,0.6901037365905967,-0.08661424960813335,0.1135304,13
logistic_primary_sgd_l2,train,20200821,20,5.709459199412792e-05,0.0011418918398825584,7,13,0.2361045103105841,-0.23496261847070155,0.11523594,14
logistic_primary_sgd_l2,train,20200824,20,0.007514908501034057,0.15029817002068113,12,8,0.23316390144552246,-0.08286573142484133,0.11731134,17
logistic_primary_sgd_l2,train,20200825,20,0.008518122977870963,0.17036245955741924,13,7,0.22815849449777859,-0.05779603494035934,0.113592364,17
logistic_primary_sgd_l2,train,20200826,20,0.02805140398598984,0.5610280797197968,15,5,0.5977488726514719,-0.03672079293167507,0.107484005,18
logistic_primary_sgd_l2,train,20200827,20,0.012542615359730924,0.2508523071946185,14,6,0.32316411975164994,-0.07231181255703145,0.1062691,20
logistic_primary_sgd_l2,train,20200828,20,-0.000530289167080883,-0.010605783341617658,10,10,0.14841828800508283,-0.1590240713467005,0.10526581,16
logistic_primary_sgd_l2,train,20200831,20,-0.006878384631637785,-0.1375676926327557,8,12,0.12080064945536817,-0.25836834208812387,0.106139265,15
logistic_primary_sgd_l2,train,20200901,20,0.010298495668399044,0.20596991336798087,7,13,0.38804244090163387,-0.182072527533653,0.10541378,16
logistic_primary_sgd_l2,train,20200902,20,0.007880189972033158,0.15760379944066316,11,9,0.46517834191529484,-0.3075745424746317,0.10461484,17
logistic_primary_sgd_l2,train,20200903,20,-0.012203344734344567,-0.24406689468689136,6,14,0.1899918986002549,-0.43405879328714625,0.10244648,16
logistic_primary_sgd_l2,train,20200904,20,-0.013671270894217564,-0.27342541788435126,4,16,0.15667282131558413,-0.4300982391999354,0.100644544,19
logistic_primary_sgd_l2,train,20200907,20,0.011418768902419519,0.22837537804839037,8,12,0.5432842509636147,-0.3149088729152243,0.10246919,15
logistic_primary_sgd_l2,train,20200908,20,-0.010471322769206426,-0.20942645538412852,6,14,0.27968589625156737,-0.4891123516356959,0.103816986,14
logistic_primary_sgd_l2,train,20200909,20,-0.01838043879694587,-0.3676087759389174,4,16,0.10741313320195744,-0.47502190914087483,0.10502605,14
logistic_primary_sgd_l2,train,20200910,20,0.017562328205248428,0.3512465641049686,16,4,0.45151293391466396,-0.10026636980969539,0.100372516,15
logistic_primary_sgd_l2,train,20200911,20,0.015019035516607942,0.30038071033215885,13,7,0.3497021738792554,-0.049321463547096545,0.100576535,17
logistic_primary_sgd_l2,train,20200914,20,0.005334021648025056,0.10668043296050111,13,7,0.20192196554628894,-0.09524153258578782,0.102394715,17
logistic_primary_sgd_l2,train,20200915,20,-0.0009791909210669803,-0.019583818421339605,9,11,0.17068613017715362,-0.19026994859849322,0.09901647,15
logistic_primary_sgd_l2,train,20200916,20,0.0023357758768506654,0.04671551753701331,12,8,0.24733435989697905,-0.20061884235996574,0.099268705,15
logistic_primary_sgd_l2,train,20200917,20,-0.024663807836593766,-0.4932761567318753,4,16,0.05737659284757357,-0.5506527495794489,0.09891299,16
logistic_primary_sgd_l2,train,20200918,20,-0.0408640568076568,-0.8172811361531359,2,18,0.09363691354225256,-0.9109180496953885,0.09669402,16
logistic_primary_sgd_l2,train,20200921,20,-0.03652477931950747,-0.7304955863901494,3,17,0.07151716537546382,-0.8020127517656133,0.09632753,18
logistic_primary_sgd_l2,train,20200922,20,-0.026484665028686127,-0.5296933005737225,3,17,0.09388208722036806,-0.6235753877940906,0.10141246,17
logistic_primary_sgd_l2,train,20200923,20,-0.02063197866639844,-0.41263957332796874,5,15,0.17150520722508222,-0.584144780553051,0.10678637,17
logistic_primary_sgd_l2,train,20200924,20,0.010009978126254898,0.20019956252509796,13,7,0.281107131348759,-0.08090756882366101,0.10353202,19
logistic_primary_sgd_l2,train,20200925,20,0.03255975935727749,0.6511951871455498,19,1,0.6515711269951738,-0.0003759398496240296,0.09917353,17
logistic_primary_sgd_l2,train,20200928,20,0.03789602144636918,0.7579204289273835,18,2,0.800396204363871,-0.042475775436487506,0.09692941,18
logistic_primary_sgd_l2,train,20200929,20,0.029278243886638404,0.5855648777327681,19,1,0.6152452430295718,-0.029680365296803735,0.09593087,17
logistic_primary_sgd_l2,train,20200930,20,0.0193129990093454,0.386259980186908,14,6,0.4541959257307955,-0.06793594554388749,0.09529172,15
logistic_primary_sgd_l2,train,20201009,20,0.008738345901911655,0.17476691803823308,13,7,0.2908061889829252,-0.11603927094469213,0.097951785,15
logistic_primary_sgd_l2,train,20201012,20,-0.016672547155084046,-0.3334509431016809,6,14,0.06290977899382866,-0.39636072209550954,0.1038274,16
logistic_primary_sgd_l2,train,20201013,20,-0.0034378816139616795,-0.0687576322792336,10,10,0.09527598244667868,-0.16403361472591227,0.10408275,16
logistic_primary_sgd_l2,train,20201014,20,-0.00931464719621286,-0.18629294392425721,3,17,0.06513673332597447,-0.2514296772502317,0.10756631,13
logistic_primary_sgd_l2,train,20201015,20,-0.010552229291777505,-0.21104458583555008,5,15,0.05525135487345412,-0.2662959407090042,0.11060445,16
logistic_primary_sgd_l2,train,20201016,20,-0.01959241142401954,-0.3918482284803908,1,19,0.004690431519699834,-0.39653866000009064,0.11271243,16
logistic_primary_sgd_l2,train,20201019,20,-0.020920521557966244,-0.41841043115932486,2,18,0.014803972319903824,-0.4332144034792287,0.116639316,15
logistic_primary_sgd_l2,train,20201020,20,-0.026758533156610143,-0.5351706631322029,2,18,0.012956567242281558,-0.5481272303744844,0.11269538,18
logistic_primary_sgd_l2,train,20201021,20,-0.013628112188624975,-0.2725622437724995,5,15,0.10110406244623804,-0.37366630621873753,0.114275776,17
logistic_primary_sgd_l2,train,20201022,20,-0.013461304117056205,-0.2692260823411241,5,15,0.09882747131541403,-0.36805355365653813,0.11908255,18
logistic_primary_sgd_l2,train,20201023,20,-0.023486505061977046,-0.46973010123954095,3,17,0.09830508254626902,-0.56803518378581,0.11576636,17
logistic_primary_sgd_l2,train,20201026,20,-0.03257236633670628,-0.6514473267341255,2,18,0.13226461627738262,-0.7837119430115081,0.11116735,16
logistic_primary_sgd_l2,train,20201027,20,-0.024416302401572405,-0.4883260480314481,4,16,0.04234353362405985,-0.5306695816555079,0.11250468,16
logistic_primary_sgd_l2,train,20201028,20,-0.0129817742632794,-0.259635485265588,6,14,0.14585377445183534,-0.40548925971742333,0.1066708,16
logistic_primary_sgd_l2,train,20201029,20,-0.0187291481691997,-0.374582963383994,5,15,0.06793244589342273,-0.4425154092774167,0.105008945,17
logistic_primary_sgd_l2,train,20201030,20,0.012506349140694617,0.25012698281389234,12,8,0.4063177402158913,-0.15619075740199895,0.108046696,18
logistic_primary_sgd_l2,train,20201102,20,0.03773642155253593,0.7547284310507186,18,2,0.7669408444691621,-0.01221241341844348,0.10858309,14
logistic_primary_sgd_l2,train,20201103,20,0.0056422775612525065,0.11284555122505013,13,7,0.24092480646126058,-0.12807925523621044,0.10614289,15
logistic_primary_sgd_l2,train,20201104,20,0.02320521437635716,0.46410428752714317,16,4,0.5526327371834749,-0.08852844965633178,0.106130086,16
logistic_primary_sgd_l2,train,20201105,20,0.012157236568148039,0.24314473136296078,10,10,0.3698740781606311,-0.12672934679767034,0.1098756,15
logistic_primary_sgd_l2,train,20201106,20,0.029672961970699612,0.5934592394139923,15,5,0.661028227917146,-0.06756898850315374,0.10494231,15
logistic_primary_sgd_l2,train,20201109,20,0.042905007129252326,0.8581001425850465,14,6,0.9462896104372227,-0.08818946785217618,0.11060312,18
logistic_primary_sgd_l2,train,20201110,20,0.062204493958676624,1.2440898791735324,16,4,1.3789167973832208,-0.1348269182096884,0.11009997,18
logistic_primary_sgd_l2,train,20201111,20,0.027590859842598535,0.5518171968519707,16,4,0.597835638557668,-0.046018441705697244,0.10998408,16
logistic_primary_sgd_l2,train,20201112,20,0.022641657852510537,0.45283315705021077,14,6,0.4924032423200866,-0.03957008526987582,0.10958054,19
logistic_primary_sgd_l2,train,20201113,20,0.012196574137910981,0.24393148275821963,15,5,0.2745624792968151,-0.030630996538595467,0.111696765,16
logistic_primary_sgd_l2,train,20201116,20,0.01160234151240766,0.2320468302481532,16,4,0.3340977876199991,-0.10205095737184589,0.11061635,17
logistic_primary_sgd_l2,train,20201117,20,0.019785491257101596,0.3957098251420319,14,6,0.4325864270424269,-0.03687660190039499,0.11075263,16
logistic_primary_sgd_l2,train,20201118,20,0.0019777955317214825,0.03955591063442965,6,14,0.30204670791659916,-0.2624907972821695,0.10693909,15
logistic_primary_sgd_l2,train,20201119,20,0.00851041628234826,0.1702083256469652,11,9,0.3469149301993042,-0.176706604552339,0.106868505,17
logistic_primary_sgd_l2,train,20201120,20,-0.004565317843484457,-0.09130635686968913,7,13,0.19109207525826344,-0.28239843212795257,0.10949975,16
logistic_primary_sgd_l2,train,20201123,20,0.008777666607301398,0.17555333214602797,9,11,0.366946976128687,-0.191393643982659,0.10829886,15
logistic_primary_sgd_l2,train,20201124,20,0.013332807764454984,0.2666561552890997,12,8,0.388355445247728,-0.12169928995862833,0.102983035,17
logistic_primary_sgd_l2,train,20201125,20,0.010366308297645338,0.20732616595290676,15,5,0.2910471910748227,-0.08372102512191593,0.10307133,17
logistic_primary_sgd_l2,train,20201126,20,0.02204381080941173,0.4408762161882346,14,6,0.5004780857297646,-0.05960186954153002,0.10490936,16
logistic_primary_sgd_l2,train,20201127,20,0.009747093278429353,0.19494186556858706,11,9,0.2670252241638138,-0.07208335859522674,0.1058885,14
logistic_primary_sgd_l2,train,20201130,20,0.022674373264629243,0.4534874652925849,10,10,0.5521623560633024,-0.09867489077071756,0.111247376,17
logistic_primary_sgd_l2,train,20201201,20,-0.0037686060560581268,-0.07537212112116254,7,13,0.1249566377805893,-0.20032875890175184,0.10492232,18
logistic_primary_sgd_l2,train,20201202,20,-0.021100639418071783,-0.42201278836143563,4,16,0.05693749093468625,-0.4789502792961219,0.10533391,18
logistic_primary_sgd_l2,train,20201203,20,-0.02262541773444136,-0.4525083546888272,4,16,0.07835434279327713,-0.5308626974821044,0.10364858,17
logistic_primary_sgd_l2,train,20201204,20,-0.04643779021145577,-0.9287558042291154,4,16,0.058281782279174354,-0.9870375865082898,0.10371177,18
logistic_primary_sgd_l2,train,20201207,20,-0.04170431503122531,-0.8340863006245063,2,18,0.016964267166805547,-0.8510505677913118,0.10136523,17
logistic_primary_sgd_l2,train,20201208,20,-0.048770811475127865,-0.9754162295025574,2,18,0.013857863679124005,-0.9892740931816814,0.102340266,17
logistic_primary_sgd_l2,train,20201209,20,-0.035714804013496526,-0.7142960802699305,3,17,0.1233284412546094,-0.8376245215245399,0.11031868,15
logistic_primary_sgd_l2,train,20201210,20,-0.044322211999070805,-0.8864442399814161,4,16,0.1092740474832492,-0.9957182874646653,0.108745635,17
logistic_primary_sgd_l2,train,20201211,20,-0.02502851511250383,-0.5005703022500766,6,14,0.21348395879904158,-0.7140542610491182,0.10946326,14
logistic_primary_sgd_l2,train,20201214,20,-0.022115556582383,-0.44231113164766,6,14,0.1504833392040421,-0.5927944708517021,0.10302715,15
logistic_primary_sgd_l2,train,20201215,20,-0.04130712626075668,-0.8261425252151336,1,19,0.07730061349693251,-0.9034431387120662,0.1070799,16
logistic_primary_sgd_l2,train,20201216,20,-0.031153294600149935,-0.6230658920029987,3,17,0.03362321462975526,-0.6566891066327539,0.09811261,17
logistic_primary_sgd_l2,train,20201217,20,-0.05565411691721278,-1.1130823383442556,1,19,0.04444444444444451,-1.1575267827887001,0.0979372,16
logistic_primary_sgd_l2,train,20201218,20,-0.022832349643773668,-0.4566469928754734,3,17,0.3438907457179894,-0.8005377385934628,0.10392152,16
logistic_primary_sgd_l2,train,20201221,20,-0.0551726847902438,-1.103453695804876,0,20,0.0,-1.103453695804876,0.101663694,16
logistic_primary_sgd_l2,train,20201222,20,-0.023545631517593875,-0.47091263035187747,5,15,0.07189153368072176,-0.5428041640325992,0.101187326,17
logistic_primary_sgd_l2,train,20201223,20,-0.02098477112392296,-0.41969542247845926,4,16,0.0710847001786663,-0.49078012265712556,0.105335094,13
logistic_primary_sgd_l2,train,20201224,20,0.021621918620962965,0.4324383724192593,16,4,0.6301096541038633,-0.19767128168460402,0.10690594,14
logistic_primary_sgd_l2,train,20201225,20,0.006917380951940122,0.13834761903880244,13,7,0.3406636961602729,-0.20231607712147048,0.106131576,13
logistic_primary_sgd_l2,train,20201228,20,0.009542241051970412,0.19084482103940825,13,7,0.3354504275972703,-0.14460560655786203,0.10823832,15
logistic_primary_sgd_l2,train,20201229,20,-0.01562890310189046,-0.31257806203780925,6,14,0.11393874784199132,-0.42651680987980056,0.10934546,15
logistic_primary_sgd_l2,train,20201230,20,-0.04816139007646227,-0.9632278015292455,4,16,0.10802677889628343,-1.071254580425529,0.11256059,15
logistic_primary_sgd_l2,train,20201231,20,-0.06789158216530063,-1.3578316433060125,2,18,0.03726892279521277,-1.3951005661012252,0.11799916,18
logistic_primary_sgd_l2,train,20210104,20,-0.10596729143378365,-2.119345828675673,1,19,0.04417607562737347,-2.1635219043030465,0.11547601,15
logistic_primary_sgd_l2,train,20210105,20,-0.051622917405759326,-1.0324583481151866,3,17,0.8863020699279613,-1.918760418043148,0.11537622,17
logistic_primary_sgd_l2,train,20210106,20,-0.08383875444372843,-1.6767750888745687,2,18,0.22345185989797978,-1.9002269487725487,0.10997399,16
logistic_primary_sgd_l2,train,20210107,20,-0.03143534067570021,-0.6287068135140043,4,16,0.333331036208919,-0.9620378497229233,0.10668073,16
logistic_primary_sgd_l2,train,20210108,20,-0.026457387437200573,-0.5291477487440115,3,17,0.05078378643043835,-0.5799315351744498,0.108259,15
logistic_primary_sgd_l2,train,20210111,20,0.02903006929732893,0.5806013859465786,19,1,0.6866917592275217,-0.10609037328094306,0.1096436,15
logistic_primary_sgd_l2,train,20210112,20,0.0360815312305251,0.721630624610502,19,1,0.721630624610502,0.0,0.11174104,14
logistic_primary_sgd_l2,train,20210113,20,0.10112335769183071,2.0224671538366144,20,0,2.0224671538366144,0.0,0.11133828,15
logistic_primary_sgd_l2,train,20210114,20,0.10808080152704018,2.1616160305408036,19,1,2.1616160305408036,0.0,0.11884967,15
logistic_primary_sgd_l2,train,20210115,20,0.030789664824901926,0.6157932964980385,13,7,0.7596726431259775,-0.143879346627939,0.116727486,16
logistic_primary_sgd_l2,train,20210118,20,-0.024119248775279562,-0.48238497550559123,3,17,0.04971716115619218,-0.5321021366617834,0.1183205,15
logistic_primary_sgd_l2,train,20210119,20,-0.039811377134257434,-0.7962275426851486,1,19,0.025761124121779888,-0.8219886668069285,0.12200202,12
logistic_primary_sgd_l2,train,20210120,20,-0.03635054090283581,-0.7270108180567162,1,19,0.0260162601626015,-0.7530270782193177,0.12630834,14
logistic_primary_sgd_l2,train,20210121,20,-0.038558497728986826,-0.7711699545797366,2,18,0.12101061815537917,-0.8921805727351158,0.12668724,15
logistic_primary_sgd_l2,train,20210122,20,-0.04849148186295896,-0.9698296372591791,2,18,0.07752405411198593,-1.047353691371165,0.12332928,15
logistic_primary_sgd_l2,train,20210125,20,-0.014436311066231194,-0.2887262213246239,5,15,0.20952075139202564,-0.4982469727166495,0.11664554,17
logistic_primary_sgd_l2,train,20210126,20,-0.031145733336049874,-0.6229146667209975,4,16,0.21253983337792715,-0.8354545000989246,0.11504867,11
logistic_primary_sgd_l2,train,20210127,20,-0.038208544975519024,-0.7641708995103805,2,18,0.020907688585082518,-0.785078588095463,0.11607142,17
logistic_primary_sgd_l2,train,20210128,20,-0.06471520537374605,-1.2943041074749209,1,19,0.012389380530973382,-1.306693488005894,0.118848786,15
logistic_primary_sgd_l2,train,20210129,20,-0.045811654538464266,-0.9162330907692854,0,20,0.0,-0.9162330907692854,0.11287419,15
logistic_primary_sgd_l2,train,20210201,20,-0.055547378072836516,-1.1109475614567303,1,19,0.040431266846361114,-1.1513788283030912,0.11281745,14
logistic_primary_sgd_l2,train,20210202,20,-0.041694185194355166,-0.8338837038871033,3,17,0.07574261086572154,-0.9096263147528248,0.110722706,16
logistic_primary_sgd_l2,train,20210203,20,-0.010502986006249765,-0.2100597201249953,6,14,0.12034202406144079,-0.3304017441864361,0.10974705,16
logistic_primary_sgd_l2,train,20210204,20,0.05411646687195086,1.0823293374390173,19,1,1.085809615861291,-0.0034802784222738303,0.10557024,14
logistic_primary_sgd_l2,train,20210205,20,0.08153712502754401,1.6307425005508802,20,0,1.6307425005508802,0.0,0.10752626,17
logistic_primary_sgd_l2,train,20210208,20,0.10786987682245375,2.157397536449075,19,1,2.1829916863576675,-0.025594149908592323,0.108359024,17
logistic_primary_sgd_l2,train,20210209,20,0.09250537011095702,1.8501074022191404,20,0,1.8501074022191404,0.0,0.11318153,16
logistic_primary_sgd_l2,train,20210210,20,0.07615584897385322,1.5231169794770643,19,1,1.5455307725805123,-0.022413793103448154,0.11335067,14
logistic_primary_sgd_l2,train,20210218,20,0.03629952532227019,0.7259905064454037,20,0,0.7259905064454037,0.0,0.11260376,14
logistic_primary_sgd_l2,train,20210219,20,0.009819707329919524,0.1963941465983905,13,7,0.29789646605137277,-0.10150231945298227,0.117257096,14
logistic_primary_sgd_l2,train,20210222,20,0.01293796580395119,0.2587593160790238,14,6,0.35121886112185674,-0.09245954504283294,0.11483826,17
logistic_primary_sgd_l2,train,20210223,20,0.013475832039919422,0.26951664079838844,14,6,0.3052416682123489,-0.03572502741396044,0.11928399,16
logistic_primary_sgd_l2,train,20210224,20,0.014178563152576507,0.28357126305153013,17,3,0.33083139575194376,-0.047260132700413626,0.117921986,16
logistic_primary_sgd_l2,train,20210225,20,0.03620901025848512,0.7241802051697024,20,0,0.7241802051697024,0.0,0.1156109,14
logistic_primary_sgd_l2,train,20210226,20,0.029255924139647456,0.5851184827929491,19,1,0.5976184827929489,-0.012499999999999845,0.11404536,16
logistic_primary_sgd_l2,train,20210301,20,0.012925747223318945,0.2585149444663789,13,7,0.30116021917122104,-0.04264527470484214,0.105698064,17
logistic_primary_sgd_l2,train,20210302,20,0.007260836855785652,0.14521673711571303,6,14,0.41096423541808647,-0.26574749830237343,0.110891,16
logistic_primary_sgd_l2,train,20210303,20,-0.021329763596397783,-0.42659527192795565,4,16,0.10539720005841402,-0.5319924719863697,0.10996461,16
logistic_primary_sgd_l2,train,20210304,20,-0.017362705641039707,-0.3472541128207941,2,18,0.12041365432336049,-0.4676677671441546,0.10821972,16
logistic_primary_sgd_l2,train,20210305,20,-0.018400849646763924,-0.36801699293527845,3,17,0.1882822376738309,-0.5562992306091094,0.10715058,14
logistic_primary_sgd_l2,train,20210308,20,-0.028315979420846717,-0.5663195884169343,2,18,0.022057920275167175,-0.5883775086921015,0.10535312,16
logistic_primary_sgd_l2,train,20210309,20,0.018619749115221695,0.3723949823044339,15,5,0.5760835552732495,-0.2036885729688156,0.10304947,15
logistic_primary_sgd_l2,train,20210310,20,0.03620486800761423,0.7240973601522847,17,3,0.9094323744152486,-0.18533501426296395,0.10395889,17
logistic_primary_sgd_l2,train,20210311,20,0.017838893169950753,0.35677786339901507,17,3,0.439093879570557,-0.08231601617154194,0.10339061,15
logistic_primary_sgd_l2,train,20210312,20,0.06150024196911996,1.2300048393823992,19,1,1.279441635377393,-0.04943679599499384,0.105304,17
logistic_primary_sgd_l2,train,20210315,20,0.04422711498772907,0.8845422997545814,18,2,0.9246900639258047,-0.04014776417122323,0.099290594,14
logistic_primary_sgd_l2,train,20210316,20,0.01506817056914193,0.3013634113828386,11,9,0.45877463264577933,-0.15741122126294071,0.09517109,17
logistic_primary_sgd_l2,train,20210317,20,0.00825786455798364,0.16515729115967281,9,11,0.2880896698432087,-0.1229323786835359,0.09840806,16
logistic_primary_sgd_l2,train,20210318,20,0.014837669055012225,0.2967533811002445,11,9,0.41741013968492235,-0.12065675858467784,0.09514071,15
logistic_primary_sgd_l2,train,20210319,20,0.009030834659354402,0.18061669318708806,12,8,0.3732814818912249,-0.19266478870413684,0.098472625,12
logistic_primary_sgd_l2,train,20210322,20,0.004273828230609372,0.08547656461218744,7,13,0.4883889500143994,-0.40291238540221197,0.099916816,14
logistic_primary_sgd_l2,train,20210323,20,-0.013568516311492218,-0.27137032622984436,7,13,0.18833014476494547,-0.45970047099478983,0.09820795,16
logistic_primary_sgd_l2,train,20210324,20,-0.009151076161921118,-0.18302152323842236,7,13,0.1393642863784006,-0.32238580961682295,0.0999922,15
logistic_primary_sgd_l2,train,20210325,20,0.018063036130824606,0.3612607226164921,7,13,0.5985951264399245,-0.2373344038234324,0.0964903,16
logistic_primary_sgd_l2,train,20210326,20,0.004251106867332122,0.08502213734664243,6,14,0.3841643798067831,-0.29914224246014065,0.09703722,16
logistic_primary_sgd_l2,train,20210329,20,0.018711138892028467,0.37422277784056934,15,5,0.4571200631625676,-0.08289728532199825,0.09610745,15
logistic_primary_sgd_l2,train,20210330,20,0.048417562559101436,0.9683512511820287,19,1,0.9842728678384891,-0.015921616656460413,0.095697835,12
logistic_primary_sgd_l2,train,20210331,20,0.02845910893855763,0.5691821787711526,17,3,0.604623196582672,-0.035441017811519426,0.096725926,11
logistic_primary_sgd_l2,train,20210401,20,0.02724450230249655,0.544890046049931,17,3,0.5864467101149937,-0.041556664065062754,0.096576594,13
logistic_primary_sgd_l2,train,20210402,20,0.02043013278018923,0.4086026556037846,14,6,0.4902779125658481,-0.08167525696206346,0.099017076,16
logistic_primary_sgd_l2,train,20210406,20,-0.025703149733587793,-0.5140629946717559,2,18,0.012316444617329392,-0.5263794392890853,0.09710775,15
logistic_primary_sgd_l2,train,20210407,20,-0.012335858642157171,-0.24671717284314343,6,14,0.11861581788409303,-0.36533299072723646,0.10819014,15
logistic_primary_sgd_l2,train,20210408,20,0.0043514447453087135,0.08702889490617427,9,11,0.25515533924147515,-0.16812644433530088,0.10551803,15
logistic_primary_sgd_l2,train,20210409,20,0.023156588151993913,0.46313176303987824,17,3,0.49862413112014004,-0.035492368080261794,0.1070845,16
logistic_primary_sgd_l2,train,20210412,20,0.04947647438573112,0.9895294877146223,20,0,0.9895294877146223,0.0,0.10405737,17
logistic_primary_sgd_l2,train,20210413,20,0.0459363086585947,0.918726173171894,19,1,0.9329892476568384,-0.01426307448494446,0.09974199,13
logistic_primary_sgd_l2,train,20210414,20,0.03906229515206095,0.781245903041219,17,3,0.8241097140653662,-0.04286381102414716,0.10269643,13
logistic_primary_sgd_l2,train,20210415,20,0.04372830818325001,0.8745661636650003,16,4,0.9400641336752857,-0.06549797001028546,0.10613117,16
logistic_primary_sgd_l2,train,20210416,20,0.006111875606895062,0.12223751213790124,7,13,0.46109887735639843,-0.3388613652184972,0.104687534,11
logistic_primary_sgd_l2,train,20210419,20,0.0025455979071611788,0.05091195814322358,5,15,0.4819216536639408,-0.4310096955207172,0.10382904,12
logistic_primary_sgd_l2,train,20210420,20,-0.03559170042806817,-0.7118340085613634,2,18,0.024973989595838297,-0.7368079981572017,0.10143386,13
logistic_primary_sgd_l2,train,20210421,20,-0.020532780435547966,-0.4106556087109593,4,16,0.16506531438489436,-0.5757209230958537,0.102584854,12
logistic_primary_sgd_l2,train,20210422,20,-0.013805676364040448,-0.27611352728080896,7,13,0.2714445193724466,-0.5475580466532556,0.10497759,15
logistic_primary_sgd_l2,train,20210423,20,-0.01362293608784026,-0.2724587217568052,6,14,0.1649366641260328,-0.437395385882838,0.10214646,14
logistic_primary_sgd_l2,train,20210426,20,-0.0012534519773014009,-0.025069039546028016,10,10,0.22577707252335033,-0.25084611206937835,0.10367785,16
logistic_primary_sgd_l2,train,20210427,20,0.008625222422411222,0.17250444844822443,12,8,0.31529403876908657,-0.14278959032086214,0.09979331,15
logistic_primary_sgd_l2,train,20210428,20,0.0014078883379413487,0.028157766758826974,12,8,0.3386795967444436,-0.3105218299856166,0.10312531,15
logistic_primary_sgd_l2,train,20210429,20,-0.004313860454778112,-0.08627720909556225,10,10,0.1878309110648262,-0.27410812016038844,0.10416663,13
logistic_primary_sgd_l2,train,20210430,20,0.013858933373701116,0.2771786674740223,16,4,0.33149442635290116,-0.05431575887887885,0.10367398,13
logistic_primary_sgd_l2,train,20210506,20,0.010970505903266986,0.21941011806533972,15,5,0.32722736521971174,-0.10781724715437202,0.09978499,15
logistic_primary_sgd_l2,train,20210507,20,0.019204386108522493,0.38408772217044984,18,2,0.45230811647780067,-0.06822039430735083,0.10446843,15
logistic_primary_sgd_l2,train,20210510,20,0.011141181294731095,0.2228236258946219,15,5,0.26203895851700176,-0.03921533262237986,0.10512414,15
logistic_primary_sgd_l2,train,20210511,20,-0.00017577535448789482,-0.0035155070897578966,8,12,0.11689927866994076,-0.12041478575969866,0.10623465,14
logistic_primary_sgd_l2,train,20210512,20,-0.00540685555112298,-0.1081371110224596,6,14,0.10194564789666383,-0.21008275891912342,0.109314844,13
logistic_primary_sgd_l2,train,20210513,20,-0.009001846593007855,-0.18003693186015712,3,17,0.1620984776264438,-0.3421354094866009,0.10877524,15
logistic_primary_sgd_l2,train,20210514,20,-0.017648703025193564,-0.35297406050387126,2,18,0.013291322365827973,-0.36626538286969923,0.11289003,14
logistic_primary_sgd_l2,train,20210517,20,0.005802545318597608,0.11605090637195214,13,7,0.24950764331060227,-0.13345673693865012,0.109498456,15
logistic_primary_sgd_l2,train,20210518,20,0.010188463604295372,0.20376927208590745,16,4,0.2800789586179486,-0.07630968653204118,0.11067959,14
logistic_primary_sgd_l2,train,20210519,20,0.031282653957306006,0.6256530791461201,20,0,0.6256530791461201,0.0,0.10875708,18
logistic_primary_sgd_l2,train,20210520,20,0.029913975119597258,0.5982795023919452,19,1,0.6240029750607554,-0.025723472668810254,0.11134817,15
logistic_primary_sgd_l2,train,20210521,20,0.0189352788540536,0.378705577081072,17,3,0.3900504292098419,-0.0113448521287699,0.10905294,15
logistic_primary_sgd_l2,train,20210524,20,0.021600384163492282,0.4320076832698456,17,3,0.4633096125340854,-0.0313019292642398,0.111980006,15
logistic_primary_sgd_l2,train,20210525,20,0.02547279436703931,0.5094558873407862,15,5,0.5390245651768171,-0.0295686778360309,0.1148325,15
logistic_primary_sgd_l2,train,20210526,20,0.0173522384399138,0.34704476879827595,14,6,0.3816863722099739,-0.034641603411697974,0.11422269,15
logistic_primary_sgd_l2,train,20210527,20,0.008386548889021461,0.16773097778042922,13,7,0.2348422321685173,-0.06711125438808807,0.11273285,17
logistic_primary_sgd_l2,train,20210528,20,0.017802666527655414,0.3560533305531083,15,5,0.4105306352940732,-0.054477304740964905,0.1111656,13
logistic_primary_sgd_l2,train,20210531,20,0.003458788925775802,0.06917577851551604,12,8,0.1956294680683508,-0.12645368955283476,0.10895999,16
logistic_primary_sgd_l2,train,20210601,20,0.016028702373198235,0.3205740474639647,11,9,0.41591965650847285,-0.09534560904450817,0.109898254,15
logistic_primary_sgd_l2,train,20210602,20,0.014903582081106792,0.29807164162213584,15,5,0.3212740667177971,-0.023202425095661283,0.111338176,12
logistic_primary_sgd_l2,train,20210603,20,0.006629652329507735,0.1325930465901547,12,8,0.2573724307716527,-0.12477938418149803,0.11016729,13
logistic_primary_sgd_l2,train,20210604,20,0.015816832372666224,0.31633664745332446,11,9,0.41656369746171973,-0.10022705000839527,0.11463197,13
logistic_primary_sgd_l2,train,20210607,20,0.003574945524743267,0.07149891049486534,11,9,0.1932203962529171,-0.12172148575805175,0.1145551,15
logistic_primary_sgd_l2,train,20210608,20,0.006547838712174292,0.13095677424348584,9,11,0.31778448914947854,-0.1868277149059927,0.113978386,15
logistic_primary_sgd_l2,train,20210609,20,-0.01881387736239325,-0.376277547247865,4,16,0.09806248689181496,-0.47434003413967996,0.11087718,18
logistic_primary_sgd_l2,train,20210610,20,-0.025608463250261948,-0.512169265005239,0,20,0.0,-0.512169265005239,0.11239487,18
logistic_primary_sgd_l2,train,20210611,20,-0.012566162746217557,-0.25132325492435115,4,16,0.10043700883208873,-0.3517602637564399,0.1142778,17
logistic_primary_sgd_l2,train,20210615,20,0.002706655991787793,0.05413311983575586,10,10,0.21276063059077477,-0.1586275107550189,0.10810725,15
logistic_primary_sgd_l2,train,20210616,20,0.010079455999834546,0.20158911999669094,13,7,0.2528135908435287,-0.05122447084683779,0.10761672,16
logistic_primary_sgd_l2,train,20210617,20,0.004397284237966792,0.08794568475933584,13,7,0.2019044388198099,-0.11395875406047407,0.10804421,16
logistic_primary_sgd_l2,train,20210618,20,0.011327848513570844,0.22655697027141686,13,7,0.3457321238579756,-0.11917515358655872,0.1049207,17
logistic_primary_sgd_l2,train,20210621,20,0.0014405028740070269,0.02881005748014054,9,11,0.23088837997688616,-0.20207832249674562,0.105328,16
logistic_primary_sgd_l2,train,20210622,20,-0.006712462792148527,-0.13424925584297054,6,14,0.17147889636678726,-0.3057281522097578,0.10531791,17
logistic_primary_sgd_l2,train,20210623,20,-0.0005607796054677538,-0.011215592109355077,4,16,0.27541411021411033,-0.2866297023234654,0.1036004,17
logistic_primary_sgd_l2,train,20210624,20,0.00610440038047535,0.122088007609507,9,11,0.38597351769086674,-0.26388551008135974,0.107863665,19
logistic_primary_sgd_l2,train,20210625,20,0.0012920580783330193,0.025841161566660387,7,13,0.37360789808339545,-0.34776673651673506,0.106506005,17
logistic_primary_sgd_l2,train,20210628,20,0.0077398119914362405,0.1547962398287248,6,14,0.36411020880753986,-0.20931396897881505,0.10715745,19
logistic_primary_sgd_l2,train,20210629,20,0.008179134853800674,0.16358269707601347,10,10,0.32950058777341296,-0.16591789069739948,0.10538743,19
logistic_primary_sgd_l2,train,20210630,20,0.008534804737943274,0.1706960947588655,9,11,0.3544776768896607,-0.1837815821307952,0.10597652,16
logistic_primary_sgd_l2,train,20210701,20,-0.007763391803867592,-0.15526783607735184,8,12,0.16665537378120754,-0.3219232098585594,0.10990956,14
logistic_primary_sgd_l2,train,20210702,20,0.008584432611246806,0.17168865222493612,15,5,0.31278406993089947,-0.14109541770596334,0.10941167,17
logistic_primary_sgd_l2,train,20210705,20,0.007170207459241284,0.1434041491848257,10,10,0.25983641467230667,-0.11643226548748098,0.109295055,15
logistic_primary_sgd_l2,train,20210706,20,0.01266346658326763,0.2532693316653526,13,7,0.3495823011319781,-0.09631296946662549,0.10930896,15
logistic_primary_sgd_l2,train,20210707,20,-0.009307803969628358,-0.18615607939256718,5,15,0.13854287631857942,-0.3246989557111466,0.113133945,16
logistic_primary_sgd_l2,train,20210708,20,-0.013330677890445924,-0.2666135578089185,6,14,0.12784030887399878,-0.39445386668291726,0.10841855,16
logistic_primary_sgd_l2,train,20210709,20,-0.004949521941687962,-0.09899043883375924,8,12,0.22655572417353276,-0.325546163007292,0.10781491,14
logistic_primary_sgd_l2,train,20210712,20,-0.01838815885442373,-0.3677631770884746,2,18,0.11817317779551129,-0.4859363548839859,0.10884676,16
logistic_primary_sgd_l2,train,20210713,20,-0.02176744672528777,-0.4353489345057554,3,17,0.0566629019472733,-0.4920118364530287,0.10705416,18
logistic_primary_sgd_l2,train,20210714,20,-0.009098243608708317,-0.18196487217416635,5,15,0.09964540382402354,-0.2816102759981899,0.111331046,16
logistic_primary_sgd_l2,train,20210715,20,-0.003341367633000253,-0.06682735266000506,8,12,0.13575813623760724,-0.2025854888976123,0.10537026,18
logistic_primary_sgd_l2,train,20210716,20,-0.014701977542384443,-0.29403955084768885,4,16,0.09905157002685239,-0.39309112087454123,0.1047435,16
logistic_primary_sgd_l2,train,20210719,20,-0.02424124275109054,-0.48482485502181083,4,16,0.038549815461510484,-0.5233746704833213,0.106699005,17
logistic_primary_sgd_l2,train,20210720,20,-0.0241586717800961,-0.48317343560192194,3,17,0.2449559204826519,-0.7281293560845739,0.10892888,17
logistic_primary_sgd_l2,train,20210721,20,-0.06163262781978891,-1.2326525563957782,1,19,0.046481601032924535,-1.279134157428703,0.10304002,14
logistic_primary_sgd_l2,train,20210722,20,-0.04851970928663843,-0.9703941857327686,3,17,0.09442705227588988,-1.0648212380086584,0.11407822,15
logistic_primary_sgd_l2,train,20210723,20,-0.02551812078853996,-0.5103624157707992,6,14,0.08835156047482018,-0.5987139762456194,0.10950831,15
logistic_primary_sgd_l2,train,20210726,20,0.013112017239100054,0.2622403447820011,14,6,0.4052337050620427,-0.14299336028004161,0.110780515,16
logistic_primary_sgd_l2,train,20210727,20,0.015722951893340546,0.31445903786681095,15,5,0.39833330147096024,-0.08387426360414929,0.10868486,18
logistic_primary_sgd_l2,train,20210728,20,0.0351869062927754,0.703738125855508,20,0,0.703738125855508,0.0,0.10785184,15
logistic_primary_sgd_l2,train,20210729,20,0.026781861594105966,0.5356372318821193,18,2,0.5778502749802923,-0.042213043098172975,0.1093004,15
logistic_primary_sgd_l2,train,20210730,20,0.002463303711964965,0.049266074239299296,13,7,0.16858882857536028,-0.11932275433606099,0.11221091,17
logistic_primary_sgd_l2,train,20210802,20,0.008716676525073935,0.1743335305014787,15,5,0.25994362363440016,-0.08561009313292145,0.11493343,15
logistic_primary_sgd_l2,train,20210803,20,0.028985938330749316,0.5797187666149863,20,0,0.5797187666149863,0.0,0.11459956,17
logistic_primary_sgd_l2,train,20210804,20,0.023521955719487803,0.47043911438975605,19,1,0.48353546612034526,-0.013096351730589206,0.110665664,17
logistic_primary_sgd_l2,train,20210805,20,0.027840456952487984,0.5568091390497597,19,1,0.5586541574999442,-0.0018450184501844769,0.113184035,15
logistic_primary_sgd_l2,train,20210806,20,0.0360287025710533,0.7205740514210659,19,1,0.738788987668789,-0.01821493624772308,0.115450695,16
logistic_primary_sgd_l2,train,20210809,20,0.027985269682341708,0.5597053936468341,20,0,0.5597053936468341,0.0,0.1140097,16
logistic_primary_sgd_l2,train,20210810,20,-0.00040371110973191904,-0.00807422219463838,7,13,0.17229807446233236,-0.18037229665697074,0.11148647,13
logistic_primary_sgd_l2,train,20210811,20,-0.0005108329075593166,-0.01021665815118633,9,11,0.12803201160412714,-0.13824866975531347,0.11657296,16
logistic_primary_sgd_l2,train,20210812,20,-0.01049355378464975,-0.209871075692995,4,16,0.04800417073049412,-0.25787524642348914,0.114610806,16
logistic_primary_sgd_l2,train,20210813,20,-0.012814368437775397,-0.25628736875550795,4,16,0.06138002845256252,-0.31766739720807047,0.11388868,13
logistic_primary_sgd_l2,train,20210816,20,0.006889698976939701,0.13779397953879402,11,9,0.19316967680711894,-0.05537569726832492,0.11292152,15
logistic_primary_sgd_l2,train,20210817,20,0.03312378207669951,0.6624756415339903,20,0,0.6624756415339903,0.0,0.11396003,13
logistic_primary_sgd_l2,train,20210818,20,0.0372559625929287,0.7451192518585741,19,1,0.748113263834622,-0.0029940119760478723,0.112360455,15
logistic_primary_sgd_l2,train,20210819,20,0.045871343387559674,0.9174268677511935,17,3,0.961608493478117,-0.044181625726923524,0.113432065,14
logistic_primary_sgd_l2,train,20210820,20,0.06457245242457521,1.2914490484915042,19,1,1.2935812446535515,-0.002132196162047184,0.10973115,13
logistic_primary_sgd_l2,train,20210823,20,0.019795383840164733,0.39590767680329464,14,6,0.44949436317426783,-0.05358668637097319,0.10611199,15
logistic_primary_sgd_l2,train,20210824,20,0.020260725161499217,0.4052145032299843,12,8,0.6174171993723834,-0.21220269614239906,0.10793205,16
logistic_primary_sgd_l2,train,20210825,20,0.009312793356685023,0.18625586713370046,11,9,0.3858319911350505,-0.19957612400135005,0.11005841,14
logistic_primary_sgd_l2,train,20210826,20,0.016475911438056684,0.3295182287611337,12,8,0.48335071646768735,-0.15383248770655367,0.11064929,18
logistic_primary_sgd_l2,train,20210827,20,0.013704431013778879,0.27408862027557757,17,3,0.3511833544326437,-0.07709473415706614,0.10611737,19
logistic_primary_sgd_l2,train,20210830,20,0.02898426622583637,0.5796853245167274,19,1,0.6030526103166076,-0.023367285799880233,0.10524269,15
logistic_primary_sgd_l2,train,20210831,20,0.040369707002988434,0.8073941400597686,20,0,0.8073941400597686,0.0,0.10634468,17
logistic_primary_sgd_l2,train,20210901,20,0.031262315908722395,0.6252463181744479,19,1,0.6561806616087913,-0.030934343434343425,0.10610102,16
logistic_primary_sgd_l2,train,20210902,20,0.03211651939613626,0.6423303879227251,17,3,0.6767453115193061,-0.03441492359658094,0.10354032,18
logistic_primary_sgd_l2,train,20210903,20,0.01730724571513182,0.3461449143026364,15,5,0.4215101274212252,-0.07536521311858879,0.108643174,16
logistic_primary_sgd_l2,train,20210906,20,0.020292217202541707,0.40584434405083414,14,6,0.47818521706260175,-0.07234087301176761,0.11434021,15
logistic_primary_sgd_l2,train,20210907,20,0.0006837465577186841,0.013674931154373682,7,13,0.2641263256598083,-0.25045139450543463,0.11171732,17
logistic_primary_sgd_l2,train,20210908,20,-0.01673449504415741,-0.3346899008831482,3,17,0.11415393138738006,-0.44884383227052826,0.10799851,16
logistic_primary_sgd_l2,train,20210909,20,-0.02839610317871964,-0.5679220635743928,0,20,0.0,-0.5679220635743928,0.1102639,14
logistic_primary_sgd_l2,train,20210910,20,-0.022839933215806053,-0.45679866431612104,1,19,0.0028248587570622874,-0.4596235230731833,0.1084034,15
logistic_primary_sgd_l2,train,20210913,20,-0.02512741473101588,-0.5025482946203176,1,19,0.07347876004592413,-0.5760270546662417,0.11071435,14
logistic_primary_sgd_l2,train,20210914,20,-0.014251135530780274,-0.28502271061560547,5,15,0.05244831148443185,-0.3374710221000373,0.11394123,16
logistic_primary_sgd_l2,train,20210915,20,-0.0229572744899549,-0.45914548979909797,3,17,0.13284897467125978,-0.5919944644703578,0.111462116,15
logistic_primary_sgd_l2,train,20210916,20,-0.044351611137282504,-0.8870322227456501,1,19,0.0009293680297397522,-0.8879615907753898,0.1113736,15
logistic_primary_sgd_l2,train,20210917,20,-0.01912195309629563,-0.3824390619259126,5,15,0.06193849082054226,-0.44437755274645485,0.10952377,16
logistic_primary_sgd_l2,train,20210922,20,-0.045598815567027044,-0.9119763113405409,1,19,0.0191412312467667,-0.9311175425873076,0.11027519,14
logistic_primary_sgd_l2,train,20210923,20,-0.03132982660437099,-0.6265965320874197,3,17,0.038465520179387536,-0.6650620522668073,0.10919331,15
logistic_primary_sgd_l2,train,20210924,20,-0.0009103797921427625,-0.01820759584285525,8,12,0.14941302565146364,-0.1676206214943189,0.109306715,15
logistic_primary_sgd_l2,train,20210927,20,0.035473872099174096,0.709477441983482,16,4,0.7497588714461727,-0.040281429462690754,0.106566355,18
logistic_primary_sgd_l2,train,20210928,20,0.023700871766235383,0.47401743532470764,14,6,0.5793617751343194,-0.10534433980961178,0.106931314,15
logistic_primary_sgd_l2,train,20210929,20,0.03766213693926215,0.7532427387852431,17,3,0.8099979262345738,-0.056755187449330724,0.106200024,16
logistic_primary_sgd_l2,train,20210930,20,0.00574594395220297,0.1149188790440594,13,7,0.2570836873885367,-0.1421648083444773,0.106738076,15
logistic_primary_sgd_l2,train,20211008,20,-0.02066426215736846,-0.41328524314736925,2,18,0.07447248511859605,-0.4877577282659653,0.10737355,16
logistic_primary_sgd_l2,train,20211011,20,-0.007544485626168424,-0.15088971252336847,8,12,0.12232681507890963,-0.2732165276022781,0.10652856,11
logistic_primary_sgd_l2,train,20211012,20,0.0005153031213661896,0.010306062427323792,9,11,0.29343429196122583,-0.28312822953390204,0.104498126,17
logistic_primary_sgd_l2,train,20211013,20,-0.0026665688223949267,-0.05333137644789854,9,11,0.11082531104726212,-0.16415668749516066,0.10313815,14
logistic_primary_sgd_l2,train,20211014,20,-0.037048485610397905,-0.740969712207958,1,19,0.020193861066235774,-0.7611635732741938,0.09941365,14
logistic_primary_sgd_l2,train,20211015,20,-0.02309677438071992,-0.4619354876143984,6,14,0.07290805088963892,-0.5348435385040373,0.10046923,13
logistic_primary_sgd_l2,train,20211018,20,-0.022928386689862284,-0.4585677337972457,5,15,0.07776706677679046,-0.5363348005740362,0.10244201,16
logistic_primary_sgd_l2,train,20211019,20,-0.025455148727004336,-0.5091029745400867,3,17,0.04367304913185843,-0.5527760236719451,0.10105784,14
logistic_primary_sgd_l2,train,20211020,20,-0.046095189360373025,-0.9219037872074605,1,19,0.08854166666666652,-1.010445453874127,0.09840047,17
logistic_primary_sgd_l2,train,20211021,20,-0.029758671484572986,-0.5951734296914597,3,17,0.1587105883898754,-0.7538840180813351,0.09862994,13
logistic_primary_sgd_l2,train,20211022,20,-0.024958970625188703,-0.49917941250377407,3,17,0.07196246803448147,-0.5711418805382555,0.100464165,15
logistic_primary_sgd_l2,train,20211025,20,-0.015510977977170931,-0.3102195595434186,6,14,0.07132841033516013,-0.38154796987857875,0.1052268,17
logistic_primary_sgd_l2,train,20211026,20,-0.01566775831453731,-0.3133551662907462,3,17,0.1446880062003606,-0.4580431724911068,0.105598465,17
logistic_primary_sgd_l2,train,20211027,20,0.005385855196128037,0.10771710392256073,10,10,0.32976634454714593,-0.2220492406245852,0.10437988,17
logistic_primary_sgd_l2,train,20211028,20,0.03155459880110896,0.6310919760221791,17,3,0.7111711898057873,-0.08007921378360816,0.10646181,15
logistic_primary_sgd_l2,train,20211029,20,0.012026648373712945,0.2405329674742589,14,6,0.37624953003592765,-0.13571656256166875,0.10327065,15
logistic_primary_sgd_l2,train,20211101,20,0.013483721531542741,0.26967443063085483,14,6,0.37225838424180546,-0.10258395361095063,0.10958185,16
logistic_primary_sgd_l2,train,20211102,20,0.03224531962363656,0.6449063924727312,18,2,0.6840418375749822,-0.039135445102250976,0.107468165,15
logistic_primary_sgd_l2,train,20211103,20,0.02544360829737317,0.5088721659474634,18,2,0.5523944492927555,-0.04352228334529207,0.11146973,17
logistic_primary_sgd_l2,train,20211104,20,0.036594155348546785,0.7318831069709357,20,0,0.7318831069709357,0.0,0.11194216,16
logistic_primary_sgd_l2,train,20211105,20,0.03576859249257104,0.7153718498514208,20,0,0.7153718498514208,0.0,0.108476415,15
logistic_primary_sgd_l2,train,20211108,20,0.044386785769366235,0.8877357153873247,20,0,0.8877357153873247,0.0,0.11170952,18
logistic_primary_sgd_l2,train,20211109,20,0.030152155434979226,0.6030431086995846,18,2,0.6098612905177665,-0.006818181818181945,0.11666449,18
logistic_primary_sgd_l2,train,20211110,20,0.02821843291675053,0.5643686583350106,18,2,0.5869683836174369,-0.022599725282426264,0.11579138,13
logistic_primary_sgd_l2,train,20211111,20,0.02797000982806048,0.5594001965612095,16,4,0.5841976132418496,-0.02479741668064006,0.116809465,16
logistic_primary_sgd_l2,train,20211112,20,0.022431865052949577,0.4486373010589916,18,2,0.4621939198787681,-0.013556618819776545,0.112694815,15
logistic_primary_sgd_l2,train,20211115,20,0.01431093603550702,0.28621872071014043,15,5,0.3933490356818923,-0.10713031497175185,0.110627905,17
logistic_primary_sgd_l2,train,20211116,20,0.015781826224608823,0.3156365244921765,14,6,0.3552910139223069,-0.03965448943013039,0.11292092,14
logistic_primary_sgd_l2,train,20211117,20,0.005222769390244203,0.10445538780488406,10,10,0.2338452347358455,-0.12938984693096145,0.1115389,15
logistic_primary_sgd_l2,train,20211118,20,0.022684634826665617,0.45369269653331235,19,1,0.4551212679618837,-0.0014285714285713347,0.10779031,17
logistic_primary_sgd_l2,train,20211119,20,-0.0013958780048023089,-0.02791756009604618,7,13,0.12654865862620301,-0.1544662187222492,0.10990467,14
logistic_primary_sgd_l2,train,20211122,20,-0.008135205484936358,-0.16270410969872717,8,12,0.12856856431536468,-0.29127267401409185,0.10865544,15
logistic_primary_sgd_l2,train,20211123,20,0.0005772651763777947,0.011545303527555895,12,8,0.152821948137134,-0.14127664460957812,0.10692396,17
logistic_primary_sgd_l2,train,20211124,20,0.015592207551591936,0.3118441510318387,16,4,0.3482148918407395,-0.03637074080890079,0.10244854,18
logistic_primary_sgd_l2,train,20211125,20,0.0002829958629513296,0.005659917259026592,10,10,0.18832438504027116,-0.18266446778124457,0.103751004,17
logistic_primary_sgd_l2,train,20211126,20,0.029971918882583583,0.5994383776516716,18,2,0.6136819116812506,-0.014243534029579008,0.105579734,15
logistic_primary_sgd_l2,train,20211129,20,0.01063079744573261,0.2126159489146522,14,6,0.33909355800460217,-0.12647760908994998,0.10747774,14
logistic_primary_sgd_l2,train,20211130,20,0.007083970833936392,0.14167941667872785,9,11,0.4288576272536946,-0.28717821057496673,0.10298725,16
logistic_primary_sgd_l2,train,20211201,20,-0.013885122115927406,-0.2777024423185481,5,15,0.11397577418852456,-0.3916782165070727,0.10251423,17
logistic_primary_sgd_l2,train,20211202,20,-0.030665113127037652,-0.613302262540753,3,17,0.05425346889338911,-0.6675557314341422,0.10599971,18
logistic_primary_sgd_l2,train,20211203,20,-0.019120636441484158,-0.38241272882968314,6,14,0.07393410455495664,-0.45634683338463977,0.11088707,18
logistic_primary_sgd_l2,train,20211206,20,0.012737615720215001,0.2547523144043,16,4,0.33212171214036124,-0.07736939773606122,0.11392675,16
logistic_primary_sgd_l2,train,20211207,20,0.03855108974488914,0.7710217948977828,18,2,0.7994807950747727,-0.02845900017698988,0.11995246,18
logistic_primary_sgd_l2,train,20211208,20,0.03368763955079746,0.6737527910159492,18,2,0.6837437051898378,-0.009990914173888643,0.1273665,17
logistic_primary_sgd_l2,train,20211209,20,0.02815620248360808,0.5631240496721616,16,4,0.6078798125453957,-0.04475576287323413,0.12659149,15
logistic_primary_sgd_l2,train,20211210,20,0.0216478276247044,0.43295655249408804,14,6,0.5208643994930855,-0.08790784699899745,0.13133028,15
logistic_primary_sgd_l2,train,20211213,20,-0.009870247771913204,-0.19740495543826408,5,15,0.07770260293682218,-0.27510755837508627,0.1353415,15
logistic_primary_sgd_l2,train,20211214,20,-0.027787986228068117,-0.5557597245613624,2,18,0.0905110148067898,-0.6462707393681522,0.121393286,17
logistic_primary_sgd_l2,train,20211215,20,-0.033109950819033104,-0.6621990163806621,1,19,0.007755474452554756,-0.6699544908332169,0.13737111,15
logistic_primary_sgd_l2,train,20211216,20,-0.026473680843495172,-0.5294736168699035,1,19,0.005945303210463715,-0.5354189200803672,0.13682714,15
logistic_primary_sgd_l2,train,20211217,20,-0.026563650250144732,-0.5312730050028946,3,17,0.06715476356380079,-0.5984277685666954,0.13235489,15
logistic_primary_sgd_l2,train,20211220,20,-0.010973286690119322,-0.21946573380238643,6,14,0.1384943261226088,-0.35796005992499524,0.122742094,15
logistic_primary_sgd_l2,train,20211221,20,0.01948043032056159,0.38960860641123185,13,7,0.48839364657332296,-0.09878504016209111,0.12492062,14
logistic_primary_sgd_l2,train,20211222,20,0.04504930324052645,0.900986064810529,15,5,0.9489478741157213,-0.04796180930519234,0.12383896,15
logistic_primary_sgd_l2,train,20211223,20,0.11349713340914762,2.2699426681829524,20,0,2.269942668182952,0.0,0.1254042,15
logistic_primary_sgd_l2,train,20211224,20,0.12159773445270139,2.431954689054028,20,0,2.4319546890540282,0.0,0.12042834,14
logistic_primary_sgd_l2,train,20211227,20,0.07833181742845423,1.5666363485690846,19,1,1.575458580593787,-0.008822232024702337,0.1171147,11
logistic_primary_sgd_l2,train,20211228,20,0.052309448877704355,1.0461889775540871,18,2,1.091117821574917,-0.04492884402082997,0.11891832,14
logistic_primary_sgd_l2,train,20211229,20,0.05548450679886863,1.1096901359773725,18,2,1.1666672196147978,-0.05697708363742515,0.12023099,15
logistic_primary_sgd_l2,train,20211230,20,0.007501159375127136,0.15002318750254273,12,8,0.5293945564044604,-0.3793713689019177,0.11272915,14
logistic_primary_sgd_l2,train,20211231,20,0.029851004464665144,0.5970200892933029,16,4,0.7488968461738295,-0.1518767568805266,0.10949184,11
logistic_primary_sgd_l2,train,20220104,20,-0.019724013897807403,-0.39448027795614804,5,15,0.17524090563582861,-0.5697211835919767,0.107862055,16
logistic_primary_sgd_l2,train,20220105,20,0.0007995795739589417,0.015991591479178835,9,11,0.31039557221863134,-0.2944039807394525,0.10665317,13
logistic_primary_sgd_l2,train,20220106,20,-0.00177086212777825,-0.035417242555565,7,13,0.28097133385273465,-0.31638857640829965,0.102445915,15
logistic_primary_sgd_l2,train,20220107,20,0.01934441904049885,0.386888380809977,10,10,0.5318657971018201,-0.14497741629184313,0.10423501,16
logistic_primary_sgd_l2,train,20220110,20,0.014093187111362737,0.28186374222725474,10,10,0.46032545882224163,-0.17846171659498689,0.105714604,14
logistic_primary_sgd_l2,train,20220111,20,0.01875255954348239,0.3750511908696478,11,9,0.5247153282317325,-0.14966413736208473,0.10712149,15
logistic_primary_sgd_l2,train,20220112,20,0.009528810090641038,0.19057620181282076,8,12,0.5233984455012954,-0.3328222436884747,0.102732815,14
logistic_primary_sgd_l2,train,20220113,20,0.007441714822488299,0.14883429644976598,12,8,0.4184842856607711,-0.26964998921100514,0.1037998,15
logistic_primary_sgd_l2,train,20220114,20,0.004019510333255605,0.0803902066651121,11,9,0.42519933738556803,-0.34480913072045594,0.103128634,15
logistic_primary_sgd_l2,train,20220117,20,-0.04054947334792271,-0.8109894669584541,2,18,0.02256876283604914,-0.8335582297945032,0.10137008,14
logistic_primary_sgd_l2,train,20220118,20,-0.058733608955928315,-1.1746721791185664,0,20,0.0,-1.1746721791185664,0.104445636,17
logistic_primary_sgd_l2,train,20220119,20,-0.04404938860117452,-0.8809877720234904,2,18,0.16746644473563044,-1.0484542167591209,0.101423696,14
logistic_primary_sgd_l2,train,20220120,20,-0.073025757663541,-1.46051515327082,2,18,0.07152544779554737,-1.5320406010663676,0.08979988,16
logistic_primary_sgd_l2,train,20220121,20,-0.04457287832422689,-0.8914575664845379,3,17,0.053854436765851776,-0.9453120032503897,0.094714426,14
logistic_primary_sgd_l2,train,20220124,20,-0.016175127718801214,-0.32350255437602427,5,15,0.09490812042219599,-0.41841067479822025,0.09424411,12
logistic_primary_sgd_l2,train,20220125,20,0.01801298598669837,0.3602597197339674,14,6,0.5976650519530529,-0.23740533221908544,0.09746127,12
logistic_primary_sgd_l2,train,20220126,20,0.01778139684412814,0.3556279368825628,15,5,0.47569337217191565,-0.12006543528935287,0.09818819,13
logistic_primary_sgd_l2,train,20220127,20,0.026995246478627038,0.5399049295725408,17,3,0.6704847150070903,-0.1305797854345495,0.08925276,16
logistic_primary_sgd_l2,train,20220128,20,-0.043463890236023144,-0.8692778047204629,2,18,0.020803623718281594,-0.8900814284387445,0.1011977,13
logistic_primary_sgd_l2,train,20220207,20,-0.044121910941738014,-0.8824382188347603,1,19,0.02185089974293053,-0.9042891185776908,0.10832597,13
logistic_primary_sgd_l2,train,20220208,20,-0.05268312977577159,-1.0536625955154317,1,19,0.004632310364794501,-1.058294905880226,0.10176736,16
logistic_primary_sgd_l2,train,20220209,20,-0.04248222165030289,-0.8496444330060577,2,18,0.00590141694302071,-0.8555458499490785,0.10905411,16
logistic_primary_sgd_l2,train,20220210,20,-0.03753046198680201,-0.7506092397360402,2,18,0.026481367743696582,-0.7770906074797368,0.10537113,17
logistic_primary_sgd_l2,train,20220211,20,0.004411234525273066,0.08822469050546133,9,11,0.4315139344755907,-0.3432892439701294,0.09886233,15
logistic_primary_sgd_l2,train,20220214,20,0.0057575048324336854,0.1151500966486737,10,10,0.2868017153606446,-0.17165161871197088,0.104119204,17
logistic_primary_sgd_l2,train,20220215,20,-0.007846298107995486,-0.15692596215990973,7,13,0.14897538699094137,-0.3059013491508511,0.10348861,17
logistic_primary_sgd_l2,train,20220216,20,0.007842217394672463,0.15684434789344925,11,9,0.40499406489198275,-0.2481497169985335,0.103374615,16
logistic_primary_sgd_l2,train,20220217,20,-0.0033665093255825173,-0.06733018651165035,6,14,0.3818654972915405,-0.44919568380319086,0.10516956,14
logistic_primary_sgd_l2,train,20220218,20,0.00046627737465124717,0.009325547493024944,9,11,0.23426073166510553,-0.22493518417208058,0.11087549,12
logistic_primary_sgd_l2,train,20220221,20,-0.04206178886655593,-0.8412357773311185,3,17,0.11595995743780607,-0.9571957347689246,0.108315706,15
logistic_primary_sgd_l2,train,20220222,20,-0.041228341142682354,-0.8245668228536471,4,16,0.07119528069108894,-0.8957621035447361,0.1169184,17
logistic_primary_sgd_l2,train,20220223,20,-0.04848059111186741,-0.9696118222373482,2,18,0.028677275713555606,-0.9982890979509038,0.119519696,17
logistic_primary_sgd_l2,train,20220224,20,-0.025032761751263156,-0.5006552350252631,3,17,0.12341785980666686,-0.62407309483193,0.1239539,16
logistic_primary_sgd_l2,train,20220225,20,-0.0233594284213335,-0.46718856842667,4,16,0.08065053878717543,-0.5478391072138454,0.12957081,14
logistic_primary_sgd_l2,train,20220228,20,-0.017207761608508093,-0.34415523217016186,6,14,0.1050947399189277,-0.44924997208908957,0.12390567,16
logistic_primary_sgd_l2,train,20220301,20,-0.045529279561372746,-0.9105855912274549,0,20,0.0,-0.9105855912274549,0.12566534,16
logistic_primary_sgd_l2,train,20220302,20,-0.0648966455942622,-1.297932911885244,0,20,0.0,-1.2979329118852438,0.12742665,14
logistic_primary_sgd_l2,train,20220303,20,-0.06390771835461417,-1.2781543670922835,0,20,0.0,-1.278154367092283,0.12679794,13
logistic_primary_sgd_l2,train,20220304,20,-0.07211741420319975,-1.4423482840639952,0,20,0.0,-1.4423482840639952,0.12940457,14
logistic_primary_sgd_l2,train,20220307,20,-0.08220074222277468,-1.6440148444554936,0,20,0.0,-1.6440148444554938,0.13533916,14
logistic_primary_sgd_l2,train,20220308,20,-0.10249819053186653,-2.0499638106373306,0,20,0.0,-2.0499638106373306,0.1391735,13
logistic_primary_sgd_l2,train,20220309,20,-0.06547863712228424,-1.309572742445685,2,18,0.025087361677344377,-1.3346601041230293,0.13690798,14
logistic_primary_sgd_l2,train,20220310,20,0.005632598113782972,0.11265196227565943,9,11,0.3359494714446798,-0.22329750916902036,0.13611647,14
logistic_primary_sgd_l2,train,20220311,20,0.005701220337217999,0.11402440674435999,10,10,0.34219777943221463,-0.22817337268785465,0.12932603,16
logistic_primary_sgd_l2,train,20220314,20,0.015042031722162308,0.30084063444324616,16,4,0.3927462913136408,-0.09190565687039465,0.13005939,14
logistic_primary_sgd_l2,train,20220315,20,0.03602823142543506,0.7205646285087013,20,0,0.7205646285087013,0.0,0.12681168,16
logistic_primary_sgd_l2,train,20220316,20,0.030920240111265946,0.6184048022253189,18,2,0.697246887572504,-0.07884208534718506,0.12865362,15
logistic_primary_sgd_l2,train,20220317,20,-0.010668171091227136,-0.2133634218245427,7,13,0.22492372924548842,-0.43828715107003113,0.12138271,17
logistic_primary_sgd_l2,train,20220318,20,-0.03092229365802952,-0.6184458731605904,3,17,0.1075298510897138,-0.7259757242503042,0.13099314,15
logistic_primary_sgd_l2,train,20220321,20,-0.03061988545104104,-0.6123977090208208,3,17,0.041113776210772945,-0.6535114852315937,0.13242663,15
logistic_primary_sgd_l2,train,20220322,20,-0.025942687105488072,-0.5188537421097614,2,18,0.04326491403477806,-0.5621186561445395,0.13435045,17
logistic_primary_sgd_l2,train,20220323,20,-0.021540590001828612,-0.43081180003657227,4,16,0.0950990201081241,-0.5259108201446964,0.13769938,15
logistic_primary_sgd_l2,train,20220324,20,-0.009476207637930927,-0.18952415275861856,8,12,0.10344368437567542,-0.292967837134294,0.12561867,15
logistic_primary_sgd_l2,train,20220325,20,0.028263368580632775,0.5652673716126555,10,10,0.6519332279859582,-0.08666585637330271,0.12619811,15
logistic_primary_sgd_l2,train,20220328,20,0.03939889440293986,0.7879778880587972,16,4,0.8153618871219728,-0.027383999063175568,0.12328279,14
logistic_primary_sgd_l2,train,20220329,20,0.021984478381680366,0.43968956763360734,16,4,0.48128423478191507,-0.04159466714830773,0.121062204,16
logistic_primary_sgd_l2,train,20220330,20,0.011758746619901473,0.23517493239802945,8,12,0.4118945201351616,-0.17671958773713214,0.12483219,15
logistic_primary_sgd_l2,train,20220331,20,-0.026449328725046368,-0.5289865745009273,1,19,0.01476668635558176,-0.5437532608565091,0.12287779,16
logistic_primary_sgd_l2,train,20220401,20,-0.02926120322745001,-0.5852240645490002,2,18,0.020291980721119485,-0.6055160452701197,0.123559035,17
logistic_primary_sgd_l2,train,20220406,20,-0.056007846281710696,-1.1201569256342139,0,20,0.0,-1.1201569256342139,0.12928687,17
logistic_primary_sgd_l2,train,20220407,20,-0.05186565388462201,-1.0373130776924402,0,20,0.0,-1.0373130776924402,0.12765536,15
logistic_primary_sgd_l2,train,20220408,20,-0.04552342982334946,-0.9104685964669893,1,19,0.006191950464396134,-0.9166605469313854,0.1235659,15
logistic_primary_sgd_l2,train,20220411,20,-0.03025458140720777,-0.6050916281441554,3,17,0.07505976393246683,-0.6801513920766222,0.11750748,16
logistic_primary_sgd_l2,train,20220412,20,-0.041111047578305644,-0.8222209515661129,3,17,0.023147485318338656,-0.8453684368844515,0.1129757,15
logistic_primary_sgd_l2,train,20220413,20,-0.04033932470445001,-0.8067864940890002,4,16,0.07619688431149174,-0.8829833784004919,0.11198834,16
logistic_primary_sgd_l2,train,20220414,20,-0.04989926687892705,-0.9979853375785409,1,19,0.047932330827067604,-1.0459176684056084,0.10886884,15
logistic_primary_sgd_l2,train,20220415,20,-0.054231800031513136,-1.0846360006302627,1,19,0.031107044830741115,-1.1157430454610036,0.104417585,16
logistic_primary_sgd_l2,train,20220418,20,-0.10266616438709608,-2.0533232877419216,1,19,0.0612582781456954,-2.114581565887617,0.112487696,17
logistic_primary_sgd_l2,train,20220419,20,-0.1344949486941907,-2.689898973883814,1,19,0.02680067001675046,-2.716699643900565,0.11218183,13
logistic_primary_sgd_l2,train,20220420,20,-0.10908439273454706,-2.1816878546909413,1,19,0.12070410729253966,-2.302391961983481,0.109904155,14
logistic_primary_sgd_l2,train,20220421,20,-0.11026943795383697,-2.2053887590767394,2,18,0.1019150070088537,-2.307303766085593,0.111757934,12
logistic_primary_sgd_l2,train,20220422,20,-0.05671067063841636,-1.1342134127683272,4,16,0.28442634982642523,-1.4186397625947524,0.11170598,11
logistic_primary_sgd_l2,train,20220425,20,0.01226418522497052,0.2452837044994104,8,12,0.9074664356408415,-0.6621827311414311,0.105948426,14
logistic_primary_sgd_l2,train,20220426,20,0.0766511854326424,1.533023708652848,14,6,1.6777680109440192,-0.14474430229117108,0.10919152,15
logistic_primary_sgd_l2,train,20220427,20,0.08009017747621036,1.6018035495242073,17,3,1.6986387748424048,-0.09683522531819755,0.111482956,14
logistic_primary_sgd_l2,train,20220428,20,0.08716983390568164,1.743396678113633,18,2,1.8150171110249458,-0.07162043291131281,0.1105592,14
logistic_primary_sgd_l2,train,20220429,20,0.06563641911287403,1.3127283822574807,18,2,1.3268612202497052,-0.014132837992224534,0.11035162,14
logistic_primary_sgd_l2,train,20220505,20,0.05817328541379565,1.163465708275913,19,1,1.177519762329967,-0.014054054054054022,0.1116256,14
logistic_primary_sgd_l2,train,20220506,20,0.10087240383612137,2.0174480767224274,20,0,2.0174480767224274,0.0,0.1175708,15
logistic_primary_sgd_l2,train,20220509,20,0.10757417252369958,2.1514834504739917,20,0,2.1514834504739917,0.0,0.119108155,14
logistic_primary_sgd_l2,train,20220510,20,0.08071213672355548,1.6142427344711097,17,3,1.6762966923888274,-0.06205395791771762,0.12993714,15
logistic_primary_sgd_l2,train,20220511,20,0.06120914255154584,1.2241828510309167,19,1,1.2374807233713423,-0.013297872340425676,0.12904511,16
logistic_primary_sgd_l2,train,20220512,20,0.06325634605370128,1.2651269210740257,17,3,1.3377750885612558,-0.07264816748723013,0.13036188,17
logistic_primary_sgd_l2,train,20220513,20,0.006157629485207694,0.12315258970415388,11,9,0.29498782545645064,-0.17183523575229676,0.11679528,14
logistic_primary_sgd_l2,train,20220516,20,0.006199581141560962,0.12399162283121923,11,9,0.27942948000565493,-0.1554378571744357,0.13063304,15
logistic_primary_sgd_l2,train,20220517,20,-0.024665870436217985,-0.4933174087243597,3,17,0.020822618330321063,-0.5141400270546808,0.1330337,15
logistic_primary_sgd_l2,train,20220518,20,-0.005010102491224156,-0.10020204982448311,10,10,0.11962981338293632,-0.21983186320741943,0.13533475,15
logistic_primary_sgd_l2,train,20220519,20,-0.010937343256801551,-0.21874686513603103,6,14,0.1372132134648265,-0.35596007860085754,0.13379118,16
logistic_primary_sgd_l2,train,20220520,20,-0.015314219832393672,-0.30628439664787344,4,16,0.1030125011676557,-0.40929689781552914,0.1255543,15
logistic_primary_sgd_l2,train,20220523,20,-0.030494052743045185,-0.6098810548609037,3,17,0.02895316760287958,-0.6388342224637833,0.1242194,13
logistic_primary_sgd_l2,train,20220524,20,0.008386310360392769,0.16772620720785536,13,7,0.2843022881785542,-0.11657608097069883,0.12612918,14
logistic_primary_sgd_l2,train,20220525,20,0.007175112174916676,0.14350224349833351,12,8,0.28927014868979506,-0.14576790519146154,0.12614696,15
logistic_primary_sgd_l2,train,20220526,20,0.021170678762377337,0.42341357524754675,13,7,0.47400723695324665,-0.0505936617056999,0.127277,14
logistic_primary_sgd_l2,train,20220527,20,0.026402164500447856,0.5280432900089571,17,3,0.6106528430184881,-0.08260955300953099,0.13096821,13
logistic_primary_sgd_l2,train,20220530,20,0.027727178006825327,0.5545435601365065,16,4,0.5923491917395067,-0.03780563160300021,0.12864883,14
logistic_primary_sgd_l2,train,20220531,20,0.03143711131925771,0.6287422263851542,19,1,0.6448712586432188,-0.016129032258064613,0.119894825,14
logistic_primary_sgd_l2,train,20220601,20,0.02194547677085896,0.43890953541717914,16,4,0.4489310237392996,-0.010021488322120464,0.118319705,14
logistic_primary_sgd_l2,train,20220602,20,0.013845149312799825,0.2769029862559965,7,13,0.42600664188628823,-0.1491036556302917,0.11902628,15
logistic_primary_sgd_l2,train,20220606,20,0.006347885473817694,0.12695770947635387,4,16,0.4622470823039013,-0.33528937282754745,0.118666515,14
logistic_primary_sgd_l2,train,20220607,20,-0.0055884645295471765,-0.11176929059094354,5,15,0.32265389487160157,-0.4344231854625451,0.12323855,15
logistic_primary_sgd_l2,train,20220608,20,0.00040636279550117503,0.008127255910023501,5,15,0.398989641801236,-0.39086238589121247,0.12213361,12
logistic_primary_sgd_l2,train,20220609,20,0.00884829453023575,0.17696589060471501,9,11,0.35063595652028745,-0.17367006591557244,0.12684117,16
logistic_primary_sgd_l2,train,20220610,20,-0.00874651224821758,-0.1749302449643516,7,13,0.12063813340805951,-0.2955683783724111,0.1231152,14
logistic_primary_sgd_l2,train,20220613,20,-0.009715614735996464,-0.19431229471992928,6,14,0.07466532341881726,-0.26897761813874654,0.13051556,15
logistic_primary_sgd_l2,train,20220614,20,-0.002911057155328134,-0.05822114310656268,10,10,0.1285621060453681,-0.18678324915193079,0.12779705,15
logistic_primary_sgd_l2,train,20220615,20,-0.016288188428869234,-0.32576376857738465,3,17,0.06159125419930089,-0.38735502277668554,0.12942341,15
logistic_primary_sgd_l2,train,20220616,20,0.025167257038090213,0.5033451407618043,8,12,0.7000542231969575,-0.19670908243515328,0.12454821,15
logistic_primary_sgd_l2,train,20220617,20,0.009321141634454893,0.18642283268909787,9,11,0.5709414529567622,-0.38451862026766437,0.12652145,13
logistic_primary_sgd_l2,train,20220620,20,0.03140206307334552,0.6280412614669103,17,3,0.8226773965186895,-0.19463613505177924,0.12693167,16
logistic_primary_sgd_l2,train,20220621,20,0.06421849091762907,1.2843698183525816,19,1,1.351036485019248,-0.06666666666666654,0.12863547,15
logistic_primary_sgd_l2,train,20220622,20,0.04842885251634927,0.9685770503269854,19,1,0.9774897062984649,-0.0089126559714795,0.13064928,12
logistic_primary_sgd_l2,train,20220623,20,0.06074375544287956,1.2148751088575913,20,0,1.2148751088575913,0.0,0.12847824,14
logistic_primary_sgd_l2,train,20220624,20,0.030728811317601468,0.6145762263520294,18,2,0.627491355503321,-0.012915129151291671,0.1250771,13
logistic_primary_sgd_l2,train,20220627,20,0.011562905137081674,0.2312581027416335,14,6,0.31078006293618565,-0.07952196019455215,0.12827739,14
logistic_primary_sgd_l2,train,20220628,20,-0.017543116509961088,-0.35086233019922175,2,18,0.09838998211091221,-0.44925231231013396,0.121456526,12
logistic_primary_sgd_l2,train,20220629,20,-0.01142860269777205,-0.228572053955441,3,17,0.13727063513324156,-0.36584268908868256,0.12368723,12
logistic_primary_sgd_l2,train,20220630,20,-0.01575404503950136,-0.31508090079002715,3,17,0.05209039299587093,-0.3671712937858981,0.12757052,13
logistic_primary_sgd_l2,train,20220701,20,-0.016448738887014897,-0.32897477774029793,4,16,0.030804567861377974,-0.3597793456016759,0.13021684,15
logistic_primary_sgd_l2,train,20220704,20,-0.013142965209563928,-0.26285930419127856,4,16,0.04606980187934662,-0.3089291060706252,0.13127033,14
logistic_primary_sgd_l2,train,20220705,20,-0.011454282706230872,-0.22908565412461745,5,15,0.06873197185974611,-0.29781762598436357,0.12780726,14
logistic_primary_sgd_l2,train,20220706,20,-0.011630845233274168,-0.23261690466548335,7,13,0.08660663875665042,-0.31922354342213377,0.12681796,15
logistic_primary_sgd_l2,train,20220707,20,-0.01157095417165011,-0.23141908343300222,5,15,0.06615231463440163,-0.29757139806740385,0.1285641,14
logistic_primary_sgd_l2,train,20220708,20,-0.025938591068569782,-0.5187718213713957,2,18,0.01285952042551397,-0.5316313417969096,0.12771152,14
logistic_primary_sgd_l2,train,20220711,20,-0.019190075765131497,-0.38380151530262996,4,16,0.034660165231730655,-0.4184616805343606,0.12744263,14
logistic_primary_sgd_l2,train,20220712,20,-0.00734518589100191,-0.1469037178200382,4,16,0.21328710777240212,-0.3601908255924403,0.12474984,13
logistic_primary_sgd_l2,train,20220713,20,-0.012262694002964297,-0.24525388005928594,6,14,0.08571992838072551,-0.33097380844001145,0.12221633,13
logistic_primary_sgd_l2,train,20220714,20,-0.016976855636667582,-0.33953711273335163,4,16,0.12468893734139797,-0.4642260500747496,0.12156598,15
logistic_primary_sgd_l2,train,20220715,20,-0.01827031825106954,-0.3654063650213908,4,16,0.041327054796372664,-0.40673341981776345,0.117292404,13
logistic_primary_sgd_l2,train,20220718,20,-0.01699507368461497,-0.3399014736922994,2,18,0.06477518923690018,-0.40467666292919957,0.11371962,12
logistic_primary_sgd_l2,train,20220719,20,-0.0019614604077306972,-0.03922920815461395,8,12,0.25031864866495024,-0.2895478568195642,0.11372441,17
logistic_primary_sgd_l2,train,20220720,20,0.01076571442205262,0.21531428844105238,15,5,0.2780995658957097,-0.06278527745465734,0.11852662,15
logistic_primary_sgd_l2,train,20220721,20,0.01251343723894321,0.2502687447788642,17,3,0.32870064329874693,-0.07843189851988275,0.11789115,15
logistic_primary_sgd_l2,train,20220722,20,0.00256015629339596,0.0512031258679192,11,9,0.23069083553515202,-0.17948770966723282,0.115343355,18
logistic_primary_sgd_l2,train,20220725,20,-0.0003809540063286765,-0.00761908012657353,11,9,0.17327679692593168,-0.1808958770525052,0.11829679,14
logistic_primary_sgd_l2,train,20220726,20,-0.015202321393175799,-0.304046427863516,3,17,0.28376968773799005,-0.587816115601506,0.12702297,14
logistic_primary_sgd_l2,train,20220727,20,-0.039187583145587686,-0.7837516629117537,0,20,0.0,-0.7837516629117537,0.127183,15
logistic_primary_sgd_l2,train,20220728,20,-0.03854468302925433,-0.7708936605850867,0,20,0.0,-0.7708936605850867,0.12667835,15
logistic_primary_sgd_l2,train,20220729,20,-0.024532280789589172,-0.49064561579178345,2,18,0.08351614641628324,-0.5741617622080667,0.12543571,17
logistic_primary_sgd_l2,train,20220801,20,-0.01959078141018447,-0.3918156282036894,2,18,0.023007184399589597,-0.414822812603279,0.12292622,16
logistic_primary_sgd_l2,train,20220802,20,0.0024530517216552307,0.04906103443310461,9,11,0.1714796725556349,-0.12241863812253029,0.12002574,17
logistic_primary_sgd_l2,train,20220803,20,0.00576529148550115,0.11530582971002301,12,8,0.2505353700522581,-0.1352295403422351,0.12374971,16
logistic_primary_sgd_l2,train,20220804,20,0.03786502833513444,0.7573005667026889,18,2,0.825545542230236,-0.06824497552754716,0.12828079,18
logistic_primary_sgd_l2,train,20220805,20,0.033174204787467514,0.6634840957493503,18,2,0.6929845861903772,-0.029500490441026872,0.12647,16
logistic_primary_sgd_l2,train,20220808,20,0.03203185884379648,0.6406371768759296,17,3,0.6494512029497492,-0.008814026073819647,0.12846325,14
logistic_primary_sgd_l2,train,20220809,20,0.036570362875621897,0.731407257512438,19,1,0.7323632804569886,-0.0009560229445506607,0.12576321,13
logistic_primary_sgd_l2,train,20220810,20,0.02512264711112943,0.5024529422225886,15,5,0.5095307476691104,-0.007077805446521812,0.12107251,16
logistic_primary_sgd_l2,train,20220811,20,0.0018849865788033659,0.03769973157606732,8,12,0.1680077488912768,-0.13030801731520947,0.12147442,13
logistic_primary_sgd_l2,train,20220812,20,-0.0031314187386433435,-0.06262837477286687,7,13,0.19213073137644332,-0.2547591061493102,0.13089518,14
logistic_primary_sgd_l2,train,20220815,20,-0.01248369125054657,-0.24967382501093138,5,15,0.15217942025698306,-0.40185324526791444,0.13174988,12
logistic_primary_sgd_l2,train,20220816,20,-0.012415403870940634,-0.24830807741881267,6,14,0.07405079725530772,-0.3223588746741204,0.12747273,13
logistic_primary_sgd_l2,train,20220817,20,-0.03203202887601712,-0.6406405775203423,3,17,0.08872646421593311,-0.7293670417362754,0.12786475,12
logistic_primary_sgd_l2,train,20220818,20,-0.0036133787638543634,-0.07226757527708727,5,15,0.42339332114283024,-0.4956608964199175,0.121781304,15
logistic_primary_sgd_l2,train,20220819,20,-0.017115925104509634,-0.34231850209019266,5,15,0.23253182756329616,-0.5748503296534888,0.12289669,15
logistic_primary_sgd_l2,train,20220822,20,-0.004687550307545568,-0.09375100615091136,5,15,0.2803304187854976,-0.37408142493640895,0.12653023,14
logistic_primary_sgd_l2,train,20220823,20,-0.01807482156681997,-0.3614964313363994,4,16,0.10577689981654737,-0.4672733311529468,0.12460949,12
logistic_primary_sgd_l2,train,20220824,20,-0.00436549493147278,-0.0873098986294556,9,11,0.17283658670796131,-0.2601464853374169,0.12524907,10
logistic_primary_sgd_l2,train,20220825,20,-0.009240433663431474,-0.1848086732686295,4,16,0.09887495027714599,-0.2836836235457755,0.12375041,12
logistic_primary_sgd_l2,train,20220826,20,-0.003929776755214942,-0.07859553510429884,10,10,0.16293589337108805,-0.2415314284753869,0.12557198,15
logistic_primary_sgd_l2,train,20220829,20,-0.00018721226100084642,-0.0037442452200169285,9,11,0.1474375047096914,-0.15118174992970834,0.12591219,13
logistic_primary_sgd_l2,train,20220830,20,-1.6183057006041723e-05,-0.00032366114012083447,11,9,0.1283487990817087,-0.12867246022182954,0.12930632,14
logistic_primary_sgd_l2,train,20220831,20,-0.0007027911429609735,-0.014055822859219469,10,10,0.13812280899421792,-0.15217863185343738,0.12433267,14
logistic_primary_sgd_l2,train,20220901,20,0.004776127087138165,0.09552254174276331,14,6,0.22140374747562208,-0.12588120573285877,0.1217431,14
logistic_primary_sgd_l2,train,20220902,20,-0.015250006452772785,-0.3050001290554557,3,17,0.05399615234233779,-0.3589962813977935,0.11985822,12
logistic_primary_sgd_l2,train,20220905,20,-0.014539835433357939,-0.2907967086671588,3,17,0.02866627779041986,-0.31946298645757865,0.117299296,12
logistic_primary_sgd_l2,train,20220906,20,-0.02083629424569951,-0.4167258849139902,2,18,0.021722289686361362,-0.43844817460035157,0.11620579,13
logistic_primary_sgd_l2,train,20220907,20,-0.03146103182665723,-0.6292206365331446,0,20,0.0,-0.6292206365331446,0.11049424,10
logistic_primary_sgd_l2,train,20220908,20,-0.0041946683219452165,-0.08389336643890433,10,10,0.2286417294244234,-0.3125350958633277,0.11590542,9
logistic_primary_sgd_l2,train,20220909,20,-0.01980929474940466,-0.3961858949880932,8,12,0.13121592736067433,-0.5274018223487675,0.12096317,12
logistic_primary_sgd_l2,train,20220913,20,0.029500112510205023,0.5900022502041005,14,6,0.826011475010588,-0.23600922480648756,0.1175971,10
logistic_primary_sgd_l2,train,20220914,20,0.07946000442660912,1.5892000885321824,15,5,1.8132564595268246,-0.22405637099464215,0.11736433,13
logistic_primary_sgd_l2,train,20220915,20,0.08784812235863455,1.756962447172691,18,2,1.848878994167363,-0.09191654699467189,0.11629804,14
logistic_primary_sgd_l2,train,20220916,20,-0.0009897133408251213,-0.019794266816502426,8,12,0.26051296833869486,-0.2803072351551973,0.111648396,11
logistic_primary_sgd_l2,train,20220919,20,-0.03058482847717699,-0.6116965695435398,4,16,0.06422027273086273,-0.6759168422744025,0.10704466,13
logistic_primary_sgd_l2,train,20220920,20,-0.012202275948756013,-0.24404551897512028,5,15,0.07391877956556692,-0.3179642985406872,0.10988506,10
logistic_primary_sgd_l2,train,20220921,20,-0.03795145024601574,-0.7590290049203148,2,18,0.01787942367363038,-0.7769084285939452,0.10625521,11
logistic_primary_sgd_l2,train,20220922,20,-0.047768711484815415,-0.9553742296963083,0,20,0.0,-0.9553742296963083,0.10737933,11
logistic_primary_sgd_l2,train,20220923,20,-0.03157116302197593,-0.6314232604395186,2,18,0.009756740313121348,-0.6411800007526399,0.10162358,14
logistic_primary_sgd_l2,train,20220926,20,-0.035105943899009395,-0.7021188779801879,1,19,0.052734375,-0.7548532529801879,0.10667453,13
logistic_primary_sgd_l2,train,20220927,20,-0.05198279594355202,-1.0396559188710404,1,19,0.01969365426695835,-1.059349573137999,0.1089533,14
logistic_primary_sgd_l2,train,20220928,20,-0.02094914987255524,-0.4189829974511048,4,16,0.04547579243690314,-0.46445878988800793,0.09932152,13
logistic_primary_sgd_l2,train,20220929,20,0.0030031461060378182,0.06006292212075637,14,6,0.24818167824911908,-0.1881187561283627,0.10343118,17
logistic_primary_sgd_l2,train,20220930,20,0.030546697295568866,0.6109339459113773,16,4,0.681525123995588,-0.07059117808421067,0.10912411,19
logistic_primary_sgd_l2,train,20221010,20,0.0840696397563538,1.681392795127076,20,0,1.681392795127076,0.0,0.105069354,17
logistic_primary_sgd_l2,train,20221011,20,0.06847881743438616,1.3695763486877233,20,0,1.3695763486877233,0.0,0.10883075,15
logistic_primary_sgd_l2,train,20221012,20,0.04331821117475472,0.8663642234950943,19,1,0.8749849131502667,-0.008620689655172376,0.103490755,18
logistic_primary_sgd_l2,train,20221013,20,0.010816577595897747,0.21633155191795495,14,6,0.3409268472086264,-0.12459529529067148,0.10478966,15
logistic_primary_sgd_l2,train,20221014,20,0.008493567573881566,0.16987135147763133,13,7,0.34624692884936326,-0.17637557737173193,0.102772616,14
logistic_primary_sgd_l2,train,20221017,20,-0.027461901626653233,-0.5492380325330647,1,19,0.0025207057976233127,-0.551758738330688,0.10483563,16
logistic_primary_sgd_l2,train,20221018,20,-0.017449210830497948,-0.34898421660995893,3,17,0.2218975357522346,-0.5708817523621935,0.10704088,18
logistic_primary_sgd_l2,train,20221019,20,-0.004531026175606001,-0.09062052351212002,7,13,0.22208968238002513,-0.31271020589214515,0.107448615,16
logistic_primary_sgd_l2,train,20221020,20,0.0024239144074369445,0.04847828814873889,8,12,0.3572749253628469,-0.308796637214108,0.10892077,16
logistic_primary_sgd_l2,train,20221021,20,-0.03878420603076642,-0.7756841206153284,0,20,0.0,-0.7756841206153284,0.11984205,14
logistic_primary_sgd_l2,train,20221024,20,-0.03189240374035618,-0.6378480748071236,3,17,0.05639980446622994,-0.6942478792733535,0.12578136,15
logistic_primary_sgd_l2,train,20221025,20,-0.016859307087843195,-0.3371861417568639,7,13,0.07348783420296567,-0.4106739759598296,0.12872294,14
logistic_primary_sgd_l2,train,20221026,20,-0.00046368379836902454,-0.00927367596738049,11,9,0.24145253491707397,-0.25072621088445446,0.13051344,15
logistic_primary_sgd_l2,train,20221027,20,0.00036564551190717,0.0073129102381434,10,10,0.24594784069087483,-0.23863493045273143,0.1289809,17
logistic_primary_sgd_l2,train,20221028,20,0.022791896728766425,0.4558379345753285,17,3,0.5230566113844848,-0.06721867680915627,0.12234397,15
logistic_primary_sgd_l2,train,20221031,20,0.05037398178592532,1.0074796357185065,19,1,1.0074796357185065,0.0,0.115271136,15
logistic_primary_sgd_l2,train,20221101,20,0.04010783128096535,0.802156625619307,18,2,0.8093309706599074,-0.007174345040600438,0.11667268,17
logistic_primary_sgd_l2,train,20221102,20,0.033445904579085424,0.6689180915817085,15,5,0.7100285317648891,-0.04111044018318066,0.11757632,15
logistic_primary_sgd_l2,train,20221103,20,0.0219297555107085,0.43859511021416997,15,5,0.46204036085550815,-0.023445250641338178,0.11907939,13
logistic_primary_sgd_l2,train,20221104,20,0.011838015401487939,0.23676030802975878,9,11,0.29258413321111765,-0.055823825181358866,0.11692562,17
logistic_primary_sgd_l2,train,20221107,20,0.001744914489522964,0.03489828979045928,7,13,0.20734199969404132,-0.17244370990358204,0.11633839,15
logistic_primary_sgd_l2,train,20221108,20,0.010553309691515671,0.21106619383031344,14,6,0.29993973931986195,-0.08887354548954851,0.1224998,14
logistic_primary_sgd_l2,train,20221109,20,0.006937817507831923,0.13875635015663845,12,8,0.20303335635918418,-0.06427700620254573,0.12261605,15
logistic_primary_sgd_l2,train,20221110,20,0.004505334593984817,0.09010669187969633,10,10,0.1872930510872881,-0.09718635920759178,0.123048924,12
logistic_primary_sgd_l2,train,20221111,20,-0.0048049609224025845,-0.0960992184480517,5,15,0.0691433282587659,-0.1652425467068176,0.12485278,16
logistic_primary_sgd_l2,train,20221114,20,0.016693260226551675,0.3338652045310335,19,1,0.34077764692734713,-0.006912442396313612,0.121479526,15
logistic_primary_sgd_l2,train,20221115,20,-0.0073357810937428655,-0.14671562187485732,5,15,0.03207933906513771,-0.17879496093999503,0.119401254,15
logistic_primary_sgd_l2,train,20221116,20,-0.0036956311397380814,-0.07391262279476163,4,16,0.04914223485849023,-0.12305485765325186,0.11907021,13
logistic_primary_sgd_l2,train,20221117,20,0.0019980731017828434,0.03996146203565687,9,11,0.15191939221341455,-0.11195793017775768,0.11910496,14
logistic_primary_sgd_l2,train,20221118,20,-0.019307246606965357,-0.3861449321393071,1,19,0.007692307692307665,-0.3938372398316148,0.11862475,12
logistic_primary_sgd_l2,train,20221121,20,-0.027295970067729085,-0.5459194013545817,0,20,0.0,-0.5459194013545817,0.115858756,11
logistic_primary_sgd_l2,train,20221122,20,0.0026925323372809064,0.053850646745618125,9,11,0.20474900439509192,-0.1508983576494738,0.12558809,12
logistic_primary_sgd_l2,train,20221123,20,-0.003680158036802933,-0.07360316073605866,7,13,0.07747678036248451,-0.15107994109854317,0.1252648,12
logistic_primary_sgd_l2,train,20221124,20,-0.001468282912343083,-0.02936565824686166,8,12,0.07944324017165294,-0.1088088984185146,0.12691882,13
logistic_primary_sgd_l2,train,20221125,20,0.00455630821535209,0.09112616430704179,11,9,0.1417190412841256,-0.05059287697708381,0.12950034,11
logistic_primary_sgd_l2,train,20221128,20,0.007688546840404181,0.15377093680808362,15,5,0.18515403749812154,-0.03138310069003791,0.11867901,11
logistic_primary_sgd_l2,train,20221129,20,0.006025832272915793,0.12051664545831586,10,10,0.20299017115699436,-0.0824735256986785,0.1119025,13
logistic_primary_sgd_l2,train,20221130,20,-0.00328403212392836,-0.0656806424785672,6,14,0.12797727245721235,-0.19365791493577955,0.11060091,12
logistic_primary_sgd_l2,train,20221201,20,0.0006829174605751276,0.013658349211502552,8,12,0.13897323818054375,-0.1253148889690412,0.11135413,13
logistic_primary_sgd_l2,train,20221202,20,-0.008455875788462524,-0.1691175157692505,6,14,0.08624891117994138,-0.25536642694919187,0.10890116,12
logistic_primary_sgd_l2,train,20221205,20,-0.0059365227218371504,-0.11873045443674302,4,16,0.18591657109183868,-0.3046470255285817,0.109620966,11
logistic_primary_sgd_l2,train,20221206,20,-0.011374787450750212,-0.22749574901500424,2,18,0.008394626075315825,-0.23589037509032007,0.110326625,14
logistic_primary_sgd_l2,train,20221207,20,-0.021561490909090236,-0.4312298181818047,1,19,0.0060240963855420215,-0.43725391456734675,0.10997524,12
logistic_primary_sgd_l2,train,20221208,20,-0.013076558355957196,-0.2615311671191439,3,17,0.0761688327244412,-0.3376999998435851,0.11339005,14
logistic_primary_sgd_l2,train,20221209,20,-0.02201272030250733,-0.44025440605014665,2,18,0.02901610195306148,-0.46927050800320813,0.11570016,14
logistic_primary_sgd_l2,train,20221212,20,-0.02634155254801006,-0.5268310509602012,1,19,0.016181229773462924,-0.5430122807336641,0.1202424,14
logistic_primary_sgd_l2,train,20221213,20,-0.02399151743308723,-0.47983034866174457,2,18,0.017977059648121685,-0.49780740830986625,0.109725416,13
logistic_primary_sgd_l2,train,20221214,20,-0.023385301282847805,-0.46770602565695607,2,18,0.10289795685764802,-0.5706039825146041,0.11222987,13
logistic_primary_sgd_l2,train,20221215,20,-0.03272534599786174,-0.6545069199572349,2,18,0.013917043322029699,-0.6684239632792646,0.11472446,14
logistic_primary_sgd_l2,train,20221216,20,-0.03837752787677394,-0.7675505575354787,2,18,0.019098067694760967,-0.7866486252302397,0.11485474,14
logistic_primary_sgd_l2,train,20221219,20,-0.016929783713455382,-0.33859567426910764,5,15,0.08089257916088499,-0.41948825342999263,0.118446566,15
logistic_primary_sgd_l2,train,20221220,20,-0.011906495254388933,-0.23812990508777865,6,14,0.09720181736768718,-0.33533172245546583,0.12222657,15
logistic_primary_sgd_l2,train,20221221,20,-0.0092017956826213,-0.184035913652426,9,11,0.11796422355360425,-0.30200013720603025,0.12122776,13
logistic_primary_sgd_l2,train,20221222,20,-0.002850820171967494,-0.05701640343934988,10,10,0.16667477795695418,-0.22369118139630406,0.11606958,14
logistic_primary_sgd_l2,train,20221223,20,0.015963186520402455,0.3192637304080491,15,5,0.3551476035362946,-0.03588387312824548,0.11671702,17
logistic_primary_sgd_l2,train,20221226,20,0.004545936162272601,0.09091872324545203,13,7,0.20759450232345222,-0.1166757790780002,0.1185931,13
logistic_primary_sgd_l2,train,20221227,20,0.004728635088716804,0.09457270177433608,11,9,0.2571693397639103,-0.16259663798957424,0.11641594,14
logistic_primary_sgd_l2,train,20221228,20,0.01684127845272416,0.33682556905448324,15,5,0.4117800213386451,-0.07495445228416187,0.11742841,11
logistic_primary_sgd_l2,train,20221229,20,0.024442774315509765,0.48885548631019526,16,4,0.5370322405539607,-0.04817675424376544,0.11545473,12
logistic_primary_sgd_l2,train,20221230,20,0.03365949281508273,0.6731898563016546,16,4,0.7099571481231455,-0.036767291821490855,0.11847375,13
logistic_primary_sgd_l2,validation,20230103,20,0.0024461183501265195,0.04892236700253039,8,12,0.1621803305202354,-0.11325796351770501,0.121411726,12
logistic_primary_sgd_l2,validation,20230104,20,0.0012811975651746133,0.025623951303492265,8,12,0.11256056283319227,-0.0869366115297,0.12468207,10
logistic_primary_sgd_l2,validation,20230105,20,-0.0007310726841597337,-0.014621453683194674,6,14,0.09956983421331289,-0.11419128789650757,0.12100889,11
logistic_primary_sgd_l2,validation,20230106,20,-0.003045844195740549,-0.06091688391481098,7,13,0.07242418036564757,-0.13334106428045855,0.12403437,11
logistic_primary_sgd_l2,validation,20230109,20,-0.0015268855076928268,-0.030537710153856534,8,12,0.0785636492010966,-0.10910135935495313,0.124293745,11
logistic_primary_sgd_l2,validation,20230110,20,0.006931026242749177,0.13862052485498355,11,9,0.20752928730550768,-0.06890876245052413,0.12799563,10
logistic_primary_sgd_l2,validation,20230111,20,0.01154160737041996,0.2308321474083992,13,7,0.26775860460815637,-0.03692645719975718,0.13052464,12
logistic_primary_sgd_l2,validation,20230112,20,0.013938741578999225,0.2787748315799845,14,6,0.319540808474591,-0.04076597689460648,0.13150313,13
logistic_primary_sgd_l2,validation,20230113,20,0.023048061650735557,0.46096123301471115,17,3,0.4751907621221767,-0.014229529107465555,0.1309478,14
logistic_primary_sgd_l2,validation,20230116,20,0.03123408645402905,0.6246817290805811,19,1,0.6246817290805811,0.0,0.13110492,14
logistic_primary_sgd_l2,validation,20230117,20,0.09217709813041604,1.8435419626083207,20,0,1.8435419626083207,0.0,0.13090974,13
logistic_primary_sgd_l2,validation,20230118,20,0.09439653610437117,1.8879307220874233,20,0,1.8879307220874233,0.0,0.12668023,11
logistic_primary_sgd_l2,validation,20230119,20,0.06051195664164116,1.2102391328328233,20,0,1.2102391328328233,0.0,0.12707753,14
logistic_primary_sgd_l2,validation,20230120,20,0.04168097868117393,0.8336195736234786,20,0,0.8336195736234786,0.0,0.12858188,14
logistic_primary_sgd_l2,validation,20230130,20,0.03697156783404578,0.7394313566809156,20,0,0.7394313566809156,0.0,0.13015886,12
logistic_primary_sgd_l2,validation,20230131,20,0.018630006544252443,0.37260013088504884,9,11,0.45699674474960195,-0.0843966138645531,0.1133825,17
logistic_primary_sgd_l2,validation,20230201,20,-0.008284486999878816,-0.1656897399975763,3,17,0.10316199071995791,-0.2688517307175342,0.117075,13
logistic_primary_sgd_l2,validation,20230202,20,0.000988059196095431,0.01976118392190862,10,10,0.11910193290544724,-0.09934074898353862,0.12584068,13
logistic_primary_sgd_l2,validation,20230203,20,-0.0014836673948807777,-0.029673347897615554,10,10,0.06677285179054482,-0.09644619968816037,0.127728,11
logistic_primary_sgd_l2,validation,20230206,20,0.010594214234550486,0.21188428469100973,13,7,0.2488769842715033,-0.03699269958049356,0.12868847,11
logistic_primary_sgd_l2,validation,20230207,20,0.004748113174897961,0.09496226349795922,9,11,0.19058978560870043,-0.09562752211074121,0.10905794,14
logistic_primary_sgd_l2,validation,20230208,20,0.010127242549940806,0.20254485099881614,15,5,0.228790474224434,-0.026245623225617853,0.11010091,15
logistic_primary_sgd_l2,validation,20230209,20,-0.004626688168384224,-0.09253376336768449,6,14,0.06415033859387109,-0.15668410196155558,0.114427246,14
logistic_primary_sgd_l2,validation,20230210,20,-0.010597461331933617,-0.21194922663867233,5,15,0.03054228528607661,-0.24249151192474894,0.116091706,16
logistic_primary_sgd_l2,validation,20230213,20,-0.012794948251164756,-0.2558989650232951,4,16,0.040447548239633146,-0.29634651326292827,0.11562864,15
logistic_primary_sgd_l2,validation,20230214,20,-0.002935800624759799,-0.05871601249519598,8,12,0.11553133092024548,-0.17424734341544146,0.120595075,16
logistic_primary_sgd_l2,validation,20230215,20,-0.0038859278192827197,-0.07771855638565439,8,12,0.07385256115973515,-0.15157111754538954,0.11806601,17
logistic_primary_sgd_l2,validation,20230216,20,0.002925036887896121,0.058500737757922416,11,9,0.1324886223800672,-0.07398788462214478,0.12242558,18
logistic_primary_sgd_l2,validation,20230217,20,-0.002231712937901126,-0.044634258758022516,7,13,0.06810538886383832,-0.11273964762186084,0.120854214,15
logistic_primary_sgd_l2,validation,20230220,20,-0.011724300828301915,-0.2344860165660383,3,17,0.055532073775899526,-0.2900180903419378,0.12034775,13
logistic_primary_sgd_l2,validation,20230221,20,-0.010329042920007043,-0.20658085840014084,4,16,0.06209992872875558,-0.2686807871288964,0.12248846,15
logistic_primary_sgd_l2,validation,20230222,20,-0.01104724667176465,-0.22094493343529298,6,14,0.02662109817724012,-0.2475660316125331,0.122101665,16
logistic_primary_sgd_l2,validation,20230223,20,-0.009812974502208988,-0.19625949004417975,4,16,0.018708437388883503,-0.21496792743306326,0.11646344,17
logistic_primary_sgd_l2,validation,20230224,20,-0.002754198753385351,-0.055083975067707014,8,12,0.09307825942313186,-0.14816223449083887,0.11341673,14
logistic_primary_sgd_l2,validation,20230227,20,0.00729947706076835,0.145989541215367,10,10,0.22248402453088545,-0.07649448331551845,0.11494233,15
logistic_primary_sgd_l2,validation,20230228,20,-0.00556045126401139,-0.1112090252802278,7,13,0.1145328930370424,-0.2257419183172702,0.13047668,14
logistic_primary_sgd_l2,validation,20230301,20,-0.012239152126197462,-0.24478304252394922,6,14,0.037492544107273984,-0.2822755866312232,0.12609056,15
logistic_primary_sgd_l2,validation,20230302,20,-0.014085351817236002,-0.28170703634472005,4,16,0.022138178222629312,-0.30384521456734936,0.12442492,17
logistic_primary_sgd_l2,validation,20230303,20,-0.022383259041994535,-0.4476651808398907,2,18,0.01359726083213375,-0.46126244167202446,0.12459023,16
logistic_primary_sgd_l2,validation,20230306,20,-0.024520731773322018,-0.4904146354664404,2,18,0.015120943882985127,-0.5055355793494255,0.12758203,12
logistic_primary_sgd_l2,validation,20230307,20,-0.02741014370509563,-0.5482028741019126,1,19,0.0050167224080264194,-0.553219596509939,0.12875865,14
logistic_primary_sgd_l2,validation,20230308,20,-0.0235365023783981,-0.470730047567962,1,19,0.008547008547008517,-0.4792770561149705,0.12958632,13
logistic_primary_sgd_l2,validation,20230309,20,-0.02811159352963747,-0.5622318705927494,1,19,0.002136752136752351,-0.5643686227295017,0.12466445,14
logistic_primary_sgd_l2,validation,20230310,20,-0.02203716395245573,-0.4407432790491146,4,16,0.03574340766714723,-0.4764866867162618,0.123168394,12
logistic_primary_sgd_l2,validation,20230313,20,-0.02164217830283178,-0.43284356605663554,4,16,0.022325094717291716,-0.45516866077392726,0.12601936,11
logistic_primary_sgd_l2,validation,20230314,20,-0.008167010180745143,-0.16334020361490287,5,15,0.09590783828667537,-0.25924804190157824,0.12065889,14
logistic_primary_sgd_l2,validation,20230315,20,-0.004686652597058383,-0.09373305194116766,6,14,0.18051647466460752,-0.2742495266057752,0.12145953,16
logistic_primary_sgd_l2,validation,20230316,20,0.0038133007785070227,0.07626601557014046,13,7,0.22953425553535212,-0.15326823996521166,0.1261628,14
logistic_primary_sgd_l2,validation,20230317,20,0.024489143589827185,0.4897828717965437,17,3,0.4975706033708778,-0.0077877315743341,0.123484194,15
logistic_primary_sgd_l2,validation,20230320,20,0.029748200366826773,0.5949640073365354,17,3,0.6206508264345421,-0.02568681909800663,0.1243137,16
logistic_primary_sgd_l2,validation,20230321,20,0.003816595609602613,0.07633191219205226,9,11,0.17108520601455002,-0.09475329382249775,0.122949146,15
logistic_primary_sgd_l2,validation,20230322,20,0.0005423504829137893,0.010847009658275786,9,11,0.14125550986972168,-0.1304085002114459,0.12481811,14
logistic_primary_sgd_l2,validation,20230323,20,-0.005500864323887372,-0.11001728647774744,8,12,0.13190368981857192,-0.24192097629631937,0.12051296,16
logistic_primary_sgd_l2,validation,20230324,20,-0.015210298868381943,-0.3042059773676389,3,17,0.020507353532958295,-0.3247133309005972,0.119256,16
logistic_primary_sgd_l2,validation,20230327,20,-0.014326560370758367,-0.28653120741516735,5,15,0.04680394869161364,-0.333335156106781,0.12108469,15
logistic_primary_sgd_l2,validation,20230328,20,-0.014545974784019417,-0.29091949568038833,6,14,0.055804233645242673,-0.346723729325631,0.12088035,17
logistic_primary_sgd_l2,validation,20230329,20,-0.009609910974163744,-0.19219821948327487,6,14,0.08552091682755347,-0.27771913631082834,0.12066106,16
logistic_primary_sgd_l2,validation,20230330,20,0.0019170852752426137,0.038341705504852275,12,8,0.15783993774509786,-0.11949823224024558,0.12425425,15
logistic_primary_sgd_l2,validation,20230331,20,-0.002172600793447449,-0.04345201586894898,9,11,0.14825967545684238,-0.19171169132579136,0.12283232,17
logistic_primary_sgd_l2,validation,20230403,20,-0.007395594742116452,-0.14791189484232903,7,13,0.08027707880990098,-0.22818897365223,0.12054576,16
logistic_primary_sgd_l2,validation,20230404,20,0.006469868870722273,0.12939737741444546,12,8,0.21813102429617492,-0.08873364688172947,0.11952062,15
logistic_primary_sgd_l2,validation,20230406,20,0.008042610889416945,0.1608522177883389,11,9,0.3155956475288795,-0.15474342974054056,0.118313454,16
logistic_primary_sgd_l2,validation,20230407,20,-0.0021991259499778036,-0.043982518999556075,8,12,0.16740535982439764,-0.2113878788239537,0.11891951,15
logistic_primary_sgd_l2,validation,20230410,20,0.0021585685951084955,0.04317137190216991,9,11,0.213598373595707,-0.17042700169353708,0.12317741,16
logistic_primary_sgd_l2,validation,20230411,20,-0.0029739486385712776,-0.05947897277142555,6,14,0.23333895254564263,-0.2928179253170682,0.12180823,14
logistic_primary_sgd_l2,validation,20230412,20,-0.005594490472600816,-0.11188980945201632,6,14,0.09004024359876017,-0.2019300530507765,0.12215166,15
logistic_primary_sgd_l2,validation,20230413,20,-0.010986585413671358,-0.21973170827342714,3,17,0.15924188643250492,-0.37897359470593206,0.12163724,16
logistic_primary_sgd_l2,validation,20230414,20,-0.024983130943234226,-0.49966261886468455,3,17,0.08993812023893,-0.5896007391036145,0.12514475,14
logistic_primary_sgd_l2,validation,20230417,20,-0.02606278510107023,-0.5212557020214046,4,16,0.11847802402719365,-0.6397337260485982,0.1257756,16
logistic_primary_sgd_l2,validation,20230418,20,-0.04216217013838191,-0.8432434027676382,3,17,0.095844109592923,-0.9390875123605612,0.12251307,15
logistic_primary_sgd_l2,validation,20230419,20,-0.020976228921447515,-0.4195245784289503,3,17,0.14595975035974318,-0.5654843287886935,0.1200848,17
logistic_primary_sgd_l2,validation,20230420,20,0.005668624418666973,0.11337248837333946,8,12,0.35799473943321614,-0.24462225105987667,0.11826016,15
logistic_primary_sgd_l2,validation,20230421,20,0.03128762841940599,0.6257525683881198,15,5,0.7656369731389019,-0.13988440475078212,0.117973104,14
logistic_primary_sgd_l2,validation,20230424,20,0.04082832696479425,0.816566539295885,15,5,0.9526830944904099,-0.13611655519452492,0.119276285,13
logistic_primary_sgd_l2,validation,20230425,20,0.045999878505053736,0.9199975701010747,14,6,1.029215107411658,-0.10921753731058326,0.11052469,12
logistic_primary_sgd_l2,validation,20230426,20,0.0926356771286728,1.8527135425734558,19,1,1.8536144434743567,-0.0009009009009008917,0.11487361,14
logistic_primary_sgd_l2,validation,20230427,20,0.04444999662002871,0.8889999324005742,18,2,0.9334839181656986,-0.04448398576512447,0.114915654,13
logistic_primary_sgd_l2,validation,20230428,20,0.03018639665791421,0.6037279331582842,17,3,0.6530104407741253,-0.049282507615841076,0.1136937,14
logistic_primary_sgd_l2,validation,20230504,20,0.03648599424607286,0.7297198849214571,19,1,0.7472198849214571,-0.01749999999999996,0.11209124,13
logistic_primary_sgd_l2,validation,20230505,20,0.005106927892100333,0.10213855784200665,12,8,0.22226458077926803,-0.12012602293726138,0.10550493,14
logistic_primary_sgd_l2,validation,20230508,20,0.0018523863851949707,0.037047727703899413,8,12,0.2047139433920997,-0.16766621568820028,0.10530914,11
logistic_primary_sgd_l2,validation,20230509,20,0.009356538016609812,0.18713076033219622,14,6,0.31139221627458524,-0.12426145594238902,0.11042257,12
logistic_primary_sgd_l2,validation,20230510,20,0.009339521588986006,0.1867904317797201,13,7,0.3078607533580895,-0.12107032157836939,0.116306044,10
logistic_primary_sgd_l2,validation,20230511,20,0.0025603475224434515,0.051206950448869026,9,11,0.21289465278065167,-0.16168770233178265,0.11951754,13
logistic_primary_sgd_l2,validation,20230512,20,0.010818210532977324,0.21636421065954647,10,10,0.36608377118381363,-0.14971956052426716,0.11665754,12
logistic_primary_sgd_l2,validation,20230515,20,0.020576880151217586,0.4115376030243517,13,7,0.5205157978262216,-0.10897819480186988,0.113353804,13
logistic_primary_sgd_l2,validation,20230516,20,0.024080334097305468,0.48160668194610934,16,4,0.571181584522449,-0.08957490257633971,0.1136869,12
logistic_primary_sgd_l2,validation,20230517,20,0.014492021907698532,0.28984043815397065,11,9,0.400062867644547,-0.11022242949057637,0.113167085,11
logistic_primary_sgd_l2,validation,20230518,20,0.02262121983593664,0.4524243967187328,15,5,0.5066442275990781,-0.05421983088034532,0.112581,16
logistic_primary_sgd_l2,validation,20230519,20,0.007354881292477256,0.1470976258495451,11,9,0.25182214868358166,-0.10472452283403655,0.111194566,14
logistic_primary_sgd_l2,validation,20230522,20,-0.00880828214243115,-0.17616564284862302,5,15,0.039129691359845786,-0.2152953342084688,0.11251615,16
logistic_primary_sgd_l2,validation,20230523,20,-0.0012827853761946228,-0.025655707523892457,7,13,0.1958046681227712,-0.22146037564666365,0.10849538,15
logistic_primary_sgd_l2,validation,20230524,20,-0.009821789684831434,-0.19643579369662867,5,15,0.06529656303854114,-0.2617323567351698,0.11726701,15
logistic_primary_sgd_l2,validation,20230525,20,-0.012958924111070419,-0.2591784822214084,6,14,0.06272819952989339,-0.32190668175130177,0.11787542,15
logistic_primary_sgd_l2,validation,20230526,20,-0.009781788670310737,-0.19563577340621474,3,17,0.0441946847196637,-0.23983045812587844,0.11749059,15
logistic_primary_sgd_l2,validation,20230529,20,-0.007658168687102557,-0.15316337374205113,7,13,0.06175931889222119,-0.21492269263427233,0.1147362,14
logistic_primary_sgd_l2,validation,20230530,20,-0.00949770078600331,-0.1899540157200662,5,15,0.05993523180618454,-0.24988924752625075,0.105750345,12
logistic_primary_sgd_l2,validation,20230531,20,-0.010183497281017972,-0.20366994562035945,6,14,0.0627335369670543,-0.26640348258741375,0.09939031,13
logistic_primary_sgd_l2,validation,20230601,20,-0.015200458730211008,-0.30400917460422017,3,17,0.07584878849448562,-0.3798579630987058,0.09841634,13
logistic_primary_sgd_l2,validation,20230602,20,-0.017485687057580086,-0.3497137411516017,3,17,0.1584399146687283,-0.50815365582033,0.10946337,14
logistic_primary_sgd_l2,validation,20230605,20,-0.022328825037159643,-0.4465765007431929,6,14,0.0494386812350569,-0.4960151819782498,0.11981554,14
logistic_primary_sgd_l2,validation,20230606,20,-0.02391056725266074,-0.47821134505321483,4,16,0.03392373909619062,-0.5121350841494055,0.120355286,14
logistic_primary_sgd_l2,validation,20230607,20,-0.0010653630242281164,-0.02130726048456233,5,15,0.31536410727860953,-0.33667136776317186,0.11645939,16
logistic_primary_sgd_l2,validation,20230608,20,-0.012036156994069375,-0.2407231398813875,7,13,0.08276855763176116,-0.32349169751314866,0.121166006,14
logistic_primary_sgd_l2,validation,20230609,20,0.0015039329995736096,0.03007865999147219,9,11,0.15526716503646898,-0.1251885050449968,0.124232255,15
logistic_primary_sgd_l2,validation,20230612,20,0.0004754311008060397,0.009508622016120793,10,10,0.08984486872392017,-0.08033624670779937,0.12196696,17
logistic_primary_sgd_l2,validation,20230613,20,0.006380911988661209,0.12761823977322417,8,12,0.25724113006003013,-0.12962289028680596,0.11607419,15
logistic_primary_sgd_l2,validation,20230614,20,-0.000998848885521697,-0.01997697771043394,9,11,0.15263217924740302,-0.17260915695783696,0.11880791,16
logistic_primary_sgd_l2,validation,20230615,20,0.004452254488612634,0.08904508977225267,6,14,0.3885428501514181,-0.2994977603791654,0.12066913,15
logistic_primary_sgd_l2,validation,20230616,20,0.018443298714784534,0.3688659742956907,9,11,0.5347738641940405,-0.16590788989834981,0.12651281,15
logistic_primary_sgd_l2,validation,20230619,20,0.007880984837883371,0.1576196967576674,11,9,0.30742483857267544,-0.14980514181500804,0.12886916,14
logistic_primary_sgd_l2,validation,20230620,20,0.03250998858368217,0.6501997716736434,15,5,0.6783715373577823,-0.028171765684138927,0.13112447,17
logistic_primary_sgd_l2,validation,20230621,20,0.01958322225858975,0.391664445171795,14,6,0.4459528381507156,-0.05428839297892063,0.12923737,15
logistic_primary_sgd_l2,validation,20230626,20,0.028493951708548737,0.5698790341709747,17,3,0.5698790341709747,0.0,0.13238354,17
logistic_primary_sgd_l2,validation,20230627,20,0.034617377469657734,0.6923475493931547,16,4,0.7378306169387236,-0.04548306754556897,0.13288793,14
logistic_primary_sgd_l2,validation,20230628,20,0.03395724160926662,0.6791448321853325,16,4,0.7172549732533084,-0.038110141067975944,0.13108404,15
logistic_primary_sgd_l2,validation,20230629,20,0.014609422239548902,0.29218844479097805,12,8,0.3814820421192582,-0.08929359732828013,0.12870562,15
logistic_primary_sgd_l2,validation,20230630,20,0.009093616780296566,0.1818723356059313,9,11,0.27819038912277927,-0.09631805351684797,0.124056146,15
logistic_primary_sgd_l2,validation,20230703,20,0.006849808152085845,0.1369961630417169,14,6,0.20968613879012676,-0.07268997574840985,0.12238197,15
logistic_primary_sgd_l2,validation,20230704,20,-0.0015295977944889516,-0.030591955889779032,9,11,0.11190844291776791,-0.14250039880754695,0.12138834,16
logistic_primary_sgd_l2,validation,20230705,20,-0.009427721048503484,-0.1885544209700697,5,15,0.039812504596919984,-0.22836692556698968,0.12078561,16
logistic_primary_sgd_l2,validation,20230706,20,-0.001981504210994356,-0.03963008421988712,10,10,0.08723635373293148,-0.1268664379528186,0.12718728,13
logistic_primary_sgd_l2,validation,20230707,20,-0.0024742387481627437,-0.049484774963254874,7,13,0.11071128130241092,-0.1601960562656658,0.12669244,16
logistic_primary_sgd_l2,validation,20230710,20,0.004342001415478164,0.08684002830956328,12,8,0.14137429976170846,-0.05453427145214518,0.12795195,15
logistic_primary_sgd_l2,validation,20230711,20,0.005915099156718151,0.11830198313436302,12,8,0.23351494278441964,-0.11521295965005662,0.123908,16
logistic_primary_sgd_l2,validation,20230712,20,0.0001316107974957903,0.002632215949915806,8,12,0.13436619464606459,-0.13173397869614878,0.11946733,15
logistic_primary_sgd_l2,validation,20230713,20,-0.0058542976166231445,-0.11708595233246288,6,14,0.08368173387426703,-0.2007676862067299,0.11950892,13
logistic_primary_sgd_l2,validation,20230714,20,-0.0066040331174308745,-0.13208066234861748,6,14,0.060692351153183166,-0.19277301350180065,0.11515131,13
logistic_primary_sgd_l2,validation,20230717,20,-0.012915352969390042,-0.25830705938780085,5,15,0.030756567137166124,-0.289063626524967,0.114688955,16
logistic_primary_sgd_l2,validation,20230718,20,-0.006362760116619076,-0.12725520233238152,6,14,0.066754549119729,-0.19400975145211052,0.11659525,14
logistic_primary_sgd_l2,validation,20230719,20,-0.006377128675209165,-0.1275425735041833,9,11,0.07616308381970582,-0.20370565732388912,0.11324761,14
logistic_primary_sgd_l2,validation,20230720,20,-0.0034357035842372263,-0.06871407168474453,10,10,0.10219222473611267,-0.1709062964208572,0.11314726,15
logistic_primary_sgd_l2,validation,20230721,20,0.010123827324827106,0.20247654649654212,16,4,0.28915098267655837,-0.08667443618001625,0.11657963,13
logistic_primary_sgd_l2,validation,20230724,20,0.01588887803572659,0.3177775607145318,16,4,0.36996739861976846,-0.05218983790523668,0.118178986,14
logistic_primary_sgd_l2,validation,20230725,20,0.015728286751427584,0.3145657350285517,14,6,0.37506757300643434,-0.060501837977882666,0.11866562,12
logistic_primary_sgd_l2,validation,20230726,20,0.01007113797871304,0.2014227595742608,10,10,0.3062136934025006,-0.10479093382823979,0.12082173,13
logistic_primary_sgd_l2,validation,20230727,20,0.014177171582546111,0.2835434316509222,12,8,0.3587648709269411,-0.07522143927601888,0.116031565,14
logistic_primary_sgd_l2,validation,20230728,20,0.004486759162656506,0.08973518325313012,8,12,0.2058850699677086,-0.11614988671457849,0.111411795,13
logistic_primary_sgd_l2,validation,20230731,20,-0.007890829617450445,-0.1578165923490089,4,16,0.12644111789424728,-0.2842577102432562,0.1119241,14
logistic_primary_sgd_l2,validation,20230801,20,-0.012509844338283976,-0.2501968867656795,3,17,0.026579928586158097,-0.2767768153518376,0.11315285,13
logistic_primary_sgd_l2,validation,20230802,20,-0.006769902421263002,-0.13539804842526004,6,14,0.13331062966198837,-0.2687086780872484,0.11849095,14
logistic_primary_sgd_l2,validation,20230803,20,-0.00924919470111601,-0.18498389402232018,5,15,0.14855405207001438,-0.33353794609233456,0.11223277,15
logistic_primary_sgd_l2,validation,20230804,20,-0.024520015271013634,-0.4904003054202727,3,17,0.07635043191392876,-0.5667507373342014,0.11982523,14
logistic_primary_sgd_l2,validation,20230807,20,-0.017439549098335748,-0.348790981966715,2,18,0.022340124504810266,-0.37113110647152525,0.119007386,14
logistic_primary_sgd_l2,validation,20230808,20,-0.015430406493915355,-0.3086081298783071,3,17,0.04571189908657436,-0.35432002896488146,0.11569788,15
logistic_primary_sgd_l2,validation,20230809,20,-0.010542336406500218,-0.21084672813000438,6,14,0.06936717949701521,-0.2802139076270196,0.114454314,16
logistic_primary_sgd_l2,validation,20230810,20,-0.015256098940553181,-0.3051219788110636,4,16,0.02832537327009943,-0.33344735208116305,0.112060405,15
logistic_primary_sgd_l2,validation,20230811,20,-0.011675807216188955,-0.2335161443237791,3,17,0.025403165989539067,-0.25891931031331816,0.11547778,16
logistic_primary_sgd_l2,validation,20230814,20,-0.026450442973112998,-0.52900885946226,2,18,0.10154546476340354,-0.6305543242256635,0.11589886,17
logistic_primary_sgd_l2,validation,20230815,20,-0.027362282971484048,-0.547245659429681,4,16,0.13575093318825449,-0.6829965926179354,0.11585535,17
logistic_primary_sgd_l2,validation,20230816,20,-0.025450704284344382,-0.5090140856868877,7,13,0.2666718720533172,-0.7756859577402049,0.11012594,14
logistic_primary_sgd_l2,validation,20230817,20,-0.05175863039670732,-1.0351726079341463,2,18,0.032954324263185786,-1.0681269321973321,0.11662654,16
logistic_primary_sgd_l2,validation,20230818,20,-0.0657428698560852,-1.314857397121704,3,17,0.03066673500958217,-1.3455241321312859,0.11167095,17
logistic_primary_sgd_l2,validation,20230821,20,-0.05539110585623289,-1.1078221171246578,3,17,0.04373967672988499,-1.1515617938545426,0.11232682,11
logistic_primary_sgd_l2,validation,20230822,20,-0.007204571860277587,-0.14409143720555173,9,11,0.2521971516037227,-0.3962885888092744,0.10880504,13
logistic_primary_sgd_l2,validation,20230823,20,0.004515738637625155,0.0903147727525031,9,11,0.39894738607101177,-0.30863261331850866,0.114001945,14
logistic_primary_sgd_l2,validation,20230824,20,-0.008787270300458788,-0.17574540600917576,11,9,0.30811019660391303,-0.4838556026130888,0.11500051,14
logistic_primary_sgd_l2,validation,20230825,20,-0.014988936004058406,-0.2997787200811681,9,11,0.19162507179054256,-0.4914037918717107,0.11398916,10
logistic_primary_sgd_l2,validation,20230828,20,0.1268254694816879,2.5365093896337583,20,0,2.5365093896337587,0.0,0.11696454,13
logistic_primary_sgd_l2,validation,20230829,20,0.07527092863454163,1.5054185726908327,20,0,1.5054185726908327,0.0,0.12158004,11
logistic_primary_sgd_l2,validation,20230830,20,0.05648916979504115,1.129783395900823,18,2,1.151421636996078,-0.021638241095254807,0.121221304,10
logistic_primary_sgd_l2,validation,20230831,20,0.02360707829915527,0.4721415659831054,14,6,0.5723537272400911,-0.10021216125698573,0.12634318,9
logistic_primary_sgd_l2,validation,20230901,20,-0.00515431499527112,-0.1030862999054224,7,13,0.3665636027167125,-0.4696499026221349,0.12055852,11
logistic_primary_sgd_l2,validation,20230904,20,-0.0076362155852209455,-0.1527243117044189,7,13,0.2026094537023715,-0.3553337654067904,0.107740894,13
logistic_primary_sgd_l2,validation,20230905,20,-0.013744828923406383,-0.27489657846812765,6,14,0.05945053194798877,-0.3343471104161164,0.12224831,13
logistic_primary_sgd_l2,validation,20230906,20,-0.01903917414010602,-0.3807834828021204,4,16,0.08407126327237568,-0.46485474607449606,0.13120387,14
logistic_primary_sgd_l2,validation,20230907,20,-0.0049445252091264436,-0.09889050418252887,5,15,0.2804205935393953,-0.3793110977219242,0.12904653,11
logistic_primary_sgd_l2,validation,20230908,20,-0.014011408588438473,-0.28022817176876946,3,17,0.027491522632683063,-0.3077196944014525,0.12681514,13
logistic_primary_sgd_l2,validation,20230911,20,-0.014583318992949706,-0.29166637985899413,4,16,0.029518374807352865,-0.321184754666347,0.11937797,10
logistic_primary_sgd_l2,validation,20230912,20,-0.015646220017374445,-0.3129244003474889,1,19,0.0015748031496063408,-0.31449920349709526,0.1221651,10
logistic_primary_sgd_l2,validation,20230913,20,-0.01698976356410341,-0.3397952712820682,3,17,0.019152098542600582,-0.3589473698246688,0.124874905,12
logistic_primary_sgd_l2,validation,20230914,20,-0.016804546903870114,-0.3360909380774023,2,18,0.011277807281524721,-0.34736874535892703,0.123316124,11
logistic_primary_sgd_l2,validation,20230915,20,-0.00901704820635893,-0.1803409641271786,5,15,0.040905290066194144,-0.22124625419337274,0.12886584,11
logistic_primary_sgd_l2,validation,20230918,20,-0.012974706825294413,-0.25949413650588826,3,17,0.020162996648551923,-0.2796571331544402,0.1310853,11
logistic_primary_sgd_l2,validation,20230919,20,-0.01699452727164557,-0.3398905454329114,1,19,0.008802816901408717,-0.34869336233432013,0.1257852,12
logistic_primary_sgd_l2,validation,20230920,20,-0.011020230042044854,-0.22040460084089708,3,17,0.06593619920903326,-0.28634080004993034,0.12710707,12
logistic_primary_sgd_l2,validation,20230921,20,0.009153992052063593,0.18307984104127184,13,7,0.2311303683223953,-0.04805052728112347,0.12196219,14
logistic_primary_sgd_l2,validation,20230922,20,-0.006394534759219289,-0.12789069518438578,4,16,0.2005537853490873,-0.3284444805334731,0.11961641,16
logistic_primary_sgd_l2,validation,20230925,20,-0.010044251361504913,-0.20088502723009827,5,15,0.07938448989688163,-0.2802695171269799,0.11834749,14
logistic_primary_sgd_l2,validation,20230926,20,-0.011621263065298154,-0.23242526130596308,5,15,0.0932140203553724,-0.3256392816613355,0.109198526,13
logistic_primary_sgd_l2,validation,20230927,20,-0.012956375438241751,-0.25912750876483504,6,14,0.11326381804836605,-0.3723913268132011,0.10684234,13
logistic_primary_sgd_l2,validation,20230928,20,-0.028923242676825712,-0.5784648535365142,4,16,0.04976474803889386,-0.6282296015754081,0.1120806,12
logistic_primary_sgd_l2,validation,20231009,20,-0.03941807801659962,-0.7883615603319925,2,18,0.004048914700323314,-0.7924104750323158,0.11891679,13
logistic_primary_sgd_l2,validation,20231010,20,-0.027114079870486092,-0.5422815974097218,2,18,0.015339776039269726,-0.5576213734489915,0.12891611,13
logistic_primary_sgd_l2,validation,20231011,20,-0.04499898644348592,-0.8999797288697183,2,18,0.02041128046819729,-0.9203910093379156,0.12736379,15
logistic_primary_sgd_l2,validation,20231012,20,-0.05084185856638697,-1.0168371713277393,0,20,0.0,-1.0168371713277393,0.12424721,13
logistic_primary_sgd_l2,validation,20231013,20,-0.05388487397959272,-1.0776974795918544,0,20,0.0,-1.0776974795918544,0.123633385,13
logistic_primary_sgd_l2,validation,20231016,20,-0.051160370562700605,-1.0232074112540122,0,20,0.0,-1.0232074112540122,0.1208626,14
logistic_primary_sgd_l2,validation,20231017,20,-0.04276421666804134,-0.8552843333608268,2,18,0.05209064943578201,-0.9073749827966088,0.12057595,15
logistic_primary_sgd_l2,validation,20231018,20,-0.03331542154997496,-0.6663084309994992,4,16,0.04246578637557308,-0.7087742173750723,0.11752272,13
logistic_primary_sgd_l2,validation,20231019,20,-0.015383931870043648,-0.307678637400873,6,14,0.07571121275592141,-0.3833898501567944,0.12413694,12
logistic_primary_sgd_l2,validation,20231020,20,0.014302750454662217,0.28605500909324433,12,8,0.5470473811228644,-0.2609923720296201,0.12717493,13
logistic_primary_sgd_l2,validation,20231023,20,0.04955612504555769,0.9911225009111538,17,3,1.06637821631787,-0.07525571540671627,0.12625277,15
logistic_primary_sgd_l2,validation,20231024,20,0.027091049660555068,0.5418209932111013,14,6,0.6198603200951371,-0.07803932688403581,0.12660816,12
logistic_primary_sgd_l2,validation,20231025,20,0.01921986815519037,0.38439736310380734,15,5,0.48770165598703796,-0.10330429288323062,0.12688103,13
logistic_primary_sgd_l2,validation,20231026,20,0.011717964955146858,0.23435929910293718,11,9,0.36779599937795915,-0.13343670027502197,0.12666234,14
logistic_primary_sgd_l2,validation,20231027,20,0.005092951885646779,0.10185903771293559,9,11,0.3644325471742258,-0.2625735094612902,0.12532541,13
logistic_primary_sgd_l2,validation,20231030,20,0.025791655628245824,0.5158331125649165,15,5,0.59293290201035,-0.0770997894454335,0.12595914,12
logistic_primary_sgd_l2,validation,20231031,20,0.04374363062314549,0.8748726124629098,18,2,0.8817782191339865,-0.006905606671076647,0.12683772,14
logistic_primary_sgd_l2,validation,20231101,20,0.07539300466960401,1.5078600933920803,20,0,1.5078600933920803,0.0,0.13036598,11
logistic_primary_sgd_l2,validation,20231102,20,0.1071106192652052,2.142212385304104,20,0,2.142212385304104,0.0,0.12995696,11
logistic_primary_sgd_l2,validation,20231103,20,0.06344422719560602,1.2688845439121206,18,2,1.2872433420411462,-0.018358798129025522,0.1264824,12
logistic_primary_sgd_l2,validation,20231106,20,0.06402152141865522,1.2804304283731045,20,0,1.2804304283731045,0.0,0.12739931,13
logistic_primary_sgd_l2,validation,20231107,20,0.05687765964789576,1.1375531929579152,20,0,1.1375531929579152,0.0,0.12816139,15
logistic_primary_sgd_l2,validation,20231108,20,0.035645891715103864,0.7129178343020773,18,2,0.7265698661719309,-0.013652031869853531,0.1222836,15
logistic_primary_sgd_l2,validation,20231109,20,0.01685194278782447,0.3370388557564894,15,5,0.36952865821556924,-0.03248980245907984,0.128276,15
logistic_primary_sgd_l2,validation,20231110,20,0.02332490136936826,0.46649802738736523,18,2,0.4872502971668724,-0.02075226977950717,0.13102894,16
logistic_primary_sgd_l2,validation,20231113,20,0.04626402498402661,0.9252804996805322,19,1,0.9278745334029705,-0.0025940337224383825,0.13352518,15
logistic_primary_sgd_l2,validation,20231114,20,0.1008098277897059,2.016196555794118,20,0,2.016196555794118,0.0,0.13383986,16
logistic_primary_sgd_l2,validation,20231115,20,0.20006720351412444,4.001344070282489,20,0,4.001344070282489,0.0,0.12343707,15
logistic_primary_sgd_l2,validation,20231116,20,0.20664763786986579,4.132952757397316,20,0,4.132952757397315,0.0,0.12552421,15
logistic_primary_sgd_l2,validation,20231117,20,0.361784466565473,7.23568933130946,20,0,7.235689331309461,0.0,0.12461655,16
logistic_primary_sgd_l2,validation,20231120,20,0.5197031095371056,10.394062190742112,20,0,10.394062190742112,0.0,0.11852312,14
logistic_primary_sgd_l2,validation,20231121,20,0.02049444190798962,0.4098888381597924,13,7,0.43679050213754245,-0.026901663977750068,0.10067986,8
logistic_primary_sgd_l2,validation,20231122,20,-0.0006164362915004939,-0.012328725830009879,11,9,0.15223275016138982,-0.1645614759913997,0.10095856,9
logistic_primary_sgd_l2,validation,20231123,20,-0.015127449734993964,-0.3025489946998793,4,16,0.021466969283617576,-0.32401596398349686,0.0981528,12
logistic_primary_sgd_l2,validation,20231124,20,-0.005450651044169386,-0.10901302088338771,8,12,0.08761678704225528,-0.196629807925643,0.098014995,14
logistic_primary_sgd_l2,validation,20231127,20,-0.0028143838063817705,-0.05628767612763541,5,15,0.1650721521851537,-0.2213598283127891,0.09275825,16
logistic_primary_sgd_l2,validation,20231128,20,-0.029857780610117533,-0.5971556122023507,2,18,0.014405620871943414,-0.6115612330742941,0.08894706,11
logistic_primary_sgd_l2,validation,20231129,20,-0.00888838049733982,-0.1777676099467964,9,11,0.09928989364825824,-0.27705750359505465,0.09435125,13
logistic_primary_sgd_l2,validation,20231130,20,-0.0072687063510507525,-0.14537412702101504,6,14,0.1404873006617171,-0.28586142768273215,0.095201865,13
logistic_primary_sgd_l2,validation,20231201,20,-0.03573195314392936,-0.7146390628785871,1,19,0.008760951188986343,-0.7234000140675735,0.09375719,12
logistic_primary_sgd_l2,validation,20231204,20,-0.03229438835881687,-0.6458877671763374,2,18,0.15745152846177746,-0.8033392956381149,0.087267056,10
logistic_primary_sgd_l2,validation,20231205,20,-0.015124038097690296,-0.3024807619538059,4,16,0.14927533018626438,-0.4517560921400703,0.08776767,12
logistic_primary_sgd_l2,validation,20231206,20,-0.03415909939483991,-0.6831819878967982,4,16,0.09759034999240002,-0.7807723378891982,0.086226925,13
logistic_primary_sgd_l2,validation,20231207,20,-0.02538535737258497,-0.5077071474516994,3,17,0.18524175587952918,-0.6929489033312286,0.08909838,13
logistic_primary_sgd_l2,validation,20231208,20,-0.001434767474387344,-0.02869534948774688,8,12,0.2282582944428615,-0.2569536439306084,0.0909844,19
logistic_primary_sgd_l2,validation,20231211,20,-0.01930012127719591,-0.38600242554391817,1,19,0.12750836120401332,-0.5135107867479315,0.09316268,11
logistic_primary_sgd_l2,validation,20231212,20,-0.017635284322758894,-0.35270568645517786,2,18,0.06100810132615209,-0.41371378778132994,0.09016159,15
logistic_primary_sgd_l2,validation,20231213,20,-0.020529472720031066,-0.41058945440062133,0,20,0.0,-0.41058945440062133,0.091677785,16
logistic_primary_sgd_l2,validation,20231214,20,-0.010059369011858272,-0.20118738023716543,5,15,0.05939443360961727,-0.2605818138467827,0.09343697,14
logistic_primary_sgd_l2,validation,20231215,20,-0.01938654641356834,-0.3877309282713668,2,18,0.0909496786266375,-0.4786806068980043,0.09884355,10
logistic_primary_sgd_l2,validation,20231218,20,-0.019728325165464872,-0.39456650330929743,4,16,0.04454924502688762,-0.43911574833618505,0.09669852,12
logistic_primary_sgd_l2,validation,20231219,20,-0.03175504167076643,-0.6351008334153286,1,19,0.0015612802498048417,-0.6366621136651335,0.10206346,15
logistic_primary_sgd_l2,validation,20231220,20,0.012697159592699242,0.25394319185398484,3,17,0.6747385850601311,-0.42079539320614623,0.10038952,13
logistic_primary_sgd_l2,validation,20231221,20,-0.003245034885833731,-0.06490069771667462,9,11,0.12232359439396312,-0.18722429211063774,0.100222364,13
logistic_primary_sgd_l2,validation,20231222,20,0.027706552342054602,0.554131046841092,19,1,0.5593866607923581,-0.005255613951266058,0.097604856,13
logistic_primary_sgd_l2,validation,20231225,20,0.040152599877769236,0.8030519975553847,19,1,0.8030519975553847,0.0,0.09566376,11
logistic_primary_sgd_l2,validation,20231226,20,0.04598691275984451,0.9197382551968902,19,1,0.9230605143331028,-0.0033222591362125353,0.09709277,13
logistic_primary_sgd_l2,validation,20231227,20,0.04690225635978754,0.9380451271957508,20,0,0.9380451271957508,0.0,0.09843083,15
logistic_primary_sgd_l2,validation,20231228,20,0.025462403982395472,0.5092480796479094,13,7,0.6027858706301732,-0.09353779098226378,0.09711392,10
logistic_primary_sgd_l2,validation,20231229,20,-0.029852808070021886,-0.5970561614004377,0,20,0.0,-0.5970561614004377,0.09544082,10
logistic_primary_sgd_l2,validation,20240102,20,-0.036775993049399006,-0.7355198609879801,1,19,0.0022026431718060735,-0.7377225041597861,0.0947876,14
logistic_primary_sgd_l2,validation,20240103,20,-0.03372582236272241,-0.6745164472544483,1,19,0.00891861761426993,-0.6834350648687182,0.09365992,13
logistic_primary_sgd_l2,validation,20240104,20,-0.02032772931696438,-0.40655458633928765,3,17,0.2139857973908441,-0.6205403837301318,0.09677856,12
logistic_primary_sgd_l2,validation,20240105,20,-0.026616744963882395,-0.5323348992776479,1,19,0.008604206500955947,-0.5409391057786038,0.09151742,14
logistic_primary_sgd_l2,validation,20240108,20,-0.012263870980071168,-0.24527741960142335,5,15,0.0557970920034232,-0.30107451160484655,0.085385345,12
logistic_primary_sgd_l2,validation,20240109,20,-0.016232721302642982,-0.32465442605285966,2,18,0.10346459096459082,-0.4281190170174505,0.080568716,14
logistic_primary_sgd_l2,validation,20240110,20,-0.03127406505954445,-0.625481301190889,3,17,0.018494309449509583,-0.6439756106403985,0.07906144,14
logistic_primary_sgd_l2,validation,20240111,20,-0.062132167380609005,-1.24264334761218,1,19,0.0345394736842104,-1.2771828212963903,0.08170315,15
logistic_primary_sgd_l2,validation,20240112,20,-0.0680690710520646,-1.361381421041292,0,20,0.0,-1.361381421041292,0.080574825,16
logistic_primary_sgd_l2,validation,20240115,20,-0.11652946389763721,-2.330589277952744,0,20,0.0,-2.330589277952744,0.08007584,17
logistic_primary_sgd_l2,validation,20240116,20,-0.12137147643459407,-2.4274295286918814,0,20,0.0,-2.427429528691881,0.08156707,14
logistic_primary_sgd_l2,validation,20240117,20,-0.09789293473688711,-1.957858694737742,0,20,0.0,-1.9578586947377419,0.08498265,11
logistic_primary_sgd_l2,validation,20240118,20,-0.01800040979453848,-0.3600081958907696,3,17,0.2955221699110626,-0.6555303658018322,0.09039895,13
logistic_primary_sgd_l2,validation,20240119,20,-0.03475195993848867,-0.6950391987697734,2,18,0.031697591755529775,-0.7267367905253032,0.08934365,14
logistic_primary_sgd_l2,validation,20240122,20,-0.010087325354281806,-0.20174650708563613,10,10,0.15866726670642084,-0.36041377379205697,0.08880344,14
logistic_primary_sgd_l2,validation,20240123,20,-0.04568314616923625,-0.913662923384725,2,18,0.034974580368523744,-0.9486375037532487,0.08528211,15
logistic_primary_sgd_l2,validation,20240124,20,-0.09936107503491207,-1.9872215006982414,0,20,0.0,-1.9872215006982414,0.09339791,12
logistic_primary_sgd_l2,validation,20240125,20,-0.15994263692239102,-3.1988527384478203,0,20,0.0,-3.1988527384478203,0.08868119,15
logistic_primary_sgd_l2,validation,20240126,20,-0.20541728619285532,-4.108345723857107,0,20,0.0,-4.108345723857107,0.09530914,16
logistic_primary_sgd_l2,validation,20240129,20,-0.25017802162963865,-5.003560432592773,0,20,0.0,-5.0035604325927725,0.093264006,14
logistic_primary_sgd_l2,validation,20240130,20,-0.22092560210395384,-4.418512042079077,1,19,0.08124743537135837,-4.499759477450436,0.09836075,16
logistic_primary_sgd_l2,validation,20240131,20,-0.2070974122272507,-4.141948244545014,1,19,0.07054963084495514,-4.212497875389969,0.09773199,17
logistic_primary_sgd_l2,validation,20240201,20,-0.04096143975882775,-0.819228795176555,8,12,0.2963557268723116,-1.1155845220488665,0.09791074,17
logistic_primary_sgd_l2,validation,20240202,20,0.019975585182229406,0.3995117036445881,13,7,0.8812413355322699,-0.4817296318876818,0.099143,13
logistic_primary_sgd_l2,validation,20240205,20,0.18085711506535543,3.6171423013071085,20,0,3.617142301307109,0.0,0.083980925,15
logistic_primary_sgd_l2,validation,20240206,20,0.14815956008042822,2.963191201608564,20,0,2.963191201608564,0.0,0.08947621,14
logistic_primary_sgd_l2,validation,20240207,20,0.254871617574162,5.09743235148324,20,0,5.09743235148324,0.0,0.089711405,12
logistic_primary_sgd_l2,validation,20240208,20,0.13446800052925748,2.6893600105851494,19,1,2.6893600105851494,0.0,0.086846545,17
logistic_primary_sgd_l2,validation,20240219,20,0.14938991516712807,2.9877983033425615,20,0,2.9877983033425615,0.0,0.088709064,13
logistic_primary_sgd_l2,validation,20240220,20,0.18694532523321916,3.7389065046643832,20,0,3.7389065046643837,0.0,0.10165634,13
logistic_primary_sgd_l2,validation,20240221,20,0.023901123552116925,0.4780224710423385,17,3,0.5179501385990872,-0.0399276675567487,0.11694102,12
logistic_primary_sgd_l2,validation,20240222,20,0.03325506418359794,0.6651012836719589,18,2,0.7005517274563955,-0.035450443784436625,0.11684135,10
logistic_primary_sgd_l2,validation,20240223,20,-0.005994483545067852,-0.11988967090135705,8,12,0.18096758027607684,-0.3008572511774339,0.11476938,12
logistic_primary_sgd_l2,validation,20240226,20,-0.04110838455638862,-0.8221676911277724,2,18,0.01325816758291265,-0.8354258587106851,0.1087245,14
logistic_primary_sgd_l2,validation,20240227,20,-0.09378478676619914,-1.875695735323983,1,19,0.007407407407407529,-1.883103142731391,0.118956864,13
logistic_primary_sgd_l2,validation,20240228,20,0.051701920633191345,1.034038412663827,19,1,1.0549942950167681,-0.020955882352941102,0.100378156,14
logistic_primary_sgd_l2,validation,20240229,20,-0.0014694272370886663,-0.029388544741773326,6,14,0.435598487008241,-0.4649870317500143,0.09989932,13
logistic_primary_sgd_l2,validation,20240301,20,-0.012187221775550133,-0.24374443551100267,4,16,0.22266228760810436,-0.466406723119107,0.10100962,12
logistic_primary_sgd_l2,validation,20240304,20,0.009251815823901038,0.18503631647802077,12,8,0.26243925459080275,-0.07740293811278198,0.09964324,11
logistic_primary_sgd_l2,validation,20240305,20,0.06272599030717278,1.2545198061434557,20,0,1.2545198061434557,0.0,0.09801411,13
logistic_primary_sgd_l2,validation,20240306,20,0.04701641733469377,0.9403283466938754,20,0,0.9403283466938754,0.0,0.10891398,14
logistic_primary_sgd_l2,validation,20240307,20,0.05505631488779743,1.1011262977559486,20,0,1.1011262977559486,0.0,0.11373611,13
logistic_primary_sgd_l2,validation,20240308,20,0.06801544565586451,1.36030891311729,20,0,1.36030891311729,0.0,0.11400406,12
logistic_primary_sgd_l2,validation,20240311,20,0.06408637517630757,1.2817275035261513,20,0,1.2817275035261513,0.0,0.116551794,14
logistic_primary_sgd_l2,validation,20240312,20,0.04239455890410006,0.8478911780820011,20,0,0.8478911780820011,0.0,0.11389699,13
logistic_primary_sgd_l2,validation,20240313,20,0.050555465023460776,1.0111093004692155,18,2,1.035941515234316,-0.02483221476510067,0.10969945,13
logistic_primary_sgd_l2,validation,20240314,20,0.046575680160195275,0.9315136032039055,20,0,0.9315136032039055,0.0,0.107299425,13
logistic_primary_sgd_l2,validation,20240315,20,-0.0027577919801078654,-0.05515583960215731,9,11,0.14825475406580035,-0.20341059366795766,0.098914266,9
logistic_primary_sgd_l2,validation,20240318,20,-0.031780709602761734,-0.6356141920552346,3,17,0.08124602315555429,-0.7168602152107889,0.10950843,13
logistic_primary_sgd_l2,validation,20240319,20,-0.04109250560868484,-0.8218501121736967,1,19,0.0663265306122447,-0.8881766427859414,0.11817642,10
logistic_primary_sgd_l2,validation,20240320,20,-0.034430411795402245,-0.6886082359080449,3,17,0.19407647518099735,-0.8826847110890422,0.12365782,13
logistic_primary_sgd_l2,validation,20240321,20,-0.03163213928764254,-0.6326427857528508,1,19,0.07894736842105265,-0.7115901541739035,0.11703259,12
logistic_primary_sgd_l2,validation,20240322,20,-0.010510751960062343,-0.21021503920124684,3,17,0.08981471564963894,-0.3000297548508858,0.110026024,13
logistic_primary_sgd_l2,validation,20240325,20,0.013912460831722494,0.2782492166344499,12,8,0.3281463891571019,-0.04989717252265202,0.10919096,15
logistic_primary_sgd_l2,validation,20240326,20,0.009805235022928498,0.19610470045856998,14,6,0.3921366425645718,-0.19603194210600183,0.11261414,11
logistic_primary_sgd_l2,validation,20240327,20,0.016011409958932837,0.32022819917865675,14,6,0.4184003765400941,-0.09817217736143735,0.11338856,12
logistic_primary_sgd_l2,validation,20240328,20,-0.02519851770326111,-0.5039703540652222,3,17,0.061715906007715926,-0.5656862600729381,0.12723495,11
logistic_primary_sgd_l2,validation,20240329,20,-0.020905347123358304,-0.41810694246716607,3,17,0.046185921292850374,-0.46429286376001644,0.12545131,11
logistic_primary_sgd_l2,validation,20240401,20,0.01239935078108394,0.2479870156216788,10,10,0.5101215350133061,-0.26213451939162735,0.1223136,11
logistic_primary_sgd_l2,validation,20240402,20,0.004491084696078046,0.08982169392156092,6,14,0.469212238980373,-0.3793905450588121,0.12172514,12
logistic_primary_sgd_l2,validation,20240403,20,-0.004050857644111566,-0.08101715288223132,7,13,0.2868676395559042,-0.36788479243813554,0.1161235,12
logistic_primary_sgd_l2,validation,20240408,20,0.0005240846636780094,0.010481693273560189,6,14,0.5478530481349904,-0.5373713548614302,0.115344025,12
logistic_primary_sgd_l2,validation,20240409,20,-0.05971527210478904,-1.1943054420957808,2,18,0.13107618243891195,-1.325381624534693,0.11849525,11
logistic_primary_sgd_l2,validation,20240410,20,-0.03950199769823753,-0.7900399539647506,4,16,0.14130838866732365,-0.9313483426320742,0.09785776,13
logistic_primary_sgd_l2,validation,20240411,20,-0.027938281995685717,-0.5587656399137143,5,15,0.05587103970881091,-0.6146366796225252,0.10534497,15
logistic_primary_sgd_l2,validation,20240412,20,-0.02876708008134799,-0.5753416016269598,4,16,0.08287850944292208,-0.6582201110698819,0.10776249,12
logistic_primary_sgd_l2,validation,20240415,20,-0.014481386261626511,-0.2896277252325302,6,14,0.14405592634827213,-0.43368365158080235,0.10955707,12
logistic_primary_sgd_l2,validation,20240416,20,0.04634664651076527,0.9269329302153054,19,1,0.9331057697214784,-0.006172839506172978,0.10693562,16
logistic_primary_sgd_l2,validation,20240417,20,0.0220592847765186,0.441185695530372,15,5,0.5836421230883446,-0.1424564275579726,0.09819194,9
logistic_primary_sgd_l2,validation,20240418,20,0.03914632525423141,0.7829265050846282,17,3,0.8455695478340051,-0.06264304274937682,0.100345254,10
logistic_primary_sgd_l2,validation,20240419,20,0.0555973717680384,1.1119474353607681,18,2,1.1452364719056187,-0.03328903654485049,0.10539927,11
logistic_primary_sgd_l2,validation,20240422,20,0.07324687283993785,1.464937456798757,19,1,1.4714309632922635,-0.006493506493506551,0.11019544,13
logistic_primary_sgd_l2,validation,20240423,20,0.09754954372939403,1.9509908745878808,20,0,1.9509908745878808,0.0,0.11041111,12
logistic_primary_sgd_l2,validation,20240424,20,0.08234593867521059,1.6469187735042117,20,0,1.6469187735042117,0.0,0.11142741,14
logistic_primary_sgd_l2,validation,20240425,20,0.08214823139415876,1.6429646278831753,20,0,1.6429646278831753,0.0,0.11272609,14
logistic_primary_sgd_l2,validation,20240426,20,0.05024367356559434,1.0048734713118868,18,2,1.0128438060068496,-0.007970334694962888,0.12603457,14
logistic_primary_sgd_l2,validation,20240429,20,0.029439645381107125,0.5887929076221425,14,6,0.618389454921267,-0.02959654729912442,0.12244775,15
logistic_primary_sgd_l2,validation,20240430,20,-0.008152205789410404,-0.1630441157882081,8,12,0.17516327038474078,-0.3382073861729489,0.11443212,15
logistic_primary_sgd_l2,validation,20240506,20,-0.036943121351027765,-0.7388624270205553,2,18,0.22568422226853557,-0.9645466492890908,0.116378464,15
logistic_primary_sgd_l2,validation,20240507,20,-0.03241471615918243,-0.6482943231836485,4,16,0.027158160967587053,-0.6754524841512356,0.11643861,14
logistic_primary_sgd_l2,validation,20240508,20,-0.020252905595114407,-0.40505811190228813,5,15,0.19553638800475315,-0.6005944999070413,0.1190059,12
logistic_primary_sgd_l2,validation,20240509,20,-0.03269775395883903,-0.6539550791767806,1,19,0.10582010582010581,-0.7597751849968865,0.11968565,14
logistic_primary_sgd_l2,validation,20240510,20,0.002644924611041671,0.052898492220833426,7,13,0.29566241376446034,-0.24276392154362691,0.11597184,15
logistic_primary_sgd_l2,validation,20240513,20,-0.008477762859923776,-0.16955525719847553,5,15,0.21569535504211168,-0.3852506122405872,0.12322299,13
logistic_primary_sgd_l2,validation,20240514,20,-0.010528753897923498,-0.21057507795846997,4,16,0.17576077812481317,-0.38633585608328314,0.124992326,15
logistic_primary_sgd_l2,validation,20240515,20,-0.00409213956181706,-0.0818427912363412,8,12,0.17479540603096888,-0.2566381972673101,0.12334055,15
logistic_primary_sgd_l2,validation,20240516,20,0.03905868408102759,0.7811736816205518,18,2,0.8443974588441068,-0.06322377722355499,0.12669015,13
logistic_primary_sgd_l2,validation,20240517,20,-0.0045539268288051545,-0.0910785365761031,11,9,0.19243497750574368,-0.2835135140818468,0.12243825,14
logistic_primary_sgd_l2,validation,20240520,20,0.009751662724680721,0.19503325449361442,11,9,0.41810598336629967,-0.22307272887268526,0.12596448,15
logistic_primary_sgd_l2,validation,20240521,20,0.010446180282873052,0.20892360565746104,10,10,0.2894364504641418,-0.08051284480668075,0.12541202,12
logistic_primary_sgd_l2,validation,20240522,20,-0.002035704624229312,-0.04071409248458624,9,11,0.19922252558390752,-0.23993661806849376,0.12585413,14
logistic_primary_sgd_l2,validation,20240523,20,-0.030261532313966378,-0.6052306462793275,5,15,0.07362658236326824,-0.6788572286425958,0.11039488,10
logistic_primary_sgd_l2,validation,20240524,20,-0.03100192161134509,-0.6200384322269018,3,17,0.06453878764676424,-0.684577219873666,0.122579135,14
logistic_primary_sgd_l2,validation,20240527,20,-0.036490756002532834,-0.7298151200506566,1,19,0.0862068965517242,-0.8160220166023808,0.1338045,13
logistic_primary_sgd_l2,validation,20240528,20,-0.04173826830258327,-0.8347653660516655,2,18,0.12102448977604219,-0.9557898558277077,0.13393456,14
logistic_primary_sgd_l2,validation,20240529,20,-0.056864598328331684,-1.1372919665666337,1,19,0.008864499788940439,-1.1461564663555746,0.13171037,13
logistic_primary_sgd_l2,validation,20240530,20,-0.10697266539477848,-2.1394533078955695,0,20,0.0,-2.139453307895569,0.10966915,10
logistic_primary_sgd_l2,validation,20240531,20,-0.07125290438824862,-1.4250580877649723,0,20,0.0,-1.4250580877649726,0.11864506,14
logistic_primary_sgd_l2,validation,20240603,20,-0.038083032582832174,-0.7616606516566435,2,18,0.10743640585015357,-0.8690970575067971,0.11788533,11
logistic_primary_sgd_l2,validation,20240604,20,-0.04099218305657945,-0.819843661131589,1,19,0.002865329512893977,-0.822708990644483,0.110375926,15
logistic_primary_sgd_l2,validation,20240605,20,-0.03556236073819706,-0.7112472147639411,4,16,0.08462579556152261,-0.7958730103254638,0.11352043,14
logistic_primary_sgd_l2,validation,20240606,20,-0.011477241211156074,-0.2295448242231215,8,12,0.2593314300016709,-0.4888762542247924,0.10846396,17
logistic_primary_sgd_l2,validation,20240607,20,-0.024552093483331216,-0.49104186966662433,5,15,0.10593409662022069,-0.596975966286845,0.1177118,15
logistic_primary_sgd_l2,validation,20240611,20,-0.012970943060408113,-0.25941886120816227,5,15,0.08285472602336386,-0.3422735872315261,0.1176265,14
logistic_primary_sgd_l2,validation,20240612,20,0.010436745151202608,0.20873490302405218,11,9,0.46722269534189165,-0.25848779231783947,0.11323305,12
logistic_primary_sgd_l2,validation,20240613,20,0.0014298218662344875,0.02859643732468975,10,10,0.3217942441732593,-0.29319780684856955,0.11432493,13
logistic_primary_sgd_l2,validation,20240614,20,0.016718016804601277,0.33436033609202553,10,10,0.7650240968054001,-0.43066376071337453,0.12161753,16
logistic_primary_sgd_l2,validation,20240617,20,-0.007164378079259859,-0.14328756158519718,8,12,0.5027600073987817,-0.6460475689839789,0.11633458,13
logistic_primary_sgd_l2,validation,20240618,20,0.013716143268011871,0.2743228653602374,9,11,0.9120046257657994,-0.637681760405562,0.11285658,13
logistic_primary_sgd_l2,validation,20240619,20,-0.017945804205063615,-0.3589160841012723,2,18,0.010764835012055718,-0.369680919113328,0.106469855,13
logistic_primary_sgd_l2,validation,20240620,20,-0.014596496764858547,-0.29192993529717093,5,15,0.13545223718064192,-0.42738217247781285,0.10445245,14
logistic_primary_sgd_l2,validation,20240621,20,-0.02547058087959006,-0.5094116175918012,4,16,0.0621862066322465,-0.5715978242240477,0.114461735,12
logistic_primary_sgd_l2,validation,20240624,20,0.028405436049466104,0.5681087209893221,11,9,0.7706461401352354,-0.20253741914591328,0.116998196,13
logistic_primary_sgd_l2,validation,20240625,20,0.011882567717448906,0.2376513543489781,13,7,0.38624671572115,-0.14859536137217189,0.11666449,16
logistic_primary_sgd_l2,validation,20240626,20,-0.0003017871186653476,-0.0060357423733069515,8,12,0.3267110999030356,-0.33274684227634255,0.12053937,15
logistic_primary_sgd_l2,validation,20240627,20,-0.004957190511881265,-0.09914381023762531,5,15,0.274753252549901,-0.3738970627875263,0.11618595,15
logistic_primary_sgd_l2,validation,20240628,20,0.007541950480527343,0.15083900961054686,10,10,0.5482732726309827,-0.39743426302043583,0.11300347,12
logistic_primary_sgd_l2,validation,20240701,20,-0.03575729806463416,-0.7151459612926832,1,19,0.11560693641618491,-0.8307528977088681,0.115019895,12
logistic_primary_sgd_l2,validation,20240702,20,-0.028630594052947423,-0.5726118810589484,4,16,0.22107520176273177,-0.7936870828216802,0.11121491,13
logistic_primary_sgd_l2,validation,20240703,20,-0.01891019275858895,-0.378203855171779,3,17,0.3207829264229016,-0.6989867815946806,0.109865144,18
logistic_primary_sgd_l2,validation,20240704,20,0.03045944342159295,0.609188868431859,16,4,0.7135362824730331,-0.10434741404117409,0.109486744,17
logistic_primary_sgd_l2,validation,20240705,20,0.027621829499833724,0.5524365899966744,14,6,0.628749211166131,-0.07631262116945658,0.10740304,18
logistic_primary_sgd_l2,validation,20240708,20,0.024679846953312944,0.4935969390662589,16,4,0.5382147610832608,-0.04461782201700193,0.106682576,15
logistic_primary_sgd_l2,validation,20240709,20,0.03168992452551805,0.633798490510361,16,4,0.689278837142457,-0.055480346632096,0.10586633,17
logistic_primary_sgd_l2,validation,20240710,20,0.10477588351222371,2.095517670244474,14,6,2.2287495637794246,-0.13323189353495035,0.10493563,15
logistic_primary_sgd_l2,validation,20240711,20,0.0034677765623362666,0.06935553124672533,8,12,0.6587660739981496,-0.5894105427514242,0.10661273,14
logistic_primary_sgd_l2,validation,20240712,20,0.057442046603355876,1.1488409320671176,14,6,1.2478949306921419,-0.0990539986250244,0.10862968,15
logistic_primary_sgd_l2,validation,20240715,20,0.057113674101373635,1.1422734820274727,15,5,1.2115676329924647,-0.06929415096499203,0.10521072,14
logistic_primary_sgd_l2,validation,20240716,20,-0.012453310138428287,-0.24906620276856573,6,14,0.22265321089931334,-0.47171941366787906,0.10085814,13
logistic_primary_sgd_l2,validation,20240717,20,-0.014835686728924557,-0.29671373457849115,4,16,0.1812004605022941,-0.47791419508078525,0.10352788,17
logistic_primary_sgd_l2,validation,20240718,20,-0.019535773504125227,-0.3907154700825045,6,14,0.21976479891968004,-0.6104802690021846,0.106293954,13
logistic_primary_sgd_l2,validation,20240719,20,-0.027768364737065843,-0.5553672947413169,5,15,0.16558326961617342,-0.7209505643574903,0.10565982,14
logistic_primary_sgd_l2,validation,20240722,20,-0.010589544273360379,-0.2117908854672076,5,15,0.35980211717048927,-0.5715930026376969,0.11356612,14
logistic_primary_sgd_l2,validation,20240723,20,0.015763949606276435,0.3152789921255287,15,5,0.4463635349771009,-0.13108454285157223,0.10941187,17
logistic_primary_sgd_l2,validation,20240724,20,0.07520677607751922,1.5041355215503842,20,0,1.5041355215503842,0.0,0.107511446,12
logistic_primary_sgd_l2,validation,20240725,20,0.06186166729301059,1.2372333458602118,20,0,1.2372333458602118,0.0,0.11021922,16
logistic_primary_sgd_l2,validation,20240726,20,0.032427611320288284,0.6485522264057657,19,1,0.6485522264057657,0.0,0.107647635,15
logistic_primary_sgd_l2,validation,20240729,20,0.01342135200390181,0.2684270400780362,11,9,0.43865497180188306,-0.17022793172384687,0.10230873,17
logistic_primary_sgd_l2,validation,20240730,20,0.016324935088132025,0.3264987017626405,14,6,0.3717657861097148,-0.04526708434707427,0.103159845,10
logistic_primary_sgd_l2,validation,20240731,20,-0.01660037095406308,-0.33200741908126163,5,15,0.06252334392875603,-0.39453076301001766,0.10891237,17
logistic_primary_sgd_l2,validation,20240801,20,-0.018247500786975644,-0.3649500157395129,7,13,0.10348264478290092,-0.46843266052241384,0.10210465,16
logistic_primary_sgd_l2,validation,20240802,20,-0.010349089693952979,-0.20698179387905957,8,12,0.11881738047646273,-0.3257991743555223,0.1026931,15
logistic_primary_sgd_l2,validation,20240805,20,0.006275751503488719,0.12551503006977438,12,8,0.26973572651089617,-0.1442206964411218,0.10283259,15
logistic_primary_sgd_l2,validation,20240806,20,-0.0057792688621100706,-0.11558537724220141,8,12,0.1582733804932408,-0.2738587577354422,0.10117432,14
logistic_primary_sgd_l2,validation,20240807,20,-0.015526567873466329,-0.3105313574693266,4,16,0.06261983448964381,-0.3731511919589704,0.102902755,14
logistic_primary_sgd_l2,validation,20240808,20,-0.007248197711934528,-0.14496395423869057,7,13,0.07489478578110109,-0.21985874001979167,0.10164837,11
logistic_primary_sgd_l2,validation,20240809,20,-0.012898120403484158,-0.2579624080696832,7,13,0.0460101592002462,-0.3039725672699294,0.10678047,13
logistic_primary_sgd_l2,validation,20240812,20,-0.0002085037418825708,-0.004170074837651416,9,11,0.2470573769250437,-0.2512274517626951,0.107498154,12
logistic_primary_sgd_l2,validation,20240813,20,-0.007058121196518025,-0.1411624239303605,7,13,0.28220725614491027,-0.42336968007527076,0.11156354,12
logistic_primary_sgd_l2,validation,20240814,20,-0.008204466197274513,-0.16408932394549025,4,16,0.1573245404685253,-0.32141386441401554,0.12324375,13
logistic_primary_sgd_l2,validation,20240815,20,-0.03950738067998914,-0.7901476135997828,1,19,0.05911330049261099,-0.8492609140923938,0.11688767,12
logistic_primary_sgd_l2,validation,20240816,20,-0.03813802711073819,-0.7627605422147637,1,19,0.056918547595681934,-0.8196790898104457,0.11684517,12
logistic_primary_sgd_l2,validation,20240819,20,-0.021218736394880533,-0.42437472789761066,3,17,0.0922050257500111,-0.5165797536476218,0.112086594,11
logistic_primary_sgd_l2,validation,20240820,20,-0.016891780813604006,-0.33783561627208014,4,16,0.11643185705238368,-0.4542674733244638,0.10855548,13
logistic_primary_sgd_l2,validation,20240821,20,-0.016294023258037867,-0.3258804651607573,5,15,0.0955125860070678,-0.4213930511678251,0.10667525,14
logistic_primary_sgd_l2,validation,20240822,20,0.003086843690212637,0.061736873804252745,11,9,0.2616292792042918,-0.19989240540003905,0.112076566,14
logistic_primary_sgd_l2,validation,20240823,20,0.024951961781743064,0.4990392356348613,18,2,0.5720645709552785,-0.07302533532041722,0.11196856,13
logistic_primary_sgd_l2,validation,20240826,20,0.0070031388558704335,0.14006277711740867,14,6,0.30333923350340486,-0.1632764563859962,0.11196791,15
logistic_primary_sgd_l2,validation,20240827,20,0.04524273816355785,0.904854763271157,15,5,0.946191784747505,-0.04133702147634799,0.1070894,13
logistic_primary_sgd_l2,validation,20240828,20,0.02259574819609464,0.4519149639218928,16,4,0.5122842089095894,-0.06036924498769658,0.10138979,13
logistic_primary_sgd_l2,validation,20240829,20,0.008675550671113008,0.17351101342226016,12,8,0.3045261192257702,-0.13101510580351006,0.1052832,11
logistic_primary_sgd_l2,validation,20240830,20,-0.03826829851670034,-0.7653659703340069,1,19,0.022885572139303312,-0.7882515424733102,0.103547275,14
logistic_primary_sgd_l2,validation,20240902,20,-0.020903911054515632,-0.4180782210903127,3,17,0.05878315393115874,-0.4768613750214714,0.10562972,14
logistic_primary_sgd_l2,validation,20240903,20,-0.02318852545528611,-0.46377050910572215,0,20,0.0,-0.46377050910572215,0.10590206,14
logistic_primary_sgd_l2,validation,20240904,20,-0.02311936884720462,-0.4623873769440924,4,16,0.04136756118186091,-0.5037549381259533,0.10779711,15
logistic_primary_sgd_l2,validation,20240905,20,-0.03246404222920322,-0.6492808445840643,1,19,0.04712812960235624,-0.6964089741864206,0.1081928,15
logistic_primary_sgd_l2,validation,20240906,20,0.007933523898956647,0.15867047797913292,12,8,0.3389576422786198,-0.18028716429948688,0.109316505,17
logistic_primary_sgd_l2,validation,20240909,20,-0.0015015145621202874,-0.03003029124240575,8,12,0.15713259296383275,-0.1871628842062385,0.11408311,16
logistic_primary_sgd_l2,validation,20240910,20,0.0056703713937973025,0.11340742787594604,13,7,0.22016320459135041,-0.10675577671540437,0.11498771,15
logistic_primary_sgd_l2,validation,20240911,20,-0.00011639489690051796,-0.0023278979380103593,13,7,0.16130361956218842,-0.16363151750019878,0.12023026,14
logistic_primary_sgd_l2,validation,20240912,20,0.0025167064806594862,0.050334129613189726,12,8,0.171287481556061,-0.12095335194287127,0.12204243,15
logistic_primary_sgd_l2,validation,20240913,20,0.03854967721020345,0.770993544204069,20,0,0.770993544204069,0.0,0.112487294,13
logistic_primary_sgd_l2,validation,20240918,20,0.05088642027966365,1.017728405593273,19,1,1.0198545572587583,-0.002126151665485354,0.11966147,12
logistic_primary_sgd_l2,validation,20240919,20,0.04824639163667251,0.9649278327334503,20,0,0.9649278327334503,0.0,0.124932274,13
logistic_primary_sgd_l2,validation,20240920,20,0.16666104536610624,3.333220907322125,20,0,3.333220907322125,0.0,0.122322634,12
logistic_primary_sgd_l2,validation,20240923,20,0.3876000194074439,7.752000388148877,20,0,7.752000388148876,0.0,0.12278879,16
logistic_primary_sgd_l2,validation,20240924,20,0.577472155143967,11.54944310287934,20,0,11.54944310287934,0.0,0.11560307,13
logistic_primary_sgd_l2,validation,20240925,20,0.35612319645420704,7.122463929084141,20,0,7.12246392908414,0.0,0.11542654,13
logistic_primary_sgd_l2,validation,20240926,20,0.26463553310641036,5.292710662128207,20,0,5.292710662128206,0.0,0.11817755,13
logistic_primary_sgd_l2,validation,20240927,20,0.03587664662178138,0.7175329324356277,14,6,0.984662692301495,-0.2671297598658673,0.11816388,12
logistic_primary_sgd_l2,validation,20240930,20,-0.13218442654698384,-2.6436885309396767,0,20,0.0,-2.6436885309396763,0.10387252,16
logistic_primary_sgd_l2,validation,20241008,20,-0.06547513116583856,-1.3095026233167713,2,18,0.08188084531424811,-1.3913834686310191,0.10008808,16
logistic_primary_sgd_l2,validation,20241009,20,0.011796177656859886,0.2359235531371977,8,12,0.5284130629654951,-0.29248950982829736,0.10016137,19
logistic_primary_sgd_l2,validation,20241010,20,-0.028938821198624058,-0.5787764239724812,2,18,0.11122211122211123,-0.6899985351945924,0.10474358,16
logistic_primary_sgd_l2,validation,20241011,20,0.025348803856639228,0.5069760771327846,16,4,0.5447408939384617,-0.037764816805677115,0.10587498,17
logistic_primary_sgd_l2,validation,20241014,20,0.011578271255303668,0.23156542510607336,15,5,0.2958117484885505,-0.06424632338247716,0.11201487,14
logistic_primary_sgd_l2,validation,20241015,20,0.039117914448638255,0.7823582889727652,20,0,0.7823582889727652,0.0,0.120284066,15
logistic_primary_sgd_l2,validation,20241016,20,0.02502350612387045,0.500470122477409,18,2,0.5166485376781358,-0.016178415200726826,0.115968086,16
logistic_primary_sgd_l2,validation,20241017,20,0.0539983828883809,1.079967657767618,20,0,1.079967657767618,0.0,0.11461542,15
logistic_primary_sgd_l2,validation,20241018,20,0.050319792488684345,1.006395849773687,20,0,1.006395849773687,0.0,0.11282625,16
logistic_primary_sgd_l2,validation,20241021,20,0.073477095737527,1.46954191475054,20,0,1.46954191475054,0.0,0.11152997,15
logistic_primary_sgd_l2,validation,20241022,20,0.05920164576524515,1.184032915304903,20,0,1.184032915304903,0.0,0.109757066,16
logistic_primary_sgd_l2,validation,20241023,20,0.03857322049905042,0.7714644099810084,18,2,0.8025681825203483,-0.031103772539339936,0.10702123,17
logistic_primary_sgd_l2,validation,20241024,20,0.027037642515571465,0.5407528503114293,18,2,0.5713028748134794,-0.030550024502050133,0.10824405,16
logistic_primary_sgd_l2,validation,20241025,20,-0.005150082423005775,-0.1030016484601155,5,15,0.23647128089895886,-0.33947292935907436,0.110060334,14
logistic_primary_sgd_l2,validation,20241028,20,-0.008507886874123688,-0.17015773748247376,8,12,0.14587785294554734,-0.3160355904280211,0.11414753,12
logistic_primary_sgd_l2,validation,20241029,20,0.03850938104571329,0.7701876209142657,18,2,0.7938659709254103,-0.0236783500111446,0.11097652,13
logistic_primary_sgd_l2,validation,20241030,20,0.038679347518845573,0.7735869503769115,20,0,0.7735869503769115,0.0,0.110482596,14
logistic_primary_sgd_l2,validation,20241031,20,0.05718792104725203,1.1437584209450407,20,0,1.1437584209450407,0.0,0.10713826,13
logistic_primary_sgd_l2,validation,20241101,20,0.08851580474062923,1.7703160948125845,20,0,1.7703160948125845,0.0,0.107163206,13
logistic_primary_sgd_l2,validation,20241104,20,0.08161721555742747,1.6323443111485494,20,0,1.6323443111485494,0.0,0.10242891,17
logistic_primary_sgd_l2,validation,20241105,20,0.06652008184773513,1.3304016369547025,19,1,1.3433809879871506,-0.012979351032448183,0.10204073,12
logistic_primary_sgd_l2,validation,20241106,20,0.07811189815419178,1.5622379630838357,20,0,1.5622379630838357,0.0,0.10409317,12
logistic_primary_sgd_l2,validation,20241107,20,0.009844203061029417,0.19688406122058832,10,10,0.4296099469306036,-0.2327258857100153,0.10687666,13
logistic_primary_sgd_l2,validation,20241108,20,0.0005476312796841243,0.010952625593682486,8,12,0.3197875061438018,-0.3088348805501193,0.10404444,14
logistic_primary_sgd_l2,validation,20241111,20,-0.049208689553171016,-0.9841737910634203,1,19,0.016877637130801926,-1.0010514281942222,0.10087271,14
logistic_primary_sgd_l2,validation,20241112,20,-0.019086575554231905,-0.3817315110846381,1,19,0.18334578043315908,-0.5650772915177972,0.10491987,15
logistic_primary_sgd_l2,validation,20241113,20,-0.015039088260655902,-0.30078176521311806,4,16,0.08641834728992048,-0.38720011250303854,0.108393,16
logistic_primary_sgd_l2,validation,20241114,20,0.02758352253197425,0.5516704506394849,16,4,0.6331134501934117,-0.08144299955392675,0.11167471,15
logistic_primary_sgd_l2,validation,20241115,20,-0.020888045946368533,-0.41776091892737066,6,14,0.05414510151522722,-0.4719060204425979,0.10830271,14
logistic_primary_sgd_l2,validation,20241118,20,0.03483362169737344,0.6966724339474688,17,3,0.7551700061743538,-0.05849757222688501,0.10332563,13
logistic_primary_sgd_l2,validation,20241119,20,0.005805017402841861,0.11610034805683722,10,10,0.37426884873458954,-0.2581685006777523,0.10778378,14
logistic_primary_sgd_l2,validation,20241120,20,-0.00406796688774097,-0.0813593377548194,7,13,0.23410272520359987,-0.3154620629584193,0.105139896,14
logistic_primary_sgd_l2,validation,20241121,20,-0.006627528675101674,-0.13255057350203348,6,14,0.23965515046809416,-0.37220572397012763,0.10137701,15
logistic_primary_sgd_l2,validation,20241122,20,0.049577591682941305,0.991551833658826,19,1,1.0188245609315534,-0.027272727272727337,0.102270946,13
logistic_primary_sgd_l2,validation,20241125,20,0.044177061526812104,0.8835412305362421,18,2,0.9000209864647493,-0.016479755928507145,0.103758216,11
logistic_primary_sgd_l2,validation,20241126,20,0.053906413526811844,1.078128270536237,19,1,1.0905023819565391,-0.012374111420302203,0.099418186,11
logistic_primary_sgd_l2,validation,20241127,20,0.020343034553668666,0.4068606910733733,15,5,0.4962083624495204,-0.08934767137614708,0.09903912,13
logistic_primary_sgd_l2,validation,20241128,20,0.06057806010184025,1.211561202036805,15,5,1.2868498907756065,-0.07528868873880157,0.096741065,15
logistic_primary_sgd_l2,validation,20241129,20,0.0435290236701691,0.8705804734033821,16,4,0.9539492754968673,-0.08336880209348518,0.096887186,14
logistic_primary_sgd_l2,validation,20241202,20,0.017126799633587875,0.3425359926717575,12,8,0.4732183252354605,-0.13068233256370299,0.095037565,17
logistic_primary_sgd_l2,validation,20241203,20,0.020624753948838958,0.4124950789767792,15,5,0.47636757501930393,-0.06387249604252476,0.09493871,13
logistic_primary_sgd_l2,validation,20241204,20,0.04886146679944248,0.9772293359888495,20,0,0.9772293359888495,0.0,0.09463143,14
logistic_primary_sgd_l2,validation,20241205,20,0.03738445560290529,0.7476891120581058,18,2,0.7562295793165839,-0.008540467258478013,0.092148006,15
logistic_primary_sgd_l2,validation,20241206,20,-0.0033157062631584354,-0.06631412526316871,9,11,0.20753482603014262,-0.2738489512933113,0.09445335,14
logistic_primary_sgd_l2,validation,20241209,20,-0.03469105254212381,-0.6938210508424763,3,17,0.08557327867525943,-0.7793943295177357,0.096463494,14
logistic_primary_sgd_l2,validation,20241210,20,-0.05447667436918428,-1.0895334873836857,0,20,0.0,-1.0895334873836857,0.096263915,13
logistic_primary_sgd_l2,validation,20241211,20,-0.06104975373487396,-1.2209950746974791,2,18,0.09418542286993037,-1.3151804975674093,0.10144316,12
logistic_primary_sgd_l2,validation,20241212,20,-0.05055055256630588,-1.0110110513261177,2,18,0.22267540744220526,-1.233686458768323,0.09796597,13
logistic_primary_sgd_l2,validation,20241213,20,-0.036785281277169325,-0.7357056255433865,3,17,0.05453689438668685,-0.7902425199300733,0.102280796,12
logistic_primary_sgd_l2,validation,20241216,20,-0.0710898668054463,-1.4217973361089258,0,20,0.0,-1.4217973361089258,0.10029546,12
logistic_primary_sgd_l2,validation,20241217,20,-0.024445730811088605,-0.4889146162217721,7,13,0.04928693633066672,-0.5382015525524388,0.09787231,12
logistic_primary_sgd_l2,validation,20241218,20,-0.036507497953895934,-0.7301499590779187,3,17,0.06869510578694005,-0.7988450648648587,0.102488935,13
logistic_primary_sgd_l2,validation,20241219,20,-0.025118331947031048,-0.502366638940621,3,17,0.09951579080057327,-0.6018824297411942,0.10128994,10
logistic_primary_sgd_l2,validation,20241220,20,-0.03767474456994453,-0.7534948913988906,4,16,0.06618389346251807,-0.8196787848614087,0.101616874,13
logistic_primary_sgd_l2,validation,20241223,20,-0.031211780463858908,-0.6242356092771781,5,15,0.11531692579857578,-0.7395525350757539,0.102886535,13
logistic_primary_sgd_l2,validation,20241224,20,-0.04951115534669822,-0.9902231069339644,1,19,0.0066622251832111345,-0.9968853321171756,0.10580331,14
logistic_primary_sgd_l2,validation,20241225,20,-0.029665267092379082,-0.5933053418475817,2,18,0.05620553359683789,-0.6495108754444195,0.101516865,13
logistic_primary_sgd_l2,validation,20241226,20,-0.06052890243532614,-1.2105780487065227,2,18,0.06698619194339828,-1.2775642406499212,0.10455725,13
logistic_primary_sgd_l2,validation,20241227,20,-0.0658102641634493,-1.3162052832689861,3,17,0.05246900357704187,-1.368674286846028,0.1089219,9
logistic_primary_sgd_l2,validation,20241230,20,-0.04037647986142591,-0.8075295972285182,2,18,0.08089684331219305,-0.8884264405407113,0.10707895,14
logistic_primary_sgd_l2,validation,20241231,20,-0.013495991277279818,-0.26991982554559635,4,16,0.22269083245997634,-0.4926106580055727,0.11270726,12
logistic_primary_sgd_l2,research_holdout,20250102,20,0.047662501961575406,0.9532500392315081,13,7,1.1688279270839976,-0.21557788785248955,0.11769374,12
logistic_primary_sgd_l2,research_holdout,20250103,20,0.016564126502479976,0.3312825300495995,12,8,0.4834487533943179,-0.1521662233447184,0.11786945,13
logistic_primary_sgd_l2,research_holdout,20250106,20,1.3673261636093504e-06,2.7346523272187007e-05,7,13,0.29811087289020044,-0.29808352636692825,0.11417033,13
logistic_primary_sgd_l2,research_holdout,20250107,20,0.03485161924573649,0.6970323849147297,18,2,0.7106434091931504,-0.013611024278420647,0.11243862,11
logistic_primary_sgd_l2,research_holdout,20250108,20,0.03765636688535908,0.7531273377071817,19,1,0.7602506253784145,-0.007123287671232825,0.111110054,14
logistic_primary_sgd_l2,research_holdout,20250109,20,0.024783048776518678,0.4956609755303736,17,3,0.5227225983241812,-0.027061622793807638,0.11125537,11
logistic_primary_sgd_l2,research_holdout,20250110,20,0.07083558611007265,1.4167117222014531,19,1,1.4167117222014531,0.0,0.108201995,14
logistic_primary_sgd_l2,research_holdout,20250113,20,0.05366464422527646,1.0732928845055292,20,0,1.0732928845055292,0.0,0.11006578,12
logistic_primary_sgd_l2,research_holdout,20250114,20,-0.010055161928052763,-0.20110323856105528,6,14,0.16536854280137758,-0.36647178136243286,0.10759964,15
logistic_primary_sgd_l2,research_holdout,20250115,20,-0.0016913530845667434,-0.03382706169133487,9,11,0.26371876402555583,-0.2975458257168907,0.10412021,10
logistic_primary_sgd_l2,research_holdout,20250116,20,0.004116705000840393,0.08233410001680785,7,13,0.2636464833489607,-0.18131238333215283,0.105877206,11
logistic_primary_sgd_l2,research_holdout,20250117,20,0.02256651215732041,0.45133024314640824,16,4,0.6002396126559575,-0.14890936950954925,0.10547887,11
logistic_primary_sgd_l2,research_holdout,20250120,20,-0.009133954663872146,-0.18267909327744292,10,10,0.258554006523271,-0.4412330998007139,0.10432205,12
logistic_primary_sgd_l2,research_holdout,20250121,20,0.01927491051233466,0.3854982102466932,13,7,0.6175514850506791,-0.23205327480398596,0.095308535,14
logistic_primary_sgd_l2,research_holdout,20250122,20,0.035261184559429705,0.7052236911885941,16,4,0.7523931323975974,-0.04716944120900335,0.09549928,13
logistic_primary_sgd_l2,research_holdout,20250123,20,0.06706250136544485,1.341250027308897,20,0,1.341250027308897,0.0,0.09400068,14
logistic_primary_sgd_l2,research_holdout,20250124,20,0.07798793632770522,1.5597587265541044,20,0,1.5597587265541044,0.0,0.09510654,14
logistic_primary_sgd_l2,research_holdout,20250127,20,0.10165774507057679,2.0331549014115358,20,0,2.0331549014115358,0.0,0.09686025,15
logistic_primary_sgd_l2,research_holdout,20250205,20,0.07478669914976604,1.495733982995321,20,0,1.495733982995321,0.0,0.09673238,18
logistic_primary_sgd_l2,research_holdout,20250206,20,0.03785151236476132,0.7570302472952265,17,3,0.7893657064406892,-0.03233545914546265,0.09192308,16
logistic_primary_sgd_l2,research_holdout,20250207,20,0.012286352149453278,0.24572704298906556,16,4,0.30857448343959226,-0.0628474404505267,0.09524749,11
logistic_primary_sgd_l2,research_holdout,20250210,20,0.008414400429880259,0.16828800859760518,11,9,0.3012498388580864,-0.13296183026048125,0.09520869,16
logistic_primary_sgd_l2,research_holdout,20250211,20,-0.01004479995300529,-0.2008959990601058,5,15,0.12973916484553039,-0.3306351639056362,0.092603445,12
logistic_primary_sgd_l2,research_holdout,20250212,20,0.019681710162129367,0.39363420324258735,11,9,0.5278348553041305,-0.1342006520615432,0.09895876,13
logistic_primary_sgd_l2,research_holdout,20250213,20,0.04478096033695751,0.8956192067391502,19,1,0.9053657954331074,-0.00974658869395717,0.10432033,14
logistic_primary_sgd_l2,research_holdout,20250214,20,0.040353910194258186,0.8070782038851637,15,5,0.8555521514966242,-0.04847394761146051,0.09870987,13
logistic_primary_sgd_l2,research_holdout,20250217,20,0.017299117729953427,0.34598235459906856,16,4,0.4031714234014072,-0.05718906880233865,0.09822462,14
logistic_primary_sgd_l2,research_holdout,20250218,20,0.03547196113989324,0.7094392227978648,16,4,0.7874396802900803,-0.07800045749221551,0.09562927,14
logistic_primary_sgd_l2,research_holdout,20250219,20,0.04668300634325758,0.9336601268651517,14,6,1.0027455416150295,-0.06908541474987784,0.102816366,15
logistic_primary_sgd_l2,research_holdout,20250220,20,0.02466550648600388,0.4933101297200776,15,5,0.592856044168272,-0.09954591444819438,0.099355675,12
logistic_primary_sgd_l2,research_holdout,20250221,20,0.004427779986114183,0.08855559972228366,12,8,0.3246414109207416,-0.23608581119845795,0.09803201,16
logistic_primary_sgd_l2,research_holdout,20250224,20,0.03294668416029408,0.6589336832058816,16,4,0.7214988029872988,-0.06256511978141721,0.09921313,15
logistic_primary_sgd_l2,research_holdout,20250225,20,0.028328975188082563,0.5665795037616512,15,5,0.619022759557633,-0.05244325579598175,0.098553926,14
logistic_primary_sgd_l2,research_holdout,20250226,20,-0.006131055673287783,-0.12262111346575566,7,13,0.19417546547068754,-0.3167965789364432,0.09954108,15
logistic_primary_sgd_l2,research_holdout,20250227,20,0.013376718260340509,0.2675343652068102,12,8,0.39398016183205753,-0.12644579662524735,0.09791099,18
logistic_primary_sgd_l2,research_holdout,20250228,20,0.025234324509489214,0.5046864901897843,13,7,0.5978771204382967,-0.09319063024851237,0.10560199,15
logistic_primary_sgd_l2,research_holdout,20250303,20,0.02342588971239573,0.4685177942479146,16,4,0.5364482703735303,-0.06793047612561565,0.100648865,17
logistic_primary_sgd_l2,research_holdout,20250304,20,0.009379200879659067,0.18758401759318133,14,6,0.25242952796037565,-0.06484551036719433,0.1072198,14
logistic_primary_sgd_l2,research_holdout,20250305,20,0.01844179625970202,0.3688359251940404,18,2,0.46395315526389047,-0.09511723006985007,0.10474773,16
logistic_primary_sgd_l2,research_holdout,20250306,20,0.006925215478775182,0.13850430957550364,13,7,0.2751489305453798,-0.13664462096987617,0.10713706,16
logistic_primary_sgd_l2,research_holdout,20250307,20,0.031994970625414024,0.6398994125082804,18,2,0.6493152805613271,-0.009415868053046728,0.10286613,17
logistic_primary_sgd_l2,research_holdout,20250310,20,0.0644305457246464,1.288610914492928,19,1,1.2914179320367878,-0.0028070175438597023,0.10075227,17
logistic_primary_sgd_l2,research_holdout,20250311,20,0.03723391771401285,0.744678354280257,19,1,0.7638110073414814,-0.01913265306122447,0.10111991,18
logistic_primary_sgd_l2,research_holdout,20250312,20,0.03644078221351897,0.7288156442703794,19,1,0.7294348393168189,-0.0006191950464394802,0.10283129,18
logistic_primary_sgd_l2,research_holdout,20250313,20,0.029208787165725593,0.5841757433145118,19,1,0.5897727582398848,-0.005597014925373012,0.10294114,18
logistic_primary_sgd_l2,research_holdout,20250314,20,-0.02193354457652396,-0.4386708915304792,3,17,0.051118621071820414,-0.48978951260229964,0.10143842,18
logistic_primary_sgd_l2,research_holdout,20250317,20,-0.05691965591806547,-1.1383931183613094,0,20,0.0,-1.1383931183613099,0.10274611,18
logistic_primary_sgd_l2,research_holdout,20250318,20,-0.05659422496586025,-1.131884499317205,1,19,0.015050167224080147,-1.1469346665412852,0.104497395,17
logistic_primary_sgd_l2,research_holdout,20250319,20,-0.031345143094673886,-0.6269028618934778,2,18,0.026565945369950272,-0.653468807263428,0.10546303,18
logistic_primary_sgd_l2,research_holdout,20250320,20,-0.03536382919502038,-0.7072765839004076,1,19,0.011146496815286566,-0.7184230807156942,0.107223585,13
logistic_primary_sgd_l2,research_holdout,20250321,20,-0.04373350647816639,-0.8746701295633277,2,18,0.042387749659634766,-0.9170578792229624,0.099836834,16
logistic_primary_sgd_l2,research_holdout,20250324,20,-0.023801550080230455,-0.4760310016046091,1,19,0.016393442622950838,-0.49242444422755993,0.09457086,17
logistic_primary_sgd_l2,research_holdout,20250325,20,0.017391949735973144,0.3478389947194629,12,8,0.46798031481483826,-0.12014132009537537,0.10041188,16
logistic_primary_sgd_l2,research_holdout,20250326,20,0.011382966743224688,0.22765933486449375,10,10,0.35271898058936424,-0.1250596457248705,0.097124,14
logistic_primary_sgd_l2,research_holdout,20250327,20,0.0010676667018693464,0.02135333403738693,5,15,0.19237595607983726,-0.17102262204245033,0.09722924,16
logistic_primary_sgd_l2,research_holdout,20250328,20,-0.11057945475075064,-2.2115890950150128,1,19,0.13654891304347827,-2.348138008058491,0.10610117,18
logistic_primary_sgd_l2,research_holdout,20250331,20,-0.0881633713224097,-1.763267426448194,2,18,0.33191250707155606,-2.0951799335197503,0.11087694,16
logistic_primary_sgd_l2,research_holdout,20250401,20,-0.09588591103250059,-1.9177182206500119,0,20,0.0,-1.9177182206500116,0.110008374,15
logistic_primary_sgd_l2,research_holdout,20250402,20,-0.048720663175088705,-0.9744132635017742,2,18,0.351308388359012,-1.3257216518607862,0.10339679,16
logistic_primary_sgd_l2,research_holdout,20250403,20,-0.010214517832828845,-0.2042903566565769,7,13,0.23414219202645903,-0.43843254868303594,0.10743654,12
logistic_primary_sgd_l2,research_holdout,20250407,20,0.11701980368732474,2.340396073746495,20,0,2.340396073746495,0.0,0.092091456,10
logistic_primary_sgd_l2,research_holdout,20250408,20,0.12970377771869637,2.5940755543739273,20,0,2.594075554373927,0.0,0.09812925,12
logistic_primary_sgd_l2,research_holdout,20250409,20,0.02241223204983638,0.44824464099672756,16,4,0.5195773493807976,-0.07133270838407002,0.092109635,11
logistic_primary_sgd_l2,research_holdout,20250410,20,0.019837610628181113,0.39675221256362225,15,5,0.425195692163558,-0.02844347959993576,0.093303636,12
logistic_primary_sgd_l2,research_holdout,20250411,20,0.009379498482854586,0.18758996965709174,8,12,0.4300587029851721,-0.2424687333280804,0.092306145,14
logistic_primary_sgd_l2,research_holdout,20250414,20,0.022715881648387903,0.45431763296775807,15,5,0.5555022410308244,-0.10118460806306628,0.10465123,12
logistic_primary_sgd_l2,research_holdout,20250415,20,0.00793402796121614,0.15868055922432278,13,7,0.35915635544561697,-0.2004757962212942,0.09594874,15
logistic_primary_sgd_l2,research_holdout,20250416,20,0.05168570689065891,1.0337141378131782,18,2,1.0960718613904143,-0.062357723577236124,0.09604029,11
logistic_primary_sgd_l2,research_holdout,20250417,20,0.029444878960040822,0.5888975792008164,17,3,0.6618351344965685,-0.07293755529575208,0.09369513,13
logistic_primary_sgd_l2,research_holdout,20250418,20,0.0421813833260424,0.843627666520848,19,1,0.8817317557401787,-0.03810408921933073,0.09382336,11
logistic_primary_sgd_l2,research_holdout,20250421,20,0.014653641860822603,0.29307283721645205,12,8,0.44512966705193846,-0.1520568298354864,0.0973677,11
logistic_primary_sgd_l2,research_holdout,20250422,20,0.025931269934069762,0.5186253986813952,11,9,0.6782677440050728,-0.1596423453236776,0.09289637,13
logistic_primary_sgd_l2,research_holdout,20250423,20,0.021262555475894958,0.42525110951789913,11,9,0.5386912722526576,-0.11344016273475843,0.095195666,14
logistic_primary_sgd_l2,research_holdout,20250424,20,0.08338004540311021,1.6676009080622043,19,1,1.6702157754510727,-0.0026148673888682916,0.093256846,13
logistic_primary_sgd_l2,research_holdout,20250425,20,0.06308261228662562,1.2616522457325123,20,0,1.2616522457325123,0.0,0.09653501,12
logistic_primary_sgd_l2,research_holdout,20250428,20,0.09297905259773849,1.8595810519547697,19,1,2.024232214745467,-0.1646511627906977,0.094632894,14
logistic_primary_sgd_l2,research_holdout,20250429,20,0.07250205507885227,1.4500411015770454,19,1,1.4593110899895598,-0.009269988412514474,0.091913156,12
logistic_primary_sgd_l2,research_holdout,20250430,20,0.05195065052211169,1.0390130104422337,20,0,1.0390130104422337,0.0,0.09789584,13
logistic_primary_sgd_l2,research_holdout,20250506,20,0.010358565782783801,0.20717131565567604,9,11,0.35330679432702117,-0.14613547867134513,0.09867645,15
logistic_primary_sgd_l2,research_holdout,20250507,20,0.013393599805404287,0.26787199610808576,13,7,0.3376834857412172,-0.06981148963313144,0.102581814,15
logistic_primary_sgd_l2,research_holdout,20250508,20,0.0048013491263515454,0.0960269825270309,9,11,0.31385991404344216,-0.21783293151641125,0.093552366,17
logistic_primary_sgd_l2,research_holdout,20250509,20,0.008574485899736806,0.1714897179947361,9,11,0.2853412507145412,-0.11385153271980508,0.09423358,16
logistic_primary_sgd_l2,research_holdout,20250512,20,0.006515995271337477,0.13031990542674954,11,9,0.18384126444860227,-0.05352135902185273,0.09435511,18
logistic_primary_sgd_l2,research_holdout,20250513,20,0.04456145622690412,0.8912291245380825,19,1,0.8970551753079534,-0.005826050769870972,0.09740832,16
logistic_primary_sgd_l2,research_holdout,20250514,20,0.025101640746224473,0.5020328149244895,15,5,0.5464989525835466,-0.04446613765905716,0.094880976,17
logistic_primary_sgd_l2,research_holdout,20250515,20,0.00325984051127749,0.0651968102255498,9,11,0.26030604158433235,-0.19510923135878255,0.09374149,16
logistic_primary_sgd_l2,research_holdout,20250516,20,-0.0027407624034269996,-0.05481524806853999,5,15,0.1373235171655085,-0.1921387652340485,0.095555685,15
logistic_primary_sgd_l2,research_holdout,20250519,20,-0.010369440218386561,-0.20738880436773122,4,16,0.09777512424798718,-0.3051639286157184,0.09176692,16
logistic_primary_sgd_l2,research_holdout,20250520,20,-0.024875856572296996,-0.4975171314459399,1,19,0.004545454545454408,-0.5020625859913943,0.092544116,15
logistic_primary_sgd_l2,research_holdout,20250521,20,-0.015758420045961348,-0.31516840091922693,3,17,0.05880834678829072,-0.37397674770751765,0.09600766,16
logistic_primary_sgd_l2,research_holdout,20250522,20,0.008126919180014075,0.1625383836002815,13,7,0.23579060500367466,-0.07325222140339316,0.09193481,13
logistic_primary_sgd_l2,research_holdout,20250523,20,0.012167227094415006,0.24334454188830013,15,5,0.27198343731031205,-0.028638895422011923,0.09259963,14
logistic_primary_sgd_l2,research_holdout,20250526,20,0.004996845405100464,0.09993690810200928,9,11,0.27316217650044883,-0.17322526839843955,0.09867854,12
logistic_primary_sgd_l2,research_holdout,20250527,20,0.01471570785191576,0.2943141570383152,17,3,0.3023979143916422,-0.008083757353327004,0.09614197,12
logistic_primary_sgd_l2,research_holdout,20250528,20,0.019137662131488552,0.38275324262977106,17,3,0.4048828897356085,-0.022129647105837424,0.0986201,16
logistic_primary_sgd_l2,research_holdout,20250529,20,0.014181664050533671,0.2836332810106734,16,4,0.3129064396902057,-0.029273158679532285,0.09570909,15
logistic_primary_sgd_l2,research_holdout,20250530,20,0.04952492638970228,0.9904985277940457,20,0,0.9904985277940457,0.0,0.102205195,13
logistic_primary_sgd_l2,research_holdout,20250603,20,0.01689102280031089,0.3378204560062178,18,2,0.3400273374496998,-0.0022068814434820228,0.10148263,9
logistic_primary_sgd_l2,research_holdout,20250604,20,0.026607730289384034,0.5321546057876807,18,2,0.5390511575118186,-0.006896551724137945,0.10567554,10
logistic_primary_sgd_l2,research_holdout,20250605,20,0.01378850243200937,0.2757700486401874,13,7,0.3189278660970474,-0.04315781745685998,0.104529426,11
logistic_primary_sgd_l2,research_holdout,20250606,20,-0.01288218194770191,-0.2576436389540382,3,17,0.07299682242148742,-0.3306404613755256,0.10113795,11
logistic_primary_sgd_l2,research_holdout,20250609,20,-0.006635519944928692,-0.13271039889857383,6,14,0.09573054160442318,-0.22844094050299701,0.102670774,11
logistic_primary_sgd_l2,research_holdout,20250610,20,0.012954937063033151,0.259098741260663,10,10,0.3612339695749347,-0.10213522831427169,0.098662,8
logistic_primary_sgd_l2,research_holdout,20250611,20,0.008248969489336549,0.164979389786731,10,10,0.3867111409834232,-0.2217317511966922,0.1063601,9
logistic_primary_sgd_l2,research_holdout,20250612,20,-0.009582536895131156,-0.1916507379026231,4,16,0.2991632158622419,-0.49081395376486503,0.09513373,10
logistic_primary_sgd_l2,research_holdout,20250613,20,-0.018065864203590104,-0.3613172840718021,7,13,0.1331428464086144,-0.4944601304804165,0.09812336,13
logistic_primary_sgd_l2,research_holdout,20250616,20,-0.011097030318738427,-0.22194060637476853,8,12,0.13019687948886327,-0.3521374858636318,0.097106375,12
logistic_primary_sgd_l2,research_holdout,20250617,20,0.025163815168901094,0.5032763033780219,17,3,0.5461922626998095,-0.0429159593217876,0.09853773,12
logistic_primary_sgd_l2,research_holdout,20250618,20,0.03301165833855056,0.6602331667710112,19,1,0.6612958660271218,-0.0010626992561105775,0.093852006,12
logistic_primary_sgd_l2,research_holdout,20250619,20,0.033471076415229103,0.669421528304582,19,1,0.6860881949712487,-0.01666666666666672,0.09379167,14
logistic_primary_sgd_l2,research_holdout,20250620,20,0.06162787446265505,1.232557489253101,20,0,1.232557489253101,0.0,0.093759805,11
logistic_primary_sgd_l2,research_holdout,20250623,20,0.06197840334129658,1.2395680668259317,20,0,1.2395680668259317,0.0,0.09235364,13
logistic_primary_sgd_l2,research_holdout,20250624,20,0.017298622104646694,0.3459724420929339,18,2,0.35402973842238783,-0.008057296329453956,0.09144058,17
logistic_primary_sgd_l2,research_holdout,20250625,20,0.03567883773005397,0.7135767546010794,20,0,0.7135767546010794,0.0,0.09642546,15
logistic_primary_sgd_l2,research_holdout,20250626,20,0.030794649066390713,0.6158929813278142,18,2,0.6270072685545358,-0.011114287226721586,0.10136323,17
logistic_primary_sgd_l2,research_holdout,20250627,20,0.009802931894118483,0.19605863788236966,13,7,0.3189322515602342,-0.12287361367786453,0.09956719,14
logistic_primary_sgd_l2,research_holdout,20250630,20,-0.0005712051049511724,-0.011424102099023448,9,11,0.140842154036112,-0.15226625613513545,0.09623726,14
logistic_primary_sgd_l2,research_holdout,20250701,20,0.009170054283975026,0.18340108567950053,15,5,0.2869877307981963,-0.10358664511869575,0.09571181,15
logistic_primary_sgd_l2,research_holdout,20250702,20,0.013928510598528305,0.2785702119705661,14,6,0.36963543405598687,-0.09106522208542078,0.098951146,13
logistic_primary_sgd_l2,research_holdout,20250703,20,0.008993853810443642,0.17987707620887283,13,7,0.31733165055012647,-0.13745457434125363,0.10135591,15
logistic_primary_sgd_l2,research_holdout,20250704,20,0.05492076254979632,1.0984152509959264,15,5,1.1579831398638478,-0.059567888867921526,0.103789926,15
logistic_primary_sgd_l2,research_holdout,20250707,20,0.01844239802280756,0.3688479604561512,14,6,0.486576186920997,-0.11772822646484582,0.10004572,14
logistic_primary_sgd_l2,research_holdout,20250708,20,0.0027590049195731713,0.05518009839146343,9,11,0.2529872460450069,-0.19780714765354346,0.1064202,16
logistic_primary_sgd_l2,research_holdout,20250709,20,0.05958439160568302,1.1916878321136604,17,3,1.2590697424731776,-0.06738191035951724,0.10420179,15
logistic_primary_sgd_l2,research_holdout,20250710,20,0.033736535012986325,0.6747307002597265,12,8,0.8598122909482129,-0.1850815906884864,0.10452024,14
logistic_primary_sgd_l2,research_holdout,20250711,20,0.009496983409455656,0.18993966818911312,10,10,0.45916861252718544,-0.2692289443380723,0.107696794,13
logistic_primary_sgd_l2,research_holdout,20250714,20,0.0030039894146637602,0.060079788293275205,11,9,0.267959222672453,-0.20787943437917777,0.11199913,14
logistic_primary_sgd_l2,research_holdout,20250715,20,0.060480307717827655,1.209606154356553,19,1,1.2135879518537087,-0.003981797497155659,0.109805204,14
logistic_primary_sgd_l2,research_holdout,20250716,20,0.022534219220993378,0.4506843844198676,12,8,0.4919412381098274,-0.041256853689959794,0.11278342,14
logistic_primary_sgd_l2,research_holdout,20250717,20,0.04192046409265307,0.8384092818530614,18,2,0.8414568292237996,-0.0030475473707382017,0.1056092,12
logistic_primary_sgd_l2,research_holdout,20250718,20,0.027689481441149792,0.5537896288229959,17,3,0.5647482827707397,-0.010958653947743868,0.105922125,12
logistic_primary_sgd_l2,research_holdout,20250721,20,0.012349604716487916,0.24699209432975833,12,8,0.29672228812966517,-0.04973019379990684,0.102408245,13
logistic_primary_sgd_l2,research_holdout,20250722,20,0.010275493504719114,0.20550987009438226,9,11,0.34327802508539884,-0.13776815499101658,0.10578586,14
logistic_primary_sgd_l2,research_holdout,20250723,20,0.017863034041742294,0.35726068083484586,12,8,0.4781933622441179,-0.12093268140927205,0.102325834,14
logistic_primary_sgd_l2,research_holdout,20250724,20,-0.02788908371870557,-0.5577816743741114,1,19,0.04800000000000004,-0.6057816743741115,0.1049899,14
logistic_primary_sgd_l2,research_holdout,20250725,20,-0.022805304565166336,-0.4561060913033267,3,17,0.017634207820812486,-0.4737402991241392,0.108199194,11
logistic_primary_sgd_l2,research_holdout,20250728,20,-0.014412675487899974,-0.28825350975799946,5,15,0.12200455659464415,-0.4102580663526436,0.10386242,11
logistic_primary_sgd_l2,research_holdout,20250729,20,-0.012322952554792798,-0.24645905109585597,5,15,0.08006845174332522,-0.3265275028391812,0.10212456,15
logistic_primary_sgd_l2,research_holdout,20250730,20,0.0120945221782291,0.241890443564582,11,9,0.35682785049777666,-0.11493740693319465,0.10860137,14
logistic_primary_sgd_l2,research_holdout,20250731,20,0.0383310899253178,0.766621798506356,16,4,0.8245200624763191,-0.057898263969963115,0.1123713,13
logistic_primary_sgd_l2,research_holdout,20250801,20,0.009947951334648176,0.1989590266929635,14,6,0.26462634868733703,-0.06566732199437353,0.104303576,12
logistic_primary_sgd_l2,research_holdout,20250804,20,0.007298415670182546,0.1459683134036509,11,9,0.25248152539128377,-0.10651321198763286,0.10546736,12
logistic_primary_sgd_l2,research_holdout,20250805,20,0.008757307894155613,0.17514615788311227,12,8,0.27939945025491353,-0.10425329237180125,0.10675249,12
logistic_primary_sgd_l2,research_holdout,20250806,20,-0.00042066805329433744,-0.008413361065886749,9,11,0.16935622151731766,-0.1777695825832044,0.10157049,14
logistic_primary_sgd_l2,research_holdout,20250807,20,-0.021515018946586816,-0.43030037893173634,4,16,0.1563318886863816,-0.5866322676181179,0.10622498,14
logistic_primary_sgd_l2,research_holdout,20250808,20,-0.015634737915500213,-0.31269475831000426,3,17,0.0284412978841333,-0.34113605619413756,0.10590552,13
logistic_primary_sgd_l2,research_holdout,20250811,20,0.0072657291539398264,0.14531458307879652,13,7,0.26778865042508415,-0.12247406734628763,0.11078161,13
logistic_primary_sgd_l2,research_holdout,20250812,20,0.017172485242675582,0.3434497048535117,13,7,0.4992210666701038,-0.15577136181659212,0.106418595,14
logistic_primary_sgd_l2,research_holdout,20250813,20,0.03886536986105198,0.7773073972210396,18,2,0.7971157211320934,-0.019808323911053805,0.108313225,13
logistic_primary_sgd_l2,research_holdout,20250814,20,0.06834527507157975,1.366905501431595,20,0,1.366905501431595,0.0,0.1033123,13
logistic_primary_sgd_l2,research_holdout,20250815,20,0.03879243698811883,0.7758487397623766,19,1,0.7802443441579809,-0.00439560439560438,0.10826626,14
logistic_primary_sgd_l2,research_holdout,20250818,20,0.027203921924112667,0.5440784384822533,14,6,0.6072064416470004,-0.06312800316474709,0.102873944,17
logistic_primary_sgd_l2,research_holdout,20250819,20,0.01281370904767481,0.2562741809534962,13,7,0.38292823919152497,-0.12665405823802878,0.09802997,15
logistic_primary_sgd_l2,research_holdout,20250820,20,-0.038123274502122106,-0.7624654900424421,2,18,0.052349887518224,-0.8148153775606661,0.10636842,13
logistic_primary_sgd_l2,research_holdout,20250821,20,-0.032977835871310396,-0.6595567174262079,2,18,0.18206047247112966,-0.8416171898973376,0.11354196,10
logistic_primary_sgd_l2,research_holdout,20250822,20,-0.013828547728745505,-0.2765709545749101,5,15,0.36094678453702156,-0.6375177391119317,0.11869945,13
logistic_primary_sgd_l2,research_holdout,20250825,20,-0.011787593343181963,-0.23575186686363925,6,14,0.2541524046745647,-0.48990427153820393,0.11494614,15
logistic_primary_sgd_l2,research_holdout,20250826,20,-0.007844392612818529,-0.15688785225637059,6,14,0.37071330170399186,-0.5276011539603624,0.10728244,14
logistic_primary_sgd_l2,research_holdout,20250827,20,0.03412607511911313,0.6825215023822626,11,9,0.9225950214311833,-0.2400735190489207,0.10558009,13
logistic_primary_sgd_l2,research_holdout,20250828,20,0.0656075103093639,1.312150206187278,14,6,1.4159677685411558,-0.10381756235387773,0.1053593,14
logistic_primary_sgd_l2,research_holdout,20250829,20,0.05263640782868042,1.0527281565736084,13,7,1.1033896932622087,-0.050661536688600184,0.10832045,14
logistic_primary_sgd_l2,research_holdout,20250901,20,0.03698242264250505,0.7396484528501011,14,6,0.7906681310364225,-0.05101967818632147,0.111287035,17
logistic_primary_sgd_l2,research_holdout,20250902,20,0.010297220782861966,0.2059444156572393,14,6,0.2491874005729504,-0.0432429849157111,0.10867212,14
logistic_primary_sgd_l2,research_holdout,20250903,20,0.03384595528958002,0.6769191057916003,18,2,0.7670939002089139,-0.09017479441731358,0.11032202,16
logistic_primary_sgd_l2,research_holdout,20250904,20,0.03198713044637568,0.6397426089275137,18,2,0.6639898633236876,-0.024247254396173923,0.10811567,16
logistic_primary_sgd_l2,research_holdout,20250905,20,0.007402191721513879,0.14804383443027758,13,7,0.21085872757099788,-0.06281489314072031,0.11375354,15
logistic_primary_sgd_l2,research_holdout,20250908,20,-0.009107024786066098,-0.18214049572132196,5,15,0.054207521626749466,-0.23634801734807143,0.11423914,15
logistic_primary_sgd_l2,research_holdout,20250909,20,0.009408880035580647,0.18817760071161294,14,6,0.22028208963620766,-0.03210448892459472,0.11067279,16
logistic_primary_sgd_l2,research_holdout,20250910,20,0.012514525059632891,0.25029050119265783,15,5,0.2980114115086998,-0.047720910316041976,0.11343765,15
logistic_primary_sgd_l2,research_holdout,20250911,20,-0.019082345005339542,-0.3816469001067908,3,17,0.0476963901082037,-0.4293432902149945,0.10887106,16
logistic_primary_sgd_l2,research_holdout,20250912,20,-0.021212327856375102,-0.42424655712750203,3,17,0.03411898649061684,-0.4583655436181189,0.111564115,13
logistic_primary_sgd_l2,research_holdout,20250915,20,-0.02459167359365331,-0.49183347187306614,2,18,0.0031520828531814704,-0.4949855547262476,0.10577236,18
logistic_primary_sgd_l2,research_holdout,20250916,20,-0.041403613836272404,-0.828072276725448,1,19,0.0009208103130753376,-0.8289930870385234,0.10729458,14
logistic_primary_sgd_l2,research_holdout,20250917,20,-0.02172941908410305,-0.43458838168206104,5,15,0.07940309234571963,-0.5139914740277807,0.107933685,16
logistic_primary_sgd_l2,research_holdout,20250918,20,-0.012157405152858802,-0.24314810305717605,7,13,0.08423250848224795,-0.327380611539424,0.108614944,13
logistic_primary_sgd_l2,research_holdout,20250919,20,-0.007561635382095344,-0.15123270764190688,5,15,0.11739731180626967,-0.26863001944817655,0.10510252,17
logistic_primary_sgd_l2,research_holdout,20250922,20,0.00631475202138107,0.1262950404276214,10,10,0.3464238590920674,-0.220128818664446,0.111209676,11
logistic_primary_sgd_l2,research_holdout,20250923,20,0.022285457530385917,0.4457091506077183,12,8,0.5219964387610094,-0.07628728815329111,0.10471477,15
logistic_primary_sgd_l2,research_holdout,20250924,20,0.007734304437180007,0.15468608874360013,6,14,0.37914140840254285,-0.22445531965894272,0.106073834,17
logistic_primary_sgd_l2,research_holdout,20250925,20,0.02268960752037613,0.45379215040752263,16,4,0.5587434418888557,-0.10495129148133309,0.10523452,18
logistic_primary_sgd_l2,research_holdout,20250926,20,-0.0032539735707992957,-0.06507947141598591,6,14,0.12637916244833658,-0.1914586338643225,0.10153248,16
logistic_primary_sgd_l2,research_holdout,20250929,20,-0.005703989727406067,-0.11407979454812134,7,13,0.168912035433741,-0.28299182998186234,0.10437874,15
logistic_primary_sgd_l2,research_holdout,20250930,20,0.02087945114773645,0.417589022954729,13,7,0.5130308780229853,-0.09544185506825631,0.111085296,16
logistic_primary_sgd_l2,research_holdout,20251009,20,-0.0008253179936462962,-0.016506359872925924,8,12,0.22702778269267632,-0.24353414256560224,0.1109226,17
logistic_primary_sgd_l2,research_holdout,20251010,20,-0.0026037440917643594,-0.05207488183528719,8,12,0.24157932806854787,-0.29365420990383506,0.1165692,15
logistic_primary_sgd_l2,research_holdout,20251013,20,-0.021027061167876664,-0.4205412233575333,7,13,0.06304497022882871,-0.483586193586362,0.11637767,16
logistic_primary_sgd_l2,research_holdout,20251014,20,0.017700655730264837,0.3540131146052967,15,5,0.4251303542272964,-0.07111723962199967,0.123038374,17
logistic_primary_sgd_l2,research_holdout,20251015,20,0.022728233494599397,0.45456466989198796,12,8,0.601240431185537,-0.1466757612935491,0.12275837,12
logistic_primary_sgd_l2,research_holdout,20251016,20,0.022139733303287695,0.4427946660657539,17,3,0.46900009902025697,-0.02620543295450306,0.11860909,14
logistic_primary_sgd_l2,research_holdout,20251017,20,0.03750385736717212,0.7500771473434424,20,0,0.7500771473434424,0.0,0.11582084,17
logistic_primary_sgd_l2,research_holdout,20251020,20,0.02960407787547057,0.5920815575094114,20,0,0.5920815575094114,0.0,0.114423595,15
logistic_primary_sgd_l2,research_holdout,20251021,20,0.006586116884642784,0.13172233769285568,8,12,0.42914833600684843,-0.29742599831399275,0.10326121,16
logistic_primary_sgd_l2,research_holdout,20251022,20,0.009448344412971089,0.18896688825942176,12,8,0.36757436858658155,-0.17860748032715978,0.10286291,13
logistic_primary_sgd_l2,research_holdout,20251023,20,0.01267851572966861,0.2535703145933722,16,4,0.34040941499590205,-0.08683910040252985,0.11570267,12
logistic_primary_sgd_l2,research_holdout,20251024,20,0.027055995924234476,0.5411199184846895,17,3,0.6335974677222844,-0.09247754923759488,0.11923957,11
logistic_primary_sgd_l2,research_holdout,20251027,20,0.03193915392749541,0.6387830785499082,18,2,0.6461176474608319,-0.007334568910923656,0.1289859,12
logistic_primary_sgd_l2,research_holdout,20251028,20,0.040346128259098404,0.8069225651819681,17,3,0.897378708715129,-0.0904561435331609,0.113097265,14
logistic_primary_sgd_l2,research_holdout,20251029,20,0.025065063879125125,0.5013012775825025,14,6,0.6073184653110031,-0.10601718772850055,0.09842629,16
logistic_primary_sgd_l2,research_holdout,20251030,20,0.035422331921642736,0.7084466384328547,17,3,0.7449515641945836,-0.036504925761728924,0.09581031,15
logistic_primary_sgd_l2,research_holdout,20251031,20,0.006528418436929117,0.13056836873858235,12,8,0.28534677104168527,-0.1547784023031029,0.09685091,15
logistic_primary_sgd_l2,research_holdout,20251103,20,0.013180930773599397,0.26361861547198795,15,5,0.3902581413311621,-0.12663952585917415,0.09641491,12
logistic_primary_sgd_l2,research_holdout,20251104,20,0.023463233201881244,0.4692646640376249,18,2,0.5241070171259841,-0.054842353088359164,0.0987054,16
logistic_primary_sgd_l2,research_holdout,20251105,20,0.0074408074502481545,0.1488161490049631,12,8,0.32010744796436885,-0.17129129895940576,0.09956149,14
logistic_primary_sgd_l2,research_holdout,20251106,20,0.02582542517848053,0.5165085035696106,16,4,0.6120532595796897,-0.09554475601007906,0.0976305,12
logistic_primary_sgd_l2,research_holdout,20251107,20,0.019784886941674462,0.39569773883348924,17,3,0.4220841434142917,-0.026386404580802436,0.098800465,14
logistic_primary_sgd_l2,research_holdout,20251110,20,-0.008809108428980677,-0.17618216857961355,5,15,0.08205578214676734,-0.2582379507263809,0.10031309,14
logistic_primary_sgd_l2,research_holdout,20251111,20,-0.018000004949735054,-0.3600000989947011,6,14,0.0700543268577758,-0.4300544258524769,0.10211392,12
logistic_primary_sgd_l2,research_holdout,20251112,20,-0.03584942387693047,-0.7169884775386094,3,17,0.08730512442945604,-0.8042936019680654,0.104089096,16
logistic_primary_sgd_l2,research_holdout,20251113,20,-0.042856453161786,-0.8571290632357199,2,18,0.14694025056215887,-1.0040693137978787,0.099512294,14
logistic_primary_sgd_l2,research_holdout,20251114,20,-0.07438024875280194,-1.4876049750560387,2,18,0.09531366691560872,-1.5829186419716477,0.1016585,14
logistic_primary_sgd_l2,research_holdout,20251117,20,-0.04642287889691339,-0.9284575779382679,3,17,0.031366019815467716,-0.9598235977537356,0.10019233,14
logistic_primary_sgd_l2,research_holdout,20251118,20,-0.039353694781207524,-0.7870738956241505,0,20,0.0,-0.7870738956241505,0.105712436,16
logistic_primary_sgd_l2,research_holdout,20251119,20,-0.03475889627474853,-0.6951779254949706,3,17,0.02638832174818795,-0.7215662472431585,0.10127263,12
logistic_primary_sgd_l2,research_holdout,20251120,20,0.0027776474759730998,0.05555294951946199,9,11,0.3213920032186768,-0.2658390536992148,0.10577303,13
logistic_primary_sgd_l2,research_holdout,20251121,20,0.02928396244378253,0.5856792488756506,14,6,0.6888096613022625,-0.10313041242661192,0.10400288,12
logistic_primary_sgd_l2,research_holdout,20251124,20,0.03850732442127155,0.770146488425431,20,0,0.770146488425431,0.0,0.10676966,14
logistic_primary_sgd_l2,research_holdout,20251125,20,-0.0038337228747946706,-0.07667445749589341,7,13,0.11009851619888922,-0.18677297369478263,0.105214015,13
logistic_primary_sgd_l2,research_holdout,20251126,20,0.005970923745480844,0.11941847490961688,8,12,0.2572634580888047,-0.1378449831791878,0.1109727,12
logistic_primary_sgd_l2,research_holdout,20251127,20,-0.0214870789621579,-0.42974157924315803,4,16,0.04041882536935382,-0.47016040461251185,0.11029949,16
logistic_primary_sgd_l2,research_holdout,20251128,20,-0.009672275829952327,-0.19344551659904652,7,13,0.08569297026757994,-0.27913848686662646,0.11404507,16
logistic_primary_sgd_l2,research_holdout,20251201,20,-0.020918799109977432,-0.41837598219954863,1,19,0.020331106593087567,-0.4387070887926362,0.10840957,16
logistic_primary_sgd_l2,research_holdout,20251202,20,-0.020666727465519487,-0.4133345493103897,3,17,0.026923863682256632,-0.44025841299264634,0.109890774,15
logistic_primary_sgd_l2,research_holdout,20251203,20,-0.027256712233437334,-0.5451342446687467,1,19,0.011013215859030812,-0.5561474605277775,0.121168435,13
logistic_primary_sgd_l2,research_holdout,20251204,20,0.02279679635752025,0.455935927150405,18,2,0.468474966759741,-0.012539039609336,0.11495845,14
logistic_primary_sgd_l2,research_holdout,20251205,20,0.006416428509623639,0.1283285701924728,7,13,0.30110836668367047,-0.17277979649119768,0.117745936,13
logistic_primary_sgd_l2,research_holdout,20251208,20,0.007198126357686757,0.14396252715373514,10,10,0.3339706158146285,-0.19000808866089336,0.114433266,15
logistic_primary_sgd_l2,research_holdout,20251209,20,0.013331913652597237,0.26663827305194476,14,6,0.6270632261145959,-0.3604249530626511,0.11388849,15
logistic_primary_sgd_l2,research_holdout,20251210,20,0.026010389138557265,0.5202077827711453,17,3,0.7639414760373924,-0.24373369326624705,0.118439935,12
logistic_primary_sgd_l2,research_holdout,20251211,20,-0.005429779343150037,-0.10859558686300075,9,11,0.1336576646017218,-0.24225325146472254,0.10652826,16
logistic_primary_sgd_l2,research_holdout,20251212,20,0.022573031777061908,0.45146063554123816,16,4,0.5091421480531928,-0.057681512511954636,0.11141153,13
logistic_primary_sgd_l2,research_holdout,20251215,20,0.02679345078692692,0.5358690157385384,20,0,0.5358690157385384,0.0,0.11192777,14
logistic_primary_sgd_l2,research_holdout,20251216,20,0.018940624686844487,0.37881249373688974,16,4,0.39633829705180723,-0.017525803314917487,0.10895218,13
logistic_primary_sgd_l2,research_holdout,20251217,20,0.018979642018318487,0.37959284036636975,14,6,0.46664244873698246,-0.08704960837061271,0.11051054,15
logistic_primary_sgd_l2,research_holdout,20251218,20,0.003958434562961383,0.07916869125922765,11,9,0.2245117824890921,-0.14534309122986444,0.10395907,14
logistic_primary_sgd_l2,research_holdout,20251219,20,-0.01196394928492735,-0.239278985698547,6,14,0.028942469060827092,-0.2682214547593741,0.10965918,14
logistic_primary_sgd_l2,research_holdout,20251222,20,-0.010840115912024217,-0.21680231824048435,8,12,0.16232457626536778,-0.37912689450585213,0.11216805,16
logistic_primary_sgd_l2,research_holdout,20251223,20,0.002056786039530356,0.04113572079060712,9,11,0.1828697999703297,-0.14173407917972258,0.109032676,17
logistic_primary_sgd_l2,research_holdout,20251224,20,-0.014428457690113245,-0.2885691538022649,8,12,0.048583600175962305,-0.3371527539782272,0.11096381,14
logistic_primary_sgd_l2,research_holdout,20251225,20,0.024658868104956357,0.4931773620991271,16,4,0.5427365513893612,-0.04955918929023406,0.106184766,15
logistic_primary_sgd_l2,research_holdout,20251226,20,0.026647930307598655,0.5329586061519731,18,2,0.5645697810467301,-0.031611174894756955,0.10648608,14
logistic_primary_sgd_l2,research_holdout,20251229,20,0.0301254789469668,0.602509578939336,18,2,0.6529558252206171,-0.05044624628128114,0.10663064,14
logistic_primary_sgd_l2,research_holdout,20251230,20,0.03618909817526415,0.7237819635052831,20,0,0.7237819635052831,0.0,0.107292496,12
logistic_primary_sgd_l2,research_holdout,20251231,20,0.04089241584610627,0.8178483169221253,20,0,0.8178483169221253,0.0,0.10802968,13
logistic_primary_sgd_l2,research_holdout,20260105,20,0.03305571663530168,0.6611143327060336,19,1,0.6637390046220442,-0.002624671916010568,0.1010888,12
logistic_primary_sgd_l2,research_holdout,20260106,20,0.05321446241127672,1.0642892482255344,19,1,1.0649672143272295,-0.0006779661016950156,0.110527635,13
logistic_primary_sgd_l2,research_holdout,20260107,20,0.045621415936507384,0.9124283187301477,18,2,0.9214569626019067,-0.009028643871758946,0.10748576,15
logistic_primary_sgd_l2,research_holdout,20260108,20,0.023868108167500474,0.47736216335000947,17,3,0.5184701238391132,-0.0411079604891037,0.10607902,17
logistic_primary_sgd_l2,research_holdout,20260109,20,0.012669149206128855,0.2533829841225771,15,5,0.32113631908387075,-0.06775333496129365,0.10233915,15
logistic_primary_sgd_l2,research_holdout,20260112,20,0.016802852450010525,0.3360570490002105,14,6,0.44829702629055546,-0.11223997729034496,0.10324915,14
logistic_primary_sgd_l2,research_holdout,20260113,20,0.027389923202717065,0.5477984640543413,15,5,0.5766543916508637,-0.028855927596522446,0.102266416,14
logistic_primary_sgd_l2,research_holdout,20260114,20,0.04456215457827202,0.8912430915654403,15,5,0.9510438324568289,-0.05980074089138854,0.108576,14
logistic_primary_sgd_l2,research_holdout,20260115,20,0.04877022117713259,0.9754044235426518,16,4,0.9983276142915511,-0.02292319074889937,0.11173274,13
logistic_primary_sgd_l2,research_holdout,20260116,20,0.03669839457682479,0.7339678915364958,18,2,0.7394862668209385,-0.005518375284442767,0.1193127,15
logistic_primary_sgd_l2,research_holdout,20260119,20,0.0363154682175451,0.7263093643509019,18,2,0.7339672193725659,-0.007657855021664051,0.1169968,16
logistic_primary_sgd_l2,research_holdout,20260120,20,0.004994101385344163,0.09988202770688326,14,6,0.29662943442915135,-0.1967474067222681,0.11438243,12
logistic_primary_sgd_l2,research_holdout,20260121,20,0.002001754060916916,0.04003508121833832,8,12,0.3369412878256679,-0.2969062066073296,0.11237973,13
logistic_primary_sgd_l2,research_holdout,20260122,20,-0.01005166680772398,-0.2010333361544796,5,15,0.20656794113030963,-0.40760127728478923,0.10634067,14
logistic_primary_sgd_l2,research_holdout,20260123,20,-0.029657652397316846,-0.5931530479463369,2,18,0.009777635133024098,-0.602930683079361,0.108460486,15
logistic_primary_sgd_l2,research_holdout,20260126,20,-0.047017033170800616,-0.9403406634160123,0,20,0.0,-0.9403406634160123,0.11156882,13
logistic_primary_sgd_l2,research_holdout,20260127,20,-0.013394224848654917,-0.26788449697309835,2,18,0.11690377301336174,-0.3847882699864601,0.10675377,15
logistic_primary_sgd_l2,research_holdout,20260128,20,0.003934747060867394,0.07869494121734788,12,8,0.36622086698672196,-0.2875259257693741,0.10707154,18
logistic_primary_sgd_l2,research_holdout,20260129,20,-0.00258884605968574,-0.0517769211937148,7,13,0.3873176324937,-0.4390945536874148,0.10930024,15
logistic_primary_sgd_l2,research_holdout,20260130,20,0.003968523165237397,0.07937046330474795,7,13,0.3717107984978165,-0.29234033519306857,0.10870738,11
logistic_primary_sgd_l2,research_holdout,20260202,20,0.03475696113263451,0.6951392226526902,17,3,0.7493967830446451,-0.05425756039195484,0.11112164,16
logistic_primary_sgd_l2,research_holdout,20260203,20,0.004339000718872538,0.08678001437745075,10,10,0.3062377431340282,-0.21945772875657743,0.11301205,14
logistic_primary_sgd_l2,research_holdout,20260204,20,0.008883962143379743,0.17767924286759484,11,9,0.28212158955276023,-0.10444234668516539,0.11088178,13
logistic_primary_sgd_l2,research_holdout,20260205,20,0.0075935645458535764,0.15187129091707152,12,8,0.2662689042676545,-0.11439761335058296,0.11321435,13
logistic_primary_sgd_l2,research_holdout,20260206,20,-0.0031435020512219415,-0.06287004102443883,7,13,0.09635423461111947,-0.1592242756355583,0.10840587,12
logistic_primary_sgd_l2,research_holdout,20260209,20,-0.0004208642071569568,-0.008417284143139137,8,12,0.11123495714006193,-0.11965224128320107,0.10772972,14
logistic_primary_sgd_l2,research_holdout,20260210,20,0.016093666719131726,0.32187333438263455,14,6,0.35384630904753545,-0.0319729746649009,0.1108968,15
logistic_primary_sgd_l2,research_holdout,20260211,20,0.012169139577751347,0.24338279155502696,15,5,0.29027986663425676,-0.0468970750792298,0.116089985,12
logistic_primary_sgd_l2,research_holdout,20260212,20,0.007233958534038865,0.1446791706807773,12,8,0.22016799340318172,-0.07548882272240443,0.11502196,15
logistic_primary_sgd_l2,research_holdout,20260213,20,-0.033441369854326566,-0.6688273970865314,2,18,0.055432842807407345,-0.7242602398939387,0.11901797,14
logistic_primary_sgd_l2,research_holdout,20260224,20,-0.05797141418947014,-1.1594282837894028,1,19,0.07769230769230773,-1.2371205914817103,0.117822036,12
logistic_primary_sgd_l2,research_holdout,20260225,20,-0.06279877146857848,-1.2559754293715697,0,20,0.0,-1.2559754293715697,0.1225812,15
logistic_primary_sgd_l2,research_holdout,20260226,20,-0.03623560813387225,-0.724712162677445,3,17,0.17796244645384562,-0.9026746091312906,0.12184566,14
logistic_primary_sgd_l2,research_holdout,20260227,20,0.0016527977394196036,0.03305595478839207,8,12,0.23734122602158703,-0.20428527123319495,0.11841272,12
logistic_primary_sgd_l2,research_holdout,20260302,20,-0.0008122820475803538,-0.016245640951607077,5,15,0.21171145655029422,-0.2279570975019013,0.11244948,13
logistic_primary_sgd_l2,research_holdout,20260303,20,0.0130258346888406,0.26051669377681197,15,5,0.38066623966579827,-0.1201495458889863,0.11293024,13
logistic_primary_sgd_l2,research_holdout,20260304,20,0.013909468896134914,0.27818937792269827,13,7,0.34174025081191894,-0.06355087288922068,0.113417305,14
logistic_primary_sgd_l2,research_holdout,20260305,20,-0.013876531335521313,-0.2775306267104263,3,17,0.0503769424384497,-0.327907569148876,0.115274586,12
logistic_primary_sgd_l2,research_holdout,20260306,20,-0.018940754176739467,-0.3788150835347893,3,17,0.12828256329412402,-0.5070976468289133,0.11719241,13
logistic_primary_sgd_l2,research_holdout,20260309,20,-0.02783410206506151,-0.5566820413012302,1,19,0.049026676279740444,-0.6057087175809707,0.1184387,14
logistic_primary_sgd_l2,research_holdout,20260310,20,-0.04295600048426242,-0.8591200096852485,1,19,0.038626609442059756,-0.8977466191273082,0.1127923,15
logistic_primary_sgd_l2,research_holdout,20260311,20,-0.029073477669829557,-0.5814695533965911,4,16,0.03870921890547163,-0.6201787723020628,0.10889934,12
logistic_primary_sgd_l2,research_holdout,20260312,20,-0.044989291850361386,-0.8997858370072277,1,19,0.02493551160791041,-0.9247213486151381,0.10973463,13
logistic_primary_sgd_l2,research_holdout,20260313,20,-0.07222330585126133,-1.4444661170252266,0,20,0.0,-1.4444661170252269,0.10847479,14
logistic_primary_sgd_l2,research_holdout,20260316,20,-0.13301114863838565,-2.660222972767713,0,20,0.0,-2.660222972767713,0.11783347,14
logistic_primary_sgd_l2,research_holdout,20260317,20,-0.08441890553220052,-1.6883781106440106,1,19,0.01758620689655177,-1.7059643175405623,0.113887146,13
logistic_primary_sgd_l2,research_holdout,20260318,20,-0.06478915350227223,-1.2957830700454445,0,20,0.0,-1.2957830700454445,0.11094873,14
logistic_primary_sgd_l2,research_holdout,20260319,20,-0.052293724971947994,-1.04587449943896,0,20,0.0,-1.04587449943896,0.10852726,15
logistic_primary_sgd_l2,research_holdout,20260320,20,-0.018800898470105038,-0.37601796940210075,5,15,0.1516807410930623,-0.527698710495163,0.11183494,15
logistic_primary_sgd_l2,research_holdout,20260323,20,-0.002383260921334124,-0.047665218426682476,9,11,0.2054421670857176,-0.2531073855124001,0.11554639,12
logistic_primary_sgd_l2,research_holdout,20260324,20,-0.011855329347303606,-0.23710658694607212,4,16,0.14267315284376947,-0.3797797397898416,0.11273949,12
logistic_primary_sgd_l2,research_holdout,20260325,20,-0.009357193192384062,-0.18714386384768122,6,14,0.16160449278160294,-0.34874835662928416,0.1200456,13
logistic_primary_sgd_l2,research_holdout,20260326,20,0.03144601016976965,0.628920203395393,15,5,0.6782510550735477,-0.04933085167815465,0.113595925,16
logistic_primary_sgd_l2,research_holdout,20260327,20,-0.00960807963298076,-0.1921615926596152,8,12,0.13682057975286077,-0.32898217241247596,0.1137171,16
logistic_primary_sgd_l2,research_holdout,20260330,20,-0.0001342593560386185,-0.00268518712077237,11,9,0.20376606992736535,-0.20645125704813772,0.114148855,14
logistic_primary_sgd_l2,research_holdout,20260331,20,0.029024072976905946,0.5804814595381189,19,1,0.5813405660673285,-0.0008591065292096189,0.12242198,14
logistic_primary_sgd_l2,research_holdout,20260401,20,-0.000773418695365774,-0.01546837390731548,11,9,0.14693432873664913,-0.1624027026439646,0.125173,15
logistic_primary_sgd_l2,research_holdout,20260402,20,0.02442232786462913,0.4884465572925826,15,5,0.5240695486110574,-0.035622991318474795,0.11430605,14
logistic_primary_sgd_l2,research_holdout,20260403,20,0.02419703028395117,0.4839406056790234,18,2,0.5106201334315128,-0.026679527752489385,0.1181673,11
logistic_primary_sgd_l2,research_holdout,20260407,20,0.006770095817994948,0.13540191635989896,14,6,0.20951336355142902,-0.07411144719153007,0.12864845,11
logistic_primary_sgd_l2,research_holdout,20260408,20,-0.006570350105208922,-0.13140700210417844,4,16,0.1360876956083623,-0.26749469771254075,0.12151597,16
logistic_primary_sgd_l2,research_holdout,20260409,20,0.008450016852367525,0.1690003370473505,15,5,0.21267466280821323,-0.04367432576086272,0.12188573,16
logistic_primary_sgd_l2,research_holdout,20260410,20,0.031519043791950425,0.6303808758390085,18,2,0.636480066565827,-0.006099190726818526,0.114459574,13
logistic_primary_sgd_l2,research_holdout,20260413,20,0.07597561799268097,1.5195123598536195,20,0,1.5195123598536195,0.0,0.118232414,15
logistic_primary_sgd_l2,research_holdout,20260414,20,0.04880932306296616,0.9761864612593232,19,1,0.9773985824714444,-0.00121212121212122,0.121755995,15
logistic_primary_sgd_l2,research_holdout,20260415,20,0.05027212300481372,1.0054424600962744,20,0,1.0054424600962744,0.0,0.11772957,12
logistic_primary_sgd_l2,research_holdout,20260416,20,0.02636254270468873,0.5272508540937746,17,3,0.5761671742600947,-0.04891632016632008,0.11589434,13
logistic_primary_sgd_l2,research_holdout,20260417,20,-0.013753071076280992,-0.27506142152561985,7,13,0.22079702476075025,-0.4958584462863701,0.09471901,16
logistic_primary_sgd_l2,research_holdout,20260420,20,0.011384654487622482,0.22769308975244962,10,10,0.46209098422255535,-0.23439789447010573,0.09609201,13
logistic_primary_sgd_l2,research_holdout,20260421,20,-0.06590550584497963,-1.3181101168995926,0,20,0.0,-1.3181101168995926,0.10539553,12
logistic_primary_sgd_l2,research_holdout,20260422,20,-0.034806202653042406,-0.6961240530608481,6,14,0.3120630093946919,-1.00818706245554,0.103582636,16
logistic_primary_sgd_l2,research_holdout,20260423,20,-0.024802403474967056,-0.4960480694993411,5,15,0.16057247106854833,-0.6566205405678894,0.10688764,14
logistic_primary_sgd_l2,research_holdout,20260424,20,0.002357834773839479,0.04715669547678958,13,7,0.4036597954697836,-0.356503099992994,0.10058794,14
logistic_primary_sgd_l2,research_holdout,20260427,20,0.018988758812081324,0.3797751762416265,17,3,0.44750297911813375,-0.06772780287650726,0.09706618,16
logistic_primary_sgd_l2,research_holdout,20260428,20,0.0493712501655827,0.987425003311654,17,3,1.0388453107661682,-0.0514203074545142,0.10188466,12
logistic_primary_sgd_l2,research_holdout,20260429,20,0.037293969118751,0.7458793823750199,18,2,0.7532348973115695,-0.007355514936549512,0.10791999,14
logistic_primary_sgd_l2,research_holdout,20260430,20,0.01283990285391724,0.2567980570783448,14,6,0.3288004287671944,-0.0720023716888496,0.10495915,12
logistic_primary_sgd_l2,research_holdout,20260506,20,0.009423620570100844,0.18847241140201687,11,9,0.2648716102419024,-0.07639919883988555,0.11251768,13
logistic_primary_sgd_l2,research_holdout,20260507,20,-0.007396475410258024,-0.1479295082051605,5,15,0.24326391187795804,-0.3911934200831185,0.111538276,17
logistic_primary_sgd_l2,research_holdout,20260508,20,-0.036768562700948325,-0.7353712540189665,2,18,0.04213933459857344,-0.77751058861754,0.11083617,17
logistic_primary_sgd_l2,research_holdout,20260511,20,-0.050888259245018094,-1.017765184900362,2,18,0.008828362691163827,-1.026593547591526,0.117207445,15
logistic_primary_sgd_l2,research_holdout,20260512,20,-0.005294578865542882,-0.10589157731085763,4,16,0.3006463953726739,-0.40653797268353153,0.117022656,13
logistic_primary_sgd_l2,research_holdout,20260513,20,-0.052797862980135536,-1.0559572596027107,1,19,0.12529002320185612,-1.181247282804567,0.11889334,16
logistic_primary_sgd_l2,research_holdout,20260514,20,-0.05963594917520657,-1.1927189835041314,1,19,0.019115890083632125,-1.2118348735877635,0.11542447,15
logistic_primary_sgd_l2,research_holdout,20260515,20,-0.05399580636294767,-1.0799161272589535,0,20,0.0,-1.0799161272589535,0.111119844,17
ridge_conditional_industry_ablation,train,20180102,20,-0.0052450805089398365,-0.10490161017879673,7,13,0.15809925609346442,-0.26300086627226116,0.005450726,11
ridge_conditional_industry_ablation,train,20180103,20,-0.022879263920981663,-0.45758527841963326,1,19,0.04092282340016484,-0.4985081018197981,0.00542947,13
ridge_conditional_industry_ablation,train,20180104,20,-0.015525984563052143,-0.31051969126104284,5,15,0.08975622774577219,-0.40027591900681503,0.005491709,12
ridge_conditional_industry_ablation,train,20180105,20,-0.02387052375310042,-0.4774104750620084,1,19,0.025974025974025983,-0.5033845010360344,0.005509186,13
ridge_conditional_industry_ablation,train,20180108,20,-0.04548962695860515,-0.909792539172103,2,18,0.04830529356203184,-0.9580978327341348,0.0055200504,14
ridge_conditional_industry_ablation,train,20180109,20,-0.0339488795994315,-0.67897759198863,2,18,0.09685756481022834,-0.7758351567988583,0.0057783597,11
ridge_conditional_industry_ablation,train,20180110,20,-0.021185372390572704,-0.4237074478114541,3,17,0.09186404827703365,-0.5155714960884877,0.005636972,11
ridge_conditional_industry_ablation,train,20180111,20,-0.019936585914142983,-0.3987317182828597,4,16,0.08887162129879234,-0.48760333958165203,0.0056741415,12
ridge_conditional_industry_ablation,train,20180112,20,-0.014344926315848206,-0.2868985263169641,4,16,0.18266613156114708,-0.4695646578781112,0.005753038,12
ridge_conditional_industry_ablation,train,20180115,20,0.029765066469507856,0.5953013293901571,13,7,0.6781473004242351,-0.08284597103407798,0.0056097456,14
ridge_conditional_industry_ablation,train,20180116,20,0.026176479330693437,0.5235295866138687,13,7,0.6551255791893409,-0.13159599257547216,0.00565643,12
ridge_conditional_industry_ablation,train,20180117,20,0.016497851543293272,0.3299570308658655,14,6,0.4352191517106363,-0.10526212084477082,0.0056719533,14
ridge_conditional_industry_ablation,train,20180118,20,0.010909468841225494,0.2181893768245099,13,7,0.32174900803003625,-0.10355963120552636,0.0056383032,12
ridge_conditional_industry_ablation,train,20180119,20,0.012115838373424026,0.24231676746848052,12,8,0.39289195561171475,-0.15057518814323423,0.0056538205,9
ridge_conditional_industry_ablation,train,20180122,20,-0.0036380341522501414,-0.07276068304500283,9,11,0.20100926169339495,-0.2737699447383978,0.005736268,11
ridge_conditional_industry_ablation,train,20180123,20,-0.0039820648209624495,-0.079641296419249,10,10,0.19112377366903788,-0.2707650700882869,0.005714176,12
ridge_conditional_industry_ablation,train,20180124,20,-0.041833828398021355,-0.8366765679604271,2,18,0.07782260571271915,-0.9144991736731463,0.005760978,11
ridge_conditional_industry_ablation,train,20180125,20,-0.0857921010799505,-1.71584202159901,2,18,0.009896978318030936,-1.7257389999170412,0.0057734884,10
ridge_conditional_industry_ablation,train,20180126,20,-0.10417501092658002,-2.0835002185316003,1,19,0.001216051884880276,-2.0847162704164806,0.0057435962,12
ridge_conditional_industry_ablation,train,20180129,20,-0.11751012570973944,-2.350202514194789,0,20,0.0,-2.3502025141947893,0.0056981114,12
ridge_conditional_industry_ablation,train,20180130,20,-0.16897086630203306,-3.3794173260406613,1,19,0.01033210332103307,-3.3897494293616948,0.0056404145,11
ridge_conditional_industry_ablation,train,20180131,20,-0.13906009342606812,-2.7812018685213626,1,19,0.04080389768574899,-2.8220057662071123,0.005538512,11
ridge_conditional_industry_ablation,train,20180201,20,-0.06652880756762221,-1.3305761513524441,1,19,0.017892644135188984,-1.348468795487633,0.0056306785,8
ridge_conditional_industry_ablation,train,20180202,20,-0.06581121303219081,-1.3162242606438161,1,19,0.048214285714285765,-1.3644385463581017,0.0056820093,9
ridge_conditional_industry_ablation,train,20180205,20,-0.018979195309542042,-0.3795839061908408,5,15,0.15865565583199892,-0.5382395620228397,0.0057710237,12
ridge_conditional_industry_ablation,train,20180206,20,0.016593250752162947,0.33186501504325894,13,7,0.44009718439484224,-0.10823216935158331,0.005728684,9
ridge_conditional_industry_ablation,train,20180207,20,0.05558028981289067,1.1116057962578134,19,1,1.115666709963397,-0.004060913705583702,0.0057284324,9
ridge_conditional_industry_ablation,train,20180208,20,0.05664137831410378,1.1328275662820755,20,0,1.1328275662820755,0.0,0.0057672556,10
ridge_conditional_industry_ablation,train,20180209,20,0.06464067879378822,1.2928135758757644,20,0,1.2928135758757644,0.0,0.005698934,10
ridge_conditional_industry_ablation,train,20180212,20,0.05933638510302375,1.186727702060475,20,0,1.186727702060475,0.0,0.0055667968,12
ridge_conditional_industry_ablation,train,20180213,20,0.06190541627462398,1.2381083254924796,20,0,1.2381083254924796,0.0,0.005476471,12
ridge_conditional_industry_ablation,train,20180214,20,0.0496934301048161,0.993868602096322,19,1,1.014869495751371,-0.02100089365504909,0.0055086073,11
ridge_conditional_industry_ablation,train,20180222,20,0.04837878341684795,0.967575668336959,17,3,1.0247800146576755,-0.05720434632071658,0.005605802,13
ridge_conditional_industry_ablation,train,20180223,20,0.045077385320834176,0.9015477064166835,19,1,0.9245538413860086,-0.02300613496932513,0.005699552,11
ridge_conditional_industry_ablation,train,20180226,20,0.028002156911352855,0.5600431382270571,16,4,0.621276585261721,-0.061233447034663935,0.005650384,14
ridge_conditional_industry_ablation,train,20180227,20,0.028646891140757448,0.5729378228151489,16,4,0.6719570613637658,-0.09901923854861683,0.0056634066,11
ridge_conditional_industry_ablation,train,20180228,20,0.030321036379013365,0.6064207275802673,16,4,0.6657959009630912,-0.05937517338282383,0.005667241,13
ridge_conditional_industry_ablation,train,20180301,20,0.021367829979290088,0.42735659958580174,16,4,0.48807883158795273,-0.06072223200215099,0.0055714156,13
ridge_conditional_industry_ablation,train,20180302,20,0.04034954796393042,0.8069909592786084,19,1,0.8077728201073808,-0.0007818608287724071,0.005592595,13
ridge_conditional_industry_ablation,train,20180305,20,0.05258022648479098,1.0516045296958196,20,0,1.0516045296958196,0.0,0.005580806,14
ridge_conditional_industry_ablation,train,20180306,20,0.04372242983127318,0.8744485966254637,19,1,0.8808932797618763,-0.0064446831364125545,0.0056078834,12
ridge_conditional_industry_ablation,train,20180307,20,0.048107644749419795,0.962152894988396,18,2,0.9775906791830258,-0.015437784194629822,0.0056892773,10
ridge_conditional_industry_ablation,train,20180308,20,0.006375223365353078,0.12750446730706155,11,9,0.28033027362495755,-0.152825806317896,0.005673292,11
ridge_conditional_industry_ablation,train,20180309,20,0.013277453861655436,0.2655490772331087,13,7,0.4063952625795686,-0.14084618534645987,0.005674721,14
ridge_conditional_industry_ablation,train,20180312,20,-0.013187214371592888,-0.26374428743185774,5,15,0.07034786159602269,-0.3340921490278804,0.0056320727,11
ridge_conditional_industry_ablation,train,20180313,20,0.010549526130999447,0.21099052261998896,11,9,0.4504282953536596,-0.23943777273367062,0.005596542,13
ridge_conditional_industry_ablation,train,20180314,20,0.030503212898233656,0.6100642579646731,16,4,0.7126208783365726,-0.1025566203718995,0.005660267,12
ridge_conditional_industry_ablation,train,20180315,20,0.024386692165075587,0.4877338433015117,15,5,0.5993965116784685,-0.11166266837695682,0.005604188,10
ridge_conditional_industry_ablation,train,20180316,20,-0.0499068292991125,-0.99813658598225,0,20,0.0,-0.99813658598225,0.0055787354,12
ridge_conditional_industry_ablation,train,20180319,20,-0.03754312892981608,-0.7508625785963216,4,16,0.11794826481704512,-0.8688108434133667,0.005547273,14
ridge_conditional_industry_ablation,train,20180320,20,-0.020312939339983772,-0.4062587867996754,5,15,0.2568987198537336,-0.663157506653409,0.0055776965,11
ridge_conditional_industry_ablation,train,20180321,20,-0.031158831766953377,-0.6231766353390675,4,16,0.06661230783507599,-0.6897889431741435,0.0055893846,14
ridge_conditional_industry_ablation,train,20180322,20,-0.00026259271627032124,-0.005251854325406424,7,13,0.2862224173293315,-0.29147427165473794,0.0056174602,13
ridge_conditional_industry_ablation,train,20180323,20,0.07213417998491954,1.4426835996983909,20,0,1.4426835996983909,0.0,0.005576926,12
ridge_conditional_industry_ablation,train,20180326,20,0.06538591061016431,1.3077182122032862,20,0,1.3077182122032862,0.0,0.005523472,10
ridge_conditional_industry_ablation,train,20180327,20,0.024380596124703873,0.4876119224940775,14,6,0.5570451271918857,-0.06943320469780823,0.0055702543,11
ridge_conditional_industry_ablation,train,20180328,20,0.022984321405535395,0.4596864281107079,13,7,0.5339500315359469,-0.07426360342523897,0.0056638303,11
ridge_conditional_industry_ablation,train,20180329,20,-0.0011400536891834402,-0.0228010737836688,7,13,0.255152949763656,-0.2779540235473248,0.0056783305,12
ridge_conditional_industry_ablation,train,20180330,20,0.005631977584384468,0.11263955168768935,10,10,0.344768100807594,-0.23212854911990466,0.0056695263,13
ridge_conditional_industry_ablation,train,20180402,20,0.011986196444124225,0.2397239288824845,13,7,0.2836491187120256,-0.04392518982954108,0.005673476,11
ridge_conditional_industry_ablation,train,20180403,20,0.007113760604591596,0.14227521209183192,9,11,0.30938698840183143,-0.16711177630999952,0.00602624,7
ridge_conditional_industry_ablation,train,20180404,20,0.01728426727728815,0.345685345545763,13,7,0.4580625041109945,-0.11237715856523145,0.006148445,11
ridge_conditional_industry_ablation,train,20180409,20,-0.010095714364506991,-0.20191428729013983,5,15,0.15658441431874603,-0.35849870160888586,0.0061030025,12
ridge_conditional_industry_ablation,train,20180410,20,-0.027810572770106012,-0.5562114554021202,2,18,0.07640120268290795,-0.6326126580850282,0.0061125956,9
ridge_conditional_industry_ablation,train,20180411,20,-0.03347585853387286,-0.6695171706774572,2,18,0.14297448534319024,-0.8124916560206474,0.0061437436,11
ridge_conditional_industry_ablation,train,20180412,20,-0.04036264599634363,-0.8072529199268725,1,19,0.024556616643929052,-0.8318095365708016,0.0060433717,13
ridge_conditional_industry_ablation,train,20180413,20,-0.03815913955673909,-0.7631827911347817,1,19,0.13405238828967647,-0.8972351794244582,0.0060123676,14
ridge_conditional_industry_ablation,train,20180416,20,-0.049294821727154416,-0.9858964345430883,2,18,0.013687102867937506,-0.9995835374110258,0.0059755747,14
ridge_conditional_industry_ablation,train,20180417,20,-0.006771671816631486,-0.13543343633262972,7,13,0.13114097070784392,-0.26657440704047364,0.0059851194,15
ridge_conditional_industry_ablation,train,20180418,20,0.0014575906679638873,0.029151813359277745,8,12,0.32446820182501335,-0.2953163884657356,0.006011534,10
ridge_conditional_industry_ablation,train,20180419,20,-0.013960071835127597,-0.27920143670255193,6,14,0.2508565155495328,-0.5300579522520847,0.0060966955,11
ridge_conditional_industry_ablation,train,20180420,20,0.00937296265198494,0.1874592530396988,10,10,0.469240537615641,-0.2817812845759422,0.0060718376,11
ridge_conditional_industry_ablation,train,20180423,20,0.0057613475289006455,0.11522695057801291,9,11,0.3595870449385785,-0.2443600943605656,0.0059774076,13
ridge_conditional_industry_ablation,train,20180424,20,0.002508024228935235,0.0501604845787047,9,11,0.3439729617490557,-0.29381247717035097,0.0060084956,14
ridge_conditional_industry_ablation,train,20180425,20,-0.009749378567960414,-0.1949875713592083,6,14,0.26384403928008493,-0.45883161063929323,0.005979056,13
ridge_conditional_industry_ablation,train,20180426,20,0.029268545763262148,0.585370915265243,16,4,0.7936934671194007,-0.2083225518541577,0.005941562,13
ridge_conditional_industry_ablation,train,20180427,20,0.03920937562745487,0.7841875125490974,19,1,0.7907234602615156,-0.006535947712418277,0.005923737,11
ridge_conditional_industry_ablation,train,20180502,20,0.052142684252907426,1.0428536850581485,20,0,1.0428536850581485,0.0,0.005926925,12
ridge_conditional_industry_ablation,train,20180503,20,0.06337470683588607,1.2674941367177215,20,0,1.2674941367177215,0.0,0.0059639276,10
ridge_conditional_industry_ablation,train,20180504,20,0.028183513652276615,0.5636702730455323,19,1,0.5636702730455323,0.0,0.0059756003,11
ridge_conditional_industry_ablation,train,20180507,20,0.0023606095769066527,0.04721219153813305,9,11,0.28570266670238076,-0.2384904751642477,0.005973407,11
ridge_conditional_industry_ablation,train,20180508,20,0.007246443260783969,0.14492886521567938,9,11,0.2969325242756635,-0.15200365905998414,0.0060494253,13
ridge_conditional_industry_ablation,train,20180509,20,0.0008399018682746729,0.016798037365493457,8,12,0.3616778746128433,-0.34487983724734983,0.0059308126,12
ridge_conditional_industry_ablation,train,20180510,20,-0.01809273209740218,-0.3618546419480436,8,12,0.13863535726322684,-0.5004899992112705,0.0058212345,15
ridge_conditional_industry_ablation,train,20180511,20,-0.006123529512731663,-0.12247059025463325,10,10,0.20024339062539176,-0.322713980880025,0.005819388,14
ridge_conditional_industry_ablation,train,20180514,20,0.020108823054401582,0.4021764610880316,17,3,0.4451632421614937,-0.0429867810734621,0.0058449106,13
ridge_conditional_industry_ablation,train,20180515,20,0.015911562177323646,0.3182312435464729,17,3,0.37029787615099363,-0.05206663260452071,0.0057915756,14
ridge_conditional_industry_ablation,train,20180516,20,0.014779145442062236,0.2955829088412447,16,4,0.33998825154028056,-0.044405342699035844,0.005890157,12
ridge_conditional_industry_ablation,train,20180517,20,0.02707622598931488,0.5415245197862976,18,2,0.611674158589187,-0.07014963880288938,0.005937722,11
ridge_conditional_industry_ablation,train,20180518,20,-0.009414550194932241,-0.18829100389864484,6,14,0.2069248874074341,-0.3952158913060789,0.005924112,13
ridge_conditional_industry_ablation,train,20180521,20,-0.024844852398940943,-0.49689704797881884,5,15,0.14679345937151012,-0.643690507350329,0.005941224,12
ridge_conditional_industry_ablation,train,20180522,20,-0.03889521438697682,-0.7779042877395365,2,18,0.04813338804017109,-0.8260376757797075,0.0058947867,15
ridge_conditional_industry_ablation,train,20180523,20,-0.06934102490607835,-1.386820498121567,0,20,0.0,-1.3868204981215673,0.00588252,14
ridge_conditional_industry_ablation,train,20180524,20,-0.06521913768752774,-1.3043827537505548,0,20,0.0,-1.3043827537505548,0.0058800266,13
ridge_conditional_industry_ablation,train,20180525,20,-0.05547546900801788,-1.1095093801603575,2,18,0.019149367799724315,-1.128658747960082,0.005912095,15
ridge_conditional_industry_ablation,train,20180528,20,-0.03227210269145314,-0.6454420538290628,2,18,0.14095475206749475,-0.7863968058965576,0.005912928,11
ridge_conditional_industry_ablation,train,20180529,20,-0.013699380596103877,-0.27398761192207755,5,15,0.14139884362485078,-0.4153864555469283,0.0060824035,12
ridge_conditional_industry_ablation,train,20180530,20,0.03080417111160035,0.616083422232007,17,3,0.6953064836920468,-0.07922306146003988,0.005916363,11
ridge_conditional_industry_ablation,train,20180531,20,0.011235643562288289,0.22471287124576578,10,10,0.4337014553640952,-0.20898858411832943,0.0060346564,11
ridge_conditional_industry_ablation,train,20180601,20,-0.0305316372459014,-0.610632744918028,3,17,0.03328615837696325,-0.6439189032949912,0.0060372446,11
ridge_conditional_industry_ablation,train,20180604,20,-0.030913234270023876,-0.6182646854004775,3,17,0.035864391292408815,-0.6541290766928863,0.0059662545,13
ridge_conditional_industry_ablation,train,20180605,20,-0.02163432176046154,-0.4326864352092308,5,15,0.12831028616893092,-0.5609967213781617,0.0060324073,14
ridge_conditional_industry_ablation,train,20180606,20,-0.04196997113198736,-0.8393994226397472,1,19,0.1776416539050536,-1.0170410765448008,0.0060302136,13
ridge_conditional_industry_ablation,train,20180607,20,-0.034981185770662886,-0.6996237154132577,2,18,0.39945292671058996,-1.0990766421238476,0.0060881814,12
ridge_conditional_industry_ablation,train,20180608,20,-0.03843377611401101,-0.7686755222802202,2,18,0.2950748765658793,-1.0637503988460995,0.006045059,14
ridge_conditional_industry_ablation,train,20180611,20,-0.11992165420838938,-2.3984330841677877,1,19,0.00593723494486853,-2.4043703191126564,0.006143085,14
ridge_conditional_industry_ablation,train,20180612,20,-0.13674204455266042,-2.7348408910532087,0,20,0.0,-2.7348408910532087,0.006126211,13
ridge_conditional_industry_ablation,train,20180613,20,-0.13072873419654957,-2.6145746839309916,0,20,0.0,-2.614574683930991,0.006029025,13
ridge_conditional_industry_ablation,train,20180614,20,-0.11102882937438437,-2.2205765874876873,0,20,0.0,-2.2205765874876873,0.0061328406,11
ridge_conditional_industry_ablation,train,20180615,20,-0.08027175390598026,-1.6054350781196052,0,20,0.0,-1.6054350781196052,0.006055797,10
ridge_conditional_industry_ablation,train,20180619,20,0.03608256146457165,0.721651229291433,20,0,0.721651229291433,0.0,0.0060778772,12
ridge_conditional_industry_ablation,train,20180620,20,0.018229985703508846,0.3645997140701769,14,6,0.6080563396370384,-0.24345662556686154,0.005972328,10
ridge_conditional_industry_ablation,train,20180621,20,0.04369290262990707,0.8738580525981414,19,1,0.8925147690160518,-0.018656716417910335,0.005999929,11
ridge_conditional_industry_ablation,train,20180622,20,0.04746325714201598,0.9492651428403196,18,2,0.9773321150326184,-0.02806697219229881,0.006005791,12
ridge_conditional_industry_ablation,train,20180625,20,0.024825930401955833,0.4965186080391166,18,2,0.5430230768425317,-0.04650446880341508,0.005937828,13
ridge_conditional_industry_ablation,train,20180626,20,0.015442269371713491,0.3088453874342698,14,6,0.4325397454989883,-0.12369435806471851,0.0059244693,13
ridge_conditional_industry_ablation,train,20180627,20,0.02677425132881499,0.5354850265762998,11,9,0.6616960858723622,-0.12621105929606236,0.005892395,12
ridge_conditional_industry_ablation,train,20180628,20,-0.021062513474425736,-0.42125026948851474,2,18,0.05520990637269696,-0.4764601758612117,0.005795826,14
ridge_conditional_industry_ablation,train,20180629,20,-0.04209563307587759,-0.8419126615175518,0,20,0.0,-0.8419126615175518,0.0058356654,14
ridge_conditional_industry_ablation,train,20180702,20,-0.01425461278193349,-0.2850922556386698,6,14,0.09069410550253632,-0.3757863611412061,0.0058876993,13
ridge_conditional_industry_ablation,train,20180703,20,-0.027259160096893047,-0.545183201937861,1,19,0.008450704225352101,-0.5536339061632131,0.0058928644,14
ridge_conditional_industry_ablation,train,20180704,20,-0.028821903312592156,-0.5764380662518431,3,17,0.21222334373634388,-0.788661409988187,0.005907255,11
ridge_conditional_industry_ablation,train,20180705,20,0.01323498618633237,0.2646997237266474,16,4,0.4811822312117491,-0.21648250748510167,0.005918039,12
ridge_conditional_industry_ablation,train,20180706,20,0.016121683081205884,0.3224336616241177,15,5,0.47007322962153864,-0.14763956799742095,0.005938079,11
ridge_conditional_industry_ablation,train,20180709,20,0.008196000250297642,0.16392000500595283,13,7,0.3519659980538421,-0.18804599304788927,0.0059640086,13
ridge_conditional_industry_ablation,train,20180710,20,0.02795672589057127,0.5591345178114254,13,7,0.615931717210815,-0.05679719939938954,0.006011366,12
ridge_conditional_industry_ablation,train,20180711,20,0.056010302555961886,1.1202060511192378,20,0,1.1202060511192378,0.0,0.005996283,10
ridge_conditional_industry_ablation,train,20180712,20,0.027131719006465927,0.5426343801293185,13,7,0.6216130730464604,-0.07897869291714188,0.0060350667,12
ridge_conditional_industry_ablation,train,20180713,20,0.020673767179393045,0.41347534358786087,14,6,0.47593922960437096,-0.062463886016510095,0.0060362085,12
ridge_conditional_industry_ablation,train,20180716,20,0.025668429364265354,0.5133685872853071,17,3,0.5394518139503583,-0.02608322666505125,0.005985602,12
ridge_conditional_industry_ablation,train,20180717,20,0.030231430377926544,0.6046286075585309,19,1,0.6209672633327603,-0.016338655774229438,0.005936646,15
ridge_conditional_industry_ablation,train,20180718,20,0.05177428431481237,1.0354856862962474,19,1,1.0418551130478397,-0.006369426751592244,0.0057564992,13
ridge_conditional_industry_ablation,train,20180719,20,0.06964004449971575,1.392800889994315,20,0,1.392800889994315,0.0,0.005698265,15
ridge_conditional_industry_ablation,train,20180720,20,0.0779080271532567,1.5581605430651342,20,0,1.5581605430651342,0.0,0.0058208713,12
ridge_conditional_industry_ablation,train,20180723,20,0.04070141999271561,0.8140283998543122,15,5,0.8553880761141788,-0.041359676259866585,0.005963673,11
ridge_conditional_industry_ablation,train,20180724,20,0.015528006356815666,0.3105601271363133,14,6,0.4680320049392599,-0.15747187780294658,0.0059681972,13
ridge_conditional_industry_ablation,train,20180725,20,-0.009019571782023178,-0.18039143564046356,4,16,0.17121937874497184,-0.3516108143854354,0.0059206947,10
ridge_conditional_industry_ablation,train,20180726,20,-0.050166132668647334,-1.0033226533729467,3,17,0.20383569972256144,-1.2071583530955081,0.005808727,14
ridge_conditional_industry_ablation,train,20180727,20,-0.06542812521453213,-1.3085625042906426,1,19,0.07262021589793921,-1.3811827201885816,0.0057607302,13
ridge_conditional_industry_ablation,train,20180730,20,-0.07552941302617443,-1.5105882605234886,1,19,0.038735983690112,-1.5493242442136008,0.005789581,13
ridge_conditional_industry_ablation,train,20180731,20,-0.06171650486069339,-1.2343300972138678,1,19,0.061493411420205035,-1.2958235086340726,0.005773645,14
ridge_conditional_industry_ablation,train,20180801,20,-0.061003578802462585,-1.2200715760492518,1,19,0.009957325746799306,-1.230028901796051,0.0057715247,14
ridge_conditional_industry_ablation,train,20180802,20,0.007220310583087514,0.14440621166175027,13,7,0.38553264199779,-0.24112643033603975,0.0058649136,13
ridge_conditional_industry_ablation,train,20180803,20,0.028286774393805454,0.5657354878761091,15,5,0.6827468729048316,-0.11701138502872255,0.0058770636,14
ridge_conditional_industry_ablation,train,20180806,20,0.041629855414158125,0.8325971082831625,20,0,0.8325971082831625,0.0,0.005835361,15
ridge_conditional_industry_ablation,train,20180807,20,0.022791994477083778,0.45583988954167554,17,3,0.4587300629520801,-0.0028901734104045396,0.0059424597,13
ridge_conditional_industry_ablation,train,20180808,20,0.03661202467664716,0.7322404935329433,16,4,0.8249726872544119,-0.09273219372146857,0.005967665,14
ridge_conditional_industry_ablation,train,20180809,20,-0.00543894632706785,-0.10877892654135701,8,12,0.15173369037611462,-0.26051261691747163,0.005979128,15
ridge_conditional_industry_ablation,train,20180810,20,-0.020320408979724546,-0.40640817959449094,3,17,0.11840575285879407,-0.524813932453285,0.005932504,14
ridge_conditional_industry_ablation,train,20180813,20,-0.02447906745658132,-0.48958134913162643,2,18,0.09838954149299006,-0.5879708906246165,0.0059026093,15
ridge_conditional_industry_ablation,train,20180814,20,-0.027321347461247543,-0.5464269492249508,3,17,0.2067126643063828,-0.7531396135313336,0.005784416,12
ridge_conditional_industry_ablation,train,20180815,20,-0.00611551536743542,-0.1223103073487084,7,13,0.17450719705714346,-0.29681750440585186,0.005764256,12
ridge_conditional_industry_ablation,train,20180816,20,-0.013186009037472362,-0.26372018074944725,5,15,0.10645831975120412,-0.3701785005006514,0.005721503,14
ridge_conditional_industry_ablation,train,20180817,20,0.037042356010532254,0.740847120210645,16,4,0.8081302769304259,-0.06728315671978091,0.005708712,14
ridge_conditional_industry_ablation,train,20180820,20,0.027800598192818927,0.5560119638563785,16,4,0.5978405933669733,-0.04182862951059474,0.0058072507,9
ridge_conditional_industry_ablation,train,20180821,20,0.03709111142880497,0.7418222285760994,18,2,0.7753441369876242,-0.0335219084115248,0.0058857435,11
ridge_conditional_industry_ablation,train,20180822,20,0.039938586841461766,0.7987717368292353,20,0,0.7987717368292353,0.0,0.0058768475,11
ridge_conditional_industry_ablation,train,20180823,20,-0.0007026125182710785,-0.01405225036542157,9,11,0.2502276796547973,-0.2642799300202189,0.005872148,13
ridge_conditional_industry_ablation,train,20180824,20,-0.01815673092819332,-0.3631346185638664,3,17,0.10451800971967584,-0.46765262828354226,0.0057799784,12
ridge_conditional_industry_ablation,train,20180827,20,-0.04293611258802603,-0.8587222517605206,1,19,0.06882591093117396,-0.9275481626916946,0.00582604,12
ridge_conditional_industry_ablation,train,20180828,20,-0.024829412027327486,-0.4965882405465497,2,18,0.05341100505334073,-0.5499992455998904,0.005853775,11
ridge_conditional_industry_ablation,train,20180829,20,-0.027587565167593198,-0.551751303351864,2,18,0.06513017017919553,-0.6168814735310595,0.0058950176,12
ridge_conditional_industry_ablation,train,20180830,20,-0.01368348444510586,-0.2736696889021172,4,16,0.09313269803656188,-0.36680238693867906,0.0057800994,8
ridge_conditional_industry_ablation,train,20180831,20,0.0013309906453658372,0.026619812907316742,9,11,0.17332164751428758,-0.14670183460697084,0.005733629,12
ridge_conditional_industry_ablation,train,20180903,20,-0.009577657410525431,-0.19155314821050862,6,14,0.14221311456313246,-0.3337662627736411,0.00582007,10
ridge_conditional_industry_ablation,train,20180904,20,-0.014648014764595613,-0.29296029529191225,4,16,0.15870461764196442,-0.45166491293387667,0.0058144084,10
ridge_conditional_industry_ablation,train,20180905,20,-0.0019495343601150072,-0.038990687202300145,7,13,0.24118101278431836,-0.2801716999866185,0.005632103,15
ridge_conditional_industry_ablation,train,20180906,20,-0.0023727205038675927,-0.04745441007735185,8,12,0.14116140223641027,-0.18861581231376212,0.0057360483,16
ridge_conditional_industry_ablation,train,20180907,20,-0.021155714769767315,-0.4231142953953463,4,16,0.07423308730810052,-0.4973473827034468,0.005701636,17
ridge_conditional_industry_ablation,train,20180910,20,-0.005903885646814227,-0.11807771293628455,9,11,0.175745429659941,-0.29382314259622555,0.005653238,14
ridge_conditional_industry_ablation,train,20180911,20,0.011081498421169839,0.22162996842339677,11,9,0.3385260210898269,-0.1168960526664301,0.00564088,15
ridge_conditional_industry_ablation,train,20180912,20,0.004807948442939125,0.0961589688587825,10,10,0.2811045154344973,-0.18494554657571483,0.005735076,12
ridge_conditional_industry_ablation,train,20180913,20,-0.0034534031532896413,-0.06906806306579283,8,12,0.2703394320544499,-0.3394074951202427,0.0057553183,13
ridge_conditional_industry_ablation,train,20180914,20,0.02046450203478544,0.40929004069570885,17,3,0.4245508931754518,-0.015260852479742959,0.005713537,16
ridge_conditional_industry_ablation,train,20180917,20,0.04624582207348348,0.9249164414696697,19,1,0.9534312929548181,-0.02851485148514843,0.0056564757,16
ridge_conditional_industry_ablation,train,20180918,20,0.020071320923802222,0.40142641847604443,19,1,0.41203649805164133,-0.010610079575596898,0.00567355,13
ridge_conditional_industry_ablation,train,20180919,20,-0.0034302342851894986,-0.06860468570378997,7,13,0.12254987541793971,-0.19115456112172968,0.005789266,13
ridge_conditional_industry_ablation,train,20180920,20,0.023898533685624723,0.47797067371249446,12,8,0.5586628594354812,-0.08069218572298675,0.005794975,12
ridge_conditional_industry_ablation,train,20180921,20,-0.025210145256544147,-0.504202905130883,5,15,0.19097826483085711,-0.6951811699617401,0.0058711143,10
ridge_conditional_industry_ablation,train,20180925,20,-0.040478363655663874,-0.8095672731132775,2,18,0.031816081992077194,-0.8413833551053547,0.0058139972,12
ridge_conditional_industry_ablation,train,20180926,20,-0.02410941381275471,-0.4821882762550942,5,15,0.21400686176841766,-0.6961951380235119,0.0058460627,11
ridge_conditional_industry_ablation,train,20180927,20,-0.05879597247660175,-1.175919449532035,4,16,0.29819109966344204,-1.4741105491954771,0.005673507,10
ridge_conditional_industry_ablation,train,20180928,20,-0.08537604366533588,-1.7075208733067175,3,17,0.3114011093951543,-2.018921982701872,0.0057624485,9
ridge_conditional_industry_ablation,train,20181008,20,-0.0782609597762279,-1.5652191955245582,3,17,0.2670439089473424,-1.8322631044719007,0.005755786,11
ridge_conditional_industry_ablation,train,20181009,20,-0.11348503712998088,-2.2697007425996176,1,19,0.06159999999999988,-2.331300742599618,0.005781431,11
ridge_conditional_industry_ablation,train,20181010,20,-0.09742780323784705,-1.948556064756941,0,20,0.0,-1.9485560647569415,0.005749254,10
ridge_conditional_industry_ablation,train,20181011,20,-0.047642451979347154,-0.9528490395869431,3,17,0.12900841157406973,-1.0818574511610128,0.0058173127,13
ridge_conditional_industry_ablation,train,20181012,20,-0.02835370986436825,-0.567074197287365,7,13,0.22273502403833523,-0.7898092213257002,0.0057302997,11
ridge_conditional_industry_ablation,train,20181015,20,0.04073925022993678,0.8147850045987357,20,0,0.8147850045987357,0.0,0.005709045,12
ridge_conditional_industry_ablation,train,20181016,20,0.046252547850620024,0.9250509570124005,19,1,0.9700607417482128,-0.0450097847358123,0.005727191,7
ridge_conditional_industry_ablation,train,20181017,20,0.0879204388706458,1.7584087774129158,20,0,1.7584087774129158,0.0,0.0057922127,13
ridge_conditional_industry_ablation,train,20181018,20,0.1407994502223513,2.815989004447026,20,0,2.815989004447026,0.0,0.005812722,12
ridge_conditional_industry_ablation,train,20181019,20,0.07782494532860058,1.5564989065720116,19,1,1.577927478000583,-0.021428571428571352,0.005761733,13
ridge_conditional_industry_ablation,train,20181022,20,-0.0035731548159580904,-0.07146309631916181,7,13,0.2188419168518212,-0.290305013170983,0.0057134046,11
ridge_conditional_industry_ablation,train,20181023,20,0.01878796040552373,0.3757592081104746,16,4,0.4270394706409144,-0.051280262530439824,0.005614192,13
ridge_conditional_industry_ablation,train,20181024,20,0.06027003136339394,1.2054006272678788,20,0,1.2054006272678788,0.0,0.0055285012,12
ridge_conditional_industry_ablation,train,20181025,20,0.05626459698386146,1.1252919396772292,17,3,1.186376227307343,-0.061084287630113754,0.0054624313,13
ridge_conditional_industry_ablation,train,20181026,20,0.06424852007336172,1.2849704014672345,20,0,1.2849704014672345,0.0,0.0054676696,11
ridge_conditional_industry_ablation,train,20181029,20,0.09860441374649236,1.9720882749298472,20,0,1.9720882749298472,0.0,0.0054830397,10
ridge_conditional_industry_ablation,train,20181030,20,0.07902425571318264,1.5804851142636527,20,0,1.5804851142636527,0.0,0.005585385,9
ridge_conditional_industry_ablation,train,20181031,20,0.03151578653501996,0.6303157307003993,17,3,0.7097385703042343,-0.079422839603835,0.0056880843,8
ridge_conditional_industry_ablation,train,20181101,20,0.041894324798461516,0.8378864959692303,18,2,0.8427924648980938,-0.004905968928863524,0.005641545,12
ridge_conditional_industry_ablation,train,20181102,20,0.032755055090599956,0.6551011018119991,18,2,0.6714668873267209,-0.016365785514721787,0.005706322,14
ridge_conditional_industry_ablation,train,20181105,20,0.041535014986946034,0.8307002997389207,19,1,0.8425609372481868,-0.011860637509266136,0.00558287,11
ridge_conditional_industry_ablation,train,20181106,20,0.07916367011747302,1.5832734023494603,20,0,1.5832734023494603,0.0,0.005610632,13
ridge_conditional_industry_ablation,train,20181107,20,0.06916335071944457,1.3832670143888914,19,1,1.3832670143888914,0.0,0.0056213113,11
ridge_conditional_industry_ablation,train,20181108,20,0.07683855299302102,1.5367710598604203,20,0,1.5367710598604203,0.0,0.0054492513,9
ridge_conditional_industry_ablation,train,20181109,20,0.10703417091321739,2.1406834182643477,20,0,2.1406834182643477,0.0,0.005392715,10
ridge_conditional_industry_ablation,train,20181112,20,0.08489639167494714,1.697927833498943,20,0,1.697927833498943,0.0,0.0054544243,11
ridge_conditional_industry_ablation,train,20181113,20,0.029694475008597798,0.593889500171956,14,6,0.6816722580553696,-0.08778275788341361,0.0054775835,9
ridge_conditional_industry_ablation,train,20181114,20,0.04867354597127602,0.9734709194255203,18,2,1.016696967329712,-0.0432260479041916,0.0054480424,10
ridge_conditional_industry_ablation,train,20181115,20,0.013918305061007946,0.2783661012201589,11,9,0.357911421651834,-0.07954532043167506,0.00543805,11
ridge_conditional_industry_ablation,train,20181116,20,-0.031170512847812127,-0.6234102569562425,4,16,0.19487622967688112,-0.8182864866331236,0.0055374517,11
ridge_conditional_industry_ablation,train,20181119,20,-0.04781348001355801,-0.9562696002711601,2,18,0.05906179273252676,-1.015331393003687,0.0055266237,12
ridge_conditional_industry_ablation,train,20181120,20,0.003805620100483148,0.07611240200966296,10,10,0.26910250109998146,-0.1929900990903185,0.0056365347,10
ridge_conditional_industry_ablation,train,20181121,20,-0.019729625645407506,-0.3945925129081501,4,16,0.07202582407687652,-0.46661833698502664,0.0055269767,11
ridge_conditional_industry_ablation,train,20181122,20,-0.0468217228012824,-0.9364344560256479,3,17,0.08558799050828125,-1.0220224465339292,0.005489441,14
ridge_conditional_industry_ablation,train,20181123,20,0.027649810881686672,0.5529962176337334,17,3,0.6165173724710002,-0.06352115483726684,0.0054349005,10
ridge_conditional_industry_ablation,train,20181126,20,0.0504519986362034,1.009039972724068,20,0,1.009039972724068,0.0,0.0055205715,14
ridge_conditional_industry_ablation,train,20181127,20,0.05429426511080069,1.0858853022160138,19,1,1.0886439229056688,-0.0027586206896551557,0.005460192,10
ridge_conditional_industry_ablation,train,20181128,20,0.03893938344630768,0.7787876689261536,15,5,0.8327462236842096,-0.053958554758056,0.0055814926,12
ridge_conditional_industry_ablation,train,20181129,20,0.051519787271636266,1.0303957454327253,20,0,1.0303957454327253,0.0,0.0056184544,11
ridge_conditional_industry_ablation,train,20181130,20,0.012098172319050637,0.24196344638101275,13,7,0.39033864905573523,-0.14837520267472248,0.0055963797,12
ridge_conditional_industry_ablation,train,20181203,20,-0.011309365215043343,-0.22618730430086686,5,15,0.24404969431921542,-0.4702369986200823,0.00558371,13
ridge_conditional_industry_ablation,train,20181204,20,-0.0028542125050166067,-0.057084250100332135,7,13,0.2635945454854276,-0.32067879558575973,0.0055640372,13
ridge_conditional_industry_ablation,train,20181205,20,-0.01223624436961086,-0.2447248873922172,3,17,0.16342878274944805,-0.40815367014166526,0.0055089947,12
ridge_conditional_industry_ablation,train,20181206,20,0.009018961586747743,0.18037923173495485,13,7,0.33161457688008666,-0.15123534514513182,0.005537002,12
ridge_conditional_industry_ablation,train,20181207,20,0.0100407925113424,0.200815850226848,9,11,0.4206611172347938,-0.21984526700794582,0.005561805,11
ridge_conditional_industry_ablation,train,20181210,20,0.004568041736046402,0.09136083472092804,9,11,0.35657621007621687,-0.26521537535528883,0.0055535967,11
ridge_conditional_industry_ablation,train,20181211,20,-0.026126645746425183,-0.5225329149285036,3,17,0.07910689249040215,-0.6016398074189058,0.005574371,11
ridge_conditional_industry_ablation,train,20181212,20,-0.03981701118014032,-0.7963402236028064,1,19,0.009501187648456089,-0.8058414112512625,0.0056945365,11
ridge_conditional_industry_ablation,train,20181213,20,-0.03766588042492612,-0.7533176084985225,2,18,0.029727272727272602,-0.7830448812257951,0.0056900787,13
ridge_conditional_industry_ablation,train,20181214,20,-0.011547809027614186,-0.23095618055228373,8,12,0.09434412104779977,-0.3253003016000835,0.0056005227,12
ridge_conditional_industry_ablation,train,20181217,20,-0.004615751488573095,-0.09231502977146189,9,11,0.12345496772547304,-0.21576999749693493,0.005686232,13
ridge_conditional_industry_ablation,train,20181218,20,-0.01707175940738274,-0.34143518814765483,3,17,0.05885812590938211,-0.40029331405703694,0.0057705217,13
ridge_conditional_industry_ablation,train,20181219,20,0.022580773111824475,0.4516154622364895,9,11,0.6440920516514577,-0.19247658941496815,0.0056994623,11
ridge_conditional_industry_ablation,train,20181220,20,-0.020100003223096595,-0.4020000644619319,2,18,0.060744297719087514,-0.46274436218101944,0.0056547434,11
ridge_conditional_industry_ablation,train,20181221,20,-0.023011211567592803,-0.4602242313518561,1,19,0.03683492496589347,-0.49705915631774955,0.005688841,10
ridge_conditional_industry_ablation,train,20181224,20,-0.02245785881946565,-0.44915717638931296,1,19,0.02960969044414541,-0.47876686683345837,0.005601286,12
ridge_conditional_industry_ablation,train,20181225,20,-0.0015203134468115887,-0.030406268936231773,8,12,0.16874047880034904,-0.1991467477365808,0.0056447005,12
ridge_conditional_industry_ablation,train,20181226,20,0.00913275949081151,0.1826551898162302,12,8,0.26843733689725546,-0.08578214708102527,0.005682626,13
ridge_conditional_industry_ablation,train,20181227,20,0.06355639000727557,1.2711278001455115,20,0,1.2711278001455115,0.0,0.0057029147,14
ridge_conditional_industry_ablation,train,20181228,20,0.06167738280716138,1.2335476561432277,20,0,1.2335476561432277,0.0,0.005692185,11
ridge_conditional_industry_ablation,train,20190102,20,0.053816486981553134,1.0763297396310627,20,0,1.0763297396310627,0.0,0.005580989,13
ridge_conditional_industry_ablation,train,20190103,20,0.06657624512771385,1.331524902554277,20,0,1.331524902554277,0.0,0.0056257797,13
ridge_conditional_industry_ablation,train,20190104,20,0.026915232658291398,0.538304653165828,20,0,0.538304653165828,0.0,0.0055726687,13
ridge_conditional_industry_ablation,train,20190107,20,0.015184614952557685,0.3036922990511537,17,3,0.3167945007066415,-0.01310220165548781,0.005541385,13
ridge_conditional_industry_ablation,train,20190108,20,0.013745931167762099,0.274918623355242,15,5,0.31675016126116007,-0.04183153790591809,0.00554456,13
ridge_conditional_industry_ablation,train,20190109,20,0.010096209916280314,0.20192419832560626,15,5,0.24310034805100522,-0.04117614972539896,0.0055561317,12
ridge_conditional_industry_ablation,train,20190110,20,0.01755995139494241,0.35119902789884816,15,5,0.3951589826468651,-0.04395995474801695,0.005636954,13
ridge_conditional_industry_ablation,train,20190111,20,0.0007564826597302344,0.015129653194604686,8,12,0.15860789125660602,-0.14347823806200133,0.0056233965,10
ridge_conditional_industry_ablation,train,20190114,20,0.012651376362983052,0.25302752725966104,18,2,0.2805394652094231,-0.027511937949762033,0.005564215,11
ridge_conditional_industry_ablation,train,20190115,20,-0.014664326588645294,-0.29328653177290587,2,18,0.08078673729644859,-0.37407326906935445,0.0056136544,9
ridge_conditional_industry_ablation,train,20190116,20,-0.021863151293249984,-0.43726302586499965,2,18,0.05563814959846036,-0.49290117546346,0.0055853133,10
ridge_conditional_industry_ablation,train,20190117,20,0.007492799476800821,0.14985598953601642,8,12,0.33947785376407524,-0.18962186422805882,0.0056348974,13
ridge_conditional_industry_ablation,train,20190118,20,-0.010405619927975885,-0.2081123985595177,6,14,0.0608067004785211,-0.2689190990380388,0.0056586876,11
ridge_conditional_industry_ablation,train,20190121,20,-0.03090911553773667,-0.6181823107547334,2,18,0.017139836907278605,-0.635322147662012,0.00578407,11
ridge_conditional_industry_ablation,train,20190122,20,-0.04953858162200142,-0.9907716324400284,2,18,0.09172757562836553,-1.082499208068394,0.0057355175,11
ridge_conditional_industry_ablation,train,20190123,20,-0.06731253926333236,-1.3462507852666472,0,20,0.0,-1.3462507852666472,0.0057969755,13
ridge_conditional_industry_ablation,train,20190124,20,-0.10774740304307903,-2.1549480608615807,0,20,0.0,-2.1549480608615807,0.0057921098,8
ridge_conditional_industry_ablation,train,20190125,20,-0.06507468073385621,-1.301493614677124,0,20,0.0,-1.3014936146771237,0.005746505,10
ridge_conditional_industry_ablation,train,20190128,20,-0.01859130771060701,-0.37182615421214016,5,15,0.1176895545653851,-0.48951570877752526,0.00577784,10
ridge_conditional_industry_ablation,train,20190129,20,0.035362710341922635,0.7072542068384526,19,1,0.7072542068384526,0.0,0.0058210166,12
ridge_conditional_industry_ablation,train,20190130,20,0.06912798059156795,1.382559611831359,20,0,1.382559611831359,0.0,0.0058775684,11
ridge_conditional_industry_ablation,train,20190131,20,0.09951733640792004,1.9903467281584009,20,0,1.9903467281584009,0.0,0.0057540564,10
ridge_conditional_industry_ablation,train,20190201,20,0.07897649879719724,1.579529975943945,20,0,1.579529975943945,0.0,0.0058857035,10
ridge_conditional_industry_ablation,train,20190211,20,0.07714661092260783,1.5429322184521566,20,0,1.5429322184521566,0.0,0.0060127424,13
ridge_conditional_industry_ablation,train,20190212,20,0.053301527159636784,1.0660305431927357,20,0,1.0660305431927357,0.0,0.0059605157,12
ridge_conditional_industry_ablation,train,20190213,20,0.049255339276972045,0.9851067855394409,20,0,0.9851067855394409,0.0,0.0060530165,13
ridge_conditional_industry_ablation,train,20190214,20,0.04133944559016256,0.8267889118032512,20,0,0.8267889118032512,0.0,0.0059112897,11
ridge_conditional_industry_ablation,train,20190215,20,0.050144313173346756,1.002886263466935,19,1,1.0034570397226428,-0.0005707762557076723,0.005877846,13
ridge_conditional_industry_ablation,train,20190218,20,0.05654474047106902,1.1308948094213804,20,0,1.1308948094213804,0.0,0.0058795013,13
ridge_conditional_industry_ablation,train,20190219,20,0.060077091263771774,1.2015418252754355,20,0,1.2015418252754355,0.0,0.00589789,12
ridge_conditional_industry_ablation,train,20190220,20,0.05207110511281986,1.0414221022563972,20,0,1.0414221022563972,0.0,0.0058090715,11
ridge_conditional_industry_ablation,train,20190221,20,0.06942985204475603,1.3885970408951207,20,0,1.3885970408951207,0.0,0.005756438,11
ridge_conditional_industry_ablation,train,20190222,20,0.04442088690404479,0.8884177380808957,20,0,0.8884177380808957,0.0,0.005867173,13
ridge_conditional_industry_ablation,train,20190225,20,0.03541965640175978,0.7083931280351956,16,4,0.7217243558435538,-0.01333122780835816,0.0059508914,11
ridge_conditional_industry_ablation,train,20190226,20,0.0530648843286784,1.061297686573568,19,1,1.0626769969183956,-0.0013793103448276334,0.0060619144,14
ridge_conditional_industry_ablation,train,20190227,20,0.07487905272852127,1.4975810545704256,20,0,1.4975810545704256,0.0,0.0059934794,16
ridge_conditional_industry_ablation,train,20190228,20,0.08034156018381507,1.6068312036763013,20,0,1.6068312036763013,0.0,0.0059958333,14
ridge_conditional_industry_ablation,train,20190301,20,0.01870102596126918,0.3740205192253836,12,8,0.43199649356177217,-0.05797597433638857,0.0059168236,13
ridge_conditional_industry_ablation,train,20190304,20,0.051726131549940935,1.0345226309988187,19,1,1.0364420167953639,-0.0019193857965451588,0.0059927898,12
ridge_conditional_industry_ablation,train,20190305,20,0.04689022020738287,0.9378044041476574,20,0,0.9378044041476574,0.0,0.0060475506,10
ridge_conditional_industry_ablation,train,20190306,20,0.010464925323772167,0.20929850647544335,14,6,0.2752212225672437,-0.06592271609180034,0.005910271,13
ridge_conditional_industry_ablation,train,20190307,20,-0.024829176689446137,-0.4965835337889227,5,15,0.03327256144795854,-0.5298560952368813,0.0058679376,11
ridge_conditional_industry_ablation,train,20190308,20,0.043741993529416746,0.8748398705883349,19,1,0.8923129888679049,-0.017473118279569988,0.005896176,10
ridge_conditional_industry_ablation,train,20190311,20,0.022447634927376836,0.4489526985475367,15,5,0.5107349360089879,-0.06178223746145117,0.0059045153,13
ridge_conditional_industry_ablation,train,20190312,20,0.035525858793446816,0.7105171758689363,15,5,0.8371677330324812,-0.1266505571635449,0.0058789863,11
ridge_conditional_industry_ablation,train,20190313,20,0.04415104830773907,0.8830209661547813,18,2,0.9259282519433529,-0.042907285788571614,0.00587988,12
ridge_conditional_industry_ablation,train,20190314,20,0.06341538740719818,1.2683077481439637,20,0,1.2683077481439637,0.0,0.0059296396,12
ridge_conditional_industry_ablation,train,20190315,20,0.050453090107135855,1.0090618021427171,19,1,1.0277617130955221,-0.0186999109528051,0.0059025413,12
ridge_conditional_industry_ablation,train,20190318,20,0.02211604323820353,0.4423208647640706,15,5,0.5238742593213557,-0.08155339455728505,0.0059130993,11
ridge_conditional_industry_ablation,train,20190319,20,0.007338403083288325,0.1467680616657665,6,14,0.6107907705203377,-0.4640227088545712,0.0058625885,11
ridge_conditional_industry_ablation,train,20190320,20,0.010744231410893357,0.21488462821786714,7,13,0.6274769058575331,-0.412592277639666,0.005871427,10
ridge_conditional_industry_ablation,train,20190321,20,-0.01683621441451173,-0.3367242882902346,5,15,0.4006024226525373,-0.7373267109427719,0.0057623754,11
ridge_conditional_industry_ablation,train,20190322,20,0.005851991106345139,0.11703982212690278,7,13,0.39622742881729667,-0.2791876066903939,0.0058950344,13
ridge_conditional_industry_ablation,train,20190325,20,0.02476553827484202,0.4953107654968404,14,6,0.6136751368156586,-0.11836437131881816,0.005874952,11
ridge_conditional_industry_ablation,train,20190326,20,0.05978981263328296,1.1957962526656591,19,1,1.2100997352527236,-0.014303482587064598,0.0058314833,11
ridge_conditional_industry_ablation,train,20190327,20,0.062188603627845784,1.2437720725569157,20,0,1.2437720725569157,0.0,0.0058155963,11
ridge_conditional_industry_ablation,train,20190328,20,0.08083809160858814,1.6167618321717627,20,0,1.6167618321717627,0.0,0.0058232276,10
ridge_conditional_industry_ablation,train,20190329,20,0.06356271129576777,1.2712542259153554,20,0,1.2712542259153554,0.0,0.0059104576,11
ridge_conditional_industry_ablation,train,20190401,20,0.031520222025977804,0.6304044405195561,19,1,0.6317539681848732,-0.0013495276653170407,0.005968056,12
ridge_conditional_industry_ablation,train,20190402,20,0.04141332752588884,0.8282665505177768,18,2,0.8379772466911286,-0.009710696173351852,0.0059488025,11
ridge_conditional_industry_ablation,train,20190403,20,0.00964987220356649,0.1929974440713298,8,12,0.48009143957759215,-0.28709399550626236,0.005861149,9
ridge_conditional_industry_ablation,train,20190404,20,0.008220115855499916,0.1644023171099983,13,7,0.34217544951391843,-0.17777313240392012,0.0059422376,12
ridge_conditional_industry_ablation,train,20190408,20,0.01784027978161304,0.3568055956322608,9,11,0.6085372953621935,-0.2517316997299327,0.005878575,12
ridge_conditional_industry_ablation,train,20190409,20,0.02870774838773028,0.5741549677546056,10,10,0.7428931724317831,-0.16873820467717748,0.005777267,11
ridge_conditional_industry_ablation,train,20190410,20,0.03232721449941812,0.6465442899883623,13,7,0.6965080690309366,-0.04996377904257432,0.0057777474,13
ridge_conditional_industry_ablation,train,20190411,20,0.02566362253804989,0.5132724507609978,16,4,0.5485818691120214,-0.035309418351023636,0.005776503,12
ridge_conditional_industry_ablation,train,20190412,20,0.02610785893450015,0.522157178690003,18,2,0.5399563720839289,-0.017799193393925883,0.005746075,15
ridge_conditional_industry_ablation,train,20190415,20,0.027796220497008396,0.5559244099401679,18,2,0.585701600425865,-0.029777190485697158,0.0057537723,12
ridge_conditional_industry_ablation,train,20190416,20,-0.018398180654311314,-0.36796361308622627,5,15,0.19328415293457857,-0.5612477660208048,0.0058028223,15
ridge_conditional_industry_ablation,train,20190417,20,-0.02793224121006437,-0.5586448242012874,2,18,0.06241456250353061,-0.621059386704818,0.0057256753,14
ridge_conditional_industry_ablation,train,20190418,20,-0.06216645709546369,-1.2433291419092738,0,20,0.0,-1.2433291419092738,0.0057449546,14
ridge_conditional_industry_ablation,train,20190419,20,-0.07518781161868177,-1.5037562323736353,1,19,0.05901639344262266,-1.5627726258162578,0.0058539864,11
ridge_conditional_industry_ablation,train,20190422,20,-0.10187345551846358,-2.0374691103692717,0,20,0.0,-2.0374691103692717,0.0058087343,12
ridge_conditional_industry_ablation,train,20190423,20,-0.0756633625513567,-1.5132672510271339,1,19,0.07761437908496727,-1.5908816301121012,0.005794803,12
ridge_conditional_industry_ablation,train,20190424,20,-0.14183947577078707,-2.836789515415741,0,20,0.0,-2.836789515415741,0.0058440254,10
ridge_conditional_industry_ablation,train,20190425,20,-0.08308556810451637,-1.6617113620903274,1,19,0.06692307692307686,-1.7286344390134043,0.0058284546,8
ridge_conditional_industry_ablation,train,20190426,20,-0.07029000473414705,-1.405800094682941,0,20,0.0,-1.4058000946829408,0.0058269957,12
ridge_conditional_industry_ablation,train,20190429,20,-0.03452306788519734,-0.6904613577039468,1,19,0.015988372093023173,-0.70644972979697,0.0058479435,11
ridge_conditional_industry_ablation,train,20190430,20,0.007029907770304461,0.14059815540608922,8,12,0.34951764514118255,-0.20891948973509333,0.0058665713,11
ridge_conditional_industry_ablation,train,20190506,20,0.05297680620795549,1.0595361241591097,19,1,1.0868585285306944,-0.02732240437158473,0.005728608,11
ridge_conditional_industry_ablation,train,20190507,20,0.04976125970531215,0.995225194106243,18,2,1.007793500117172,-0.012568306010929065,0.0057494184,9
ridge_conditional_industry_ablation,train,20190508,20,0.05744148432374825,1.148829686474965,19,1,1.1761024137476923,-0.027272727272727226,0.0057277335,11
ridge_conditional_industry_ablation,train,20190509,20,0.04136875493813559,0.8273750987627118,19,1,0.8624452390432729,-0.0350701402805611,0.0057073566,9
ridge_conditional_industry_ablation,train,20190510,20,-0.017538255052925934,-0.35076510105851866,4,16,0.11080211125444195,-0.4615672123129606,0.005690229,9
ridge_conditional_industry_ablation,train,20190513,20,-0.008933798844619534,-0.17867597689239068,6,14,0.21631950147472456,-0.39499547836711524,0.0056608836,11
ridge_conditional_industry_ablation,train,20190514,20,-0.004242872667817504,-0.08485745335635009,7,13,0.1598400887065896,-0.2446975420629397,0.005721705,11
ridge_conditional_industry_ablation,train,20190515,20,-0.02571811610872664,-0.5143623221745328,4,16,0.06673486044239452,-0.5810971826169273,0.005730965,11
ridge_conditional_industry_ablation,train,20190516,20,-0.04832264618781111,-0.9664529237562223,3,17,0.03837186615035737,-1.0048247899065796,0.005772791,12
ridge_conditional_industry_ablation,train,20190517,20,-0.008562397945766192,-0.17124795891532385,8,12,0.1606515953606955,-0.33189955427601936,0.005645207,12
ridge_conditional_industry_ablation,train,20190520,20,0.020983146729215123,0.4196629345843025,17,3,0.4251593742571784,-0.005496439672875941,0.0057355333,9
ridge_conditional_industry_ablation,train,20190521,20,0.004092988869919839,0.08185977739839678,8,12,0.297686077502336,-0.21582630010393922,0.0057221605,12
ridge_conditional_industry_ablation,train,20190522,20,0.011008362750193474,0.22016725500386947,12,8,0.35240944779726635,-0.13224219279339688,0.005766003,12
ridge_conditional_industry_ablation,train,20190523,20,0.029290033625864076,0.5858006725172815,16,4,0.6250578284287818,-0.03925715591150025,0.005661725,12
ridge_conditional_industry_ablation,train,20190524,20,0.04376309014126656,0.8752618028253312,20,0,0.8752618028253312,0.0,0.005670991,11
ridge_conditional_industry_ablation,train,20190527,20,-0.011773497232616276,-0.2354699446523255,6,14,0.12475179385140334,-0.36022173850372885,0.0056533846,7
ridge_conditional_industry_ablation,train,20190528,20,-0.03495306156194865,-0.6990612312389729,0,20,0.0,-0.6990612312389729,0.0056857057,8
ridge_conditional_industry_ablation,train,20190529,20,-0.02889395022903814,-0.5778790045807628,0,20,0.0,-0.5778790045807628,0.005656212,11
ridge_conditional_industry_ablation,train,20190530,20,-0.061227055567352105,-1.2245411113470421,0,20,0.0,-1.2245411113470421,0.005680206,9
ridge_conditional_industry_ablation,train,20190531,20,-0.04689724195708576,-0.9379448391417151,0,20,0.0,-0.9379448391417151,0.0055917767,13
ridge_conditional_industry_ablation,train,20190603,20,0.008033272594500656,0.16066545189001313,14,6,0.2641015433799343,-0.10343609148992117,0.005641916,9
ridge_conditional_industry_ablation,train,20190604,20,0.007688987270657571,0.15377974541315143,13,7,0.24487901633582343,-0.091099270922672,0.0056338566,11
ridge_conditional_industry_ablation,train,20190605,20,0.029861054872703064,0.5972210974540613,18,2,0.6084183412094444,-0.011197243755383113,0.005660218,14
ridge_conditional_industry_ablation,train,20190606,20,0.0391372308594118,0.782744617188236,20,0,0.782744617188236,0.0,0.0056296894,11
ridge_conditional_industry_ablation,train,20190610,20,0.025762272764966655,0.5152454552993331,16,4,0.5584926520945248,-0.043247196795191734,0.0057203546,12
ridge_conditional_industry_ablation,train,20190611,20,-0.008313979017869167,-0.16627958035738333,8,12,0.12566380033206137,-0.2919433806894447,0.0056949807,11
ridge_conditional_industry_ablation,train,20190612,20,0.0016963559622175718,0.033927119244351434,10,10,0.17487753622386237,-0.14095041697951094,0.0056643155,11
ridge_conditional_industry_ablation,train,20190613,20,0.007061991781503296,0.14123983563006592,11,9,0.2529933642700999,-0.11175352864003396,0.0056564757,13
ridge_conditional_industry_ablation,train,20190614,20,0.06534154369994942,1.3068308739989885,20,0,1.3068308739989885,0.0,0.005654081,15
ridge_conditional_industry_ablation,train,20190617,20,0.04404678199965604,0.8809356399931207,20,0,0.8809356399931207,0.0,0.0056180176,11
ridge_conditional_industry_ablation,train,20190618,20,0.03509384492877803,0.7018768985755607,17,3,0.727339114957618,-0.025462216382057368,0.0055933716,13
ridge_conditional_industry_ablation,train,20190619,20,0.029658355609315228,0.5931671121863046,19,1,0.594780015412111,-0.001612903225806428,0.0057233693,14
ridge_conditional_industry_ablation,train,20190620,20,0.007675598571415298,0.15351197142830597,11,9,0.41703373155049417,-0.2635217601221882,0.005734696,12
ridge_conditional_industry_ablation,train,20190621,20,-0.019630688316223076,-0.39261376632446154,2,18,0.03793110069227468,-0.4305448670167362,0.005562861,13
ridge_conditional_industry_ablation,train,20190624,20,0.004740903117828804,0.09481806235657608,9,11,0.2305731626823273,-0.13575510032575122,0.005616144,15
ridge_conditional_industry_ablation,train,20190625,20,0.015283673356123994,0.3056734671224799,18,2,0.33412988419275824,-0.02845641707027835,0.0056117103,14
ridge_conditional_industry_ablation,train,20190626,20,0.003808843651641325,0.0761768730328265,9,11,0.1314828268902366,-0.055305953857410106,0.0055877236,12
ridge_conditional_industry_ablation,train,20190627,20,0.00842396844183108,0.16847936883662162,12,8,0.24859706468230525,-0.08011769584568362,0.0056732106,12
ridge_conditional_industry_ablation,train,20190628,20,0.008892568896798991,0.17785137793597983,14,6,0.1837312265132769,-0.005879848577297064,0.0057065464,10
ridge_conditional_industry_ablation,train,20190701,20,-0.022390526646051224,-0.44781053292102446,3,17,0.12193994873262382,-0.5697504816536483,0.0057676844,11
ridge_conditional_industry_ablation,train,20190702,20,-0.03928543089361298,-0.7857086178722595,1,19,0.004950495049504955,-0.7906591129217645,0.00580269,12
ridge_conditional_industry_ablation,train,20190703,20,-0.04849611477766043,-0.9699222955532085,1,19,0.017566688353936266,-0.9874889839071448,0.0057870997,13
ridge_conditional_industry_ablation,train,20190704,20,-0.03620326836844848,-0.7240653673689695,1,19,0.009209516500383819,-0.7332748838693534,0.005818776,12
ridge_conditional_industry_ablation,train,20190705,20,-0.031232105305007113,-0.6246421061001423,0,20,0.0,-0.6246421061001423,0.0058136405,10
ridge_conditional_industry_ablation,train,20190708,20,0.02121832571738857,0.4243665143477714,14,6,0.4833765846807234,-0.059010070332952025,0.0056499396,11
ridge_conditional_industry_ablation,train,20190709,20,0.023030365736790813,0.4606073147358163,15,5,0.4845840936456536,-0.023976778909837293,0.0057271877,12
ridge_conditional_industry_ablation,train,20190710,20,0.028920444299365196,0.5784088859873039,18,2,0.5924006389058203,-0.013991752918516398,0.005786827,13
ridge_conditional_industry_ablation,train,20190711,20,0.01496383333537627,0.2992766667075254,11,9,0.4161428979950794,-0.11686623128755402,0.005815083,11
ridge_conditional_industry_ablation,train,20190712,20,0.006697468756828018,0.13394937513656036,13,7,0.2487801312784268,-0.11483075614186644,0.005840159,12
ridge_conditional_industry_ablation,train,20190715,20,-0.03417031437048228,-0.6834062874096456,2,18,0.0410572680975414,-0.724463555507187,0.0057625687,13
ridge_conditional_industry_ablation,train,20190716,20,-0.019986394632668325,-0.3997278926533665,4,16,0.17649848364908372,-0.5762263763024502,0.005779621,12
ridge_conditional_industry_ablation,train,20190717,20,-0.013106849491012257,-0.26213698982024514,3,17,0.10757372629390494,-0.3697107161141501,0.0057653943,14
ridge_conditional_industry_ablation,train,20190718,20,-0.001998269283697929,-0.039965385673958576,7,13,0.18407571606928075,-0.22404110174323932,0.005682217,13
ridge_conditional_industry_ablation,train,20190719,20,-0.0065094286419688,-0.13018857283937602,6,14,0.16785395398828018,-0.2980425268276562,0.0057057766,9
ridge_conditional_industry_ablation,train,20190722,20,0.019993111224839766,0.3998622244967953,17,3,0.4227720561087931,-0.022909831611997777,0.005684416,10
ridge_conditional_industry_ablation,train,20190723,20,0.01737024217846188,0.3474048435692376,18,2,0.35941725620228215,-0.012012412633044534,0.0056980243,15
ridge_conditional_industry_ablation,train,20190724,20,-0.0020243304279008445,-0.04048660855801689,7,13,0.13154336280759837,-0.17202997136561526,0.005730757,16
ridge_conditional_industry_ablation,train,20190725,20,-0.005788248324862027,-0.11576496649724055,6,14,0.16043052648263867,-0.2761954929798792,0.005796394,13
ridge_conditional_industry_ablation,train,20190726,20,-0.02122504496687481,-0.42450089933749624,2,18,0.14550705772281658,-0.5700079570603128,0.0057923705,13
ridge_conditional_industry_ablation,train,20190729,20,-0.03795200130799632,-0.7590400261599265,2,18,0.0869436600779887,-0.8459836862379152,0.0057567083,13
ridge_conditional_industry_ablation,train,20190730,20,-0.07774757134401845,-1.554951426880369,1,19,0.041871921182266236,-1.5968233480626353,0.005874721,11
ridge_conditional_industry_ablation,train,20190731,20,-0.06619687931774723,-1.3239375863549445,0,20,0.0,-1.3239375863549445,0.005811223,11
ridge_conditional_industry_ablation,train,20190801,20,-0.04501207847986968,-0.9002415695973937,1,19,0.0044321329639887,-0.9046737025613824,0.005865277,14
ridge_conditional_industry_ablation,train,20190802,20,-0.043818597116020555,-0.8763719423204112,0,20,0.0,-0.8763719423204112,0.0058497125,11
ridge_conditional_industry_ablation,train,20190805,20,-0.014383872387148399,-0.287677447742968,3,17,0.0782985305491104,-0.3659759782920784,0.0057490626,11
ridge_conditional_industry_ablation,train,20190806,20,0.005055770013119248,0.10111540026238497,13,7,0.17145969139958916,-0.0703442911372042,0.0058159917,11
ridge_conditional_industry_ablation,train,20190807,20,0.013491234722672186,0.2698246944534437,14,6,0.32599457571124923,-0.05616988125780553,0.0057938746,12
ridge_conditional_industry_ablation,train,20190808,20,0.02299015732198807,0.4598031464397614,15,5,0.5108025356354784,-0.050999389195717004,0.005783428,12
ridge_conditional_industry_ablation,train,20190809,20,0.041330155478998355,0.8266031095799671,19,1,0.8416281513161941,-0.015025041736226985,0.005757778,13
ridge_conditional_industry_ablation,train,20190812,20,0.04431820391270049,0.8863640782540099,20,0,0.8863640782540099,0.0,0.005807998,11
ridge_conditional_industry_ablation,train,20190813,20,0.06415192398367012,1.2830384796734022,20,0,1.2830384796734022,0.0,0.005719765,10
ridge_conditional_industry_ablation,train,20190814,20,0.0481199037687313,0.962398075374626,20,0,0.962398075374626,0.0,0.005715489,11
ridge_conditional_industry_ablation,train,20190815,20,0.04616856199156737,0.9233712398313474,20,0,0.9233712398313474,0.0,0.005747489,11
ridge_conditional_industry_ablation,train,20190816,20,0.025507787306740422,0.5101557461348084,17,3,0.5465117802906541,-0.03635603415584565,0.0058192033,10
ridge_conditional_industry_ablation,train,20190819,20,-0.007408696517492675,-0.1481739303498535,6,14,0.061050702869311246,-0.20922463321916474,0.0058677937,12
ridge_conditional_industry_ablation,train,20190820,20,0.009853365408124676,0.19706730816249352,13,7,0.26473488554124547,-0.06766757737875195,0.005869965,12
ridge_conditional_industry_ablation,train,20190821,20,0.03844948363900518,0.7689896727801037,16,4,0.8180784299650814,-0.04908875718497774,0.0058663506,11
ridge_conditional_industry_ablation,train,20190822,20,0.01680589220965944,0.3361178441931888,14,6,0.3855469233651825,-0.049429079171993684,0.0057786065,11
ridge_conditional_industry_ablation,train,20190823,20,0.017444283450011182,0.34888566900022366,17,3,0.3800806860844441,-0.031195017084220455,0.0057896357,10
ridge_conditional_industry_ablation,train,20190826,20,0.021891672492857304,0.4378334498571461,17,3,0.45973386232968005,-0.021900412472533937,0.0058004726,13
ridge_conditional_industry_ablation,train,20190827,20,0.010614673314778184,0.21229346629556367,16,4,0.26710703080226295,-0.054813564506699275,0.0058573885,13
ridge_conditional_industry_ablation,train,20190828,20,0.0099069324556196,0.19813864911239198,13,7,0.2538592845757761,-0.05572063546338413,0.005837742,13
ridge_conditional_industry_ablation,train,20190829,20,0.0203039529881389,0.406079059762778,18,2,0.4185687963888123,-0.012489736626034253,0.0057932492,11
ridge_conditional_industry_ablation,train,20190830,20,0.04561362539206815,0.9122725078413629,20,0,0.9122725078413629,0.0,0.005792869,12
ridge_conditional_industry_ablation,train,20190902,20,0.03605329818132598,0.7210659636265195,19,1,0.7210659636265195,0.0,0.005758945,14
ridge_conditional_industry_ablation,train,20190903,20,0.04296814482791429,0.8593628965582858,20,0,0.8593628965582858,0.0,0.0058070375,12
ridge_conditional_industry_ablation,train,20190904,20,0.02167436474567159,0.43348729491343174,17,3,0.49465420070013644,-0.061166905786704695,0.0059529133,10
ridge_conditional_industry_ablation,train,20190905,20,0.022834540493352335,0.4566908098670467,17,3,0.49040236117718616,-0.033711551310139476,0.005915869,10
ridge_conditional_industry_ablation,train,20190906,20,0.01785850129020289,0.35717002580405777,16,4,0.38955914665084723,-0.032389120846789465,0.0059693307,11
ridge_conditional_industry_ablation,train,20190909,20,-0.016399928760370074,-0.3279985752074015,6,14,0.07566590159989306,-0.40366447680729456,0.0059769014,11
ridge_conditional_industry_ablation,train,20190910,20,0.002971058521683606,0.05942117043367212,7,13,0.34281976441254325,-0.2833985939788711,0.0060075093,11
ridge_conditional_industry_ablation,train,20190911,20,0.017891048226254664,0.35782096452509327,12,8,0.43820760419325633,-0.08038663966816306,0.00598549,11
ridge_conditional_industry_ablation,train,20190912,20,-0.002624353232386223,-0.05248706464772446,9,11,0.1945329755745735,-0.24702004022229795,0.005890895,12
ridge_conditional_industry_ablation,train,20190916,20,-0.0011497337209374515,-0.022994674418749028,6,14,0.33783088462423194,-0.36082555904298097,0.0059104213,12
ridge_conditional_industry_ablation,train,20190917,20,0.033487908651224564,0.6697581730244913,13,7,0.7311913191773061,-0.06143314615281481,0.005771079,11
ridge_conditional_industry_ablation,train,20190918,20,0.010859617520146848,0.21719235040293694,5,15,0.6680984098317262,-0.45090605942878925,0.0057839938,14
ridge_conditional_industry_ablation,train,20190919,20,-0.055117192756248864,-1.1023438551249773,0,20,0.0,-1.1023438551249776,0.0057488987,13
ridge_conditional_industry_ablation,train,20190920,20,-0.03721288056623491,-0.7442576113246983,2,18,0.035898957362041184,-0.7801565686867394,0.005878642,13
ridge_conditional_industry_ablation,train,20190923,20,-0.041403093369632646,-0.8280618673926529,1,19,0.00203252032520318,-0.830094387717856,0.005814571,14
ridge_conditional_industry_ablation,train,20190924,20,-0.03470492232221477,-0.6940984464442953,1,19,0.061135371179039444,-0.7552338176233347,0.005811647,14
ridge_conditional_industry_ablation,train,20190925,20,-0.008093049385088352,-0.16186098770176705,7,13,0.04918405131663306,-0.2110450390184001,0.0057525802,12
ridge_conditional_industry_ablation,train,20190926,20,0.029509107738788454,0.5901821547757691,18,2,0.692176270499862,-0.10199411572409289,0.0057396507,10
ridge_conditional_industry_ablation,train,20190927,20,0.007536250907109793,0.15072501814219585,15,5,0.29577795278250507,-0.14505293464030922,0.005705024,11
ridge_conditional_industry_ablation,train,20190930,20,0.03520774628787392,0.7041549257574784,18,2,0.8506195722221248,-0.1464646464646464,0.005724494,10
ridge_conditional_industry_ablation,train,20191008,20,0.014216431513759153,0.28432863027518307,15,5,0.5137701527421743,-0.22944152246699123,0.0057600504,11
ridge_conditional_industry_ablation,train,20191009,20,0.008645347692019922,0.17290695384039845,12,8,0.2545398964512877,-0.08163294261088927,0.005656932,13
ridge_conditional_industry_ablation,train,20191010,20,-0.0004939461301096126,-0.009878922602192253,6,14,0.2946204648136954,-0.30449938741588767,0.005797497,11
ridge_conditional_industry_ablation,train,20191011,20,-0.031566184387052866,-0.6313236877410573,3,17,0.05646479813146432,-0.6877884858725216,0.005837166,11
ridge_conditional_industry_ablation,train,20191014,20,-0.026196539841552714,-0.5239307968310543,5,15,0.09268975575781968,-0.6166205525888739,0.0058873463,12
ridge_conditional_industry_ablation,train,20191015,20,-0.008333196584159408,-0.16666393168318816,5,15,0.12424106826210823,-0.2909049999452964,0.0058972687,14
ridge_conditional_industry_ablation,train,20191016,20,0.00330446075447276,0.0660892150894552,5,15,0.2537561980322254,-0.18766698294277018,0.005847077,8
ridge_conditional_industry_ablation,train,20191017,20,0.007589524226134764,0.15179048452269528,7,13,0.26962958527883374,-0.11783910075613846,0.0058482117,10
ridge_conditional_industry_ablation,train,20191018,20,0.012727905938219259,0.25455811876438517,14,6,0.38515433614908057,-0.1305962173846954,0.0058546755,12
ridge_conditional_industry_ablation,train,20191021,20,0.033558840813812885,0.6711768162762577,18,2,0.6784627907753469,-0.007285974499089187,0.005859717,10
ridge_conditional_industry_ablation,train,20191022,20,0.005278862909032173,0.10557725818064345,9,11,0.22200561296764687,-0.11642835478700342,0.0056629693,8
ridge_conditional_industry_ablation,train,20191023,20,-0.012225682734291088,-0.24451365468582176,6,14,0.12246393681134826,-0.36697759149717,0.0057512457,10
ridge_conditional_industry_ablation,train,20191024,20,-0.005929344603256992,-0.11858689206513984,5,15,0.3161095858577101,-0.43469647792284993,0.0057115727,11
ridge_conditional_industry_ablation,train,20191025,20,0.00024887932333085284,0.004977586466617057,6,14,0.3404678699963597,-0.33549028352974264,0.005785144,12
ridge_conditional_industry_ablation,train,20191028,20,-0.009234535793828057,-0.18469071587656116,4,16,0.33106133952036787,-0.515752055396929,0.005793893,9
ridge_conditional_industry_ablation,train,20191029,20,-0.02168319650941904,-0.4336639301883808,3,17,0.06330069842871122,-0.496964628617092,0.0058714477,11
ridge_conditional_industry_ablation,train,20191030,20,-0.01747606827117661,-0.3495213654235322,2,18,0.09975269553124533,-0.4492740609547775,0.005835081,12
ridge_conditional_industry_ablation,train,20191031,20,-0.0049858172457132475,-0.09971634491426495,7,13,0.08003262251347998,-0.17974896742774493,0.0058537005,10
ridge_conditional_industry_ablation,train,20191101,20,-0.00451300359076518,-0.0902600718153036,3,17,0.2595497758856036,-0.3498098477009072,0.0058436496,9
ridge_conditional_industry_ablation,train,20191104,20,-0.01339846350567957,-0.2679692701135914,3,17,0.4934744559208075,-0.7614437260343989,0.005880772,10
ridge_conditional_industry_ablation,train,20191105,20,-0.016677052694341738,-0.33354105388683475,3,17,0.2872886147686948,-0.6208296686555296,0.005906224,12
ridge_conditional_industry_ablation,train,20191106,20,-0.005127866665698677,-0.10255733331397354,6,14,0.3575488276063232,-0.46010616092029677,0.0058643324,11
ridge_conditional_industry_ablation,train,20191107,20,-0.03094853437874274,-0.6189706875748547,1,19,0.09234234234234218,-0.7113130299171969,0.0059371316,11
ridge_conditional_industry_ablation,train,20191108,20,-0.03629033023522904,-0.7258066047045808,1,19,0.0921501706484642,-0.817956775353045,0.0059868987,11
ridge_conditional_industry_ablation,train,20191111,20,-0.01254068116084317,-0.2508136232168634,8,12,0.056205457664629366,-0.30701908088149277,0.0059259087,12
ridge_conditional_industry_ablation,train,20191112,20,0.004976059059763544,0.09952118119527087,13,7,0.17859406561298186,-0.07907288441771099,0.0058681844,13
ridge_conditional_industry_ablation,train,20191113,20,0.011092175960564022,0.22184351921128043,10,10,0.31726946591317184,-0.09542594670189142,0.0058553144,13
ridge_conditional_industry_ablation,train,20191114,20,0.023537855872629958,0.4707571174525992,13,7,0.5273128955040596,-0.05655577805146039,0.005961754,13
ridge_conditional_industry_ablation,train,20191115,20,0.04895326010107605,0.979065202021521,17,3,0.9873303076693212,-0.008265105647800142,0.0059779296,14
ridge_conditional_industry_ablation,train,20191118,20,0.01635254688585037,0.32705093771700744,11,9,0.4359626967369934,-0.10891175901998595,0.0059060333,11
ridge_conditional_industry_ablation,train,20191119,20,0.00999409838923307,0.19988196778466139,6,14,0.36513340195029986,-0.16525143416563848,0.0058927154,9
ridge_conditional_industry_ablation,train,20191120,20,0.010481496670688812,0.20962993341377623,11,9,0.28868898464636294,-0.07905905123258672,0.0059022377,11
ridge_conditional_industry_ablation,train,20191121,20,0.01754771491661263,0.35095429833225256,11,9,0.521627679357104,-0.1706733810248514,0.005887931,12
ridge_conditional_industry_ablation,train,20191122,20,0.004716337491884865,0.09432674983769729,8,12,0.23378544901136245,-0.13945869917366516,0.0057634274,9
ridge_conditional_industry_ablation,train,20191125,20,0.007991631415051003,0.15983262830102007,9,11,0.2385931989405059,-0.07876057063948583,0.0058358773,11
ridge_conditional_industry_ablation,train,20191126,20,0.012471753985269502,0.24943507970539003,15,5,0.32227839466502384,-0.07284331495963381,0.005855851,10
ridge_conditional_industry_ablation,train,20191127,20,0.017289357088410718,0.34578714176821435,19,1,0.3562913434488866,-0.010504201680672232,0.005823668,10
ridge_conditional_industry_ablation,train,20191128,20,0.027848382098437097,0.5569676419687419,20,0,0.5569676419687419,0.0,0.005779835,8
ridge_conditional_industry_ablation,train,20191129,20,0.035216757769262655,0.704335155385253,20,0,0.704335155385253,0.0,0.0057886783,6
ridge_conditional_industry_ablation,train,20191202,20,0.020194724675111325,0.4038944935022265,19,1,0.4702581298658628,-0.06636363636363629,0.005670247,10
ridge_conditional_industry_ablation,train,20191203,20,0.023214205254468063,0.46428410508936124,18,2,0.49719585454422455,-0.032911749454863304,0.0056972858,14
ridge_conditional_industry_ablation,train,20191204,20,0.013369786157113806,0.2673957231422761,16,4,0.32190700037679765,-0.05451127723452154,0.005664656,11
ridge_conditional_industry_ablation,train,20191205,20,0.021158275046617776,0.4231655009323555,11,9,0.4873587509115873,-0.06419324997923181,0.0056675067,14
ridge_conditional_industry_ablation,train,20191206,20,0.012278153226285277,0.24556306452570553,15,5,0.30440507943059236,-0.05884201490488683,0.0056363256,11
ridge_conditional_industry_ablation,train,20191209,20,0.022850004202760156,0.4570000840552031,18,2,0.4875213015212685,-0.030521217466065398,0.005748346,12
ridge_conditional_industry_ablation,train,20191210,20,0.031792620289916654,0.635852405798333,20,0,0.635852405798333,0.0,0.0057398602,11
ridge_conditional_industry_ablation,train,20191211,20,0.04794558629016427,0.9589117258032854,19,1,0.9596470199209324,-0.0007352941176469452,0.005850656,9
ridge_conditional_industry_ablation,train,20191212,20,0.06659926461826336,1.3319852923652673,20,0,1.3319852923652673,0.0,0.0058183945,10
ridge_conditional_industry_ablation,train,20191213,20,0.03639615053089566,0.7279230106179133,20,0,0.7279230106179133,0.0,0.0058298735,9
ridge_conditional_industry_ablation,train,20191216,20,-0.0016464748372855443,-0.032929496745710884,7,13,0.1411669913602409,-0.1740964881059518,0.0058293506,10
ridge_conditional_industry_ablation,train,20191217,20,0.008346210572536377,0.16692421145072756,11,9,0.2455365945501362,-0.07861238309940866,0.005867025,11
ridge_conditional_industry_ablation,train,20191218,20,0.014502342880736263,0.29004685761472526,12,8,0.4134955733530412,-0.12344871573831595,0.005808798,9
ridge_conditional_industry_ablation,train,20191219,20,0.0018621941005930454,0.03724388201186091,7,13,0.24243696082610788,-0.20519307881424698,0.0057396977,12
ridge_conditional_industry_ablation,train,20191220,20,0.015861552902392155,0.31723105804784313,12,8,0.42719654910702065,-0.10996549105917752,0.0056795143,14
ridge_conditional_industry_ablation,train,20191223,20,0.03491955793219479,0.6983911586438958,19,1,0.70137380506472,-0.002982646420824242,0.005726725,7
ridge_conditional_industry_ablation,train,20191224,20,0.02869461545841711,0.5738923091683422,18,2,0.6178016576102685,-0.04390934844192629,0.0055736676,11
ridge_conditional_industry_ablation,train,20191225,20,0.02998840565183285,0.599768113036657,18,2,0.6238209424432684,-0.024052829406611353,0.005629861,10
ridge_conditional_industry_ablation,train,20191226,20,0.026717523104274388,0.5343504620854878,19,1,0.5476375164944933,-0.013287054409005572,0.0057152556,11
ridge_conditional_industry_ablation,train,20191227,20,0.04421037654382946,0.8842075308765893,20,0,0.8842075308765893,0.0,0.005809443,12
ridge_conditional_industry_ablation,train,20191230,20,0.04159202918759593,0.8318405837519185,20,0,0.8318405837519185,0.0,0.00584329,10
ridge_conditional_industry_ablation,train,20191231,20,0.021008868669236687,0.4201773733847337,16,4,0.4661290769540518,-0.0459517035693181,0.005997492,9
ridge_conditional_industry_ablation,train,20200102,20,0.014665547995393902,0.29331095990787803,17,3,0.34800439460256016,-0.05469343469468213,0.0059303273,10
ridge_conditional_industry_ablation,train,20200103,20,0.01399607014855513,0.2799214029711026,15,5,0.3298968424264388,-0.049975439455336224,0.005942753,11
ridge_conditional_industry_ablation,train,20200106,20,0.008966484963293825,0.1793296992658765,13,7,0.2984309554112943,-0.11910125614541778,0.0060317568,11
ridge_conditional_industry_ablation,train,20200107,20,0.011866546083316564,0.2373309216663313,14,6,0.3610494156241446,-0.12371849395781331,0.005935042,10
ridge_conditional_industry_ablation,train,20200108,20,0.01289808956872287,0.2579617913744574,14,6,0.350629905278967,-0.09266811390450957,0.0058892844,11
ridge_conditional_industry_ablation,train,20200109,20,-0.00400246864383016,-0.08004937287660319,7,13,0.23193985602652445,-0.31198922890312764,0.005877645,12
ridge_conditional_industry_ablation,train,20200110,20,-0.009697418044691231,-0.1939483608938246,7,13,0.17787560747175024,-0.37182396836557485,0.005883829,11
ridge_conditional_industry_ablation,train,20200113,20,-0.013440045878348688,-0.2688009175669738,5,15,0.10971037800675454,-0.3785112955737283,0.005914125,12
ridge_conditional_industry_ablation,train,20200114,20,-0.013800414538113176,-0.2760082907622635,6,14,0.18447675324802426,-0.4604850440102878,0.005942512,12
ridge_conditional_industry_ablation,train,20200115,20,-0.021453319556381904,-0.4290663911276381,2,18,0.07782525140362151,-0.5068916425312596,0.0059683016,11
ridge_conditional_industry_ablation,train,20200116,20,-0.04793471792690167,-0.9586943585380333,0,20,0.0,-0.9586943585380333,0.0060357023,13
ridge_conditional_industry_ablation,train,20200117,20,-0.14054590998486574,-2.8109181996973147,0,20,0.0,-2.8109181996973143,0.006043321,9
ridge_conditional_industry_ablation,train,20200120,20,-0.1731752020702344,-3.463504041404688,0,20,0.0,-3.463504041404688,0.0060499287,12
ridge_conditional_industry_ablation,train,20200121,20,-0.13266169272664158,-2.653233854532832,0,20,0.0,-2.653233854532832,0.0060424833,13
ridge_conditional_industry_ablation,train,20200122,20,-0.10830941419050352,-2.1661882838100706,0,20,0.0,-2.1661882838100706,0.005946615,12
ridge_conditional_industry_ablation,train,20200123,20,0.01619496884219373,0.3238993768438746,14,6,0.4291116853732255,-0.10521230852935093,0.005933084,9
ridge_conditional_industry_ablation,train,20200203,20,0.1346431471098487,2.692862942196974,20,0,2.6928629421969736,0.0,0.005300085,12
ridge_conditional_industry_ablation,train,20200204,20,0.0793214128737183,1.586428257474366,20,0,1.586428257474366,0.0,0.0059753107,11
ridge_conditional_industry_ablation,train,20200205,20,0.058635894347548026,1.1727178869509605,20,0,1.1727178869509605,0.0,0.0059757596,11
ridge_conditional_industry_ablation,train,20200206,20,0.0293107492234309,0.586214984468618,18,2,0.6137694080936256,-0.027554423625007596,0.006041867,13
ridge_conditional_industry_ablation,train,20200207,20,0.02649880433405109,0.5299760866810218,19,1,0.5358069904711094,-0.005830903790087549,0.006093942,12
ridge_conditional_industry_ablation,train,20200210,20,0.03382462359639257,0.6764924719278514,19,1,0.6828618986794437,-0.006369426751592244,0.0061300765,13
ridge_conditional_industry_ablation,train,20200211,20,0.05351545246860714,1.0703090493721428,20,0,1.0703090493721428,0.0,0.005998271,12
ridge_conditional_industry_ablation,train,20200212,20,0.023413941047393895,0.46827882094787787,16,4,0.4845772967722537,-0.016298475824375824,0.005966991,13
ridge_conditional_industry_ablation,train,20200213,20,0.06582465504825932,1.3164931009651866,20,0,1.3164931009651866,0.0,0.0059683216,13
ridge_conditional_industry_ablation,train,20200214,20,0.06568404658834992,1.3136809317669984,20,0,1.3136809317669984,0.0,0.0059151975,10
ridge_conditional_industry_ablation,train,20200217,20,0.03206065389245658,0.6412130778491316,19,1,0.6412130778491316,0.0,0.006006465,11
ridge_conditional_industry_ablation,train,20200218,20,-0.0006783180400807221,-0.013566360801614441,10,10,0.15858439966558158,-0.17215076046719602,0.0060205082,12
ridge_conditional_industry_ablation,train,20200219,20,0.007179551851779042,0.14359103703558085,12,8,0.2502899552662259,-0.10669891823064503,0.00604428,13
ridge_conditional_industry_ablation,train,20200220,20,-0.008475991408605887,-0.16951982817211775,6,14,0.18003279631771685,-0.3495526244898346,0.005959024,11
ridge_conditional_industry_ablation,train,20200221,20,-0.06349058760167062,-1.2698117520334122,1,19,0.028011204481792618,-1.2978229565152053,0.0059707104,10
ridge_conditional_industry_ablation,train,20200224,20,-0.009800740417745979,-0.19601480835491958,6,14,0.09573716615914529,-0.29175197451406487,0.0060219853,9
ridge_conditional_industry_ablation,train,20200225,20,0.012099269329339524,0.24198538658679047,11,9,0.3775894745338728,-0.13560408794708234,0.006059198,10
ridge_conditional_industry_ablation,train,20200226,20,0.010319824276201494,0.2063964855240299,11,9,0.33013424850181217,-0.12373776297778227,0.0060338685,10
ridge_conditional_industry_ablation,train,20200227,20,0.053670934548478974,1.0734186909695795,19,1,1.0779998428020403,-0.0045811518324606615,0.006072237,10
ridge_conditional_industry_ablation,train,20200228,20,0.10353383990500373,2.0706767981000747,20,0,2.0706767981000747,0.0,0.0059353826,10
ridge_conditional_industry_ablation,train,20200302,20,0.02842999922442378,0.5685999844884756,14,6,0.6520216817125661,-0.08342169722409054,0.0059866877,10
ridge_conditional_industry_ablation,train,20200303,20,0.06148275816495567,1.2296551632991135,19,1,1.231154413673926,-0.0014992503748124664,0.005959695,10
ridge_conditional_industry_ablation,train,20200304,20,0.03097926670969554,0.6195853341939108,13,7,0.7778368281572987,-0.1582514939633879,0.0060555553,13
ridge_conditional_industry_ablation,train,20200305,20,-0.020660745790624345,-0.4132149158124869,4,16,0.1065840489783969,-0.5197989647908838,0.005943238,10
ridge_conditional_industry_ablation,train,20200306,20,-0.018711861073081155,-0.3742372214616231,5,15,0.17504763773265397,-0.549284859194277,0.0058715404,14
ridge_conditional_industry_ablation,train,20200309,20,-0.018647718983952687,-0.37295437967905376,7,13,0.10084058577188171,-0.47379496545093547,0.0057935733,12
ridge_conditional_industry_ablation,train,20200310,20,-0.06348888014504968,-1.2697776029009935,1,19,0.05518763796909498,-1.3249652408700885,0.0058054887,11
ridge_conditional_industry_ablation,train,20200311,20,-0.04528865935910377,-0.9057731871820754,3,17,0.23378255916317126,-1.1395557463452466,0.0057572713,12
ridge_conditional_industry_ablation,train,20200312,20,-0.0032713487705895105,-0.06542697541179021,9,11,0.41783452583736636,-0.48326150124915657,0.005766741,13
ridge_conditional_industry_ablation,train,20200313,20,-0.027442157826879393,-0.5488431565375879,2,18,0.19094686042925346,-0.7397900169668413,0.005800815,12
ridge_conditional_industry_ablation,train,20200316,20,-0.008629402556174264,-0.1725880511234853,6,14,0.2718987594197926,-0.4444868105432779,0.00577299,12
ridge_conditional_industry_ablation,train,20200317,20,0.0038588829677229375,0.07717765935445875,10,10,0.42455385455046324,-0.3473761951960045,0.0057804794,12
ridge_conditional_industry_ablation,train,20200318,20,0.04587807571589052,0.9175615143178104,20,0,0.9175615143178104,0.0,0.005800995,12
ridge_conditional_industry_ablation,train,20200319,20,0.010597639377722023,0.21195278755444047,13,7,0.34682166026044814,-0.13486887270600767,0.005814274,11
ridge_conditional_industry_ablation,train,20200320,20,0.007712192344620316,0.15424384689240633,13,7,0.31645810727356105,-0.16221426038115472,0.0057567633,13
ridge_conditional_industry_ablation,train,20200323,20,0.005442454027591898,0.10884908055183795,8,12,0.39487300348414656,-0.2860239229323086,0.0058170604,12
ridge_conditional_industry_ablation,train,20200324,20,-0.00993331106285722,-0.1986662212571444,5,15,0.368903618146567,-0.5675698394037114,0.005852363,12
ridge_conditional_industry_ablation,train,20200325,20,-0.03564286380932753,-0.7128572761865507,5,15,0.10469061353841091,-0.8175478897249616,0.005919379,12
ridge_conditional_industry_ablation,train,20200326,20,-0.030250927945144657,-0.6050185589028931,2,18,0.058114812189936416,-0.6631333710928295,0.005838525,13
ridge_conditional_industry_ablation,train,20200327,20,-0.017506309985767694,-0.35012619971535386,7,13,0.2944990123840041,-0.644625212099358,0.005846279,11
ridge_conditional_industry_ablation,train,20200330,20,0.02089933666059222,0.41798673321184443,16,4,0.49352247008508554,-0.07553573687324111,0.0058490587,13
ridge_conditional_industry_ablation,train,20200331,20,0.05119120160495394,1.0238240320990788,19,1,1.026021834296881,-0.002197802197802079,0.005933621,10
ridge_conditional_industry_ablation,train,20200401,20,0.060629093107420415,1.2125818621484084,20,0,1.2125818621484084,0.0,0.005861835,10
ridge_conditional_industry_ablation,train,20200402,20,0.027851738143184902,0.557034762863698,18,2,0.5595901291328633,-0.0025553662691653045,0.0058613056,11
ridge_conditional_industry_ablation,train,20200403,20,0.003998502688498534,0.07997005376997068,10,10,0.20327754027191713,-0.12330748650194645,0.0059699747,11
ridge_conditional_industry_ablation,train,20200407,20,0.015525260619893738,0.31050521239787476,13,7,0.38980890184315786,-0.0793036894452831,0.005964831,11
ridge_conditional_industry_ablation,train,20200408,20,-0.013028837001197512,-0.26057674002395026,5,15,0.2527642655130218,-0.513341005536972,0.005906399,13
ridge_conditional_industry_ablation,train,20200409,20,-0.016242555994873276,-0.3248511198974655,5,15,0.07775790492664747,-0.402609024824113,0.0058904267,11
ridge_conditional_industry_ablation,train,20200410,20,0.003045739897830768,0.06091479795661536,9,11,0.3445338004044469,-0.28361900244783156,0.005832568,9
ridge_conditional_industry_ablation,train,20200413,20,0.022838929882258753,0.45677859764517503,15,5,0.5896217983859537,-0.1328432007407787,0.005868312,11
ridge_conditional_industry_ablation,train,20200414,20,-0.006715572250983443,-0.13431144501966885,6,14,0.40409229384038836,-0.5384037388600572,0.005916228,13
ridge_conditional_industry_ablation,train,20200415,20,0.02311624704506704,0.4623249409013408,10,10,0.6836596997090463,-0.22133475880770548,0.005935858,9
ridge_conditional_industry_ablation,train,20200416,20,0.002611318126126122,0.05222636252252244,9,11,0.5860728772748609,-0.5338465147523385,0.005964565,9
ridge_conditional_industry_ablation,train,20200417,20,0.003595480282888336,0.07190960565776672,8,12,0.5515285777592482,-0.4796189721014815,0.00600914,9
ridge_conditional_industry_ablation,train,20200420,20,-0.03434722879641244,-0.6869445759282489,4,16,0.219066287592115,-0.9060108635203639,0.005945854,11
ridge_conditional_industry_ablation,train,20200421,20,-0.044876705484696175,-0.8975341096939236,3,17,0.16976700387240484,-1.0673011135663284,0.005972094,11
ridge_conditional_industry_ablation,train,20200422,20,-0.08636346615001018,-1.7272693230002036,1,19,0.01609363569861011,-1.743362958698814,0.005928167,12
ridge_conditional_industry_ablation,train,20200423,20,-0.06305403553935804,-1.2610807107871609,2,18,0.00993004975841938,-1.2710107605455803,0.0059024505,13
ridge_conditional_industry_ablation,train,20200424,20,-0.030291411400048835,-0.6058282280009767,6,14,0.16695701647208683,-0.7727852444730635,0.0058761574,13
ridge_conditional_industry_ablation,train,20200427,20,-0.0009120571523801247,-0.018241143047602493,9,11,0.355245511864559,-0.3734866549121615,0.0059115128,11
ridge_conditional_industry_ablation,train,20200428,20,0.048598039300013676,0.9719607860002736,18,2,1.0925865842122788,-0.12062579821200525,0.00593854,9
ridge_conditional_industry_ablation,train,20200429,20,0.0336034132473758,0.672068264947516,20,0,0.672068264947516,0.0,0.0058628153,11
ridge_conditional_industry_ablation,train,20200430,20,0.018326482881889296,0.3665296576377859,17,3,0.39111081721894525,-0.024581159581159362,0.0059640883,10
ridge_conditional_industry_ablation,train,20200506,20,0.009940370130945331,0.19880740261890661,10,10,0.3043042791319792,-0.1054968765130726,0.0060405964,10
ridge_conditional_industry_ablation,train,20200507,20,0.0017534744567344052,0.0350694891346881,8,12,0.23280119698245438,-0.19773170784776628,0.0059869452,13
ridge_conditional_industry_ablation,train,20200508,20,-0.0087850072995856,-0.17570014599171202,6,14,0.28488081636789664,-0.46058096235960866,0.0059956443,12
ridge_conditional_industry_ablation,train,20200511,20,-0.014810211158004922,-0.2962042231600984,5,15,0.09307177597378069,-0.3892759991338791,0.0059422976,13
ridge_conditional_industry_ablation,train,20200512,20,0.006776760415012184,0.13553520830024368,11,9,0.2851735428091482,-0.1496383345089045,0.0059735877,13
ridge_conditional_industry_ablation,train,20200513,20,-0.003446412550613459,-0.06892825101226918,7,13,0.21530027509956118,-0.28422852611183036,0.0059532807,10
ridge_conditional_industry_ablation,train,20200514,20,-0.0030737937906755884,-0.06147587581351177,10,10,0.2991371758883543,-0.3606130517018661,0.00593446,15
ridge_conditional_industry_ablation,train,20200515,20,0.009142682057929119,0.18285364115858238,9,11,0.5247534279297887,-0.34189978677120636,0.0059466977,14
ridge_conditional_industry_ablation,train,20200518,20,-0.004504089130081762,-0.09008178260163524,9,11,0.28899754664584165,-0.3790793292474769,0.0058344705,12
ridge_conditional_industry_ablation,train,20200519,20,0.0038775596598716157,0.07755119319743231,10,10,0.3644074898289109,-0.2868562966314786,0.005896582,11
ridge_conditional_industry_ablation,train,20200520,20,0.018595641653292562,0.3719128330658512,13,7,0.46050406711805536,-0.08859123405220415,0.005867514,15
ridge_conditional_industry_ablation,train,20200521,20,0.019565731830644466,0.39131463661288934,15,5,0.41923861568924625,-0.02792397907635691,0.005764228,16
ridge_conditional_industry_ablation,train,20200522,20,0.03839145574334809,0.7678291148669618,19,1,0.7678291148669618,0.0,0.005708713,13
ridge_conditional_industry_ablation,train,20200525,20,0.06130325078359931,1.2260650156719861,20,0,1.2260650156719861,0.0,0.0056843176,15
ridge_conditional_industry_ablation,train,20200526,20,0.05278123103372081,1.0556246206744162,20,0,1.0556246206744162,0.0,0.0055989893,14
ridge_conditional_industry_ablation,train,20200527,20,0.04353211022480952,0.8706422044961903,20,0,0.8706422044961903,0.0,0.0057118344,13
ridge_conditional_industry_ablation,train,20200528,20,0.053495294902105806,1.069905898042116,20,0,1.069905898042116,0.0,0.005679311,14
ridge_conditional_industry_ablation,train,20200529,20,0.03954997741221951,0.7909995482443901,19,1,0.7961808953946492,-0.005181347150259086,0.0057660406,13
ridge_conditional_industry_ablation,train,20200601,20,0.012451945870612907,0.24903891741225814,14,6,0.33568380380274987,-0.08664488639049173,0.005775257,11
ridge_conditional_industry_ablation,train,20200602,20,0.009628156714139646,0.19256313428279292,8,12,0.26972239984045365,-0.07715926555766073,0.0057770284,12
ridge_conditional_industry_ablation,train,20200603,20,-0.007364242689558764,-0.14728485379117529,7,13,0.09943686732938928,-0.24672172112056456,0.005751015,13
ridge_conditional_industry_ablation,train,20200604,20,0.001364023126295616,0.02728046252591232,8,12,0.21281966343403647,-0.18553920090812415,0.005757038,14
ridge_conditional_industry_ablation,train,20200605,20,0.00925653031281885,0.185130606256377,7,13,0.4042739801961899,-0.21914337393981287,0.0057881945,10
ridge_conditional_industry_ablation,train,20200608,20,-0.003142953197627296,-0.06285906395254592,7,13,0.1378320216550366,-0.20069108560758253,0.005815205,12
ridge_conditional_industry_ablation,train,20200609,20,0.007468795373403303,0.14937590746806606,11,9,0.2535968848469461,-0.10422097737888003,0.0058623436,11
ridge_conditional_industry_ablation,train,20200610,20,0.0020665081746777726,0.04133016349355545,11,9,0.33685226179761973,-0.2955220983040643,0.0059178397,12
ridge_conditional_industry_ablation,train,20200611,20,0.025455775409626246,0.5091155081925249,15,5,0.5404179702412557,-0.03130246204873077,0.0059427046,10
ridge_conditional_industry_ablation,train,20200612,20,0.017077521628873753,0.3415504325774751,15,5,0.3710125025985198,-0.02946207002104473,0.005956497,13
ridge_conditional_industry_ablation,train,20200615,20,0.01316373231834227,0.2632746463668454,10,10,0.3539570992048495,-0.09068245283800414,0.0058971466,12
ridge_conditional_industry_ablation,train,20200616,20,0.004950581181492319,0.09901162362984639,7,13,0.35838002983755324,-0.25936840620770685,0.005925672,15
ridge_conditional_industry_ablation,train,20200617,20,-0.015376345409202935,-0.3075269081840587,4,16,0.03734271649098364,-0.34486962467504234,0.0059526144,15
ridge_conditional_industry_ablation,train,20200618,20,-0.02604477356675979,-0.5208954713351958,2,18,0.04806211685406292,-0.5689575881892587,0.0060778265,13
ridge_conditional_industry_ablation,train,20200619,20,-0.0020219266362887676,-0.040438532725775356,5,15,0.26328088204430533,-0.3037194147700807,0.0060882745,12
ridge_conditional_industry_ablation,train,20200622,20,-0.00393628929707881,-0.0787257859415762,7,13,0.19057196661952136,-0.26929775256109756,0.006069254,11
ridge_conditional_industry_ablation,train,20200623,20,0.022835701395195453,0.456714027903909,16,4,0.5198433045386421,-0.06312927663473311,0.0060311365,8
ridge_conditional_industry_ablation,train,20200624,20,0.061067807019626816,1.2213561403925364,18,2,1.2611673796422056,-0.03981123924966923,0.006008799,10
ridge_conditional_industry_ablation,train,20200629,20,0.10527025535370145,2.105405107074029,20,0,2.105405107074029,0.0,0.0060835388,12
ridge_conditional_industry_ablation,train,20200630,20,0.09112060809453736,1.8224121618907472,20,0,1.8224121618907472,0.0,0.006131131,8
ridge_conditional_industry_ablation,train,20200701,20,0.08366644789501022,1.6733289579002044,19,1,1.7785921157949411,-0.10526315789473673,0.0061573717,10
ridge_conditional_industry_ablation,train,20200702,20,0.07212232937107595,1.4424465874215189,18,2,1.5295609249895767,-0.08711433756805798,0.0061842003,12
ridge_conditional_industry_ablation,train,20200703,20,0.04722181440723627,0.9444362881447255,19,1,0.9444362881447255,0.0,0.0062094005,12
ridge_conditional_industry_ablation,train,20200706,20,0.028471987652424043,0.5694397530484808,17,3,0.7100426971904448,-0.14060294414196395,0.0061535835,12
ridge_conditional_industry_ablation,train,20200707,20,0.03368870633259579,0.6737741266519158,16,4,0.8405366034143926,-0.1667624767624768,0.0062345983,9
ridge_conditional_industry_ablation,train,20200708,20,0.013426235712253931,0.2685247142450786,14,6,0.48530804509185477,-0.21678333084677615,0.006138599,10
ridge_conditional_industry_ablation,train,20200709,20,-0.03543807212499769,-0.7087614424999538,2,18,0.011522541804981135,-0.7202839843049349,0.0062444685,9
ridge_conditional_industry_ablation,train,20200710,20,-0.018885009869382886,-0.3777001973876577,6,14,0.12963327329356256,-0.5073334706812203,0.006209851,10
ridge_conditional_industry_ablation,train,20200713,20,-0.016536893829038318,-0.33073787658076637,8,12,0.2080004267313711,-0.5387383033121375,0.006190861,9
ridge_conditional_industry_ablation,train,20200714,20,-0.00791319044063522,-0.1582638088127044,6,14,0.19636764097080173,-0.35463144978350614,0.006143755,10
ridge_conditional_industry_ablation,train,20200715,20,0.0024188889589526253,0.048377779179052505,14,6,0.3276103715615444,-0.2792325923824919,0.0060191657,11
ridge_conditional_industry_ablation,train,20200716,20,0.030239573202352016,0.6047914640470403,16,4,0.7886942506802024,-0.18390278663316206,0.0058735134,12
ridge_conditional_industry_ablation,train,20200717,20,-0.014076456777247049,-0.28152913554494097,4,16,0.1570580304971061,-0.43858716604204706,0.005811618,12
ridge_conditional_industry_ablation,train,20200720,20,-0.039575991512458095,-0.791519830249162,1,19,0.06896551724137923,-0.8604853474905412,0.0059333607,14
ridge_conditional_industry_ablation,train,20200721,20,-0.025423021307863586,-0.5084604261572717,4,16,0.1664977148944229,-0.6749581410516946,0.0059293592,9
ridge_conditional_industry_ablation,train,20200722,20,-0.018533521935791875,-0.3706704387158375,9,11,0.11167256183434526,-0.48234300055018275,0.005985643,11
ridge_conditional_industry_ablation,train,20200723,20,-0.009239591592144108,-0.18479183184288217,10,10,0.2619657434603464,-0.44675757530322857,0.0061276034,10
ridge_conditional_industry_ablation,train,20200724,20,0.031561269355095324,0.6312253871019065,16,4,0.722900927346191,-0.09167554024428459,0.0060149236,13
ridge_conditional_industry_ablation,train,20200727,20,0.0766788359006734,1.5335767180134678,19,1,1.5335767180134678,0.0,0.0059393323,14
ridge_conditional_industry_ablation,train,20200728,20,0.06903441544856272,1.3806883089712543,18,2,1.3806883089712543,0.0,0.005975352,11
ridge_conditional_industry_ablation,train,20200729,20,0.06328033247523805,1.265606649504761,19,1,1.2704610184368,-0.004854368932038833,0.0060396353,11
ridge_conditional_industry_ablation,train,20200730,20,0.05744658791520638,1.1489317583041276,18,2,1.17408899100853,-0.0251572327044024,0.006051136,10
ridge_conditional_industry_ablation,train,20200731,20,7.651132625628998e-05,0.0015302265251257996,8,12,0.16446501621931198,-0.16293478969418618,0.006046781,12
ridge_conditional_industry_ablation,train,20200803,20,0.00520744038947975,0.10414880778959501,7,13,0.31442935090226243,-0.21028054311266742,0.0060508866,11
ridge_conditional_industry_ablation,train,20200804,20,-0.007817674195808477,-0.15635348391616954,5,15,0.11334967225990922,-0.26970315617607876,0.006095352,9
ridge_conditional_industry_ablation,train,20200805,20,-0.021414596212999282,-0.42829192425998563,3,17,0.1436948745862121,-0.5719867988461977,0.0059126033,13
ridge_conditional_industry_ablation,train,20200806,20,-0.001795853830840094,-0.03591707661680188,8,12,0.3152460287597476,-0.3511631053765495,0.005969012,11
ridge_conditional_industry_ablation,train,20200807,20,0.026926792257781745,0.5385358451556349,13,7,0.6817171240941984,-0.14318127893856347,0.0058871238,11
ridge_conditional_industry_ablation,train,20200810,20,0.026295665469103502,0.52591330938207,14,6,0.5883385760362854,-0.06242526665421533,0.005909838,10
ridge_conditional_industry_ablation,train,20200811,20,0.06392735857088114,1.2785471714176229,20,0,1.2785471714176229,0.0,0.005835052,9
ridge_conditional_industry_ablation,train,20200812,20,0.057477323788851786,1.1495464757770357,20,0,1.1495464757770357,0.0,0.005891399,12
ridge_conditional_industry_ablation,train,20200813,20,0.03726770829652069,0.7453541659304137,17,3,0.7691775167738002,-0.023823350843386493,0.0059141996,9
ridge_conditional_industry_ablation,train,20200814,20,0.0036084858636775685,0.07216971727355137,10,10,0.34023577107325176,-0.2680660537997004,0.0059697707,12
ridge_conditional_industry_ablation,train,20200817,20,0.0008432614442119846,0.01686522888423969,9,11,0.19681689427253346,-0.17995166538829377,0.0059536253,13
ridge_conditional_industry_ablation,train,20200818,20,0.008679169683634618,0.17358339367269238,11,9,0.301077766702319,-0.12749437302962663,0.0059945616,14
ridge_conditional_industry_ablation,train,20200819,20,0.010694097205717217,0.21388194411434436,11,9,0.38156634427027725,-0.1676844001559329,0.005875501,14
ridge_conditional_industry_ablation,train,20200820,20,0.03662760496911881,0.7325520993823762,14,6,0.799109866834794,-0.06655776745241782,0.005907449,12
ridge_conditional_industry_ablation,train,20200821,20,0.019004866380245483,0.38009732760490966,12,8,0.506582371543947,-0.12648504393903737,0.005879847,14
ridge_conditional_industry_ablation,train,20200824,20,0.001376691190574797,0.02753382381149594,8,12,0.17919428684538796,-0.15166046303389202,0.005934419,15
ridge_conditional_industry_ablation,train,20200825,20,0.012227869627246946,0.2445573925449389,14,6,0.2967910821299262,-0.05223368958498731,0.005914035,13
ridge_conditional_industry_ablation,train,20200826,20,0.03145974890702599,0.6291949781405198,19,1,0.6297411277855225,-0.0005461496450026582,0.005897631,12
ridge_conditional_industry_ablation,train,20200827,20,0.0029737841586820746,0.05947568317364149,9,11,0.19168489807741418,-0.1322092149037727,0.005775568,13
ridge_conditional_industry_ablation,train,20200828,20,0.004137025071827288,0.08274050143654577,13,7,0.24475664522248453,-0.16201614378593876,0.0058577983,14
ridge_conditional_industry_ablation,train,20200831,20,-0.004610546535177723,-0.09221093070355446,9,11,0.125692410229574,-0.21790334093312846,0.0058545177,15
ridge_conditional_industry_ablation,train,20200901,20,0.0015481732624840594,0.030963465249681188,8,12,0.3186776849581521,-0.2877142197084709,0.0058523295,16
ridge_conditional_industry_ablation,train,20200902,20,-0.019375573118926744,-0.38751146237853484,5,15,0.07179905092209493,-0.4593105133006298,0.005940015,15
ridge_conditional_industry_ablation,train,20200903,20,-0.0025778381445445363,-0.05155676289089073,5,15,0.4589186843185571,-0.5104754472094478,0.0059114946,13
ridge_conditional_industry_ablation,train,20200904,20,-0.02504975428102395,-0.500995085620479,5,15,0.23622572043880963,-0.7372208060592886,0.0058293776,12
ridge_conditional_industry_ablation,train,20200907,20,-0.0017946396297710055,-0.03589279259542011,7,13,0.3815437398123793,-0.41743653240779943,0.0058211293,13
ridge_conditional_industry_ablation,train,20200908,20,-0.02080555274688318,-0.41611105493766354,3,17,0.1510914901115772,-0.5672025450492407,0.0057577165,12
ridge_conditional_industry_ablation,train,20200909,20,-0.01837014276885725,-0.367402855377145,6,14,0.20888501837970286,-0.5762878737568479,0.005745688,14
ridge_conditional_industry_ablation,train,20200910,20,0.04010915301425773,0.8021830602851545,17,3,0.8320338065538111,-0.02985074626865658,0.0057090437,12
ridge_conditional_industry_ablation,train,20200911,20,0.015139346483500626,0.30278692967001253,14,6,0.392299867142464,-0.08951293747245148,0.005749732,13
ridge_conditional_industry_ablation,train,20200914,20,0.008258319948641967,0.16516639897283936,10,10,0.26495183744888373,-0.09978543847604437,0.0058123055,15
ridge_conditional_industry_ablation,train,20200915,20,-0.0022818939844404308,-0.045637879688808614,7,13,0.21813923323214102,-0.26377711292094963,0.005893902,15
ridge_conditional_industry_ablation,train,20200916,20,0.011710661499701925,0.23421322999403849,13,7,0.2924023093553847,-0.05818907936134621,0.005987894,13
ridge_conditional_industry_ablation,train,20200917,20,-0.017329382904217545,-0.3465876580843509,5,15,0.16239816192765533,-0.5089858200120062,0.0059016244,14
ridge_conditional_industry_ablation,train,20200918,20,-0.04284897383370494,-0.8569794766740988,2,18,0.05127447833065801,-0.9082539550047568,0.0059795445,12
ridge_conditional_industry_ablation,train,20200921,20,-0.04563884637325127,-0.9127769274650254,2,18,0.04854108455500383,-0.9613180120200292,0.0059273704,13
ridge_conditional_industry_ablation,train,20200922,20,-0.03812699055739181,-0.7625398111478363,2,18,0.03331665919205151,-0.7958564703398878,0.0058796117,13
ridge_conditional_industry_ablation,train,20200923,20,-0.048496473998886555,-0.9699294799777312,2,18,0.025014401316691748,-0.9949438812944229,0.005911895,13
ridge_conditional_industry_ablation,train,20200924,20,-0.005536545320845865,-0.1107309064169173,10,10,0.1593555548113159,-0.2700864612282332,0.00585849,13
ridge_conditional_industry_ablation,train,20200925,20,0.023097197665117076,0.4619439533023415,16,4,0.6210160835666156,-0.15907213026427414,0.005886232,12
ridge_conditional_industry_ablation,train,20200928,20,0.04904911897561492,0.9809823795122984,19,1,1.0215727854163574,-0.040590405904059046,0.0058202515,11
ridge_conditional_industry_ablation,train,20200929,20,0.04209081385859503,0.8418162771719007,20,0,0.8418162771719007,0.0,0.005787113,10
ridge_conditional_industry_ablation,train,20200930,20,0.04858301662954081,0.9716603325908162,18,2,1.0089510479637234,-0.03729071537290718,0.0058210203,12
ridge_conditional_industry_ablation,train,20201009,20,0.020230101262160627,0.40460202524321254,15,5,0.454580106185414,-0.049978080942201464,0.0058338,11
ridge_conditional_industry_ablation,train,20201012,20,-0.017722064954222676,-0.35444129908445354,4,16,0.08142869980948286,-0.4358699988939364,0.005919464,13
ridge_conditional_industry_ablation,train,20201013,20,-0.012988183936132469,-0.2597636787226494,5,15,0.018459212437514694,-0.2782228911601641,0.005937116,15
ridge_conditional_industry_ablation,train,20201014,20,-0.01114499231294575,-0.222899846258915,3,17,0.05631915173867208,-0.2792189979975871,0.005922058,13
ridge_conditional_industry_ablation,train,20201015,20,-0.001835611495870182,-0.03671222991740364,5,15,0.16495836916540774,-0.20167059908281137,0.0059384382,15
ridge_conditional_industry_ablation,train,20201016,20,-0.009192692691038461,-0.18385385382076924,5,15,0.19905766936211378,-0.382911523182883,0.005953101,15
ridge_conditional_industry_ablation,train,20201019,20,-0.007724634109812878,-0.15449268219625756,4,16,0.22007050991954213,-0.3745631921157997,0.0058865407,17
ridge_conditional_industry_ablation,train,20201020,20,-0.03690495519512137,-0.7380991039024273,3,17,0.022026862026861993,-0.7601259659292893,0.0058446405,15
ridge_conditional_industry_ablation,train,20201021,20,-0.028371575226982325,-0.5674315045396465,4,16,0.09911549498091543,-0.666546999520562,0.005780854,12
ridge_conditional_industry_ablation,train,20201022,20,-0.01452917175140207,-0.2905834350280414,5,15,0.12761323073754993,-0.41819666576559134,0.0058057136,13
ridge_conditional_industry_ablation,train,20201023,20,-0.03636148158480504,-0.7272296316961008,2,18,0.04855434448354767,-0.7757839761796484,0.0058168257,13
ridge_conditional_industry_ablation,train,20201026,20,-0.043783189534249714,-0.8756637906849943,1,19,0.03571428571428581,-0.9113780763992801,0.0058892863,15
ridge_conditional_industry_ablation,train,20201027,20,-0.020609241317695527,-0.4121848263539105,2,18,0.04508700649541586,-0.4572718328493264,0.0060305116,12
ridge_conditional_industry_ablation,train,20201028,20,-0.008450336660480989,-0.16900673320961979,6,14,0.1091423692407103,-0.2781491024503301,0.005964749,11
ridge_conditional_industry_ablation,train,20201029,20,-0.0029527833492603572,-0.059055666985207145,8,12,0.13889033774170145,-0.1979460047269086,0.005963679,12
ridge_conditional_industry_ablation,train,20201030,20,0.020796462478600397,0.41592924957200794,16,4,0.49750380219305246,-0.08157455262104452,0.005957133,11
ridge_conditional_industry_ablation,train,20201102,20,0.05654653602149471,1.1309307204298942,20,0,1.1309307204298942,0.0,0.0059429095,12
ridge_conditional_industry_ablation,train,20201103,20,0.022775223343646782,0.45550446687293566,17,3,0.4988099934631338,-0.04330552659019815,0.005927667,15
ridge_conditional_industry_ablation,train,20201104,20,0.0230197439844324,0.460394879688648,16,4,0.5209671872880903,-0.06057230759944232,0.005949287,11
ridge_conditional_industry_ablation,train,20201105,20,0.004138020007249638,0.08276040014499275,8,12,0.2613322953161028,-0.17857189517111005,0.005993356,13
ridge_conditional_industry_ablation,train,20201106,20,0.027553092162368464,0.5510618432473693,15,5,0.6320304825179055,-0.08096863927053621,0.006005694,16
ridge_conditional_industry_ablation,train,20201109,20,0.016606361274502983,0.3321272254900597,10,10,0.44413348985760637,-0.11200626436754668,0.0058861612,13
ridge_conditional_industry_ablation,train,20201110,20,0.03761147340319867,0.7522294680639734,12,8,0.8869175812076631,-0.13468811314368967,0.005927899,14
ridge_conditional_industry_ablation,train,20201111,20,0.015081302098590483,0.30162604197180964,15,5,0.39902254709474216,-0.09739650512293252,0.0058300323,16
ridge_conditional_industry_ablation,train,20201112,20,0.020615248165946655,0.41230496331893307,18,2,0.44111058867355735,-0.028805625354624276,0.0058447663,14
ridge_conditional_industry_ablation,train,20201113,20,0.02400756437676735,0.48015128753534697,18,2,0.4891749942276473,-0.009023706692300348,0.0057876827,14
ridge_conditional_industry_ablation,train,20201116,20,0.015859947377655857,0.31719894755311717,14,6,0.3931669375349218,-0.07596798998180465,0.005845817,13
ridge_conditional_industry_ablation,train,20201117,20,0.02274441683226831,0.4548883366453662,16,4,0.4788972914869376,-0.024008954841571395,0.005835728,15
ridge_conditional_industry_ablation,train,20201118,20,-0.00010652284123861544,-0.002130456824772309,8,12,0.25214757063795457,-0.2542780274627269,0.0057484484,14
ridge_conditional_industry_ablation,train,20201119,20,0.0034163618886123848,0.0683272377722477,9,11,0.3351989488798741,-0.2668717111076264,0.005842849,14
ridge_conditional_industry_ablation,train,20201120,20,0.004018369293365504,0.08036738586731007,9,11,0.25616302633100574,-0.17579564046369567,0.005876011,15
ridge_conditional_industry_ablation,train,20201123,20,0.00623465494440627,0.12469309888812541,9,11,0.3206346449484916,-0.19594154606036618,0.005944238,15
ridge_conditional_industry_ablation,train,20201124,20,0.011148222564739662,0.22296445129479325,12,8,0.33253494449089294,-0.10957049319609968,0.0059338645,12
ridge_conditional_industry_ablation,train,20201125,20,0.030015072855403734,0.6003014571080747,17,3,0.6276757914233426,-0.027374334315267923,0.0059185983,11
ridge_conditional_industry_ablation,train,20201126,20,0.01750619831002928,0.3501239662005856,16,4,0.40568560512965357,-0.05556163892906796,0.00589758,12
ridge_conditional_industry_ablation,train,20201127,20,0.008749685494015358,0.17499370988030716,13,7,0.22957822069518063,-0.05458451081487348,0.00581211,14
ridge_conditional_industry_ablation,train,20201130,20,0.018947357604489956,0.3789471520897991,13,7,0.42980639393523723,-0.05085924184543811,0.005853491,14
ridge_conditional_industry_ablation,train,20201201,20,-0.0012668140181431088,-0.025336280362862174,8,12,0.10326415757763985,-0.12860043794050202,0.0058166715,11
ridge_conditional_industry_ablation,train,20201202,20,-0.023392355168310935,-0.4678471033662187,3,17,0.07518745719360442,-0.5430345605598231,0.005914607,11
ridge_conditional_industry_ablation,train,20201203,20,-0.016762961572257533,-0.3352592314451507,5,15,0.1098737991472234,-0.4451330305923741,0.005897877,10
ridge_conditional_industry_ablation,train,20201204,20,-0.039832003564308396,-0.7966400712861679,4,16,0.07358888756632953,-0.8702289588524974,0.005938069,9
ridge_conditional_industry_ablation,train,20201207,20,-0.027762194320769658,-0.5552438864153931,6,14,0.07248450232318882,-0.6277283887385819,0.0059230807,13
ridge_conditional_industry_ablation,train,20201208,20,-0.04290243282040439,-0.8580486564080877,3,17,0.03257049175744631,-0.890619148165534,0.0058782715,13
ridge_conditional_industry_ablation,train,20201209,20,-0.05131255087862722,-1.0262510175725443,1,19,0.03398058252427183,-1.0602316000968162,0.005813111,13
ridge_conditional_industry_ablation,train,20201210,20,-0.05113522688242147,-1.0227045376484294,1,19,0.027272727272727337,-1.0499772649211567,0.0058971206,11
ridge_conditional_industry_ablation,train,20201211,20,-0.0358761711198931,-0.717523422397862,4,16,0.10382117544156277,-0.8213445978394248,0.0059084883,14
ridge_conditional_industry_ablation,train,20201214,20,-0.00920991384770145,-0.18419827695402902,7,13,0.32326581856888637,-0.5074640955229154,0.005957315,13
ridge_conditional_industry_ablation,train,20201215,20,-0.03055367669757879,-0.6110735339515758,2,18,0.07443994449007318,-0.685513478441649,0.005990602,13
ridge_conditional_industry_ablation,train,20201216,20,-0.008066628303738516,-0.1613325660747703,7,13,0.3726593859088432,-0.5339919519836135,0.005891587,12
ridge_conditional_industry_ablation,train,20201217,20,-0.04276612074940347,-0.8553224149880694,3,17,0.16930306329480915,-1.0246254782828785,0.005936114,13
ridge_conditional_industry_ablation,train,20201218,20,-0.020286358240988945,-0.4057271648197789,3,17,0.3306740852482375,-0.7364012500680164,0.006041395,13
ridge_conditional_industry_ablation,train,20201221,20,-0.05439890958974738,-1.0879781917949476,1,19,0.005333333333333412,-1.0933115251282812,0.0061044334,13
ridge_conditional_industry_ablation,train,20201222,20,-0.023131054251581507,-0.46262108503163013,5,15,0.11382673852600811,-0.5764478235576382,0.0060502044,14
ridge_conditional_industry_ablation,train,20201223,20,-0.021867440140750947,-0.437348802815019,4,16,0.10109051326032437,-0.5384393160753433,0.006065406,12
ridge_conditional_industry_ablation,train,20201224,20,0.027550794419233506,0.5510158883846701,17,3,0.697307680438801,-0.1462917920541309,0.0060133236,13
ridge_conditional_industry_ablation,train,20201225,20,0.011502645139502481,0.23005290279004964,10,10,0.39660901633103496,-0.16655611354098532,0.0059337486,13
ridge_conditional_industry_ablation,train,20201228,20,0.014800746931619035,0.2960149386323807,17,3,0.4089904980891712,-0.1129755594567905,0.005975615,13
ridge_conditional_industry_ablation,train,20201229,20,-0.00306090005350802,-0.0612180010701604,11,9,0.21917951396685376,-0.28039751503701416,0.006017561,14
ridge_conditional_industry_ablation,train,20201230,20,-0.05751853114739573,-1.1503706229479147,2,18,0.03006999030554458,-1.180440613253459,0.006040349,16
ridge_conditional_industry_ablation,train,20201231,20,-0.07795165654919582,-1.5590331309839165,2,18,0.03726892279521277,-1.5963020537791293,0.0060847113,14
ridge_conditional_industry_ablation,train,20210104,20,-0.10092540016702829,-2.018508003340566,1,19,0.04417607562737347,-2.0626840789679393,0.00609826,13
ridge_conditional_industry_ablation,train,20210105,20,-0.08597510219321029,-1.719502043864206,2,18,0.22244244759863618,-1.9419444914628419,0.0060897944,13
ridge_conditional_industry_ablation,train,20210106,20,-0.06914805227523314,-1.3829610455046628,2,18,0.2998108990888775,-1.6827719445935405,0.005991841,12
ridge_conditional_industry_ablation,train,20210107,20,-0.032812494425872626,-0.6562498885174525,2,18,0.2303214937526321,-0.8865713822700846,0.005971954,13
ridge_conditional_industry_ablation,train,20210108,20,-0.021801999042483006,-0.4360399808496601,5,15,0.057143332133572144,-0.49318331298323226,0.0060677025,13
ridge_conditional_industry_ablation,train,20210111,20,0.028565106399185934,0.5713021279837187,18,2,0.5950971631018693,-0.02379503511815062,0.006058103,12
ridge_conditional_industry_ablation,train,20210112,20,0.03632802539417408,0.7265605078834816,19,1,0.7265605078834816,0.0,0.006111255,12
ridge_conditional_industry_ablation,train,20210113,20,0.07087096244583323,1.4174192489166646,20,0,1.4174192489166646,0.0,0.0060569695,11
ridge_conditional_industry_ablation,train,20210114,20,0.0819219325881061,1.638438651762122,19,1,1.638438651762122,0.0,0.0060797436,13
ridge_conditional_industry_ablation,train,20210115,20,0.027754892010242303,0.5550978402048461,14,6,0.6402602539478057,-0.08516241374295963,0.006031952,12
ridge_conditional_industry_ablation,train,20210118,20,-0.016089681465385974,-0.3217936293077195,3,17,0.18459010172141377,-0.5063837310291333,0.005943159,12
ridge_conditional_industry_ablation,train,20210119,20,-0.01408379272761302,-0.2816758545522604,2,18,0.3774454477050415,-0.6591213022573019,0.0059458883,8
ridge_conditional_industry_ablation,train,20210120,20,-0.010267598072818995,-0.2053519614563799,4,16,0.4649412487626927,-0.6702932102190726,0.005904861,11
ridge_conditional_industry_ablation,train,20210121,20,-0.036994125914158224,-0.7398825182831644,2,18,0.12101061815537917,-0.8608931364385436,0.0059265806,10
ridge_conditional_industry_ablation,train,20210122,20,-0.051220786328435276,-1.0244157265687055,2,18,0.054026179742032276,-1.0784419063107378,0.006008369,9
ridge_conditional_industry_ablation,train,20210125,20,-0.026095121617781835,-0.5219024323556367,5,15,0.2762497305001934,-0.7981521628558301,0.006006673,11
ridge_conditional_industry_ablation,train,20210126,20,-0.027037749621546186,-0.5407549924309237,5,15,0.19497383646411248,-0.7357288288950362,0.0060229492,13
ridge_conditional_industry_ablation,train,20210127,20,-0.039783616117088645,-0.7956723223417729,2,18,0.07684464219503151,-0.8725169645368044,0.005999187,15
ridge_conditional_industry_ablation,train,20210128,20,-0.06302288613765139,-1.2604577227530278,0,20,0.0,-1.2604577227530278,0.0059456085,12
ridge_conditional_industry_ablation,train,20210129,20,-0.044749778000991336,-0.8949955600198267,2,18,0.021374069795767614,-0.9163696298155943,0.005910218,12
ridge_conditional_industry_ablation,train,20210201,20,-0.03067669386135044,-0.6135338772270088,2,18,0.234350450673944,-0.8478843279009528,0.0059539727,11
ridge_conditional_industry_ablation,train,20210202,20,-0.027387357765370674,-0.5477471553074135,1,19,0.06338028169014098,-0.6111274369975545,0.00602199,12
ridge_conditional_industry_ablation,train,20210203,20,-0.0007311768604437219,-0.014623537208874438,9,11,0.23663308783224624,-0.2512566250411207,0.006024316,12
ridge_conditional_industry_ablation,train,20210204,20,0.057164186058968156,1.1432837211793632,20,0,1.1432837211793632,0.0,0.0060947924,14
ridge_conditional_industry_ablation,train,20210205,20,0.09532747465811522,1.9065494931623046,20,0,1.9065494931623046,0.0,0.0060921237,12
ridge_conditional_industry_ablation,train,20210208,20,0.13236100526951228,2.6472201053902458,20,0,2.6472201053902467,0.0,0.0060858466,13
ridge_conditional_industry_ablation,train,20210209,20,0.11528025586305343,2.3056051172610688,20,0,2.305605117261069,0.0,0.0060696052,11
ridge_conditional_industry_ablation,train,20210210,20,0.09797559105403467,1.9595118210806934,20,0,1.9595118210806934,0.0,0.0060479874,13
ridge_conditional_industry_ablation,train,20210218,20,0.04489885012154818,0.8979770024309636,19,1,0.9077399034072537,-0.009762900976290179,0.0060932217,10
ridge_conditional_industry_ablation,train,20210219,20,0.00185510506354713,0.0371021012709426,9,11,0.22986163478359667,-0.19275953351265407,0.0060165697,10
ridge_conditional_industry_ablation,train,20210222,20,0.008320502127187745,0.1664100425437549,14,6,0.30588055225243815,-0.13947050970868324,0.005861871,12
ridge_conditional_industry_ablation,train,20210223,20,0.016226688046061116,0.3245337609212223,14,6,0.4044900464119163,-0.079956285490694,0.0059032654,11
ridge_conditional_industry_ablation,train,20210224,20,0.02777293887567724,0.5554587775135448,17,3,0.6094147724191312,-0.053955994905586446,0.005874086,13
ridge_conditional_industry_ablation,train,20210225,20,0.04799931506319631,0.9599863012639261,19,1,0.9959683102594283,-0.03598200899550219,0.0059204153,12
ridge_conditional_industry_ablation,train,20210226,20,0.0392507430578484,0.785014861156968,17,3,0.8774658668299953,-0.09245100567302733,0.005864304,13
ridge_conditional_industry_ablation,train,20210301,20,0.007163720147347846,0.14327440294695692,13,7,0.26332741128283965,-0.12005300833588273,0.0059407847,11
ridge_conditional_industry_ablation,train,20210302,20,-0.0024910339486851063,-0.049820678973702126,4,16,0.260328953515508,-0.3101496324892101,0.0059737517,12
ridge_conditional_industry_ablation,train,20210303,20,-0.03202494247897667,-0.6404988495795334,1,19,0.024447031431897637,-0.664945881011431,0.0060445913,9
ridge_conditional_industry_ablation,train,20210304,20,-0.013081542386363432,-0.26163084772726863,3,17,0.09495969017025918,-0.3565905378975278,0.005958521,12
ridge_conditional_industry_ablation,train,20210305,20,-0.0365863640587581,-0.731727281175162,2,18,0.07148972602739745,-0.8032170072025594,0.0060653365,11
ridge_conditional_industry_ablation,train,20210308,20,-0.027348289992189072,-0.5469657998437815,2,18,0.1495025494341502,-0.6964683492779317,0.005922818,9
ridge_conditional_industry_ablation,train,20210309,20,0.019540151218203673,0.39080302436407344,16,4,0.6007521649769743,-0.20994914061290082,0.0058604167,10
ridge_conditional_industry_ablation,train,20210310,20,0.05594577214796548,1.1189154429593096,19,1,1.2452890693329361,-0.12637362637362648,0.0058205216,10
ridge_conditional_industry_ablation,train,20210311,20,0.038034763835561744,0.7606952767112349,16,4,0.9254963020976512,-0.16480102538641628,0.0059042857,10
ridge_conditional_industry_ablation,train,20210312,20,0.0457686425363077,0.9153728507261539,19,1,0.9894103630657394,-0.07403751233958544,0.006094595,7
ridge_conditional_industry_ablation,train,20210315,20,0.06904035948301018,1.3808071896602037,20,0,1.3808071896602037,0.0,0.0060537662,12
ridge_conditional_industry_ablation,train,20210316,20,0.03862872404826215,0.772574480965243,18,2,0.7999875893993165,-0.02741310843407352,0.0058724345,12
ridge_conditional_industry_ablation,train,20210317,20,0.009275689617908135,0.18551379235816268,11,9,0.3297484645321449,-0.14423467217398223,0.005842532,12
ridge_conditional_industry_ablation,train,20210318,20,0.01882694382984885,0.37653887659697705,10,10,0.5984280341382688,-0.2218891575412918,0.005860432,11
ridge_conditional_industry_ablation,train,20210319,20,0.02939432049796666,0.5878864099593332,14,6,0.6884099891118278,-0.10052357915249466,0.0058520054,10
ridge_conditional_industry_ablation,train,20210322,20,0.011553379986036205,0.2310675997207241,8,12,0.5660874623028813,-0.3350198625821572,0.0058743637,11
ridge_conditional_industry_ablation,train,20210323,20,-0.01678866457058642,-0.3357732914117284,8,12,0.10260295112967843,-0.43837624254140684,0.0058824653,12
ridge_conditional_industry_ablation,train,20210324,20,0.002762096776705547,0.05524193553411094,7,13,0.23267102599990586,-0.17742909046579491,0.005855688,13
ridge_conditional_industry_ablation,train,20210325,20,-0.00476965646484982,-0.09539312929699639,9,11,0.1825686131312254,-0.2779617424282218,0.005781069,12
ridge_conditional_industry_ablation,train,20210326,20,0.009237846577715553,0.18475693155431105,11,9,0.35754699630870324,-0.17279006475439218,0.005924844,13
ridge_conditional_industry_ablation,train,20210329,20,0.02494534868177043,0.4989069736354086,16,4,0.5750228419820897,-0.07611586834668116,0.0059163747,12
ridge_conditional_industry_ablation,train,20210330,20,0.05394922732952019,1.0789845465904038,20,0,1.0789845465904038,0.0,0.006009315,8
ridge_conditional_industry_ablation,train,20210331,20,0.026871894463249092,0.5374378892649818,16,4,0.5848356392779663,-0.04739775001298452,0.00599873,11
ridge_conditional_industry_ablation,train,20210401,20,0.023778634029600666,0.4755726805920133,17,3,0.486725790117307,-0.011153109525293692,0.0060050273,11
ridge_conditional_industry_ablation,train,20210402,20,0.026573034454113475,0.5314606890822695,15,5,0.6550804195296518,-0.12361973044738228,0.0059498465,13
ridge_conditional_industry_ablation,train,20210406,20,-0.011918343001573083,-0.23836686003146168,4,16,0.09377599800585612,-0.3321428580373178,0.005796318,11
ridge_conditional_industry_ablation,train,20210407,20,-0.0019237773546820602,-0.038475547093641205,8,12,0.3476774737420951,-0.3861530208357363,0.005821958,13
ridge_conditional_industry_ablation,train,20210408,20,0.01950363550912737,0.3900727101825474,10,10,0.5337038076030971,-0.1436310974205497,0.005834315,12
ridge_conditional_industry_ablation,train,20210409,20,0.04281029071715134,0.8562058143430268,16,4,0.9044855090035744,-0.0482796946605476,0.0057433974,14
ridge_conditional_industry_ablation,train,20210412,20,0.052197942836155274,1.0439588567231055,20,0,1.0439588567231055,0.0,0.005787579,11
ridge_conditional_industry_ablation,train,20210413,20,0.05475787989107206,1.0951575978214412,19,1,1.1094206723063855,-0.01426307448494446,0.0057840785,12
ridge_conditional_industry_ablation,train,20210414,20,0.03354875878011925,0.6709751756023851,18,2,0.7123222393079995,-0.04134706370561447,0.0058533475,12
ridge_conditional_industry_ablation,train,20210415,20,0.041881309177817114,0.8376261835563423,17,3,0.8895961222758846,-0.05196993871954225,0.005698903,10
ridge_conditional_industry_ablation,train,20210416,20,0.018163766959975756,0.36327533919951516,7,13,0.7731134435532674,-0.40983810435375223,0.005729352,10
ridge_conditional_industry_ablation,train,20210419,20,0.01596068745395506,0.31921374907910116,5,15,0.8190047233468281,-0.4997909742677269,0.005727529,12
ridge_conditional_industry_ablation,train,20210420,20,-0.0331526983403088,-0.6630539668061761,3,17,0.02898720961472412,-0.6920411764209002,0.0056319847,12
ridge_conditional_industry_ablation,train,20210421,20,-0.027301112132056417,-0.5460222426411283,4,16,0.15284830490604517,-0.6988705475471735,0.0057535497,9
ridge_conditional_industry_ablation,train,20210422,20,-0.018637989480850402,-0.37275978961700806,6,14,0.128599712957856,-0.5013595025748641,0.0058789696,11
ridge_conditional_industry_ablation,train,20210423,20,-0.007707076640570698,-0.15414153281141396,6,14,0.20631842785773413,-0.3604599606691481,0.005829172,11
ridge_conditional_industry_ablation,train,20210426,20,-0.0012958684978439882,-0.025917369956879766,10,10,0.2663496231278428,-0.2922669930847226,0.0058500716,13
ridge_conditional_industry_ablation,train,20210427,20,0.0008987139837805802,0.017974279675611604,11,9,0.2834325040517931,-0.2654582243761815,0.005865104,13
ridge_conditional_industry_ablation,train,20210428,20,-0.002093691926011326,-0.041873838520226525,10,10,0.27365958066038876,-0.3155334191806153,0.005947753,13
ridge_conditional_industry_ablation,train,20210429,20,0.0002090082622298539,0.004180165244597078,9,11,0.22145883883666007,-0.217278673592063,0.0058650263,10
ridge_conditional_industry_ablation,train,20210430,20,0.027727999452598896,0.5545599890519779,17,3,0.5759635243735566,-0.02140353532157868,0.0058545126,13
ridge_conditional_industry_ablation,train,20210506,20,0.018032867868980968,0.36065735737961935,13,7,0.4648126055399435,-0.10415524816032418,0.0059052757,12
ridge_conditional_industry_ablation,train,20210507,20,0.03535254848868393,0.7070509697736787,20,0,0.7070509697736787,0.0,0.005936091,11
ridge_conditional_industry_ablation,train,20210510,20,0.02209524337030071,0.4419048674060142,18,2,0.46193403609828443,-0.020029168692270227,0.0058251033,14
ridge_conditional_industry_ablation,train,20210511,20,0.025139716256251908,0.5027943251250382,13,7,0.5481676930328812,-0.045373367907842965,0.00586891,13
ridge_conditional_industry_ablation,train,20210512,20,0.007605017926058277,0.15210035852116555,8,12,0.29736414516116527,-0.14526378663999973,0.005792274,12
ridge_conditional_industry_ablation,train,20210513,20,0.00016498838941463866,0.0032997677882927734,5,15,0.27780704565562364,-0.27450727786733087,0.005779545,10
ridge_conditional_industry_ablation,train,20210514,20,-0.015138088680787216,-0.3027617736157443,2,18,0.0854240075170305,-0.3881857811327748,0.0057893135,11
ridge_conditional_industry_ablation,train,20210517,20,0.0074339059737720484,0.14867811947544096,13,7,0.29525783854253573,-0.14657971906709477,0.005785843,9
ridge_conditional_industry_ablation,train,20210518,20,0.008237357168412812,0.16474714336825624,14,6,0.28189376193317384,-0.11714661856491759,0.0058953324,10
ridge_conditional_industry_ablation,train,20210519,20,0.012552343269261867,0.25104686538523735,17,3,0.3390099906573698,-0.08796312527213246,0.005864481,10
ridge_conditional_industry_ablation,train,20210520,20,0.03534053115437216,0.7068106230874432,17,3,0.7574022137442171,-0.05059159065677388,0.0059270207,12
ridge_conditional_industry_ablation,train,20210521,20,0.02112449215039745,0.422489843007949,17,3,0.4556920133646285,-0.033202170356679495,0.005889472,13
ridge_conditional_industry_ablation,train,20210524,20,0.022244108903614324,0.44488217807228647,17,3,0.4969601450734724,-0.05207796700118594,0.0058384603,12
ridge_conditional_industry_ablation,train,20210525,20,0.03378838319235934,0.6757676638471868,20,0,0.6757676638471868,0.0,0.0058825063,12
ridge_conditional_industry_ablation,train,20210526,20,0.013318511183126065,0.2663702236625213,14,6,0.349596328695843,-0.08322610503332173,0.0059643043,12
ridge_conditional_industry_ablation,train,20210527,20,0.007083504108591887,0.14167008217183774,12,8,0.24654781126294045,-0.10487772909110271,0.0059201443,12
ridge_conditional_industry_ablation,train,20210528,20,0.009153635390351095,0.1830727078070219,12,8,0.26630805647325695,-0.08323534866623505,0.0059231627,13
ridge_conditional_industry_ablation,train,20210531,20,0.010798425595343253,0.21596851190686506,11,9,0.30469155573263595,-0.0887230438257709,0.0059621055,12
ridge_conditional_industry_ablation,train,20210601,20,0.012431458647228315,0.24862917294456632,9,11,0.3845307496511623,-0.13590157670659597,0.0058618993,11
ridge_conditional_industry_ablation,train,20210602,20,0.014604154202965852,0.29208308405931704,15,5,0.35089569426539313,-0.05881261020607609,0.0058977255,10
ridge_conditional_industry_ablation,train,20210603,20,0.015715927500563952,0.31431855001127906,14,6,0.36440902640572403,-0.05009047639444497,0.005859496,10
ridge_conditional_industry_ablation,train,20210604,20,0.020271140035250556,0.40542280070501113,14,6,0.4516447037815656,-0.046221903076554494,0.0058848993,8
ridge_conditional_industry_ablation,train,20210607,20,0.02122048053470129,0.42440961069402583,9,11,0.6067379165887576,-0.1823283058947318,0.00587303,11
ridge_conditional_industry_ablation,train,20210608,20,-0.0015709580168269677,-0.031419160336539353,8,12,0.31733986460107144,-0.3487590249376108,0.0058342144,13
ridge_conditional_industry_ablation,train,20210609,20,-0.015836796206996222,-0.31673592413992446,4,16,0.14231413075906163,-0.4590500548989861,0.005818528,11
ridge_conditional_industry_ablation,train,20210610,20,-0.01283359342474653,-0.2566718684949306,5,15,0.21439031534432673,-0.47106218383925735,0.005880846,12
ridge_conditional_industry_ablation,train,20210611,20,-0.008815658179648245,-0.1763131635929649,5,15,0.1500282331206555,-0.3263413967136204,0.0058429455,15
ridge_conditional_industry_ablation,train,20210615,20,0.0070515241026943235,0.14103048205388646,12,8,0.21139643109512618,-0.07036594904123972,0.00578084,16
ridge_conditional_industry_ablation,train,20210616,20,0.020071443015738884,0.40142886031477765,16,4,0.42435214066862326,-0.02292328035384561,0.005770272,15
ridge_conditional_industry_ablation,train,20210617,20,0.01598568526717552,0.3197137053435104,17,3,0.34278451370843643,-0.023070808364926032,0.005869683,13
ridge_conditional_industry_ablation,train,20210618,20,0.0075035465348416265,0.15007093069683253,11,9,0.3290907549594988,-0.17901982426266627,0.0059518632,14
ridge_conditional_industry_ablation,train,20210621,20,0.001616592919250598,0.03233185838501196,11,9,0.1589371138997302,-0.12660525551471824,0.005939116,14
ridge_conditional_industry_ablation,train,20210622,20,-0.005863148145785907,-0.11726296291571814,5,15,0.15683549523606755,-0.2740984581517857,0.0059571057,12
ridge_conditional_industry_ablation,train,20210623,20,-0.009543599522625495,-0.1908719904525099,5,15,0.09192045675237859,-0.2827924472048885,0.005998059,11
ridge_conditional_industry_ablation,train,20210624,20,-0.021055142587224386,-0.4211028517444877,3,17,0.23252989625221088,-0.6536327479966986,0.0059203682,15
ridge_conditional_industry_ablation,train,20210625,20,-0.016505077742795155,-0.3301015548559031,3,17,0.09836232474744655,-0.42846387960334964,0.0059253024,12
ridge_conditional_industry_ablation,train,20210628,20,-0.015106680427187652,-0.30213360854375304,4,16,0.08102981008589616,-0.3831634186296492,0.0059993444,11
ridge_conditional_industry_ablation,train,20210629,20,0.012586273802179481,0.25172547604358964,11,9,0.36864563007098616,-0.11692015402739653,0.0058814376,12
ridge_conditional_industry_ablation,train,20210630,20,0.008139015795309868,0.16278031590619735,11,9,0.2595662400261489,-0.09678592411995157,0.005962516,12
ridge_conditional_industry_ablation,train,20210701,20,0.01235470852154973,0.24709417043099458,13,7,0.38326323093540604,-0.13616906050441147,0.00593019,11
ridge_conditional_industry_ablation,train,20210702,20,0.033198500855909426,0.6639700171181885,18,2,0.7449723678469142,-0.08100235072872575,0.005880379,12
ridge_conditional_industry_ablation,train,20210705,20,0.03095378050533985,0.619075610106797,15,5,0.6785663613844153,-0.05949075127761827,0.005871837,10
ridge_conditional_industry_ablation,train,20210706,20,0.025515556161462366,0.5103111232292473,15,5,0.6016819802925444,-0.09137085706329706,0.0059113335,10
ridge_conditional_industry_ablation,train,20210707,20,0.008891187973836024,0.17782375947672047,8,12,0.3838505197129056,-0.20602676023618516,0.005845157,14
ridge_conditional_industry_ablation,train,20210708,20,0.004981744894312345,0.09963489788624691,8,12,0.34107098715355644,-0.24143608926730953,0.005850398,14
ridge_conditional_industry_ablation,train,20210709,20,-0.013743439456711198,-0.27486878913422397,7,13,0.15402407191026324,-0.4288928610444872,0.0058981823,16
ridge_conditional_industry_ablation,train,20210712,20,-0.02416774021574003,-0.4833548043148006,3,17,0.09982272884727483,-0.5831775331620754,0.0059555545,17
ridge_conditional_industry_ablation,train,20210713,20,-0.02361315246720323,-0.4722630493440646,5,15,0.11039186383289268,-0.5826549131769573,0.006006368,15
ridge_conditional_industry_ablation,train,20210714,20,-0.008981438949378095,-0.1796287789875619,6,14,0.1333428034612112,-0.3129715824487731,0.00603484,14
ridge_conditional_industry_ablation,train,20210715,20,0.012755407829966692,0.25510815659933384,10,10,0.3411969810887918,-0.08608882448945798,0.0059665283,11
ridge_conditional_industry_ablation,train,20210716,20,0.008644672918853385,0.1728934583770677,6,14,0.5139078238458628,-0.34101436546879504,0.0060407575,12
ridge_conditional_industry_ablation,train,20210719,20,0.0037306005110804897,0.07461201022160979,5,15,0.4756408396291558,-0.40102882940754603,0.006095806,13
ridge_conditional_industry_ablation,train,20210720,20,0.014818794058210233,0.29637588116420466,6,14,0.7152368974623562,-0.41886101629815153,0.006083336,12
ridge_conditional_industry_ablation,train,20210721,20,-0.05586837461292826,-1.1173674922585652,1,19,0.046481601032924535,-1.1638490932914898,0.00609785,14
ridge_conditional_industry_ablation,train,20210722,20,-0.032941408888311374,-0.6588281777662275,4,16,0.10478974657640805,-0.7636179243426355,0.0060529485,15
ridge_conditional_industry_ablation,train,20210723,20,-0.01580076512220826,-0.3160153024441652,7,13,0.12400734892737897,-0.44002265137154417,0.0060173646,13
ridge_conditional_industry_ablation,train,20210726,20,0.017503834042118516,0.3500766808423703,11,9,0.4754632024836072,-0.12538652164123687,0.00600718,15
ridge_conditional_industry_ablation,train,20210727,20,0.022689606735533923,0.4537921347106785,17,3,0.48407029701294935,-0.030278162302270872,0.005991506,13
ridge_conditional_industry_ablation,train,20210728,20,0.052382367356451354,1.047647347129027,19,1,1.1015983008075012,-0.053950953678474134,0.0059375525,10
ridge_conditional_industry_ablation,train,20210729,20,0.02176050098196461,0.4352100196392922,18,2,0.4681100536271183,-0.03290003398782615,0.0059593576,14
ridge_conditional_industry_ablation,train,20210730,20,0.00821262438830701,0.1642524877661402,15,5,0.2137619029871478,-0.0495094152210076,0.005962134,13
ridge_conditional_industry_ablation,train,20210802,20,0.02146736211553859,0.4293472423107718,16,4,0.45918644093768446,-0.029839198626912644,0.006005506,16
ridge_conditional_industry_ablation,train,20210803,20,0.016946055693722123,0.33892111387444246,16,4,0.39864103303655885,-0.059719919162116386,0.0060210256,11
ridge_conditional_industry_ablation,train,20210804,20,0.019438953851512824,0.3887790770302565,17,3,0.4248455079341429,-0.03606643090388639,0.0060535027,13
ridge_conditional_industry_ablation,train,20210805,20,0.0323626893663694,0.647253787327388,20,0,0.647253787327388,0.0,0.0059850425,15
ridge_conditional_industry_ablation,train,20210806,20,0.03900898329280792,0.7801796658561584,20,0,0.7801796658561584,0.0,0.006064116,11
ridge_conditional_industry_ablation,train,20210809,20,0.026166011607894873,0.5233202321578975,18,2,0.5630054621821106,-0.03968523002421309,0.006002129,12
ridge_conditional_industry_ablation,train,20210810,20,-0.013484896291613485,-0.2696979258322697,4,16,0.04519219852756806,-0.31489012435983776,0.0059647677,13
ridge_conditional_industry_ablation,train,20210811,20,-0.008790282474579353,-0.17580564949158706,7,13,0.1369041650544347,-0.31270981454602176,0.0059085614,13
ridge_conditional_industry_ablation,train,20210812,20,0.020568601685715067,0.4113720337143013,7,13,0.6192041554857171,-0.20783212177141575,0.0059602503,15
ridge_conditional_industry_ablation,train,20210813,20,0.012313800757519578,0.24627601515039155,6,14,0.5615571036973217,-0.31528108854693015,0.005905402,15
ridge_conditional_industry_ablation,train,20210816,20,0.012633319437483876,0.2526663887496775,11,9,0.38342942254361057,-0.13076303379393306,0.0059265797,15
ridge_conditional_industry_ablation,train,20210817,20,0.05276879372735095,1.055375874547019,19,1,1.0654973320368974,-0.010121457489878471,0.005924425,16
ridge_conditional_industry_ablation,train,20210818,20,0.041353787948247116,0.8270757589649423,16,4,0.8443110477075213,-0.017235288742578958,0.005885099,15
ridge_conditional_industry_ablation,train,20210819,20,0.04084081636117957,0.8168163272235913,15,5,0.8892131477659779,-0.07239682054238661,0.0058918586,16
ridge_conditional_industry_ablation,train,20210820,20,0.03151690983463252,0.6303381966926503,16,4,0.6973585009294512,-0.06702030423680083,0.0058501866,16
ridge_conditional_industry_ablation,train,20210823,20,-0.012165340301951955,-0.2433068060390391,7,13,0.11081658353553192,-0.354123389574571,0.0058479407,11
ridge_conditional_industry_ablation,train,20210824,20,0.0017017807926967444,0.034035615853934886,8,12,0.36303104959795096,-0.3289954337440161,0.0059320526,13
ridge_conditional_industry_ablation,train,20210825,20,-0.001426555990054601,-0.02853111980109202,10,10,0.2725654778896558,-0.3010965976907478,0.0059654578,14
ridge_conditional_industry_ablation,train,20210826,20,0.06598250741376814,1.3196501482753629,15,5,1.4807250451240195,-0.1610748968486566,0.006159845,16
ridge_conditional_industry_ablation,train,20210827,20,0.00781200487904789,0.1562400975809578,16,4,0.2818105663618131,-0.12557046878085532,0.005881311,15
ridge_conditional_industry_ablation,train,20210830,20,0.027175994046871804,0.5435198809374361,17,3,0.5713074319755735,-0.02778755103813746,0.0059728865,15
ridge_conditional_industry_ablation,train,20210831,20,0.04671542377081952,0.9343084754163904,19,1,0.9393557940283779,-0.0050473186119874835,0.0059920596,15
ridge_conditional_industry_ablation,train,20210901,20,0.04853443238412882,0.9706886476825765,18,2,0.9991153753414559,-0.028426727658879436,0.0059853015,15
ridge_conditional_industry_ablation,train,20210902,20,0.045462019301436694,0.9092403860287339,18,2,0.9546099875199945,-0.04536960149126057,0.0060703484,15
ridge_conditional_industry_ablation,train,20210903,20,0.023125980957387743,0.46251961914775486,17,3,0.5260887939373289,-0.06356917478957402,0.0060117156,15
ridge_conditional_industry_ablation,train,20210906,20,0.018567347881899975,0.3713469576379995,16,4,0.4499556018323785,-0.07860864419437896,0.0059884116,11
ridge_conditional_industry_ablation,train,20210907,20,-0.0006959204946992981,-0.013918409893985961,7,13,0.16068689732415198,-0.17460530721813794,0.0059807627,12
ridge_conditional_industry_ablation,train,20210908,20,-0.010080101148088532,-0.20160202296177065,4,16,0.09236563687304411,-0.29396765983481477,0.0059898784,14
ridge_conditional_industry_ablation,train,20210909,20,-0.014286493018979001,-0.28572986037958004,3,17,0.0501763338489718,-0.33590619422855184,0.005984334,12
ridge_conditional_industry_ablation,train,20210910,20,-0.021024186805435763,-0.42048373610871526,1,19,0.00703399765533419,-0.42751773376404945,0.006017452,13
ridge_conditional_industry_ablation,train,20210913,20,-0.02534200226828891,-0.5068400453657782,1,19,0.000587544065804968,-0.5074275894315832,0.005973363,12
ridge_conditional_industry_ablation,train,20210914,20,-0.00645692669214481,-0.1291385338428962,9,11,0.10834192403044263,-0.23748045787333882,0.005961801,12
ridge_conditional_industry_ablation,train,20210915,20,-0.02118415555347309,-0.42368311106946177,3,17,0.07762880025266283,-0.5013119113221246,0.005946462,11
ridge_conditional_industry_ablation,train,20210916,20,-0.02385437993719473,-0.4770875987438946,3,17,0.3669710123741807,-0.8440586111180753,0.005788144,12
ridge_conditional_industry_ablation,train,20210917,20,-0.02405229424997702,-0.4810458849995404,3,17,0.055737899823437465,-0.5367837848229778,0.005767007,10
ridge_conditional_industry_ablation,train,20210922,20,-0.04225185452831757,-0.8450370905663513,2,18,0.06469788467566251,-0.9097349752420139,0.005949666,11
ridge_conditional_industry_ablation,train,20210923,20,-0.03367337786196283,-0.6734675572392567,2,18,0.033180593708799444,-0.7066481509480561,0.0059954626,10
ridge_conditional_industry_ablation,train,20210924,20,-0.005635962777551068,-0.11271925555102136,8,12,0.1362945734687928,-0.24901382901981417,0.0058697946,12
ridge_conditional_industry_ablation,train,20210927,20,0.0324833392744012,0.649666785488024,20,0,0.649666785488024,0.0,0.0059651295,12
ridge_conditional_industry_ablation,train,20210928,20,0.015485489064831659,0.3097097812966332,15,5,0.4161742939450288,-0.10646451264839563,0.0060302108,12
ridge_conditional_industry_ablation,train,20210929,20,0.039545575010276245,0.7909115002055249,18,2,0.8642903712998158,-0.07337887109429087,0.005937325,13
ridge_conditional_industry_ablation,train,20210930,20,0.008213796551717095,0.1642759310343419,14,6,0.2529745179790577,-0.08869858694471577,0.00594229,10
ridge_conditional_industry_ablation,train,20211008,20,-0.016456646466335607,-0.3291329293267121,3,17,0.03864850366803263,-0.36778143299474475,0.005942086,12
ridge_conditional_industry_ablation,train,20211011,20,-0.013191631087132677,-0.26383262174265354,4,16,0.021476741235232133,-0.28530936297788567,0.005797296,12
ridge_conditional_industry_ablation,train,20211012,20,-0.008997066298605461,-0.1799413259721092,9,11,0.13321051460272426,-0.3131518405748335,0.0058087194,12
ridge_conditional_industry_ablation,train,20211013,20,-0.012973971218841474,-0.25947942437682947,5,15,0.0450217251765328,-0.30450114955336227,0.005865728,13
ridge_conditional_industry_ablation,train,20211014,20,-0.030634366611107126,-0.6126873322221426,1,19,0.01632755589047985,-0.6290148881126224,0.005812364,14
ridge_conditional_industry_ablation,train,20211015,20,-0.03681864342617562,-0.7363728685235124,2,18,0.06239326347659491,-0.7987661320001073,0.0058781537,13
ridge_conditional_industry_ablation,train,20211018,20,-0.03635356308864248,-0.7270712617728496,1,19,0.0029239766081869956,-0.7299952383810366,0.0058795228,12
ridge_conditional_industry_ablation,train,20211019,20,-0.027872266265143157,-0.5574453253028632,3,17,0.12686772784302613,-0.6843130531458893,0.0059931,13
ridge_conditional_industry_ablation,train,20211020,20,-0.047171294811957004,-0.9434258962391401,3,17,0.1549793965535109,-1.098405292792651,0.006045488,12
ridge_conditional_industry_ablation,train,20211021,20,-0.0509311701791663,-1.018623403583326,2,18,0.11077981463757758,-1.1294032182209035,0.0060840496,14
ridge_conditional_industry_ablation,train,20211022,20,-0.02989451852990866,-0.5978903705981732,2,18,0.09302248752881126,-0.6909128581269844,0.006086753,11
ridge_conditional_industry_ablation,train,20211025,20,-0.01855593060932892,-0.3711186121865784,5,15,0.1027348793462386,-0.473853491532817,0.0061108368,12
ridge_conditional_industry_ablation,train,20211026,20,-0.03492477483222929,-0.6984954966445859,2,18,0.011155677558055022,-0.7096511742026409,0.0060459105,11
ridge_conditional_industry_ablation,train,20211027,20,0.01517000359898788,0.3034000719797576,16,4,0.4430130535530914,-0.1396129815733338,0.006057546,12
ridge_conditional_industry_ablation,train,20211028,20,0.036019159169392585,0.7203831833878517,18,2,0.7352302585006838,-0.01484707511283212,0.0060352357,11
ridge_conditional_industry_ablation,train,20211029,20,0.031247206014259822,0.6249441202851964,18,2,0.6330189826505086,-0.008074862365312185,0.00602075,11
ridge_conditional_industry_ablation,train,20211101,20,0.019527727617743455,0.39055455235486913,15,5,0.42452627008981025,-0.03397171773494112,0.006045356,11
ridge_conditional_industry_ablation,train,20211102,20,0.0450110199952574,0.9002203999051479,20,0,0.9002203999051479,0.0,0.0060533807,13
ridge_conditional_industry_ablation,train,20211103,20,0.0353655814296411,0.707311628592822,20,0,0.707311628592822,0.0,0.0059791403,12
ridge_conditional_industry_ablation,train,20211104,20,0.045156433891106074,0.9031286778221215,20,0,0.9031286778221215,0.0,0.0059982045,14
ridge_conditional_industry_ablation,train,20211105,20,0.03129848660411176,0.6259697320822353,20,0,0.6259697320822353,0.0,0.0059657185,13
ridge_conditional_industry_ablation,train,20211108,20,0.05073295521755443,1.0146591043510886,19,1,1.0202146599066442,-0.005555555555555536,0.005879753,15
ridge_conditional_industry_ablation,train,20211109,20,0.037293240434399785,0.7458648086879958,19,1,0.7633528849996014,-0.01748807631160565,0.0058924863,15
ridge_conditional_industry_ablation,train,20211110,20,0.04306695078183568,0.8613390156367136,20,0,0.8613390156367136,0.0,0.005897385,14
ridge_conditional_industry_ablation,train,20211111,20,0.014558378042328585,0.2911675608465717,13,7,0.3719341409241268,-0.0807665800775551,0.005926625,15
ridge_conditional_industry_ablation,train,20211112,20,0.017278171945244208,0.34556343890488417,18,2,0.3591200577246607,-0.013556618819776545,0.005943502,13
ridge_conditional_industry_ablation,train,20211115,20,0.01109062431989553,0.22181248639791062,10,10,0.30619590753222825,-0.08438342113431763,0.00579308,15
ridge_conditional_industry_ablation,train,20211116,20,0.017599242693439553,0.3519848538687911,16,4,0.37404516364671103,-0.02206030977791995,0.0058320584,13
ridge_conditional_industry_ablation,train,20211117,20,0.002635858095257132,0.05271716190514264,12,8,0.2034187342136884,-0.15070157230854575,0.0059552235,14
ridge_conditional_industry_ablation,train,20211118,20,0.023819154801058045,0.4763830960211609,16,4,0.5340698357820135,-0.05768673976085259,0.0060121743,16
ridge_conditional_industry_ablation,train,20211119,20,0.0003701040808276157,0.007402081616552314,8,12,0.24389054690098733,-0.236488465284435,0.0060018087,15
ridge_conditional_industry_ablation,train,20211122,20,-0.005845576130720331,-0.11691152261440663,7,13,0.2767116633648703,-0.3936231859792769,0.0061427318,12
ridge_conditional_industry_ablation,train,20211123,20,0.010309511885445438,0.20619023770890876,9,11,0.42663662831757576,-0.220446390608667,0.0060323915,15
ridge_conditional_industry_ablation,train,20211124,20,0.011405400892931312,0.22810801785862622,15,5,0.40785151754813964,-0.17974349968951342,0.005980366,14
ridge_conditional_industry_ablation,train,20211125,20,-0.0035823850666735213,-0.07164770133347043,11,9,0.2006254062108992,-0.2722731075443696,0.0059819478,16
ridge_conditional_industry_ablation,train,20211126,20,0.025247015070405436,0.5049403014081087,17,3,0.6022562185636182,-0.09731591715550947,0.005950359,17
ridge_conditional_industry_ablation,train,20211129,20,0.009367772971423544,0.18735545942847087,12,8,0.39574019604201016,-0.2083847366135393,0.005973097,16
ridge_conditional_industry_ablation,train,20211130,20,-0.020457954230906628,-0.40915908461813255,4,16,0.20135667062063933,-0.6105157552387719,0.0059791147,15
ridge_conditional_industry_ablation,train,20211201,20,-0.032985597675078485,-0.6597119535015696,3,17,0.012107748623801928,-0.6718197021253716,0.0059104385,16
ridge_conditional_industry_ablation,train,20211202,20,-0.034094938528525236,-0.6818987705705047,2,18,0.09438337678672037,-0.7762821473572251,0.005937804,16
ridge_conditional_industry_ablation,train,20211203,20,-0.016945694614980134,-0.33891389229960267,7,13,0.1305918332913989,-0.46950572559100157,0.0059936065,14
ridge_conditional_industry_ablation,train,20211206,20,0.013745069107970498,0.27490138215940996,15,5,0.4118996561518966,-0.13699827399248665,0.005962275,15
ridge_conditional_industry_ablation,train,20211207,20,0.04026122480351756,0.8052244960703513,18,2,0.8096799129112167,-0.004455416840865367,0.006101054,14
ridge_conditional_industry_ablation,train,20211208,20,0.030943100095504206,0.6188620019100841,19,1,0.6387175975779542,-0.019855595667870096,0.0063133487,13
ridge_conditional_industry_ablation,train,20211209,20,0.026797384199867408,0.5359476839973482,16,4,0.6075584746443368,-0.07161079064698861,0.0063943737,14
ridge_conditional_industry_ablation,train,20211210,20,0.023230630225450875,0.46461260450901753,13,7,0.5395328981627172,-0.07492029365369968,0.006440102,15
ridge_conditional_industry_ablation,train,20211213,20,0.007389363567599516,0.14778727135199032,9,11,0.37539997829904737,-0.22761270694705704,0.006288941,13
ridge_conditional_industry_ablation,train,20211214,20,0.0011097771178408267,0.022195542356816533,9,11,0.4422339822190109,-0.42003843986219436,0.0059734047,13
ridge_conditional_industry_ablation,train,20211215,20,-0.01914227727486682,-0.3828455454973364,5,15,0.10611523023598157,-0.488960775733318,0.006090069,13
ridge_conditional_industry_ablation,train,20211216,20,-0.024703079536362214,-0.4940615907272443,2,18,0.05794530321046376,-0.5520068939377081,0.0061523155,13
ridge_conditional_industry_ablation,train,20211217,20,-0.02703599496247199,-0.5407198992494399,4,16,0.10670764404531408,-0.6474275432947539,0.0061331866,15
ridge_conditional_industry_ablation,train,20211220,20,-0.0061861305765881554,-0.12372261153176312,7,13,0.23897416615519496,-0.36269677768695807,0.0061276257,15
ridge_conditional_industry_ablation,train,20211221,20,0.020926467471368938,0.41852934942737874,11,9,0.532825837663381,-0.11429648823600225,0.006451866,16
ridge_conditional_industry_ablation,train,20211222,20,0.035684588128898756,0.7136917625779752,12,8,0.7833864102560653,-0.06969464767809008,0.0065093553,14
ridge_conditional_industry_ablation,train,20211223,20,0.12008564914046405,2.401712982809281,20,0,2.4017129828092814,0.0,0.0064755245,14
ridge_conditional_industry_ablation,train,20211224,20,0.13558452534146137,2.7116905068292274,20,0,2.711690506829227,0.0,0.006388293,14
ridge_conditional_industry_ablation,train,20211227,20,0.0809697886903604,1.619395773807208,20,0,1.619395773807208,0.0,0.006366922,12
ridge_conditional_industry_ablation,train,20211228,20,0.06483879430225668,1.2967758860451337,19,1,1.3260184555561596,-0.029242569511025884,0.0061897,14
ridge_conditional_industry_ablation,train,20211229,20,0.04952007970481079,0.9904015940962158,18,2,1.047378677733641,-0.05697708363742515,0.006085097,14
ridge_conditional_industry_ablation,train,20211230,20,0.017185612799619814,0.3437122559923963,15,5,0.5486171586626964,-0.20490490267030015,0.005878493,14
ridge_conditional_industry_ablation,train,20211231,20,0.019461262671005043,0.38922525342010084,17,3,0.4918686374595096,-0.10264338403940876,0.0058249948,13
ridge_conditional_industry_ablation,train,20220104,20,-0.022571969508274982,-0.4514393901654996,3,17,0.19114639691492874,-0.6425857870804284,0.005787414,11
ridge_conditional_industry_ablation,train,20220105,20,0.0009239033870248381,0.018478067740496762,10,10,0.3420434227123341,-0.32356535497183736,0.0058630966,14
ridge_conditional_industry_ablation,train,20220106,20,-0.004888101741597295,-0.0977620348319459,8,12,0.29536268225338036,-0.39312471708532626,0.005961883,15
ridge_conditional_industry_ablation,train,20220107,20,-0.01636368357306709,-0.3272736714613418,5,15,0.095279350374748,-0.4225530218360898,0.006130035,15
ridge_conditional_industry_ablation,train,20220110,20,-0.006873497103569609,-0.13746994207139218,7,13,0.21338437584531778,-0.35085431791670996,0.006333777,13
ridge_conditional_industry_ablation,train,20220111,20,0.011653442271894604,0.23306884543789208,11,9,0.3534233519840464,-0.12035450654615432,0.0062688813,15
ridge_conditional_industry_ablation,train,20220112,20,-0.0030106075088015493,-0.06021215017603099,9,11,0.20274514621615491,-0.2629572963921859,0.0064313696,13
ridge_conditional_industry_ablation,train,20220113,20,0.01857547822433896,0.3715095644867792,14,6,0.4215626678827571,-0.050053103395977905,0.006326935,15
ridge_conditional_industry_ablation,train,20220114,20,0.02444689349695086,0.4889378699390172,18,2,0.4960700830832543,-0.007132213144237065,0.006247545,14
ridge_conditional_industry_ablation,train,20220117,20,-0.016008548792768897,-0.3201709758553779,6,14,0.10248680337863547,-0.4226577792340134,0.006155149,14
ridge_conditional_industry_ablation,train,20220118,20,-0.04525704731677797,-0.9051409463355593,1,19,0.009615384615384581,-0.9147563309509439,0.0060577677,15
ridge_conditional_industry_ablation,train,20220119,20,-0.030480879713875125,-0.6096175942775025,3,17,0.20182227295648913,-0.8114398672339916,0.0060506845,12
ridge_conditional_industry_ablation,train,20220120,20,-0.07039904561293416,-1.407980912258683,1,19,0.03381924198250719,-1.4418001542411905,0.0057415958,12
ridge_conditional_industry_ablation,train,20220121,20,-0.036017085682628694,-0.7203417136525738,3,17,0.08557115563797968,-0.8059128692905535,0.0057016322,14
ridge_conditional_industry_ablation,train,20220124,20,-0.015107811426481349,-0.302156228529627,5,15,0.11101973223293737,-0.41317596076256435,0.0057876413,13
ridge_conditional_industry_ablation,train,20220125,20,0.01695739631345995,0.339147926269199,13,7,0.5231854119568351,-0.18403748568763612,0.005782618,15
ridge_conditional_industry_ablation,train,20220126,20,0.010100321454259214,0.2020064290851843,15,5,0.28576925130418496,-0.08376282221900067,0.0058694584,14
ridge_conditional_industry_ablation,train,20220127,20,0.0196666900768091,0.393333801536182,16,4,0.42788021313211355,-0.034546411595931525,0.006112403,14
ridge_conditional_industry_ablation,train,20220128,20,-0.03238716005811403,-0.6477432011622807,2,18,0.02914427449359236,-0.676887475655873,0.006294166,17
ridge_conditional_industry_ablation,train,20220207,20,-0.04256840795011417,-0.8513681590022835,0,20,0.0,-0.8513681590022835,0.006244108,16
ridge_conditional_industry_ablation,train,20220208,20,-0.05924493067930801,-1.18489861358616,0,20,0.0,-1.1848986135861606,0.0063700513,15
ridge_conditional_industry_ablation,train,20220209,20,-0.055379890737945844,-1.107597814758917,1,19,0.004032258064516014,-1.111630072823433,0.00636796,15
ridge_conditional_industry_ablation,train,20220210,20,-0.046856121790922585,-0.9371224358184517,0,20,0.0,-0.9371224358184517,0.006435074,15
ridge_conditional_industry_ablation,train,20220211,20,-0.01796583635640739,-0.3593167271281478,4,16,0.03448455420219054,-0.3938012813303383,0.0062961937,15
ridge_conditional_industry_ablation,train,20220214,20,-0.012100033689292477,-0.24200067378584955,5,15,0.04280063648609267,-0.2848013102719422,0.006491317,13
ridge_conditional_industry_ablation,train,20220215,20,-0.0268892011223676,-0.537784022447352,1,19,0.04423191870890597,-0.582015941156258,0.006460945,16
ridge_conditional_industry_ablation,train,20220216,20,-0.01648956074047885,-0.32979121480957696,5,15,0.11593208313167302,-0.44572329794125,0.006463415,15
ridge_conditional_industry_ablation,train,20220217,20,-0.023399674154894905,-0.4679934830978981,2,18,0.1674360828373842,-0.6354295659352823,0.006481547,13
ridge_conditional_industry_ablation,train,20220218,20,-0.02285485139161176,-0.45709702783223516,3,17,0.04813630577019867,-0.5052333336024338,0.006492448,15
ridge_conditional_industry_ablation,train,20220221,20,-0.05349672443055906,-1.0699344886111812,1,19,0.024390243902438824,-1.0943247325136198,0.0064968737,16
ridge_conditional_industry_ablation,train,20220222,20,-0.04558616721001958,-0.9117233442003917,2,18,0.09581805754054562,-1.0075414017409372,0.006426209,16
ridge_conditional_industry_ablation,train,20220223,20,-0.05621804285326627,-1.1243608570653254,1,19,0.016541353383458635,-1.1409022104487843,0.006511668,16
ridge_conditional_industry_ablation,train,20220224,20,-0.036263370165072764,-0.7252674033014553,3,17,0.10371469698274538,-0.8289821002842007,0.0064679375,16
ridge_conditional_industry_ablation,train,20220225,20,-0.03207899912222859,-0.6415799824445718,2,18,0.05038992274427856,-0.6919699051888504,0.0065095387,15
ridge_conditional_industry_ablation,train,20220228,20,-0.018647662836861457,-0.3729532567372291,6,14,0.09904989828105593,-0.47200315501828505,0.006419906,14
ridge_conditional_industry_ablation,train,20220301,20,-0.04510092585663121,-0.9020185171326243,0,20,0.0,-0.9020185171326243,0.006560738,13
ridge_conditional_industry_ablation,train,20220302,20,-0.07583051338826274,-1.5166102677652549,0,20,0.0,-1.5166102677652546,0.006573723,13
ridge_conditional_industry_ablation,train,20220303,20,-0.06773141169556236,-1.3546282339112472,0,20,0.0,-1.3546282339112468,0.0065431395,14
ridge_conditional_industry_ablation,train,20220304,20,-0.07748625925008853,-1.5497251850017708,0,20,0.0,-1.5497251850017706,0.0064955824,13
ridge_conditional_industry_ablation,train,20220307,20,-0.08324405339586419,-1.6648810679172836,0,20,0.0,-1.6648810679172836,0.006285146,13
ridge_conditional_industry_ablation,train,20220308,20,-0.10994257714959148,-2.1988515429918296,0,20,0.0,-2.198851542991829,0.00620059,16
ridge_conditional_industry_ablation,train,20220309,20,-0.06527412304892102,-1.3054824609784204,1,19,0.01617647058823546,-1.3216589315666556,0.0062582134,17
ridge_conditional_industry_ablation,train,20220310,20,-0.018274598904526883,-0.3654919780905377,5,15,0.11230679579604841,-0.4777987738865861,0.0063388036,16
ridge_conditional_industry_ablation,train,20220311,20,-0.011674160914133957,-0.23348321828267915,6,14,0.26031683943940553,-0.4938000577220847,0.006483022,15
ridge_conditional_industry_ablation,train,20220314,20,0.009083485112603434,0.1816697022520687,11,9,0.32681138770605056,-0.14514168545398187,0.0064361594,15
ridge_conditional_industry_ablation,train,20220315,20,0.058380723031330815,1.1676144606266163,20,0,1.1676144606266163,0.0,0.0064193225,15
ridge_conditional_industry_ablation,train,20220316,20,0.04265404251745741,0.8530808503491483,20,0,0.8530808503491483,0.0,0.006462303,15
ridge_conditional_industry_ablation,train,20220317,20,0.01369203334768579,0.2738406669537158,11,9,0.45772036788481474,-0.18387970093109895,0.0061065587,13
ridge_conditional_industry_ablation,train,20220318,20,-0.012520911171645943,-0.25041822343291886,6,14,0.19359118106823048,-0.44400940450114934,0.006222927,13
ridge_conditional_industry_ablation,train,20220321,20,-0.019962299290214636,-0.3992459858042927,3,17,0.03577783361455622,-0.43502381941884893,0.006369927,14
ridge_conditional_industry_ablation,train,20220322,20,-0.022673782016213163,-0.45347564032426324,2,18,0.012245091465685976,-0.4657207317899492,0.006378402,15
ridge_conditional_industry_ablation,train,20220323,20,-0.012724061340326798,-0.25448122680653595,8,12,0.07871439931595048,-0.33319562612248643,0.0062536774,18
ridge_conditional_industry_ablation,train,20220324,20,-0.005999959555385464,-0.11999919110770929,8,12,0.10981673577196593,-0.22981592687967523,0.006476105,16
ridge_conditional_industry_ablation,train,20220325,20,0.03773506557474257,0.7547013114948514,12,8,0.8065007767645154,-0.05179946526966395,0.006420688,16
ridge_conditional_industry_ablation,train,20220328,20,0.030560835541621856,0.6112167108324371,18,2,0.6414700171778691,-0.030253306345431996,0.006359172,17
ridge_conditional_industry_ablation,train,20220329,20,0.010456697716855085,0.2091339543371017,12,8,0.27911577673034027,-0.06998182239323858,0.006183679,16
ridge_conditional_industry_ablation,train,20220330,20,0.002052305964281742,0.04104611928563484,9,11,0.16187079628445722,-0.12082467699882238,0.0063412488,15
ridge_conditional_industry_ablation,train,20220331,20,-0.025852277641636844,-0.5170455528327369,0,20,0.0,-0.5170455528327369,0.006370074,15
ridge_conditional_industry_ablation,train,20220401,20,-0.042542435401170184,-0.8508487080234036,2,18,0.02218692166947145,-0.8730356296928751,0.0061769113,15
ridge_conditional_industry_ablation,train,20220406,20,-0.05544687854226105,-1.108937570845221,0,20,0.0,-1.1089375708452214,0.0062583922,17
ridge_conditional_industry_ablation,train,20220407,20,-0.05608481073937177,-1.1216962147874354,0,20,0.0,-1.1216962147874354,0.00616622,17
ridge_conditional_industry_ablation,train,20220408,20,-0.05704367809177384,-1.1408735618354768,0,20,0.0,-1.1408735618354766,0.006121728,15
ridge_conditional_industry_ablation,train,20220411,20,-0.028597988017550306,-0.5719597603510062,5,15,0.055006991482218215,-0.6269667518332244,0.006086831,15
ridge_conditional_industry_ablation,train,20220412,20,-0.04023550651632141,-0.8047101303264282,3,17,0.023536933709959573,-0.8282470640363878,0.006297145,16
ridge_conditional_industry_ablation,train,20220413,20,-0.03672663676913434,-0.7345327353826868,3,17,0.06119282759604072,-0.7957255629787275,0.006182232,15
ridge_conditional_industry_ablation,train,20220414,20,-0.0570461311543851,-1.140922623087702,0,20,0.0,-1.140922623087702,0.0063000945,16
ridge_conditional_industry_ablation,train,20220415,20,-0.04556722480302952,-0.9113444960605904,2,18,0.08506994533664347,-0.9964144413972339,0.006301957,16
ridge_conditional_industry_ablation,train,20220418,20,-0.09962460063497404,-1.9924920126994807,1,19,0.0612582781456954,-2.0537502908451764,0.0064693294,17
ridge_conditional_industry_ablation,train,20220419,20,-0.13385025510463458,-2.6770051020926915,1,19,0.02680067001675046,-2.7038057721094417,0.0064391466,13
ridge_conditional_industry_ablation,train,20220420,20,-0.09567210650176931,-1.9134421300353863,1,19,0.12070410729253966,-2.034146237327926,0.006474644,15
ridge_conditional_industry_ablation,train,20220421,20,-0.09901114090517645,-1.9802228181035288,2,18,0.1159719053089312,-2.09619472341246,0.006323771,14
ridge_conditional_industry_ablation,train,20220422,20,-0.06948804258948012,-1.3897608517896023,5,15,0.21286634274476857,-1.6026271945343709,0.0063875867,15
ridge_conditional_industry_ablation,train,20220425,20,-0.003310619894359357,-0.06621239788718714,9,11,0.5866872431961832,-0.6528996410833703,0.0062916493,14
ridge_conditional_industry_ablation,train,20220426,20,0.04595143778982574,0.9190287557965148,12,8,1.281636304376428,-0.3626075485799133,0.0062267506,13
ridge_conditional_industry_ablation,train,20220427,20,0.046010524184258696,0.9202104836851739,16,4,1.0310610247091945,-0.11085054102402059,0.0063216486,14
ridge_conditional_industry_ablation,train,20220428,20,0.060525830673717064,1.2105166134743413,17,3,1.2198366628981445,-0.009320049423803156,0.0063899793,17
ridge_conditional_industry_ablation,train,20220429,20,0.02897071742997323,0.5794143485994646,18,2,0.6090626235356975,-0.0296482749362329,0.006502895,17
ridge_conditional_industry_ablation,train,20220505,20,0.046944415548168514,0.9388883109633702,19,1,0.9529423650174242,-0.014054054054054022,0.006566803,18
ridge_conditional_industry_ablation,train,20220506,20,0.09938957432662442,1.9877914865324884,20,0,1.9877914865324884,0.0,0.0066289366,17
ridge_conditional_industry_ablation,train,20220509,20,0.10055777819408251,2.0111555638816503,20,0,2.01115556388165,0.0,0.0065975958,16
ridge_conditional_industry_ablation,train,20220510,20,0.08524026177241803,1.7048052354483605,20,0,1.7048052354483605,0.0,0.0066178716,15
ridge_conditional_industry_ablation,train,20220511,20,0.07014354035986091,1.4028708071972182,20,0,1.4028708071972182,0.0,0.0064619198,16
ridge_conditional_industry_ablation,train,20220512,20,0.0647518289325473,1.295036578650946,19,1,1.2989891478209064,-0.0039525691699603405,0.0065660565,16
ridge_conditional_industry_ablation,train,20220513,20,0.0005945130358669005,0.011890260717338008,7,13,0.26305042162285086,-0.25116016090551285,0.006069098,13
ridge_conditional_industry_ablation,train,20220516,20,0.015230951855769236,0.30461903711538474,12,8,0.39745743038382075,-0.09283839326843601,0.0060989223,14
ridge_conditional_industry_ablation,train,20220517,20,-0.020832022927129174,-0.41664045854258347,3,17,0.0597580052664477,-0.47639846380903117,0.006111144,11
ridge_conditional_industry_ablation,train,20220518,20,-0.011768861891567822,-0.23537723783135645,8,12,0.09199209921355722,-0.32736933704491367,0.0062140906,12
ridge_conditional_industry_ablation,train,20220519,20,-0.019006305296856756,-0.38012610593713514,5,15,0.07274010661313768,-0.4528662125502728,0.006176483,13
ridge_conditional_industry_ablation,train,20220520,20,-0.010633850827872455,-0.21267701655744908,6,14,0.1066682449549905,-0.3193452615124396,0.006501708,15
ridge_conditional_industry_ablation,train,20220523,20,-0.026985754871257532,-0.5397150974251507,2,18,0.022637378129195307,-0.562352475554346,0.0065779435,11
ridge_conditional_industry_ablation,train,20220524,20,0.006562372245438852,0.13124744490877704,13,7,0.391584587121657,-0.26033714221287996,0.006400288,14
ridge_conditional_industry_ablation,train,20220525,20,-0.0037147340478089043,-0.07429468095617808,9,11,0.18952621368711875,-0.26382089464329683,0.006501188,13
ridge_conditional_industry_ablation,train,20220526,20,0.029007867303083003,0.58015734606166,15,5,0.7362025285535108,-0.15604518249185073,0.006484321,13
ridge_conditional_industry_ablation,train,20220527,20,0.0344212228493945,0.68842445698789,16,4,0.7845508202843197,-0.09612636329642965,0.0064312806,15
ridge_conditional_industry_ablation,train,20220530,20,0.08298330395687385,1.659666079137477,19,1,1.6645520726228191,-0.004885993485342022,0.006435214,14
ridge_conditional_industry_ablation,train,20220531,20,0.03606411823572029,0.7212823647144058,19,1,0.7462823647144057,-0.02499999999999991,0.0065733916,14
ridge_conditional_industry_ablation,train,20220601,20,0.020665223094060818,0.4133044618812164,14,6,0.4644225035127163,-0.05111804163149991,0.0064920336,15
ridge_conditional_industry_ablation,train,20220602,20,0.0057938050515202065,0.11587610103040413,10,10,0.2604340333062176,-0.14455793227581348,0.0064082295,14
ridge_conditional_industry_ablation,train,20220606,20,-0.01173407139469725,-0.23468142789394497,3,17,0.07660739460970456,-0.31128882250364953,0.006424355,13
ridge_conditional_industry_ablation,train,20220607,20,-0.009040982519448904,-0.18081965038897807,5,15,0.21409109760807343,-0.3949107479970515,0.006424945,12
ridge_conditional_industry_ablation,train,20220608,20,0.0062086213930549194,0.12417242786109839,7,13,0.47230532685925297,-0.3481328989981546,0.0063619213,13
ridge_conditional_industry_ablation,train,20220609,20,0.013682217569549283,0.27364435139098564,10,10,0.4254479799488,-0.15180362855781437,0.006220294,13
ridge_conditional_industry_ablation,train,20220610,20,-0.005857409405840242,-0.11714818811680483,9,11,0.07412522763934515,-0.19127341575614998,0.0062513193,11
ridge_conditional_industry_ablation,train,20220613,20,0.015210730767255631,0.3042146153451126,10,10,0.4528148367683853,-0.14860022142327267,0.006363941,14
ridge_conditional_industry_ablation,train,20220614,20,-0.0001138712509353712,-0.002277425018707424,8,12,0.17332999115382286,-0.17560741617253028,0.006404924,13
ridge_conditional_industry_ablation,train,20220615,20,0.0030275356868718515,0.060550713737437034,6,14,0.25814504058404864,-0.1975943268466116,0.0064204573,15
ridge_conditional_industry_ablation,train,20220616,20,-0.007226687528371195,-0.1445337505674239,4,16,0.07418659914574421,-0.21872034971316812,0.006523599,13
ridge_conditional_industry_ablation,train,20220617,20,0.01068948611338249,0.2137897222676498,10,10,0.3434750625844629,-0.1296853403168131,0.006534011,15
ridge_conditional_industry_ablation,train,20220620,20,0.017023026670465596,0.3404605334093119,10,10,0.46987243333253903,-0.1294118999232271,0.0065773195,15
ridge_conditional_industry_ablation,train,20220621,20,0.061509742994265516,1.2301948598853103,20,0,1.2301948598853103,0.0,0.006456651,14
ridge_conditional_industry_ablation,train,20220622,20,0.027302815603161418,0.5460563120632284,19,1,0.5549689680347079,-0.0089126559714795,0.0063722604,15
ridge_conditional_industry_ablation,train,20220623,20,0.05697939608831661,1.1395879217663323,20,0,1.1395879217663323,0.0,0.006442939,13
ridge_conditional_industry_ablation,train,20220624,20,0.02958756985973552,0.5917513971947104,18,2,0.6058359042369639,-0.014084507042253502,0.0065040975,15
ridge_conditional_industry_ablation,train,20220627,20,0.024978598211305103,0.49957196422610206,15,5,0.5577775222796288,-0.058205558053526785,0.006408592,11
ridge_conditional_industry_ablation,train,20220628,20,-0.018231262758997762,-0.36462525517995525,1,19,0.0934065934065933,-0.45803184858654855,0.0061780186,13
ridge_conditional_industry_ablation,train,20220629,20,-0.0173815683061103,-0.347631366122206,4,16,0.014912784600635609,-0.36254415072284163,0.0061967587,15
ridge_conditional_industry_ablation,train,20220630,20,-0.00586206451685643,-0.1172412903371286,4,16,0.18700397813305059,-0.3042452684701792,0.006177687,15
ridge_conditional_industry_ablation,train,20220701,20,0.00045453608329540374,0.009090721665908075,6,14,0.25672165602204666,-0.2476309343561386,0.0061856294,15
ridge_conditional_industry_ablation,train,20220704,20,-0.008279996463384388,-0.16559992926768774,4,16,0.0713957853754279,-0.23699571464311564,0.0063045337,16
ridge_conditional_industry_ablation,train,20220705,20,-0.014362127331767649,-0.287242546635353,6,14,0.06389549773943637,-0.35113804437478935,0.006383531,13
ridge_conditional_industry_ablation,train,20220706,20,-0.011944438294446936,-0.2388887658889387,7,13,0.06912540727884453,-0.30801417316778323,0.006454502,14
ridge_conditional_industry_ablation,train,20220707,20,-0.01238532776029927,-0.2477065552059854,5,15,0.05604500737884255,-0.30375156258482794,0.0063985074,14
ridge_conditional_industry_ablation,train,20220708,20,-0.023807095718052746,-0.4761419143610549,3,17,0.028683453667937897,-0.5048253680289928,0.0063964226,14
ridge_conditional_industry_ablation,train,20220711,20,-0.02224302105634174,-0.44486042112683477,2,18,0.02508058809654834,-0.4699410092233831,0.006252476,13
ridge_conditional_industry_ablation,train,20220712,20,-0.020802927630856664,-0.4160585526171333,5,15,0.04739416532389429,-0.4634527179410276,0.006177582,15
ridge_conditional_industry_ablation,train,20220713,20,-0.007772955462480474,-0.15545910924960948,7,13,0.14789125388697566,-0.30335036313658514,0.006325522,14
ridge_conditional_industry_ablation,train,20220714,20,-0.014998600278016578,-0.29997200556033154,3,17,0.014748224515950259,-0.3147202300762818,0.006388632,16
ridge_conditional_industry_ablation,train,20220715,20,-0.006399314296482256,-0.12798628592964512,5,15,0.17279697510372194,-0.30078326103336706,0.006265485,18
ridge_conditional_industry_ablation,train,20220718,20,-0.017488265315318635,-0.3497653063063727,5,15,0.06662364072438631,-0.416388947030759,0.006484992,15
ridge_conditional_industry_ablation,train,20220719,20,-0.003214786800781916,-0.06429573601563832,11,9,0.13877361730596216,-0.20306935332160048,0.006598863,14
ridge_conditional_industry_ablation,train,20220720,20,0.008101766740411243,0.16203533480822485,13,7,0.27002023424266985,-0.107984899434445,0.0066043073,14
ridge_conditional_industry_ablation,train,20220721,20,0.012804120491242937,0.25608240982485875,15,5,0.36288212187475755,-0.1067997120498988,0.006590078,14
ridge_conditional_industry_ablation,train,20220722,20,0.006201585928510339,0.12403171857020678,14,6,0.21924058677100366,-0.09520886820079688,0.0066160797,14
ridge_conditional_industry_ablation,train,20220725,20,0.028749384365955595,0.5749876873191119,16,4,0.6848531865534775,-0.10986549923436562,0.0065078796,14
ridge_conditional_industry_ablation,train,20220726,20,-0.012253561693346949,-0.24507123386693896,2,18,0.2888513945343454,-0.5339226284012843,0.0064620175,15
ridge_conditional_industry_ablation,train,20220727,20,-0.037802733263670375,-0.7560546652734075,0,20,0.0,-0.7560546652734075,0.006293579,14
ridge_conditional_industry_ablation,train,20220728,20,-0.04104725355940163,-0.8209450711880326,1,19,0.023457862728062606,-0.8444029339160952,0.0063797,16
ridge_conditional_industry_ablation,train,20220729,20,-0.03165854771289143,-0.6331709542578285,1,19,0.04723707664884125,-0.6804080309066698,0.0064109443,14
ridge_conditional_industry_ablation,train,20220801,20,-0.027055914162947708,-0.5411182832589542,2,18,0.02958100713061751,-0.5706992903895717,0.006456838,14
ridge_conditional_industry_ablation,train,20220802,20,-0.0006448738678390242,-0.012897477356780485,10,10,0.19267587762432714,-0.20557335498110763,0.006292221,15
ridge_conditional_industry_ablation,train,20220803,20,0.004125076027476526,0.08250152054953053,12,8,0.2032359510477646,-0.12073443049823407,0.0063712364,14
ridge_conditional_industry_ablation,train,20220804,20,0.036746921838200365,0.7349384367640073,18,2,0.7922924343491022,-0.05735399758509496,0.0064161783,15
ridge_conditional_industry_ablation,train,20220805,20,0.030992277038834292,0.6198455407766859,16,4,0.6521896331134474,-0.0323440923367615,0.006456913,13
ridge_conditional_industry_ablation,train,20220808,20,0.03107390784663442,0.6214781569326884,19,1,0.6214781569326884,0.0,0.0065589817,12
ridge_conditional_industry_ablation,train,20220809,20,0.03683173084765039,0.7366346169530078,19,1,0.7375906398975585,-0.0009560229445506607,0.0066205235,13
ridge_conditional_industry_ablation,train,20220810,20,0.01779117589100101,0.3558235178200202,15,5,0.3600546946484091,-0.004231176828388916,0.0065932088,10
ridge_conditional_industry_ablation,train,20220811,20,-0.0006356383365130613,-0.012712766730261227,8,12,0.1454302911332972,-0.15814305786355842,0.0064326995,12
ridge_conditional_industry_ablation,train,20220812,20,-0.013584795645421227,-0.27169591290842454,2,18,0.012831645895086119,-0.28452755880351066,0.006446857,10
ridge_conditional_industry_ablation,train,20220815,20,-0.0100995079433016,-0.201990158866032,5,15,0.1799030408392468,-0.3818931997052788,0.0063462583,11
ridge_conditional_industry_ablation,train,20220816,20,-0.019854371386014518,-0.3970874277202904,2,18,0.05484800064452022,-0.4519354283648106,0.006372678,10
ridge_conditional_industry_ablation,train,20220817,20,-0.020307731482616064,-0.4061546296523213,4,16,0.0951563215764093,-0.5013109512287306,0.0063650794,11
ridge_conditional_industry_ablation,train,20220818,20,-0.026241659804190392,-0.5248331960838079,3,17,0.06360101834498777,-0.5884342144287956,0.0064434493,14
ridge_conditional_industry_ablation,train,20220819,20,-0.01082860501675147,-0.21657210033502938,6,14,0.2018836399652426,-0.418455740300272,0.0063962145,12
ridge_conditional_industry_ablation,train,20220822,20,-0.017218216127891928,-0.34436432255783855,3,17,0.09667703730890698,-0.44104135986674553,0.006499517,12
ridge_conditional_industry_ablation,train,20220823,20,-0.024755649975390544,-0.49511299950781085,1,19,0.005141388174807249,-0.5002543876826181,0.0064322255,13
ridge_conditional_industry_ablation,train,20220824,20,-0.017923499649901347,-0.35846999299802695,3,17,0.01982349489921864,-0.3782934878972456,0.0063533746,14
ridge_conditional_industry_ablation,train,20220825,20,-0.016582718506118498,-0.33165437012237,4,16,0.031024938896178966,-0.36267930901854895,0.006315636,15
ridge_conditional_industry_ablation,train,20220826,20,-0.00317729250759573,-0.0635458501519146,11,9,0.16391738328110916,-0.22746323343302377,0.0063612773,13
ridge_conditional_industry_ablation,train,20220829,20,-0.008104380748421902,-0.16208761496843804,6,14,0.06750837881028726,-0.2295959937787253,0.0063745407,16
ridge_conditional_industry_ablation,train,20220830,20,-0.005769663342223402,-0.11539326684446805,9,11,0.1151423377712344,-0.23053560461570244,0.0063493215,12
ridge_conditional_industry_ablation,train,20220831,20,-0.0021303542350482154,-0.042607084700964304,9,11,0.10776525749460775,-0.15037234219557205,0.0063036596,13
ridge_conditional_industry_ablation,train,20220901,20,0.005311881741976837,0.10623763483953674,14,6,0.18538662180454013,-0.07914898696500339,0.006256342,14
ridge_conditional_industry_ablation,train,20220902,20,-0.011190556450171802,-0.22381112900343603,6,14,0.08650719769843707,-0.3103183267018731,0.006334989,14
ridge_conditional_industry_ablation,train,20220905,20,-0.009028268052912857,-0.18056536105825716,3,17,0.018406399772204374,-0.19897176083046153,0.0062188143,13
ridge_conditional_industry_ablation,train,20220906,20,-0.01439654269423854,-0.2879308538847708,2,18,0.013498146008625866,-0.30142899989339667,0.0063123195,14
ridge_conditional_industry_ablation,train,20220907,20,-0.026628268644643238,-0.5325653728928648,0,20,0.0,-0.5325653728928648,0.0065037096,15
ridge_conditional_industry_ablation,train,20220908,20,0.002103066042218582,0.04206132084437164,11,9,0.18152493657546054,-0.1394636157310889,0.006447684,10
ridge_conditional_industry_ablation,train,20220909,20,-0.011836586454265708,-0.23673172908531415,9,11,0.16214270619604076,-0.3988744352813549,0.0063776346,12
ridge_conditional_industry_ablation,train,20220913,20,0.016638270611904187,0.33276541223808376,15,5,0.5871394015846592,-0.2543739893465754,0.0064252927,14
ridge_conditional_industry_ablation,train,20220914,20,0.08344913167094314,1.6689826334188629,18,2,1.7487860491811826,-0.07980341576231986,0.0062870323,15
ridge_conditional_industry_ablation,train,20220915,20,0.08613645882707845,1.7227291765415689,17,3,1.8151625572856,-0.09243338074403118,0.006187777,13
ridge_conditional_industry_ablation,train,20220916,20,-0.004852893955737264,-0.09705787911474528,5,15,0.24295851045226957,-0.34001638956701485,0.0059097903,12
ridge_conditional_industry_ablation,train,20220919,20,-0.021238523496358706,-0.42477046992717415,4,16,0.19227676258362747,-0.6170472325108016,0.0058798725,11
ridge_conditional_industry_ablation,train,20220920,20,-0.014558791669730786,-0.2911758333946157,5,15,0.11238200503259255,-0.40355783842720827,0.0059138928,12
ridge_conditional_industry_ablation,train,20220921,20,-0.038061931530784895,-0.7612386306156979,2,18,0.01477062608905011,-0.776009256704748,0.005907533,12
ridge_conditional_industry_ablation,train,20220922,20,-0.03014439129446512,-0.6028878258893023,4,16,0.12604173923958784,-0.7289295651288902,0.005889383,12
ridge_conditional_industry_ablation,train,20220923,20,-0.02913460762691581,-0.5826921525383162,2,18,0.016522501293177783,-0.599214653831494,0.0059129973,14
ridge_conditional_industry_ablation,train,20220926,20,-0.0334658060518257,-0.669316121036514,1,19,0.018232819074333717,-0.6875489401108477,0.0059593837,12
ridge_conditional_industry_ablation,train,20220927,20,-0.048427057983711844,-0.9685411596742369,3,17,0.08239514719049312,-1.0509363068647302,0.0061610634,14
ridge_conditional_industry_ablation,train,20220928,20,-0.03597640922323518,-0.7195281844647037,5,15,0.039473494208533744,-0.7590016786732374,0.006270787,15
ridge_conditional_industry_ablation,train,20220929,20,-0.010168096825716016,-0.20336193651432033,8,12,0.18833900809640958,-0.3917009446107299,0.006286323,14
ridge_conditional_industry_ablation,train,20220930,20,0.00666201234418295,0.13324024688365899,11,9,0.39092373548390413,-0.25768348860024515,0.0062398845,15
ridge_conditional_industry_ablation,train,20221010,20,0.06403267733295598,1.2806535466591196,18,2,1.3156011571881256,-0.03494761052900608,0.0061777984,13
ridge_conditional_industry_ablation,train,20221011,20,0.07310336366648947,1.4620672733297893,19,1,1.4787571203395249,-0.016689847009735748,0.0061439285,14
ridge_conditional_industry_ablation,train,20221012,20,0.02631620051997749,0.5263240103995498,17,3,0.5427370588093314,-0.01641304840978164,0.006349583,15
ridge_conditional_industry_ablation,train,20221013,20,0.004780235470841376,0.09560470941682753,12,8,0.22094388318301394,-0.12533917376618642,0.006318234,15
ridge_conditional_industry_ablation,train,20221014,20,-0.0010498985732765754,-0.020997971465531506,9,11,0.1040928067637239,-0.1250907782292554,0.0063542677,15
ridge_conditional_industry_ablation,train,20221017,20,-0.020832536095342784,-0.4166507219068557,1,19,0.004092769440654953,-0.42074349134751066,0.006430012,14
ridge_conditional_industry_ablation,train,20221018,20,-0.016979827411141374,-0.3395965482228275,2,18,0.08169401668565524,-0.4212905649084827,0.0063330205,13
ridge_conditional_industry_ablation,train,20221019,20,-0.0015081752799824765,-0.03016350559964953,7,13,0.15833678225871917,-0.1885002878583687,0.006198112,13
ridge_conditional_industry_ablation,train,20221020,20,-0.00932925102864271,-0.1865850205728542,3,17,0.1535122529805879,-0.3400972735534421,0.0062096305,14
ridge_conditional_industry_ablation,train,20221021,20,-0.03865985472889443,-0.7731970945778887,1,19,0.0024630541871921707,-0.7756601487650808,0.0062520327,13
ridge_conditional_industry_ablation,train,20221024,20,-0.02333442683952582,-0.46668853679051636,6,14,0.14528077507018877,-0.6119693118607051,0.006083891,15
ridge_conditional_industry_ablation,train,20221025,20,0.003401890996033241,0.06803781992066482,11,9,0.3169635798807111,-0.2489257599600463,0.0061341203,15
ridge_conditional_industry_ablation,train,20221026,20,-0.007048670382767841,-0.14097340765535682,8,12,0.2635501650899825,-0.40452357274533934,0.0062520728,15
ridge_conditional_industry_ablation,train,20221027,20,-0.00471408766754775,-0.09428175335095501,10,10,0.2524552102696076,-0.3467369636205626,0.006287622,16
ridge_conditional_industry_ablation,train,20221028,20,0.03275028444689948,0.6550056889379896,16,4,0.7205054753621305,-0.0654997864241409,0.0060660425,13
ridge_conditional_industry_ablation,train,20221031,20,0.05624367035305146,1.1248734070610291,18,2,1.127831986942686,-0.002958579881656931,0.0061875866,15
ridge_conditional_industry_ablation,train,20221101,20,0.0391649603871193,0.783299207742386,17,3,0.7904735527829865,-0.007174345040600438,0.006362667,14
ridge_conditional_industry_ablation,train,20221102,20,0.03430996968435325,0.6861993936870651,15,5,0.7170873047112527,-0.030887911024187642,0.0063452446,14
ridge_conditional_industry_ablation,train,20221103,20,0.02012685677013152,0.40253713540263036,16,4,0.42779329507031627,-0.025256159667685907,0.0064181676,14
ridge_conditional_industry_ablation,train,20221104,20,0.0023471521212840686,0.04694304242568137,8,12,0.1271066562730001,-0.08016361384731874,0.006427112,13
ridge_conditional_industry_ablation,train,20221107,20,0.001114676002885806,0.02229352005771612,7,13,0.11401547215777796,-0.09172195210006184,0.006281221,14
ridge_conditional_industry_ablation,train,20221108,20,0.006790389261624763,0.13580778523249526,13,7,0.1946495760764635,-0.058841790843968234,0.0062423344,14
ridge_conditional_industry_ablation,train,20221109,20,0.015847643048291015,0.3169528609658203,15,5,0.3425128184158428,-0.025559957450022486,0.006260358,13
ridge_conditional_industry_ablation,train,20221110,20,0.013016187373906408,0.26032374747812814,10,10,0.3532425669488197,-0.09291881947069158,0.006180627,10
ridge_conditional_industry_ablation,train,20221111,20,0.007474968051615877,0.14949936103231753,5,15,0.3523527103247237,-0.20285334929240617,0.006106676,10
ridge_conditional_industry_ablation,train,20221114,20,0.01833990604479401,0.36679812089588015,18,2,0.375686847877174,-0.008888726981293837,0.006185443,13
ridge_conditional_industry_ablation,train,20221115,20,-0.003860589743878268,-0.07721179487756535,8,12,0.06266433399825044,-0.1398761288758158,0.006260507,13
ridge_conditional_industry_ablation,train,20221116,20,-0.004906686429409923,-0.09813372858819847,4,16,0.04134443681119726,-0.13947816539939573,0.006210397,11
ridge_conditional_industry_ablation,train,20221117,20,-0.004514222477265939,-0.09028444954531878,5,15,0.07529162293149705,-0.16557607247681583,0.006260559,12
ridge_conditional_industry_ablation,train,20221118,20,-0.01735125210326118,-0.34702504206522355,1,19,0.007692307692307665,-0.3547173497575312,0.006237557,11
ridge_conditional_industry_ablation,train,20221121,20,-0.018286231272910975,-0.3657246254582195,1,19,0.0011376564277592038,-0.3668622818859787,0.0060253283,10
ridge_conditional_industry_ablation,train,20221122,20,0.0031065989530336567,0.06213197906067314,10,10,0.25060188142903694,-0.1884699023683638,0.0059543992,11
ridge_conditional_industry_ablation,train,20221123,20,-0.006716640148542225,-0.1343328029708445,6,14,0.09509360941428069,-0.22942641238512518,0.0059079914,11
ridge_conditional_industry_ablation,train,20221124,20,-0.00412653397826288,-0.08253067956525761,8,12,0.08741615663380053,-0.16994683619905815,0.0059974156,12
ridge_conditional_industry_ablation,train,20221125,20,0.011400165609755274,0.2280033121951055,12,8,0.29061900170630905,-0.06261568951120355,0.0060009384,11
ridge_conditional_industry_ablation,train,20221128,20,0.02035995599363378,0.40719911987267554,17,3,0.42527060201408906,-0.01807148214141352,0.006042732,11
ridge_conditional_industry_ablation,train,20221129,20,0.009963111963636851,0.199262239272737,13,7,0.29492837710861863,-0.09566613783588163,0.0061493283,9
ridge_conditional_industry_ablation,train,20221130,20,-0.0058867253279142,-0.11773450655828399,7,13,0.06539104268710383,-0.18312554924538782,0.006193377,10
ridge_conditional_industry_ablation,train,20221201,20,-0.0018020659873983157,-0.036041319747966316,9,11,0.10150169531371067,-0.137543015061677,0.0062678596,9
ridge_conditional_industry_ablation,train,20221202,20,-0.012904880512372046,-0.25809761024744093,5,15,0.020461044532120942,-0.2785586547795619,0.006396968,10
ridge_conditional_industry_ablation,train,20221205,20,-0.012200739659495441,-0.24401479318990882,3,17,0.04752379122462713,-0.29153858441453595,0.006405401,12
ridge_conditional_industry_ablation,train,20221206,20,-0.010944783376968258,-0.21889566753936518,2,18,0.008455318718433968,-0.22735098625779915,0.0063068145,12
ridge_conditional_industry_ablation,train,20221207,20,-0.014168935607851324,-0.2833787121570265,1,19,0.0060240963855420215,-0.2894028085425685,0.0063002794,11
ridge_conditional_industry_ablation,train,20221208,20,-0.007226339637914659,-0.14452679275829317,6,14,0.06187361532756075,-0.20640040808585391,0.006200625,12
ridge_conditional_industry_ablation,train,20221209,20,-0.018669101402555482,-0.37338202805110965,3,17,0.03341751040376573,-0.4067995384548754,0.0061757183,13
ridge_conditional_industry_ablation,train,20221212,20,-0.023828734333047573,-0.4765746866609515,2,18,0.016913830506063654,-0.49348851716701514,0.0061671124,13
ridge_conditional_industry_ablation,train,20221213,20,-0.019947945071992573,-0.39895890143985147,2,18,0.020009620009620477,-0.41896852144947194,0.0061646267,13
ridge_conditional_industry_ablation,train,20221214,20,-0.02973808632862505,-0.594761726572501,2,18,0.019728949842751975,-0.614490676415253,0.0061586467,11
ridge_conditional_industry_ablation,train,20221215,20,-0.03573571786743142,-0.7147143573486283,0,20,0.0,-0.7147143573486283,0.0062701763,14
ridge_conditional_industry_ablation,train,20221216,20,-0.035155329183449005,-0.7031065836689802,1,19,0.0027816411682892728,-0.7058882248372694,0.0062514483,14
ridge_conditional_industry_ablation,train,20221219,20,-0.02077907800693395,-0.415581560138679,4,16,0.05383140828991473,-0.4694129684285937,0.006108823,14
ridge_conditional_industry_ablation,train,20221220,20,-0.0210770157047069,-0.42154031409413806,4,16,0.02394720244319437,-0.44548751653733243,0.006160043,14
ridge_conditional_industry_ablation,train,20221221,20,-0.028930240050965395,-0.5786048010193079,2,18,0.022669374457305658,-0.6012741754766135,0.006184048,12
ridge_conditional_industry_ablation,train,20221222,20,-0.01107650401237229,-0.2215300802474458,8,12,0.12615456896882304,-0.34768464921626885,0.0061792126,11
ridge_conditional_industry_ablation,train,20221223,20,0.009731293663290197,0.19462587326580394,13,7,0.26186819323508725,-0.06724231996928332,0.006252124,13
ridge_conditional_industry_ablation,train,20221226,20,-0.005272518126821363,-0.10545036253642726,8,12,0.10109596401610377,-0.20654632655253102,0.006522566,11
ridge_conditional_industry_ablation,train,20221227,20,-0.0031356349032839017,-0.06271269806567803,9,11,0.1250632247063288,-0.18777592277200683,0.00654718,10
ridge_conditional_industry_ablation,train,20221228,20,0.012222199492673707,0.24444398985347415,14,6,0.3171225667433155,-0.07267857688984136,0.0064766845,11
ridge_conditional_industry_ablation,train,20221229,20,0.007738156909728344,0.15476313819456688,11,9,0.24435141222698697,-0.08958827403242009,0.0064713135,11
ridge_conditional_industry_ablation,train,20221230,20,0.0187301414500238,0.37460282900047603,16,4,0.3993640564097245,-0.024761227409248465,0.0064743035,14
ridge_conditional_industry_ablation,validation,20230103,20,0.00732835694621059,0.1465671389242118,12,8,0.22512081558524355,-0.07855367666103175,0.006550989,14
ridge_conditional_industry_ablation,validation,20230104,20,-0.0009509434079286949,-0.0190188681585739,10,10,0.0784922143087412,-0.0975110824673151,0.0065216497,12
ridge_conditional_industry_ablation,validation,20230105,20,-0.0048930426178624194,-0.0978608523572484,6,14,0.07879540619948577,-0.17665625855673417,0.006599147,12
ridge_conditional_industry_ablation,validation,20230106,20,-0.001313538935948677,-0.026270778718973542,10,10,0.09006786398473055,-0.11633864270370409,0.006581212,12
ridge_conditional_industry_ablation,validation,20230109,20,0.003891531706827622,0.07783063413655245,13,7,0.16351055000876613,-0.08567991587221369,0.0065677576,11
ridge_conditional_industry_ablation,validation,20230110,20,0.009065789643794914,0.18131579287589827,11,9,0.2264860713024175,-0.04517027842651922,0.006422531,13
ridge_conditional_industry_ablation,validation,20230111,20,0.016946453185166178,0.33892906370332354,16,4,0.3523931925466617,-0.013464128843338141,0.0063100895,12
ridge_conditional_industry_ablation,validation,20230112,20,0.02310850684479539,0.4621701368959078,15,5,0.48850609936049993,-0.026335962464592133,0.0063253157,10
ridge_conditional_industry_ablation,validation,20230113,20,0.03132003800651613,0.6264007601303226,17,3,0.6457217106729927,-0.019320950542670023,0.0063894503,11
ridge_conditional_industry_ablation,validation,20230116,20,0.027534732350212344,0.5506946470042469,20,0,0.5506946470042469,0.0,0.006432549,12
ridge_conditional_industry_ablation,validation,20230117,20,0.09714265736044272,1.9428531472088544,20,0,1.9428531472088544,0.0,0.006416762,11
ridge_conditional_industry_ablation,validation,20230118,20,0.0885713612963556,1.7714272259271118,20,0,1.7714272259271118,0.0,0.0064878925,12
ridge_conditional_industry_ablation,validation,20230119,20,0.06627433451740383,1.3254866903480766,20,0,1.3254866903480766,0.0,0.006519731,11
ridge_conditional_industry_ablation,validation,20230120,20,0.04825840231386099,0.9651680462772199,20,0,0.9651680462772199,0.0,0.0064849034,11
ridge_conditional_industry_ablation,validation,20230130,20,0.031092129883653674,0.6218425976730735,20,0,0.6218425976730735,0.0,0.006525641,14
ridge_conditional_industry_ablation,validation,20230131,20,0.030751905666996482,0.6150381133399296,9,11,0.7266191734911982,-0.11158106015126856,0.0058189174,11
ridge_conditional_industry_ablation,validation,20230201,20,-0.010115226033999853,-0.20230452067999705,3,17,0.04417533731857559,-0.24647985799857264,0.0059926426,14
ridge_conditional_industry_ablation,validation,20230202,20,0.001082077828558664,0.02164155657117328,8,12,0.10950343154113384,-0.08786187496996056,0.006174593,15
ridge_conditional_industry_ablation,validation,20230203,20,0.0012384045071768101,0.024768090143536203,11,9,0.10507685282687018,-0.08030876268333398,0.00613912,15
ridge_conditional_industry_ablation,validation,20230206,20,0.008070560403769144,0.1614112080753829,10,10,0.22238816901893443,-0.06097696094355154,0.006113743,15
ridge_conditional_industry_ablation,validation,20230207,20,0.004559576069288774,0.09119152138577546,12,8,0.15849772108346882,-0.06730619969769336,0.0065170117,15
ridge_conditional_industry_ablation,validation,20230208,20,0.01046018234867937,0.2092036469735874,16,4,0.22343592805092638,-0.014232281077338982,0.006481541,14
ridge_conditional_industry_ablation,validation,20230209,20,-0.006140582113776921,-0.12281164227553842,7,13,0.0683795383471908,-0.19119118062272922,0.0064215227,15
ridge_conditional_industry_ablation,validation,20230210,20,-0.013359937332443056,-0.2671987466488611,3,17,0.02091947395876259,-0.2881182206076237,0.006462913,14
ridge_conditional_industry_ablation,validation,20230213,20,-0.007847630306144248,-0.15695260612288497,6,14,0.02893150645595255,-0.18588411257883752,0.0064765126,11
ridge_conditional_industry_ablation,validation,20230214,20,-0.007768524769942891,-0.15537049539885783,5,15,0.0339851965849407,-0.18935569198379854,0.0064346604,11
ridge_conditional_industry_ablation,validation,20230215,20,-0.00239678018147057,-0.047935603629411405,6,14,0.10153462335696206,-0.14947022698637347,0.0064381137,12
ridge_conditional_industry_ablation,validation,20230216,20,-0.002564765825556925,-0.0512953165111385,7,13,0.08463419998848809,-0.1359295164996266,0.006163086,13
ridge_conditional_industry_ablation,validation,20230217,20,-0.004701803049803027,-0.09403606099606054,7,13,0.1016712472035517,-0.19570730819961224,0.0060686492,13
ridge_conditional_industry_ablation,validation,20230220,20,-0.021743512611698518,-0.43487025223397036,2,18,0.027803889620020117,-0.4626741418539905,0.006228335,14
ridge_conditional_industry_ablation,validation,20230221,20,-0.020270351140223297,-0.40540702280446594,4,16,0.027845843812623006,-0.43325286661708895,0.006305511,14
ridge_conditional_industry_ablation,validation,20230222,20,-0.014589795870521843,-0.29179591741043687,2,18,0.01943801176061477,-0.31123392917105164,0.0063211,14
ridge_conditional_industry_ablation,validation,20230223,20,-0.010997241327563833,-0.21994482655127667,4,16,0.02799553945551625,-0.24794036600679292,0.0064645587,14
ridge_conditional_industry_ablation,validation,20230224,20,0.002226394680738736,0.044527893614774716,9,11,0.14788977713410123,-0.10336188351932651,0.006503442,12
ridge_conditional_industry_ablation,validation,20230227,20,-0.0025417868851158377,-0.05083573770231675,6,14,0.06115281710634979,-0.11198855480866654,0.006454197,14
ridge_conditional_industry_ablation,validation,20230228,20,-0.011333720954050946,-0.22667441908101893,3,17,0.030285138948781265,-0.2569595580298002,0.006589014,14
ridge_conditional_industry_ablation,validation,20230301,20,-0.015632675791402966,-0.31265351582805934,4,16,0.0232731945185638,-0.33592671034662314,0.006588263,13
ridge_conditional_industry_ablation,validation,20230302,20,-0.018391074516412177,-0.3678214903282435,3,17,0.014464275953893324,-0.38228576628213684,0.006513407,13
ridge_conditional_industry_ablation,validation,20230303,20,-0.017729179784128808,-0.35458359568257614,1,19,0.025147928994082802,-0.37973152467665894,0.0064976774,14
ridge_conditional_industry_ablation,validation,20230306,20,-0.02242848557997617,-0.4485697115995234,1,19,0.013341419041843716,-0.46191113064136713,0.0065029874,14
ridge_conditional_industry_ablation,validation,20230307,20,-0.020129468232992803,-0.40258936465985606,3,17,0.07452091089411761,-0.4771102755539737,0.006272712,15
ridge_conditional_industry_ablation,validation,20230308,20,-0.023334344819830634,-0.46668689639661265,0,20,0.0,-0.46668689639661265,0.0063365074,15
ridge_conditional_industry_ablation,validation,20230309,20,-0.026269171321209584,-0.5253834264241917,1,19,0.01101591187270512,-0.5363993382968968,0.00637874,14
ridge_conditional_industry_ablation,validation,20230310,20,-0.025756033119371868,-0.5151206623874374,2,18,0.0204258033114304,-0.5355464656988678,0.0062427125,13
ridge_conditional_industry_ablation,validation,20230313,20,-0.027987430520226474,-0.5597486104045295,2,18,0.004407603243872904,-0.5641562136484024,0.0063370625,14
ridge_conditional_industry_ablation,validation,20230314,20,-0.006617083389893075,-0.1323416677978615,6,14,0.11655181833688322,-0.2488934861347447,0.006354271,14
ridge_conditional_industry_ablation,validation,20230315,20,-0.0025984796289697685,-0.051969592579395374,9,11,0.15422254984174422,-0.2061921424211396,0.0063984976,13
ridge_conditional_industry_ablation,validation,20230316,20,-0.009244664100589378,-0.18489328201178756,10,10,0.09457815424489868,-0.27947143625668625,0.006304948,14
ridge_conditional_industry_ablation,validation,20230317,20,0.010500105609769305,0.21000211219538611,13,7,0.3139140723603979,-0.10391196016501181,0.0064169853,13
ridge_conditional_industry_ablation,validation,20230320,20,0.01803388683799026,0.3606777367598052,13,7,0.4231620115922363,-0.06248427483243113,0.006370972,14
ridge_conditional_industry_ablation,validation,20230321,20,0.004956825423523053,0.09913650847046107,11,9,0.18231500820464275,-0.08317849973418168,0.006502903,14
ridge_conditional_industry_ablation,validation,20230322,20,0.0017684856594104349,0.035369713188208696,6,14,0.17592312287711098,-0.1405534096889023,0.0064399117,15
ridge_conditional_industry_ablation,validation,20230323,20,-0.0076946379282881614,-0.15389275856576323,6,14,0.05843267571253774,-0.21232543427830097,0.006432484,16
ridge_conditional_industry_ablation,validation,20230324,20,-0.01298919848056187,-0.2597839696112374,4,16,0.02399578048826667,-0.28377975009950407,0.006318298,15
ridge_conditional_industry_ablation,validation,20230327,20,-0.01185652137275523,-0.2371304274551046,4,16,0.01540242556362692,-0.2525328530187315,0.006333232,16
ridge_conditional_industry_ablation,validation,20230328,20,-0.014153708418289463,-0.28307416836578925,4,16,0.03145719064354835,-0.3145313590093376,0.006209373,15
ridge_conditional_industry_ablation,validation,20230329,20,-0.01458135005839149,-0.2916270011678298,4,16,0.04113597832394622,-0.332762979491776,0.0061635026,15
ridge_conditional_industry_ablation,validation,20230330,20,-0.0031418736468089904,-0.0628374729361798,9,11,0.07623360318627448,-0.13907107612245428,0.0061307373,15
ridge_conditional_industry_ablation,validation,20230331,20,-0.009150113394491155,-0.1830022678898231,5,15,0.11686114237774103,-0.29986341026756413,0.00633656,17
ridge_conditional_industry_ablation,validation,20230403,20,-0.005880194514067599,-0.11760389028135199,8,12,0.07040704816920473,-0.18801093845055672,0.006399983,16
ridge_conditional_industry_ablation,validation,20230404,20,0.0029721600540277226,0.05944320108055445,10,10,0.17041469149582866,-0.11097149041527421,0.0063125878,17
ridge_conditional_industry_ablation,validation,20230406,20,-0.003188317745401975,-0.0637663549080395,6,14,0.14593071255361978,-0.20969706746165928,0.0063486486,16
ridge_conditional_industry_ablation,validation,20230407,20,-0.005219572141562795,-0.1043914428312559,7,13,0.12285685704949878,-0.22724829988075468,0.006417866,16
ridge_conditional_industry_ablation,validation,20230410,20,5.051089681323839e-05,0.0010102179362647679,10,10,0.15941011148684336,-0.1583998935505786,0.0062513286,14
ridge_conditional_industry_ablation,validation,20230411,20,-0.001292140551523241,-0.02584281103046482,4,16,0.20537733207594955,-0.23122014310641437,0.0061690975,16
ridge_conditional_industry_ablation,validation,20230412,20,-0.0008211695716546563,-0.016423391433093126,10,10,0.143520942488349,-0.15994433392144214,0.006278024,14
ridge_conditional_industry_ablation,validation,20230413,20,-0.015485160075528104,-0.3097032015105621,3,17,0.06225871179810327,-0.37196191330866535,0.0062087392,15
ridge_conditional_industry_ablation,validation,20230414,20,-0.028362280036592514,-0.5672456007318503,1,19,0.018011527377521652,-0.5852571281093719,0.0062409276,13
ridge_conditional_industry_ablation,validation,20230417,20,-0.033407496770194035,-0.6681499354038807,1,19,0.052032520325203224,-0.7201824557290839,0.0063516563,14
ridge_conditional_industry_ablation,validation,20230418,20,-0.04054739825059546,-0.8109479650119091,2,18,0.07383297361824459,-0.8847809386301537,0.0062829107,16
ridge_conditional_industry_ablation,validation,20230419,20,-0.01071774192735317,-0.2143548385470634,3,17,0.33118875443595663,-0.54554359298302,0.0062286127,14
ridge_conditional_industry_ablation,validation,20230420,20,-0.010177305634917127,-0.20354611269834255,5,15,0.3075484626187861,-0.5110945753171287,0.006193901,15
ridge_conditional_industry_ablation,validation,20230421,20,0.012307822464168477,0.24615644928336955,13,7,0.5860442941349622,-0.3398878448515926,0.006078631,13
ridge_conditional_industry_ablation,validation,20230424,20,0.011495699772051343,0.22991399544102686,12,8,0.6215653108516899,-0.391651315410663,0.006103424,15
ridge_conditional_industry_ablation,validation,20230425,20,0.032699637736690566,0.6539927547338114,15,5,0.9198926693182203,-0.265899914584409,0.0060032653,15
ridge_conditional_industry_ablation,validation,20230426,20,0.07676364949243435,1.535272989848687,18,2,1.5734576786459955,-0.03818468879730841,0.0061967163,14
ridge_conditional_industry_ablation,validation,20230427,20,0.041373681803261994,0.8274736360652399,18,2,0.8498895762893992,-0.02241594022415927,0.0062839063,16
ridge_conditional_industry_ablation,validation,20230428,20,0.02925518624877192,0.5851037249754384,16,4,0.6423378575749883,-0.0572341325995499,0.0063825576,13
ridge_conditional_industry_ablation,validation,20230504,20,0.04184288190067212,0.8368576380134424,19,1,0.8543576380134423,-0.01749999999999996,0.006449127,12
ridge_conditional_industry_ablation,validation,20230505,20,0.009712802642302643,0.19425605284605285,13,7,0.32051280169610696,-0.1262567488500541,0.0062809726,14
ridge_conditional_industry_ablation,validation,20230508,20,-0.0003727279439090569,-0.007454558878181139,10,10,0.134664487432143,-0.14211904631032413,0.0061360886,14
ridge_conditional_industry_ablation,validation,20230509,20,0.004225919734224809,0.08451839468449618,12,8,0.22810267473643342,-0.14358428005193724,0.0060931398,14
ridge_conditional_industry_ablation,validation,20230510,20,0.01573543552792363,0.3147087105584726,12,8,0.38581129337013964,-0.07110258281166704,0.0060130055,13
ridge_conditional_industry_ablation,validation,20230511,20,-0.001830904084664914,-0.03661808169329828,8,12,0.15828906237696727,-0.19490714407026555,0.0058855386,15
ridge_conditional_industry_ablation,validation,20230512,20,0.012170794556143177,0.24341589112286355,12,8,0.3676466159276004,-0.12423072480473685,0.00597137,13
ridge_conditional_industry_ablation,validation,20230515,20,0.014910055902181935,0.2982011180436387,10,10,0.4012146825277625,-0.1030135644841238,0.0062587946,14
ridge_conditional_industry_ablation,validation,20230516,20,0.015622521848565862,0.31245043697131725,16,4,0.34010737422781,-0.027656937256492764,0.006203872,13
ridge_conditional_industry_ablation,validation,20230517,20,0.05090424019186444,1.0180848038372887,13,7,1.0783224832601441,-0.060237679422855295,0.006245517,14
ridge_conditional_industry_ablation,validation,20230518,20,0.014113214658657369,0.2822642931731474,11,9,0.39693299874480625,-0.11466870557165887,0.0062838756,15
ridge_conditional_industry_ablation,validation,20230519,20,0.0008402768626770529,0.01680553725354106,7,13,0.2011985277047068,-0.18439299045116575,0.0062813163,12
ridge_conditional_industry_ablation,validation,20230522,20,-0.006480882674484834,-0.12961765348969667,5,15,0.11164604561507607,-0.24126369910477274,0.0062588216,12
ridge_conditional_industry_ablation,validation,20230523,20,-0.011084755486496567,-0.22169510972993134,4,16,0.06914080538159673,-0.29083591511152806,0.0061340537,13
ridge_conditional_industry_ablation,validation,20230524,20,-0.014883268263491312,-0.29766536526982623,4,16,0.039619393601231234,-0.33728475887105747,0.006079168,10
ridge_conditional_industry_ablation,validation,20230525,20,-0.016753223614211117,-0.3350644722842223,5,15,0.032365607547047315,-0.36743007983126963,0.0061012665,12
ridge_conditional_industry_ablation,validation,20230526,20,-0.012975627871128876,-0.2595125574225775,1,19,0.01526717557251911,-0.2747797329950966,0.00611984,12
ridge_conditional_industry_ablation,validation,20230529,20,-0.01319245544405349,-0.2638491088810698,6,14,0.06181886292306937,-0.3256679718041392,0.006093606,14
ridge_conditional_industry_ablation,validation,20230530,20,-0.013188404989152264,-0.2637680997830453,3,17,0.020943186170923722,-0.284711285953969,0.006233031,13
ridge_conditional_industry_ablation,validation,20230531,20,-0.010215969347583809,-0.20431938695167617,4,16,0.07007676102346094,-0.2743961479751371,0.006206676,13
ridge_conditional_industry_ablation,validation,20230601,20,-0.020312267257309224,-0.4062453451461845,4,16,0.07326433393263976,-0.47950967907882425,0.006264764,15
ridge_conditional_industry_ablation,validation,20230602,20,-0.027301164623650915,-0.5460232924730183,4,16,0.029042058138846416,-0.5750653506118647,0.006327696,15
ridge_conditional_industry_ablation,validation,20230605,20,-0.03752169276828876,-0.7504338553657752,2,18,0.022175030150490382,-0.7726088855162656,0.006375602,14
ridge_conditional_industry_ablation,validation,20230606,20,-0.03379764010343738,-0.6759528020687476,5,15,0.05066735173225001,-0.7266201538009976,0.006171679,17
ridge_conditional_industry_ablation,validation,20230607,20,-0.02269933428899202,-0.45398668577984036,7,13,0.06579271977634127,-0.5197794055561816,0.006185447,15
ridge_conditional_industry_ablation,validation,20230608,20,-0.016943302427757316,-0.33886604855514635,6,14,0.1046019288073805,-0.44346797736252686,0.0062021767,13
ridge_conditional_industry_ablation,validation,20230609,20,0.001790607200381361,0.03581214400762722,10,10,0.18655124907783271,-0.1507391050702055,0.0062589506,12
ridge_conditional_industry_ablation,validation,20230612,20,0.0004732719607969671,0.009465439215939342,9,11,0.156329905709073,-0.14686446649313367,0.0064186924,13
ridge_conditional_industry_ablation,validation,20230613,20,-0.004556027412390912,-0.09112054824781823,6,14,0.11942283318339597,-0.2105433814312142,0.0064681508,14
ridge_conditional_industry_ablation,validation,20230614,20,0.007089517059632533,0.14179034119265066,10,10,0.3492201854864201,-0.20742984429376943,0.0064610234,16
ridge_conditional_industry_ablation,validation,20230615,20,-0.018336357477167664,-0.3667271495433533,4,16,0.1209988447764907,-0.487725994319844,0.0065040505,15
ridge_conditional_industry_ablation,validation,20230616,20,-0.002910805311765391,-0.05821610623530782,7,13,0.19941032763473676,-0.2576264338700446,0.0064569814,13
ridge_conditional_industry_ablation,validation,20230619,20,0.015374565789153683,0.30749131578307365,10,10,0.505565117800234,-0.1980738020171604,0.006332451,15
ridge_conditional_industry_ablation,validation,20230620,20,0.010108072290797705,0.20216144581595408,12,8,0.40820604314063624,-0.20604459732468217,0.006273548,17
ridge_conditional_industry_ablation,validation,20230621,20,0.02134720979944159,0.4269441959888318,15,5,0.5669552265265763,-0.14001103053774444,0.0061324895,14
ridge_conditional_industry_ablation,validation,20230626,20,0.034774140279733266,0.6954828055946654,16,4,0.8027632489468457,-0.10728044335218034,0.006092005,16
ridge_conditional_industry_ablation,validation,20230627,20,0.01722022903063667,0.3444045806127334,15,5,0.48532082532060716,-0.14091624470787378,0.006263986,16
ridge_conditional_industry_ablation,validation,20230628,20,0.03280229460221859,0.6560458920443718,17,3,0.6736769895948278,-0.017631097550456,0.0062694224,17
ridge_conditional_industry_ablation,validation,20230629,20,0.010345217096320436,0.20690434192640872,15,5,0.30865176544962747,-0.10174742352321875,0.006229887,16
ridge_conditional_industry_ablation,validation,20230630,20,0.009144100309101311,0.1828820061820262,10,10,0.2536137057543113,-0.07073169957228509,0.0063917413,14
ridge_conditional_industry_ablation,validation,20230703,20,0.00593334459545517,0.1186668919091034,14,6,0.19978568207359504,-0.08111879016449164,0.0064734453,14
ridge_conditional_industry_ablation,validation,20230704,20,0.0031339708979464752,0.0626794179589295,12,8,0.12779470510535074,-0.06511528714642123,0.006370907,14
ridge_conditional_industry_ablation,validation,20230705,20,-0.010277435919978956,-0.2055487183995791,3,17,0.02107887460434843,-0.22662759300392754,0.006298297,14
ridge_conditional_industry_ablation,validation,20230706,20,-0.0016074190329464833,-0.032148380658929665,10,10,0.07776816980750412,-0.10991655046643378,0.006282953,13
ridge_conditional_industry_ablation,validation,20230707,20,-0.002401347135789156,-0.048026942715783116,9,11,0.11867846886085176,-0.16670541157663488,0.0061409036,12
ridge_conditional_industry_ablation,validation,20230710,20,0.006346427951136368,0.12692855902272737,11,9,0.20602948335144045,-0.07910092432871307,0.00613835,10
ridge_conditional_industry_ablation,validation,20230711,20,0.004379737813523937,0.08759475627047875,10,10,0.17965201102140038,-0.09205725475092164,0.006258324,13
ridge_conditional_industry_ablation,validation,20230712,20,0.003047360071012484,0.060947201420249675,12,8,0.16013467880611776,-0.09918747738586808,0.006237247,12
ridge_conditional_industry_ablation,validation,20230713,20,-0.00914721636011891,-0.1829443272023782,5,15,0.04279028398053164,-0.22573461118290983,0.0062812516,12
ridge_conditional_industry_ablation,validation,20230714,20,-0.005813781497711007,-0.11627562995422014,5,15,0.044893601887541656,-0.1611692318417618,0.0062844157,13
ridge_conditional_industry_ablation,validation,20230717,20,-0.009640939066229292,-0.19281878132458585,7,13,0.05018264504556047,-0.24300142637014632,0.006273246,12
ridge_conditional_industry_ablation,validation,20230718,20,-0.0015241342483549303,-0.030482684967098606,8,12,0.1371322754761335,-0.1676149604432321,0.006179604,13
ridge_conditional_industry_ablation,validation,20230719,20,0.0018619587208442423,0.037239174416884846,10,10,0.14438385684366595,-0.1071446824267811,0.0062224003,14
ridge_conditional_industry_ablation,validation,20230720,20,0.0042600868824638986,0.08520173764927796,12,8,0.18437393756824316,-0.0991721999189652,0.0060979407,12
ridge_conditional_industry_ablation,validation,20230721,20,0.005735023775046172,0.11470047550092344,14,6,0.2186012311495844,-0.10390075564866097,0.006181176,14
ridge_conditional_industry_ablation,validation,20230724,20,0.012092865059293889,0.24185730118587778,14,6,0.3014746140201019,-0.05961731283422411,0.006241888,12
ridge_conditional_industry_ablation,validation,20230725,20,0.011190301913281187,0.22380603826562373,14,6,0.28005637133021133,-0.0562503330645876,0.0063514686,14
ridge_conditional_industry_ablation,validation,20230726,20,0.007097712636565634,0.14195425273131268,10,10,0.21633438989676002,-0.07438013716544734,0.0062751644,14
ridge_conditional_industry_ablation,validation,20230727,20,0.009504586449074625,0.1900917289814925,13,7,0.23738264336780546,-0.04729091438631294,0.006220158,16
ridge_conditional_industry_ablation,validation,20230728,20,-0.0008670387113551726,-0.01734077422710345,7,13,0.08325418824108,-0.10059496246818345,0.006230564,15
ridge_conditional_industry_ablation,validation,20230731,20,-0.001103679777219202,-0.02207359554438404,3,17,0.11280941673665268,-0.13488301228103672,0.0062730573,16
ridge_conditional_industry_ablation,validation,20230801,20,-0.005540371087513573,-0.11080742175027147,6,14,0.12161795202090153,-0.232425373771173,0.0062044556,15
ridge_conditional_industry_ablation,validation,20230802,20,-0.010444496197485987,-0.20888992394971972,6,14,0.10713027761020211,-0.31602020155992183,0.006304913,14
ridge_conditional_industry_ablation,validation,20230803,20,-0.00951237473435661,-0.1902474946871322,5,15,0.05030843972172838,-0.24055593440886058,0.006319812,16
ridge_conditional_industry_ablation,validation,20230804,20,-0.014513746705176068,-0.29027493410352134,2,18,0.015686679427813432,-0.3059616135313348,0.006301576,13
ridge_conditional_industry_ablation,validation,20230807,20,-0.017503838117234487,-0.35007676234468976,3,17,0.019192199904510376,-0.36926896224920014,0.006203411,14
ridge_conditional_industry_ablation,validation,20230808,20,-0.010046796390541724,-0.20093592781083447,3,17,0.05271463002027854,-0.253650557831113,0.0062781917,15
ridge_conditional_industry_ablation,validation,20230809,20,-0.022924324807956104,-0.45848649615912207,2,18,0.03971458667736716,-0.49820108283648923,0.006187658,13
ridge_conditional_industry_ablation,validation,20230810,20,-0.01970491974674176,-0.39409839493483523,5,15,0.03304290381942754,-0.42714129875426277,0.0062372186,12
ridge_conditional_industry_ablation,validation,20230811,20,-0.015446960996191934,-0.30893921992383866,2,18,0.01587715486020569,-0.32481637478404435,0.0060870033,14
ridge_conditional_industry_ablation,validation,20230814,20,-0.028094916219097422,-0.5618983243819484,1,19,0.013615733736762392,-0.5755140581187108,0.0061838627,15
ridge_conditional_industry_ablation,validation,20230815,20,-0.025868955398144766,-0.5173791079628953,3,17,0.08926085053387944,-0.6066399584967748,0.0061647985,17
ridge_conditional_industry_ablation,validation,20230816,20,-0.03528186003008131,-0.7056372006016263,3,17,0.06397776577663072,-0.769614966378257,0.0061638085,14
ridge_conditional_industry_ablation,validation,20230817,20,-0.03440536184852603,-0.6881072369705206,4,16,0.10645198908880982,-0.7945592260593304,0.0063129277,15
ridge_conditional_industry_ablation,validation,20230818,20,-0.040602877722536415,-0.8120575544507284,4,16,0.057947212417936766,-0.8700047668686651,0.00635356,12
ridge_conditional_industry_ablation,validation,20230821,20,-0.042714548858909886,-0.8542909771781977,1,19,0.0231741573033708,-0.8774651344815685,0.006314361,13
ridge_conditional_industry_ablation,validation,20230822,20,-0.028391283234177993,-0.5678256646835599,5,15,0.10691881563732597,-0.6747444803208859,0.006397631,14
ridge_conditional_industry_ablation,validation,20230823,20,-0.01948540384254239,-0.38970807685084774,7,13,0.27196675837977,-0.6616748352306178,0.006366945,12
ridge_conditional_industry_ablation,validation,20230824,20,-0.008767158626722876,-0.17534317253445753,10,10,0.3706341726042388,-0.5459773451386963,0.0063946536,10
ridge_conditional_industry_ablation,validation,20230825,20,-0.010774356637579186,-0.2154871327515837,10,10,0.3142958327435741,-0.5297829654951578,0.0064416425,11
ridge_conditional_industry_ablation,validation,20230828,20,0.13017553451677505,2.6035106903355008,20,0,2.6035106903355008,0.0,0.0064465366,11
ridge_conditional_industry_ablation,validation,20230829,20,0.06878138697143128,1.3756277394286256,20,0,1.3756277394286256,0.0,0.0064963414,12
ridge_conditional_industry_ablation,validation,20230830,20,0.05258616082488665,1.051723216497733,18,2,1.073361457592988,-0.021638241095254807,0.006543116,9
ridge_conditional_industry_ablation,validation,20230831,20,0.02992159461581941,0.5984318923163882,17,3,0.6498642026499537,-0.051432310333565545,0.006526295,12
ridge_conditional_industry_ablation,validation,20230901,20,-0.005870736310800789,-0.11741472621601579,5,15,0.3087930065540805,-0.42620773277009627,0.006372302,13
ridge_conditional_industry_ablation,validation,20230904,20,-0.02451259622681532,-0.4902519245363064,3,17,0.06819721208127039,-0.5584491366175768,0.005932546,11
ridge_conditional_industry_ablation,validation,20230905,20,-0.009463869343899001,-0.18927738687798001,7,13,0.03650412395196789,-0.2257815108299479,0.0059252684,13
ridge_conditional_industry_ablation,validation,20230906,20,-0.019987861606289976,-0.3997572321257995,2,18,0.029141310531487497,-0.428898542657287,0.0060007456,11
ridge_conditional_industry_ablation,validation,20230907,20,-0.01629646826546326,-0.3259293653092652,4,16,0.03806002712918444,-0.36398939243844963,0.005961853,13
ridge_conditional_industry_ablation,validation,20230908,20,-0.010385375918792256,-0.2077075183758451,4,16,0.04070374393739007,-0.24841126231323518,0.006141899,13
ridge_conditional_industry_ablation,validation,20230911,20,-0.014347903697533054,-0.2869580739506611,2,18,0.01805442238804411,-0.3050124963387052,0.00650637,12
ridge_conditional_industry_ablation,validation,20230912,20,-0.015411830170517843,-0.30823660341035686,1,19,0.0015748031496063408,-0.3098114065599632,0.0064060474,12
ridge_conditional_industry_ablation,validation,20230913,20,-0.014553935676832896,-0.29107871353665793,4,16,0.03272126502944328,-0.3237999785661012,0.006254442,11
ridge_conditional_industry_ablation,validation,20230914,20,-0.017467596061986407,-0.34935192123972814,3,17,0.01334820065626574,-0.3627001218959939,0.006237467,12
ridge_conditional_industry_ablation,validation,20230915,20,-0.01049018125245727,-0.2098036250491454,5,15,0.054333967958913654,-0.26413759300805906,0.0062512956,12
ridge_conditional_industry_ablation,validation,20230918,20,-0.016367094300250507,-0.32734188600501013,6,14,0.08382933732169606,-0.4111712233267062,0.0063487752,12
ridge_conditional_industry_ablation,validation,20230919,20,-0.00908998395183631,-0.18179967903672622,5,15,0.08069446504313049,-0.2624941440798567,0.0062323236,10
ridge_conditional_industry_ablation,validation,20230920,20,-0.007488696511269955,-0.1497739302253991,5,15,0.05428965208855474,-0.20406358231395383,0.0062130527,13
ridge_conditional_industry_ablation,validation,20230921,20,0.00794048993003369,0.1588097986006738,15,5,0.23305210878920501,-0.07424231018853122,0.0062997304,14
ridge_conditional_industry_ablation,validation,20230922,20,-0.01572454332073291,-0.3144908664146582,4,16,0.03507031526801696,-0.34956118168267514,0.006363376,14
ridge_conditional_industry_ablation,validation,20230925,20,-0.006011741370930368,-0.12023482741860736,5,15,0.16311548576037072,-0.2833503131789781,0.0062737213,13
ridge_conditional_industry_ablation,validation,20230926,20,0.0020289876206061653,0.040579752412123304,10,10,0.21164085795953902,-0.17106110554741571,0.006324681,14
ridge_conditional_industry_ablation,validation,20230927,20,-0.007175574818775021,-0.14351149637550042,6,14,0.1574689992530025,-0.30098049562850293,0.006348797,12
ridge_conditional_industry_ablation,validation,20230928,20,-0.019746930616385872,-0.39493861232771743,5,15,0.08189555833609452,-0.47683417066381195,0.006436014,12
ridge_conditional_industry_ablation,validation,20231009,20,-0.032688003642314355,-0.6537600728462871,4,16,0.06762252616181241,-0.7213825990080995,0.0063884677,17
ridge_conditional_industry_ablation,validation,20231010,20,-0.028856873067437578,-0.5771374613487515,1,19,0.003350083752094113,-0.5804875451008457,0.00642763,12
ridge_conditional_industry_ablation,validation,20231011,20,-0.04026334582891883,-0.8052669165783766,2,18,0.012127646718629759,-0.8173945632970063,0.0064153364,9
ridge_conditional_industry_ablation,validation,20231012,20,-0.05997763715729878,-1.1995527431459756,0,20,0.0,-1.1995527431459756,0.006386419,11
ridge_conditional_industry_ablation,validation,20231013,20,-0.05013135708096628,-1.0026271416193255,1,19,0.0016339869281045694,-1.00426112854743,0.0063280733,12
ridge_conditional_industry_ablation,validation,20231016,20,-0.06919726020697065,-1.383945204139413,0,20,0.0,-1.3839452041394127,0.0064069307,13
ridge_conditional_industry_ablation,validation,20231017,20,-0.054862897529035684,-1.0972579505807136,0,20,0.0,-1.0972579505807136,0.0064134365,12
ridge_conditional_industry_ablation,validation,20231018,20,-0.027443452049569404,-0.5488690409913881,5,15,0.08495875520374474,-0.6338277961951329,0.0063849525,13
ridge_conditional_industry_ablation,validation,20231019,20,-0.020601916136313847,-0.41203832272627694,7,13,0.1448167377905536,-0.5568550605168305,0.0064579835,13
ridge_conditional_industry_ablation,validation,20231020,20,0.03738889949112896,0.7477779898225793,15,5,0.913680186592299,-0.16590219676971973,0.006414822,12
ridge_conditional_industry_ablation,validation,20231023,20,0.05136143907773474,1.0272287815546948,17,3,1.1026749973424117,-0.07544621578771682,0.0063531795,12
ridge_conditional_industry_ablation,validation,20231024,20,0.029498303440419697,0.589966068808394,14,6,0.6869842592395052,-0.09701819043111126,0.0064718835,13
ridge_conditional_industry_ablation,validation,20231025,20,0.020186474676379705,0.40372949352759413,13,7,0.5765168273149122,-0.17278733378731803,0.006520547,12
ridge_conditional_industry_ablation,validation,20231026,20,0.018054327788044257,0.3610865557608851,13,7,0.5400486031204721,-0.17896204735958698,0.006561307,12
ridge_conditional_industry_ablation,validation,20231027,20,0.021163196304781896,0.4232639260956379,12,8,0.5158475834788447,-0.09258365738320684,0.006503948,12
ridge_conditional_industry_ablation,validation,20231030,20,0.02311546501046947,0.46230930020938943,16,4,0.49792226932564576,-0.03561296911625633,0.006517943,12
ridge_conditional_industry_ablation,validation,20231031,20,0.030696047751651117,0.6139209550330224,16,4,0.6370770667546042,-0.02315611172158183,0.0064467946,15
ridge_conditional_industry_ablation,validation,20231101,20,0.06506479437215477,1.3012958874430955,19,1,1.3527980333658423,-0.05150214592274682,0.0064868024,12
ridge_conditional_industry_ablation,validation,20231102,20,0.07287486736958947,1.4574973473917894,20,0,1.4574973473917894,0.0,0.0064372644,13
ridge_conditional_industry_ablation,validation,20231103,20,0.04734298436492733,0.9468596872985465,18,2,0.965218485427572,-0.018358798129025522,0.0064832047,13
ridge_conditional_industry_ablation,validation,20231106,20,0.04365710989418833,0.8731421978837666,19,1,0.8807179554595241,-0.007575757575757569,0.0064753005,15
ridge_conditional_industry_ablation,validation,20231107,20,0.049338463461292704,0.9867692692258541,20,0,0.9867692692258541,0.0,0.006432022,16
ridge_conditional_industry_ablation,validation,20231108,20,0.02436994739615691,0.4873989479231382,18,2,0.5172688177930078,-0.029869869869869614,0.0059675383,14
ridge_conditional_industry_ablation,validation,20231109,20,0.00845865342001142,0.1691730684002284,12,8,0.21673011982004686,-0.047557051419818475,0.0059953565,14
ridge_conditional_industry_ablation,validation,20231110,20,0.016700201617528398,0.33400403235056797,15,5,0.3701195914742157,-0.03611555912364772,0.0060024103,16
ridge_conditional_industry_ablation,validation,20231113,20,0.04843554445454238,0.9687108890908476,20,0,0.9687108890908476,0.0,0.006044759,15
ridge_conditional_industry_ablation,validation,20231114,20,0.09952455677407054,1.990491135481411,20,0,1.990491135481411,0.0,0.0060361675,14
ridge_conditional_industry_ablation,validation,20231115,20,0.22337252326469287,4.467450465293857,20,0,4.467450465293858,0.0,0.006161932,14
ridge_conditional_industry_ablation,validation,20231116,20,0.2168777773300205,4.33755554660041,20,0,4.33755554660041,0.0,0.006271073,16
ridge_conditional_industry_ablation,validation,20231117,20,0.3682278653762948,7.364557307525896,20,0,7.364557307525895,0.0,0.006312534,13
ridge_conditional_industry_ablation,validation,20231120,20,0.4095817789885642,8.191635579771283,19,1,8.206760134931425,-0.015124555160142328,0.0059239715,14
ridge_conditional_industry_ablation,validation,20231121,20,0.00657320093934805,0.131464018786961,14,6,0.16200957279445438,-0.03054555400749337,0.005542938,9
ridge_conditional_industry_ablation,validation,20231122,20,0.004783218091743219,0.09566436183486438,12,8,0.22170206155664451,-0.12603769972178014,0.0055356417,9
ridge_conditional_industry_ablation,validation,20231123,20,-0.013559081922112493,-0.27118163844224985,3,17,0.029164478653654458,-0.3003461170959043,0.0055189906,9
ridge_conditional_industry_ablation,validation,20231124,20,0.004205120719669308,0.08410241439338617,11,9,0.2592034347098897,-0.17510102031650354,0.0054968935,11
ridge_conditional_industry_ablation,validation,20231127,20,-0.0002982148624252279,-0.0059642972485045576,6,14,0.18187082430767454,-0.1878351215561791,0.0055147847,8
ridge_conditional_industry_ablation,validation,20231128,20,-0.02791199035190241,-0.5582398070380482,2,18,0.06471847701916045,-0.6229582840572087,0.005317154,10
ridge_conditional_industry_ablation,validation,20231129,20,-0.01079798977685507,-0.21595979553710143,5,15,0.079591212574595,-0.29555100811169643,0.0054560853,9
ridge_conditional_industry_ablation,validation,20231130,20,-0.012013630951479254,-0.24027261902958508,3,17,0.08515574673152781,-0.3254283657611129,0.0054853903,8
ridge_conditional_industry_ablation,validation,20231201,20,-0.017064316279077375,-0.3412863255815475,4,16,0.40200893988651476,-0.7432952654680622,0.0055559576,9
ridge_conditional_industry_ablation,validation,20231204,20,-0.007075446377401257,-0.14150892754802513,5,15,0.3573073821366324,-0.4988163096846575,0.0055425703,9
ridge_conditional_industry_ablation,validation,20231205,20,-0.026580656244056505,-0.5316131248811301,2,18,0.030872168518251364,-0.5624852933993815,0.0055974782,10
ridge_conditional_industry_ablation,validation,20231206,20,-0.03121339361875028,-0.6242678723750056,2,18,0.01987622093285979,-0.6441440933078654,0.0055518793,12
ridge_conditional_industry_ablation,validation,20231207,20,-0.030494739461120246,-0.6098947892224049,1,19,0.0020408163265306367,-0.6119356055489356,0.0056020576,11
ridge_conditional_industry_ablation,validation,20231208,20,-0.0043803445124938,-0.087606890249876,8,12,0.12789896576730708,-0.21550585601718308,0.0056330306,10
ridge_conditional_industry_ablation,validation,20231211,20,-0.0222889657494116,-0.445779314988232,0,20,0.0,-0.445779314988232,0.0057357396,11
ridge_conditional_industry_ablation,validation,20231212,20,-0.01127676369860805,-0.225535273972161,3,17,0.034250412893743754,-0.25978568686590475,0.005745571,10
ridge_conditional_industry_ablation,validation,20231213,20,-0.015826316847639365,-0.3165263369527873,1,19,0.004016064257028162,-0.3205424012098155,0.0058519295,9
ridge_conditional_industry_ablation,validation,20231214,20,-0.006499533732788265,-0.1299906746557653,6,14,0.02802650365536774,-0.15801717831113304,0.005806205,10
ridge_conditional_industry_ablation,validation,20231215,20,-0.0216866745821451,-0.433733491642902,1,19,0.0014727540500734104,-0.4352062456929754,0.005666514,10
ridge_conditional_industry_ablation,validation,20231218,20,0.0010637834225839804,0.021275668451679608,5,15,0.3785706584418438,-0.3572949899901642,0.0055629173,13
ridge_conditional_industry_ablation,validation,20231219,20,-0.03402335522569329,-0.6804671045138657,0,20,0.0,-0.6804671045138657,0.0054879757,11
ridge_conditional_industry_ablation,validation,20231220,20,0.005451232423369906,0.10902464846739812,1,19,0.609461966604824,-0.5004373181374259,0.005359425,11
ridge_conditional_industry_ablation,validation,20231221,20,-0.01102449734454371,-0.2204899468908742,5,15,0.09747148174871656,-0.31796142863959076,0.00535987,12
ridge_conditional_industry_ablation,validation,20231222,20,0.02986986238270974,0.5973972476541948,18,2,0.6103868136549582,-0.012989566000763397,0.0055016903,11
ridge_conditional_industry_ablation,validation,20231225,20,0.056640120328633595,1.1328024065726718,20,0,1.1328024065726718,0.0,0.0054495675,12
ridge_conditional_industry_ablation,validation,20231226,20,0.06156586414951224,1.2313172829902448,20,0,1.2313172829902448,0.0,0.0056529297,11
ridge_conditional_industry_ablation,validation,20231227,20,0.04888592482743746,0.9777184965487493,20,0,0.9777184965487493,0.0,0.0057919817,12
ridge_conditional_industry_ablation,validation,20231228,20,0.01645544466159079,0.3291088932318158,16,4,0.3901339363083485,-0.06102504307653267,0.005780763,11
ridge_conditional_industry_ablation,validation,20231229,20,-0.02440323857356755,-0.48806477147135097,3,17,0.02167705108911977,-0.5097418225604707,0.005646941,14
ridge_conditional_industry_ablation,validation,20240102,20,-0.04073464947088688,-0.8146929894177376,0,20,0.0,-0.8146929894177376,0.0054163216,13
ridge_conditional_industry_ablation,validation,20240103,20,-0.039684459660241825,-0.7936891932048364,0,20,0.0,-0.7936891932048364,0.0053869514,13
ridge_conditional_industry_ablation,validation,20240104,20,-0.035581230295164544,-0.7116246059032909,0,20,0.0,-0.7116246059032909,0.0054195267,10
ridge_conditional_industry_ablation,validation,20240105,20,-0.015538500164501607,-0.3107700032900321,4,16,0.14431515584388244,-0.45508515913391456,0.0054695997,13
ridge_conditional_industry_ablation,validation,20240108,20,-0.0026196238540525164,-0.052392477081050326,4,16,0.16694376172595904,-0.21933623880700936,0.0054243095,12
ridge_conditional_industry_ablation,validation,20240109,20,-0.018220352868677025,-0.3644070573735405,2,18,0.10854280234201474,-0.47294985971555525,0.005385991,12
ridge_conditional_industry_ablation,validation,20240110,20,-0.040063793758723536,-0.8012758751744707,2,18,0.02735415808092978,-0.8286300332554005,0.0054312823,13
ridge_conditional_industry_ablation,validation,20240111,20,-0.07027163743921203,-1.4054327487842406,0,20,0.0,-1.4054327487842408,0.00553793,11
ridge_conditional_industry_ablation,validation,20240112,20,-0.07718823199650957,-1.5437646399301912,0,20,0.0,-1.5437646399301912,0.0055988464,10
ridge_conditional_industry_ablation,validation,20240115,20,-0.12409451439741832,-2.4818902879483664,0,20,0.0,-2.481890287948366,0.0055586305,12
ridge_conditional_industry_ablation,validation,20240116,20,-0.14246044078715006,-2.849208815743001,0,20,0.0,-2.849208815743001,0.0056083514,12
ridge_conditional_industry_ablation,validation,20240117,20,-0.11037658071525039,-2.2075316143050077,0,20,0.0,-2.207531614305008,0.005712376,12
ridge_conditional_industry_ablation,validation,20240118,20,-0.03862103328543655,-0.7724206657087309,0,20,0.0,-0.7724206657087309,0.005774328,10
ridge_conditional_industry_ablation,validation,20240119,20,-0.03629938127896469,-0.7259876255792939,1,19,0.034653465346534684,-0.7606410909258285,0.005829938,10
ridge_conditional_industry_ablation,validation,20240122,20,-0.0069883272490078915,-0.13976654498015784,9,11,0.12129925154388155,-0.2610657965240394,0.0058342423,11
ridge_conditional_industry_ablation,validation,20240123,20,-0.03851908958062698,-0.7703817916125397,0,20,0.0,-0.7703817916125397,0.00574085,10
ridge_conditional_industry_ablation,validation,20240124,20,-0.10346940018895916,-2.069388003779183,0,20,0.0,-2.069388003779183,0.005898908,11
ridge_conditional_industry_ablation,validation,20240125,20,-0.16890079806146183,-3.3780159612292366,0,20,0.0,-3.378015961229237,0.0057687,11
ridge_conditional_industry_ablation,validation,20240126,20,-0.2091821850234025,-4.18364370046805,0,20,0.0,-4.18364370046805,0.0057890164,12
ridge_conditional_industry_ablation,validation,20240129,20,-0.2707192240310104,-5.414384480620208,0,20,0.0,-5.414384480620208,0.0057512997,11
ridge_conditional_industry_ablation,validation,20240130,20,-0.24054016998106764,-4.810803399621353,0,20,0.0,-4.810803399621353,0.0057413625,10
ridge_conditional_industry_ablation,validation,20240131,20,-0.2543189721084779,-5.086379442169559,0,20,0.0,-5.086379442169558,0.0057127657,11
ridge_conditional_industry_ablation,validation,20240201,20,-0.1740215326086604,-3.480430652173208,0,20,0.0,-3.4804306521732085,0.005851666,12
ridge_conditional_industry_ablation,validation,20240202,20,-0.03812733222457912,-0.7625466444915824,7,13,0.17647472272045484,-0.9390213672120372,0.0059139286,9
ridge_conditional_industry_ablation,validation,20240205,20,0.1646290515634639,3.292581031269278,20,0,3.292581031269278,0.0,0.0057607857,11
ridge_conditional_industry_ablation,validation,20240206,20,0.1614208333318611,3.228416666637222,20,0,3.228416666637222,0.0,0.0059008994,11
ridge_conditional_industry_ablation,validation,20240207,20,0.31224300380520603,6.24486007610412,20,0,6.244860076104121,0.0,0.0059235217,10
ridge_conditional_industry_ablation,validation,20240208,20,0.20352145576020608,4.070429115204122,20,0,4.070429115204122,0.0,0.005790257,12
ridge_conditional_industry_ablation,validation,20240219,20,0.20034620300577216,4.006924060115443,20,0,4.006924060115443,0.0,0.0058368677,12
ridge_conditional_industry_ablation,validation,20240220,20,0.2046498424279776,4.092996848559552,20,0,4.092996848559552,0.0,0.005789501,12
ridge_conditional_industry_ablation,validation,20240221,20,0.025018905118940105,0.5003781023788021,17,3,0.5918402389394666,-0.09146213656066449,0.0056509944,11
ridge_conditional_industry_ablation,validation,20240222,20,0.040067280538666185,0.8013456107733237,18,2,0.8270525705449085,-0.02570695977158488,0.0054686978,10
ridge_conditional_industry_ablation,validation,20240223,20,0.006414701486998109,0.12829402973996218,10,10,0.419007652827466,-0.2907136230875038,0.005595698,7
ridge_conditional_industry_ablation,validation,20240226,20,0.022270985283625772,0.44541970567251543,10,10,0.819275510105385,-0.3738558044328696,0.0056190877,10
ridge_conditional_industry_ablation,validation,20240227,20,-0.07764762449715903,-1.5529524899431806,2,18,0.04635000700574454,-1.599302496948925,0.0055533596,9
ridge_conditional_industry_ablation,validation,20240228,20,0.022227368867760156,0.4445473773552031,11,9,0.7773471581493199,-0.33279978079411676,0.0057640644,13
ridge_conditional_industry_ablation,validation,20240229,20,-0.04377736669503306,-0.8755473339006612,1,19,0.011786038077969296,-0.8873333719786305,0.005782322,11
ridge_conditional_industry_ablation,validation,20240301,20,-0.021989898163910095,-0.43979796327820186,3,17,0.19131438884634577,-0.6311123521245476,0.0059367646,10
ridge_conditional_industry_ablation,validation,20240304,20,0.004059399541362446,0.08118799082724892,13,7,0.2264609892773748,-0.14527299845012587,0.0061066234,13
ridge_conditional_industry_ablation,validation,20240305,20,0.06888838023825107,1.3777676047650214,20,0,1.3777676047650214,0.0,0.0060732546,12
ridge_conditional_industry_ablation,validation,20240306,20,0.04993876233586308,0.9987752467172616,18,2,1.0054142899416703,-0.0066390432244086695,0.0058944407,9
ridge_conditional_industry_ablation,validation,20240307,20,0.031542178350743404,0.6308435670148681,15,5,0.7169367560608604,-0.08609318904599228,0.006085343,10
ridge_conditional_industry_ablation,validation,20240308,20,0.06049495632273074,1.2098991264546148,20,0,1.2098991264546148,0.0,0.00613715,8
ridge_conditional_industry_ablation,validation,20240311,20,0.072594838728607,1.45189677457214,20,0,1.45189677457214,0.0,0.0060504754,10
ridge_conditional_industry_ablation,validation,20240312,20,0.03814437802328222,0.7628875604656444,17,3,0.7830298877260347,-0.020142327260390225,0.006091355,12
ridge_conditional_industry_ablation,validation,20240313,20,0.04514905972452898,0.9029811944905796,18,2,0.9313068470252432,-0.02832565253466368,0.0060446803,12
ridge_conditional_industry_ablation,validation,20240314,20,0.04255857938869651,0.8511715877739302,18,2,0.8979501573320672,-0.04677856955813697,0.0060626944,13
ridge_conditional_industry_ablation,validation,20240315,20,0.010484074324642467,0.20968148649284934,15,5,0.35540641471511725,-0.1457249282222679,0.0055774944,12
ridge_conditional_industry_ablation,validation,20240318,20,-0.05627496737307628,-1.1254993474615256,1,19,0.04054054054054057,-1.1660398880020661,0.005849988,12
ridge_conditional_industry_ablation,validation,20240319,20,-0.055102431100999195,-1.1020486220199839,2,18,0.09010625526806448,-1.1921548772880484,0.0059878184,13
ridge_conditional_industry_ablation,validation,20240320,20,-0.043173893795963175,-0.8634778759192635,2,18,0.19731500683934144,-1.060792882758605,0.006078273,11
ridge_conditional_industry_ablation,validation,20240321,20,-0.03896510938102943,-0.7793021876205886,1,19,0.07894736842105265,-0.8582495560416412,0.00611099,11
ridge_conditional_industry_ablation,validation,20240322,20,-0.022046939560141744,-0.44093879120283486,3,17,0.05178444089554013,-0.492723232098375,0.006362447,10
ridge_conditional_industry_ablation,validation,20240325,20,0.0017477330871669028,0.034954661743338056,10,10,0.16877797423744734,-0.13382331249410928,0.0060907872,12
ridge_conditional_industry_ablation,validation,20240326,20,0.018320159513051083,0.36640319026102164,14,6,0.4902581444726515,-0.12385495421162984,0.006208088,14
ridge_conditional_industry_ablation,validation,20240327,20,0.0387349569652725,0.7746991393054501,18,2,0.8821079953665858,-0.1074088560611357,0.005942573,11
ridge_conditional_industry_ablation,validation,20240328,20,-0.036872730752800724,-0.7374546150560145,2,18,0.03773130209613096,-0.7751859171521455,0.0060858703,13
ridge_conditional_industry_ablation,validation,20240329,20,-0.02565302243540584,-0.5130604487081168,3,17,0.19832662271872015,-0.711387071426837,0.0062305164,13
ridge_conditional_industry_ablation,validation,20240401,20,0.003837708862500755,0.0767541772500151,8,12,0.40161987523486053,-0.32486569798484544,0.006480412,11
ridge_conditional_industry_ablation,validation,20240402,20,0.001886986896138826,0.03773973792277652,6,14,0.5186109211720042,-0.48087118324922773,0.006322953,9
ridge_conditional_industry_ablation,validation,20240403,20,-0.00042247097708394965,-0.008449419541678993,8,12,0.4005040276338143,-0.4089534471754933,0.006530148,11
ridge_conditional_industry_ablation,validation,20240408,20,0.004728459688652764,0.09456919377305528,5,15,0.44279564722692366,-0.3482264534538684,0.0064161913,14
ridge_conditional_industry_ablation,validation,20240409,20,-0.08480295880009933,-1.6960591760019865,1,19,0.0824120603015075,-1.7784712363034942,0.006464434,10
ridge_conditional_industry_ablation,validation,20240410,20,-0.09907311036868796,-1.981462207373759,0,20,0.0,-1.9814622073737593,0.0060745934,8
ridge_conditional_industry_ablation,validation,20240411,20,-0.10150943716601508,-2.0301887433203016,0,20,0.0,-2.0301887433203016,0.0061040805,10
ridge_conditional_industry_ablation,validation,20240412,20,-0.08023803607184252,-1.6047607214368504,0,20,0.0,-1.6047607214368504,0.00614254,13
ridge_conditional_industry_ablation,validation,20240415,20,-0.009005576154075452,-0.18011152308150902,8,12,0.20720612388473425,-0.38731764696624327,0.00610149,12
ridge_conditional_industry_ablation,validation,20240416,20,0.06295022912002368,1.2590045824004736,19,1,1.2651774219066467,-0.006172839506172978,0.006080029,12
ridge_conditional_industry_ablation,validation,20240417,20,0.01971259728355864,0.39425194567117283,15,5,0.49473903109586903,-0.1004870854246962,0.006143125,10
ridge_conditional_industry_ablation,validation,20240418,20,0.04151265969868696,0.8302531939737393,17,3,0.8840380545315081,-0.053784860557768766,0.006158432,12
ridge_conditional_industry_ablation,validation,20240419,20,0.0764711808493819,1.5294236169876378,19,1,1.5427126535324882,-0.013289036544850363,0.0062212995,10
ridge_conditional_industry_ablation,validation,20240422,20,0.06590484204195105,1.3180968408390208,19,1,1.3245903473325273,-0.006493506493506551,0.0061720693,12
ridge_conditional_industry_ablation,validation,20240423,20,0.06401335627379989,1.2802671254759979,18,2,1.4125363624806107,-0.1322692370046128,0.006119429,12
ridge_conditional_industry_ablation,validation,20240424,20,0.0510810768744959,1.021621537489918,18,2,1.1484859072650042,-0.12686436977508608,0.006276662,12
ridge_conditional_industry_ablation,validation,20240425,20,0.046193708216104766,0.9238741643220953,18,2,1.016866780064964,-0.09299261574286866,0.0063238903,14
ridge_conditional_industry_ablation,validation,20240426,20,0.04446152227427162,0.8892304454854325,20,0,0.8892304454854325,0.0,0.0064248694,13
ridge_conditional_industry_ablation,validation,20240429,20,0.02741732454998757,0.5483464909997514,16,4,0.5896901613089391,-0.04134367030918773,0.0064078593,14
ridge_conditional_industry_ablation,validation,20240430,20,-0.005727896152602952,-0.11455792305205903,8,12,0.10022347768142437,-0.2147814007334834,0.0063001565,13
ridge_conditional_industry_ablation,validation,20240506,20,-0.03259475497073027,-0.6518950994146054,1,19,0.012722646310432406,-0.6646177457250378,0.0063545546,13
ridge_conditional_industry_ablation,validation,20240507,20,-0.029741079033351464,-0.5948215806670293,3,17,0.06421669844484201,-0.6590382791118713,0.00635032,11
ridge_conditional_industry_ablation,validation,20240508,20,-0.03349492376917311,-0.6698984753834623,1,19,0.04553734061930803,-0.7154358160027703,0.006274063,14
ridge_conditional_industry_ablation,validation,20240509,20,-0.042370707208732296,-0.8474141441746459,1,19,0.0007153075822603494,-0.8481294517569062,0.006332903,10
ridge_conditional_industry_ablation,validation,20240510,20,-0.009895393839385102,-0.19790787678770205,4,16,0.18745512416174415,-0.3853630009494462,0.006323823,12
ridge_conditional_industry_ablation,validation,20240513,20,-0.005362279072833903,-0.10724558145667806,6,14,0.2866334304895126,-0.3938790119461907,0.0063633234,11
ridge_conditional_industry_ablation,validation,20240514,20,-0.005475876370187616,-0.10951752740375231,6,14,0.33819209955523544,-0.44770962695898775,0.0064034946,13
ridge_conditional_industry_ablation,validation,20240515,20,-0.005142748898956601,-0.10285497797913201,5,15,0.22283962934792179,-0.3256946073270538,0.00647631,12
ridge_conditional_industry_ablation,validation,20240516,20,0.04670871655950192,0.9341743311900385,17,3,0.9465977133324328,-0.012423382142394357,0.0065335333,14
ridge_conditional_industry_ablation,validation,20240517,20,0.016561638217672002,0.33123276435344007,13,7,0.4992709360732652,-0.16803817171982516,0.0065671047,11
ridge_conditional_industry_ablation,validation,20240520,20,0.015496560578190826,0.30993121156381653,13,7,0.35951180736642097,-0.04958059580260443,0.00661433,12
ridge_conditional_industry_ablation,validation,20240521,20,0.03773902077878565,0.7547804155757131,18,2,0.831058803249578,-0.07627838767386497,0.006538488,14
ridge_conditional_industry_ablation,validation,20240522,20,0.00936077394605504,0.1872154789211008,12,8,0.36104683440625096,-0.17383135548515016,0.0065471865,16
ridge_conditional_industry_ablation,validation,20240523,20,-0.014837414431020712,-0.29674828862041425,5,15,0.16112593343730763,-0.4578742220577219,0.00578963,11
ridge_conditional_industry_ablation,validation,20240524,20,-0.007984820294917688,-0.15969640589835377,7,13,0.14021818005508102,-0.2999145859534348,0.005908556,10
ridge_conditional_industry_ablation,validation,20240527,20,-0.042087063902871695,-0.8417412780574339,1,19,0.0012987012987013546,-0.8430399793561353,0.0060638776,9
ridge_conditional_industry_ablation,validation,20240528,20,-0.035464257246132766,-0.7092851449226554,3,17,0.16559098112875725,-0.8748761260514126,0.005965941,8
ridge_conditional_industry_ablation,validation,20240529,20,-0.0584192833300195,-1.16838566660039,0,20,0.0,-1.16838566660039,0.0059974794,9
ridge_conditional_industry_ablation,validation,20240530,20,-0.09203850382166892,-1.8407700764333783,0,20,0.0,-1.8407700764333783,0.006382195,14
ridge_conditional_industry_ablation,validation,20240531,20,-0.06442540900063298,-1.2885081800126597,1,19,0.04444444444444451,-1.3329526244571042,0.0065147392,13
ridge_conditional_industry_ablation,validation,20240603,20,-0.020850773597463325,-0.41701547194926647,3,17,0.20385278810271323,-0.6208682600519797,0.0063868365,13
ridge_conditional_industry_ablation,validation,20240604,20,-0.03493555742255844,-0.6987111484511688,1,19,0.02829354553492469,-0.7270046939860935,0.006389116,14
ridge_conditional_industry_ablation,validation,20240605,20,-0.024590559186035376,-0.49181118372070753,4,16,0.03181939575507475,-0.5236305794757823,0.0062987274,12
ridge_conditional_industry_ablation,validation,20240606,20,0.007422724216622084,0.14845448433244168,12,8,0.46065208163544824,-0.31219759730300656,0.006211175,14
ridge_conditional_industry_ablation,validation,20240607,20,-0.01337022384200825,-0.267404476840165,8,12,0.1439084822854857,-0.4113129591256507,0.006315071,11
ridge_conditional_industry_ablation,validation,20240611,20,-0.014161690277953137,-0.28323380555906275,7,13,0.11423419293882797,-0.3974679984978907,0.0063511534,12
ridge_conditional_industry_ablation,validation,20240612,20,0.015408531070750154,0.30817062141500307,9,11,0.5741202746334475,-0.26594965321844444,0.00649485,12
ridge_conditional_industry_ablation,validation,20240613,20,0.02049050213872496,0.4098100427744992,12,8,0.6316653100746779,-0.22185526730017868,0.0064063533,13
ridge_conditional_industry_ablation,validation,20240614,20,0.03954917675004343,0.7909835350008686,17,3,0.8741876692093153,-0.08320413420844675,0.006313119,10
ridge_conditional_industry_ablation,validation,20240617,20,0.037398757258990244,0.7479751451798049,15,5,0.7808757642512771,-0.03290061907147224,0.0063286154,11
ridge_conditional_industry_ablation,validation,20240618,20,0.029240868818788922,0.5848173763757785,11,9,0.7377512051651178,-0.15293382878933937,0.0064207474,14
ridge_conditional_industry_ablation,validation,20240619,20,0.0019640976186570845,0.03928195237314169,6,14,0.2575105229567003,-0.2182285705835586,0.005993318,13
ridge_conditional_industry_ablation,validation,20240620,20,-0.0015680310969345469,-0.031360621938690936,8,12,0.2574090095741386,-0.2887696315128295,0.0060142092,14
ridge_conditional_industry_ablation,validation,20240621,20,-0.014089348171310107,-0.28178696342620213,6,14,0.1440622732761876,-0.4258492367023897,0.005839438,10
ridge_conditional_industry_ablation,validation,20240624,20,0.02635035888630783,0.5270071777261566,12,8,0.6469526843423874,-0.11994550661623082,0.0057915538,12
ridge_conditional_industry_ablation,validation,20240625,20,0.019681519866378127,0.39363039732756255,13,7,0.49164809509184293,-0.09801769776428038,0.005743912,11
ridge_conditional_industry_ablation,validation,20240626,20,-0.011405692090945063,-0.22811384181890126,7,13,0.19907552089697278,-0.42718936271587404,0.0059082895,13
ridge_conditional_industry_ablation,validation,20240627,20,-0.016896131487329887,-0.3379226297465977,5,15,0.20654907944802092,-0.5444717091946186,0.0060410528,13
ridge_conditional_industry_ablation,validation,20240628,20,-0.0025056563155231694,-0.050113126310463385,8,12,0.414037238532982,-0.4641503648434454,0.0061781476,11
ridge_conditional_industry_ablation,validation,20240701,20,-0.023817240149540425,-0.4763448029908085,3,17,0.35186307016033624,-0.8282078731511447,0.0062266737,13
ridge_conditional_industry_ablation,validation,20240702,20,-0.023134482309045766,-0.46268964618091535,6,14,0.27739523507587527,-0.7400848812567906,0.006225228,11
ridge_conditional_industry_ablation,validation,20240703,20,-0.02144208379577246,-0.4288416759154492,4,16,0.33921670656421066,-0.7680583824796599,0.0061003864,10
ridge_conditional_industry_ablation,validation,20240704,20,0.04109624166438635,0.821924833287727,11,9,0.9817145542027501,-0.15978972091502308,0.006061446,11
ridge_conditional_industry_ablation,validation,20240705,20,0.028886321762215332,0.5777264352443067,15,5,0.6562531402927214,-0.07852670504841475,0.0060208356,12
ridge_conditional_industry_ablation,validation,20240708,20,0.013944403888752488,0.27888807777504976,12,8,0.4356789479172689,-0.15679087014221915,0.005991156,13
ridge_conditional_industry_ablation,validation,20240709,20,0.12095753430393619,2.4191506860787237,19,1,2.4379241529122657,-0.018773466833541974,0.0061957994,12
ridge_conditional_industry_ablation,validation,20240710,20,0.1290069003887583,2.580138007775166,16,4,2.674679876477824,-0.09454186870265768,0.00618046,12
ridge_conditional_industry_ablation,validation,20240711,20,0.0833356970693144,1.6667139413862881,18,2,1.766221314403742,-0.09950737301745383,0.006260975,14
ridge_conditional_industry_ablation,validation,20240712,20,0.07655904041616232,1.5311808083232465,19,1,1.5716529837026731,-0.04047217537942649,0.006209134,14
ridge_conditional_industry_ablation,validation,20240715,20,0.07471827799159028,1.4943655598318057,20,0,1.4943655598318057,0.0,0.0061275763,13
ridge_conditional_industry_ablation,validation,20240716,20,-0.012102477718152555,-0.2420495543630511,5,15,0.18105328430707823,-0.4231028386701293,0.0058936155,10
ridge_conditional_industry_ablation,validation,20240717,20,-0.03266966973644071,-0.6533933947288142,4,16,0.059553460282232296,-0.7129468550110465,0.005882806,11
ridge_conditional_industry_ablation,validation,20240718,20,-0.01603552395897865,-0.32071047917957296,5,15,0.1957000776376392,-0.5164105568172122,0.0058810925,10
ridge_conditional_industry_ablation,validation,20240719,20,-0.009555859360350027,-0.19111718720700055,12,8,0.28520379515233807,-0.4763209823593386,0.0058288453,10
ridge_conditional_industry_ablation,validation,20240722,20,0.003262953362478771,0.06525906724957542,11,9,0.30566917342834143,-0.24041010617876601,0.005752739,10
ridge_conditional_industry_ablation,validation,20240723,20,0.021465217102616757,0.42930434205233514,15,5,0.49052926784228745,-0.06122492578995231,0.005814249,12
ridge_conditional_industry_ablation,validation,20240724,20,0.05976017912203988,1.1952035824407976,20,0,1.1952035824407976,0.0,0.0060262084,12
ridge_conditional_industry_ablation,validation,20240725,20,0.031382523461537346,0.627650469230747,19,1,0.632305240371166,-0.004654771140419012,0.005898442,13
ridge_conditional_industry_ablation,validation,20240726,20,0.022375999891256614,0.4475199978251323,15,5,0.5248504872953721,-0.0773304894702398,0.005907516,14
ridge_conditional_industry_ablation,validation,20240729,20,0.007853619064280004,0.15707238128560008,11,9,0.3434836692314973,-0.18641128794589723,0.0059145275,16
ridge_conditional_industry_ablation,validation,20240730,20,0.006836519271266911,0.13673038542533822,10,10,0.3482453220209418,-0.2115149365956036,0.0059156204,13
ridge_conditional_industry_ablation,validation,20240731,20,-0.03161488083504546,-0.6322976167009092,1,19,0.010981468771448233,-0.6432790854723575,0.0059521063,12
ridge_conditional_industry_ablation,validation,20240801,20,-0.027275953093336063,-0.5455190618667213,5,15,0.049940646675905365,-0.5954597085426266,0.0059945704,14
ridge_conditional_industry_ablation,validation,20240802,20,-0.025000388511424627,-0.5000077702284925,4,16,0.03864157914434663,-0.5386493493728391,0.0059519866,11
ridge_conditional_industry_ablation,validation,20240805,20,0.004738180352836468,0.09476360705672937,9,11,0.3020598941556807,-0.20729628709895132,0.005881309,12
ridge_conditional_industry_ablation,validation,20240806,20,0.01712088749240185,0.34241774984803697,11,9,0.45777427549487104,-0.11535652564683407,0.0060497914,12
ridge_conditional_industry_ablation,validation,20240807,20,0.0003765063616470832,0.0075301272329416635,9,11,0.22085785895727494,-0.21332773172433328,0.0059923343,11
ridge_conditional_industry_ablation,validation,20240808,20,-0.0080899367167722,-0.161798734335444,8,12,0.0873490849141727,-0.2491478192496167,0.005950041,13
ridge_conditional_industry_ablation,validation,20240809,20,-0.0058407463664796435,-0.11681492732959287,6,14,0.1618005686165347,-0.27861549594612756,0.0059139924,13
ridge_conditional_industry_ablation,validation,20240812,20,-0.009981189308956523,-0.19962378617913046,9,11,0.20777579492113696,-0.4073995811002674,0.0058472767,13
ridge_conditional_industry_ablation,validation,20240813,20,-0.023010329984496314,-0.4602065996899263,5,15,0.1456776700836533,-0.6058842697735796,0.0058526485,14
ridge_conditional_industry_ablation,validation,20240814,20,-0.011339332671588159,-0.22678665343176319,5,15,0.19272540628159085,-0.41951205971335404,0.005909088,13
ridge_conditional_industry_ablation,validation,20240815,20,-0.03622195998683693,-0.7244391997367386,2,18,0.06525769373377854,-0.7896968934705172,0.005884689,14
ridge_conditional_industry_ablation,validation,20240816,20,-0.042513569355360936,-0.8502713871072187,2,18,0.061160329143932435,-0.9114317162511512,0.0060597644,13
ridge_conditional_industry_ablation,validation,20240819,20,-0.02822404843913881,-0.5644809687827762,0,20,0.0,-0.5644809687827762,0.006072688,10
ridge_conditional_industry_ablation,validation,20240820,20,-0.019214486072100155,-0.38428972144200313,3,17,0.054298451173308226,-0.43858817261531136,0.0060015083,12
ridge_conditional_industry_ablation,validation,20240821,20,-0.01449698722307416,-0.2899397444614832,6,14,0.07890428529247395,-0.36884402975395714,0.006027435,10
ridge_conditional_industry_ablation,validation,20240822,20,0.026689735082859427,0.5337947016571886,17,3,0.6292993214155398,-0.09550461975835123,0.005956912,10
ridge_conditional_industry_ablation,validation,20240823,20,0.045886305135047954,0.9177261027009591,18,2,0.9946481745045717,-0.07692207180361255,0.0059639025,11
ridge_conditional_industry_ablation,validation,20240826,20,0.013826200558940854,0.2765240111788171,15,5,0.49656618913289696,-0.22004217795407988,0.0059492504,14
ridge_conditional_industry_ablation,validation,20240827,20,0.04578525232100551,0.9157050464201103,18,2,0.9264382332901644,-0.01073318687005409,0.005923903,13
ridge_conditional_industry_ablation,validation,20240828,20,0.008721917684423897,0.17443835368847793,11,9,0.3159316186308714,-0.14149326494239345,0.0059362156,14
ridge_conditional_industry_ablation,validation,20240829,20,0.0007194843553796126,0.014389687107592253,10,10,0.2070092486824464,-0.19261956157485416,0.005975033,15
ridge_conditional_industry_ablation,validation,20240830,20,-0.043720666367403654,-0.8744133273480731,0,20,0.0,-0.8744133273480731,0.006013751,14
ridge_conditional_industry_ablation,validation,20240902,20,-0.042033422294863655,-0.8406684458972731,0,20,0.0,-0.8406684458972731,0.006100297,12
ridge_conditional_industry_ablation,validation,20240903,20,-0.035912888506931875,-0.7182577701386376,0,20,0.0,-0.7182577701386376,0.006182765,13
ridge_conditional_industry_ablation,validation,20240904,20,-0.035852405986831315,-0.7170481197366263,0,20,0.0,-0.7170481197366263,0.00615316,14
ridge_conditional_industry_ablation,validation,20240905,20,-0.03835888393166029,-0.7671776786332057,0,20,0.0,-0.7671776786332057,0.00622708,12
ridge_conditional_industry_ablation,validation,20240906,20,-0.009865763511633385,-0.1973152702326677,7,13,0.11582027283810614,-0.31313554307077385,0.0061225826,14
ridge_conditional_industry_ablation,validation,20240909,20,-0.017243507978736132,-0.34487015957472267,5,15,0.10340018716197541,-0.4482703467366981,0.0061335755,11
ridge_conditional_industry_ablation,validation,20240910,20,0.000713196874687122,0.01426393749374244,9,11,0.17526030774214107,-0.16099637024839863,0.0061430987,14
ridge_conditional_industry_ablation,validation,20240911,20,-0.003852721677431797,-0.07705443354863595,11,9,0.15484991470566367,-0.23190434825429962,0.006194285,13
ridge_conditional_industry_ablation,validation,20240912,20,0.003981299860499427,0.07962599720998853,13,7,0.2485690140429473,-0.16894301683295876,0.0061626486,12
ridge_conditional_industry_ablation,validation,20240913,20,0.038562637168716864,0.7712527433743372,20,0,0.7712527433743372,0.0,0.005871358,10
ridge_conditional_industry_ablation,validation,20240918,20,0.06684211903017241,1.3368423806034482,17,3,1.3463709366817418,-0.009528556078293615,0.0059741507,12
ridge_conditional_industry_ablation,validation,20240919,20,0.07447618911897809,1.4895237823795617,19,1,1.49692205611569,-0.007398273736128114,0.0061581386,11
ridge_conditional_industry_ablation,validation,20240920,20,0.1725816690995366,3.451633381990732,20,0,3.451633381990732,0.0,0.006126567,11
ridge_conditional_industry_ablation,validation,20240923,20,0.34916916112413554,6.98338322248271,20,0,6.9833832224827095,0.0,0.00610887,11
ridge_conditional_industry_ablation,validation,20240924,20,0.5854475528648078,11.708951057296156,20,0,11.708951057296156,0.0,0.006269829,13
ridge_conditional_industry_ablation,validation,20240925,20,0.437607855301983,8.75215710603966,20,0,8.75215710603966,0.0,0.0061982954,15
ridge_conditional_industry_ablation,validation,20240926,20,0.30686047272324213,6.137209454464842,20,0,6.137209454464842,0.0,0.006249882,15
ridge_conditional_industry_ablation,validation,20240927,20,0.03319112459442109,0.6638224918884218,15,5,0.8403856185062348,-0.17656312661781304,0.005909076,11
ridge_conditional_industry_ablation,validation,20240930,20,-0.12478688477438549,-2.4957376954877097,0,20,0.0,-2.4957376954877097,0.0056952136,10
ridge_conditional_industry_ablation,validation,20241008,20,-0.08207234093418743,-1.6414468186837485,1,19,0.05029239766081872,-1.6917392163445673,0.0057008127,12
ridge_conditional_industry_ablation,validation,20241009,20,0.0018771020268558368,0.03754204053711674,6,14,0.28526174651431124,-0.2477197059771945,0.0057801874,9
ridge_conditional_industry_ablation,validation,20241010,20,-0.028247550943616712,-0.5649510188723342,2,18,0.006023580112391125,-0.5709745989847254,0.0058025206,10
ridge_conditional_industry_ablation,validation,20241011,20,0.04226894884535509,0.8453789769071018,18,2,0.867150908250863,-0.02177193134376121,0.0057529584,11
ridge_conditional_industry_ablation,validation,20241014,20,0.06717944981508919,1.3435889963017837,19,1,1.3539266944409982,-0.010337698139214369,0.0058429604,10
ridge_conditional_industry_ablation,validation,20241015,20,0.13198340297269606,2.6396680594539212,20,0,2.6396680594539212,0.0,0.005853652,10
ridge_conditional_industry_ablation,validation,20241016,20,0.09139372365142147,1.8278744730284293,19,1,1.8376077102310249,-0.009733237202595557,0.005829566,8
ridge_conditional_industry_ablation,validation,20241017,20,0.07587278275573321,1.5174556551146643,19,1,1.5207463315314835,-0.003290676416819127,0.0058144145,8
ridge_conditional_industry_ablation,validation,20241018,20,0.056326879623635216,1.1265375924727044,20,0,1.1265375924727044,0.0,0.0058153495,8
ridge_conditional_industry_ablation,validation,20241021,20,0.08134953071385784,1.6269906142771566,20,0,1.6269906142771566,0.0,0.0058461986,10
ridge_conditional_industry_ablation,validation,20241022,20,0.027999044829009823,0.5599808965801965,19,1,0.5677933965801965,-0.0078125,0.0058476543,9
ridge_conditional_industry_ablation,validation,20241023,20,0.03659592911006922,0.7319185822013843,17,3,0.7661025213285435,-0.034183939127159224,0.005815654,10
ridge_conditional_industry_ablation,validation,20241024,20,0.02033132053465724,0.40662641069314476,17,3,0.4579075846127376,-0.05128117391959286,0.0058256346,12
ridge_conditional_industry_ablation,validation,20241025,20,-0.02878148763771706,-0.5756297527543413,1,19,0.016819571865443583,-0.5924493246197848,0.0056961677,12
ridge_conditional_industry_ablation,validation,20241028,20,-0.03067324686350023,-0.6134649372700046,3,17,0.011968249252477081,-0.6254331865224817,0.0056456085,8
ridge_conditional_industry_ablation,validation,20241029,20,0.017838790349146972,0.3567758069829394,16,4,0.41424652987543986,-0.057470722892500437,0.0056443736,11
ridge_conditional_industry_ablation,validation,20241030,20,0.03862802827689069,0.7725605655378138,18,2,0.7911684221883997,-0.01860785665058584,0.005736879,11
ridge_conditional_industry_ablation,validation,20241031,20,0.0497120581931257,0.9942411638625139,20,0,0.9942411638625139,0.0,0.0058307727,11
ridge_conditional_industry_ablation,validation,20241101,20,0.08876086051197805,1.7752172102395611,20,0,1.7752172102395611,0.0,0.0058491067,8
ridge_conditional_industry_ablation,validation,20241104,20,0.10101135700141066,2.0202271400282132,20,0,2.0202271400282132,0.0,0.005911062,11
ridge_conditional_industry_ablation,validation,20241105,20,0.07288647450297676,1.4577294900595352,19,1,1.4707088410919833,-0.012979351032448183,0.005939249,13
ridge_conditional_industry_ablation,validation,20241106,20,0.08662297878871736,1.732459575774347,20,0,1.732459575774347,0.0,0.00593689,11
ridge_conditional_industry_ablation,validation,20241107,20,0.024258981528217354,0.4851796305643471,10,10,0.6909301108398653,-0.20575048027551823,0.0059157866,12
ridge_conditional_industry_ablation,validation,20241108,20,0.017770304447437057,0.35540608894874115,8,12,0.696580130756604,-0.3411740418078628,0.005899662,10
ridge_conditional_industry_ablation,validation,20241111,20,-0.03691790057156339,-0.7383580114312678,2,18,0.2345403377110693,-0.9728983491423371,0.005843819,10
ridge_conditional_industry_ablation,validation,20241112,20,-0.020002544175820473,-0.4000508835164095,2,18,0.1329852865322485,-0.533036170048658,0.005709117,8
ridge_conditional_industry_ablation,validation,20241113,20,-0.005723039019218163,-0.11446078038436325,6,14,0.1694292551980261,-0.28389003558238934,0.0056471666,9
ridge_conditional_industry_ablation,validation,20241114,20,0.030208438707675846,0.6041687741535169,17,3,0.6352218727066155,-0.031053098553098568,0.005688652,9
ridge_conditional_industry_ablation,validation,20241115,20,-0.009128553242113063,-0.18257106484226127,6,14,0.21684239185338905,-0.3994134566956503,0.005652479,9
ridge_conditional_industry_ablation,validation,20241118,20,0.03589892285352479,0.7179784570704959,17,3,0.7661509673021807,-0.048172510231684784,0.0056861113,9
ridge_conditional_industry_ablation,validation,20241119,20,0.0009072283151767224,0.01814456630353445,11,9,0.21078272656017893,-0.1926381602566445,0.0057419525,9
ridge_conditional_industry_ablation,validation,20241120,20,-0.021150978022241213,-0.42301956044482425,2,18,0.013859623607434646,-0.4368791840522589,0.005690545,10
ridge_conditional_industry_ablation,validation,20241121,20,-0.015168242945773496,-0.30336485891546994,4,16,0.0801977832260925,-0.38356264214156244,0.00570934,11
ridge_conditional_industry_ablation,validation,20241122,20,0.03709425796406936,0.7418851592813871,18,2,0.7803894899623252,-0.03850433068093806,0.0057356306,11
ridge_conditional_industry_ablation,validation,20241125,20,0.03677322317680721,0.7354644635361441,17,3,0.752361059814797,-0.01689659627865281,0.005561759,12
ridge_conditional_industry_ablation,validation,20241126,20,0.053552842952195034,1.0710568590439007,19,1,1.083430970464203,-0.012374111420302203,0.005611927,9
ridge_conditional_industry_ablation,validation,20241127,20,0.026073090459860532,0.5214618091972106,16,4,0.5839211370745523,-0.06245932787734165,0.005645874,11
ridge_conditional_industry_ablation,validation,20241128,20,0.06402972746483057,1.2805945492966113,20,0,1.2805945492966113,0.0,0.0056903735,10
ridge_conditional_industry_ablation,validation,20241129,20,0.037436563013366536,0.7487312602673307,18,2,0.7758969189082199,-0.027165658640889156,0.005628794,11
ridge_conditional_industry_ablation,validation,20241202,20,0.02263975847665336,0.4527951695330672,16,4,0.5419707709103028,-0.08917560137723557,0.0058579026,10
ridge_conditional_industry_ablation,validation,20241203,20,0.03264740649408703,0.6529481298817407,18,2,0.6795882419414134,-0.02664011205967276,0.0058166976,9
ridge_conditional_industry_ablation,validation,20241204,20,0.05506235951814784,1.1012471903629568,19,1,1.1035754790707566,-0.002328288707799664,0.0057687014,10
ridge_conditional_industry_ablation,validation,20241205,20,0.03794998699635808,0.7589997399271615,19,1,0.7680809365083578,-0.009081196581196327,0.005710019,11
ridge_conditional_industry_ablation,validation,20241206,20,0.0036539837832315846,0.0730796756646317,10,10,0.24306457526192382,-0.16998489959729213,0.0057882927,8
ridge_conditional_industry_ablation,validation,20241209,20,-0.024324005208210042,-0.48648010416420084,3,17,0.046208308363658634,-0.5326884125278595,0.0056719384,9
ridge_conditional_industry_ablation,validation,20241210,20,-0.05112845342002663,-1.0225690684005326,0,20,0.0,-1.0225690684005326,0.0056477017,12
ridge_conditional_industry_ablation,validation,20241211,20,-0.04733520667416255,-0.946704133483251,1,19,0.1765472312703582,-1.1232513647536093,0.0057124803,11
ridge_conditional_industry_ablation,validation,20241212,20,-0.0557500834040668,-1.115001668081336,1,19,0.12540822991508827,-1.2404098979964242,0.0057467595,11
ridge_conditional_industry_ablation,validation,20241213,20,-0.03951126922469666,-0.7902253844939332,1,19,0.0020477815699657675,-0.792273166063899,0.0057720393,11
ridge_conditional_industry_ablation,validation,20241216,20,-0.07332278521740583,-1.4664557043481166,0,20,0.0,-1.4664557043481166,0.0057069478,12
ridge_conditional_industry_ablation,validation,20241217,20,-0.029973563315354196,-0.5994712663070839,3,17,0.022659579628047766,-0.6221308459351317,0.0056887018,10
ridge_conditional_industry_ablation,validation,20241218,20,-0.027824266926712554,-0.5564853385342511,3,17,0.06264315728626846,-0.6191284958205195,0.0057964125,9
ridge_conditional_industry_ablation,validation,20241219,20,-0.043900418755871695,-0.8780083751174339,2,18,0.05743658287978137,-0.9354449579972153,0.0058762575,10
ridge_conditional_industry_ablation,validation,20241220,20,-0.04397377293351737,-0.8794754586703474,1,19,0.0019261637239165186,-0.8814016223942639,0.0058059962,10
ridge_conditional_industry_ablation,validation,20241223,20,-0.014234530371282684,-0.28469060742565366,6,14,0.16762553613219033,-0.452316143557844,0.0057781115,10
ridge_conditional_industry_ablation,validation,20241224,20,-0.04030804366356969,-0.8061608732713937,1,19,0.010518407212622094,-0.8166792804840158,0.0058459076,11
ridge_conditional_industry_ablation,validation,20241225,20,-0.023180210445023865,-0.46360420890047727,3,17,0.1395519578591251,-0.6031561667596024,0.0058453,12
ridge_conditional_industry_ablation,validation,20241226,20,-0.08164805508507318,-1.6329611017014636,0,20,0.0,-1.6329611017014634,0.005777116,12
ridge_conditional_industry_ablation,validation,20241227,20,-0.0897055361518551,-1.794110723037102,0,20,0.0,-1.7941107230371018,0.0059789075,10
ridge_conditional_industry_ablation,validation,20241230,20,-0.034650359331339343,-0.6930071866267868,3,17,0.16349876307082334,-0.8565059496976102,0.005963586,11
ridge_conditional_industry_ablation,validation,20241231,20,-0.01675159525663849,-0.3350319051327698,5,15,0.231304600665037,-0.5663365057978068,0.0060248314,11
ridge_conditional_industry_ablation,research_holdout,20250102,20,-0.0029757049264584946,-0.05951409852916989,8,12,0.29131184062444015,-0.35082593915361004,0.0059064226,11
ridge_conditional_industry_ablation,research_holdout,20250103,20,-0.00553793762315985,-0.110758752463197,6,14,0.10759470383869396,-0.21835345630189096,0.0059511797,10
ridge_conditional_industry_ablation,research_holdout,20250106,20,0.010054658250184844,0.2010931650036969,11,9,0.3119391880302824,-0.11084602302658553,0.0058906567,11
ridge_conditional_industry_ablation,research_holdout,20250107,20,0.041518318297343995,0.8303663659468798,20,0,0.8303663659468798,0.0,0.005784504,9
ridge_conditional_industry_ablation,research_holdout,20250108,20,0.04358217148979429,0.8716434297958858,19,1,0.8766990415249052,-0.00505561172901936,0.0058814837,9
ridge_conditional_industry_ablation,research_holdout,20250109,20,0.028149403445216957,0.5629880689043392,17,3,0.5872353530622783,-0.024247284157939086,0.005923166,10
ridge_conditional_industry_ablation,research_holdout,20250110,20,0.0686505097049123,1.3730101940982458,19,1,1.3730101940982458,0.0,0.0058412654,11
ridge_conditional_industry_ablation,research_holdout,20250113,20,0.05737444985770155,1.147488997154031,19,1,1.1533170690335843,-0.005828071879553254,0.005859141,12
ridge_conditional_industry_ablation,research_holdout,20250114,20,-0.004566091119221499,-0.09132182238442998,8,12,0.1510387467614862,-0.2423605691459162,0.0057819686,10
ridge_conditional_industry_ablation,research_holdout,20250115,20,-0.01394439695246837,-0.2788879390493674,6,14,0.08477900157365625,-0.3636669406230236,0.0057472065,13
ridge_conditional_industry_ablation,research_holdout,20250116,20,0.005333463636062591,0.10666927272125182,7,13,0.3309673952090262,-0.22429812248777437,0.0058542294,12
ridge_conditional_industry_ablation,research_holdout,20250117,20,0.014770029909565724,0.2954005981913145,14,6,0.4520958039037897,-0.1566952057124752,0.005920342,12
ridge_conditional_industry_ablation,research_holdout,20250120,20,-0.014110992480050804,-0.2822198496010161,7,13,0.11389837186174967,-0.39611822146276576,0.0058483467,12
ridge_conditional_industry_ablation,research_holdout,20250121,20,0.010796906947332768,0.21593813894665537,12,8,0.5642070621457318,-0.34826892319907643,0.006040164,12
ridge_conditional_industry_ablation,research_holdout,20250122,20,0.03251394315807462,0.6502788631614924,17,3,0.7324000799348158,-0.0821212167733234,0.0060864417,11
ridge_conditional_industry_ablation,research_holdout,20250123,20,0.10846882187838078,2.1693764375676157,20,0,2.1693764375676157,0.0,0.006078253,11
ridge_conditional_industry_ablation,research_holdout,20250124,20,0.10401618143172493,2.0803236286344986,20,0,2.0803236286344986,0.0,0.0060243485,10
ridge_conditional_industry_ablation,research_holdout,20250127,20,0.17636004945768055,3.527200989153611,20,0,3.527200989153611,0.0,0.0060074837,12
ridge_conditional_industry_ablation,research_holdout,20250205,20,0.1827769796103127,3.655539592206254,20,0,3.655539592206254,0.0,0.0060898047,10
ridge_conditional_industry_ablation,research_holdout,20250206,20,0.06402726603666604,1.2805453207333208,19,1,1.2881705930644756,-0.00762527233115462,0.0057054083,12
ridge_conditional_industry_ablation,research_holdout,20250207,20,0.025618919886438152,0.512378397728763,14,6,0.5993709979190702,-0.08699260019030719,0.0056124954,12
ridge_conditional_industry_ablation,research_holdout,20250210,20,0.021569365840725375,0.4313873168145075,12,8,0.508242577478762,-0.07685526066425452,0.005546316,12
ridge_conditional_industry_ablation,research_holdout,20250211,20,-0.013332950241333037,-0.2666590048266607,3,17,0.06555638451329138,-0.3322153893399521,0.0056019896,11
ridge_conditional_industry_ablation,research_holdout,20250212,20,0.016143006809047233,0.32286013618094467,12,8,0.3714353718352026,-0.04857523565425792,0.00573866,10
ridge_conditional_industry_ablation,research_holdout,20250213,20,0.044629466016578224,0.8925893203315645,20,0,0.8925893203315645,0.0,0.00588765,12
ridge_conditional_industry_ablation,research_holdout,20250214,20,0.05463218512280238,1.0926437024560476,20,0,1.0926437024560476,0.0,0.0058851847,10
ridge_conditional_industry_ablation,research_holdout,20250217,20,0.03066509527220902,0.6133019054441804,16,4,0.6749502736475079,-0.06164836820332753,0.0057961876,11
ridge_conditional_industry_ablation,research_holdout,20250218,20,0.08294181421545453,1.6588362843090907,19,1,1.6588362843090907,0.0,0.005926659,10
ridge_conditional_industry_ablation,research_holdout,20250219,20,0.07277250648449747,1.4554501296899494,19,1,1.4658128239904678,-0.010362694300518283,0.005891447,11
ridge_conditional_industry_ablation,research_holdout,20250220,20,0.04471371641051006,0.8942743282102011,18,2,0.9008317052593817,-0.006557377049180579,0.005612093,10
ridge_conditional_industry_ablation,research_holdout,20250221,20,-0.0028496622873788015,-0.05699324574757603,7,13,0.20362662898024664,-0.26061987472782266,0.005667054,9
ridge_conditional_industry_ablation,research_holdout,20250224,20,0.051909237145031394,1.038184742900628,13,7,1.1647718646179064,-0.12658712171727837,0.0057232627,10
ridge_conditional_industry_ablation,research_holdout,20250225,20,0.07783282474134845,1.556656494826969,17,3,1.5664792497287068,-0.009822754901737896,0.005720097,11
ridge_conditional_industry_ablation,research_holdout,20250226,20,0.05567720686349988,1.1135441372699977,12,8,1.3045246633397063,-0.1909805260697086,0.0058742827,12
ridge_conditional_industry_ablation,research_holdout,20250227,20,0.07628487354292741,1.5256974708585482,18,2,1.547745563926842,-0.022048093068293806,0.0059013334,12
ridge_conditional_industry_ablation,research_holdout,20250228,20,0.09019895121460636,1.8039790242921272,18,2,1.8671182416137515,-0.0631392173216242,0.005799734,12
ridge_conditional_industry_ablation,research_holdout,20250303,20,0.05391101286836908,1.0782202573673816,19,1,1.1104206151491345,-0.03220035778175301,0.0057251523,11
ridge_conditional_industry_ablation,research_holdout,20250304,20,0.016282326043021933,0.32564652086043866,13,7,0.44959566969381615,-0.12394914883337749,0.0055830292,13
ridge_conditional_industry_ablation,research_holdout,20250305,20,0.03453277750140905,0.6906555500281809,17,3,0.7195540583449713,-0.028898508316790417,0.0056669405,11
ridge_conditional_industry_ablation,research_holdout,20250306,20,0.011907521416135936,0.2381504283227187,9,11,0.4318540857039339,-0.1937036573812152,0.005692976,13
ridge_conditional_industry_ablation,research_holdout,20250307,20,0.047191386995389016,0.9438277399077803,18,2,0.956936599431865,-0.013108859524084693,0.005781686,12
ridge_conditional_industry_ablation,research_holdout,20250310,20,0.027420939732209472,0.5484187946441894,17,3,0.5838135957914021,-0.03539480114721272,0.0057140496,13
ridge_conditional_industry_ablation,research_holdout,20250311,20,0.03391121139938972,0.6782242279877944,17,3,0.7251912327122911,-0.046967004724496775,0.005806557,12
ridge_conditional_industry_ablation,research_holdout,20250312,20,0.011668665940769058,0.23337331881538115,16,4,0.3296892817267054,-0.09631596291132427,0.0057974933,13
ridge_conditional_industry_ablation,research_holdout,20250313,20,0.03760621841512876,0.7521243683025752,18,2,0.762509207528532,-0.010384839225956788,0.005840415,14
ridge_conditional_industry_ablation,research_holdout,20250314,20,-0.022368314469375337,-0.4473662893875068,4,16,0.11604120491006142,-0.5634074942975682,0.00584368,13
ridge_conditional_industry_ablation,research_holdout,20250317,20,-0.05924462847272651,-1.1848925694545303,1,19,0.040601503759398305,-1.2254940732139286,0.005860578,11
ridge_conditional_industry_ablation,research_holdout,20250318,20,-0.07854963993145188,-1.5709927986290375,1,19,0.11212121212121207,-1.6831140107502494,0.0058225407,13
ridge_conditional_industry_ablation,research_holdout,20250319,20,-0.048673249294943544,-0.9734649858988709,2,18,0.12628314407620356,-1.0997481299750744,0.0057739206,13
ridge_conditional_industry_ablation,research_holdout,20250320,20,-0.044601127982781714,-0.8920225596556343,1,19,0.20710973724884085,-1.099132296904475,0.0057770247,9
ridge_conditional_industry_ablation,research_holdout,20250321,20,-0.04722486481988783,-0.9444972963977566,2,18,0.21431740228444585,-1.1588146986822028,0.0057906667,14
ridge_conditional_industry_ablation,research_holdout,20250324,20,-0.028075310632547833,-0.5615062126509567,1,19,0.008143322475570036,-0.5696495351265267,0.00580376,12
ridge_conditional_industry_ablation,research_holdout,20250325,20,0.005682912783926686,0.11365825567853372,10,10,0.2965727181097557,-0.182914462431222,0.0059287725,14
ridge_conditional_industry_ablation,research_holdout,20250326,20,0.006593526544265321,0.13187053088530643,9,11,0.30859414943316144,-0.176723618547855,0.005821799,13
ridge_conditional_industry_ablation,research_holdout,20250327,20,0.006269972072044499,0.12539944144089,7,13,0.35933257935318563,-0.23393313791229564,0.0059375647,14
ridge_conditional_industry_ablation,research_holdout,20250328,20,-0.12417476087311423,-2.4834952174622846,1,19,0.11422637590861884,-2.5977215933709035,0.0059692436,16
ridge_conditional_industry_ablation,research_holdout,20250331,20,-0.10522129865883592,-2.1044259731767183,0,20,0.0,-2.1044259731767183,0.005840237,15
ridge_conditional_industry_ablation,research_holdout,20250401,20,-0.1001296204174122,-2.002592408348244,0,20,0.0,-2.002592408348244,0.005752053,13
ridge_conditional_industry_ablation,research_holdout,20250402,20,-0.04864751281877214,-0.9729502563754427,2,18,0.2782582550715409,-1.2512085114469838,0.0057403217,13
ridge_conditional_industry_ablation,research_holdout,20250403,20,2.033020943685848e-05,0.00040660418873716964,7,13,0.36419433897300624,-0.36378773478426907,0.005746403,11
ridge_conditional_industry_ablation,research_holdout,20250407,20,0.1509165223009747,3.018330446019494,20,0,3.018330446019494,0.0,0.00573011,10
ridge_conditional_industry_ablation,research_holdout,20250408,20,0.15350907118001583,3.0701814236003164,20,0,3.0701814236003164,0.0,0.0057830685,11
ridge_conditional_industry_ablation,research_holdout,20250409,20,0.017801505916101294,0.3560301183220259,14,6,0.400523623204764,-0.044493504882738066,0.0056909258,13
ridge_conditional_industry_ablation,research_holdout,20250410,20,0.027665989518181562,0.5533197903636312,16,4,0.5831437485402062,-0.029823958176575016,0.005741426,13
ridge_conditional_industry_ablation,research_holdout,20250411,20,0.0014333063885497098,0.0286661277709942,10,10,0.18485489527284482,-0.15618876750185062,0.0058137947,14
ridge_conditional_industry_ablation,research_holdout,20250414,20,0.009732602522063127,0.19465205044126255,14,6,0.3222601718885485,-0.12760812144728595,0.0057354877,11
ridge_conditional_industry_ablation,research_holdout,20250415,20,0.016108605305390038,0.3221721061078008,13,7,0.4675628939165215,-0.14539078780872072,0.005662699,10
ridge_conditional_industry_ablation,research_holdout,20250416,20,0.05075696815677751,1.01513936313555,18,2,1.070801070261627,-0.055661707126076876,0.0057385745,13
ridge_conditional_industry_ablation,research_holdout,20250417,20,0.030532304979293164,0.6106460995858632,18,2,0.6762672095848139,-0.06562110999895066,0.0057498775,11
ridge_conditional_industry_ablation,research_holdout,20250418,20,0.0192924416955658,0.38584883391131597,15,5,0.4337053965017117,-0.047856562590395724,0.005671881,11
ridge_conditional_industry_ablation,research_holdout,20250421,20,-0.016016801845037197,-0.32033603690074397,5,15,0.14615134083587855,-0.4664873777366225,0.0057829823,12
ridge_conditional_industry_ablation,research_holdout,20250422,20,0.00596234997907365,0.119246999581473,11,9,0.35574387934601326,-0.23649687976454026,0.0057732523,13
ridge_conditional_industry_ablation,research_holdout,20250423,20,0.03589907492759162,0.7179814985518324,15,5,0.800916715841556,-0.08293521728972364,0.0056268494,13
ridge_conditional_industry_ablation,research_holdout,20250424,20,0.05298459375230091,1.0596918750460183,19,1,1.2571556431619604,-0.19746376811594202,0.0056744516,13
ridge_conditional_industry_ablation,research_holdout,20250425,20,0.07726650331317635,1.545330066263527,18,2,1.8527788874022486,-0.30744882113872163,0.0058131074,11
ridge_conditional_industry_ablation,research_holdout,20250428,20,0.1419352436905062,2.8387048738101237,19,1,3.003356036600821,-0.1646511627906977,0.005789584,12
ridge_conditional_industry_ablation,research_holdout,20250429,20,0.09861952588661874,1.9723905177323748,20,0,1.9723905177323748,0.0,0.005651874,14
ridge_conditional_industry_ablation,research_holdout,20250430,20,0.07622602471873122,1.5245204943746242,20,0,1.5245204943746242,0.0,0.005589261,11
ridge_conditional_industry_ablation,research_holdout,20250506,20,0.007402072758399036,0.14804145516798073,14,6,0.19322134071195896,-0.04517988554397823,0.0055822097,13
ridge_conditional_industry_ablation,research_holdout,20250507,20,0.0016104850624831858,0.032209701249663714,12,8,0.11541850912706786,-0.08320880787740415,0.0055675195,12
ridge_conditional_industry_ablation,research_holdout,20250508,20,-0.010069561442184238,-0.20139122884368477,6,14,0.14844756042165463,-0.3498387892653394,0.0054784557,12
ridge_conditional_industry_ablation,research_holdout,20250509,20,-0.010101638260038575,-0.2020327652007715,6,14,0.10441067577422158,-0.3064434409749931,0.0055233077,9
ridge_conditional_industry_ablation,research_holdout,20250512,20,-0.008675371738039889,-0.17350743476079777,7,13,0.06027404729792307,-0.23378148205872085,0.0056602866,11
ridge_conditional_industry_ablation,research_holdout,20250513,20,0.01304835935829785,0.260967187165957,12,8,0.37033390299231006,-0.10936671582635304,0.0057314066,12
ridge_conditional_industry_ablation,research_holdout,20250514,20,0.014609155585315187,0.29218311170630373,15,5,0.38032713148262354,-0.0881440197763198,0.0057811355,11
ridge_conditional_industry_ablation,research_holdout,20250515,20,0.0010415983271427286,0.020831966542854574,11,9,0.14140049711916358,-0.12056853057630901,0.00586408,10
ridge_conditional_industry_ablation,research_holdout,20250516,20,-0.018987110787388888,-0.3797422157477778,3,17,0.03156259696861219,-0.41130481271638997,0.0057446277,10
ridge_conditional_industry_ablation,research_holdout,20250519,20,-0.020039405922722735,-0.4007881184544547,3,17,0.017682414467437013,-0.41847053292189174,0.0057218783,11
ridge_conditional_industry_ablation,research_holdout,20250520,20,-0.010979060375455447,-0.21958120750910892,1,19,0.46440677966101696,-0.6839879871701259,0.0056924517,8
ridge_conditional_industry_ablation,research_holdout,20250521,20,-0.02802818422659742,-0.5605636845319484,1,19,0.03389830508474567,-0.594461989616694,0.00565845,11
ridge_conditional_industry_ablation,research_holdout,20250522,20,0.016515232183632277,0.33030464367264556,16,4,0.41830147373288207,-0.08799683006023651,0.005625096,9
ridge_conditional_industry_ablation,research_holdout,20250523,20,0.015781283013726527,0.31562566027453054,16,4,0.34910333466863097,-0.03347767439410043,0.0056789243,9
ridge_conditional_industry_ablation,research_holdout,20250526,20,0.008892085315445409,0.17784170630890817,11,9,0.2795434898999434,-0.10170178359103521,0.0057568364,9
ridge_conditional_industry_ablation,research_holdout,20250527,20,0.01183845249666196,0.23676904993323922,16,4,0.2726554193607049,-0.0358863694274657,0.005833818,10
ridge_conditional_industry_ablation,research_holdout,20250528,20,0.04363856717343688,0.8727713434687376,20,0,0.8727713434687376,0.0,0.0058389446,10
ridge_conditional_industry_ablation,research_holdout,20250529,20,0.02172803461724762,0.4345606923449524,15,5,0.4798159352143818,-0.04525524286942939,0.005580697,11
ridge_conditional_industry_ablation,research_holdout,20250530,20,0.05969169215759287,1.1938338431518574,20,0,1.1938338431518574,0.0,0.005710652,11
ridge_conditional_industry_ablation,research_holdout,20250603,20,0.037364708028988725,0.7472941605797745,18,2,0.7667381180224953,-0.01944395744272076,0.0057851025,9
ridge_conditional_industry_ablation,research_holdout,20250604,20,0.02376798252861239,0.4753596505722478,19,1,0.48588596636172166,-0.010526315789473828,0.005837069,9
ridge_conditional_industry_ablation,research_holdout,20250605,20,0.014185746406113609,0.28371492812227217,16,4,0.33187356071302787,-0.0481586325907557,0.005632569,11
ridge_conditional_industry_ablation,research_holdout,20250606,20,0.0035801670389842277,0.07160334077968455,5,15,0.38104451394621375,-0.3094411731665292,0.0057099517,10
ridge_conditional_industry_ablation,research_holdout,20250609,20,0.0009561602360250498,0.019123204720500997,7,13,0.2315330041434973,-0.21240979942299631,0.005711234,10
ridge_conditional_industry_ablation,research_holdout,20250610,20,0.006648214977181754,0.1329642995436351,13,7,0.1852276703185931,-0.05226337077495802,0.00575421,9
ridge_conditional_industry_ablation,research_holdout,20250611,20,0.007349150541371785,0.1469830108274357,10,10,0.41143421570983985,-0.26445120488240415,0.0057340944,12
ridge_conditional_industry_ablation,research_holdout,20250612,20,-0.018196410430841293,-0.36392820861682584,2,18,0.2571868485602713,-0.6211150571770971,0.005780951,8
ridge_conditional_industry_ablation,research_holdout,20250613,20,-0.01080084336221725,-0.216016867244345,7,13,0.26546491088585533,-0.4814817781302003,0.0058347145,9
ridge_conditional_industry_ablation,research_holdout,20250616,20,0.003844440679514993,0.07688881359029986,9,11,0.4161343875002721,-0.33924557390997223,0.0057440745,8
ridge_conditional_industry_ablation,research_holdout,20250617,20,0.009456687196577013,0.18913374393154025,12,8,0.31123560749037504,-0.12210186355883479,0.005726579,11
ridge_conditional_industry_ablation,research_holdout,20250618,20,0.02800012714360403,0.5600025428720806,18,2,0.6266390126199946,-0.06663646974791393,0.005690005,9
ridge_conditional_industry_ablation,research_holdout,20250619,20,0.043391568802958,0.8678313760591599,19,1,0.8844980427258267,-0.01666666666666672,0.0057136575,10
ridge_conditional_industry_ablation,research_holdout,20250620,20,0.07852398252372482,1.5704796504744964,20,0,1.5704796504744964,0.0,0.0057614646,7
ridge_conditional_industry_ablation,research_holdout,20250623,20,0.052716703105236816,1.0543340621047363,20,0,1.0543340621047363,0.0,0.0056929355,9
ridge_conditional_industry_ablation,research_holdout,20250624,20,0.03608982855148289,0.7217965710296578,18,2,0.7298538673591117,-0.008057296329453956,0.005630196,11
ridge_conditional_industry_ablation,research_holdout,20250625,20,0.028650485552615828,0.5730097110523166,18,2,0.6084214517341742,-0.035411740681857595,0.0056451303,13
ridge_conditional_industry_ablation,research_holdout,20250626,20,0.03206126591504362,0.6412253183008725,20,0,0.6412253183008725,0.0,0.005545049,11
ridge_conditional_industry_ablation,research_holdout,20250627,20,0.005255246880259179,0.10510493760518358,12,8,0.2147803402031192,-0.10967540259793562,0.005500598,12
ridge_conditional_industry_ablation,research_holdout,20250630,20,0.014900734155968076,0.2980146831193615,12,8,0.49775592438514615,-0.19974124126578463,0.005551491,13
ridge_conditional_industry_ablation,research_holdout,20250701,20,0.0017458833939916706,0.034917667879833414,9,11,0.2623363809659218,-0.2274187130860884,0.005651199,9
ridge_conditional_industry_ablation,research_holdout,20250702,20,0.001981538059962362,0.039630761199247244,12,8,0.2735338113532959,-0.23390305015404866,0.0057407366,9
ridge_conditional_industry_ablation,research_holdout,20250703,20,0.006441702971418583,0.12883405942837167,12,8,0.2846085221207013,-0.15577446269232964,0.0058005354,7
ridge_conditional_industry_ablation,research_holdout,20250704,20,0.03271768914545984,0.6543537829091968,19,1,0.6543537829091968,0.0,0.0056440057,11
ridge_conditional_industry_ablation,research_holdout,20250707,20,0.03789502245406844,0.7579004490813689,19,1,0.7655779922675494,-0.007677543186180524,0.00589499,12
ridge_conditional_industry_ablation,research_holdout,20250708,20,0.01410864348767163,0.2821728697534326,8,12,0.43125641544633186,-0.14908354569289928,0.005958618,11
ridge_conditional_industry_ablation,research_holdout,20250709,20,0.021282257505535824,0.42564515011071646,14,6,0.5072757070391947,-0.0816305569284782,0.0060591144,12
ridge_conditional_industry_ablation,research_holdout,20250710,20,0.012483291769307448,0.24966583538614895,13,7,0.3077042016376903,-0.05803836625154135,0.005921048,12
ridge_conditional_industry_ablation,research_holdout,20250711,20,0.019219152050108813,0.38438304100217624,11,9,0.5192726889466157,-0.13488964794443947,0.0059468104,11
ridge_conditional_industry_ablation,research_holdout,20250714,20,0.015019771207368698,0.30039542414737397,12,8,0.3901860936875441,-0.08979066954017012,0.0058831973,16
ridge_conditional_industry_ablation,research_holdout,20250715,20,0.037409078765110335,0.7481815753022066,18,2,0.7538027170616575,-0.005621141759450832,0.005884982,13
ridge_conditional_industry_ablation,research_holdout,20250716,20,0.02883776723204966,0.5767553446409932,12,8,0.671703341508191,-0.09494799686719779,0.0059631197,11
ridge_conditional_industry_ablation,research_holdout,20250717,20,0.14421245947392922,2.8842491894785844,18,2,2.8980412441320866,-0.013792054653501973,0.0060661277,10
ridge_conditional_industry_ablation,research_holdout,20250718,20,0.03655994383248889,0.7311988766497778,17,3,0.7616163015086361,-0.030417424858858344,0.006095508,11
ridge_conditional_industry_ablation,research_holdout,20250721,20,0.010540411307582032,0.21080822615164063,11,9,0.32746303418699885,-0.11665480803535822,0.005977723,11
ridge_conditional_industry_ablation,research_holdout,20250722,20,-0.0014819538818200695,-0.02963907763640139,10,10,0.14331447204951853,-0.17295354968591992,0.0057929507,9
ridge_conditional_industry_ablation,research_holdout,20250723,20,0.00603199444662933,0.12063988893258659,9,11,0.3382089729142894,-0.21756908398170283,0.005861902,9
ridge_conditional_industry_ablation,research_holdout,20250724,20,-0.030137695678932503,-0.60275391357865,1,19,0.0015756302521010568,-0.6043295438307511,0.0058225873,13
ridge_conditional_industry_ablation,research_holdout,20250725,20,-0.026751675238534216,-0.5350335047706843,2,18,0.07867416789998138,-0.6137076726706657,0.005847347,9
ridge_conditional_industry_ablation,research_holdout,20250728,20,-0.02035658676473554,-0.4071317352947108,3,17,0.04151015314885487,-0.4486418884435657,0.005913849,9
ridge_conditional_industry_ablation,research_holdout,20250729,20,-0.017369270825444955,-0.3473854165088991,3,17,0.01739252045264994,-0.36477793696154903,0.0060538733,9
ridge_conditional_industry_ablation,research_holdout,20250730,20,0.003855651703445062,0.07711303406890124,11,9,0.21244295468620122,-0.13532992061729998,0.006056196,9
ridge_conditional_industry_ablation,research_holdout,20250731,20,0.012968571013609143,0.25937142027218285,13,7,0.3537976556199478,-0.09442623534776495,0.0061322786,9
ridge_conditional_industry_ablation,research_holdout,20250801,20,0.00427541889061755,0.08550837781235099,10,10,0.1820171746515935,-0.09650879683924252,0.0061078165,11
ridge_conditional_industry_ablation,research_holdout,20250804,20,-0.001462620487844829,-0.02925240975689658,9,11,0.15669005457286667,-0.18594246432976325,0.006133078,12
ridge_conditional_industry_ablation,research_holdout,20250805,20,0.0015575740466989452,0.031151480933978903,7,13,0.26501341763412833,-0.23386193670014943,0.0062153107,11
ridge_conditional_industry_ablation,research_holdout,20250806,20,-0.01348094126939715,-0.269618825387943,7,13,0.11543902045642818,-0.3850578458443712,0.006012341,12
ridge_conditional_industry_ablation,research_holdout,20250807,20,-0.048438694936987915,-0.9687738987397583,0,20,0.0,-0.9687738987397583,0.0060549635,12
ridge_conditional_industry_ablation,research_holdout,20250808,20,-0.01675111746384179,-0.33502234927683583,3,17,0.10065258650334408,-0.4356749357801799,0.0061986838,10
ridge_conditional_industry_ablation,research_holdout,20250811,20,0.033722006990865125,0.6744401398173026,19,1,0.6744401398173026,0.0,0.0063256724,12
ridge_conditional_industry_ablation,research_holdout,20250812,20,0.04856742579714679,0.9713485159429358,20,0,0.9713485159429358,0.0,0.0062600737,9
ridge_conditional_industry_ablation,research_holdout,20250813,20,0.057122969292120254,1.142459385842405,20,0,1.142459385842405,0.0,0.006326095,8
ridge_conditional_industry_ablation,research_holdout,20250814,20,0.08655709669374274,1.7311419338748548,20,0,1.7311419338748548,0.0,0.006307316,8
ridge_conditional_industry_ablation,research_holdout,20250815,20,0.04145392669510443,0.8290785339020885,20,0,0.8290785339020885,0.0,0.0062234714,9
ridge_conditional_industry_ablation,research_holdout,20250818,20,0.012589889613755728,0.25179779227511456,13,7,0.33561494744844356,-0.083817155173329,0.00583382,8
ridge_conditional_industry_ablation,research_holdout,20250819,20,0.010531789616555393,0.21063579233110785,13,7,0.3364852074708875,-0.12584941513977965,0.005705786,11
ridge_conditional_industry_ablation,research_holdout,20250820,20,-0.03213569797166253,-0.6427139594332507,2,18,0.08474016441573684,-0.7274541238489876,0.005762202,11
ridge_conditional_industry_ablation,research_holdout,20250821,20,-0.022820717441575395,-0.4564143488315079,2,18,0.1755969472167369,-0.6320112960482448,0.005687044,12
ridge_conditional_industry_ablation,research_holdout,20250822,20,-0.01718754862719013,-0.3437509725438026,3,17,0.17073883039572157,-0.5144898029395242,0.0058310963,10
ridge_conditional_industry_ablation,research_holdout,20250825,20,0.01902584034723386,0.38051680694467716,7,13,0.5946205124616086,-0.21410370551693148,0.0061674635,10
ridge_conditional_industry_ablation,research_holdout,20250826,20,0.0547503748114456,1.095007496228912,15,5,1.1307853744587497,-0.0357778782298378,0.006251873,7
ridge_conditional_industry_ablation,research_holdout,20250827,20,0.055010763170752,1.10021526341504,15,5,1.169823319531446,-0.06960805611640619,0.0063053304,9
ridge_conditional_industry_ablation,research_holdout,20250828,20,0.0800039047722512,1.6000780954450238,18,2,1.6110671064340347,-0.010989010989011061,0.0062099043,9
ridge_conditional_industry_ablation,research_holdout,20250829,20,0.07820652544494873,1.5641305088989745,18,2,1.6279450857246731,-0.06381457682569847,0.0061416156,5
ridge_conditional_industry_ablation,research_holdout,20250901,20,0.057995661937574716,1.1599132387514943,19,1,1.1848133309740583,-0.024900092222563952,0.006018716,10
ridge_conditional_industry_ablation,research_holdout,20250902,20,0.026424126062391175,0.5284825212478235,15,5,0.5959406219877164,-0.06745810073989289,0.0058833486,10
ridge_conditional_industry_ablation,research_holdout,20250903,20,0.04556491830312929,0.9112983660625857,19,1,0.9244689410706166,-0.013170575008030871,0.005867271,10
ridge_conditional_industry_ablation,research_holdout,20250904,20,0.034950570067558834,0.6990114013511767,19,1,0.7050287010879197,-0.006017299736743031,0.0056678127,12
ridge_conditional_industry_ablation,research_holdout,20250905,20,0.009879169566097723,0.19758339132195446,12,8,0.3055917706574085,-0.10800837933545404,0.0056625255,10
ridge_conditional_industry_ablation,research_holdout,20250908,20,-0.006938889690107297,-0.13877779380214594,3,17,0.1514404200907984,-0.29021821389294433,0.005727303,11
ridge_conditional_industry_ablation,research_holdout,20250909,20,0.008399862119247082,0.16799724238494163,13,7,0.3028206385225256,-0.13482339613758398,0.005685237,10
ridge_conditional_industry_ablation,research_holdout,20250910,20,0.007219588246715869,0.14439176493431738,12,8,0.2550219890509171,-0.11063022411659973,0.0056765312,10
ridge_conditional_industry_ablation,research_holdout,20250911,20,-0.017168692370984943,-0.3433738474196989,5,15,0.10419763988448238,-0.4475714873041813,0.005942683,9
ridge_conditional_industry_ablation,research_holdout,20250912,20,-0.0026294014244133967,-0.052588028488267935,6,14,0.3584629104466892,-0.41105093893495714,0.006034751,8
ridge_conditional_industry_ablation,research_holdout,20250915,20,-0.03385506621399199,-0.6771013242798397,2,18,0.04187585778132297,-0.7189771820611627,0.0060464335,9
ridge_conditional_industry_ablation,research_holdout,20250916,20,-0.05103137974051495,-1.020627594810299,2,18,0.067902347453479,-1.088529942263778,0.006020596,13
ridge_conditional_industry_ablation,research_holdout,20250917,20,-0.051011585562116254,-1.0202317112423251,1,19,0.024827586206896513,-1.0450592974492217,0.0060278266,12
ridge_conditional_industry_ablation,research_holdout,20250918,20,-0.02991149783827642,-0.5982299567655284,3,17,0.04790673562482617,-0.6461366923903545,0.0059152693,12
ridge_conditional_industry_ablation,research_holdout,20250919,20,-0.01828241351403521,-0.36564827028070424,5,15,0.13950885318209605,-0.5051571234628003,0.005907781,11
ridge_conditional_industry_ablation,research_holdout,20250922,20,0.001407234825856135,0.028144696517122703,10,10,0.33878802340502934,-0.31064332688790663,0.0059017697,9
ridge_conditional_industry_ablation,research_holdout,20250923,20,0.006054035570705907,0.12108071141411814,10,10,0.3732797872908,-0.2521990758766819,0.005912029,10
ridge_conditional_industry_ablation,research_holdout,20250924,20,-0.0047946474898148735,-0.09589294979629748,8,12,0.41210493297876694,-0.5079978827750644,0.006037346,11
ridge_conditional_industry_ablation,research_holdout,20250925,20,0.0010199355479601658,0.020398710959203314,10,10,0.26639604776044834,-0.24599733680124503,0.0061165206,10
ridge_conditional_industry_ablation,research_holdout,20250926,20,-0.018770011746996135,-0.3754002349399227,3,17,0.027705717367355165,-0.40310595230727786,0.00609159,12
ridge_conditional_industry_ablation,research_holdout,20250929,20,-0.008040389847450874,-0.16080779694901748,7,13,0.12613588221322303,-0.2869436791622405,0.0061708097,12
ridge_conditional_industry_ablation,research_holdout,20250930,20,0.01016085326091637,0.2032170652183274,13,7,0.3247292223000309,-0.12151215708170349,0.0061663687,13
ridge_conditional_industry_ablation,research_holdout,20251009,20,0.0014759237673032833,0.029518475346065665,9,11,0.22341119013963695,-0.19389271479357129,0.006195891,11
ridge_conditional_industry_ablation,research_holdout,20251010,20,-0.005427465492002315,-0.10854930984004629,6,14,0.11278622364985225,-0.22133553348989854,0.0061542173,13
ridge_conditional_industry_ablation,research_holdout,20251013,20,-0.01763956701481127,-0.3527913402962254,6,14,0.08635512265972722,-0.4391464629559526,0.006195293,11
ridge_conditional_industry_ablation,research_holdout,20251014,20,0.017341926591340075,0.34683853182680147,16,4,0.37963902976068575,-0.03280049793388429,0.0061888336,11
ridge_conditional_industry_ablation,research_holdout,20251015,20,0.015774297124315263,0.31548594248630524,12,8,0.43121110161194887,-0.11572515912564363,0.006125734,10
ridge_conditional_industry_ablation,research_holdout,20251016,20,0.020233051247667937,0.40466102495335876,14,6,0.45470905202830414,-0.05004802707494538,0.0059854584,12
ridge_conditional_industry_ablation,research_holdout,20251017,20,0.036152693879456986,0.7230538775891397,20,0,0.7230538775891397,0.0,0.005998856,7
ridge_conditional_industry_ablation,research_holdout,20251020,20,0.033691989796421185,0.6738397959284237,20,0,0.6738397959284237,0.0,0.006031349,10
ridge_conditional_industry_ablation,research_holdout,20251021,20,0.007833865798807738,0.15667731597615475,10,10,0.30111609973422016,-0.1444387837580654,0.005878808,12
ridge_conditional_industry_ablation,research_holdout,20251022,20,0.020992820824411302,0.419856416488226,18,2,0.5322206334457631,-0.11236421695753707,0.0057800757,12
ridge_conditional_industry_ablation,research_holdout,20251023,20,0.018072408217170943,0.36144816434341887,17,3,0.4397441582970951,-0.07829599395367626,0.0060140495,12
ridge_conditional_industry_ablation,research_holdout,20251024,20,0.031925659816348026,0.6385131963269606,19,1,0.6479471585911114,-0.00943396226415083,0.0060287467,15
ridge_conditional_industry_ablation,research_holdout,20251027,20,0.042483307744115295,0.8496661548823059,19,1,0.8508724274999175,-0.0012062726176116367,0.0061495122,12
ridge_conditional_industry_ablation,research_holdout,20251028,20,0.02357410008054564,0.4714820016109128,19,1,0.4753374232976597,-0.003855421686746907,0.0062894993,10
ridge_conditional_industry_ablation,research_holdout,20251029,20,0.026661466703025372,0.5332293340605074,17,3,0.5789163472403358,-0.04568701317982837,0.005744872,12
ridge_conditional_industry_ablation,research_holdout,20251030,20,0.0435483576316486,0.870967152632972,19,1,0.8825056141714336,-0.011538461538461608,0.005859069,12
ridge_conditional_industry_ablation,research_holdout,20251031,20,-0.0026699893176038657,-0.053399786352077316,10,10,0.20352853683981298,-0.2569283231918903,0.0057101576,10
ridge_conditional_industry_ablation,research_holdout,20251103,20,0.00038833625149693464,0.0077667250299386925,11,9,0.2392831999747893,-0.23151647494485061,0.0057909014,11
ridge_conditional_industry_ablation,research_holdout,20251104,20,0.003968435831006423,0.07936871662012845,13,7,0.25949527145268725,-0.1801265548325588,0.005805593,12
ridge_conditional_industry_ablation,research_holdout,20251105,20,-0.02461947067062223,-0.4923894134124446,3,17,0.06183696445197984,-0.5542263778644244,0.005948136,10
ridge_conditional_industry_ablation,research_holdout,20251106,20,-0.0008579130438159333,-0.017158260876318665,8,12,0.18528842389526368,-0.20244668477158234,0.006013333,10
ridge_conditional_industry_ablation,research_holdout,20251107,20,-0.01469818550687888,-0.2939637101375776,4,16,0.0954833350035953,-0.3894470451411729,0.006131179,9
ridge_conditional_industry_ablation,research_holdout,20251110,20,-0.014334501945903933,-0.28669003891807865,3,17,0.08601666738712588,-0.3727067063052045,0.006213068,12
ridge_conditional_industry_ablation,research_holdout,20251111,20,-0.012078896129420452,-0.24157792258840904,5,15,0.44635769921074364,-0.6879356217991527,0.0061918995,11
ridge_conditional_industry_ablation,research_holdout,20251112,20,-0.037514864394096334,-0.7502972878819266,3,17,0.2506674459551681,-1.0009647338370948,0.0061570937,11
ridge_conditional_industry_ablation,research_holdout,20251113,20,-0.051293467672314776,-1.0258693534462955,2,18,0.009965779047946155,-1.0358351324942414,0.006031004,11
ridge_conditional_industry_ablation,research_holdout,20251114,20,-0.1017333248611307,-2.034666497222614,0,20,0.0,-2.034666497222614,0.0060176356,7
ridge_conditional_industry_ablation,research_holdout,20251117,20,-0.0804317976467965,-1.6086359529359302,0,20,0.0,-1.6086359529359304,0.0060432693,8
ridge_conditional_industry_ablation,research_holdout,20251118,20,-0.05577018513875367,-1.1154037027750734,1,19,0.028455284552845628,-1.1438589873279188,0.006149479,10
ridge_conditional_industry_ablation,research_holdout,20251119,20,-0.05031337082469149,-1.00626741649383,2,18,0.03317184383015115,-1.0394392603239813,0.0061886758,9
ridge_conditional_industry_ablation,research_holdout,20251120,20,-0.029855107506189683,-0.5971021501237936,2,18,0.12129300795925602,-0.7183951580830497,0.0062427456,10
ridge_conditional_industry_ablation,research_holdout,20251121,20,-0.00014566000926964916,-0.0029132001853929834,9,11,0.21858892189455514,-0.22150212207994813,0.0061909975,9
ridge_conditional_industry_ablation,research_holdout,20251124,20,0.028345860784882153,0.5669172156976431,19,1,0.5813718806122292,-0.014454664914586135,0.006224275,10
ridge_conditional_industry_ablation,research_holdout,20251125,20,-0.009505743368879044,-0.19011486737758088,6,14,0.07102664485633303,-0.2611415122339139,0.006198117,10
ridge_conditional_industry_ablation,research_holdout,20251126,20,0.00077674939179595,0.015534987835919,5,15,0.2478701284912408,-0.2323351406553218,0.006254195,10
ridge_conditional_industry_ablation,research_holdout,20251127,20,-0.020968253709601564,-0.4193650741920313,2,18,0.04269181885075901,-0.4620568930427903,0.006268125,12
ridge_conditional_industry_ablation,research_holdout,20251128,20,0.004009562628536573,0.08019125257073145,8,12,0.3096010535229592,-0.22940980095222774,0.006286026,13
ridge_conditional_industry_ablation,research_holdout,20251201,20,-0.031276269515581386,-0.6255253903116277,1,19,0.020331106593087567,-0.6458564969047152,0.006040118,13
ridge_conditional_industry_ablation,research_holdout,20251202,20,-0.027694418657552372,-0.5538883731510474,1,19,0.07118141374196751,-0.625069786893015,0.006135595,12
ridge_conditional_industry_ablation,research_holdout,20251203,20,-0.023744044869128022,-0.47488089738256045,2,18,0.030423665340094663,-0.5053045627226551,0.0062286123,12
ridge_conditional_industry_ablation,research_holdout,20251204,20,0.02230777254876708,0.4461554509753416,18,2,0.4605116319288072,-0.01435618095346558,0.0062169945,13
ridge_conditional_industry_ablation,research_holdout,20251205,20,0.003325727591734895,0.0665145518346979,7,13,0.21650287916301636,-0.14998832732831846,0.006082722,13
ridge_conditional_industry_ablation,research_holdout,20251208,20,0.0070432070756581925,0.14086414151316384,11,9,0.18854630924590698,-0.04768216773274314,0.0063638077,12
ridge_conditional_industry_ablation,research_holdout,20251209,20,0.04300817932188716,0.8601635864377433,19,1,0.8618527756269323,-0.0016891891891890332,0.006271047,12
ridge_conditional_industry_ablation,research_holdout,20251210,20,0.0307282644328292,0.614565288656584,17,3,0.754947004364134,-0.14038171570754998,0.006330575,10
ridge_conditional_industry_ablation,research_holdout,20251211,20,-0.0011908149027572202,-0.023816298055144403,9,11,0.21891814519240738,-0.24273444324755178,0.00579608,14
ridge_conditional_industry_ablation,research_holdout,20251212,20,0.02169057965262825,0.433811593052565,17,3,0.49157460327171565,-0.057763010219150646,0.0060065114,13
ridge_conditional_industry_ablation,research_holdout,20251215,20,0.023862820251080313,0.47725640502160627,18,2,0.5028575708531884,-0.025601165831582118,0.0058904584,13
ridge_conditional_industry_ablation,research_holdout,20251216,20,0.03133683389071608,0.6267366778143215,20,0,0.6267366778143215,0.0,0.0059706285,8
ridge_conditional_industry_ablation,research_holdout,20251217,20,0.039280419516558474,0.7856083903311695,20,0,0.7856083903311695,0.0,0.0058830166,12
ridge_conditional_industry_ablation,research_holdout,20251218,20,0.006649244654242536,0.13298489308485073,12,8,0.29618872447042,-0.16320383138556926,0.0058015618,11
ridge_conditional_industry_ablation,research_holdout,20251219,20,-0.016503132878101547,-0.3300626575620309,6,14,0.03526061176745565,-0.36532326932948656,0.005774257,11
ridge_conditional_industry_ablation,research_holdout,20251222,20,-0.030362145042325168,-0.6072429008465033,3,17,0.08575116059984911,-0.6929940614463524,0.0058239372,12
ridge_conditional_industry_ablation,research_holdout,20251223,20,0.0015693935782924938,0.03138787156584988,5,15,0.43602937583285417,-0.4046415042670043,0.0060760947,9
ridge_conditional_industry_ablation,research_holdout,20251224,20,0.019765113578754278,0.3953022715750856,4,16,0.9403414010098379,-0.5450391294347523,0.006232302,11
ridge_conditional_industry_ablation,research_holdout,20251225,20,0.013983458692071354,0.2796691738414271,5,15,0.5996692693817645,-0.32000009554033737,0.0061890166,14
ridge_conditional_industry_ablation,research_holdout,20251226,20,0.04371358764349246,0.8742717528698492,14,6,0.9234666148212576,-0.04919486195140843,0.006176473,12
ridge_conditional_industry_ablation,research_holdout,20251229,20,0.04085856203497426,0.8171712406994852,18,2,0.8530484412891999,-0.035877200589714664,0.0062425267,12
ridge_conditional_industry_ablation,research_holdout,20251230,20,0.03317378074503967,0.6634756149007934,18,2,0.674427553605228,-0.01095193870443456,0.006253996,12
ridge_conditional_industry_ablation,research_holdout,20251231,20,0.05246832339118873,1.0493664678237746,20,0,1.0493664678237746,0.0,0.006236806,13
ridge_conditional_industry_ablation,research_holdout,20260105,20,0.05452540173626913,1.0905080347253826,20,0,1.0905080347253826,0.0,0.0062365215,12
ridge_conditional_industry_ablation,research_holdout,20260106,20,0.032896173301600065,0.6579234660320012,20,0,0.6579234660320012,0.0,0.0061303973,11
ridge_conditional_industry_ablation,research_holdout,20260107,20,0.06314632938649076,1.2629265877298153,20,0,1.2629265877298153,0.0,0.006108661,12
ridge_conditional_industry_ablation,research_holdout,20260108,20,0.02242537521313871,0.4485075042627742,18,2,0.5611845891174552,-0.11267708485468098,0.006044703,10
ridge_conditional_industry_ablation,research_holdout,20260109,20,0.02046956028370328,0.4093912056740656,16,4,0.4437436880747181,-0.03435248240065247,0.00600418,12
ridge_conditional_industry_ablation,research_holdout,20260112,20,0.019764073373175463,0.39528146746350923,15,5,0.5224982811955667,-0.1272168137320575,0.005909376,11
ridge_conditional_industry_ablation,research_holdout,20260113,20,0.039788527749968626,0.7957705549993725,14,6,0.8898823475851072,-0.09411179258573465,0.0057765534,10
ridge_conditional_industry_ablation,research_holdout,20260114,20,0.035621154573650685,0.7124230914730136,14,6,0.8126112567961046,-0.10018816532309094,0.00577798,10
ridge_conditional_industry_ablation,research_holdout,20260115,20,0.040295137818771205,0.8059027563754241,15,5,0.8434655867639631,-0.037562830388539026,0.0059261657,11
ridge_conditional_industry_ablation,research_holdout,20260116,20,0.04746734243345828,0.9493468486691656,18,2,0.9607597166721502,-0.011412868002984577,0.0060354196,10
ridge_conditional_industry_ablation,research_holdout,20260119,20,0.03828233047198086,0.7656466094396173,17,3,0.8029737599810056,-0.037327150541388354,0.006228083,9
ridge_conditional_industry_ablation,research_holdout,20260120,20,0.013505282698112192,0.27010565396224384,14,6,0.3551747246606818,-0.08506907069843794,0.0062553734,9
ridge_conditional_industry_ablation,research_holdout,20260121,20,0.0038347301181009263,0.07669460236201853,11,9,0.30591781503836013,-0.2292232126763416,0.0062302873,11
ridge_conditional_industry_ablation,research_holdout,20260122,20,-0.01887828884060506,-0.37756577681210124,6,14,0.12770757733455707,-0.5052733541466583,0.006064986,10
ridge_conditional_industry_ablation,research_holdout,20260123,20,-0.04463827275975993,-0.8927654551951986,0,20,0.0,-0.8927654551951986,0.006045501,9
ridge_conditional_industry_ablation,research_holdout,20260126,20,-0.04278560977957873,-0.8557121955915746,2,18,0.10386390023220438,-0.959576095823779,0.006082258,10
ridge_conditional_industry_ablation,research_holdout,20260127,20,-0.025797574811338132,-0.5159514962267626,1,19,0.05150214592274671,-0.5674536421495093,0.006131294,10
ridge_conditional_industry_ablation,research_holdout,20260128,20,-0.028165453063797575,-0.5633090612759515,1,19,0.02430307362401707,-0.5876121348999686,0.0061557405,8
ridge_conditional_industry_ablation,research_holdout,20260129,20,-0.03349987859509011,-0.6699975719018022,0,20,0.0,-0.6699975719018022,0.006274186,8
ridge_conditional_industry_ablation,research_holdout,20260130,20,-0.02352974304646881,-0.4705948609293762,1,19,0.0049554013875123815,-0.4755502623168886,0.0062535712,8
ridge_conditional_industry_ablation,research_holdout,20260202,20,0.006608934038866826,0.13217868077733652,14,6,0.2179992384514413,-0.08582055767410479,0.0062563256,13
ridge_conditional_industry_ablation,research_holdout,20260203,20,-0.016731893621358334,-0.3346378724271667,3,17,0.032947644927248554,-0.36758551735441525,0.006172423,12
ridge_conditional_industry_ablation,research_holdout,20260204,20,-0.0035542571757328,-0.071085143514656,6,14,0.14545551279813362,-0.21654065631278963,0.0062329806,9
ridge_conditional_industry_ablation,research_holdout,20260205,20,0.0006740028425615774,0.013480056851231548,9,11,0.20343264296846164,-0.1899525861172301,0.006309338,10
ridge_conditional_industry_ablation,research_holdout,20260206,20,-0.014256787601311044,-0.2851357520262209,1,19,0.0053050397877982824,-0.29044079181401916,0.0063035726,11
ridge_conditional_industry_ablation,research_holdout,20260209,20,-0.0015639718409735826,-0.03127943681947165,8,12,0.06043773031203825,-0.0917171671315099,0.0063694096,9
ridge_conditional_industry_ablation,research_holdout,20260210,20,0.009823035360587984,0.19646070721175968,15,5,0.26396944702747005,-0.06750873981571037,0.006385497,10
ridge_conditional_industry_ablation,research_holdout,20260211,20,0.017796497701191995,0.35592995402383987,14,6,0.3971524805153497,-0.041222526491509814,0.0063243187,10
ridge_conditional_industry_ablation,research_holdout,20260212,20,0.009505179295752269,0.1901035859150454,13,7,0.27505760642098664,-0.08495402050594125,0.0061909026,10
ridge_conditional_industry_ablation,research_holdout,20260213,20,-0.02651541855663424,-0.5303083711326848,3,17,0.06486402883760833,-0.5951723999702931,0.0061874115,11
ridge_conditional_industry_ablation,research_holdout,20260224,20,-0.05717305039055308,-1.1434610078110616,2,18,0.06928311627361228,-1.212744124084674,0.006150382,15
ridge_conditional_industry_ablation,research_holdout,20260225,20,-0.053351999028259156,-1.0670399805651831,2,18,0.04593366212165173,-1.1129736426868349,0.006152934,13
ridge_conditional_industry_ablation,research_holdout,20260226,20,-0.025848605585474572,-0.5169721117094914,4,16,0.15234198786672581,-0.6693140995762172,0.0061523663,14
ridge_conditional_industry_ablation,research_holdout,20260227,20,-0.009895062445483493,-0.19790124890966987,6,14,0.1804046564694175,-0.37830590537908737,0.006232598,12
ridge_conditional_industry_ablation,research_holdout,20260302,20,-0.009784033471115016,-0.19568066942230034,6,14,0.12449993941807658,-0.3201806088403769,0.006205351,12
ridge_conditional_industry_ablation,research_holdout,20260303,20,0.030456339120660442,0.6091267824132088,15,5,0.6850244438341726,-0.07589766142096377,0.0061144833,11
ridge_conditional_industry_ablation,research_holdout,20260304,20,0.024494727585030206,0.48989455170060414,15,5,0.5464702916973727,-0.05657573999676857,0.0061645727,11
ridge_conditional_industry_ablation,research_holdout,20260305,20,-0.006754907938978044,-0.13509815877956088,7,13,0.2038057983680892,-0.3389039571476501,0.0061150426,13
ridge_conditional_industry_ablation,research_holdout,20260306,20,-0.011854906987769176,-0.23709813975538352,5,15,0.10462969842448877,-0.3417278381798723,0.006151906,11
ridge_conditional_industry_ablation,research_holdout,20260309,20,-0.023983945399064684,-0.47967890798129365,2,18,0.0728250897188445,-0.5525039977001381,0.0060567213,13
ridge_conditional_industry_ablation,research_holdout,20260310,20,-0.05572126407854696,-1.1144252815709392,0,20,0.0,-1.1144252815709392,0.0063049765,14
ridge_conditional_industry_ablation,research_holdout,20260311,20,-0.05225235985004377,-1.0450471970008754,1,19,0.025179856115107757,-1.0702270531159832,0.006189712,10
ridge_conditional_industry_ablation,research_holdout,20260312,20,-0.07386071695601533,-1.4772143391203065,0,20,0.0,-1.4772143391203065,0.0063046813,10
ridge_conditional_industry_ablation,research_holdout,20260313,20,-0.07578872834253729,-1.5157745668507459,0,20,0.0,-1.5157745668507459,0.00626357,10
ridge_conditional_industry_ablation,research_holdout,20260316,20,-0.12368811591209208,-2.4737623182418416,0,20,0.0,-2.473762318241841,0.0062765693,13
ridge_conditional_industry_ablation,research_holdout,20260317,20,-0.08579655417173306,-1.715931083434661,0,20,0.0,-1.715931083434661,0.006256613,11
ridge_conditional_industry_ablation,research_holdout,20260318,20,-0.05897350400546937,-1.1794700801093874,0,20,0.0,-1.1794700801093874,0.006294474,10
ridge_conditional_industry_ablation,research_holdout,20260319,20,-0.04255410036025055,-0.851082007205011,1,19,0.003168567807351197,-0.8542505750123622,0.0063423454,11
ridge_conditional_industry_ablation,research_holdout,20260320,20,-0.018273795651663115,-0.3654759130332623,3,17,0.035828112352614294,-0.4013040253858766,0.0063684187,11
ridge_conditional_industry_ablation,research_holdout,20260323,20,-0.0017916766852551502,-0.035833533705103005,9,11,0.12844165234688587,-0.16427518605198888,0.006314346,13
ridge_conditional_industry_ablation,research_holdout,20260324,20,-0.0048650087828524145,-0.0973001756570483,4,16,0.17080334793600072,-0.268103523593049,0.0064170538,11
ridge_conditional_industry_ablation,research_holdout,20260325,20,0.007996421786385145,0.15992843572770288,10,10,0.31535172704967884,-0.15542329132197596,0.0064196936,9
ridge_conditional_industry_ablation,research_holdout,20260326,20,0.021085352512783297,0.4217070502556659,14,6,0.49123249445567585,-0.06952544420000994,0.006189156,12
ridge_conditional_industry_ablation,research_holdout,20260327,20,-0.010140162796620427,-0.20280325593240855,7,13,0.10419749299950709,-0.30700074893191565,0.0064195157,11
ridge_conditional_industry_ablation,research_holdout,20260330,20,0.004066395920900595,0.0813279184180119,13,7,0.19909740439117196,-0.11776948597316006,0.006456577,10
ridge_conditional_industry_ablation,research_holdout,20260331,20,0.03297042281195058,0.6594084562390117,19,1,0.6736414557118635,-0.014232999472851837,0.006359861,12
ridge_conditional_industry_ablation,research_holdout,20260401,20,0.0072772800141277846,0.1455456002825557,13,7,0.19049385144569553,-0.04494825116313983,0.0063595707,12
ridge_conditional_industry_ablation,research_holdout,20260402,20,0.0442295193140541,0.8845903862810819,18,2,0.9162330013128461,-0.03164261503176424,0.006025189,12
ridge_conditional_industry_ablation,research_holdout,20260403,20,0.048741453407908954,0.974829068158179,20,0,0.974829068158179,0.0,0.006063787,11
ridge_conditional_industry_ablation,research_holdout,20260407,20,0.03061878338495693,0.6123756676991386,18,2,0.6435402463451834,-0.031164578646044716,0.006107571,12
ridge_conditional_industry_ablation,research_holdout,20260408,20,-0.007502698809178238,-0.15005397618356475,6,14,0.17427117098194178,-0.32432514716550653,0.006097554,10
ridge_conditional_industry_ablation,research_holdout,20260409,20,0.010307251655949945,0.2061450331189989,13,7,0.34808433077468726,-0.14193929765568836,0.0061045187,10
ridge_conditional_industry_ablation,research_holdout,20260410,20,0.038375111776717805,0.7675022355343561,20,0,0.7675022355343561,0.0,0.0062304377,11
ridge_conditional_industry_ablation,research_holdout,20260413,20,0.0619458595750188,1.238917191500376,20,0,1.238917191500376,0.0,0.006326873,12
ridge_conditional_industry_ablation,research_holdout,20260414,20,0.02911829047561555,0.582365809512311,19,1,0.6059847046284039,-0.02361889511609294,0.0063123507,12
ridge_conditional_industry_ablation,research_holdout,20260415,20,0.04955760692987985,0.991152138597597,20,0,0.991152138597597,0.0,0.0063237986,10
ridge_conditional_industry_ablation,research_holdout,20260416,20,0.028927682581465886,0.5785536516293177,17,3,0.584209760226603,-0.00565610859728527,0.0063400096,11
ridge_conditional_industry_ablation,research_holdout,20260417,20,-0.01256479876173423,-0.2512959752346846,6,14,0.22957355177369432,-0.4808695270083789,0.0057035796,10
ridge_conditional_industry_ablation,research_holdout,20260420,20,-0.00906788743613703,-0.18135774872274057,13,7,0.39043165845451955,-0.5717894071772601,0.00574124,14
ridge_conditional_industry_ablation,research_holdout,20260421,20,-0.05138623940521314,-1.0277247881042628,2,18,0.07528805553567586,-1.103012843639939,0.0058613243,11
ridge_conditional_industry_ablation,research_holdout,20260422,20,-0.005984776161874289,-0.11969552323748578,10,10,0.5930155038582978,-0.7127110270957836,0.005873829,13
ridge_conditional_industry_ablation,research_holdout,20260423,20,-0.002250693065649334,-0.04501386131298668,9,11,0.6118232216334252,-0.6568370829464119,0.0059855822,13
ridge_conditional_industry_ablation,research_holdout,20260424,20,0.002522841361410094,0.050456827228201884,12,8,0.38741047134277395,-0.33695364411457207,0.006312404,10
ridge_conditional_industry_ablation,research_holdout,20260427,20,0.01710497198681075,0.34209943973621504,17,3,0.5968699247311626,-0.2547704849949476,0.0063574975,13
ridge_conditional_industry_ablation,research_holdout,20260428,20,0.09405285743899838,1.8810571487799677,20,0,1.8810571487799677,0.0,0.0063623064,13
ridge_conditional_industry_ablation,research_holdout,20260429,20,0.03636526095946934,0.7273052191893868,19,1,0.8036941080782758,-0.07638888888888895,0.006383357,13
ridge_conditional_industry_ablation,research_holdout,20260430,20,0.02019997968469873,0.40399959369397465,15,5,0.4954265873014614,-0.09142699360748674,0.0063624606,13
ridge_conditional_industry_ablation,research_holdout,20260506,20,0.016705879108329103,0.33411758216658205,14,6,0.38835695505654866,-0.05423937288996661,0.0064134784,12
ridge_conditional_industry_ablation,research_holdout,20260507,20,-0.012768618800660447,-0.25537237601320895,5,15,0.1835755935058827,-0.43894796951909165,0.006219259,12
ridge_conditional_industry_ablation,research_holdout,20260508,20,-0.040874550115974885,-0.8174910023194977,2,18,0.037801447335234384,-0.8552924496547321,0.0060919067,15
ridge_conditional_industry_ablation,research_holdout,20260511,20,-0.05905183771201231,-1.1810367542402462,1,19,0.0016246953696181787,-1.1826614496098644,0.006255177,14
ridge_conditional_industry_ablation,research_holdout,20260512,20,-0.020634572112930887,-0.41269144225861776,4,16,0.051826160880797945,-0.4645176031394157,0.006211371,13
ridge_conditional_industry_ablation,research_holdout,20260513,20,-0.04858773026574274,-0.9717546053148548,0,20,0.0,-0.9717546053148548,0.006178058,14
ridge_conditional_industry_ablation,research_holdout,20260514,20,-0.046973650966892336,-0.9394730193378468,3,17,0.09386007827788667,-1.0333330976157336,0.0062227817,12
ridge_conditional_industry_ablation,research_holdout,20260515,20,-0.060131622315817146,-1.202632446316343,0,20,0.0,-1.2026324463163427,0.0062710806,13
