model_id,split,industry,trade_count,avg_trade_return,median_trade_return,trade_win_rate,positive_trade_return_sum,negative_trade_return_sum,avg_score,trade_profit_factor
ridge_primary_alpha1,train,电气设备,1543,-0.0020433797775852125,-0.003724394785847407,0.4594944912508101,29.058540645601678,-32.211475642415664,0.005739992,0.9021176480141679
ridge_primary_alpha1,train,房产服务,265,-0.0019959003992490584,0.0007911392405062223,0.5056603773584906,3.7290918443294454,-4.258005450130446,0.005716345,0.8757837179882434
ridge_primary_alpha1,train,专用机械,1424,0.007050514713826752,0.00518396046222902,0.5491573033707865,31.937389086167784,-21.89745613367849,0.005761307,1.4584976853566012
ridge_primary_alpha1,train,文教休闲,166,0.011637973029670255,0.009179146896745705,0.5481927710843374,4.463859953069832,-2.5319564301445707,0.005678153,1.7630082018492526
ridge_primary_alpha1,train,公共交通,124,0.008073884841913842,0.01251482882174737,0.6209677419354839,2.6811848477984475,-1.6800231274011306,0.0057430933,1.5959213918358606
ridge_primary_alpha1,train,百货,564,0.0035261769061170644,0.0015871337032657973,0.5106382978723404,11.31529239849198,-9.326528623441956,0.0056853076,1.2132372992510123
ridge_primary_alpha1,train,装修装饰,357,0.0017253237781973659,0.0,0.4957983193277311,8.867644603410312,-8.251704014593853,0.00582815,1.0746440477902643
ridge_primary_alpha1,train,纺织,295,0.0017053299376277658,0.0020790020790022457,0.5186440677966102,6.057581780465206,-5.554509448865014,0.005676223,1.0905700739608946
ridge_primary_alpha1,train,啤酒,75,0.008163299998177628,0.00870827285921627,0.64,1.3556802178028298,-0.7434327179395077,0.005602161,1.8235412366033907
ridge_primary_alpha1,train,通信设备,247,0.0037188231776836057,0.0,0.4939271255060729,5.12194186958556,-4.20339254469771,0.0058218897,1.218525706347968
ridge_primary_alpha1,train,UNKNOWN,1787,0.006776981790877302,0.0013793103448276334,0.5058757694459989,51.08957416479465,-38.97910770449691,0.0057936176,1.3106912182830852
ridge_primary_alpha1,train,元器件,566,0.003346236015556321,0.0,0.49646643109540634,13.069546894460046,-11.175577309655168,0.0058049895,1.1694739817305526
ridge_primary_alpha1,train,塑料,645,0.0021613836718463275,0.0026200873362445254,0.524031007751938,11.879759657885797,-10.485667189544916,0.005779658,1.1329521949476813
ridge_primary_alpha1,train,化工原料,1085,0.010124124261153328,0.008045977011494232,0.5695852534562212,26.709975495672087,-15.725300672320726,0.0057197683,1.69853512198252
ridge_primary_alpha1,train,种植业,141,-0.0026017222705591357,-0.004405286343612369,0.475177304964539,2.7581978318472786,-3.125040671996117,0.00564468,0.8826118189640976
ridge_primary_alpha1,train,小金属,523,0.002552660486511887,0.0015797788309634964,0.5124282982791587,11.017922040337584,-9.682880605891864,0.0058154627,1.1378764738288079
ridge_primary_alpha1,train,水务,95,0.00958043347502801,0.007561436672967936,0.5578947368421052,2.330398669922979,-1.4202574897953182,0.0056583514,1.6408282911141885
ridge_primary_alpha1,train,水力发电,86,-0.0076743379593194015,-0.004424778761061843,0.43023255813953487,1.3073812156357396,-1.967374280137208,0.0056713666,0.6645310090892114
ridge_primary_alpha1,train,环境保护,845,0.004440902424750938,0.0008278145695364003,0.5029585798816568,17.606064907869175,-13.853502358954634,0.0058258926,1.270874646113512
ridge_primary_alpha1,train,家用电器,339,0.009647370788286362,0.008241758241758212,0.5634218289085545,7.8976826215705085,-4.627223924341431,0.0057620215,1.7067863476467795
ridge_primary_alpha1,train,建筑工程,848,-0.0013748278275288258,-0.0023148148148149916,0.4339622641509434,12.60137494683754,-13.767228944581985,0.0058954596,0.9153167276844582
ridge_primary_alpha1,train,软件服务,816,0.001806450540899845,-0.0019290439234186385,0.47058823529411764,15.157791242860718,-13.683727601486446,0.0059046694,1.1077238369765667
ridge_primary_alpha1,train,化学制药,396,0.008116836082763146,0.00697322002582379,0.5505050505050505,9.225832495861841,-6.011565407087635,0.0056788097,1.5346805484282988
ridge_primary_alpha1,train,商贸代理,340,0.005100117764790721,0.0051259660306508525,0.538235294117647,7.510283781582276,-5.77624374155343,0.0057670595,1.3002020201388702
ridge_primary_alpha1,train,电器仪表,607,-0.001218123324408561,-0.0025423728813560587,0.4728171334431631,11.157629707719064,-11.89703056563506,0.0058919317,0.9378499656837246
ridge_primary_alpha1,train,生物制药,112,0.00547054526539662,0.004563673367669163,0.5446428571428571,2.394108863676729,-1.781407793952308,0.005679105,1.3439420618931142
ridge_primary_alpha1,train,汽车整车,30,0.028487832570137636,0.03641955752679649,0.7,1.101452201170401,-0.24681722406627205,0.005620969,4.4626229200059955
ridge_primary_alpha1,train,医药商业,138,0.003792012513479162,0.0016428265786416762,0.5072463768115942,1.885601254261025,-1.3623035274009005,0.005629174,1.3841271172941239
ridge_primary_alpha1,train,汽车配件,1116,0.0002967876920038239,0.0,0.48566308243727596,19.675156000222547,-19.34394093594628,0.005806773,1.0171224191271584
ridge_primary_alpha1,train,橡胶,35,-0.007969287762082135,-0.013392857142857206,0.34285714285714286,0.6822896451177372,-0.9612147167906119,0.00598549,0.7098202235144981
ridge_primary_alpha1,train,供气供热,383,0.007396886282714089,0.0040000000000000036,0.5430809399477807,7.500788063192125,-4.66778061691263,0.0057532773,1.6069281482541713
ridge_primary_alpha1,train,石油加工,68,0.03091552313827679,0.013671329755885697,0.6323529411764706,2.7549736748461466,-0.6527181014433244,0.0056074625,4.220771062966087
ridge_primary_alpha1,train,机械基件,568,0.002668446844273263,0.001152712154716684,0.5052816901408451,11.978274536307183,-10.462596728759971,0.0058157668,1.1448663125264935
ridge_primary_alpha1,train,造纸,111,-0.001372909524561181,0.0026954177897573484,0.5225225225225225,1.7933426526129812,-1.9457356098392722,0.005683565,0.9216784868120498
ridge_primary_alpha1,train,服饰,541,0.002010762671411495,0.0031969309462915874,0.5175600739371534,9.755042989310805,-8.667220384077186,0.005754095,1.1255099740202859
ridge_primary_alpha1,train,其他建材,206,0.009570542563338167,0.0019532442165659525,0.5145631067961165,4.309981831104814,-2.3384500630571523,0.0056750257,1.843093380181143
ridge_primary_alpha1,train,旅游服务,117,-0.0037186650063441257,0.0,0.49572649572649574,2.0622011042457973,-2.49728490998806,0.005730333,0.8257772655406215
ridge_primary_alpha1,train,乳制品,53,-0.0166313806592107,-0.005434782608695454,0.41509433962264153,1.1138017041481354,-1.9952648790863021,0.0056720353,0.5582224775380109
ridge_primary_alpha1,train,轻工机械,12,0.022228013780810945,0.021482265860076954,0.6666666666666666,0.31894466890070783,-0.0522085035309765,0.00544194,6.109055945483491
ridge_primary_alpha1,train,综合类,94,0.016648788906306757,0.012680218858580616,0.6063829787234043,2.780964699639301,-1.2159785424464662,0.005712525,2.2870179057964206
ridge_primary_alpha1,train,公路,126,0.0020112638091380284,0.0056886271511742414,0.5476190476190477,2.13638372655969,-1.8829644866082988,0.0057002427,1.134585246696747
ridge_primary_alpha1,train,铝,127,0.0044851764176646845,0.0014992503748125774,0.5039370078740157,2.646869285247184,-2.0772518802037694,0.005734534,1.274216820055321
ridge_primary_alpha1,train,新型电力,119,0.01040296377121508,0.012048192771084487,0.5798319327731093,3.103332255360142,-1.8653795665855477,0.0056541814,1.663646536581605
ridge_primary_alpha1,train,农药化肥,121,0.004660300553149747,0.0,0.49586776859504134,2.475475822214578,-1.9115794552834584,0.0056216684,1.294989761148852
ridge_primary_alpha1,train,林业,159,0.005439915083503685,0.0032941176470586697,0.5283018867924528,3.2538938280796117,-2.3889473298025266,0.0057772105,1.362061769837589
ridge_primary_alpha1,train,船舶,105,0.00448484788583487,-0.0035739814152967453,0.42857142857142855,2.1977046323221865,-1.726795604309525,0.0057356046,1.2727068721031165
ridge_primary_alpha1,train,软饮料,12,0.04262069370456007,0.04068504792030592,0.9166666666666666,0.6688762623704638,-0.15742793791574294,0.0057333517,4.248777384916604
ridge_primary_alpha1,train,互联网,174,0.0036088658346428827,0.0,0.4942528735632184,4.350798051066704,-3.722855395838844,0.0057571256,1.1686723196205073
ridge_primary_alpha1,train,中成药,278,0.010639741783093766,-0.009611493915848146,0.41007194244604317,8.372836940329929,-5.414988724629862,0.005782187,1.5462334948633247
ridge_primary_alpha1,train,纺织机械,139,0.0011240250187076542,-0.0033333333333332993,0.4748201438848921,2.3642758005634223,-2.208036322963059,0.005680809,1.0707594689342335
ridge_primary_alpha1,train,广告包装,379,0.004062339600543502,0.0013774104683195176,0.5171503957783641,8.198053343922002,-6.6584266353160135,0.00572798,1.2312298074202506
ridge_primary_alpha1,train,铜,86,0.007289678006829844,0.01135453323033786,0.5697674418604651,1.8122436520758627,-1.1853313434884962,0.005666909,1.5288920368395293
ridge_primary_alpha1,train,农业综合,345,0.003975420394096506,-0.0007352941176469452,0.4753623188405797,6.195119093403639,-4.823599057440346,0.0058422103,1.2843354142064811
ridge_primary_alpha1,train,钢加工,123,0.01348153543687701,0.0071428571428571175,0.5609756097560976,3.1344825125753495,-1.4762536538394775,0.0056862137,2.1232682502922913
ridge_primary_alpha1,train,渔业,122,0.018005631292814562,0.015199328458014305,0.5983606557377049,4.097253155953527,-1.9005661382301509,0.0056566275,2.1558066691480566
ridge_primary_alpha1,train,半导体,102,0.010466336613853126,0.004262595373210054,0.5098039215686274,2.5862275167769555,-1.518661182163937,0.0056345505,1.7029654455853316
ridge_primary_alpha1,train,医疗保健,328,0.0008877368846179843,-0.007866341802993393,0.4176829268292683,7.294074539355323,-7.0028968412006245,0.005866207,1.0415796069480265
ridge_primary_alpha1,train,酒店餐饮,95,0.0039750347656319195,-0.0018450184501844769,0.4842105263157895,1.9450592174152797,-1.5674309146802474,0.005701003,1.240921816201429
ridge_primary_alpha1,train,区域地产,115,0.0010151530581328885,0.007017543859649145,0.5478260869565217,2.606292627601995,-2.489550025916712,0.005689675,1.0468930531501555
ridge_primary_alpha1,train,白酒,4,0.00419896889546878,-0.01477272727272727,0.25,0.08082408874801916,-0.06402821316614404,0.0055059483,1.2623199172885275
ridge_primary_alpha1,train,焦炭加工,3,0.007053552508097878,0.01298701298701288,0.6666666666666666,0.04595404595404573,-0.024793388429752095,0.0054940036,1.8534798534798422
ridge_primary_alpha1,train,化纤,94,0.0026970336126499817,-0.003086419753086489,0.43617021276595747,1.5478082638349366,-1.2942871042458384,0.005695119,1.1958770652642956
ridge_primary_alpha1,train,水泥,109,-0.007283449773603592,-0.00455580865603622,0.42201834862385323,1.2760250825519357,-2.069921107874727,0.0056792027,0.6164607325841917
ridge_primary_alpha1,train,石油贸易,1,0.008869179600886845,0.008869179600886845,1.0,0.008869179600886845,0.0,0.0053715627,
ridge_primary_alpha1,train,石油开采,81,0.010469176562997074,0.010273972602739878,0.6049382716049383,2.6741491503610764,-1.8261458487583133,0.0057797367,1.4643677843034073
ridge_primary_alpha1,train,食品,161,0.006592096708622496,0.0009165902841430373,0.5031055900621118,3.800584305227844,-2.739256735139622,0.005805583,1.3874509302006426
ridge_primary_alpha1,train,农用机械,255,-2.258064879225645e-05,-0.0006811989100816707,0.4823529411764706,5.51184808967753,-5.517606155119555,0.0057970695,0.9989564196355909
ridge_primary_alpha1,train,化工机械,96,-0.010375292595527197,0.000889679715302405,0.5,1.7303575070957142,-2.7263855962663257,0.005790156,0.6346708658765541
ridge_primary_alpha1,train,运输设备,230,0.006000359162765333,0.005369601568355975,0.5869565217391305,4.953660875442122,-3.573578268006095,0.00567908,1.386190676105173
ridge_primary_alpha1,train,染料涂料,99,-0.004735689627362255,-0.005617977528089901,0.41414141414141414,1.981024252902371,-2.4498575260112343,0.0057275672,0.8086283515955314
ridge_primary_alpha1,train,园区开发,101,0.013515518516512231,0.011627906976744207,0.6633663366336634,2.028560318995627,-0.6634929488278917,0.0057335105,3.057395444185542
ridge_primary_alpha1,train,摩托车,75,0.0110413713112946,0.004938271604938427,0.56,1.7590110992698162,-0.9309082509227212,0.0056902175,1.889564409302716
ridge_primary_alpha1,train,全国地产,118,0.001024926799596937,0.003628861616589263,0.5423728813559322,2.072633801652728,-1.9516924393002895,0.005719953,1.0619674288412972
ridge_primary_alpha1,train,路桥,54,0.0029976320164719814,-0.0015625000000000777,0.48148148148148145,0.9703882795507273,-0.8085161506612403,0.0057320753,1.2002088996702178
ridge_primary_alpha1,train,旅游景点,255,0.005668989364402711,0.0032679738562091387,0.5176470588235295,4.12730656398872,-2.681714276066028,0.005626818,1.5390552978833076
ridge_primary_alpha1,train,家居用品,651,-0.0005171636695071976,-0.0022222222222221255,0.46543778801843316,13.11991761067933,-13.456591159528518,0.0058335685,0.9749807700287608
ridge_primary_alpha1,train,陶瓷,12,-0.006149676549097584,-0.006416770709329056,0.3333333333333333,0.10781023504477161,-0.18160635363394262,0.00565155,0.5936479252376864
ridge_primary_alpha1,train,玻璃,36,0.005105794911872812,0.0015541332985832268,0.5277777777777778,0.7925513185680502,-0.6087427017406289,0.005596211,1.3019479597896482
ridge_primary_alpha1,train,仓储物流,50,0.04561513281575038,0.021239952020337682,0.66,2.684499792315215,-0.40374315152769635,0.0056385817,6.649028676170774
ridge_primary_alpha1,train,IT设备,213,-0.009242755802309878,-0.00917431192660545,0.3755868544600939,3.094850281984078,-5.0635572678760825,0.005938995,0.6112008057296483
ridge_primary_alpha1,train,机床制造,125,0.003987520471875052,-0.007977207977208023,0.432,2.584590715722533,-2.0861506567381514,0.0057565244,1.238928122172983
ridge_primary_alpha1,train,出版业,17,-0.011744482617860914,0.001290322580645098,0.5294117647058824,0.17204892316448772,-0.37170512766812325,0.0056809196,0.4628640025598504
ridge_primary_alpha1,train,饲料,60,-0.0026923520085755954,-0.0016558054348752016,0.48333333333333334,0.7559842664916798,-0.9175253870062156,0.0057132486,0.8239382552218782
ridge_primary_alpha1,train,影视音像,30,-0.0027177640378222862,-0.011977648851696554,0.43333333333333335,0.28491937398061284,-0.36645229511528143,0.005878809,0.7775074075903404
ridge_primary_alpha1,train,批发业,18,0.005141101575699827,0.004723452392413563,0.6111111111111112,0.18518960805277995,-0.09264977969018307,0.00558924,1.9988132586180578
ridge_primary_alpha1,train,红黄酒,17,0.03313398892796201,-0.0014858841010401136,0.4117647058823529,0.7150974509181689,-0.1518196391428147,0.005462934,4.710177516925108
ridge_primary_alpha1,train,铅锌,18,0.014976979481882443,0.018277994387463692,0.6666666666666666,0.4372063378091573,-0.16762070713527333,0.005652988,2.6083074417310677
ridge_primary_alpha1,train,矿物制品,123,-0.008447790049346671,-0.014590347923681302,0.3333333333333333,1.6977041653098353,-2.7367823413794756,0.006013814,0.6203285294708921
ridge_primary_alpha1,train,汽车服务,104,-0.0006374578787513243,-0.0037045115067878,0.375,1.8377026900537519,-1.9039983094438897,0.0059577627,0.9651808412532146
ridge_primary_alpha1,train,工程机械,151,-0.006301689957220647,-0.013698630136986134,0.3443708609271523,2.106236199245246,-3.057791382785564,0.006029346,0.6888096457798644
ridge_primary_alpha1,train,超市连锁,1,0.20499999999999985,0.20499999999999985,1.0,0.20499999999999985,0.0,0.0057078367,
ridge_primary_alpha1,train,煤炭开采,20,0.028007596615009494,0.011367942402425113,0.6,0.6886030010962552,-0.12845106879606527,0.0057001007,5.360819552148005
ridge_primary_alpha1,train,其他商业,4,0.005984052944759649,0.006224531364333485,0.5,0.08751832350645539,-0.06358211172741679,0.005681057,1.3764614154631363
ridge_primary_alpha1,train,日用化工,11,0.015291068682204938,0.017151024297284545,0.7272727272727273,0.2331496616888511,-0.06494790618459678,0.0057685524,3.5897948892484157
ridge_primary_alpha1,train,黄金,2,-0.014162121076634115,-0.014162121076634115,0.0,0.0,-0.02832424215326823,0.0057884827,0.0
ridge_primary_alpha1,train,航空,83,-0.002062122161565811,-0.006564551422319598,0.46987951807228917,2.7510697283893752,-2.9222258677993374,0.0061283484,0.9414295310653533
ridge_primary_alpha1,validation,建筑工程,335,0.01745542182647013,-0.0044345898004434225,0.3850746268656716,10.515545911538702,-4.667979599671208,0.005939588,2.252697486569858
ridge_primary_alpha1,validation,电器仪表,856,0.009169935243597839,-0.006334600499007803,0.4427570093457944,28.207676102619104,-20.358211534099357,0.005927473,1.3855674922805543
ridge_primary_alpha1,validation,IT设备,183,-0.002625989467027161,-0.002192982456140302,0.453551912568306,5.225042308574857,-5.7055983810408275,0.0058518057,0.9157746409100905
ridge_primary_alpha1,validation,供气供热,34,0.027495948608928938,0.0012919896640826156,0.5,1.157356467545618,-0.22249421484203413,0.005832728,5.2017373501927455
ridge_primary_alpha1,validation,机械基件,491,0.012406117410621652,-0.0010893246187364536,0.48065173116089616,13.807208145959375,-7.715804497344143,0.0059177717,1.7894709684144996
ridge_primary_alpha1,validation,塑料,232,0.011122561102168322,-0.0018316001341831534,0.4698275862068966,7.082340957763437,-4.501906782060388,0.0058799093,1.573186940694952
ridge_primary_alpha1,validation,中成药,60,0.006315645417843478,-0.002886008895404135,0.45,1.3719427114307472,-0.9930039863601385,0.0059720674,1.3816084630834269
ridge_primary_alpha1,validation,软件服务,395,-0.004384675556388908,-0.0022831050228310223,0.4506329113924051,9.712922384754078,-11.444869229527699,0.005897609,0.8486704557265532
ridge_primary_alpha1,validation,工程机械,48,0.035123446175332224,0.022128515924900616,0.625,2.0270761530085046,-0.34115073659255757,0.006015258,5.941878283057844
ridge_primary_alpha1,validation,专用机械,637,0.007072024192259549,-0.0018691588785046953,0.46781789638932497,18.3502371369811,-13.845357726511768,0.0058484566,1.3253711099022865
ridge_primary_alpha1,validation,汽车配件,616,0.01034271275807554,-0.0007739915538081399,0.47564935064935066,16.62577978578387,-10.254668726809339,0.005896055,1.6212888225553488
ridge_primary_alpha1,validation,电气设备,498,0.00953087436519969,-0.004365006782812708,0.4357429718875502,12.490943403831569,-7.744567969962121,0.005868308,1.6128651013560233
ridge_primary_alpha1,validation,饲料,211,0.0069475538571298736,-0.005006257822277815,0.38388625592417064,5.071201217427356,-3.605267353572953,0.0058932314,1.40660891969679
ridge_primary_alpha1,validation,其他建材,60,0.01710775806627861,0.005553636538092488,0.6,1.5202464828728859,-0.49378099889616933,0.0059731,3.0787869243072237
ridge_primary_alpha1,validation,汽车服务,58,-0.008957562593264334,-0.008489691089391349,0.39655172413793105,0.4451023922888313,-0.9646410226981627,0.006060625,0.4614176484469336
ridge_primary_alpha1,validation,环境保护,838,0.002974419827912878,-0.004238454587345342,0.44272076372315033,20.33683393948074,-17.84427012368975,0.0057843397,1.1396842683120956
ridge_primary_alpha1,validation,元器件,333,0.000633656454924756,-0.00203252032520318,0.4594594594594595,7.974225356757067,-7.763217757267123,0.005959608,1.0271804303431293
ridge_primary_alpha1,validation,家居用品,239,0.007823907517180206,-0.0020408163265308588,0.4476987447698745,6.065386158233216,-4.195472261627147,0.0059952945,1.4456980716351708
ridge_primary_alpha1,validation,机床制造,59,0.003951322419590286,-0.005249343832021136,0.4067796610169492,1.4854008734465267,-1.2522728506906997,0.0060014077,1.186163919969393
ridge_primary_alpha1,validation,船舶,26,0.02738185426881504,0.028922567346987393,0.6153846153846154,1.0032875798004277,-0.2913593688112367,0.0056304643,3.4434711466252135
ridge_primary_alpha1,validation,装修装饰,24,0.0290882353890221,0.0080174927113702,0.625,0.8676361372712933,-0.16951848793476287,0.0055628805,5.118239006504072
ridge_primary_alpha1,validation,运输设备,71,0.002133431059919108,-0.004288164665523175,0.43661971830985913,1.9917099330407744,-1.8402363277865177,0.00563818,1.0823120394740022
ridge_primary_alpha1,validation,影视音像,5,0.0014669325931755627,-0.018808777429467183,0.4,0.07611635480487933,-0.06878169183900151,0.0058842255,1.1066368501525985
ridge_primary_alpha1,validation,小金属,238,0.0017474602112583478,-0.003025346594089484,0.453781512605042,6.527184321010607,-6.11128879073112,0.005953246,1.068053653577993
ridge_primary_alpha1,validation,医疗保健,509,-0.0015681285215022552,-0.008919722497522264,0.4400785854616896,15.356270695557372,-16.15444811300202,0.0057847206,0.9505908582044206
ridge_primary_alpha1,validation,铝,17,0.030733104865035756,0.020884520884520974,0.6470588235294118,0.7023902607876689,-0.179927478082061,0.005763155,3.9037409309284263
ridge_primary_alpha1,validation,房产服务,18,-0.006721502642106513,-0.01071687770965829,0.2777777777777778,0.18843000903563523,-0.30941705659355245,0.005506719,0.6089839102928164
ridge_primary_alpha1,validation,化工原料,679,0.006370695034588676,-0.006679035250463761,0.41531664212076586,17.7787915228528,-13.453089594367093,0.005906261,1.3215396655276057
ridge_primary_alpha1,validation,百货,19,0.020888526162162385,0.033653846153846034,0.6842105263157895,0.6598983595726853,-0.2630163624916,0.0056847264,2.5089631432864206
ridge_primary_alpha1,validation,化学制药,106,0.00495672622742198,0.004312695749902784,0.5660377358490566,1.9215793510792802,-1.3961663709725507,0.005798673,1.3763254802797849
ridge_primary_alpha1,validation,农业综合,88,0.01855040728492704,0.005508396951476535,0.5340909090909091,2.772824281270742,-1.1403884401971625,0.0058812816,2.431473508089355
ridge_primary_alpha1,validation,通信设备,75,-0.021472590688819616,-0.022678185745140245,0.22666666666666666,0.7306563111584283,-2.3411006128198997,0.0056340154,0.31209949164822054
ridge_primary_alpha1,validation,生物制药,118,0.010883769815161062,-0.00745809799329572,0.4406779661016949,3.9677016800383877,-2.6834168418493825,0.0058171614,1.4786005730305731
ridge_primary_alpha1,validation,矿物制品,196,0.02535914261341786,-0.00035511363636359095,0.49489795918367346,8.942669446931243,-3.972277494701342,0.0059262468,2.251270073367219
ridge_primary_alpha1,validation,纺织,125,0.008078004063195586,0.0011534025374855261,0.512,2.9570648151516146,-1.9473143072521664,0.0057248794,1.5185349402194328
ridge_primary_alpha1,validation,家用电器,278,0.0044404058234945015,-0.005985649727230202,0.3776978417266187,4.557677045403626,-3.323244226472154,0.0058982903,1.3714541378266096
ridge_primary_alpha1,validation,食品,304,0.013399673625801476,0.005332078615109537,0.555921052631579,8.042102364232985,-3.968601581989338,0.0059851916,2.0264322830314767
ridge_primary_alpha1,validation,UNKNOWN,32,0.005308684164458108,0.0,0.46875,0.9872526041605563,-0.8173747108978968,0.005902608,1.2078335566267353
ridge_primary_alpha1,validation,铅锌,6,0.016771431637226792,0.011299435028248594,0.8333333333333334,0.1179553224966281,-0.017326732673267342,0.0057062735,6.807707184091101
ridge_primary_alpha1,validation,区域地产,5,-0.008026692351197661,0.0,0.4,0.0619506423258962,-0.10208410408188451,0.0058130105,0.6068588531296103
ridge_primary_alpha1,validation,化纤,15,0.05968779185830682,0.06615475487300682,0.7333333333333333,1.296369680630476,-0.40105280275587385,0.005714669,3.2324164591852846
ridge_primary_alpha1,validation,服饰,34,0.008154069516519698,-0.011925708699902227,0.29411764705882354,0.857244347330743,-0.5800059837690732,0.005542215,1.4779922471835238
ridge_primary_alpha1,validation,航空,61,0.00561386425381711,0.0,0.4918032786885246,1.781251177820325,-1.4388054583374812,0.005717512,1.2380069643873433
ridge_primary_alpha1,validation,广告包装,82,0.00048765265137560215,-0.002523781185317764,0.4146341463414634,1.1062213883792413,-1.066233870966442,0.0058899387,1.0375035144743192
ridge_primary_alpha1,validation,综合类,9,0.0429624050415911,0.023323615160349753,0.6666666666666666,0.43210193768894944,-0.04544029231462954,0.005872054,9.509224427894665
ridge_primary_alpha1,validation,水运,7,0.051341040040694494,0.01764705882352935,0.7142857142857143,0.3940366278789835,-0.03464934759412208,0.005936682,11.37212257196519
ridge_primary_alpha1,validation,农药化肥,71,0.01589868276651507,0.01021276595744669,0.5915492957746479,1.9402786260532012,-0.8114721496306312,0.0057331123,2.3910600344526727
ridge_primary_alpha1,validation,焦炭加工,4,0.014089311761547707,0.015560966918097052,0.75,0.06276750345644722,-0.0064102564102563875,0.005636976,9.791730539205801
ridge_primary_alpha1,validation,仓储物流,21,0.02108156556179917,0.016563146997929712,0.6190476190476191,0.6825639426449381,-0.23985106584715554,0.0057132146,2.84578240348492
ridge_primary_alpha1,validation,公共交通,1,0.07113821138211374,0.07113821138211374,1.0,0.07113821138211374,0.0,0.005835338,
ridge_primary_alpha1,validation,钢加工,23,-0.011484574723965014,-0.00889137507758353,0.2608695652173913,0.08402492177931631,-0.34817014043051164,0.005957193,0.24133293474110007
ridge_primary_alpha1,validation,农用机械,20,-0.03447578946095559,-0.011365815767005627,0.35,0.274183542158845,-0.9636993313779568,0.00563485,0.2845114998334599
ridge_primary_alpha1,validation,文教休闲,6,0.013112476252494823,-0.009729096388873482,0.3333333333333333,0.13837829582519712,-0.059703438310228174,0.0054078363,2.317760915312153
ridge_primary_alpha1,validation,水务,2,0.002411575562700996,0.002411575562700996,0.5,0.004823151125401992,0.0,0.0053268615,
ridge_primary_alpha1,validation,造纸,7,0.01708672652006022,0.01116751269035543,0.5714285714285714,0.19369579885956956,-0.074088713219148,0.0055760583,2.614376609384943
ridge_primary_alpha1,validation,全国地产,1,0.03563941299790385,0.03563941299790385,1.0,0.03563941299790385,0.0,0.0053003784,
ridge_primary_alpha1,validation,石油加工,13,0.008307047371504587,-0.001312335958005284,0.46153846153846156,0.22927461012787065,-0.12128299429831102,0.005549721,1.8904102051103755
ridge_primary_alpha1,validation,半导体,15,-0.049439165061203966,-0.032803957302785736,0.13333333333333333,0.08580036041517447,-0.827387836333234,0.0055683637,0.10370029222984371
ridge_primary_alpha1,validation,铜,3,-0.0456230039424251,-0.051094890510948954,0.0,0.0,-0.1368690118272753,0.005198712,0.0
ridge_primary_alpha1,validation,日用化工,33,0.03798823762484958,0.01706036745406836,0.6060606060606061,1.730467864066754,-0.47685602244671776,0.0057080295,3.6289105780563156
ridge_primary_alpha1,validation,互联网,2,0.0351818181818182,0.0351818181818182,0.5,0.08636363636363642,-0.016000000000000014,0.005372172,5.397727272727272
ridge_primary_alpha1,validation,石油开采,3,-0.05407577058157087,-0.05206463195691202,0.0,0.0,-0.1622273117447126,0.00510932,0.0
ridge_primary_alpha1,validation,染料涂料,23,-0.0029977153063306104,0.0,0.4782608695652174,0.44235308923945715,-0.5113005412850612,0.0055470867,0.865152788862071
ridge_primary_alpha1,validation,公路,3,0.0979695643768872,0.023972602739726012,1.0,0.2939086931306616,0.0,0.005732845,
ridge_primary_alpha1,validation,种植业,20,0.02606738943631286,0.009976251531649938,0.7,0.783626789068735,-0.26227900034247775,0.0057679582,2.987760316477848
ridge_primary_alpha1,validation,橡胶,25,0.01676920836163932,-0.020775623268697974,0.28,1.1047140988955613,-0.6854838898545783,0.0058620973,1.611582876338524
ridge_primary_alpha1,validation,乳制品,2,-0.021677784709891068,-0.021677784709891068,0.0,0.0,-0.043355569419782136,0.0056877434,0.0
ridge_primary_alpha1,validation,商贸代理,2,0.011623681192009294,0.011623681192009294,0.5,0.02324736238401859,0.0,0.005724208,
ridge_primary_alpha1,validation,林业,25,0.003231628890207676,0.018461538461538307,0.52,0.6237923485427486,-0.5430016262875567,0.005672816,1.1487854148937808
ridge_primary_alpha1,validation,摩托车,10,0.020199807075207677,-0.003720797068254733,0.3,0.3452470053275629,-0.14324893457548615,0.0058382275,2.4101191841369842
ridge_primary_alpha1,validation,医药商业,3,0.11151138282750406,0.17058823529411749,0.6666666666666666,0.35082079343365224,-0.016286644951140072,0.0056664185,21.540396716826237
ridge_primary_alpha1,validation,水泥,11,0.002200249980582961,0.002535925612848544,0.5454545454545454,0.18709559451507696,-0.1628928447286644,0.0055689383,1.1485808036978409
ridge_primary_alpha1,validation,纺织机械,1,-0.0617021276595745,-0.0617021276595745,0.0,0.0,-0.0617021276595745,0.005637184,0.0
ridge_primary_alpha1,research_holdout,生物制药,168,0.011217076298639436,0.0061121203032479254,0.5773809523809523,4.257704735176424,-2.373235917004998,0.0058088517,1.79405035321967
ridge_primary_alpha1,research_holdout,医疗保健,156,0.020114301287599463,0.013094403324243498,0.6410256410256411,4.694537929189014,-1.5567069283234987,0.005717893,3.0156851259374906
ridge_primary_alpha1,research_holdout,化工原料,333,0.0173374885044372,0.01338199513381988,0.6396396396396397,8.406084363568134,-2.6327006915905464,0.0058442885,3.19295102189896
ridge_primary_alpha1,research_holdout,环境保护,442,0.01971240069692815,0.01107919673982427,0.6153846153846154,14.018636575048303,-5.305755467006059,0.0057872464,2.6421565528648014
ridge_primary_alpha1,research_holdout,橡胶,52,0.0015101102422303003,-0.004188268049155175,0.46153846153846156,1.0380718853139121,-0.9595461527179365,0.0059449803,1.0818363268651014
ridge_primary_alpha1,research_holdout,塑料,246,0.013140190433829397,0.013183594837473889,0.6300813008130082,6.712188877785784,-3.4797020310637525,0.005844648,1.928955070826525
ridge_primary_alpha1,research_holdout,元器件,326,0.005187724447243817,-0.0034914325009183234,0.4662576687116564,8.729636853635736,-7.0384386838342525,0.0058600213,1.2402803016080532
ridge_primary_alpha1,research_holdout,专用机械,553,0.012517936407057768,0.00829445308449972,0.5641952983725136,15.73313121771439,-8.810712384611445,0.0058695837,1.785682080054441
ridge_primary_alpha1,research_holdout,通信设备,51,0.008104112757190637,0.002365184484389715,0.5294117647058824,1.2074187097791849,-0.7941089591624624,0.0056705317,1.5204698245095176
ridge_primary_alpha1,research_holdout,IT设备,134,-0.005345587252421412,0.0024134611150232743,0.5223880597014925,1.7722176533385856,-2.488526345163055,0.0058099893,0.7121554717647425
ridge_primary_alpha1,research_holdout,汽车配件,431,0.0029050805322044623,-0.0042918454935622075,0.4361948955916473,9.832168590886976,-8.580078881506854,0.0059300773,1.1459298599315706
ridge_primary_alpha1,research_holdout,软件服务,313,0.00839261950717892,0.003841229193341844,0.5399361022364217,8.166799711246881,-5.539909805499878,0.005695857,1.474175572883713
ridge_primary_alpha1,research_holdout,化学制药,68,0.010990439630942136,0.01141426783479349,0.6617647058823529,1.4905788591561326,-0.7432289642520673,0.0057362,2.005544631399215
ridge_primary_alpha1,research_holdout,电器仪表,185,0.01855956482039376,0.015582034830430969,0.6216216216216216,5.574595996600587,-2.141076504827742,0.0057119015,2.603641665316899
ridge_primary_alpha1,research_holdout,电气设备,222,0.007667224558391976,0.0024324641766499955,0.5225225225225225,5.988238518086527,-4.28611466612351,0.0057957335,1.3971251318627156
ridge_primary_alpha1,research_holdout,运输设备,106,0.007567957660768398,-0.0004911591355598599,0.49056603773584906,2.507364530784707,-1.705161018743257,0.0057602897,1.470456164094516
ridge_primary_alpha1,research_holdout,矿物制品,29,0.03359597305802513,0.012842965557501529,0.6896551724137931,1.3635092763736292,-0.3892260576909006,0.005815455,3.503129478182174
ridge_primary_alpha1,research_holdout,船舶,2,0.02012843668472808,0.02012843668472808,1.0,0.04025687336945616,0.0,0.005520235,
ridge_primary_alpha1,research_holdout,石油加工,26,0.012928235034401513,0.00987176231589637,0.6538461538461539,0.4852941048610846,-0.14915999396664525,0.005696423,3.253513840779618
ridge_primary_alpha1,research_holdout,水泥,12,0.02204095251121031,0.02093173450953434,0.8333333333333334,0.2754285229935274,-0.010937092859003683,0.0056136134,25.18297380704671
ridge_primary_alpha1,research_holdout,商贸代理,31,0.009134289042124705,-0.0017889087656528524,0.45161290322580644,0.8605009710687035,-0.5773380107628376,0.005760903,1.4904630476897271
ridge_primary_alpha1,research_holdout,装修装饰,59,0.015298977543197716,0.01646341463414669,0.6440677966101694,2.015796045485992,-1.1131563704373266,0.0056602913,1.81088308796548
ridge_primary_alpha1,research_holdout,建筑工程,251,0.012792860517837942,0.009513742071881603,0.5537848605577689,7.532610171850074,-4.321602181872749,0.0058663078,1.7430133211812306
ridge_primary_alpha1,research_holdout,钢加工,8,0.051721156651753905,0.030766852195423633,0.875,0.43729866497873693,-0.023529411764705688,0.005676206,18.585193261596473
ridge_primary_alpha1,research_holdout,纺织,54,0.021195495452923478,0.0062040006107801915,0.5740740740740741,1.7582657470249994,-0.6137089925671314,0.005708039,2.864982863735159
ridge_primary_alpha1,research_holdout,中成药,173,0.009442189663563257,0.008365019011406849,0.5549132947976878,3.6677542656605615,-2.0342554538641178,0.0058382014,1.8029959112035674
ridge_primary_alpha1,research_holdout,小金属,52,0.01834996281699306,0.003960901027593722,0.5192307692307693,1.8357208716964095,-0.8815228052127703,0.0058742333,2.08244286006115
ridge_primary_alpha1,research_holdout,家用电器,354,0.004781063073065331,-0.002568813371969514,0.4576271186440678,7.139984125715389,-5.447487797850261,0.0059374054,1.3106930002730868
ridge_primary_alpha1,research_holdout,其他建材,12,0.03579414980234744,0.02678718358259513,0.5833333333333334,0.5016206738936708,-0.07209087626550148,0.005728748,6.958171406410237
ridge_primary_alpha1,research_holdout,机械基件,229,0.005651734450494099,0.0015527950310560978,0.5240174672489083,5.151803238542751,-3.8575560493796024,0.0058171363,1.335509626456704
ridge_primary_alpha1,research_holdout,航空,26,0.013220132337357164,0.010516821821680122,0.5384615384615384,1.1503071513999286,-0.8065837106286423,0.005845472,1.4261472631320462
ridge_primary_alpha1,research_holdout,饲料,136,0.0010241300716571612,-0.003014319722328185,0.45588235294117646,2.882519956892153,-2.743238267146779,0.0059795217,1.050772727769739
ridge_primary_alpha1,research_holdout,家居用品,202,0.012197674079905609,0.009753913814423365,0.6138613861386139,5.818615105874832,-3.3546849417338995,0.005757283,1.7344743863986904
ridge_primary_alpha1,research_holdout,食品,193,0.000532812224709411,0.0,0.49222797927461137,3.2042245698421237,-3.1013918104732072,0.005903526,1.0331569713383704
ridge_primary_alpha1,research_holdout,公路,5,0.08352574859700221,0.05029013539651839,0.8,0.4306287429850111,-0.013000000000000012,0.0056228777,33.1252879219239
ridge_primary_alpha1,research_holdout,供气供热,34,0.0035502315047895223,0.005513294717007455,0.5588235294117647,0.5275033312635511,-0.40679546010070733,0.0056384746,1.29672865850804
ridge_primary_alpha1,research_holdout,房产服务,18,0.02773783738984179,0.01334068734103655,0.5555555555555556,0.9504646023661159,-0.45118352934896366,0.005698375,2.1066030573801995
ridge_primary_alpha1,research_holdout,日用化工,32,-0.018330803817649118,-0.012981564518981803,0.40625,0.2717131814438454,-0.8582989036086172,0.005847118,0.31657174476334426
ridge_primary_alpha1,research_holdout,林业,30,0.012252993997557112,0.009461804766794257,0.5333333333333333,0.8282173534857025,-0.4606275335589891,0.0058106114,1.7980196430868345
ridge_primary_alpha1,research_holdout,农用机械,36,-0.0006271639940231771,-0.0032569764470981033,0.5,0.6502833047314149,-0.6728612085162493,0.0058648195,0.9664449317347009
ridge_primary_alpha1,research_holdout,UNKNOWN,72,0.019287195224413616,0.008733624454148492,0.5,4.172993932723168,-2.7843158765653877,0.005851887,1.4987501841460582
ridge_primary_alpha1,research_holdout,其他商业,8,-0.0029097617080406785,0.0039432176656151174,0.625,0.03797563585068442,-0.06125372951500985,0.0056267492,0.619972631076753
ridge_primary_alpha1,research_holdout,综合类,19,-0.003034218867273444,0.0035211267605634866,0.5263157894736842,0.27839568231630984,-0.3360458407945053,0.0056753526,0.8284455527201452
ridge_primary_alpha1,research_holdout,区域地产,14,0.020531427339383384,0.026948095048453413,0.8571428571428571,0.3750660599627904,-0.08762607721142301,0.005630961,4.28030184505277
ridge_primary_alpha1,research_holdout,染料涂料,69,0.00998026023296058,0.010236220472440882,0.6521739130434783,1.2253791866287442,-0.5367412305544641,0.0057352423,2.28299805730017
ridge_primary_alpha1,research_holdout,服饰,22,0.012610014954353805,0.008750735900153073,0.5909090909090909,0.5693454384906584,-0.2919251094948747,0.005661312,1.9503133508310095
ridge_primary_alpha1,research_holdout,红黄酒,13,0.01546055601419158,0.012027491408934665,0.6153846153846154,0.31710269137387126,-0.11611546318938071,0.0056820726,2.730925603394327
ridge_primary_alpha1,research_holdout,焦炭加工,6,0.04004073953019307,0.041850457235072636,0.6666666666666666,0.24609239039753272,-0.005847953216374324,0.0055669392,42.0817987579777
ridge_primary_alpha1,research_holdout,种植业,10,0.0008017528237012295,0.014573025766240422,0.6,0.12957871205587845,-0.12156118381886616,0.005736828,1.065954673894579
ridge_primary_alpha1,research_holdout,全国地产,10,0.005125407224775358,0.009572560752786452,0.6,0.15079256956826637,-0.09953849732051279,0.0057334835,1.514917078592377
ridge_primary_alpha1,research_holdout,啤酒,8,0.024023635807236376,0.018211920529801362,0.5,0.3377144039299802,-0.1455253174720892,0.005650445,2.3206573934789843
ridge_primary_alpha1,research_holdout,渔业,2,0.03772741112887268,0.03772741112887268,0.5,0.13505747126436796,-0.0596026490066226,0.005876176,2.2659642401021705
ridge_primary_alpha1,research_holdout,互联网,15,-0.01078630575047886,-0.0020100502512563345,0.4,0.5623278424222025,-0.7241224286793854,0.0056071947,0.776564597574674
ridge_primary_alpha1,research_holdout,半导体,53,0.0015360714593854452,0.0,0.49056603773584906,1.1189792877083593,-1.0375675003609306,0.0055846386,1.0784640877042782
ridge_primary_alpha1,research_holdout,园区开发,4,0.03678028432732283,-0.011531943376342335,0.5,0.2776432256627053,-0.13052208835341395,0.0055506793,2.127174252000414
ridge_primary_alpha1,research_holdout,农业综合,113,-0.007591707388307239,-0.005617977528089901,0.4424778761061947,1.7871706852296394,-2.6450336201083573,0.0060521746,0.6756703096864325
ridge_primary_alpha1,research_holdout,农药化肥,36,-0.012899854260633567,-0.006149563685717396,0.4444444444444444,0.3110232598236147,-0.7754180132064231,0.0058359774,0.40110399104285127
ridge_primary_alpha1,research_holdout,工程机械,1,0.07803672316384191,0.07803672316384191,1.0,0.07803672316384191,0.0,0.0056034476,
ridge_primary_alpha1,research_holdout,摩托车,34,-0.006013270847729409,-0.008535363654578354,0.2647058823529412,0.3931618844317215,-0.5976130932545214,0.0059176115,0.6578869989119787
ridge_primary_alpha1,research_holdout,纺织机械,2,0.018334793060395316,0.018334793060395316,1.0,0.03666958612079063,0.0,0.0055301837,
ridge_primary_alpha1,research_holdout,铝,3,0.020637259208121872,0.021608643457383003,1.0,0.061911777624365616,0.0,0.0056420886,
ridge_primary_alpha1,research_holdout,广告包装,52,0.0004326806412870293,0.005977610539166234,0.5384615384615384,1.0934658396163666,-1.070966446269441,0.0059597413,1.0210084951076657
ridge_primary_alpha1,research_holdout,化纤,16,0.01153807324721199,-0.004883857075909159,0.375,0.40223179196535996,-0.21762262000996813,0.005558763,1.84829955611662
ridge_primary_alpha1,research_holdout,出版业,13,0.0010181658432788852,-0.003276897870016393,0.38461538461538464,0.10372276453361828,-0.09048660857099278,0.0054995464,1.1462775119065365
ridge_primary_alpha1,research_holdout,医药商业,7,-0.0014831736400302711,-0.004464285714285587,0.42857142857142855,0.03154065718150756,-0.04192287266171946,0.0054493635,0.752349616783487
ridge_primary_alpha1,research_holdout,文教休闲,5,0.009971825094727294,0.0050890585241729624,0.6,0.1006928110684886,-0.05083368559485213,0.0054448536,1.9808284583379814
ridge_primary_alpha1,research_holdout,机床制造,90,-0.004436272359025956,-0.007651145908304957,0.4,1.0215520004473224,-1.4208165127596584,0.005978683,0.7189893918555024
ridge_primary_alpha1,research_holdout,造纸,5,0.024306837675053528,0.02821869488536155,1.0,0.12153418837526764,0.0,0.0054246183,
ridge_primary_alpha1,research_holdout,百货,7,0.011769235533935638,-0.014539579967689842,0.14285714285714285,0.22870662460567814,-0.14632197586812867,0.0057425983,1.5630367431054777
ridge_primary_alpha1,research_holdout,乳制品,1,0.019701492537313348,0.019701492537313348,1.0,0.019701492537313348,0.0,0.0056860754,
ridge_primary_alpha1,research_holdout,仓储物流,24,0.004929627412890043,0.010044031853401858,0.5416666666666666,0.2981530139008144,-0.17984195599145336,0.005789565,1.6578612718991086
ridge_primary_alpha1,research_holdout,水务,3,-0.0016751959276987138,-0.00544959128065392,0.3333333333333333,0.020804438280166426,-0.025830026063262568,0.0056689032,0.8054362093639574
ridge_primary_alpha1,research_holdout,汽车服务,10,0.026001231876822073,0.01957201752868598,0.6,0.3418124635824056,-0.08180014481418485,0.005916357,4.178629076499292
ridge_primary_alpha1,research_holdout,石油贸易,3,-0.00013689316546886912,-0.0030339805825243538,0.3333333333333333,0.009852216748768461,-0.010262896245175068,0.0055954345,0.9599840545401906
ridge_primary_alpha1,research_holdout,化工机械,8,-0.013397567513090708,-0.005933119844410084,0.5,0.06461475619168389,-0.17179529629640955,0.005935412,0.37611481562452015
ridge_primary_alpha1,research_holdout,影视音像,4,0.08930861018502656,0.0831812035158892,1.0,0.35723444074010624,0.0,0.005670216,
ridge_primary_alpha1,research_holdout,汽车整车,2,0.024707445207776235,0.024707445207776235,1.0,0.04941489041555247,0.0,0.005626975,
ridge_primary_alpha1,research_holdout,轻工机械,2,0.03467401500938083,0.03467401500938083,1.0,0.06934803001876166,0.0,0.0055371122,
ridge_primary_alpha1,research_holdout,铅锌,4,-0.020128520154438667,-0.020241762734851787,0.5,0.09971839080459777,-0.18023247142235244,0.0058967993,0.553276499055046
logistic_primary_sgd_l2,train,电气设备,1417,0.001665637247457007,-0.0004048582995951344,0.4883556810162315,28.740327285609194,-26.380119305962616,0.10570177,1.0894691927762854
logistic_primary_sgd_l2,train,装修装饰,448,-0.006482499557223583,-0.006653936328649024,0.4375,8.298723412247035,-11.2028832138832,0.10953099,0.7407667520770744
logistic_primary_sgd_l2,train,百货,813,0.008394930265478056,0.005605381165919354,0.5510455104551045,17.389292449419656,-10.564214143585996,0.10533873,1.6460564139527092
logistic_primary_sgd_l2,train,专用机械,1415,0.0020742869455020354,0.0008481764206957898,0.5003533568904593,27.74916948732763,-24.81405345944225,0.106869176,1.118284424295399
logistic_primary_sgd_l2,train,文教休闲,210,0.0035705799743580586,-0.0012322578065648848,0.48095238095238096,4.0872196333729525,-3.3373978387577603,0.101171054,1.2246725835042458
logistic_primary_sgd_l2,train,环境保护,724,0.0034265966721393213,0.0006660464727341608,0.5041436464088398,13.843195901537872,-11.362339910909004,0.11062267,1.2183402371413825
logistic_primary_sgd_l2,train,房产服务,231,0.0025222936458025704,-0.0013586956521740579,0.47186147186147187,3.72167294105689,-3.1390231088764966,0.104965925,1.1856150184217447
logistic_primary_sgd_l2,train,塑料,486,0.00683601372545269,0.0033218133019595752,0.522633744855967,9.839811155275981,-6.517508484705975,0.10899927,1.5097504174127494
logistic_primary_sgd_l2,train,医药商业,148,0.009151349465051105,0.004288337924701513,0.6013513513513513,2.484590457202308,-1.1301907363747443,0.10174547,2.198381545023102
logistic_primary_sgd_l2,train,供气供热,362,0.009702910478207382,0.005571073867163268,0.5469613259668509,8.261731935918526,-4.749278342807454,0.106541544,1.7395762765579972
logistic_primary_sgd_l2,train,化工机械,100,-0.01509069853326258,-0.003295955773186421,0.44,1.3479142981311505,-2.8569841514574086,0.10351306,0.47179621120528464
logistic_primary_sgd_l2,train,纺织机械,106,-0.007387069116364996,-0.0009861932938856066,0.49056603773584906,1.1939897766465477,-1.9770191029812374,0.101253666,0.6039343650479027
logistic_primary_sgd_l2,train,纺织,313,0.004760293426067103,0.0043057050592034685,0.5623003194888179,5.287205754182235,-3.797233911823232,0.10301556,1.392383476224565
logistic_primary_sgd_l2,train,公共交通,71,0.0060252613658971135,0.004008016032064132,0.5352112676056338,1.154448053694802,-0.726654496716107,0.10491062,1.5887165893997455
logistic_primary_sgd_l2,train,旅游景点,381,0.012669876559180742,0.009398496240601517,0.6167979002624672,8.481821707079423,-3.65459873803156,0.10189682,2.320862648698856
logistic_primary_sgd_l2,train,钢加工,114,0.014900969207996793,0.010217733340100454,0.6403508771929824,2.784708676405531,-1.0859981866938964,0.10601523,2.5641927496057964
logistic_primary_sgd_l2,train,新型电力,99,0.005191453392279015,-0.0025188916876573986,0.4444444444444444,2.04602244594499,-1.5320685601093675,0.09963826,1.3354640250557284
logistic_primary_sgd_l2,train,小金属,455,0.002824800322201299,0.0015797788309634964,0.5098901098901099,10.50439627285815,-9.219112126256558,0.11192878,1.1394151767544978
logistic_primary_sgd_l2,train,水力发电,138,0.0016554172716285967,0.007266271564525195,0.5869565217391305,2.525712179063513,-2.297264595578767,0.10245225,1.0994433048436858
logistic_primary_sgd_l2,train,通信设备,227,0.0011229988048400078,0.0013550135501354532,0.5110132158590308,4.505260766061017,-4.250340037362335,0.10976774,1.0599765492778974
logistic_primary_sgd_l2,train,综合类,107,0.005186685306625174,0.0049423393739702615,0.5420560747663551,1.7742275677938169,-1.219252239984923,0.106186554,1.4551767957512685
logistic_primary_sgd_l2,train,公路,104,-0.0001150162325799263,0.0010403786385054792,0.5096153846153846,1.2496721419499863,-1.2616338301382988,0.10431308,0.9905188907410629
logistic_primary_sgd_l2,train,软件服务,768,0.0004979612811223331,-0.0010471090212471057,0.48046875,13.89011086968412,-13.50767660578217,0.11359016,1.0283123645215377
logistic_primary_sgd_l2,train,UNKNOWN,1460,0.004489647142214512,0.0024665450121653665,0.5082191780821917,37.60801095376124,-31.053126126128056,0.10795818,1.2110861496201475
logistic_primary_sgd_l2,train,商贸代理,485,0.00589960446094405,0.0021505376344086446,0.5072164948453608,10.50771862568728,-7.646410462129417,0.10616168,1.3742027945961235
logistic_primary_sgd_l2,train,种植业,82,-0.001340996922489618,0.000526315789473708,0.5,1.2699876606145815,-1.3799494082587298,0.10036846,0.9203146528517288
logistic_primary_sgd_l2,train,服饰,440,0.0012861152473976232,0.0020134689946010864,0.5136363636363637,7.796139034588918,-7.230248325733964,0.10557054,1.0782671193796802
logistic_primary_sgd_l2,train,建筑工程,870,-0.0016380112373584501,-0.002314279226009963,0.4494252873563218,12.11208710479929,-13.53715688130114,0.11266704,0.8947290196163497
logistic_primary_sgd_l2,train,机械基件,515,0.0028001716890366803,0.0013774104683195176,0.5087378640776699,10.457659035825419,-9.015570615971527,0.11068516,1.1599553130113762
logistic_primary_sgd_l2,train,生物制药,147,0.015891283404651384,0.014038876889848728,0.6122448979591837,4.702558640983782,-2.366539980500029,0.1052744,1.987102977229302
logistic_primary_sgd_l2,train,化工原料,1130,0.006205506306446122,0.003925420855965256,0.5292035398230088,24.82881073170436,-17.81658860542024,0.10560813,1.3935782703177437
logistic_primary_sgd_l2,train,家用电器,390,0.006599321056206442,0.002387049049732526,0.5282051282051282,7.790571311491397,-5.216836099570884,0.104824714,1.49335174860721
logistic_primary_sgd_l2,train,元器件,511,-0.007399625020998828,-0.007106598984771506,0.4246575342465753,8.199382108060817,-11.980590493791219,0.10842406,0.6843888130814618
logistic_primary_sgd_l2,train,汽车配件,1061,0.00023507143625242467,0.0,0.49858623939679547,17.317976531768885,-17.06856573790506,0.10759262,1.0146122877395576
logistic_primary_sgd_l2,train,软饮料,26,0.05740268636240961,0.041061949560399214,0.8846153846153846,1.605987018328812,-0.11351717290616214,0.10480284,14.147524794828932
logistic_primary_sgd_l2,train,旅游服务,68,0.010682478979686322,0.012229941943466383,0.5441176470588235,2.0603340774998484,-1.3339255068811784,0.103752434,1.544564570413733
logistic_primary_sgd_l2,train,家居用品,681,-0.0011515211862050464,-0.0022988505747125743,0.46255506607929514,12.361188533551058,-13.145374461356695,0.10920479,0.9403451054124856
logistic_primary_sgd_l2,train,石油加工,41,0.016572006187479504,0.004137931034482678,0.5609756097560976,1.180154320454405,-0.5007020667677453,0.10059159,2.356999099430179
logistic_primary_sgd_l2,train,广告包装,367,0.0014193838966360152,0.0011933174224343368,0.5040871934604905,6.93298540780008,-6.412071517734663,0.104843885,1.0812395633181353
logistic_primary_sgd_l2,train,农药化肥,163,0.0027259539760241193,0.0010964912280704286,0.5030674846625767,2.8957448396936787,-2.4514143416017484,0.10232819,1.1812547518187422
logistic_primary_sgd_l2,train,农用机械,228,0.0022171206270752753,0.006516198255278938,0.5394736842105263,5.296082748442455,-4.790579245469292,0.10978631,1.1055203300208936
logistic_primary_sgd_l2,train,电器仪表,603,-0.001603889400214714,-0.003731343283582267,0.46102819237147596,10.83894389672368,-11.806089205053151,0.11471643,0.918080806308365
logistic_primary_sgd_l2,train,路桥,88,0.014659219534867752,0.00400743325673103,0.5340909090909091,2.104265974128687,-0.8142546550603247,0.10445351,2.584284856158164
logistic_primary_sgd_l2,train,中成药,421,0.011622835411280435,-0.0021551724137930384,0.4845605700712589,11.789051058915096,-6.8958373507660315,0.10498487,1.7095894898979158
logistic_primary_sgd_l2,train,造纸,81,0.02213818784779781,0.018808777429467183,0.691358024691358,2.515525647230772,-0.7223324315591492,0.103890784,3.482504089981158
logistic_primary_sgd_l2,train,船舶,96,0.014331755379790223,0.01291502120813215,0.5729166666666666,2.5767352146567726,-1.200886698196911,0.107358284,2.1456938598167916
logistic_primary_sgd_l2,train,机床制造,103,-0.0021771596525746177,0.002450980392156854,0.5242718446601942,1.490516160026033,-1.7147636042412189,0.106290065,0.8692254467843017
logistic_primary_sgd_l2,train,互联网,136,-0.0068277139001274925,-0.004952475061170747,0.4485294117647059,2.0581888050862367,-2.9867578955035756,0.10532497,0.6891046670320161
logistic_primary_sgd_l2,train,其他建材,158,0.01383346329019527,0.006685231597512331,0.5759493670886076,3.623888156345028,-1.4382009564941751,0.10404814,2.519736995015484
logistic_primary_sgd_l2,train,林业,249,0.000329256223595821,-0.0006246096189882477,0.4819277108433735,3.2713363077585695,-3.18935150808321,0.11172357,1.0257057898659254
logistic_primary_sgd_l2,train,水务,110,0.004831322618777589,0.0060487804878049944,0.5636363636363636,1.929067044866332,-1.3976215568007975,0.10404716,1.3802499220762101
logistic_primary_sgd_l2,train,汽车整车,15,0.03623339287306186,0.02192448233861155,0.8,0.6129566803648474,-0.06945578726891943,0.1000539,8.825134729113316
logistic_primary_sgd_l2,train,化学制药,426,0.004308015493929858,0.0024199923871988105,0.528169014084507,8.552708174962596,-6.717493574548477,0.1056523,1.2731993086480138
logistic_primary_sgd_l2,train,半导体,62,0.015335086154892411,0.010062949129251098,0.532258064516129,1.9941110817766954,-1.043335740173366,0.099343725,1.9112841676882875
logistic_primary_sgd_l2,train,啤酒,26,0.005975013790549813,0.020135995370370252,0.6923076923076923,0.6081917143618654,-0.45284135580757023,0.10142707,1.3430569151027574
logistic_primary_sgd_l2,train,饲料,66,-0.0004305949287137318,-0.001847212388577213,0.4696969696969697,0.7292245095289194,-0.7576437748240257,0.105674624,0.962489937567682
logistic_primary_sgd_l2,train,工程机械,144,-0.0031352465200338627,-0.01258529218751242,0.3541666666666667,2.2194063292048023,-2.6708818280896787,0.11603488,0.8309638808663468
logistic_primary_sgd_l2,train,红黄酒,74,0.004632080634600602,-0.00015635966893440267,0.5,1.1793124477200647,-0.8365384807596201,0.09529766,1.4097527786757498
logistic_primary_sgd_l2,train,铜,61,0.002451200184236567,0.0031948881789134465,0.5245901639344263,0.967120615866373,-0.8175974046279424,0.10314651,1.1828812205029846
logistic_primary_sgd_l2,train,陶瓷,36,-0.004521964117746222,-0.004950495049504955,0.4166666666666667,0.6510821538264839,-0.8138728620653479,0.10286556,0.7999801740215868
logistic_primary_sgd_l2,train,渔业,147,0.004618525086876052,0.005128205128205332,0.5782312925170068,2.6803651928414625,-2.0014420050706834,0.10292303,1.3392170175557008
logistic_primary_sgd_l2,train,运输设备,212,0.013974815486768023,0.006481728610015947,0.5566037735849056,6.0704601448666295,-3.1077992616718086,0.10550073,1.9532986636984682
logistic_primary_sgd_l2,train,化纤,89,0.00711936385923644,-0.002525252525252597,0.48314606741573035,1.687336661753994,-1.053713278281951,0.09976769,1.6013242848236169
logistic_primary_sgd_l2,train,玻璃,61,-0.004786507379780129,0.005772005772005651,0.5901639344262295,0.7698045123468715,-1.0617814625134594,0.09951438,0.725012198390225
logistic_primary_sgd_l2,train,农业综合,285,0.00014077301553063007,-0.0028544243577544037,0.41754385964912283,3.749466612176402,-3.7093463027501725,0.11543567,1.0108160053420958
logistic_primary_sgd_l2,train,石油贸易,19,0.02234566902621131,0.0248815165876779,0.631578947368421,0.6802140183783729,-0.25564630688035805,0.09272082,2.6607621548654397
logistic_primary_sgd_l2,train,酒店餐饮,238,-0.0035592273728582385,-0.0009270449633816957,0.4831932773109244,3.399632974420685,-4.2467290891609455,0.1030751,0.8005297496131012
logistic_primary_sgd_l2,train,轻工机械,2,0.008080815721396017,0.008080815721396017,0.5,0.018309859154929553,-0.002148227712137518,0.10065837,8.523239436619582
logistic_primary_sgd_l2,train,区域地产,289,-0.0011551964775734628,0.0,0.4844290657439446,4.500815464125616,-4.834667246144347,0.10447025,0.9309462750957725
logistic_primary_sgd_l2,train,医疗保健,370,0.00345530599965298,-0.002637040951490144,0.46756756756756757,7.745698411200852,-6.46723519132925,0.10947472,1.1976831183726955
logistic_primary_sgd_l2,train,乳制品,91,0.0015963111553453176,-0.0053050397877983935,0.42857142857142855,1.7296408469284292,-1.5843765317920053,0.09862363,1.0916854751516187
logistic_primary_sgd_l2,train,铅锌,33,-0.0024199836415553823,0.005110732538330609,0.5757575757575758,0.4553527448235595,-0.5352122049948871,0.10252275,0.8507891646975978
logistic_primary_sgd_l2,train,焦炭加工,17,0.027046795320578493,0.0032051282051279717,0.5294117647058824,0.6087101909351675,-0.14891467048533313,0.0968688,4.0876442122948555
logistic_primary_sgd_l2,train,全国地产,116,-0.007129473278299296,-0.00908903261318278,0.3879310344827586,1.6598078766489994,-2.486826776931718,0.10531213,0.6674400855120652
logistic_primary_sgd_l2,train,日用化工,38,0.00895519160763529,0.004407989208476515,0.5263157894736842,0.7486890358175646,-0.4083917547274236,0.10136302,1.8332618794355153
logistic_primary_sgd_l2,train,铝,91,-0.0030371415490333896,-0.001494768310911887,0.4835164835164835,1.5238935669130815,-1.80027344787512,0.10295922,0.8464789439136303
logistic_primary_sgd_l2,train,食品,182,0.005632351186073961,0.003512180080172733,0.5494505494505495,4.212673005392265,-3.187585089526806,0.106061965,1.3215876241966085
logistic_primary_sgd_l2,train,染料涂料,77,-0.008958395359499403,-0.009149130832570851,0.37662337662337664,0.9692970192174917,-1.6590934618989457,0.10282605,0.5842329208555045
logistic_primary_sgd_l2,train,火力发电,41,0.014197411116045392,0.019125683060109422,0.5853658536585366,0.9982065617602367,-0.4161127060023756,0.09906188,2.3988850793576533
logistic_primary_sgd_l2,train,白酒,4,-0.03437241859469162,-0.03381866269273898,0.0,0.0,-0.13748967437876647,0.08968777,0.0
logistic_primary_sgd_l2,train,水泥,55,0.011965525827755672,0.002624671916010568,0.509090909090909,1.3757524107952606,-0.7176484902686986,0.10664941,1.9170282240545895
logistic_primary_sgd_l2,train,矿物制品,112,-0.00994088614765959,-0.00971182902659401,0.375,1.1646927502560387,-2.278071998793913,0.11631114,0.511262484624132
logistic_primary_sgd_l2,train,摩托车,63,-0.004552091989089674,0.003898635477582957,0.5238095238095238,1.2298073791534332,-1.5165891744660827,0.1016062,0.8109034403376831
logistic_primary_sgd_l2,train,园区开发,106,0.02081985365055196,0.009562280341412044,0.5849056603773585,3.207952678637411,-1.0010481916789034,0.10535462,3.204593650238964
logistic_primary_sgd_l2,train,出版业,47,-0.0035840962262494377,0.0035906642728904536,0.5319148936170213,0.7238523762076556,-0.8923048988413792,0.09935596,0.8112164094891195
logistic_primary_sgd_l2,train,石油开采,42,-0.017639293154046908,-0.008336203956374966,0.40476190476190477,0.594937317440219,-1.3357876299101892,0.10510347,0.445383161304031
logistic_primary_sgd_l2,train,汽车服务,103,-0.0014813128143249263,-0.005882352941176339,0.3592233009708738,1.6819420238360516,-1.834517243711519,0.11592292,0.9168308608717226
logistic_primary_sgd_l2,train,仓储物流,55,0.003663683255302972,0.00421940928270037,0.5272727272727272,0.958374785676668,-0.7568722066350045,0.105892405,1.2662306493424147
logistic_primary_sgd_l2,train,橡胶,35,-0.0009102124888871315,0.0030487804878049918,0.5142857142857142,0.4041826271972462,-0.4360400643082958,0.12649131,0.9269391972923725
logistic_primary_sgd_l2,train,影视音像,73,-0.0049109441095760795,-0.0064102564102564985,0.3972602739726027,0.8506111455016632,-1.2091100655007168,0.11245558,0.70350183144775
logistic_primary_sgd_l2,train,IT设备,158,-0.012696564828042125,-0.00813586036313696,0.37341772151898733,1.888848049047452,-3.894905291878108,0.11621553,0.4849535245404278
logistic_primary_sgd_l2,train,港口,5,-0.00686015651044194,-0.008278145695364114,0.2,0.007792207792207684,-0.04209299034441738,0.09660762,0.1851188933941143
logistic_primary_sgd_l2,train,批发业,4,0.02870113053511092,0.016522847325198375,0.75,0.13565595567649935,-0.020851433536055675,0.10345651,6.505833540985426
logistic_primary_sgd_l2,train,多元金融,15,0.006944699605389533,0.015408320493066174,0.6666666666666666,0.24853215625081404,-0.14436166216997104,0.10211001,1.7215938949095289
logistic_primary_sgd_l2,train,煤炭开采,52,0.008680685830232637,0.0,0.46153846153846156,0.9846907924248511,-0.533295129252754,0.10549124,1.8464275002934805
logistic_primary_sgd_l2,train,超市连锁,12,0.042532254609583896,0.040786884374002796,0.75,0.5486818775302371,-0.038294822215230395,0.108532734,14.327834568507765
logistic_primary_sgd_l2,train,水运,12,0.010238041219427951,0.011142407101344731,0.6666666666666666,0.18817948551576524,-0.06532299088262983,0.10501888,2.880754279207452
logistic_primary_sgd_l2,train,其他商业,9,0.030018135153354695,0.005847953216374213,0.5555555555555556,0.3173697757460454,-0.04720655936585316,0.10277623,6.723001633870709
logistic_primary_sgd_l2,train,黄金,3,-9.24044508950524e-05,-0.02358490566037741,0.3333333333333333,0.06730769230769229,-0.06758490566037745,0.10371832,0.9958982948932682
logistic_primary_sgd_l2,train,航空,80,0.030732427425326343,0.006863175040721647,0.525,4.609789219721991,-2.151195025695883,0.12000463,2.142896931546588
logistic_primary_sgd_l2,validation,汽车配件,458,0.0030539554554388703,-0.0012876199772245966,0.46943231441048033,8.117825236146773,-6.71911363755577,0.11447851,1.2081690642606568
logistic_primary_sgd_l2,validation,塑料,190,-0.0004381209108736166,-0.00393320729770974,0.4421052631578947,3.78803704588907,-3.8712800189550567,0.114222,0.9784972999477171
logistic_primary_sgd_l2,validation,饲料,188,0.009092576224457706,-0.007226915588930627,0.3191489361702128,4.6813560266304215,-2.971951696432372,0.116987735,1.5751790421930727
logistic_primary_sgd_l2,validation,电气设备,486,0.0024826756007562873,-0.004144307168387817,0.4382716049382716,9.537503270128362,-8.330922928160806,0.11195647,1.1448315333573647
logistic_primary_sgd_l2,validation,建筑工程,343,0.0034505328249698304,-0.0060606060606061,0.37900874635568516,7.467187118655969,-6.283654359691317,0.11592011,1.1883510281146006
logistic_primary_sgd_l2,validation,IT设备,163,0.0033796834593964723,0.0,0.4785276073619632,4.313289953613475,-3.762401549731851,0.11439801,1.1464193538621326
logistic_primary_sgd_l2,validation,中成药,84,0.006727324688745537,0.0030560691806279516,0.5238095238095238,1.467875914508871,-0.9027806406542458,0.11813823,1.6259497029589605
logistic_primary_sgd_l2,validation,软件服务,386,0.000631303834315745,0.0,0.47150259067357514,9.078042036524923,-8.834358756479045,0.11255189,1.0275835843622678
logistic_primary_sgd_l2,validation,电器仪表,842,0.009802542138507533,-0.005336847639976772,0.43824228028503565,25.81986859315693,-17.56612811253359,0.1159338,1.4698668043263456
logistic_primary_sgd_l2,validation,家居用品,250,0.007314298697447759,0.0,0.48,5.061558161467967,-3.232983487106027,0.11576826,1.5655997568978524
logistic_primary_sgd_l2,validation,船舶,20,-0.0017411315736749256,-0.0065353513862725365,0.3,0.44100011956759544,-0.47582275104109395,0.11721531,0.9268159595199955
logistic_primary_sgd_l2,validation,元器件,367,0.011786803143101572,0.0,0.49591280653950953,12.350922417594138,-8.025165664075862,0.11471126,1.539023982131889
logistic_primary_sgd_l2,validation,其他建材,118,0.006593902008761189,0.0,0.4830508474576271,2.4915987704297495,-1.7135183333959292,0.10764305,1.4540835203623323
logistic_primary_sgd_l2,validation,广告包装,71,0.0018598621573751638,-0.004830917874396157,0.36619718309859156,0.9520895182423033,-0.8200393050686666,0.11177037,1.16102912672287
logistic_primary_sgd_l2,validation,机械基件,428,0.010234200379292404,-0.0027441586294257303,0.4392523364485981,11.825180718510827,-7.444942956173678,0.11531115,1.5883507487058528
logistic_primary_sgd_l2,validation,环境保护,742,-0.0013300177577922623,-0.003846153846153999,0.44070080862533695,15.467261919414163,-16.45413509569602,0.10976851,0.9400227863365485
logistic_primary_sgd_l2,validation,化学制药,190,0.02328072422417304,-0.002800168892983401,0.45789473684210524,7.604728815611019,-3.1813912130181428,0.11193702,2.3903783931044797
logistic_primary_sgd_l2,validation,专用机械,544,0.005895160388593811,-0.003893763199063538,0.43933823529411764,14.882056839725218,-11.675089588330188,0.11127372,1.27468459467759
logistic_primary_sgd_l2,validation,农业综合,126,0.005650544010460749,-0.002275741214360083,0.4444444444444444,3.0279760241018017,-2.3160074787837472,0.10937934,1.3074120234240112
logistic_primary_sgd_l2,validation,化工原料,810,0.00524339853806454,-0.0045158002038736544,0.4271604938271605,18.779101031567432,-14.53194821573516,0.11319078,1.292263139998907
logistic_primary_sgd_l2,validation,影视音像,9,0.007595941607606004,0.0034602076124565784,0.5555555555555556,0.13315141713693057,-0.06478794266847654,0.123838305,2.0551882287461063
logistic_primary_sgd_l2,validation,家用电器,293,0.006715195141785001,-0.004106776180698213,0.44368600682593856,5.14414172027392,-3.1765895437309144,0.1133117,1.6193913785386667
logistic_primary_sgd_l2,validation,装修装饰,33,0.03259524794668174,0.016042780748662944,0.6363636363636364,1.361909777648445,-0.2862665954079475,0.10917671,4.757487598955231
logistic_primary_sgd_l2,validation,服饰,65,0.014939449307054603,0.0029761904761904656,0.5538461538461539,1.8362501661262136,-0.8651859611676644,0.10394306,2.1223762850335555
logistic_primary_sgd_l2,validation,运输设备,50,0.03188070813537002,0.028304140407084954,0.68,2.263104803980341,-0.6690693972118401,0.1017536,3.3824664727025304
logistic_primary_sgd_l2,validation,医疗保健,483,-0.0006426936920910121,-0.006507592190889366,0.44306418219461696,12.822397936619709,-13.132818989899668,0.10652718,0.9763629534893687
logistic_primary_sgd_l2,validation,公路,5,-0.014450565140998673,-0.03156480859637334,0.4,0.049393660265751205,-0.12164648597074457,0.11082725,0.40604263963391557
logistic_primary_sgd_l2,validation,铝,14,-0.00122913675323225,0.020969921785139234,0.5714285714285714,0.39042082242544285,-0.40762873697069435,0.11583946,0.9577853252615783
logistic_primary_sgd_l2,validation,百货,29,0.03115769685599048,0.033557046979865834,0.8275862068965517,0.9663889506957073,-0.06281574187198347,0.11066702,15.384502704197589
logistic_primary_sgd_l2,validation,通信设备,118,-0.0032820262502595834,-0.0004725897920605515,0.4830508474576271,2.914082466578353,-3.3013615641089835,0.10564002,0.8826910988057272
logistic_primary_sgd_l2,validation,汽车服务,46,-0.002719759189063432,-0.005077651055569121,0.3695652173913043,0.432296549138353,-0.5574054718352709,0.12130946,0.7755513194282185
logistic_primary_sgd_l2,validation,供气供热,37,0.011411619509324176,-0.007556675062972307,0.3783783783783784,0.7970899024633049,-0.3748599806183104,0.11038859,2.126367026825723
logistic_primary_sgd_l2,validation,生物制药,207,-0.002243026267580081,-0.007611241217798548,0.3961352657004831,4.725103333004693,-5.1894097703937705,0.11150618,0.9105280835523909
logistic_primary_sgd_l2,validation,房产服务,5,-0.012369615450593585,-0.02088167053364265,0.2,0.03896103896103886,-0.10080911621400679,0.10781892,0.3864832906413822
logistic_primary_sgd_l2,validation,小金属,186,0.007462267146394983,-0.006530523038870861,0.41935483870967744,6.055326076143281,-4.667344386913815,0.11791709,1.2973814602413003
logistic_primary_sgd_l2,validation,工程机械,50,0.016000219594493822,0.00940711462450583,0.54,1.5860739243585358,-0.7860629446338447,0.118920915,2.0177441707258486
logistic_primary_sgd_l2,validation,矿物制品,173,0.03353924931221914,-0.0008210180623974273,0.49710982658959535,9.012100295277957,-3.2098101642640477,0.116739005,2.807673922779876
logistic_primary_sgd_l2,validation,纺织,125,0.03455762888725759,0.008921933085501932,0.6,5.42607049120985,-1.1063668803026512,0.10936999,4.904404305491797
logistic_primary_sgd_l2,validation,UNKNOWN,20,-0.04484284252533967,-0.007933511023056394,0.4,0.1807065380313091,-1.0775633885381024,0.11733812,0.16769921839722876
logistic_primary_sgd_l2,validation,食品,271,0.011851199371482801,0.007207207207207356,0.5793357933579336,6.444440734525825,-3.232765704853987,0.117712066,1.993475965440217
logistic_primary_sgd_l2,validation,半导体,27,0.015592311828781489,0.01383399209486158,0.5555555555555556,1.4960360571327356,-1.0750436377556354,0.10744919,1.391604958712192
logistic_primary_sgd_l2,validation,农用机械,29,0.03467586872899848,0.022969647251845915,0.7241379310344828,1.1270103603648955,-0.12141016722393971,0.108498186,9.282668709994752
logistic_primary_sgd_l2,validation,种植业,5,0.08250357843698139,0.042910447761193904,0.6,0.4448858649276668,-0.03236797274275982,0.10854808,13.744631721712642
logistic_primary_sgd_l2,validation,农药化肥,127,0.019544712459671796,0.0008230452674897748,0.5039370078740157,4.605197355486998,-2.1230188731086796,0.10815398,2.16917400679709
logistic_primary_sgd_l2,validation,汽车整车,1,-0.03233532934131733,-0.03233532934131733,0.0,0.0,-0.03233532934131733,0.12112346,0.0
logistic_primary_sgd_l2,validation,综合类,9,0.054757133709851136,-0.008256880733944927,0.3333333333333333,0.6510688135155571,-0.1582546101268969,0.102578364,4.114059065915968
logistic_primary_sgd_l2,validation,水运,15,0.002627884865902493,0.005509641873278293,0.6,0.14717369758522647,-0.10775542459668908,0.10841437,1.365812423235986
logistic_primary_sgd_l2,validation,航空,76,0.007381947849664711,0.00560719671379406,0.5131578947368421,2.782124946528343,-2.2210969099538254,0.10768416,1.2525905259064904
logistic_primary_sgd_l2,validation,玻璃,34,0.011427377204180604,0.008418778456074083,0.5294117647058824,0.7280026619183702,-0.3394718369762296,0.09898104,2.144515634648497
logistic_primary_sgd_l2,validation,焦炭加工,5,-0.002124716822180206,-0.004405286343612369,0.2,0.02547770700636942,-0.03610129111727045,0.10804649,0.7057284162942631
logistic_primary_sgd_l2,validation,机床制造,55,-0.023080276703094347,-0.02127659574468077,0.34545454545454546,0.9525958493019442,-2.2220110679721334,0.112372965,0.4287088678506487
logistic_primary_sgd_l2,validation,仓储物流,36,0.02080086681922543,-0.003486823883949497,0.4722222222222222,1.3482833223557853,-0.5994521168636698,0.10594725,2.249192695173046
logistic_primary_sgd_l2,validation,钢加工,17,-0.023387226964849843,-0.02180685358255452,0.11764705882352941,0.026550509987801618,-0.42413336839024895,0.112459876,0.06259943679642828
logistic_primary_sgd_l2,validation,染料涂料,38,0.015214216351971361,0.0009895246321527384,0.5263157894736842,1.3706080396339815,-0.7924678182590698,0.103086345,1.7295441001566436
logistic_primary_sgd_l2,validation,造纸,17,0.021153377116873307,0.017064846416382284,0.6470588235294118,0.5373850102817088,-0.1777775992948626,0.1040914,3.0227937176179327
logistic_primary_sgd_l2,validation,文教休闲,14,0.004386831083452876,0.012406012136924272,0.7142857142857143,0.252598886260615,-0.19118325109227474,0.1050952,1.3212396212401365
logistic_primary_sgd_l2,validation,水务,3,0.002216700769755516,0.0,0.3333333333333333,0.02272727272727293,-0.01607717041800638,0.09899584,1.4136363636363805
logistic_primary_sgd_l2,validation,乳制品,10,0.03171703379958348,0.035398958047710316,0.8,0.3306751611469603,-0.013504823151125445,0.10308985,24.485708361120075
logistic_primary_sgd_l2,validation,摩托车,5,0.023783588876983307,-0.0035385704175513455,0.4,0.23509581742259544,-0.1161778730376789,0.107679054,2.0235851395415803
logistic_primary_sgd_l2,validation,软饮料,2,-0.03588535436459245,-0.03588535436459245,0.0,0.0,-0.0717707087291849,0.08792047,0.0
logistic_primary_sgd_l2,validation,纺织机械,5,0.1149419234509039,0.1297611362169142,0.8,0.5860090522827681,-0.011299435028248594,0.09125803,51.86180112702495
logistic_primary_sgd_l2,validation,石油加工,6,0.015725053192651328,0.014070579156351237,0.6666666666666666,0.11352203632762503,-0.019171717171717062,0.09891299,5.921328554496808
logistic_primary_sgd_l2,validation,化纤,10,-0.033442713897605114,-0.011957291772087875,0.4,0.10668690853848117,-0.4411140475145323,0.099153385,0.24185788038175415
logistic_primary_sgd_l2,validation,铜,3,0.014378897954215578,-0.011494252873563204,0.3333333333333333,0.10643274853801166,-0.06329605467536492,0.09568388,1.6815068345710924
logistic_primary_sgd_l2,validation,石油开采,3,-0.06471841366522968,-0.06735751295336778,0.0,0.0,-0.19415524099568904,0.07963078,0.0
logistic_primary_sgd_l2,validation,互联网,6,-0.07929190058947556,-0.0591368325299273,0.16666666666666666,0.005555555555555536,-0.48130695909240895,0.08515432,0.011542645396259255
logistic_primary_sgd_l2,validation,煤炭开采,1,0.021739130434782705,0.021739130434782705,1.0,0.021739130434782705,0.0,0.096677616,
logistic_primary_sgd_l2,validation,园区开发,1,0.051983584131326976,0.051983584131326976,1.0,0.051983584131326976,0.0,0.112991825,
logistic_primary_sgd_l2,validation,日用化工,21,0.020263536334884747,0.02390057361376674,0.6190476190476191,0.6121899606476371,-0.1866556976150574,0.11081392,3.2797818039831004
logistic_primary_sgd_l2,validation,橡胶,25,-0.0085116834453097,-0.002808988764045006,0.4,0.13453597266403738,-0.34732805879677986,0.11440049,0.3873455347376752
logistic_primary_sgd_l2,validation,渔业,1,-0.0603773584905658,-0.0603773584905658,0.0,0.0,-0.0603773584905658,0.115724355,0.0
logistic_primary_sgd_l2,validation,水泥,7,0.001977424974815995,-0.03816793893129766,0.2857142857142857,0.255541709581375,-0.24169973475766304,0.101532534,1.057269300843836
logistic_primary_sgd_l2,validation,商贸代理,1,-0.016483516483516425,-0.016483516483516425,0.0,0.0,-0.016483516483516425,0.11370808,0.0
logistic_primary_sgd_l2,validation,林业,25,0.019695131963506328,0.025868440502586854,0.72,0.9165011605011442,-0.424122861413486,0.115365125,2.160933172634683
logistic_primary_sgd_l2,validation,医药商业,3,-0.0151151719339363,-0.018237082066869248,0.0,0.0,-0.0453455158018089,0.10358585,0.0
logistic_primary_sgd_l2,validation,普钢,7,0.05312433824867863,0.044386422976501194,1.0,0.37187036774075044,0.0,0.10893937,
logistic_primary_sgd_l2,validation,全国地产,1,0.0847457627118644,0.0847457627118644,1.0,0.0847457627118644,0.0,0.10558841,
logistic_primary_sgd_l2,validation,出版业,1,0.011357183418512218,0.011357183418512218,1.0,0.011357183418512218,0.0,0.09771128,
logistic_primary_sgd_l2,validation,超市连锁,3,0.010424361858916043,0.027377521613832778,0.6666666666666666,0.10648199922577328,-0.07520891364902516,0.095012546,1.4158162119278728
logistic_primary_sgd_l2,research_holdout,电器仪表,234,0.013902991683801736,0.012718977923300123,0.6367521367521367,5.734408686684066,-2.48110863267446,0.10638998,2.3112283803965403
logistic_primary_sgd_l2,research_holdout,建筑工程,230,0.012536002732613771,0.0026669011195125103,0.5347826086956522,6.2281660776733085,-3.344885449172142,0.10816711,1.8619968224068115
logistic_primary_sgd_l2,research_holdout,生物制药,172,0.011816343279698096,0.01005328000320782,0.5813953488372093,4.56911414323195,-2.536703099123877,0.10650709,1.801201782270075
logistic_primary_sgd_l2,research_holdout,矿物制品,58,0.0233014420296489,0.01634731448396043,0.5862068965517241,2.064691783908946,-0.7132081461893097,0.10377887,2.894935784091432
logistic_primary_sgd_l2,research_holdout,小金属,57,-0.011213753875101741,-0.004761904761904856,0.45614035087719296,1.1538045112698743,-1.7929884821506739,0.10979157,0.6435091595713409
logistic_primary_sgd_l2,research_holdout,专用机械,431,0.010933098232011119,0.011034482758620623,0.5939675174013921,11.22061737902282,-6.508452041026029,0.10614419,1.7240070769967506
logistic_primary_sgd_l2,research_holdout,环境保护,400,0.013862027063868597,0.009869371281028938,0.605,9.521792540798609,-3.97698171525117,0.10621006,2.3942258784554786
logistic_primary_sgd_l2,research_holdout,汽车配件,438,0.0011292708505828588,-0.0027362493414775924,0.4748858447488584,7.644308517114027,-7.149687884558736,0.10944672,1.0691807307593846
logistic_primary_sgd_l2,research_holdout,电气设备,208,0.005527018307455104,0.002456426845334647,0.5240384615384616,4.9812284180627575,-3.831608610112095,0.10484559,1.300035813918121
logistic_primary_sgd_l2,research_holdout,塑料,179,0.009414500962285846,0.009316770186335255,0.5921787709497207,4.042431881002348,-2.3572362087531826,0.107806236,1.7149031844969491
logistic_primary_sgd_l2,research_holdout,机械基件,210,0.013895834162150367,0.00887490698857396,0.5714285714285714,5.327952894229599,-2.409827720178021,0.10591375,2.2109268847799655
logistic_primary_sgd_l2,research_holdout,化工原料,295,0.00990736093977464,0.009389671361502261,0.5661016949152542,6.271868775396903,-3.3491972981633835,0.10634897,1.8726483443767972
logistic_primary_sgd_l2,research_holdout,元器件,284,0.010022130720831215,0.004492782829936703,0.5316901408450704,7.8710227355079425,-5.0247376107918775,0.106986985,1.5664544788573551
logistic_primary_sgd_l2,research_holdout,农业综合,119,0.007117413480735677,0.0056242969628794715,0.5630252100840336,2.4885604278966946,-1.641588223689149,0.11306666,1.5159468080881702
logistic_primary_sgd_l2,research_holdout,中成药,151,0.013313245955483544,0.01515151515151536,0.695364238410596,3.2677774540001367,-1.257477314722121,0.10535427,2.5986770621959527
logistic_primary_sgd_l2,research_holdout,软件服务,261,0.011669176482091924,0.003841229193341844,0.5517241379310345,6.8143600985923936,-3.7687050367664026,0.10242822,1.8081436546807075
logistic_primary_sgd_l2,research_holdout,医疗保健,256,0.0090834484073885,0.0038074250418221878,0.5703125,5.43533571376661,-3.109972921475153,0.101818115,1.747711588173079
logistic_primary_sgd_l2,research_holdout,工程机械,6,-0.014202394643592317,0.0013581440811038514,0.5,0.08990308360197918,-0.17511745146353308,0.10329384,0.5133873457534919
logistic_primary_sgd_l2,research_holdout,运输设备,81,0.004107774436137961,0.009790209790209614,0.6419753086419753,1.3016139659105714,-0.9688842365833966,0.10196787,1.3434153604361332
logistic_primary_sgd_l2,research_holdout,玻璃,7,0.025559664191164715,0.018957345971563955,0.5714285714285714,0.2163392203591854,-0.037421571021032385,0.09493885,5.7811367736964945
logistic_primary_sgd_l2,research_holdout,IT设备,138,0.0015771340920572002,0.005406878258243375,0.5507246376811594,2.402497508276788,-2.1848530035728944,0.109800406,1.0996151706078072
logistic_primary_sgd_l2,research_holdout,商贸代理,34,0.016839440830146702,0.007207207207207134,0.5588235294117647,0.8275467065194455,-0.2550057182944576,0.10436298,3.2452084292630223
logistic_primary_sgd_l2,research_holdout,水泥,16,0.031724194062888296,-0.005680028632784495,0.3125,0.7208565056281886,-0.21326940062197586,0.09975889,3.3800278123626404
logistic_primary_sgd_l2,research_holdout,园区开发,18,-0.014040045281947343,-0.03877582302390198,0.2777777777777778,0.4560051414766373,-0.7087259565516895,0.10456012,0.643415324726264
logistic_primary_sgd_l2,research_holdout,装修装饰,14,0.019658787392031425,0.028637215485896372,0.7142857142857143,0.353059983181113,-0.07783695969267301,0.09755676,4.535891234384215
logistic_primary_sgd_l2,research_holdout,纺织,87,0.013747960932844909,0.010958904109588996,0.7586206896551724,1.5782220998750545,-0.38214949871754733,0.10325394,4.12985521418031
logistic_primary_sgd_l2,research_holdout,半导体,67,0.0028364852773989343,0.012003693444136765,0.6268656716417911,1.3687566673801987,-1.17871215379447,0.09945627,1.161230638857794
logistic_primary_sgd_l2,research_holdout,化学制药,92,0.010406685466895223,0.009797212298092717,0.6847826086956522,1.5843635875913107,-0.6269485246369502,0.10296241,2.5271031437689
logistic_primary_sgd_l2,research_holdout,家用电器,351,0.0012842647688651185,-0.0031928480204342913,0.45584045584045585,6.391867701718865,-5.941090767847209,0.11157734,1.0758744398101492
logistic_primary_sgd_l2,research_holdout,家居用品,243,0.011803924405677044,0.005753739930955071,0.5761316872427984,5.553420579009398,-2.6850669484298755,0.10090663,2.0682614942829733
logistic_primary_sgd_l2,research_holdout,染料涂料,125,0.010582327729067037,0.011704834605598124,0.632,2.7831622777436835,-1.4603713116103036,0.104889445,1.9057908462162143
logistic_primary_sgd_l2,research_holdout,焦炭加工,8,0.014554287811991667,0.018667401946556694,0.875,0.12844631450794552,-0.012012012012012185,0.09249973,10.69315568278631
logistic_primary_sgd_l2,research_holdout,农药化肥,58,0.015236014151485329,0.010464684420946835,0.5862068965517241,1.5346039870178592,-0.6509151662317101,0.10491504,2.3576098186527386
logistic_primary_sgd_l2,research_holdout,日用化工,23,0.018832019402607002,0.01676758267349787,0.6086956521739131,0.8115500904897053,-0.3784136442297442,0.099846415,2.144611070093956
logistic_primary_sgd_l2,research_holdout,区域地产,18,0.006853522511277262,-0.018367346938775453,0.3333333333333333,0.5449755234631082,-0.42161211826011746,0.10272597,1.2925992870225815
logistic_primary_sgd_l2,research_holdout,饲料,95,-0.001480106080511336,-0.009287925696594423,0.42105263157894735,1.8865272861126172,-2.0271373637611942,0.11004951,0.9306361373618579
logistic_primary_sgd_l2,research_holdout,煤炭开采,2,0.009682719456364008,0.009682719456364008,0.5,0.021582733812949506,-0.0022172949002214892,0.09226313,9.733812949641282
logistic_primary_sgd_l2,research_holdout,供气供热,75,0.0025379173438656827,0.008303677342823113,0.6533333333333333,1.0971482898743743,-0.9068044890844481,0.102385096,1.2099061077455695
logistic_primary_sgd_l2,research_holdout,服饰,53,-0.002768047630525799,0.004817618719889838,0.5849056603773585,0.7157017451579724,-0.8624082695758397,0.10110384,0.8298873867593798
logistic_primary_sgd_l2,research_holdout,公路,3,0.1937538884078839,0.20517928286852594,1.0,0.5812616652236517,0.0,0.10192171,
logistic_primary_sgd_l2,research_holdout,林业,33,0.0005738858811049932,-0.0077844311377244235,0.36363636363636365,0.7795347043951546,-0.7605964703186898,0.11374936,1.0248991874344744
logistic_primary_sgd_l2,research_holdout,其他建材,28,0.016567083467081172,0.01301762875907364,0.75,0.5658268386130221,-0.10194850153474921,0.10919949,5.550124132233171
logistic_primary_sgd_l2,research_holdout,红黄酒,5,0.02897425671967029,0.019877675840978437,1.0,0.14487128359835144,0.0,0.09674962,
logistic_primary_sgd_l2,research_holdout,UNKNOWN,15,0.11499260123960676,0.1153846153846152,0.9333333333333333,1.7415556852607683,-0.01666666666666672,0.11408857,104.49334111564578
logistic_primary_sgd_l2,research_holdout,其他商业,14,-0.005410985713039813,0.0027799350124991795,0.5714285714285714,0.049953503976212454,-0.12570730395876983,0.10306839,0.3973794871346257
logistic_primary_sgd_l2,research_holdout,房产服务,5,0.04941896423117138,0.01520270270270263,0.6,0.34473834974780493,-0.09764352859194803,0.094664074,3.5305806203344545
logistic_primary_sgd_l2,research_holdout,仓储物流,59,0.001161126975631886,-0.0020661157024793875,0.4745762711864407,0.9432345374936997,-0.8747280459314184,0.106664,1.078317474649318
logistic_primary_sgd_l2,research_holdout,食品,231,-0.0011681122740726196,0.0011295180722892262,0.5194805194805194,3.1121818513249875,-3.3820157866357627,0.1056756,0.9202150574290516
logistic_primary_sgd_l2,research_holdout,钢加工,14,-0.0020830188168923553,-0.005512816449248059,0.42857142857142855,0.11876944963995717,-0.14793171307645014,0.09934377,0.80286672255717
logistic_primary_sgd_l2,research_holdout,造纸,39,0.0037869788543778626,0.002941176470588225,0.6153846153846154,0.3443111954786129,-0.19661902015787625,0.098808095,1.7511591462623832
logistic_primary_sgd_l2,research_holdout,石油加工,7,-0.005598660152253457,-0.01671309192200554,0.2857142857142857,0.07386363636363646,-0.11305425742941067,0.10320241,0.6533467915594048
logistic_primary_sgd_l2,research_holdout,港口,3,-0.0025107925228226393,-0.007716049382716195,0.3333333333333333,0.010903426791277315,-0.018435804359745234,0.09582713,0.591426692240511
logistic_primary_sgd_l2,research_holdout,渔业,11,0.041681189888782624,0.03555555555555556,0.8181818181818182,0.512593617877138,-0.05410052910052909,0.101225965,9.474835577386708
logistic_primary_sgd_l2,research_holdout,铝,3,0.04340780919875731,0.04973357015985802,1.0,0.13022342759627192,0.0,0.10173962,
logistic_primary_sgd_l2,research_holdout,火力发电,5,0.021538765164905715,0.017006802721088343,1.0,0.10769382582452858,0.0,0.098174796,
logistic_primary_sgd_l2,research_holdout,农用机械,16,0.0009288646528318456,-0.007549631276008439,0.4375,0.24637753083318525,-0.23151569638787572,0.104754165,1.064193636445325
logistic_primary_sgd_l2,research_holdout,百货,26,0.001430795026592414,0.010073037830591547,0.6153846153846154,0.35141560367363933,-0.31421493298223657,0.10121298,1.1183924339251752
logistic_primary_sgd_l2,research_holdout,种植业,2,-0.0013542428428265363,-0.0013542428428265363,0.5,0.04030226700251882,-0.043010752688171894,0.10833273,0.9370277078085658
logistic_primary_sgd_l2,research_holdout,影视音像,1,0.4972375690607733,0.4972375690607733,1.0,0.4972375690607733,0.0,0.11217417,
logistic_primary_sgd_l2,research_holdout,出版业,43,-0.00933241325320629,-0.009380863039399556,0.2558139534883721,0.24810164487995068,-0.6493954147678211,0.10373394,0.3820501950551262
logistic_primary_sgd_l2,research_holdout,石油开采,8,0.01824091740441197,0.019286138855389656,0.625,0.18996918249500716,-0.04404184325971139,0.099130794,4.3133794690375105
logistic_primary_sgd_l2,research_holdout,全国地产,13,-0.00313303494467179,0.001686340640809636,0.5384615384615384,0.12201820197130586,-0.16274765625203913,0.10375162,0.7497386124095231
logistic_primary_sgd_l2,research_holdout,综合类,10,-0.006195778011659703,-0.009708898591288206,0.4,0.10403083069247487,-0.1659886108090719,0.10058838,0.6267347511699832
logistic_primary_sgd_l2,research_holdout,互联网,6,-0.04668289280093585,-0.03901939303723895,0.16666666666666666,0.021538461538461506,-0.3016358183440766,0.10109841,0.07140551694657343
logistic_primary_sgd_l2,research_holdout,通信设备,40,0.01375852513367026,0.006673380359493164,0.525,1.2858195571012616,-0.7354785517544512,0.105262235,1.74827607689442
logistic_primary_sgd_l2,research_holdout,纺织机械,21,0.005525325681111806,0.001848428835489857,0.5238095238095238,0.26495190111194167,-0.14892006180859374,0.10106078,1.7791551916791648
logistic_primary_sgd_l2,research_holdout,机床制造,85,0.003353721799574494,-0.0027762354247641285,0.4588235294117647,1.49341615798061,-1.208349805016778,0.11362555,1.235913765848519
logistic_primary_sgd_l2,research_holdout,医药商业,13,0.015986227411219876,0.019345238095238138,0.6923076923076923,0.23983797672981066,-0.032017020383952266,0.10337473,7.490952432601238
logistic_primary_sgd_l2,research_holdout,化纤,9,0.019921394988985167,0.024590163934426368,0.5555555555555556,0.21504478219229606,-0.03575222729142957,0.10528403,6.014863925522369
logistic_primary_sgd_l2,research_holdout,水运,1,0.03754469606674604,0.03754469606674604,1.0,0.03754469606674604,0.0,0.08745654,
logistic_primary_sgd_l2,research_holdout,广告包装,51,0.02397913047692005,0.019428571428571573,0.6470588235294118,1.9051598509811911,-0.6822241966582685,0.10533745,2.79257150407918
logistic_primary_sgd_l2,research_holdout,文教休闲,19,-0.012472220524140315,-0.0022427810485000643,0.42105263157894735,0.26229541016701874,-0.4992676001256847,0.0977872,0.5253603680691256
logistic_primary_sgd_l2,research_holdout,旅游景点,4,0.008477152185053571,0.01667667852687038,0.75,0.05856344108735434,-0.024654832347140054,0.096663594,2.3753331705030907
logistic_primary_sgd_l2,research_holdout,水务,18,0.006349006611543183,-0.0006485084306095956,0.4444444444444444,0.243837951107011,-0.12955583209923371,0.10420521,1.8821070974268648
logistic_primary_sgd_l2,research_holdout,普钢,1,-0.02960526315789469,-0.02960526315789469,0.0,0.0,-0.02960526315789469,0.09328413,0.0
logistic_primary_sgd_l2,research_holdout,橡胶,23,0.012442018950689459,0.008975317875841604,0.6086956521739131,0.5354353199045947,-0.24926888403873715,0.10931437,2.1480230954995023
logistic_primary_sgd_l2,research_holdout,乳制品,11,0.009550908956156007,0.012893982808023008,0.7272727272727273,0.15219893047298605,-0.04713893195526997,0.101259224,3.228730990710763
logistic_primary_sgd_l2,research_holdout,酒店餐饮,2,-0.020252958777258634,-0.020252958777258634,0.5,0.007890583903208626,-0.04839650145772589,0.100647666,0.16304037824099768
logistic_primary_sgd_l2,research_holdout,摩托车,25,-0.014019244085610776,-0.010835913312693513,0.28,0.08819087621547883,-0.4386719783557482,0.11134304,0.20104059654332193
logistic_primary_sgd_l2,research_holdout,啤酒,8,0.017835832533209334,0.017972192789885377,0.75,0.14857015286643493,-0.005883492600760265,0.10384245,25.25203360453563
logistic_primary_sgd_l2,research_holdout,路桥,3,0.011011455864397076,0.014652014652014822,0.6666666666666666,0.03303436759319123,0.0,0.09644573,
logistic_primary_sgd_l2,research_holdout,汽车服务,10,0.0022009584877355714,-0.010620608899297446,0.4,0.23504580521497265,-0.21303622033761693,0.1004677,1.1033138160378326
logistic_primary_sgd_l2,research_holdout,水力发电,2,0.0006868131868131844,0.0006868131868131844,0.5,0.0013736263736263687,0.0,0.10479787,
logistic_primary_sgd_l2,research_holdout,汽车整车,1,0.012962962962962843,0.012962962962962843,1.0,0.012962962962962843,0.0,0.11669749,
logistic_primary_sgd_l2,research_holdout,石油贸易,1,-0.0030339805825243538,-0.0030339805825243538,0.0,0.0,-0.0030339805825243538,0.10875821,0.0
logistic_primary_sgd_l2,research_holdout,航空,9,-0.016316487122965136,-0.010942760942761143,0.4444444444444444,0.09070246373505264,-0.23755084784173885,0.10787768,0.38182336354143614
logistic_primary_sgd_l2,research_holdout,化工机械,6,0.007139398964865262,0.011382047514188032,0.6666666666666666,0.099154764215446,-0.05631837042625443,0.112232484,1.7606113860358104
logistic_primary_sgd_l2,research_holdout,公共交通,2,0.029467871485943653,0.029467871485943653,1.0,0.058935742971887306,0.0,0.09996903,
logistic_primary_sgd_l2,research_holdout,铅锌,1,0.08599508599508598,0.08599508599508598,1.0,0.08599508599508598,0.0,0.1123973,
ridge_conditional_industry_ablation,train,电气设备,2842,-4.929538724613131e-05,0.0,0.4848698099929627,56.28099731867152,-56.421094809225025,0.005901061,0.9975169306617105
ridge_conditional_industry_ablation,train,专用机械,2385,0.007087700017123055,0.0054894784995425105,0.5467505241090147,54.4693741331956,-37.56520959235711,0.0059158015,1.4499952143026977
ridge_conditional_industry_ablation,train,元器件,856,0.0047770820649838406,0.002041862879370804,0.5186915887850467,20.403888841642704,-16.314706594016535,0.0059545427,1.2506439342970401
ridge_conditional_industry_ablation,train,UNKNOWN,2716,0.006284512200753002,0.0028742991529251416,0.5180412371134021,72.55335580975779,-55.48462067251265,0.005930252,1.3076300230651317
ridge_conditional_industry_ablation,train,通信设备,314,0.004101282830036347,0.0,0.4968152866242038,7.022910986690556,-5.735108178059143,0.0059801717,1.2245472567646016
ridge_conditional_industry_ablation,train,化工原料,2115,0.008173636398634278,0.006926406926407003,0.5617021276595745,48.926392724770984,-31.639151741659482,0.005864189,1.5463876251887396
ridge_conditional_industry_ablation,train,装修装饰,172,0.0020766357071662117,0.0,0.48255813953488375,4.502927298005217,-4.145745956372628,0.006004203,1.0861561092723369
ridge_conditional_industry_ablation,train,环境保护,815,0.003115950174126177,0.0,0.4920245398773006,16.45979424221501,-13.920294850302176,0.0060100644,1.18243143692159
ridge_conditional_industry_ablation,train,建筑工程,1032,-0.0010102937293275575,-0.0022346396612336616,0.44670542635658916,15.63596477840256,-16.678587907068597,0.0060658385,0.9374873259969353
ridge_conditional_industry_ablation,train,化学制药,667,0.008258871840581196,0.005780346820809079,0.5442278860569715,15.297042389776077,-9.788374872108419,0.00584025,1.5627765170053292
ridge_conditional_industry_ablation,train,软件服务,1125,0.002283142381897889,0.0,0.48355555555555557,22.01300031137155,-19.444465131736422,0.0060524824,1.1320959544134168
ridge_conditional_industry_ablation,train,小金属,722,0.002896096166952088,0.002962992205422399,0.5304709141274239,14.832395145727066,-12.741413713187658,0.0059863064,1.1641090603921913
ridge_conditional_industry_ablation,train,塑料,466,-8.729775063568237e-05,0.00026109660574413773,0.5,7.294132600622024,-7.3348133524182515,0.0060166777,0.9944537441047747
ridge_conditional_industry_ablation,train,房产服务,18,0.01227882389518471,0.007165009423307889,0.5555555555555556,0.32907335093435974,-0.10805452082103495,0.005676892,3.0454380662090643
ridge_conditional_industry_ablation,train,家用电器,537,0.010828583755447542,0.009072580645161255,0.5865921787709497,12.768779823222689,-6.953830346547359,0.0058946717,1.8362225114626942
ridge_conditional_industry_ablation,train,汽车配件,1739,0.0013135349926270737,0.0006963788300835549,0.5025876940770557,31.13952933816211,-28.855291985983627,0.0059475233,1.0791618172946593
ridge_conditional_industry_ablation,train,汽车整车,17,0.019547261181637045,0.02754820936639124,0.6470588235294118,0.5307824299294295,-0.19847898984159973,0.005704048,2.674249956396047
ridge_conditional_industry_ablation,train,文教休闲,85,0.011484816765949934,0.010000000000000009,0.5764705882352941,2.4682708869336687,-1.4920614618279244,0.0058338516,1.654268909210878
ridge_conditional_industry_ablation,train,供气供热,128,0.009630205906675729,0.004257336343115092,0.5625,2.268046540055466,-1.0353801840009726,0.0058705886,2.190544666685774
ridge_conditional_industry_ablation,train,百货,147,0.00853473136313555,0.008629989212513456,0.564625850340136,3.0947198685489345,-1.8401143581680097,0.0058032065,1.6818084456609486
ridge_conditional_industry_ablation,train,石油加工,6,0.09170380444547645,0.0809602632933023,0.5,0.5897638433688939,-0.03954101669603516,0.005576529,14.915242263561485
ridge_conditional_industry_ablation,train,造纸,40,-0.006020436587302716,-0.004139263874466503,0.475,0.4646706110792147,-0.7054880745713233,0.005843622,0.6586512626192343
ridge_conditional_industry_ablation,train,种植业,40,-0.01144098688629194,-0.00914836992681295,0.4,0.46339345559358014,-0.9210329310452577,0.0058384817,0.5031236560322401
ridge_conditional_industry_ablation,train,生物制药,142,0.005338366439269685,0.007377279611139875,0.5633802816901409,2.860626393260893,-2.102578358884598,0.0058555845,1.3605325961684653
ridge_conditional_industry_ablation,train,中成药,325,0.010349330181211402,-0.006535947712418277,0.4246153846153846,9.361146398678004,-5.997614089784298,0.005933604,1.5608117258865974
ridge_conditional_industry_ablation,train,农药化肥,120,0.0055332147436515265,0.0034281440642791594,0.5583333333333333,2.5085243493634066,-1.8445385801252236,0.0057956153,1.3599739123879457
ridge_conditional_industry_ablation,train,机械基件,460,0.00013593327636989862,0.0009384733592435746,0.5021739130434782,8.944864957198597,-8.882335650068443,0.006045131,1.0070397370234114
ridge_conditional_industry_ablation,train,铜,19,0.0188426218482929,0.030057803468207966,0.7368421052631579,0.6664809584146167,-0.3084711432970516,0.005781519,2.1605941848920653
ridge_conditional_industry_ablation,train,广告包装,291,0.0019207868857271885,0.0,0.49828178694158076,5.856654308293709,-5.2977053245470955,0.0058559654,1.1055077527918935
ridge_conditional_industry_ablation,train,IT设备,214,-0.007575722087052596,-0.007123515148084125,0.38317757009345793,3.4332714714609445,-5.054475998090199,0.006169651,0.679253689751061
ridge_conditional_industry_ablation,train,铝,62,-0.0014741460518879013,0.0037035456027865177,0.5483870967741935,1.0533393203787944,-1.1447363755958444,0.0058114924,0.9201588617558544
ridge_conditional_industry_ablation,train,水力发电,11,0.0008091112314532391,0.015437392795883298,0.6363636363636364,0.21668302864324795,-0.20778280509726232,0.0057466524,1.0428342640856132
ridge_conditional_industry_ablation,train,半导体,172,0.011086150374397542,0.005886905410177556,0.5581395348837209,4.49973515309656,-2.5929172887001832,0.0058301394,1.735394789762945
ridge_conditional_industry_ablation,train,医疗保健,472,0.003955012890515622,-0.00600505878889479,0.4364406779661017,10.7779577107638,-8.911191626440427,0.006022205,1.2094855730387937
ridge_conditional_industry_ablation,train,互联网,204,-0.0004220977062492566,-0.0031886265549631587,0.47058823529411764,4.353263861584591,-4.43937179365944,0.0059066233,0.9806035772453587
ridge_conditional_industry_ablation,train,林业,17,0.01903467607499269,0.01951854261548469,0.7647058823529411,0.41848752545614487,-0.09489803218126913,0.005846733,4.409865155652253
ridge_conditional_industry_ablation,train,区域地产,41,0.005647933636520388,0.01217038539553772,0.5853658536585366,0.9746857265058628,-0.7431204474085269,0.0057828245,1.3116120406925555
ridge_conditional_industry_ablation,train,白酒,5,0.004629823146870571,-0.011688311688311748,0.4,0.0871773289004969,-0.06402821316614404,0.005633356,1.3615455529624763
ridge_conditional_industry_ablation,train,水泥,60,-0.0006442786765788466,6.913482702186613e-05,0.5,0.9600961138795308,-0.9987528344742616,0.0057792393,0.9612950078734149
ridge_conditional_industry_ablation,train,纺织,13,0.00018115359433797855,-0.0018371666354936034,0.46153846153846156,0.190476544819272,-0.1881215480928783,0.00576643,1.0125184847257955
ridge_conditional_industry_ablation,train,船舶,25,0.016252070132973695,0.01153106982703389,0.56,0.7320790168240494,-0.32577726349970704,0.0058642626,2.2471765185807935
ridge_conditional_industry_ablation,train,商贸代理,20,0.007295675594410039,0.007997269063527379,0.55,0.346550476851742,-0.20063696496354122,0.0057886266,1.7272513911617209
ridge_conditional_industry_ablation,train,其他建材,54,0.009187346772902992,-0.0034078759800428293,0.4074074074074074,1.0894541777131463,-0.5933374519763848,0.005840174,1.8361459808144849
ridge_conditional_industry_ablation,train,食品,169,-0.002464904096697128,-0.006802721088435493,0.4437869822485207,3.398016611016135,-3.81458540335795,0.006007681,0.8907957881936233
ridge_conditional_industry_ablation,train,农业综合,375,0.0017772285334867186,-0.0007352941176469452,0.4693333333333333,5.757933702340528,-5.091473002283009,0.006039378,1.130897423939728
ridge_conditional_industry_ablation,train,服饰,273,0.0036973985347086924,0.0021306818181818787,0.5164835164835165,4.939656670868483,-3.9302668708930097,0.00584887,1.2568247483271093
ridge_conditional_industry_ablation,train,运输设备,86,0.015277091904019116,0.006119782080541869,0.5813953488372093,2.4968041433030335,-1.182974239557389,0.00582498,2.1106158188509796
ridge_conditional_industry_ablation,train,全国地产,101,-0.0033533905287802105,0.0023866348448686736,0.504950495049505,1.5843042395476439,-1.9229966829544451,0.005830052,0.8238725805358944
ridge_conditional_industry_ablation,train,染料涂料,40,-0.028175863777201392,-0.026352496191959507,0.25,0.2937868746070229,-1.4208214256950784,0.0058096065,0.20677255374530953
ridge_conditional_industry_ablation,train,乳制品,10,-0.00691953645350879,-0.00934969575100808,0.4,0.15746726605011574,-0.22666263058520364,0.005827797,0.694720897059928
ridge_conditional_industry_ablation,train,旅游服务,26,0.001789213915023829,0.0035455327516283885,0.5384615384615384,0.36002010886666613,-0.3135005470760466,0.005845646,1.148387497962915
ridge_conditional_industry_ablation,train,新型电力,40,0.01681920797294396,0.01795194607088857,0.65,1.032017663056032,-0.3592493441382736,0.0057863654,2.8727057679994337
ridge_conditional_industry_ablation,train,化工机械,5,-0.05867009134319292,-0.06297229219143563,0.4,0.013688228747360975,-0.3070386854633256,0.005889658,0.04458144655845322
ridge_conditional_industry_ablation,train,石油开采,24,-0.02156959056314475,-0.0012557584792454168,0.5,0.2760739969728343,-0.7937441704883083,0.005808475,0.34781231439217336
ridge_conditional_industry_ablation,train,仓储物流,29,0.03280340802434582,0.022324865280985318,0.6551724137931034,1.21381374116792,-0.26251490846189107,0.0058081355,4.623789743141875
ridge_conditional_industry_ablation,train,家居用品,350,-0.003711197748588287,-0.011396828587554086,0.3942857142857143,6.532368293947721,-7.831287505953621,0.0060701678,0.8341372078322479
ridge_conditional_industry_ablation,train,医药商业,47,0.002025159130032312,0.0,0.48936170212765956,0.4268073530542522,-0.33162487394273354,0.005777024,1.2870185157701868
ridge_conditional_industry_ablation,train,酒店餐饮,3,-0.025271285537445214,-0.037878787878787734,0.3333333333333333,0.007692307692307665,-0.0835061643046433,0.0057876934,0.09211664499694831
ridge_conditional_industry_ablation,train,电器仪表,519,-0.004752722289695976,-0.0038550501156515704,0.44508670520231214,8.200720688740319,-10.667383557092531,0.006179977,0.7687658969839725
ridge_conditional_industry_ablation,train,化纤,27,0.001962791343995664,-0.002525252525252597,0.4444444444444444,0.28755536119871805,-0.23455999491083512,0.0058132852,1.2259352295263666
ridge_conditional_industry_ablation,train,路桥,1,0.05785123966942152,0.05785123966942152,1.0,0.05785123966942152,0.0,0.0054988004,
ridge_conditional_industry_ablation,train,园区开发,3,0.08106034179089683,0.05057096247960868,1.0,0.24318102537269048,0.0,0.0057337433,
ridge_conditional_industry_ablation,train,旅游景点,1,-0.03288490284005985,-0.03288490284005985,0.0,0.0,-0.03288490284005985,0.0054663513,0.0
ridge_conditional_industry_ablation,train,农用机械,26,-0.004614165558936862,-0.014401474823258487,0.38461538461538464,0.5843554779317328,-0.7043237824640912,0.005859316,0.8296688149409823
ridge_conditional_industry_ablation,train,玻璃,4,-0.03267299504221394,-0.026215555301819238,0.0,0.0,-0.13069198016885575,0.0056806006,0.0
ridge_conditional_industry_ablation,train,超市连锁,1,0.20499999999999985,0.20499999999999985,1.0,0.20499999999999985,0.0,0.0054958556,
ridge_conditional_industry_ablation,train,煤炭开采,4,0.035452480881310394,0.04222222222222216,0.75,0.15186017478152292,-0.01005025125628134,0.0058081215,15.110087390761631
ridge_conditional_industry_ablation,train,铅锌,1,-0.017799352750808906,-0.017799352750808906,0.0,0.0,-0.017799352750808906,0.005557754,0.0
ridge_conditional_industry_ablation,train,机床制造,8,-0.01975715758965471,-0.018900421030254078,0.0,0.0,-0.1580572607172377,0.0061340802,0.0
ridge_conditional_industry_ablation,train,工程机械,136,-0.007402098301828014,-0.013575772467596225,0.3235294117647059,1.7972771422505842,-2.803962511299194,0.0062863557,0.6409775933194735
ridge_conditional_industry_ablation,train,钢加工,4,-0.00978483079067824,-0.01155383623468731,0.25,0.005369127516778427,-0.044508450679491385,0.0058520767,0.12063164263887566
ridge_conditional_industry_ablation,train,日用化工,3,0.040897125377922894,0.043216080402010304,1.0,0.12269137613376868,0.0,0.005873213,
ridge_conditional_industry_ablation,train,影视音像,12,-0.009755479434407318,-0.0166982604817128,0.25,0.04940639636155386,-0.16647214957444167,0.006118839,0.296784756416332
ridge_conditional_industry_ablation,train,饲料,13,-0.0010055330007443775,0.0022522522522521182,0.6153846153846154,0.08803862558448494,-0.10111055459416185,0.0061760526,0.8707164740402711
ridge_conditional_industry_ablation,train,矿物制品,112,-0.012958306660540977,-0.015679883607780998,0.3125,1.1334136928281995,-2.5847440388087883,0.006259874,0.4385013277177524
ridge_conditional_industry_ablation,train,航空,83,0.005219157826599395,0.0027816411682892728,0.5060240963855421,3.2569789891585015,-2.8237888895507517,0.0063832975,1.153407395719539
ridge_conditional_industry_ablation,train,橡胶,13,-0.02278133185828276,-0.026136363636363846,0.23076923076923078,0.2601574698086673,-0.5563147839663432,0.0062500862,0.46764435766712736
ridge_conditional_industry_ablation,train,汽车服务,40,0.00422862250031863,-0.0027602732973891486,0.45,0.8265291977148357,-0.6573842977020905,0.0063387393,1.2572998786311098
ridge_conditional_industry_ablation,validation,建筑工程,405,0.013687652754154947,-0.005063291139240422,0.3851851851851852,11.542770446809513,-5.999271081376762,0.006142189,1.9240288178744183
ridge_conditional_industry_ablation,validation,电器仪表,798,0.009955665031253329,-0.005963198473990128,0.4473684210526316,25.42825829969879,-17.483637604758638,0.006165372,1.4544031896873573
ridge_conditional_industry_ablation,validation,IT设备,197,-0.001868347131118339,-0.0021141649048627142,0.45685279187817257,5.225309497799601,-5.593373882629914,0.0060773185,0.9341963558035468
ridge_conditional_industry_ablation,validation,供气供热,9,-0.005058467887517836,-0.010899182561307952,0.3333333333333333,0.04173267101302258,-0.0872588820006831,0.006210011,0.47826272874658055
ridge_conditional_industry_ablation,validation,软件服务,509,-0.0032318872543317073,-0.0028851702250431988,0.44793713163064836,13.694239226011394,-15.339269838466233,0.0060850456,0.8927569154348142
ridge_conditional_industry_ablation,validation,机械基件,526,0.012991503248233852,-0.0011173999955079172,0.4790874524714829,14.393357212556646,-7.559826503985639,0.0061495523,1.9039269227896012
ridge_conditional_industry_ablation,validation,中成药,56,0.007528321174363439,-0.002886008895404135,0.4642857142857143,1.3131304062369857,-0.8915444204726332,0.0062107523,1.472871543002712
ridge_conditional_industry_ablation,validation,专用机械,866,0.004865820798157432,-0.004174010562609298,0.4515011547344111,24.221071865883754,-20.00727105467942,0.005998626,1.2106134714568573
ridge_conditional_industry_ablation,validation,塑料,157,0.011511304537113368,-0.0020283975659228792,0.4713375796178344,4.393692118111408,-2.586417305784609,0.0062146923,1.6987560778706392
ridge_conditional_industry_ablation,validation,工程机械,52,0.029177851740235152,0.007028866234248032,0.5576923076923077,1.9906676362331437,-0.4734193457409158,0.006217216,4.204871757231821
ridge_conditional_industry_ablation,validation,汽车配件,743,0.008358269480348674,-0.0014471780028944004,0.47240915208613726,19.108244199857957,-12.898049975958894,0.006081637,1.4814831881931338
ridge_conditional_industry_ablation,validation,电气设备,663,0.009039817059272964,-0.005050505050505083,0.43288084464555054,16.696948201595866,-10.703549491297892,0.006029798,1.5599449710743782
ridge_conditional_industry_ablation,validation,饲料,131,0.017113847516055408,-0.004872107186358221,0.37404580152671757,3.7652743044398416,-1.523360279836583,0.0062523847,2.4716899569179773
ridge_conditional_industry_ablation,validation,其他建材,37,0.02126316143228262,0.0071428571428571175,0.6486486486486487,1.0017089079868027,-0.2149719349923458,0.0063360976,4.659719456041874
ridge_conditional_industry_ablation,validation,环境保护,738,-0.0008321840031162768,-0.006077182292387906,0.4281842818428184,15.988190476373214,-16.602342270673027,0.005979356,0.9630081235353958
ridge_conditional_industry_ablation,validation,元器件,407,-0.0016619676932339773,-0.00308959835221434,0.44471744471744473,9.352358833601704,-10.028779684747931,0.0061603477,0.9325520280224174
ridge_conditional_industry_ablation,validation,家居用品,166,0.0003602647650557072,-0.005530487561394348,0.37349397590361444,3.2789349979013247,-3.2191310469020777,0.006309907,1.0185776689820687
ridge_conditional_industry_ablation,validation,机床制造,37,-0.0011455243267311135,-0.013043478260869601,0.3783783783783784,0.723552313598381,-0.7659367136874322,0.0063114534,0.9446633131280509
ridge_conditional_industry_ablation,validation,医疗保健,541,0.0003084740639038858,-0.008919722497522264,0.4343807763401109,17.26507163721809,-17.098187168646085,0.0059755016,1.009760360377738
ridge_conditional_industry_ablation,validation,影视音像,4,-0.010461416225743675,-0.019967768996423718,0.25,0.026936026936026813,-0.06878169183900151,0.0062469877,0.391616231236016
ridge_conditional_industry_ablation,validation,矿物制品,118,0.03173385906043561,0.010608506118169658,0.5508474576271186,5.726492484449956,-1.9818971153185543,0.0062246565,2.8893994749720022
ridge_conditional_industry_ablation,validation,汽车服务,44,-0.004658053320547654,-0.0017921146953405187,0.45454545454545453,0.4848098626963231,-0.6897642088004199,0.00629839,0.702863176301165
ridge_conditional_industry_ablation,validation,化工原料,888,0.00688253991379197,-0.005274081902980454,0.43355855855855857,23.399029937253303,-17.28733449380604,0.006073651,1.353536020584148
ridge_conditional_industry_ablation,validation,铝,3,0.09034679841131443,0.10752688172043001,0.6666666666666666,0.2710403952339433,0.0,0.0058388826,
ridge_conditional_industry_ablation,validation,化学制药,118,0.007982600916148894,0.0048748925212040994,0.576271186440678,2.467915043885049,-1.525968135779479,0.0060004937,1.6172782288303909
ridge_conditional_industry_ablation,validation,农业综合,66,0.01450790030825376,0.003828161320316159,0.5151515151515151,1.6783204755734913,-0.7207990552287431,0.0062190755,2.328416586285455
ridge_conditional_industry_ablation,validation,通信设备,117,-0.011027154977090645,-0.018771331058020424,0.3162393162393162,1.9295198115533634,-3.219696943872969,0.005792324,0.5992861580420505
ridge_conditional_industry_ablation,validation,生物制药,111,0.009000420820968587,-0.006506180871828193,0.44144144144144143,3.2948634864312845,-2.2958167753037717,0.0060559995,1.4351596006590392
ridge_conditional_industry_ablation,validation,家用电器,318,0.00631281987274679,-0.005635327228277365,0.39937106918238996,5.815443656850772,-3.807966937317293,0.0061143995,1.5271780854661894
ridge_conditional_industry_ablation,validation,纺织,24,0.018473690637860696,-0.009202023412256899,0.4166666666666667,0.9056285158982482,-0.4622599405895915,0.006100127,1.9591325926775318
ridge_conditional_industry_ablation,validation,食品,297,0.011778906634501917,0.0035335689045936647,0.531986531986532,7.6700585209602306,-4.171723250513162,0.0062407763,1.8385827775168784
ridge_conditional_industry_ablation,validation,小金属,232,0.0028100204479497757,-0.0028115599597512975,0.45689655172413796,6.467876707351776,-5.815951963427427,0.00619709,1.1120925255270093
ridge_conditional_industry_ablation,validation,UNKNOWN,24,0.011218785132847927,-0.00041876046901168085,0.4583333333333333,0.6461552956719434,-0.37690445248359317,0.006145142,1.7143742702272027
ridge_conditional_industry_ablation,validation,铅锌,5,0.015900365851996102,0.009887005649717562,0.8,0.09682856193324785,-0.017326732673267342,0.005982708,5.588391288718871
ridge_conditional_industry_ablation,validation,航空,51,0.012713012607681477,0.007181942544459696,0.5490196078431373,1.6813455846937782,-1.032981941702023,0.0059622587,1.6276621273005605
ridge_conditional_industry_ablation,validation,综合类,6,0.05778765536397301,0.0275755652803803,0.6666666666666666,0.3816858751534895,-0.034959942969651436,0.0061433814,10.917806001137624
ridge_conditional_industry_ablation,validation,广告包装,81,0.002225532897474046,-0.0025630903209459266,0.4074074074074074,1.1180777860960611,-0.9378096214006634,0.0061653177,1.1922225583761432
ridge_conditional_industry_ablation,validation,农药化肥,53,0.009151146871417826,0.0,0.4528301886792453,1.182488729243692,-0.6974779450585473,0.0059349565,1.6953779508317388
ridge_conditional_industry_ablation,validation,水运,3,0.10792137965826439,0.020771513353115667,0.6666666666666666,0.3295950427648806,-0.005830903790087438,0.006100627,56.52554983417727
ridge_conditional_industry_ablation,validation,钢加工,5,-0.007948756036155835,-0.006211180124223614,0.2,0.018575851393188847,-0.05831963157396802,0.006218026,0.3185179825703923
ridge_conditional_industry_ablation,validation,仓储物流,7,0.07499372137162277,0.02647657841140516,0.8571428571428571,0.5270307383980399,-0.0020746887966804906,0.006153812,254.02881590785614
ridge_conditional_industry_ablation,validation,农用机械,1,0.11504424778761058,0.11504424778761058,1.0,0.11504424778761058,0.0,0.0059472546,
ridge_conditional_industry_ablation,validation,文教休闲,3,-0.016751448237851647,-0.014723203769140158,0.0,0.0,-0.050254344713554944,0.0055592954,0.0
ridge_conditional_industry_ablation,validation,半导体,23,-0.008772880503611696,-0.04395304395304389,0.21739130434782608,1.4465163508440608,-1.6482926024271296,0.005771859,0.8775846889769747
ridge_conditional_industry_ablation,validation,互联网,4,0.024956217367451627,0.021680365296803616,0.5,0.14572436695724367,-0.04589949748743716,0.005417535,3.174857567822587
ridge_conditional_industry_ablation,validation,运输设备,16,-0.0061725597684158875,-7.0586402624917e-05,0.5,0.42791473063107843,-0.5266756869257326,0.0058619194,0.8124824085365827
ridge_conditional_industry_ablation,validation,船舶,3,0.0142931780862815,-0.017857142857142905,0.3333333333333333,0.09482758620689657,-0.051948051948052076,0.0059440774,1.8254310344827545
ridge_conditional_industry_ablation,validation,服饰,2,-0.030877910852895485,-0.030877910852895485,0.0,0.0,-0.06175582170579097,0.00562991,0.0
ridge_conditional_industry_ablation,validation,染料涂料,2,0.05723937416331992,0.05723937416331992,1.0,0.11447874832663985,0.0,0.005803601,
ridge_conditional_industry_ablation,validation,橡胶,1,-0.05250596658711215,-0.05250596658711215,0.0,0.0,-0.05250596658711215,0.0058512026,0.0
ridge_conditional_industry_ablation,validation,摩托车,7,0.035155438446932065,0.0,0.42857142857142855,0.3452470053275629,-0.09915893619903848,0.0060978336,3.4817538243306676
ridge_conditional_industry_ablation,validation,化纤,1,-0.007638888888888973,-0.007638888888888973,0.0,0.0,-0.007638888888888973,0.00583156,0.0
ridge_conditional_industry_ablation,validation,日用化工,4,-0.016873593763908318,-0.0382582847076956,0.25,0.0744920993227991,-0.14198647437843237,0.0058241,0.5246422213728436
ridge_conditional_industry_ablation,research_holdout,化工原料,583,0.013679402910847563,0.011058451816745807,0.6174957118353345,13.782588673801412,-5.807496776777283,0.005968697,2.3732408649651795
ridge_conditional_industry_ablation,research_holdout,生物制药,136,0.01528315859788469,0.008209401294236307,0.5955882352941176,3.7266086049673373,-1.6480990356550191,0.005912428,2.261155746314867
ridge_conditional_industry_ablation,research_holdout,元器件,515,0.008035419820426038,-0.0010152284263960087,0.487378640776699,14.160223566325703,-10.021982358806293,0.006031554,1.412916433033146
ridge_conditional_industry_ablation,research_holdout,医疗保健,194,0.016662377164276907,0.013193098007465487,0.6288659793814433,5.462564517678965,-2.230063347809245,0.005825614,2.4495109177258323
ridge_conditional_industry_ablation,research_holdout,专用机械,894,0.008992240690327436,0.005649737551425726,0.5559284116331096,22.47266651694291,-14.433603339790182,0.0060051894,1.5569685537214983
ridge_conditional_industry_ablation,research_holdout,通信设备,101,0.00710387748875602,0.005252100840336338,0.5445544554455446,2.569381146975349,-1.8518895206109907,0.0058600684,1.387437597318245
ridge_conditional_industry_ablation,research_holdout,汽车配件,686,0.0071086846277295555,-0.001911718860877487,0.47667638483965014,16.74510401543153,-11.868546360809056,0.0060705296,1.4108807857654144
ridge_conditional_industry_ablation,research_holdout,IT设备,165,-0.005360045623988389,0.002970297029702973,0.5272727272727272,2.2728905755952695,-3.157298103553354,0.00601476,0.719884692876249
ridge_conditional_industry_ablation,research_holdout,软件服务,535,0.0098706281797755,0.006172839506172645,0.5644859813084112,13.927891768342182,-8.647105692162292,0.005867476,1.610699841562753
ridge_conditional_industry_ablation,research_holdout,环境保护,351,0.020699586745212228,0.010196078431372602,0.5954415954415955,11.467290001194312,-4.20173505362482,0.005910682,2.7291796971590405
ridge_conditional_industry_ablation,research_holdout,半导体,76,-0.005050346876384743,-0.0028000309387021804,0.4473684210526316,1.323920902390923,-1.7077472649961636,0.0057865074,0.7752440478327437
ridge_conditional_industry_ablation,research_holdout,电气设备,438,0.010440191540320509,0.007946102473129546,0.5730593607305936,11.232985161298442,-6.660181266638061,0.0059223142,1.6865885043649347
ridge_conditional_industry_ablation,research_holdout,电器仪表,195,0.018628413920548263,0.015960712093308738,0.6307692307692307,5.718015850412145,-2.085475135905234,0.0058443253,2.7418288292994437
ridge_conditional_industry_ablation,research_holdout,塑料,132,0.01679262404622881,0.014773610442686547,0.6363636363636364,4.010410909072625,-1.793784534970422,0.006032055,2.2357261036029357
ridge_conditional_industry_ablation,research_holdout,矿物制品,15,0.03147118484370314,0.01821493624772308,0.6666666666666666,0.7023640707878702,-0.2302962981323231,0.005969001,3.0498278803609233
ridge_conditional_industry_ablation,research_holdout,化学制药,99,0.009767684480605644,0.013280212483399723,0.6464646464646465,2.090415016718005,-1.123414253138046,0.0058377306,1.8607695343715147
ridge_conditional_industry_ablation,research_holdout,建筑工程,249,0.006842420246225151,0.0019723865877712132,0.5180722891566265,6.432547957215124,-4.728785315905061,0.006017697,1.3602960438021012
ridge_conditional_industry_ablation,research_holdout,中成药,74,0.005419357416940276,0.007302358788477958,0.5540540540540541,1.3277244983722718,-0.9266920495186913,0.0060035717,1.4327569758064398
ridge_conditional_industry_ablation,research_holdout,运输设备,5,0.025085879651235564,0.03300330033003296,0.6,0.2416429632145869,-0.11621356495840907,0.0058789006,2.0793008398035715
ridge_conditional_industry_ablation,research_holdout,小金属,70,0.010874643529931406,0.00030317262954770996,0.5,2.2709546775967437,-1.5097296305015457,0.0060387305,1.504212828387234
ridge_conditional_industry_ablation,research_holdout,机械基件,295,0.014649390162947426,0.0017899761336512832,0.5322033898305085,8.856056947608305,-4.5344868495388155,0.0059942845,1.9530450173229676
ridge_conditional_industry_ablation,research_holdout,食品,95,0.00015541314983425627,0.0009633911368014392,0.5263157894736842,1.4089914277477615,-1.394227178513507,0.005999334,1.010589557757722
ridge_conditional_industry_ablation,research_holdout,家用电器,406,0.005407849944847632,-0.0020542377839125048,0.47044334975369456,8.188556139468663,-5.992969061860526,0.006092393,1.3663604892574754
ridge_conditional_industry_ablation,research_holdout,UNKNOWN,29,0.0675573441823921,0.0588235294117645,0.6551724137931034,2.26736495690938,-0.3082019756200085,0.005923947,7.356750236101284
ridge_conditional_industry_ablation,research_holdout,互联网,20,-0.02332223944877221,-0.0286562327025357,0.35,0.4322601303915121,-0.8987049193669563,0.0057072947,0.48098115530066776
ridge_conditional_industry_ablation,research_holdout,家居用品,32,0.001263901244525821,-0.00031171273138852484,0.5,0.7275487829441893,-0.6871039431193631,0.0058442354,1.0588627677512836
ridge_conditional_industry_ablation,research_holdout,全国地产,2,-0.004770387965162326,-0.004770387965162326,0.5,0.0071258907363420665,-0.01666666666666672,0.005566095,0.42755344418052266
ridge_conditional_industry_ablation,research_holdout,染料涂料,8,0.014803432240549669,0.012442203134759522,0.875,0.12398301347995289,-0.005555555555555536,0.005701127,22.3169424263916
ridge_conditional_industry_ablation,research_holdout,服饰,1,0.20181405895691595,0.20181405895691595,1.0,0.20181405895691595,0.0,0.0056475336,
ridge_conditional_industry_ablation,research_holdout,林业,1,0.025316455696202445,0.025316455696202445,1.0,0.025316455696202445,0.0,0.0056476877,
ridge_conditional_industry_ablation,research_holdout,饲料,5,0.026568922602917034,-0.02896995708154504,0.4,0.28218858584416173,-0.14934397282957657,0.0058567408,1.889521086774492
ridge_conditional_industry_ablation,research_holdout,铝,1,0.021608643457383003,0.021608643457383003,1.0,0.021608643457383003,0.0,0.005557348,
ridge_conditional_industry_ablation,research_holdout,供气供热,2,0.0282329800295672,0.0282329800295672,1.0,0.0564659600591344,0.0,0.005507921,
ridge_conditional_industry_ablation,research_holdout,化纤,5,0.01871542493039129,-0.005826050769870972,0.4,0.1826414235049214,-0.08906429885296496,0.0056222253,2.050669301359927
ridge_conditional_industry_ablation,research_holdout,航空,12,0.0008019964660340625,0.010516821821680122,0.5833333333333334,0.3577538849748252,-0.34812992738241644,0.0059970324,1.0276447292675213
ridge_conditional_industry_ablation,research_holdout,农业综合,78,-0.006934336152218616,-0.005231469384200049,0.44871794871794873,1.2464450914790033,-1.7873233113520552,0.0061548627,0.6973808731538929
ridge_conditional_industry_ablation,research_holdout,机床制造,14,-0.017683429104434427,-0.011343608758417278,0.35714285714285715,0.06047546916859692,-0.3080434766306789,0.0062306076,0.19632121358344
ridge_conditional_industry_ablation,research_holdout,仓储物流,2,0.01627965667294451,0.01627965667294451,1.0,0.03255931334588902,0.0,0.0056424923,
ridge_conditional_industry_ablation,research_holdout,农药化肥,14,-0.017631492233698,-0.014179031137034004,0.5,0.1008337374684054,-0.3476746287401774,0.0059244246,0.29002328364822966
ridge_conditional_industry_ablation,research_holdout,广告包装,21,0.003947212594645853,0.00920810313075493,0.5238095238095238,0.46075985985953016,-0.37786839537196726,0.0061534666,1.2193659631310683
ridge_conditional_industry_ablation,research_holdout,汽车整车,1,0.03748828491096545,0.03748828491096545,1.0,0.03748828491096545,0.0,0.0057329154,
ridge_conditional_industry_ablation,research_holdout,橡胶,1,0.07177033492822993,0.07177033492822993,1.0,0.07177033492822993,0.0,0.0060802447,
ridge_conditional_industry_ablation,research_holdout,纺织,1,-0.048046699595868825,-0.048046699595868825,0.0,0.0,-0.048046699595868825,0.0060994877,0.0
ridge_conditional_industry_ablation,research_holdout,摩托车,1,-0.04699309891554393,-0.04699309891554393,0.0,0.0,-0.04699309891554393,0.006226609,0.0
